AGE;MATI;JML_DEPLESI;CUM_DEPLESI_%;STD_CUM_DEPLESI_%;PAKAN_STD_ZAK;PAKAN_STD_GR/EK;PAKAN_STD_CUM_GR/EK;PAKAN_ACT_ZAK;PAKAN_ACT_CUM_ZAK;PAKAN_ACT_GR/EK;PAKAN_CUM_GR/EK;DELTA_PAKAN_ZAK;DELTA_PAKAN_GR/EKOR;DELTA_PAKAN_CUM_GR/EKOK;ABW_STD;DG_STD;ABW_ACT;DG_ACT;DELTA_ABW;DELTA_DG;FCR_STD;FCR_ACT;DELTA_FCR;IP_STD;IP_ACT;SUHU_MIN;SUHU_MAX;KELEMBABAN;JUMLAH_AYAM_AKHIR;JUMLAH_AYAM_AWAL;PERIODE;FCR_ACT_lag_1;FCR_ACT_lag_2;FCR_ACT_lag_3;FCR_ACT_lag_7;FCR_ACT_lag_14;PAKAN_ACT_GR/EK_lag_1;PAKAN_ACT_GR/EK_lag_2;PAKAN_ACT_GR/EK_lag_3;PAKAN_ACT_GR/EK_lag_7;PAKAN_ACT_GR/EK_lag_14;DG_ACT_lag_1;DG_ACT_lag_2;DG_ACT_lag_3;DG_ACT_lag_7;DG_ACT_lag_14;SUHU_MAX_lag_1;SUHU_MAX_lag_2;SUHU_MAX_lag_3;SUHU_MAX_lag_7;SUHU_MAX_lag_14;SUHU_MIN_lag_1;SUHU_MIN_lag_2;SUHU_MIN_lag_3;SUHU_MIN_lag_7;SUHU_MIN_lag_14;KELEMBABAN_lag_1;KELEMBABAN_lag_2;KELEMBABAN_lag_3;KELEMBABAN_lag_7;KELEMBABAN_lag_14;MATI_lag_1;MATI_lag_2;MATI_lag_3;MATI_lag_7;MATI_lag_14;JML_DEPLESI_lag_1;JML_DEPLESI_lag_2;JML_DEPLESI_lag_3;JML_DEPLESI_lag_7;JML_DEPLESI_lag_14;PAKAN_ACT_GR/EK_rolling_mean_3;PAKAN_ACT_GR/EK_rolling_std_3;PAKAN_ACT_GR/EK_rolling_min_3;PAKAN_ACT_GR/EK_rolling_max_3;PAKAN_ACT_GR/EK_rolling_mean_7;PAKAN_ACT_GR/EK_rolling_std_7;PAKAN_ACT_GR/EK_rolling_min_7;PAKAN_ACT_GR/EK_rolling_max_7;PAKAN_ACT_GR/EK_rolling_mean_14;PAKAN_ACT_GR/EK_rolling_std_14;PAKAN_ACT_GR/EK_rolling_min_14;PAKAN_ACT_GR/EK_rolling_max_14;DG_ACT_rolling_mean_3;DG_ACT_rolling_std_3;DG_ACT_rolling_min_3;DG_ACT_rolling_max_3;DG_ACT_rolling_mean_7;DG_ACT_rolling_std_7;DG_ACT_rolling_min_7;DG_ACT_rolling_max_7;DG_ACT_rolling_mean_14;DG_ACT_rolling_std_14;DG_ACT_rolling_min_14;DG_ACT_rolling_max_14;PAKAN_DG_RATIO;SUHU_KELEMBABAN_INTERACTION;STRESS_INDEX;PAKAN_ACT_GR/EK_momentum_1;PAKAN_ACT_GR/EK_acceleration;DG_ACT_momentum_1;DG_ACT_acceleration;HEALTH_STATUS_SCORE
1;16;16;0.09;0.1;6.5;18;18;10;10;28.0;28.0;3.5;10;10;56;14;65.0;22;9;8;0.321;0.428;0.107;0;0;30;32;65;17984;18000;1;0.428;0.428;0.428;0.428;0.428;28.0;28.0;28.0;28.0;28.0;22.0;22.0;22.0;22.0;22.0;32.0;32.0;32.0;32.0;32.0;30.0;30.0;30.0;30.0;30.0;65.0;65.0;65.0;65.0;65.0;16.0;16.0;16.0;16.0;16.0;16.0;16.0;16.0;16.0;16.0;28.0;4.243;28.0;28.0;28.0;4.243;28.0;28.0;28.0;4.243;28.0;28.0;22.0;2.121;22.0;22.0;22.0;2.121;22.0;22.0;22.0;2.121;22.0;22.0;1.273;2080;130;-6.0;17.0;-3.0;5.0;11.2
2;15;31;0.17;0.23;7.9;22;40;8;18;22.0;50.0;0.1;0;10;73;17;84.0;19;11;2;0.549;0.593;0.044;0;0;30;32;65;17969;18000;1;0.428;0.428;0.428;0.428;0.428;28.0;28.0;28.0;28.0;28.0;22.0;22.0;22.0;22.0;22.0;32.0;32.0;32.0;32.0;32.0;30.0;30.0;30.0;30.0;30.0;65.0;65.0;65.0;65.0;65.0;16.0;16.0;16.0;16.0;16.0;16.0;16.0;16.0;16.0;16.0;25.0;4.243;22.0;28.0;25.0;4.243;22.0;28.0;25.0;4.243;22.0;28.0;20.5;2.121;19.0;22.0;20.5;2.121;19.0;22.0;20.5;2.121;19.0;22.0;1.158;2080;130;-6.0;17.0;-3.0;5.0;13.7
3;6;37;0.21;0.36;9.4;26;66;12;30;33.0;83.0;2.6;7;17;94;20;105.0;21;11;1;0.711;0.794;0.083;0;0;30;32;65;17963;18000;1;0.593;0.428;0.428;0.428;0.428;22.0;28.0;28.0;28.0;28.0;19.0;22.0;22.0;22.0;22.0;32.0;32.0;32.0;32.0;32.0;30.0;30.0;30.0;30.0;30.0;65.0;65.0;65.0;65.0;65.0;15.0;16.0;16.0;16.0;16.0;31.0;16.0;16.0;16.0;16.0;27.667;5.508;22.0;33.0;27.667;5.508;22.0;33.0;27.667;5.508;22.0;33.0;20.667;1.528;19.0;22.0;20.667;1.528;19.0;22.0;20.667;1.528;19.0;22.0;1.571;2080;130;11.0;17.0;2.0;5.0;10.4
4;16;53;0.29;0.49;10.8;30;96;14;44;39.0;122.0;3.2;9;26;117;24;135.0;30;18;6;0.826;0.909;0.083;0;0;30;32;65;17947;18000;1;0.794;0.593;0.428;0.428;0.428;33.0;22.0;28.0;28.0;28.0;21.0;19.0;22.0;22.0;22.0;32.0;32.0;32.0;32.0;32.0;30.0;30.0;30.0;30.0;30.0;65.0;65.0;65.0;65.0;65.0;6.0;15.0;16.0;16.0;16.0;37.0;31.0;16.0;16.0;16.0;31.333;8.622;22.0;39.0;30.5;7.234;22.0;39.0;30.5;7.234;22.0;39.0;23.333;5.859;19.0;30.0;23.0;4.83;19.0;30.0;23.0;4.83;19.0;30.0;1.3;2080;130;6.0;-5.0;9.0;7.0;18.6
5;10;63;0.35;0.62;12.2;34;131;12;56;33.0;156.0;-0.2;-1;25;144;27;175.0;40;31;13;0.914;0.891;-0.023;0;0;30;32;65;17937;18000;1;0.909;0.794;0.593;0.428;0.428;39.0;33.0;22.0;28.0;28.0;30.0;21.0;19.0;22.0;22.0;32.0;32.0;32.0;32.0;32.0;30.0;30.0;30.0;30.0;30.0;65.0;65.0;65.0;65.0;65.0;16.0;6.0;15.0;16.0;16.0;53.0;37.0;31.0;16.0;16.0;35.0;3.464;33.0;39.0;31.0;6.364;22.0;39.0;31.0;6.364;22.0;39.0;30.333;9.504;21.0;40.0;26.4;8.678;19.0;40.0;26.4;8.678;19.0;40.0;0.825;2080;130;-6.0;-12.0;10.0;1.0;17.6
6;10;73;0.41;0.75;13.7;38;170;14;70;39.0;194.0;0.3;1;24;174;30;202.0;28;28;-3;0.979;0.963;-0.016;0;0;30;32;65;17927;18000;1;0.891;0.909;0.794;0.428;0.428;33.0;39.0;33.0;28.0;28.0;40.0;30.0;21.0;22.0;22.0;32.0;32.0;32.0;32.0;32.0;30.0;30.0;30.0;30.0;30.0;65.0;65.0;65.0;65.0;65.0;10.0;16.0;6.0;16.0;16.0;63.0;53.0;37.0;16.0;16.0;37.0;3.464;33.0;39.0;32.333;6.563;22.0;39.0;32.333;6.563;22.0;39.0;32.667;6.429;28.0;40.0;26.667;7.789;19.0;40.0;26.667;7.789;19.0;40.0;1.393;2080;130;6.0;12.0;-12.0;-22.0;19.6
7;7;80;0.44;0.68;15.5;43;210;16;86;44.0;239.0;0.5;1;29;205;33;227.0;25;22;-8;1.029;1.052;0.023;270;305;30;32;65;17920;18000;1;0.963;0.891;0.909;0.428;0.428;39.0;33.0;39.0;28.0;28.0;28.0;40.0;30.0;22.0;22.0;32.0;32.0;32.0;32.0;32.0;30.0;30.0;30.0;30.0;30.0;65.0;65.0;65.0;65.0;65.0;10.0;10.0;16.0;16.0;16.0;73.0;63.0;53.0;16.0;16.0;38.667;5.508;33.0;44.0;34.0;7.439;22.0;44.0;34.0;7.439;22.0;44.0;31.0;7.937;25.0;40.0;26.429;7.138;19.0;40.0;26.429;7.138;19.0;40.0;1.76;2080;130;5.0;-1.0;-3.0;9.0;19.5
8;8;88;0.49;1.01;16.2;45;260;16;102;44.0;283.0;-0.2;-1;23;244;37;260.0;33;16;-4;1.068;1.09;0.022;268;295;28;30;60;17912;18000;1;1.052;0.963;0.891;0.428;0.428;44.0;39.0;33.0;28.0;28.0;25.0;28.0;40.0;22.0;22.0;32.0;32.0;32.0;32.0;32.0;30.0;30.0;30.0;30.0;30.0;65.0;65.0;65.0;65.0;65.0;7.0;10.0;10.0;16.0;16.0;80.0;73.0;63.0;16.0;16.0;42.333;2.887;39.0;44.0;36.286;7.74;22.0;44.0;35.25;7.741;22.0;44.0;28.667;4.041;25.0;33.0;28.0;7.211;19.0;40.0;27.25;7.005;19.0;40.0;1.333;1800;120;0.0;-5.0;8.0;11.0;21.6
9;10;98;0.54;1.14;19.1;53;312;19;121;53.0;336.0;-0.1;0;24;285;41;306.0;46;21;5;1.099;1.098;-0.001;274;306;28;30;60;17902;18000;1;1.09;1.052;0.963;0.593;0.428;44.0;44.0;39.0;22.0;28.0;33.0;25.0;28.0;19.0;22.0;30.0;32.0;32.0;32.0;32.0;28.0;30.0;30.0;30.0;30.0;60.0;65.0;65.0;65.0;65.0;8.0;7.0;10.0;15.0;16.0;88.0;80.0;73.0;31.0;16.0;47.0;5.196;44.0;53.0;40.714;7.041;33.0;53.0;37.222;9.351;22.0;53.0;34.667;10.599;25.0;46.0;31.857;8.668;21.0;46.0;29.333;9.055;19.0;46.0;1.152;1800;120;9.0;9.0;13.0;5.0;24.6
10;6;104;0.58;1.27;20.2;56;372;20;141;56.0;392.0;-0.2;0;20;330;45;340.0;34;10;-11;1.129;1.152;0.023;281;292;28;30;60;17896;18000;1;1.098;1.09;1.052;0.794;0.428;53.0;44.0;44.0;33.0;28.0;46.0;33.0;25.0;21.0;22.0;30.0;30.0;32.0;32.0;32.0;28.0;28.0;30.0;30.0;30.0;60.0;60.0;65.0;65.0;65.0;10.0;8.0;7.0;6.0;16.0;98.0;88.0;80.0;37.0;16.0;51.0;6.245;44.0;56.0;44.0;8.124;33.0;56.0;39.1;10.63;22.0;56.0;37.667;7.234;33.0;46.0;33.714;7.228;25.0;46.0;29.8;8.664;19.0;46.0;1.647;1800;120;3.0;-6.0;-12.0;-25.0;23.8
11;7;111;0.62;1.4;22.7;63;435;21;162;58.0;450.0;-1.7;-5;15;380;49;396.0;56;16;7;1.149;1.138;-0.011;289;312;28;30;60;17889;18000;1;1.152;1.098;1.09;0.909;0.428;56.0;53.0;44.0;39.0;28.0;34.0;46.0;33.0;30.0;22.0;30.0;30.0;30.0;32.0;32.0;28.0;28.0;28.0;30.0;30.0;60.0;60.0;60.0;65.0;65.0;6.0;10.0;8.0;16.0;16.0;104.0;98.0;88.0;53.0;16.0;55.667;2.517;53.0;58.0;46.714;9.268;33.0;58.0;40.818;11.583;22.0;58.0;45.333;11.015;34.0;56.0;37.429;10.799;25.0;56.0;32.182;11.4;19.0;56.0;1.036;1800;120;2.0;-1.0;22.0;34.0;25.7
12;9;120;0.67;1.53;24.5;68;506;24;186;67.0;517.0;-0.5;-1;11;434;54;446.0;51;12;-4;1.169;1.158;-0.011;297;317;28;30;60;17880;18000;1;1.138;1.152;1.098;0.891;0.428;58.0;56.0;53.0;33.0;28.0;56.0;34.0;46.0;40.0;22.0;30.0;30.0;30.0;32.0;32.0;28.0;28.0;28.0;30.0;30.0;60.0;60.0;60.0;65.0;65.0;7.0;6.0;10.0;10.0;16.0;111.0;104.0;98.0;63.0;16.0;60.333;5.859;56.0;67.0;51.571;9.778;39.0;67.0;43.0;13.382;22.0;67.0;47.0;11.533;34.0;56.0;39.0;11.972;25.0;56.0;33.75;12.152;19.0;56.0;1.314;1800;120;9.0;7.0;-5.0;-27.0;28.5
13;6;126;0.7;1.68;26.3;73;584;26;212;72.0;589.0;-0.3;-1;5;492;56;500.0;54;8;-2;1.186;1.178;-0.008;305;322;28;30;60;17874;18000;1;1.158;1.138;1.152;0.963;0.428;67.0;58.0;56.0;39.0;28.0;51.0;56.0;34.0;28.0;22.0;30.0;30.0;30.0;32.0;32.0;28.0;28.0;28.0;30.0;30.0;60.0;60.0;60.0;65.0;65.0;9.0;7.0;6.0;10.0;16.0;120.0;111.0;104.0;73.0;16.0;65.667;7.095;58.0;72.0;56.286;10.626;44.0;72.0;45.231;15.128;22.0;72.0;53.667;2.517;51.0;56.0;42.714;12.024;25.0;56.0;35.308;12.919;19.0;56.0;1.333;1800;120;5.0;-4.0;3.0;8.0;28.2
14;5;131;0.73;1.79;28.1;78;668;28;240;78.0;667.0;-0.1;0;-1;553;61;569.0;69;16;8;1.208;1.172;-0.036;313;342;28;30;60;17869;18000;1;1.178;1.158;1.138;1.052;0.428;72.0;67.0;58.0;44.0;28.0;54.0;51.0;56.0;25.0;22.0;30.0;30.0;30.0;32.0;32.0;28.0;28.0;28.0;30.0;30.0;60.0;60.0;60.0;65.0;65.0;6.0;9.0;7.0;7.0;16.0;126.0;120.0;111.0;80.0;16.0;72.333;5.508;67.0;78.0;61.143;11.782;44.0;78.0;47.571;16.969;22.0;78.0;58.0;9.644;51.0;69.0;49.0;12.702;33.0;69.0;37.714;15.334;19.0;69.0;1.13;1800;120;6.0;1.0;15.0;12.0;28.7
15;4;135;0.75;1.92;30.2;84;752;31;271;86.0;753.0;0.8;2;1;618;65;632.0;63;14;-2;1.219;1.191;-0.028;320;348;26;28;55;17865;18000;1;1.172;1.178;1.158;1.09;0.428;78.0;72.0;67.0;44.0;28.0;69.0;54.0;51.0;33.0;22.0;30.0;30.0;30.0;30.0;32.0;28.0;28.0;28.0;28.0;30.0;60.0;60.0;60.0;60.0;65.0;5.0;6.0;9.0;8.0;16.0;131.0;126.0;120.0;88.0;16.0;78.667;7.024;72.0;86.0;67.143;12.28;53.0;86.0;51.714;18.804;22.0;86.0;62.0;7.55;54.0;69.0;53.286;11.398;34.0;69.0;40.643;16.003;19.0;69.0;1.365;1540;110;8.0;2.0;-6.0;-21.0;29.0
16;7;142;0.79;2.06;32.4;90;841;32;303;89.0;842.0;-0.4;-1;1;685;68;702.0;70;17;2;1.229;1.199;-0.03;327;360;26;28;55;17858;18000;1;1.191;1.172;1.178;1.098;0.593;86.0;78.0;72.0;53.0;22.0;63.0;69.0;54.0;46.0;19.0;28.0;30.0;30.0;30.0;32.0;26.0;28.0;28.0;28.0;30.0;55.0;60.0;60.0;60.0;65.0;4.0;5.0;6.0;10.0;15.0;135.0;131.0;126.0;98.0;31.0;84.333;5.686;78.0;89.0;72.286;12.893;56.0;89.0;56.5;19.182;33.0;89.0;67.333;3.786;63.0;70.0;56.714;12.406;34.0;70.0;44.286;16.494;21.0;70.0;1.271;1540;110;3.0;-5.0;7.0;13.0;31.9
17;7;149;0.83;2.18;34.6;96;936;36;339;100.0;942.0;1.4;4;6;756;71;773.0;71;17;0;1.239;1.218;-0.021;334;367;26;28;55;17851;18000;1;1.199;1.191;1.172;1.152;0.794;89.0;86.0;78.0;56.0;33.0;70.0;63.0;69.0;34.0;21.0;28.0;28.0;30.0;30.0;32.0;26.0;26.0;28.0;28.0;30.0;55.0;55.0;60.0;60.0;65.0;7.0;4.0;5.0;6.0;6.0;142.0;135.0;131.0;104.0;37.0;91.667;7.371;86.0;100.0;78.571;14.281;58.0;100.0;61.286;21.128;33.0;100.0;68.0;4.359;63.0;71.0;62.0;8.327;51.0;71.0;47.857;16.478;25.0;71.0;1.408;1540;110;11.0;8.0;1.0;-6.0;33.3
18;15;164;0.91;2.31;36.7;102;1036;36;375;100.0;1042.0;-0.7;-2;6;830;74;865.0;92;35;18;1.249;1.204;-0.045;343;392;26;28;55;17836;18000;1;1.218;1.199;1.191;1.138;0.909;100.0;89.0;86.0;58.0;39.0;71.0;70.0;63.0;56.0;30.0;28.0;28.0;28.0;30.0;32.0;26.0;26.0;26.0;28.0;30.0;55.0;55.0;55.0;60.0;65.0;7.0;7.0;4.0;7.0;16.0;149.0;142.0;135.0;111.0;53.0;96.333;6.351;89.0;100.0;84.571;12.96;67.0;100.0;65.643;22.428;33.0;100.0;77.667;12.423;70.0;92.0;67.143;13.508;51.0;92.0;52.286;19.384;25.0;92.0;1.087;1540;110;0.0;-11.0;21.0;20.0;40.3
19;5;169;0.94;2.44;38.2;106;1142;39;414;108.0;1150.0;0.8;2;8;908;77;939.0;74;31;-3;1.259;1.225;-0.034;378;396;26;28;55;17831;18000;1;1.204;1.218;1.199;1.158;0.891;100.0;100.0;89.0;67.0;33.0;92.0;71.0;70.0;51.0;40.0;28.0;28.0;28.0;30.0;32.0;26.0;26.0;26.0;28.0;30.0;55.0;55.0;55.0;60.0;65.0;15.0;7.0;7.0;9.0;10.0;164.0;149.0;142.0;120.0;63.0;102.667;4.619;100.0;108.0;90.429;12.96;72.0;108.0;71.0;22.982;39.0;108.0;79.0;11.358;71.0;92.0;70.429;11.588;54.0;92.0;54.714;19.851;25.0;92.0;1.459;1540;110;8.0;8.0;-18.0;-39.0;36.3
20;8;177;0.98;2.57;41.0;114;1256;41;455;114.0;1264.0;0.0;0;8;967;80;1025.0;86;58;6;1.272;1.233;-0.039;383;407;26;28;55;17823;18000;1;1.225;1.204;1.218;1.178;0.963;108.0;100.0;100.0;72.0;39.0;74.0;92.0;71.0;54.0;28.0;28.0;28.0;28.0;30.0;32.0;26.0;26.0;26.0;28.0;30.0;55.0;55.0;55.0;60.0;65.0;5.0;15.0;7.0;6.0;10.0;169.0;164.0;149.0;126.0;73.0;107.333;7.024;100.0;114.0;96.429;12.726;78.0;114.0;76.357;23.679;44.0;114.0;84.0;9.165;74.0;92.0;75.0;10.263;63.0;92.0;58.857;19.899;25.0;92.0;1.326;1540;110;6.0;-2.0;12.0;30.0;39.4
21;5;182;1.01;2.7;43.2;120;1382;43;498;119.0;1383.0;-0.2;-1;1;1069;82;1106.0;81;37;-1;1.294;1.251;-0.043;387;413;26;28;55;17818;18000;1;1.233;1.225;1.204;1.172;1.052;114.0;108.0;100.0;78.0;44.0;86.0;74.0;92.0;69.0;25.0;28.0;28.0;28.0;30.0;32.0;26.0;26.0;26.0;28.0;30.0;55.0;55.0;55.0;60.0;65.0;8.0;5.0;15.0;5.0;7.0;177.0;169.0;164.0;131.0;80.0;113.667;5.508;108.0;119.0;102.286;12.257;86.0;119.0;81.714;24.272;44.0;119.0;80.333;6.028;74.0;86.0;76.714;10.095;63.0;92.0;62.857;18.119;33.0;92.0;1.469;1540;110;5.0;-1.0;-5.0;-17.0;38.9
22;9;191;1.06;2.83;45.4;126;1517;46;544;128.0;1511.0;0.6;2;-6;1153;84;1222.0;116;69;32;1.137;1.237;0.1;391;440;24;26;50;17809;18000;1;1.251;1.233;1.225;1.191;1.09;119.0;114.0;108.0;86.0;44.0;81.0;86.0;74.0;63.0;33.0;28.0;28.0;28.0;28.0;30.0;26.0;26.0;26.0;26.0;28.0;55.0;55.0;55.0;55.0;60.0;5.0;8.0;5.0;4.0;8.0;182.0;177.0;169.0;135.0;88.0;120.333;7.095;114.0;128.0;108.286;13.2;89.0;128.0;87.714;24.612;53.0;128.0;94.333;18.93;81.0;116.0;84.286;16.153;70.0;116.0;68.786;20.955;34.0;116.0;1.103;1300;100;9.0;4.0;35.0;40.0;42.7
23;12;203;1.13;2.96;47.5;132;1656;49;593;136.0;1647.0;1.5;4;-9;1239;86;1328.0;106;89;20;1.337;1.24;-0.097;394;455;24;26;50;17797;18000;1;1.237;1.251;1.233;1.199;1.098;128.0;119.0;114.0;89.0;53.0;116.0;81.0;86.0;70.0;46.0;26.0;28.0;28.0;28.0;30.0;24.0;26.0;26.0;26.0;28.0;50.0;55.0;55.0;55.0;60.0;9.0;5.0;8.0;7.0;10.0;191.0;182.0;177.0;142.0;98.0;127.667;8.505;119.0;136.0;115.0;13.699;100.0;136.0;93.643;25.584;56.0;136.0;101.0;18.028;81.0;116.0;89.429;16.572;71.0;116.0;73.071;22.044;34.0;116.0;1.283;1300;100;8.0;-1.0;-10.0;-45.0;46.6
24;8;211;1.17;3.09;49.7;138;1803;50;643;139.0;1786.0;0.3;1;-17;1327;88;1419.0;91;92;3;1.36;1.259;-0.101;397;459;24;26;50;17789;18000;1;1.24;1.237;1.251;1.218;1.152;136.0;128.0;119.0;100.0;56.0;106.0;116.0;81.0;71.0;34.0;26.0;26.0;28.0;28.0;30.0;24.0;24.0;26.0;26.0;28.0;50.0;50.0;55.0;55.0;60.0;12.0;9.0;5.0;7.0;6.0;203.0;191.0;182.0;149.0;104.0;134.333;5.686;128.0;139.0;120.571;14.49;100.0;139.0;99.571;25.806;58.0;139.0;104.333;12.583;91.0;116.0;92.286;14.454;74.0;116.0;77.143;19.374;51.0;116.0;1.527;1300;100;3.0;-5.0;-15.0;-5.0;46.2
25;4;215;1.19;3.22;51.8;144;1958;52;695;144.0;1931.0;0.2;0;-27;1418;90;1512.0;93;94;3;1.382;1.277;-0.105;400;462;24;26;50;17785;18000;1;1.259;1.24;1.237;1.204;1.138;139.0;136.0;128.0;100.0;58.0;91.0;106.0;116.0;92.0;56.0;26.0;26.0;26.0;28.0;30.0;24.0;24.0;24.0;26.0;28.0;50.0;50.0;50.0;55.0;60.0;8.0;12.0;9.0;15.0;7.0;211.0;203.0;191.0;164.0;111.0;139.667;4.041;136.0;144.0;126.857;13.594;108.0;144.0;105.714;25.381;67.0;144.0;96.667;8.145;91.0;106.0;92.429;14.455;74.0;116.0;79.786;18.783;51.0;116.0;1.548;1300;100;5.0;2.0;2.0;17.0;45.0
26;6;221;1.23;3.35;54.0;150;2120;54;749;150.0;2081.0;0.0;0;-39;1510;92;1594.0;82;84;-10;1.405;1.305;-0.1;402;458;24;26;50;17779;18000;1;1.277;1.259;1.24;1.225;1.158;144.0;139.0;136.0;108.0;67.0;93.0;91.0;106.0;74.0;51.0;26.0;26.0;26.0;28.0;30.0;24.0;24.0;24.0;26.0;28.0;50.0;50.0;50.0;55.0;60.0;4.0;8.0;12.0;5.0;9.0;215.0;211.0;203.0;169.0;120.0;144.333;5.508;139.0;150.0;132.857;13.146;114.0;150.0;111.643;25.337;72.0;150.0;88.667;5.859;82.0;93.0;93.571;12.998;81.0;116.0;82.0;16.857;54.0;116.0;1.829;1300;100;6.0;1.0;-11.0;-13.0;47.2
27;11;232;1.29;3.4;56.2;156;2285;56;805;156.0;2236.0;-0.2;0;-49;1604;94;1719.0;125;115;31;1.426;1.301;-0.125;404;477;24;26;50;17768;18000;1;1.305;1.277;1.259;1.233;1.178;150.0;144.0;139.0;114.0;72.0;82.0;93.0;91.0;86.0;54.0;26.0;26.0;26.0;28.0;30.0;24.0;24.0;24.0;26.0;28.0;50.0;50.0;50.0;55.0;60.0;6.0;4.0;8.0;8.0;6.0;221.0;215.0;211.0;177.0;126.0;150.0;6.0;144.0;156.0;138.857;12.681;119.0;156.0;117.643;25.172;78.0;156.0;100.0;22.338;82.0;125.0;99.143;16.965;81.0;125.0;87.071;18.395;63.0;125.0;1.248;1300;100;6.0;0.0;43.0;54.0;51.9
28;8;240;1.33;3.61;58.3;162;2455;57;862;158.0;2394.0;-1.3;-4;-61;1698;95;1778.0;59;80;-36;1.446;1.347;-0.099;405;459;24;26;50;17760;18000;1;1.301;1.305;1.277;1.251;1.172;156.0;150.0;144.0;119.0;78.0;125.0;82.0;93.0;81.0;69.0;26.0;26.0;26.0;28.0;30.0;24.0;24.0;24.0;26.0;28.0;50.0;50.0;50.0;55.0;60.0;11.0;6.0;4.0;5.0;5.0;232.0;221.0;215.0;182.0;131.0;154.667;4.163;150.0;158.0;144.429;10.952;128.0;158.0;123.357;24.553;86.0;158.0;88.667;33.501;59.0;125.0;96.0;22.136;59.0;125.0;86.357;19.322;59.0;125.0;2.678;1300;100;2.0;-4.0;-66.0;-109.0;52.0
29;8;248;1.38;3.74;60.5;168;2635;59;921;164.0;2558.0;-1.5;-4;-77;1794;96;1836.0;58;42;-38;1.47;1.393;-0.077;406;442;24;26;50;17752;18000;1;1.347;1.301;1.305;1.237;1.191;158.0;156.0;150.0;128.0;86.0;59.0;125.0;82.0;116.0;63.0;26.0;26.0;26.0;26.0;28.0;24.0;24.0;24.0;24.0;26.0;50.0;50.0;50.0;50.0;55.0;8.0;11.0;6.0;9.0;4.0;240.0;232.0;221.0;191.0;135.0;159.333;4.163;156.0;164.0;149.571;10.39;136.0;164.0;128.929;24.272;89.0;164.0;80.667;38.397;58.0;125.0;87.714;24.164;58.0;125.0;86.0;19.826;58.0;125.0;2.828;1300;100;6.0;4.0;-1.0;65.0;53.6
30;10;258;1.43;3.87;62.3;173;2818;61;982;169.0;2728.0;-1.3;-4;-90;1891;97;1919.0;83;28;-14;1.491;1.421;-0.07;407;437;24;26;50;17742;18000;1;1.393;1.347;1.301;1.24;1.199;164.0;158.0;156.0;136.0;89.0;58.0;59.0;125.0;106.0;70.0;26.0;26.0;26.0;26.0;28.0;24.0;24.0;24.0;24.0;26.0;50.0;50.0;50.0;50.0;55.0;8.0;8.0;11.0;12.0;7.0;248.0;240.0;232.0;203.0;142.0;163.667;5.508;158.0;169.0;154.286;10.688;139.0;169.0;134.643;23.556;100.0;169.0;66.667;14.154;58.0;83.0;84.429;22.788;58.0;125.0;86.929;19.317;58.0;125.0;2.036;1300;100;5.0;-1.0;25.0;26.0;56.6
31;8;266;1.48;4.0;64.1;178;3004;63;1045;175.0;2903.0;-1.1;-3;-101;1989;98;2031.0;112;42;14;1.511;1.429;-0.082;408;445;24;26;50;17734;18000;1;1.421;1.393;1.347;1.259;1.218;169.0;164.0;158.0;139.0;100.0;83.0;58.0;59.0;91.0;71.0;26.0;26.0;26.0;26.0;28.0;24.0;24.0;24.0;24.0;26.0;50.0;50.0;50.0;50.0;55.0;10.0;8.0;8.0;8.0;7.0;258.0;248.0;240.0;211.0;149.0;169.333;5.508;164.0;175.0;159.429;10.768;144.0;175.0;140.0;23.599;100.0;175.0;84.333;27.025;58.0;112.0;87.429;25.066;58.0;125.0;89.857;19.818;58.0;125.0;1.562;1300;100;6.0;1.0;29.0;4.0;57.2
32;8;274;1.52;4.13;65.9;183;3201;64;1109;178.0;3081.0;-1.9;-5;-120;2087;99;2167.0;136;80;37;1.534;1.422;-0.112;408;453;24;26;50;17726;18000;1;1.429;1.421;1.393;1.277;1.204;175.0;169.0;164.0;144.0;100.0;112.0;83.0;58.0;93.0;92.0;26.0;26.0;26.0;26.0;28.0;24.0;24.0;24.0;24.0;26.0;50.0;50.0;50.0;50.0;55.0;8.0;10.0;8.0;4.0;15.0;266.0;258.0;248.0;215.0;164.0;174.0;4.583;169.0;178.0;164.286;10.307;150.0;178.0;145.571;22.616;108.0;178.0;110.333;26.539;83.0;136.0;93.571;31.181;58.0;136.0;93.0;23.357;58.0;136.0;1.309;1300;100;3.0;-3.0;24.0;-5.0;58.8
33;5;279;1.55;4.26;67.7;188;3403;65;1174;181.0;3261.0;-2.7;-7;-142;2187;100;2210.0;43;23;-57;1.556;1.476;-0.08;408;480;24;26;50;17721;18000;1;1.422;1.429;1.421;1.305;1.225;178.0;175.0;169.0;150.0;108.0;136.0;112.0;83.0;82.0;74.0;26.0;26.0;26.0;26.0;28.0;24.0;24.0;24.0;24.0;26.0;50.0;50.0;50.0;50.0;55.0;8.0;8.0;10.0;6.0;5.0;274.0;266.0;258.0;221.0;169.0;178.0;3.0;175.0;181.0;168.714;9.793;156.0;181.0;150.786;21.684;114.0;181.0;97.0;48.28;43.0;136.0;88.0;36.606;43.0;136.0;90.786;26.548;43.0;136.0;4.209;1300;100;3.0;0.0;-93.0;-117.0;58.3
34;15;294;1.63;4.39;69.5;193;3601;67;1241;186.0;3447.0;-2.5;-7;-154;2289;101;2379.0;169;90;68;1.578;1.449;-0.129;407;488;24;26;50;17706;18000;1;1.476;1.422;1.429;1.301;1.233;181.0;178.0;175.0;156.0;114.0;43.0;136.0;112.0;125.0;86.0;26.0;26.0;26.0;26.0;28.0;24.0;24.0;24.0;24.0;26.0;50.0;50.0;50.0;50.0;55.0;5.0;8.0;8.0;11.0;8.0;279.0;274.0;266.0;232.0;177.0;181.667;4.041;178.0;186.0;173.0;9.866;158.0;186.0;155.929;20.809;119.0;186.0;116.0;65.338;43.0;169.0;94.286;46.468;43.0;169.0;96.714;33.701;43.0;169.0;1.101;1300;100;5.0;2.0;126.0;219.0;66.3
35;10;304;1.69;4.52;71.3;198;3821;69;1310;192.0;3639.0;-2.3;-6;-182;2390;101;2465.0;86;75;-15;1.6;1.476;-0.124;406;477;24;26;50;17696;18000;1;1.449;1.476;1.422;1.347;1.251;186.0;181.0;178.0;158.0;119.0;169.0;43.0;136.0;59.0;81.0;26.0;26.0;26.0;26.0;28.0;24.0;24.0;24.0;24.0;26.0;50.0;50.0;50.0;50.0;55.0;15.0;5.0;8.0;8.0;5.0;294.0;279.0;274.0;240.0;182.0;186.333;5.508;181.0;192.0;177.857;9.616;164.0;192.0;161.143;19.973;128.0;192.0;99.333;64.049;43.0;169.0;98.143;44.111;43.0;169.0;97.071;33.548;43.0;169.0;2.233;1300;100;6.0;1.0;-83.0;-209.0;65.8
1;16;16;0.09;0.1;6.0;18;18;9;9;25.4;25.0;3.0;7;7;56;14;69.0;22;13;8;0.321;0.369;0.048;0;0;30;32;65;17684;17700;2;0.369;0.369;0.369;0.369;0.369;25.4;25.4;25.4;25.4;25.4;22.0;22.0;22.0;22.0;22.0;32.0;32.0;32.0;32.0;32.0;30.0;30.0;30.0;30.0;30.0;65.0;65.0;65.0;65.0;65.0;16.0;16.0;16.0;16.0;16.0;16.0;16.0;16.0;16.0;16.0;25.4;1.98;25.4;25.4;25.4;1.98;25.4;25.4;25.4;1.98;25.4;25.4;22.0;5.657;22.0;22.0;22.0;5.657;22.0;22.0;22.0;5.657;22.0;22.0;1.155;2080;130;-2.8;5.7;-8.0;10.0;11.2
2;17;33;0.19;0.23;8.0;22;40;8;17;22.6;48.0;0.0;1;8;73;17;83.0;14;10;-3;0.549;0.579;0.03;0;0;30;32;65;17667;17700;2;0.369;0.369;0.369;0.369;0.369;25.4;25.4;25.4;25.4;25.4;22.0;22.0;22.0;22.0;22.0;32.0;32.0;32.0;32.0;32.0;30.0;30.0;30.0;30.0;30.0;65.0;65.0;65.0;65.0;65.0;16.0;16.0;16.0;16.0;16.0;16.0;16.0;16.0;16.0;16.0;24.0;1.98;22.6;25.4;24.0;1.98;22.6;25.4;24.0;1.98;22.6;25.4;18.0;5.657;14.0;22.0;18.0;5.657;14.0;22.0;18.0;5.657;14.0;22.0;1.614;2080;130;-2.8;5.7;-8.0;10.0;15.1
3;11;44;0.25;0.36;9.0;26;66;9;26;25.5;74.0;0.0;-1;8;94;20;98.5;16;5;-5;0.711;0.747;0.036;0;0;30;32;65;17656;17700;2;0.579;0.369;0.369;0.369;0.369;22.6;25.4;25.4;25.4;25.4;14.0;22.0;22.0;22.0;22.0;32.0;32.0;32.0;32.0;32.0;30.0;30.0;30.0;30.0;30.0;65.0;65.0;65.0;65.0;65.0;17.0;16.0;16.0;16.0;16.0;33.0;16.0;16.0;16.0;16.0;24.5;1.646;22.6;25.5;24.5;1.646;22.6;25.5;24.5;1.646;22.6;25.5;17.333;4.163;14.0;22.0;17.333;4.163;14.0;22.0;17.333;4.163;14.0;22.0;1.594;2080;130;2.9;5.7;2.0;10.0;14.3
4;7;51;0.29;0.49;11.0;30;96;10;36;28.3;102.0;-1.0;-2;6;117;24;120.0;22;3;-3;0.826;0.849;0.023;0;0;30;32;65;17649;17700;2;0.747;0.579;0.369;0.369;0.369;25.5;22.6;25.4;25.4;25.4;16.0;14.0;22.0;22.0;22.0;32.0;32.0;32.0;32.0;32.0;30.0;30.0;30.0;30.0;30.0;65.0;65.0;65.0;65.0;65.0;11.0;17.0;16.0;16.0;16.0;44.0;33.0;16.0;16.0;16.0;25.467;2.85;22.6;28.3;25.45;2.327;22.6;28.3;25.45;2.327;22.6;28.3;17.333;4.163;14.0;22.0;18.5;4.123;14.0;22.0;18.5;4.123;14.0;22.0;1.286;2080;130;2.8;-0.1;6.0;4.0;13.7
5;8;59;0.33;0.62;12.0;34;131;12;48;34.0;136.0;0.0;0;5;144;27;144.0;24;0;-3;0.914;0.944;0.03;0;0;30;32;65;17641;17700;2;0.849;0.747;0.579;0.369;0.369;28.3;25.5;22.6;25.4;25.4;22.0;16.0;14.0;22.0;22.0;32.0;32.0;32.0;32.0;32.0;30.0;30.0;30.0;30.0;30.0;65.0;65.0;65.0;65.0;65.0;7.0;11.0;17.0;16.0;16.0;51.0;44.0;33.0;16.0;16.0;29.267;4.332;25.5;34.0;27.16;4.322;22.6;34.0;27.16;4.322;22.6;34.0;20.667;4.163;16.0;24.0;19.6;4.336;14.0;24.0;19.6;4.336;14.0;24.0;1.417;2080;130;5.7;2.9;2.0;-4.0;15.8
6;9;68;0.38;0.75;13.0;38;170;14;62;39.7;176.0;1.0;2;6;174;30;170.0;26;-4;-4;0.979;1.033;0.054;0;0;30;32;65;17632;17700;2;0.944;0.849;0.747;0.369;0.369;34.0;28.3;25.5;25.4;25.4;24.0;22.0;16.0;22.0;22.0;32.0;32.0;32.0;32.0;32.0;30.0;30.0;30.0;30.0;30.0;65.0;65.0;65.0;65.0;65.0;8.0;7.0;11.0;16.0;16.0;59.0;51.0;44.0;16.0;16.0;34.0;5.7;28.3;39.7;29.25;6.415;22.6;39.7;29.25;6.415;22.6;39.7;24.0;2.0;22.0;26.0;20.667;4.676;14.0;26.0;20.667;4.676;14.0;26.0;1.527;2080;130;5.7;0.0;2.0;0.0;18.1
7;6;74;0.42;0.68;15.0;43;210;15;77;42.6;218.0;0.0;0;8;205;33;197.0;27;-8;-6;1.029;1.107;0.078;270;253;30;32;65;17626;17700;2;1.033;0.944;0.849;0.369;0.369;39.7;34.0;28.3;25.4;25.4;26.0;24.0;22.0;22.0;22.0;32.0;32.0;32.0;32.0;32.0;30.0;30.0;30.0;30.0;30.0;65.0;65.0;65.0;65.0;65.0;9.0;8.0;7.0;16.0;16.0;68.0;59.0;51.0;16.0;16.0;38.767;4.375;34.0;42.6;31.157;7.73;22.6;42.6;31.157;7.73;22.6;42.6;25.667;1.528;24.0;27.0;21.571;4.894;14.0;27.0;21.571;4.894;14.0;27.0;1.578;2080;130;2.9;-2.8;1.0;-1.0;17.8
8;4;78;0.44;1.01;16.0;45;260;10;87;28.4;247.0;-6.0;-17;-13;244;37;230.5;34;-14;-4;1.068;1.07;0.002;268;268;28;30;60;17622;17700;2;1.107;1.033;0.944;0.369;0.369;42.6;39.7;34.0;25.4;25.4;27.0;26.0;24.0;22.0;22.0;32.0;32.0;32.0;32.0;32.0;30.0;30.0;30.0;30.0;30.0;65.0;65.0;65.0;65.0;65.0;6.0;9.0;8.0;16.0;16.0;74.0;68.0;59.0;16.0;16.0;36.9;7.503;28.4;42.6;31.586;7.435;22.6;42.6;30.812;7.223;22.6;42.6;29.0;4.359;26.0;34.0;23.286;6.8;14.0;34.0;23.125;6.312;14.0;34.0;0.835;1800;120;-14.2;-17.1;7.0;6.0;17.6
9;6;84;0.47;1.14;19.0;53;312;16;103;45.4;292.0;-3.0;-8;-20;285;41;274.0;44;-11;3;1.099;1.066;-0.033;274;284;28;30;60;17616;17700;2;1.07;1.107;1.033;0.579;0.369;28.4;42.6;39.7;22.6;25.4;34.0;27.0;26.0;14.0;22.0;30.0;32.0;32.0;32.0;32.0;28.0;30.0;30.0;30.0;30.0;60.0;65.0;65.0;65.0;65.0;4.0;6.0;9.0;17.0;16.0;78.0;74.0;68.0;33.0;16.0;38.8;9.115;28.4;45.4;34.843;7.827;25.5;45.4;32.433;8.324;22.6;45.4;35.0;8.544;27.0;44.0;27.571;9.053;16.0;44.0;25.444;9.126;14.0;44.0;1.032;1800;120;17.0;31.2;10.0;3.0;19.8
10;3;87;0.49;1.27;20.0;56;372;17;120;48.3;340.0;-3.0;-8;-32;330;45;312.0;38;-18;-7;1.129;1.09;-0.039;281;285;28;30;60;17613;17700;2;1.066;1.07;1.107;0.747;0.369;45.4;28.4;42.6;25.5;25.4;44.0;34.0;27.0;16.0;22.0;30.0;30.0;32.0;32.0;32.0;28.0;28.0;30.0;30.0;30.0;60.0;60.0;65.0;65.0;65.0;6.0;4.0;6.0;11.0;16.0;84.0;78.0;74.0;44.0;16.0;40.7;10.75;28.4;48.3;38.1;8.032;28.3;48.3;34.02;9.315;22.6;48.3;38.667;5.033;34.0;44.0;30.714;8.139;22.0;44.0;26.7;9.476;14.0;44.0;1.271;1800;120;2.9;-14.1;-6.0;-16.0;18.9
11;10;97;0.55;1.4;22.0;63;435;22;142;62.5;403.0;0.0;-1;-32;380;49;369.0;57;-11;8;1.149;1.091;-0.058;289;306;28;30;60;17603;17700;2;1.09;1.066;1.07;0.849;0.369;48.3;45.4;28.4;28.3;25.4;38.0;44.0;34.0;22.0;22.0;30.0;30.0;30.0;32.0;32.0;28.0;28.0;28.0;30.0;30.0;60.0;60.0;60.0;65.0;65.0;3.0;6.0;4.0;7.0;16.0;87.0;84.0;78.0;51.0;16.0;52.067;9.151;45.4;62.5;42.986;10.949;28.4;62.5;36.609;12.322;22.6;62.5;46.333;9.713;38.0;57.0;35.714;11.814;24.0;57.0;29.455;12.817;14.0;57.0;1.096;1800;120;14.2;11.3;19.0;25.0;24.4
12;3;100;0.56;1.53;24.0;68;506;24;166;68.2;471.0;0.0;0;-35;434;54;414.0;45;-20;-9;1.169;1.137;-0.032;297;302;28;30;60;17600;17700;2;1.091;1.09;1.066;0.944;0.369;62.5;48.3;45.4;34.0;25.4;57.0;38.0;44.0;24.0;22.0;30.0;30.0;30.0;32.0;32.0;28.0;28.0;28.0;30.0;30.0;60.0;60.0;60.0;65.0;65.0;10.0;3.0;6.0;8.0;16.0;97.0;87.0;84.0;59.0;16.0;59.667;10.248;48.3;68.2;47.871;13.585;28.4;68.2;39.242;14.873;22.6;68.2;46.667;9.609;38.0;57.0;38.714;10.981;26.0;57.0;30.75;13.018;14.0;57.0;1.516;1800;120;5.7;-8.5;-12.0;-31.0;21.5
13;5;105;0.59;1.68;26.0;73;584;25;191;71.0;542.0;-1.0;-2;-42;492;56;471.0;57;-21;1;1.186;1.151;-0.035;305;313;28;30;60;17595;17700;2;1.137;1.091;1.09;1.033;0.369;68.2;62.5;48.3;39.7;25.4;45.0;57.0;38.0;26.0;22.0;30.0;30.0;30.0;32.0;32.0;28.0;28.0;28.0;30.0;30.0;60.0;60.0;60.0;65.0;65.0;3.0;10.0;3.0;9.0;16.0;100.0;97.0;87.0;68.0;16.0;67.233;4.332;62.5;71.0;52.343;15.467;28.4;71.0;41.685;16.743;22.6;71.0;53.0;6.928;45.0;57.0;43.143;11.246;27.0;57.0;32.769;14.435;14.0;57.0;1.246;1800;120;2.8;-2.9;12.0;24.0;23.5
14;4;109;0.62;1.79;27.0;78;668;26;217;73.9;616.0;-1.0;-4;-52;553;61;528.0;57;-25;-4;1.208;1.166;-0.042;313;321;28;30;60;17591;17700;2;1.151;1.137;1.091;1.107;0.369;71.0;68.2;62.5;42.6;25.4;57.0;45.0;57.0;27.0;22.0;30.0;30.0;30.0;32.0;32.0;28.0;28.0;28.0;30.0;30.0;60.0;60.0;60.0;65.0;65.0;5.0;3.0;10.0;6.0;16.0;105.0;100.0;97.0;74.0;16.0;71.033;2.85;68.2;73.9;56.814;16.66;28.4;73.9;43.986;18.246;22.6;73.9;53.0;6.928;45.0;57.0;47.429;9.676;34.0;57.0;34.5;15.306;14.0;57.0;1.296;1800;120;2.9;0.1;0.0;-12.0;23.8
15;9;118;0.67;1.92;30.0;84;752;30;247;85.3;701.0;0.0;1;-51;618;65;598.0;70;-20;5;1.219;1.172;-0.047;320;338;26;28;55;17582;17700;2;1.166;1.151;1.137;1.07;0.369;73.9;71.0;68.2;28.4;25.4;57.0;57.0;45.0;34.0;22.0;30.0;30.0;30.0;30.0;32.0;28.0;28.0;28.0;28.0;30.0;60.0;60.0;60.0;60.0;65.0;4.0;5.0;3.0;4.0;16.0;109.0;105.0;100.0;78.0;16.0;76.733;7.559;71.0;85.3;64.943;14.182;45.4;85.3;48.264;20.443;22.6;85.3;61.333;7.506;57.0;70.0;52.571;10.845;38.0;70.0;37.929;17.508;14.0;70.0;1.219;1540;110;11.4;8.5;13.0;13.0;28.1
16;5;123;0.69;2.06;32.0;90;841;32;279;91.0;792.0;0.0;1;-49;685;68;652.0;54;-33;-14;1.229;1.215;-0.014;327;333;26;28;55;17577;17700;2;1.172;1.166;1.151;1.066;0.579;85.3;73.9;71.0;45.4;22.6;70.0;57.0;57.0;44.0;14.0;28.0;30.0;30.0;30.0;32.0;26.0;28.0;28.0;28.0;30.0;55.0;60.0;60.0;60.0;65.0;9.0;4.0;5.0;6.0;17.0;118.0;109.0;105.0;84.0;33.0;83.4;8.707;73.9;91.0;71.457;14.182;48.3;91.0;53.15;21.955;25.5;91.0;60.333;8.505;54.0;70.0;54.0;10.165;38.0;70.0;40.786;16.54;16.0;70.0;1.685;1540;110;5.7;-5.7;-16.0;-29.0;27.1
17;8;131;0.74;2.18;34.0;96;936;32;311;91.1;883.0;-2.0;-5;-53;756;71;724.0;72;-32;1;1.239;1.22;-0.019;334;347;26;28;55;17569;17700;2;1.215;1.172;1.166;1.09;0.747;91.0;85.3;73.9;48.3;25.5;54.0;70.0;57.0;38.0;16.0;28.0;28.0;30.0;30.0;32.0;26.0;26.0;28.0;28.0;30.0;55.0;55.0;60.0;60.0;65.0;5.0;9.0;4.0;3.0;11.0;123.0;118.0;109.0;87.0;44.0;89.133;3.32;85.3;91.1;77.571;11.509;62.5;91.1;57.836;22.591;28.3;91.1;65.333;9.866;54.0;72.0;58.857;9.335;45.0;72.0;44.786;16.853;22.0;72.0;1.265;1540;110;0.1;-5.6;18.0;34.0;30.2
18;4;135;0.76;2.31;36.0;102;1036;30;341;85.4;969.0;-6.0;-17;-67;830;74;800.0;76;-30;2;1.249;1.211;-0.038;343;364;26;28;55;17565;17700;2;1.22;1.215;1.172;1.091;0.849;91.1;91.0;85.3;62.5;28.3;72.0;54.0;70.0;57.0;22.0;28.0;28.0;28.0;30.0;32.0;26.0;26.0;26.0;28.0;30.0;55.0;55.0;55.0;60.0;65.0;8.0;5.0;9.0;10.0;7.0;131.0;123.0;118.0;97.0;51.0;89.167;3.262;85.4;91.1;80.843;9.608;68.2;91.1;61.914;21.995;28.4;91.1;67.333;11.719;54.0;76.0;61.571;11.267;45.0;76.0;48.643;17.407;24.0;76.0;1.124;1540;110;-5.7;-5.8;4.0;-14.0;29.0
19;8;143;0.81;2.44;37.0;106;1142;35;376;99.7;1068.0;-2.0;-6;-74;908;77;865.0;65;-43;-12;1.259;1.235;-0.024;378;366;26;28;55;17557;17700;2;1.211;1.22;1.215;1.137;0.944;85.4;91.1;91.0;68.2;34.0;76.0;72.0;54.0;45.0;24.0;28.0;28.0;28.0;30.0;32.0;26.0;26.0;26.0;28.0;30.0;55.0;55.0;55.0;60.0;65.0;4.0;8.0;5.0;3.0;8.0;135.0;131.0;123.0;100.0;59.0;92.067;7.199;85.4;99.7;85.343;10.066;71.0;99.7;66.607;22.582;28.4;99.7;71.0;5.568;65.0;76.0;64.429;8.58;54.0;76.0;51.571;16.36;26.0;76.0;1.534;1540;110;14.3;20.0;-11.0;-15.0;32.6
20;6;149;0.84;2.57;40.0;114;1256;40;416;114.0;1182.0;0.0;0;-74;967;80;938.0;73;-29;-7;1.272;1.26;-0.012;383;369;26;28;55;17551;17700;2;1.235;1.211;1.22;1.151;1.033;99.7;85.4;91.1;71.0;39.7;65.0;76.0;72.0;57.0;26.0;28.0;28.0;28.0;30.0;32.0;26.0;26.0;26.0;28.0;30.0;55.0;55.0;55.0;60.0;65.0;8.0;4.0;8.0;5.0;9.0;143.0;135.0;131.0;105.0;68.0;99.7;14.3;85.4;114.0;91.486;12.645;73.9;114.0;71.914;24.428;28.4;114.0;71.333;5.686;65.0;76.0;66.714;8.401;54.0;76.0;54.929;15.509;27.0;76.0;1.562;1540;110;14.3;0.0;8.0;19.0;32.8
21;7;156;0.88;2.7;42.0;120;1382;42;458;119.7;1302.0;0.0;0;-80;1069;82;990.0;52;-79;-30;1.294;1.315;0.021;387;355;26;28;55;17544;17700;2;1.26;1.235;1.211;1.166;1.107;114.0;99.7;85.4;73.9;42.6;73.0;65.0;76.0;57.0;27.0;28.0;28.0;28.0;30.0;32.0;26.0;26.0;26.0;28.0;30.0;55.0;55.0;55.0;60.0;65.0;6.0;8.0;4.0;4.0;6.0;149.0;143.0;135.0;109.0;74.0;111.133;10.304;99.7;119.7;98.029;13.823;85.3;119.7;77.421;25.954;28.4;119.7;63.333;10.599;52.0;73.0;66.0;9.504;52.0;76.0;56.714;13.333;34.0;76.0;2.302;1540;110;5.7;-8.6;-21.0;-29.0;34.7
22;6;162;0.92;2.83;44.0;126;1517;36;494;102.6;1405.0;-8.0;-23;-112;1153;84;1033.0;43;-120;-41;1.137;1.36;0.223;391;342;24;26;50;17538;17700;2;1.315;1.26;1.235;1.172;1.07;119.7;114.0;99.7;85.3;28.4;52.0;73.0;65.0;70.0;34.0;28.0;28.0;28.0;28.0;30.0;26.0;26.0;26.0;26.0;28.0;55.0;55.0;55.0;55.0;60.0;7.0;6.0;8.0;9.0;4.0;156.0;149.0;143.0;118.0;78.0;112.1;8.707;102.6;119.7;100.5;12.666;85.4;119.7;82.721;22.523;45.4;119.7;56.0;15.395;43.0;73.0;62.143;12.589;43.0;76.0;57.357;12.333;38.0;76.0;2.386;1300;100;-17.1;-22.8;-9.0;12.0;35.4
23;41;203;1.15;2.96;46.0;132;1656;36;530;102.9;1507.0;-10.0;-29;-149;1239;86;1088.0;55;-151;-31;1.337;1.386;0.049;394;337;24;26;50;17497;17700;2;1.36;1.315;1.26;1.215;1.066;102.6;119.7;114.0;91.0;45.4;43.0;52.0;73.0;54.0;44.0;26.0;28.0;28.0;28.0;30.0;24.0;26.0;26.0;26.0;28.0;50.0;55.0;55.0;55.0;60.0;6.0;7.0;6.0;5.0;6.0;162.0;156.0;149.0;123.0;84.0;108.4;9.787;102.6;119.7;102.2;11.957;85.4;119.7;86.829;20.329;48.3;119.7;50.0;6.245;43.0;55.0;62.286;12.486;43.0;76.0;58.143;11.753;38.0;76.0;1.871;1300;100;0.3;17.4;12.0;21.0;61.1
24;16;219;1.24;3.09;48.0;138;1803;39;569;111.5;1619.0;-9.0;-26;-184;1327;88;1160.0;72;-167;-16;1.36;1.396;0.036;397;342;24;26;50;17481;17700;2;1.386;1.36;1.315;1.22;1.09;102.9;102.6;119.7;91.1;48.3;55.0;43.0;52.0;72.0;38.0;26.0;26.0;28.0;28.0;30.0;24.0;24.0;26.0;26.0;28.0;50.0;50.0;55.0;55.0;60.0;41.0;6.0;7.0;8.0;3.0;203.0;162.0;156.0;131.0;87.0;105.667;5.054;102.6;111.5;105.114;11.267;85.4;119.7;91.343;17.999;62.5;119.7;56.667;14.572;43.0;72.0;62.286;12.486;43.0;76.0;60.571;10.74;43.0;76.0;1.549;1300;100;8.6;8.3;17.0;5.0;51.8
25;21;240;1.36;3.22;50.0;144;1958;43;612;123.1;1742.0;-7.0;-21;-216;1418;90;1254.0;94;-164;4;1.382;1.389;0.007;400;356;24;26;50;17460;17700;2;1.396;1.386;1.36;1.211;1.091;111.5;102.9;102.6;85.4;62.5;72.0;55.0;43.0;76.0;57.0;26.0;26.0;26.0;28.0;30.0;24.0;24.0;24.0;26.0;28.0;50.0;50.0;50.0;55.0;60.0;16.0;41.0;6.0;4.0;10.0;219.0;203.0;162.0;135.0;97.0;112.5;10.137;102.9;123.1;110.5;9.069;99.7;123.1;95.671;17.815;68.2;123.1;73.667;19.553;55.0;94.0;64.857;16.866;43.0;94.0;63.214;13.885;43.0;94.0;1.31;1300;100;11.6;3.0;22.0;5.0;58.5
26;6;246;1.39;3.35;52.0;150;2120;49;661;140.4;1883.0;-3.0;-10;-237;1510;92;1357.0;103;-153;11;1.405;1.387;-0.018;402;371;24;26;50;17454;17700;2;1.389;1.396;1.386;1.235;1.137;123.1;111.5;102.9;99.7;68.2;94.0;72.0;55.0;65.0;45.0;26.0;26.0;26.0;28.0;30.0;24.0;24.0;24.0;26.0;28.0;50.0;50.0;50.0;55.0;60.0;21.0;16.0;41.0;8.0;3.0;240.0;219.0;203.0;143.0;100.0;125.0;14.543;111.5;140.4;116.314;13.129;102.6;140.4;100.829;19.61;71.0;140.4;89.667;15.948;72.0;103.0;70.286;22.194;43.0;103.0;67.357;16.449;43.0;103.0;1.363;1300;100;17.3;5.7;9.0;-13.0;52.2
27;4;250;1.41;3.4;54.0;156;2285;54;715;154.7;2037.0;0.0;-1;-248;1604;94;1435.0;78;-169;-16;1.426;1.42;-0.006;404;369;24;26;50;17450;17700;2;1.387;1.389;1.396;1.26;1.151;140.4;123.1;111.5;114.0;71.0;103.0;94.0;72.0;73.0;57.0;26.0;26.0;26.0;28.0;30.0;24.0;24.0;24.0;26.0;28.0;50.0;50.0;50.0;55.0;60.0;6.0;21.0;16.0;6.0;5.0;246.0;240.0;219.0;149.0;105.0;139.4;15.824;123.1;154.7;122.129;19.432;102.6;154.7;106.807;22.38;73.9;154.7;91.667;12.662;78.0;103.0;71.0;22.376;43.0;103.0;68.857;16.389;43.0;103.0;1.983;1300;100;14.3;-3.0;-25.0;-34.0;52.0
28;5;255;1.44;3.61;57.0;162;2455;55;770;157.6;2195.0;-2.0;-4;-260;1698;95;1563.0;128;-135;33;1.446;1.404;-0.042;405;392;24;26;50;17445;17700;2;1.42;1.387;1.389;1.315;1.166;154.7;140.4;123.1;119.7;73.9;78.0;103.0;94.0;52.0;57.0;26.0;26.0;26.0;28.0;30.0;24.0;24.0;24.0;26.0;28.0;50.0;50.0;50.0;55.0;60.0;4.0;6.0;21.0;7.0;4.0;250.0;246.0;240.0;156.0;109.0;150.9;9.208;140.4;157.6;127.543;23.497;102.6;157.6;112.786;24.032;85.3;157.6;103.0;25.0;78.0;128.0;81.857;29.06;43.0;128.0;73.929;22.342;43.0;128.0;1.231;1300;100;2.9;-11.4;50.0;75.0;53.5
29;3;258;1.46;3.74;59.0;168;2635;57;827;163.4;2358.0;-2.0;-5;-277;1794;96;1679.0;116;-115;20;1.47;1.405;-0.065;406;406;24;26;50;17442;17700;2;1.404;1.42;1.387;1.36;1.172;157.6;154.7;140.4;102.6;85.3;128.0;78.0;103.0;43.0;70.0;26.0;26.0;26.0;26.0;28.0;24.0;24.0;24.0;24.0;26.0;50.0;50.0;50.0;50.0;55.0;5.0;4.0;6.0;6.0;9.0;255.0;250.0;246.0;162.0;118.0;158.567;4.43;154.7;163.4;136.229;23.973;102.9;163.4;118.364;26.134;85.4;163.4;107.333;26.102;78.0;128.0;92.286;25.695;55.0;128.0;77.214;24.95;43.0;128.0;1.409;1300;100;5.8;2.9;-12.0;-62.0;53.1
30;8;266;1.5;3.87;60.0;173;2818;60;887;172.1;2530.0;0.0;-1;-288;1891;97;1765.0;86;-126;-11;1.491;1.434;-0.057;407;404;24;26;50;17434;17700;2;1.405;1.404;1.42;1.386;1.215;163.4;157.6;154.7;102.9;91.0;116.0;128.0;78.0;55.0;54.0;26.0;26.0;26.0;26.0;28.0;24.0;24.0;24.0;24.0;26.0;50.0;50.0;50.0;50.0;55.0;3.0;5.0;4.0;41.0;5.0;258.0;255.0;250.0;203.0;123.0;164.367;7.298;157.6;172.1;146.114;22.137;111.5;172.1;124.157;28.484;85.4;172.1;110.0;21.633;86.0;128.0;96.714;20.304;72.0;128.0;79.5;24.111;43.0;128.0;2.001;1300;100;8.7;2.9;-30.0;-18.0;57.2
31;5;271;1.53;4.0;62.0;178;3004;62;949;177.9;2708.0;0.0;0;-296;1989;98;1856.0;91;-133;-7;1.511;1.459;-0.052;408;404;24;26;50;17429;17700;2;1.434;1.405;1.404;1.396;1.22;172.1;163.4;157.6;111.5;91.1;86.0;116.0;128.0;72.0;72.0;26.0;26.0;26.0;26.0;28.0;24.0;24.0;24.0;24.0;26.0;50.0;50.0;50.0;50.0;55.0;8.0;3.0;5.0;16.0;8.0;266.0;258.0;255.0;219.0;131.0;171.133;7.298;163.4;177.9;155.6;18.808;123.1;177.9;130.357;30.134;85.4;177.9;97.667;16.073;86.0;116.0;99.429;17.53;78.0;128.0;80.857;24.191;43.0;128.0;1.955;1300;100;5.8;-2.9;5.0;35.0;56.7
32;9;280;1.58;4.13;64.0;183;3201;64;1013;183.7;2892.0;0.0;1;-309;2087;99;1955.0;99;-132;0;1.534;1.479;-0.055;408;406;24;26;50;17420;17700;2;1.459;1.434;1.405;1.389;1.211;177.9;172.1;163.4;123.1;85.4;91.0;86.0;116.0;94.0;76.0;26.0;26.0;26.0;26.0;28.0;24.0;24.0;24.0;24.0;26.0;50.0;50.0;50.0;50.0;55.0;5.0;8.0;3.0;21.0;4.0;271.0;266.0;258.0;240.0;135.0;177.9;5.8;172.1;183.7;164.257;14.895;140.4;183.7;137.379;30.305;99.7;183.7;92.0;6.557;86.0;99.0;100.143;17.373;78.0;128.0;82.5;24.613;43.0;128.0;1.856;1300;100;5.8;-0.0;8.0;3.0;60.5
33;14;294;1.66;4.26;65.0;188;3403;65;1078;186.7;3079.0;0.0;-1;-324;2187;100;2056.0;101;-131;1;1.556;1.497;-0.059;408;409;24;26;50;17406;17700;2;1.479;1.459;1.434;1.387;1.235;183.7;177.9;172.1;140.4;99.7;99.0;91.0;86.0;103.0;65.0;26.0;26.0;26.0;26.0;28.0;24.0;24.0;24.0;24.0;26.0;50.0;50.0;50.0;50.0;55.0;9.0;5.0;8.0;6.0;8.0;280.0;271.0;266.0;246.0;143.0;182.767;4.474;177.9;186.7;170.871;12.646;154.7;186.7;143.593;30.899;102.6;186.7;97.0;5.292;91.0;101.0;99.857;17.334;78.0;128.0;85.071;24.525;43.0;128.0;1.849;1300;100;3.0;-2.8;2.0;-6.0;65.8
34;1;295;1.67;4.39;67.0;193;3601;67;1145;192.5;3271.0;0.0;-1;-330;2289;101;2155.0;99;-134;-2;1.578;1.518;-0.06;407;411;24;26;50;17405;17700;2;1.497;1.479;1.459;1.42;1.26;186.7;183.7;177.9;154.7;114.0;101.0;99.0;91.0;78.0;73.0;26.0;26.0;26.0;26.0;28.0;24.0;24.0;24.0;24.0;26.0;50.0;50.0;50.0;50.0;55.0;14.0;9.0;5.0;4.0;6.0;294.0;280.0;271.0;250.0;149.0;187.633;4.474;183.7;192.5;176.271;12.66;157.6;192.5;149.2;32.21;102.6;192.5;99.667;1.155;99.0;101.0;102.857;14.508;86.0;128.0;86.929;24.525;43.0;128.0;1.944;1300;100;5.8;2.8;-2.0;-4.0;59.5
35;0;295;1.67;4.52;69.0;198;3821;69;1214;198.2;3469.0;0.0;0;-352;2390;101;2402.0;247;12;146;1.6;1.444;-0.156;406;467;24;26;50;17405;17700;2;1.518;1.497;1.479;1.404;1.315;192.5;186.7;183.7;157.6;119.7;99.0;101.0;99.0;128.0;52.0;26.0;26.0;26.0;26.0;28.0;24.0;24.0;24.0;24.0;26.0;50.0;50.0;50.0;50.0;55.0;1.0;14.0;9.0;5.0;7.0;295.0;294.0;280.0;255.0;156.0;192.467;5.75;186.7;198.2;182.071;11.961;163.4;198.2;154.807;33.487;102.6;198.2;149.0;84.876;99.0;247.0;119.857;56.84;86.0;247.0;100.857;47.641;43.0;247.0;0.802;1300;100;5.7;-0.1;148.0;150.0;59.0
1;16;16;0.09;0.1;6.0;18;18;9;9;25.4;25.4;3.0;7;7;56;14;69.0;22;13;8;0.321;0.362;0.041;0;0;30;32;65;17684;17700;3;0.362;0.362;0.362;0.362;0.362;25.4;25.4;25.4;25.4;25.4;22.0;22.0;22.0;22.0;22.0;32.0;32.0;32.0;32.0;32.0;30.0;30.0;30.0;30.0;30.0;65.0;65.0;65.0;65.0;65.0;16.0;16.0;16.0;16.0;16.0;16.0;16.0;16.0;16.0;16.0;25.4;1.98;25.4;25.4;25.4;1.98;25.4;25.4;25.4;1.98;25.4;25.4;22.0;5.657;22.0;22.0;22.0;5.657;22.0;22.0;22.0;5.657;22.0;22.0;1.155;2080;130;-2.8;5.7;-8.0;10.0;11.2
2;17;33;0.19;0.23;8.0;22;40;8;17;22.6;48.1;0.0;1;8;73;17;83.0;14;10;-3;0.549;0.578;0.029;0;0;30;32;65;17667;17700;3;0.362;0.362;0.362;0.362;0.362;25.4;25.4;25.4;25.4;25.4;22.0;22.0;22.0;22.0;22.0;32.0;32.0;32.0;32.0;32.0;30.0;30.0;30.0;30.0;30.0;65.0;65.0;65.0;65.0;65.0;16.0;16.0;16.0;16.0;16.0;16.0;16.0;16.0;16.0;16.0;24.0;1.98;22.6;25.4;24.0;1.98;22.6;25.4;24.0;1.98;22.6;25.4;18.0;5.657;14.0;22.0;18.0;5.657;14.0;22.0;18.0;5.657;14.0;22.0;1.614;2080;130;-2.8;5.7;-8.0;10.0;15.1
3;11;44;0.25;0.36;9.0;26;66;9;26;25.5;73.6;0.0;-1;8;94;20;98.5;16;5;-5;0.711;0.751;0.04;0;0;30;32;65;17656;17700;3;0.578;0.362;0.362;0.362;0.362;22.6;25.4;25.4;25.4;25.4;14.0;22.0;22.0;22.0;22.0;32.0;32.0;32.0;32.0;32.0;30.0;30.0;30.0;30.0;30.0;65.0;65.0;65.0;65.0;65.0;17.0;16.0;16.0;16.0;16.0;33.0;16.0;16.0;16.0;16.0;24.5;1.646;22.6;25.5;24.5;1.646;22.6;25.5;24.5;1.646;22.6;25.5;17.333;4.163;14.0;22.0;17.333;4.163;14.0;22.0;17.333;4.163;14.0;22.0;1.594;2080;130;2.9;5.7;2.0;10.0;14.3
4;7;51;0.29;0.49;11.0;30;96;10;36;28.3;101.9;-1.0;-2;6;117;24;120.0;22;3;-3;0.826;0.85;0.024;0;0;30;32;65;17649;17700;3;0.751;0.578;0.362;0.362;0.362;25.5;22.6;25.4;25.4;25.4;16.0;14.0;22.0;22.0;22.0;32.0;32.0;32.0;32.0;32.0;30.0;30.0;30.0;30.0;30.0;65.0;65.0;65.0;65.0;65.0;11.0;17.0;16.0;16.0;16.0;44.0;33.0;16.0;16.0;16.0;25.467;2.85;22.6;28.3;25.45;2.327;22.6;28.3;25.45;2.327;22.6;28.3;17.333;4.163;14.0;22.0;18.5;4.123;14.0;22.0;18.5;4.123;14.0;22.0;1.286;2080;130;2.8;-0.1;6.0;4.0;13.7
5;8;59;0.33;0.62;12.0;34;131;12;48;34.0;135.9;0.0;0;5;144;27;144.0;24;0;-3;0.914;0.944;0.03;0;0;30;32;65;17641;17700;3;0.85;0.751;0.578;0.362;0.362;28.3;25.5;22.6;25.4;25.4;22.0;16.0;14.0;22.0;22.0;32.0;32.0;32.0;32.0;32.0;30.0;30.0;30.0;30.0;30.0;65.0;65.0;65.0;65.0;65.0;7.0;11.0;17.0;16.0;16.0;51.0;44.0;33.0;16.0;16.0;29.267;4.332;25.5;34.0;27.16;4.322;22.6;34.0;27.16;4.322;22.6;34.0;20.667;4.163;16.0;24.0;19.6;4.336;14.0;24.0;19.6;4.336;14.0;24.0;1.417;2080;130;5.7;2.9;2.0;-4.0;15.8
6;9;68;0.38;0.75;13.0;38;170;14;62;39.7;175.6;1.0;2;6;174;30;170.0;26;-4;-4;0.979;1.035;0.056;0;0;30;32;65;17632;17700;3;0.944;0.85;0.751;0.362;0.362;34.0;28.3;25.5;25.4;25.4;24.0;22.0;16.0;22.0;22.0;32.0;32.0;32.0;32.0;32.0;30.0;30.0;30.0;30.0;30.0;65.0;65.0;65.0;65.0;65.0;8.0;7.0;11.0;16.0;16.0;59.0;51.0;44.0;16.0;16.0;34.0;5.7;28.3;39.7;29.25;6.415;22.6;39.7;29.25;6.415;22.6;39.7;24.0;2.0;22.0;26.0;20.667;4.676;14.0;26.0;20.667;4.676;14.0;26.0;1.527;2080;130;5.7;0.0;2.0;0.0;18.1
7;6;74;0.42;0.68;15.0;43;210;15;77;42.6;218.1;0.0;0;8;205;33;197.0;27;-8;-6;1.029;1.107;0.078;270;253;30;32;65;17626;17700;3;1.035;0.944;0.85;0.362;0.362;39.7;34.0;28.3;25.4;25.4;26.0;24.0;22.0;22.0;22.0;32.0;32.0;32.0;32.0;32.0;30.0;30.0;30.0;30.0;30.0;65.0;65.0;65.0;65.0;65.0;9.0;8.0;7.0;16.0;16.0;68.0;59.0;51.0;16.0;16.0;38.767;4.375;34.0;42.6;31.157;7.73;22.6;42.6;31.157;7.73;22.6;42.6;25.667;1.528;24.0;27.0;21.571;4.894;14.0;27.0;21.571;4.894;14.0;27.0;1.578;2080;130;2.9;-2.8;1.0;-1.0;17.8
8;4;78;0.44;1.01;16.0;45;260;10;87;28.4;246.5;-6.0;-17;-13;244;37;230.5;34;-14;-4;1.068;1.072;0.004;268;268;28;30;60;17622;17700;3;1.107;1.035;0.944;0.362;0.362;42.6;39.7;34.0;25.4;25.4;27.0;26.0;24.0;22.0;22.0;32.0;32.0;32.0;32.0;32.0;30.0;30.0;30.0;30.0;30.0;65.0;65.0;65.0;65.0;65.0;6.0;9.0;8.0;16.0;16.0;74.0;68.0;59.0;16.0;16.0;36.9;7.503;28.4;42.6;31.586;7.435;22.6;42.6;30.812;7.223;22.6;42.6;29.0;4.359;26.0;34.0;23.286;6.8;14.0;34.0;23.125;6.312;14.0;34.0;0.835;1800;120;-14.2;-17.1;7.0;6.0;17.6
9;6;84;0.47;1.14;19.0;53;312;16;103;45.4;291.9;-3.0;-8;-20;285;41;274.0;44;-11;3;1.099;1.066;-0.033;274;284;28;30;60;17616;17700;3;1.072;1.107;1.035;0.578;0.362;28.4;42.6;39.7;22.6;25.4;34.0;27.0;26.0;14.0;22.0;30.0;32.0;32.0;32.0;32.0;28.0;30.0;30.0;30.0;30.0;60.0;65.0;65.0;65.0;65.0;4.0;6.0;9.0;17.0;16.0;78.0;74.0;68.0;33.0;16.0;38.8;9.115;28.4;45.4;34.843;7.827;25.5;45.4;32.433;8.324;22.6;45.4;35.0;8.544;27.0;44.0;27.571;9.053;16.0;44.0;25.444;9.126;14.0;44.0;1.032;1800;120;17.0;31.2;10.0;3.0;19.8
10;3;87;0.49;1.27;20.0;56;372;17;120;48.3;340.2;-3.0;-8;-32;330;45;312.0;38;-18;-7;1.129;1.09;-0.039;281;285;28;30;60;17613;17700;3;1.066;1.072;1.107;0.751;0.362;45.4;28.4;42.6;25.5;25.4;44.0;34.0;27.0;16.0;22.0;30.0;30.0;32.0;32.0;32.0;28.0;28.0;30.0;30.0;30.0;60.0;60.0;65.0;65.0;65.0;6.0;4.0;6.0;11.0;16.0;84.0;78.0;74.0;44.0;16.0;40.7;10.75;28.4;48.3;38.1;8.032;28.3;48.3;34.02;9.315;22.6;48.3;38.667;5.033;34.0;44.0;30.714;8.139;22.0;44.0;26.7;9.476;14.0;44.0;1.271;1800;120;2.9;-14.1;-6.0;-16.0;18.9
11;10;97;0.55;1.4;22.0;63;435;22;142;62.5;402.7;0.0;-1;-32;380;49;369.0;57;-11;8;1.149;1.092;-0.057;289;306;28;30;60;17603;17700;3;1.09;1.066;1.072;0.85;0.362;48.3;45.4;28.4;28.3;25.4;38.0;44.0;34.0;22.0;22.0;30.0;30.0;30.0;32.0;32.0;28.0;28.0;28.0;30.0;30.0;60.0;60.0;60.0;65.0;65.0;3.0;6.0;4.0;7.0;16.0;87.0;84.0;78.0;51.0;16.0;52.067;9.151;45.4;62.5;42.986;10.949;28.4;62.5;36.609;12.322;22.6;62.5;46.333;9.713;38.0;57.0;35.714;11.814;24.0;57.0;29.455;12.817;14.0;57.0;1.096;1800;120;14.2;11.3;19.0;25.0;24.4
12;3;100;0.56;1.53;24.0;68;506;24;166;68.2;470.9;0.0;0;-35;434;54;414.0;45;-20;-9;1.169;1.138;-0.031;297;301;28;30;60;17600;17700;3;1.092;1.09;1.066;0.944;0.362;62.5;48.3;45.4;34.0;25.4;57.0;38.0;44.0;24.0;22.0;30.0;30.0;30.0;32.0;32.0;28.0;28.0;28.0;30.0;30.0;60.0;60.0;60.0;65.0;65.0;10.0;3.0;6.0;8.0;16.0;97.0;87.0;84.0;59.0;16.0;59.667;10.248;48.3;68.2;47.871;13.585;28.4;68.2;39.242;14.873;22.6;68.2;46.667;9.609;38.0;57.0;38.714;10.981;26.0;57.0;30.75;13.018;14.0;57.0;1.516;1800;120;5.7;-8.5;-12.0;-31.0;21.5
13;5;105;0.59;1.68;26.0;73;584;25;191;71.0;541.9;-1.0;-2;-42;492;56;471.0;57;-21;1;1.186;1.151;-0.035;305;313;28;30;60;17595;17700;3;1.138;1.092;1.09;1.035;0.362;68.2;62.5;48.3;39.7;25.4;45.0;57.0;38.0;26.0;22.0;30.0;30.0;30.0;32.0;32.0;28.0;28.0;28.0;30.0;30.0;60.0;60.0;60.0;65.0;65.0;3.0;10.0;3.0;9.0;16.0;100.0;97.0;87.0;68.0;16.0;67.233;4.332;62.5;71.0;52.343;15.467;28.4;71.0;41.685;16.743;22.6;71.0;53.0;6.928;45.0;57.0;43.143;11.246;27.0;57.0;32.769;14.435;14.0;57.0;1.246;1800;120;2.8;-2.9;12.0;24.0;23.5
14;4;109;0.62;1.79;27.0;78;668;26;217;73.9;615.8;-1.0;-4;-52;553;61;528.0;57;-25;-4;1.208;1.167;-0.041;313;321;28;30;60;17591;17700;3;1.151;1.138;1.092;1.107;0.362;71.0;68.2;62.5;42.6;25.4;57.0;45.0;57.0;27.0;22.0;30.0;30.0;30.0;32.0;32.0;28.0;28.0;28.0;30.0;30.0;60.0;60.0;60.0;65.0;65.0;5.0;3.0;10.0;6.0;16.0;105.0;100.0;97.0;74.0;16.0;71.033;2.85;68.2;73.9;56.814;16.66;28.4;73.9;43.986;18.246;22.6;73.9;53.0;6.928;45.0;57.0;47.429;9.676;34.0;57.0;34.5;15.306;14.0;57.0;1.296;1800;120;2.9;0.1;0.0;-12.0;23.8
15;9;118;0.67;1.92;30.0;84;752;30;247;85.3;701.1;0.0;1;-51;618;65;598.0;70;-20;5;1.219;1.172;-0.047;320;338;26;28;55;17582;17700;3;1.167;1.151;1.138;1.072;0.362;73.9;71.0;68.2;28.4;25.4;57.0;57.0;45.0;34.0;22.0;30.0;30.0;30.0;30.0;32.0;28.0;28.0;28.0;28.0;30.0;60.0;60.0;60.0;60.0;65.0;4.0;5.0;3.0;4.0;16.0;109.0;105.0;100.0;78.0;16.0;76.733;7.559;71.0;85.3;64.943;14.182;45.4;85.3;48.264;20.443;22.6;85.3;61.333;7.506;57.0;70.0;52.571;10.845;38.0;70.0;37.929;17.508;14.0;70.0;1.219;1540;110;11.4;8.5;13.0;13.0;28.1
16;5;123;0.69;2.06;32.0;90;841;32;279;91.0;792.1;0.0;1;-49;685;68;652.0;54;-33;-14;1.229;1.215;-0.014;327;333;26;28;55;17577;17700;3;1.172;1.167;1.151;1.066;0.578;85.3;73.9;71.0;45.4;22.6;70.0;57.0;57.0;44.0;14.0;28.0;30.0;30.0;30.0;32.0;26.0;28.0;28.0;28.0;30.0;55.0;60.0;60.0;60.0;65.0;9.0;4.0;5.0;6.0;17.0;118.0;109.0;105.0;84.0;33.0;83.4;8.707;73.9;91.0;71.457;14.182;48.3;91.0;53.15;21.955;25.5;91.0;60.333;8.505;54.0;70.0;54.0;10.165;38.0;70.0;40.786;16.54;16.0;70.0;1.685;1540;110;5.7;-5.7;-16.0;-29.0;27.1
17;8;131;0.74;2.18;34.0;96;936;32;311;91.1;883.2;-2.0;-5;-53;756;71;724.0;72;-32;1;1.239;1.22;-0.019;334;347;26;28;55;17569;17700;3;1.215;1.172;1.167;1.09;0.751;91.0;85.3;73.9;48.3;25.5;54.0;70.0;57.0;38.0;16.0;28.0;28.0;30.0;30.0;32.0;26.0;26.0;28.0;28.0;30.0;55.0;55.0;60.0;60.0;65.0;5.0;9.0;4.0;3.0;11.0;123.0;118.0;109.0;87.0;44.0;89.133;3.32;85.3;91.1;77.571;11.509;62.5;91.1;57.836;22.591;28.3;91.1;65.333;9.866;54.0;72.0;58.857;9.335;45.0;72.0;44.786;16.853;22.0;72.0;1.265;1540;110;0.1;-5.6;18.0;34.0;30.2
18;4;135;0.76;2.31;36.0;102;1036;30;341;85.4;968.6;-6.0;-17;-67;830;74;800.0;76;-30;2;1.249;1.211;-0.038;343;364;26;28;55;17565;17700;3;1.22;1.215;1.172;1.092;0.85;91.1;91.0;85.3;62.5;28.3;72.0;54.0;70.0;57.0;22.0;28.0;28.0;28.0;30.0;32.0;26.0;26.0;26.0;28.0;30.0;55.0;55.0;55.0;60.0;65.0;8.0;5.0;9.0;10.0;7.0;131.0;123.0;118.0;97.0;51.0;89.167;3.262;85.4;91.1;80.843;9.608;68.2;91.1;61.914;21.995;28.4;91.1;67.333;11.719;54.0;76.0;61.571;11.267;45.0;76.0;48.643;17.407;24.0;76.0;1.124;1540;110;-5.7;-5.8;4.0;-14.0;29.0
19;8;143;0.81;2.44;37.0;106;1142;35;376;99.7;1068.3;-2.0;-6;-74;908;77;865.0;65;-43;-12;1.259;1.235;-0.024;378;366;26;28;55;17557;17700;3;1.211;1.22;1.215;1.138;0.944;85.4;91.1;91.0;68.2;34.0;76.0;72.0;54.0;45.0;24.0;28.0;28.0;28.0;30.0;32.0;26.0;26.0;26.0;28.0;30.0;55.0;55.0;55.0;60.0;65.0;4.0;8.0;5.0;3.0;8.0;135.0;131.0;123.0;100.0;59.0;92.067;7.199;85.4;99.7;85.343;10.066;71.0;99.7;66.607;22.582;28.4;99.7;71.0;5.568;65.0;76.0;64.429;8.58;54.0;76.0;51.571;16.36;26.0;76.0;1.534;1540;110;14.3;20.0;-11.0;-15.0;32.6
20;6;149;0.84;2.57;40.0;114;1256;40;416;114.0;1182.2;0.0;0;-74;967;80;938.0;73;-29;-7;1.272;1.26;-0.012;383;369;26;28;55;17551;17700;3;1.235;1.211;1.22;1.151;1.035;99.7;85.4;91.1;71.0;39.7;65.0;76.0;72.0;57.0;26.0;28.0;28.0;28.0;30.0;32.0;26.0;26.0;26.0;28.0;30.0;55.0;55.0;55.0;60.0;65.0;8.0;4.0;8.0;5.0;9.0;143.0;135.0;131.0;105.0;68.0;99.7;14.3;85.4;114.0;91.486;12.645;73.9;114.0;71.914;24.428;28.4;114.0;71.333;5.686;65.0;76.0;66.714;8.401;54.0;76.0;54.929;15.509;27.0;76.0;1.562;1540;110;14.3;0.0;8.0;19.0;32.8
21;7;156;0.88;2.7;42.0;120;1382;42;458;119.7;1301.9;0.0;0;-80;1069;82;990.0;52;-79;-30;1.294;1.315;0.021;387;355;26;28;55;17544;17700;3;1.26;1.235;1.211;1.167;1.107;114.0;99.7;85.4;73.9;42.6;73.0;65.0;76.0;57.0;27.0;28.0;28.0;28.0;30.0;32.0;26.0;26.0;26.0;28.0;30.0;55.0;55.0;55.0;60.0;65.0;6.0;8.0;4.0;4.0;6.0;149.0;143.0;135.0;109.0;74.0;111.133;10.304;99.7;119.7;98.029;13.823;85.3;119.7;77.421;25.954;28.4;119.7;63.333;10.599;52.0;73.0;66.0;9.504;52.0;76.0;56.714;13.333;34.0;76.0;2.302;1540;110;5.7;-8.6;-21.0;-29.0;34.7
22;6;162;0.92;2.83;44.0;126;1517;36;494;102.6;1404.6;-8.0;-23;-112;1153;84;1033.0;43;-120;-41;1.137;1.36;0.223;391;342;24;26;50;17538;17700;3;1.315;1.26;1.235;1.172;1.072;119.7;114.0;99.7;85.3;28.4;52.0;73.0;65.0;70.0;34.0;28.0;28.0;28.0;28.0;30.0;26.0;26.0;26.0;26.0;28.0;55.0;55.0;55.0;55.0;60.0;7.0;6.0;8.0;9.0;4.0;156.0;149.0;143.0;118.0;78.0;112.1;8.707;102.6;119.7;100.5;12.666;85.4;119.7;82.721;22.523;45.4;119.7;56.0;15.395;43.0;73.0;62.143;12.589;43.0;76.0;57.357;12.333;38.0;76.0;2.386;1300;100;-17.1;-22.8;-9.0;12.0;35.4
23;41;203;1.15;2.96;46.0;132;1656;36;530;102.9;1507.5;-10.0;-29;-149;1239;86;1088.0;55;-151;-31;1.337;1.385;0.048;394;338;24;26;50;17497;17700;3;1.36;1.315;1.26;1.215;1.066;102.6;119.7;114.0;91.0;45.4;43.0;52.0;73.0;54.0;44.0;26.0;28.0;28.0;28.0;30.0;24.0;26.0;26.0;26.0;28.0;50.0;55.0;55.0;55.0;60.0;6.0;7.0;6.0;5.0;6.0;162.0;156.0;149.0;123.0;84.0;108.4;9.787;102.6;119.7;102.2;11.957;85.4;119.7;86.829;20.329;48.3;119.7;50.0;6.245;43.0;55.0;62.286;12.486;43.0;76.0;58.143;11.753;38.0;76.0;1.871;1300;100;0.3;17.4;12.0;21.0;61.1
24;16;219;1.24;3.09;48.0;138;1803;39;569;111.5;1619.0;-9.0;-26;-184;1327;88;1160.0;72;-167;-16;1.36;1.396;0.036;397;342;24;26;50;17481;17700;3;1.385;1.36;1.315;1.22;1.09;102.9;102.6;119.7;91.1;48.3;55.0;43.0;52.0;72.0;38.0;26.0;26.0;28.0;28.0;30.0;24.0;24.0;26.0;26.0;28.0;50.0;50.0;55.0;55.0;60.0;41.0;6.0;7.0;8.0;3.0;203.0;162.0;156.0;131.0;87.0;105.667;5.054;102.6;111.5;105.114;11.267;85.4;119.7;91.343;17.999;62.5;119.7;56.667;14.572;43.0;72.0;62.286;12.486;43.0;76.0;60.571;10.74;43.0;76.0;1.549;1300;100;8.6;8.3;17.0;5.0;51.8
25;21;240;1.36;3.22;50.0;144;1958;43;612;123.1;1742.1;-7.0;-21;-216;1418;90;1254.0;94;-164;4;1.382;1.389;0.007;400;356;24;26;50;17460;17700;3;1.396;1.385;1.36;1.211;1.092;111.5;102.9;102.6;85.4;62.5;72.0;55.0;43.0;76.0;57.0;26.0;26.0;26.0;28.0;30.0;24.0;24.0;24.0;26.0;28.0;50.0;50.0;50.0;55.0;60.0;16.0;41.0;6.0;4.0;10.0;219.0;203.0;162.0;135.0;97.0;112.5;10.137;102.9;123.1;110.5;9.069;99.7;123.1;95.671;17.815;68.2;123.1;73.667;19.553;55.0;94.0;64.857;16.866;43.0;94.0;63.214;13.885;43.0;94.0;1.31;1300;100;11.6;3.0;22.0;5.0;58.5
26;6;246;1.39;3.35;52.0;150;2120;49;661;140.4;1882.5;-3.0;-10;-237;1510;92;1357.0;103;-153;11;1.405;1.388;-0.017;402;371;24;26;50;17454;17700;3;1.389;1.396;1.385;1.235;1.138;123.1;111.5;102.9;99.7;68.2;94.0;72.0;55.0;65.0;45.0;26.0;26.0;26.0;28.0;30.0;24.0;24.0;24.0;26.0;28.0;50.0;50.0;50.0;55.0;60.0;21.0;16.0;41.0;8.0;3.0;240.0;219.0;203.0;143.0;100.0;125.0;14.543;111.5;140.4;116.314;13.129;102.6;140.4;100.829;19.61;71.0;140.4;89.667;15.948;72.0;103.0;70.286;22.194;43.0;103.0;67.357;16.449;43.0;103.0;1.363;1300;100;17.3;5.7;9.0;-13.0;52.2
27;4;250;1.41;3.4;54.0;156;2285;54;715;154.7;2037.2;0.0;-1;-248;1604;94;1435.0;78;-169;-16;1.426;1.42;-0.006;404;369;24;26;50;17450;17700;3;1.388;1.389;1.396;1.26;1.151;140.4;123.1;111.5;114.0;71.0;103.0;94.0;72.0;73.0;57.0;26.0;26.0;26.0;28.0;30.0;24.0;24.0;24.0;26.0;28.0;50.0;50.0;50.0;55.0;60.0;6.0;21.0;16.0;6.0;5.0;246.0;240.0;219.0;149.0;105.0;139.4;15.824;123.1;154.7;122.129;19.432;102.6;154.7;106.807;22.38;73.9;154.7;91.667;12.662;78.0;103.0;71.0;22.376;43.0;103.0;68.857;16.389;43.0;103.0;1.983;1300;100;14.3;-3.0;-25.0;-34.0;52.0
28;5;255;1.44;3.61;57.0;162;2455;55;770;157.6;2194.9;-2.0;-4;-260;1698;95;1563.0;128;-135;33;1.446;1.404;-0.042;405;392;24;26;50;17445;17700;3;1.42;1.388;1.389;1.315;1.167;154.7;140.4;123.1;119.7;73.9;78.0;103.0;94.0;52.0;57.0;26.0;26.0;26.0;28.0;30.0;24.0;24.0;24.0;26.0;28.0;50.0;50.0;50.0;55.0;60.0;4.0;6.0;21.0;7.0;4.0;250.0;246.0;240.0;156.0;109.0;150.9;9.208;140.4;157.6;127.543;23.497;102.6;157.6;112.786;24.032;85.3;157.6;103.0;25.0;78.0;128.0;81.857;29.06;43.0;128.0;73.929;22.342;43.0;128.0;1.231;1300;100;2.9;-11.4;50.0;75.0;53.5
29;3;258;1.46;3.74;59.0;168;2635;57;827;163.4;2358.3;-2.0;-5;-277;1794;96;1679.0;116;-115;20;1.47;1.404;-0.066;406;406;24;26;50;17442;17700;3;1.404;1.42;1.388;1.36;1.172;157.6;154.7;140.4;102.6;85.3;128.0;78.0;103.0;43.0;70.0;26.0;26.0;26.0;26.0;28.0;24.0;24.0;24.0;24.0;26.0;50.0;50.0;50.0;50.0;55.0;5.0;4.0;6.0;6.0;9.0;255.0;250.0;246.0;162.0;118.0;158.567;4.43;154.7;163.4;136.229;23.973;102.9;163.4;118.364;26.134;85.4;163.4;107.333;26.102;78.0;128.0;92.286;25.695;55.0;128.0;77.214;24.95;43.0;128.0;1.409;1300;100;5.8;2.9;-12.0;-62.0;53.1
30;8;266;1.5;3.87;60.0;173;2818;60;887;172.1;2530.4;0.0;-1;-288;1891;97;1765.0;86;-126;-11;1.491;1.433;-0.058;407;404;24;26;50;17434;17700;3;1.404;1.404;1.42;1.385;1.215;163.4;157.6;154.7;102.9;91.0;116.0;128.0;78.0;55.0;54.0;26.0;26.0;26.0;26.0;28.0;24.0;24.0;24.0;24.0;26.0;50.0;50.0;50.0;50.0;55.0;3.0;5.0;4.0;41.0;5.0;258.0;255.0;250.0;203.0;123.0;164.367;7.298;157.6;172.1;146.114;22.137;111.5;172.1;124.157;28.484;85.4;172.1;110.0;21.633;86.0;128.0;96.714;20.304;72.0;128.0;79.5;24.111;43.0;128.0;2.001;1300;100;8.7;2.9;-30.0;-18.0;57.2
31;5;271;1.53;4.0;62.0;178;3004;62;949;177.9;2708.2;0.0;0;-296;1989;98;1856.0;91;-133;-7;1.511;1.459;-0.052;408;404;24;26;50;17429;17700;3;1.433;1.404;1.404;1.396;1.22;172.1;163.4;157.6;111.5;91.1;86.0;116.0;128.0;72.0;72.0;26.0;26.0;26.0;26.0;28.0;24.0;24.0;24.0;24.0;26.0;50.0;50.0;50.0;50.0;55.0;8.0;3.0;5.0;16.0;8.0;266.0;258.0;255.0;219.0;131.0;171.133;7.298;163.4;177.9;155.6;18.808;123.1;177.9;130.357;30.134;85.4;177.9;97.667;16.073;86.0;116.0;99.429;17.53;78.0;128.0;80.857;24.191;43.0;128.0;1.955;1300;100;5.8;-2.9;5.0;35.0;56.7
32;9;280;1.58;4.13;64.0;183;3201;64;1013;183.7;2891.9;0.0;1;-309;2087;99;1955.0;99;-132;0;1.534;1.479;-0.055;408;407;24;26;50;17420;17700;3;1.459;1.433;1.404;1.389;1.211;177.9;172.1;163.4;123.1;85.4;91.0;86.0;116.0;94.0;76.0;26.0;26.0;26.0;26.0;28.0;24.0;24.0;24.0;24.0;26.0;50.0;50.0;50.0;50.0;55.0;5.0;8.0;3.0;21.0;4.0;271.0;266.0;258.0;240.0;135.0;177.9;5.8;172.1;183.7;164.257;14.895;140.4;183.7;137.379;30.305;99.7;183.7;92.0;6.557;86.0;99.0;100.143;17.373;78.0;128.0;82.5;24.613;43.0;128.0;1.856;1300;100;5.8;-0.0;8.0;3.0;60.5
33;14;294;1.66;4.26;65.0;188;3403;65;1078;186.7;3078.6;0.0;-1;-324;2187;100;2056.0;101;-131;1;1.556;1.498;-0.058;408;409;24;26;50;17406;17700;3;1.479;1.459;1.433;1.388;1.235;183.7;177.9;172.1;140.4;99.7;99.0;91.0;86.0;103.0;65.0;26.0;26.0;26.0;26.0;28.0;24.0;24.0;24.0;24.0;26.0;50.0;50.0;50.0;50.0;55.0;9.0;5.0;8.0;6.0;8.0;280.0;271.0;266.0;246.0;143.0;182.767;4.474;177.9;186.7;170.871;12.646;154.7;186.7;143.593;30.899;102.6;186.7;97.0;5.292;91.0;101.0;99.857;17.334;78.0;128.0;85.071;24.525;43.0;128.0;1.849;1300;100;3.0;-2.8;2.0;-6.0;65.8
34;1;295;1.67;4.39;67.0;193;3601;67;1145;192.5;3271.1;0.0;-1;-330;2289;101;2155.0;99;-134;-2;1.578;1.518;-0.06;407;411;24;26;50;17405;17700;3;1.498;1.479;1.459;1.42;1.26;186.7;183.7;177.9;154.7;114.0;101.0;99.0;91.0;78.0;73.0;26.0;26.0;26.0;26.0;28.0;24.0;24.0;24.0;24.0;26.0;50.0;50.0;50.0;50.0;55.0;14.0;9.0;5.0;4.0;6.0;294.0;280.0;271.0;250.0;149.0;187.633;4.474;183.7;192.5;176.271;12.66;157.6;192.5;149.2;32.21;102.6;192.5;99.667;1.155;99.0;101.0;102.857;14.508;86.0;128.0;86.929;24.525;43.0;128.0;1.944;1300;100;5.8;2.8;-2.0;-4.0;59.5
35;0;295;1.67;4.52;69.0;198;3821;69;1214;198.2;3469.3;0.0;0;-352;2390;101;2402.0;247;12;146;1.6;1.444;-0.156;406;467;24;26;50;17405;17700;3;1.518;1.498;1.479;1.404;1.315;192.5;186.7;183.7;157.6;119.7;99.0;101.0;99.0;128.0;52.0;26.0;26.0;26.0;26.0;28.0;24.0;24.0;24.0;24.0;26.0;50.0;50.0;50.0;50.0;55.0;1.0;14.0;9.0;5.0;7.0;295.0;294.0;280.0;255.0;156.0;192.467;5.75;186.7;198.2;182.071;11.961;163.4;198.2;154.807;33.487;102.6;198.2;149.0;84.876;99.0;247.0;119.857;56.84;86.0;247.0;100.857;47.641;43.0;247.0;0.802;1300;100;5.7;-0.1;148.0;150.0;59.0
1;21;21;0.105;0.1;7.0;18;18;7;7;17.5;17.5;0.0;0;0;56;14;55.0;22;-1;8;0.321;0.318;-0.003;0;0;30;32;65;19979;20000;4;0.318;0.318;0.318;0.318;0.318;17.5;17.5;17.5;17.5;17.5;22.0;22.0;22.0;22.0;22.0;32.0;32.0;32.0;32.0;32.0;30.0;30.0;30.0;30.0;30.0;65.0;65.0;65.0;65.0;65.0;21.0;21.0;21.0;21.0;21.0;21.0;21.0;21.0;21.0;21.0;17.5;1.768;17.5;17.5;17.5;1.768;17.5;17.5;17.5;1.768;17.5;17.5;22.0;6.364;22.0;22.0;22.0;6.364;22.0;22.0;22.0;6.364;22.0;22.0;0.795;2080;130;-2.5;2.5;-9.0;14.0;14.7
2;25;46;0.23;0.23;9.0;22;40;6;13;15.0;32.5;-3.0;-7;-7;73;17;68.0;13;-5;-4;0.549;0.479;-0.07;0;0;30;32;65;19954;20000;4;0.318;0.318;0.318;0.318;0.318;17.5;17.5;17.5;17.5;17.5;22.0;22.0;22.0;22.0;22.0;32.0;32.0;32.0;32.0;32.0;30.0;30.0;30.0;30.0;30.0;65.0;65.0;65.0;65.0;65.0;21.0;21.0;21.0;21.0;21.0;21.0;21.0;21.0;21.0;21.0;16.25;1.768;15.0;17.5;16.25;1.768;15.0;17.5;16.25;1.768;15.0;17.5;17.5;6.364;13.0;22.0;17.5;6.364;13.0;22.0;17.5;6.364;13.0;22.0;1.154;2080;130;-2.5;2.5;-9.0;14.0;21.7
3;17;63;0.315;0.36;10.0;26;66;6;19;15.0;47.6;-4.0;-11;-18;94;20;86.0;18;-8;-2;0.711;0.554;-0.157;0;0;30;32;65;19937;20000;4;0.479;0.318;0.318;0.318;0.318;15.0;17.5;17.5;17.5;17.5;13.0;22.0;22.0;22.0;22.0;32.0;32.0;32.0;32.0;32.0;30.0;30.0;30.0;30.0;30.0;65.0;65.0;65.0;65.0;65.0;25.0;21.0;21.0;21.0;21.0;46.0;21.0;21.0;21.0;21.0;15.833;1.443;15.0;17.5;15.833;1.443;15.0;17.5;15.833;1.443;15.0;17.5;17.667;4.509;13.0;22.0;17.667;4.509;13.0;22.0;17.667;4.509;13.0;22.0;0.833;2080;130;0.0;2.5;5.0;14.0;21.1
4;12;75;0.375;0.49;12.0;30;96;8;27;20.1;67.7;-4.0;-10;-28;117;24;98.0;12;-19;-12;0.826;0.691;-0.135;0;0;30;32;65;19925;20000;4;0.554;0.479;0.318;0.318;0.318;15.0;15.0;17.5;17.5;17.5;18.0;13.0;22.0;22.0;22.0;32.0;32.0;32.0;32.0;32.0;30.0;30.0;30.0;30.0;30.0;65.0;65.0;65.0;65.0;65.0;17.0;25.0;21.0;21.0;21.0;63.0;46.0;21.0;21.0;21.0;16.7;2.944;15.0;20.1;16.9;2.437;15.0;20.1;16.9;2.437;15.0;20.1;14.333;3.215;12.0;18.0;16.25;4.646;12.0;22.0;16.25;4.646;12.0;22.0;1.675;2080;130;5.1;5.1;-6.0;-11.0;21.0
5;11;86;0.43;0.62;14.0;34;131;9;36;22.6;90.3;-5.0;-11;-41;144;27;117.0;19;-27;-8;0.914;0.773;-0.141;0;0;30;32;65;19914;20000;4;0.691;0.554;0.479;0.318;0.318;20.1;15.0;15.0;17.5;17.5;12.0;18.0;13.0;22.0;22.0;32.0;32.0;32.0;32.0;32.0;30.0;30.0;30.0;30.0;30.0;65.0;65.0;65.0;65.0;65.0;12.0;17.0;25.0;21.0;21.0;75.0;63.0;46.0;21.0;21.0;19.233;3.873;15.0;22.6;18.04;3.31;15.0;22.6;18.04;3.31;15.0;22.6;16.333;3.786;12.0;19.0;16.8;4.207;12.0;22.0;16.8;4.207;12.0;22.0;1.189;2080;130;2.5;-2.6;7.0;13.0;22.7
6;12;98;0.49;0.75;15.0;38;170;9;45;22.6;112.9;-6.0;-15;-57;174;30;136.0;19;-38;-11;0.979;0.831;-0.148;0;0;30;32;65;19902;20000;4;0.773;0.691;0.554;0.318;0.318;22.6;20.1;15.0;17.5;17.5;19.0;12.0;18.0;22.0;22.0;32.0;32.0;32.0;32.0;32.0;30.0;30.0;30.0;30.0;30.0;65.0;65.0;65.0;65.0;65.0;11.0;12.0;17.0;21.0;21.0;86.0;75.0;63.0;21.0;21.0;21.767;1.443;20.1;22.6;18.8;3.497;15.0;22.6;18.8;3.497;15.0;22.6;16.667;4.041;12.0;19.0;17.167;3.869;12.0;22.0;17.167;3.869;12.0;22.0;1.189;2080;130;0.0;-2.5;0.0;-7.0;25.6
7;11;109;0.545;0.68;17.0;43;210;14;59;35.2;148.1;-3.0;-8;-62;205;33;161.0;25;-44;-8;1.029;0.921;-0.108;270;248;30;32;65;19891;20000;4;0.831;0.773;0.691;0.318;0.318;22.6;22.6;20.1;17.5;17.5;19.0;19.0;12.0;22.0;22.0;32.0;32.0;32.0;32.0;32.0;30.0;30.0;30.0;30.0;30.0;65.0;65.0;65.0;65.0;65.0;12.0;11.0;12.0;21.0;21.0;98.0;86.0;75.0;21.0;21.0;26.8;7.275;22.6;35.2;21.143;6.972;15.0;35.2;21.143;6.972;15.0;35.2;21.0;3.464;19.0;25.0;18.286;4.608;12.0;25.0;18.286;4.608;12.0;25.0;1.408;2080;130;12.6;12.6;6.0;6.0;27.3
8;12;121;0.605;1.01;18.0;45;260;15;74;37.7;185.8;-3.0;-7;-74;244;37;187.0;26;-57;-11;1.068;0.995;-0.073;268;234;28;30;60;19879;20000;4;0.921;0.831;0.773;0.318;0.318;35.2;22.6;22.6;17.5;17.5;25.0;19.0;19.0;22.0;22.0;32.0;32.0;32.0;32.0;32.0;30.0;30.0;30.0;30.0;30.0;65.0;65.0;65.0;65.0;65.0;11.0;12.0;11.0;21.0;21.0;109.0;98.0;86.0;21.0;21.0;31.833;8.093;22.6;37.7;24.029;9.076;15.0;37.7;23.213;8.714;15.0;37.7;23.333;3.786;19.0;26.0;18.857;5.336;12.0;26.0;19.25;5.064;12.0;26.0;1.45;1800;120;2.5;-10.1;1.0;-5.0;30.2
9;7;128;0.64;1.14;21.0;53;312;17;91;42.8;228.6;-4.0;-10;-83;285;41;220.0;33;-65;-8;1.099;1.041;-0.058;274;233;28;30;60;19872;20000;4;0.995;0.921;0.831;0.479;0.318;37.7;35.2;22.6;15.0;17.5;26.0;25.0;19.0;13.0;22.0;30.0;32.0;32.0;32.0;32.0;28.0;30.0;30.0;30.0;30.0;60.0;65.0;65.0;65.0;65.0;12.0;11.0;12.0;25.0;21.0;121.0;109.0;98.0;46.0;21.0;38.567;3.873;35.2;42.8;28.0;10.446;15.0;42.8;25.389;10.444;15.0;42.8;28.0;4.359;25.0;33.0;21.714;6.824;12.0;33.0;20.778;6.591;12.0;33.0;1.297;1800;120;5.1;2.6;7.0;6.0;29.1
10;8;136;0.68;1.27;22.0;56;372;16;107;40.3;268.8;-6.0;-16;-103;330;45;257.0;37;-73;-8;1.129;1.048;-0.081;281;244;28;30;60;19864;20000;4;1.041;0.995;0.921;0.554;0.318;42.8;37.7;35.2;15.0;17.5;33.0;26.0;25.0;18.0;22.0;30.0;30.0;32.0;32.0;32.0;28.0;28.0;30.0;30.0;30.0;60.0;60.0;65.0;65.0;65.0;7.0;12.0;11.0;17.0;21.0;128.0;121.0;109.0;63.0;21.0;40.267;2.55;37.7;42.8;31.614;9.535;20.1;42.8;26.88;10.917;15.0;42.8;32.0;5.568;26.0;37.0;24.429;8.638;12.0;37.0;22.4;8.058;12.0;37.0;1.089;1800;120;-2.5;-7.6;4.0;-3.0;31.2
11;11;147;0.735;1.4;25.0;63;435;21;128;52.9;321.7;-4.0;-10;-113;380;49;292.0;35;-88;-14;1.149;1.104;-0.045;289;239;28;30;60;19853;20000;4;1.048;1.041;0.995;0.691;0.318;40.3;42.8;37.7;20.1;17.5;37.0;33.0;26.0;12.0;22.0;30.0;30.0;30.0;32.0;32.0;28.0;28.0;28.0;30.0;30.0;60.0;60.0;60.0;65.0;65.0;8.0;7.0;12.0;12.0;21.0;136.0;128.0;121.0;75.0;21.0;45.333;6.671;40.3;52.9;36.3;10.896;22.6;52.9;29.245;12.993;15.0;52.9;35.0;2.0;33.0;37.0;27.714;7.41;19.0;37.0;23.545;8.537;12.0;37.0;1.511;1800;120;12.6;15.1;-2.0;-6.0;34.9
12;11;158;0.79;1.53;27.0;68;506;22;150;55.4;377.2;-5.0;-13;-129;434;54;335.0;43;-99;-11;1.169;1.128;-0.041;297;246;28;30;60;19842;20000;4;1.104;1.048;1.041;0.773;0.318;52.9;40.3;42.8;22.6;17.5;35.0;37.0;33.0;19.0;22.0;30.0;30.0;30.0;32.0;32.0;28.0;28.0;28.0;30.0;30.0;60.0;60.0;60.0;65.0;65.0;11.0;8.0;7.0;11.0;21.0;147.0;136.0;128.0;86.0;21.0;49.533;8.093;40.3;55.4;40.986;11.074;22.6;55.4;31.425;14.508;15.0;55.4;38.333;4.163;35.0;43.0;31.143;8.214;19.0;43.0;25.167;9.889;12.0;43.0;1.288;1800;120;2.5;-10.1;8.0;10.0;37.1
13;10;168;0.84;1.68;29.0;73;584;28;178;70.6;447.8;-1.0;-2;-136;492;56;386.0;51;-106;-5;1.186;1.163;-0.023;305;253;28;30;60;19832;20000;4;1.128;1.104;1.048;0.831;0.318;55.4;52.9;40.3;22.6;17.5;43.0;35.0;37.0;19.0;22.0;30.0;30.0;30.0;32.0;32.0;28.0;28.0;28.0;30.0;30.0;60.0;60.0;60.0;65.0;65.0;11.0;11.0;8.0;12.0;21.0;158.0;147.0;136.0;98.0;21.0;59.633;9.579;52.9;70.6;47.843;12.554;35.2;70.6;34.438;17.635;15.0;70.6;43.0;8.0;35.0;51.0;35.714;9.178;25.0;51.0;27.154;11.873;12.0;51.0;1.384;1800;120;15.2;12.7;8.0;0.0;38.6
14;16;184;0.92;1.79;31.0;78;668;22;200;55.5;503.3;-9.0;-22;-165;553;61;431.0;45;-122;-16;1.208;1.171;-0.037;313;260;28;30;60;19816;20000;4;1.163;1.128;1.104;0.921;0.318;70.6;55.4;52.9;35.2;17.5;51.0;43.0;35.0;25.0;22.0;30.0;30.0;30.0;32.0;32.0;28.0;28.0;28.0;30.0;30.0;60.0;60.0;60.0;65.0;65.0;10.0;11.0;11.0;11.0;21.0;168.0;158.0;147.0;109.0;21.0;60.5;8.747;55.4;70.6;50.743;11.442;37.7;70.6;35.943;17.854;15.0;70.6;46.333;4.163;43.0;51.0;38.571;8.364;26.0;51.0;28.429;12.364;12.0;51.0;1.233;1800;120;-15.1;-30.3;-6.0;-14.0;44.8
15;15;199;0.995;1.92;33.0;84;752;30;230;75.8;579.0;-3.0;-8;-173;618;65;488.0;57;-130;-8;1.219;1.19;-0.029;320;271;26;28;55;19801;20000;4;1.171;1.163;1.128;0.995;0.318;55.5;70.6;55.4;37.7;17.5;45.0;51.0;43.0;26.0;22.0;30.0;30.0;30.0;30.0;32.0;28.0;28.0;28.0;28.0;30.0;60.0;60.0;60.0;60.0;65.0;16.0;10.0;11.0;12.0;21.0;184.0;168.0;158.0;121.0;21.0;67.3;10.545;55.5;75.8;56.186;13.14;40.3;75.8;40.107;19.903;15.0;75.8;51.0;6.0;45.0;57.0;43.0;8.794;33.0;57.0;30.929;14.344;12.0;57.0;1.33;1540;110;20.3;35.4;12.0;18.0;47.3
16;20;219;1.095;2.06;36.0;90;841;32;262;80.9;659.9;-4.0;-9;-181;685;68;543.0;55;-142;-13;1.229;1.22;-0.009;327;275;26;28;55;19781;20000;4;1.19;1.171;1.163;1.041;0.479;75.8;55.5;70.6;42.8;15.0;57.0;45.0;51.0;33.0;13.0;28.0;30.0;30.0;30.0;32.0;26.0;28.0;28.0;28.0;30.0;55.0;60.0;60.0;60.0;65.0;15.0;16.0;10.0;7.0;25.0;199.0;184.0;168.0;128.0;46.0;70.733;13.437;55.5;80.9;61.629;14.492;40.3;80.9;44.814;21.255;15.0;80.9;52.333;6.429;45.0;57.0;46.143;8.552;35.0;57.0;33.929;14.694;12.0;57.0;1.471;1540;110;5.1;-15.2;-2.0;-14.0;53.8
17;15;234;1.17;2.18;38.0;96;936;34;296;86.0;745.9;-4.0;-10;-190;756;71;604.0;61;-152;-10;1.239;1.24;0.001;334;283;26;28;55;19766;20000;4;1.22;1.19;1.171;1.048;0.554;80.9;75.8;55.5;40.3;15.0;55.0;57.0;45.0;37.0;18.0;28.0;28.0;30.0;30.0;32.0;26.0;26.0;28.0;28.0;30.0;55.0;55.0;60.0;60.0;65.0;20.0;15.0;16.0;8.0;17.0;219.0;199.0;184.0;136.0;63.0;80.9;5.1;75.8;86.0;68.157;13.545;52.9;86.0;49.886;22.049;20.1;86.0;57.667;3.055;55.0;61.0;49.571;9.071;35.0;61.0;37.0;15.576;12.0;61.0;1.41;1540;110;5.1;-0.0;6.0;8.0;54.3
18;12;246;1.23;2.31;40.0;102;1036;32;328;81.0;826.9;-8.0;-21;-209;830;74;680.0;76;-150;2;1.249;1.221;-0.028;343;306;26;28;55;19754;20000;4;1.24;1.22;1.19;1.104;0.691;86.0;80.9;75.8;52.9;20.1;61.0;55.0;57.0;35.0;12.0;28.0;28.0;28.0;30.0;32.0;26.0;26.0;26.0;28.0;30.0;55.0;55.0;55.0;60.0;65.0;15.0;20.0;15.0;11.0;12.0;234.0;219.0;199.0;147.0;75.0;82.633;2.916;80.9;86.0;72.171;12.384;55.4;86.0;54.236;21.726;22.6;86.0;64.0;10.817;55.0;76.0;55.429;11.103;43.0;76.0;41.571;17.001;19.0;76.0;1.066;1540;110;-5.0;-10.1;15.0;9.0;55.2
19;8;254;1.27;2.44;42.0;106;1142;38;366;96.2;923.1;-4.0;-10;-219;908;77;742.0;62;-166;-15;1.259;1.249;-0.01;378;309;26;28;55;19746;20000;4;1.221;1.24;1.22;1.128;0.773;81.0;86.0;80.9;55.4;22.6;76.0;61.0;55.0;43.0;19.0;28.0;28.0;28.0;30.0;32.0;26.0;26.0;26.0;28.0;30.0;55.0;55.0;55.0;60.0;65.0;12.0;15.0;20.0;11.0;11.0;246.0;234.0;219.0;158.0;86.0;87.733;7.747;81.0;96.2;78.0;12.77;55.5;96.2;59.493;22.377;22.6;96.2;66.333;8.386;61.0;76.0;58.143;9.805;45.0;76.0;44.643;16.486;19.0;76.0;1.552;1540;110;15.2;20.2;-14.0;-29.0;54.8
20;14;268;1.34;2.57;45.0;114;1256;40;406;101.4;1024.5;-5.0;-13;-231;967;80;802.0;60;-165;-20;1.272;1.283;0.011;383;308;26;28;55;19732;20000;4;1.249;1.221;1.24;1.163;0.831;96.2;81.0;86.0;70.6;22.6;62.0;76.0;61.0;51.0;19.0;28.0;28.0;28.0;30.0;32.0;26.0;26.0;26.0;28.0;30.0;55.0;55.0;55.0;60.0;65.0;8.0;12.0;15.0;10.0;12.0;254.0;246.0;234.0;168.0;98.0;92.867;10.601;81.0;101.4;82.4;14.921;55.5;101.4;65.121;22.294;35.2;101.4;66.0;8.718;60.0;76.0;59.429;9.289;45.0;76.0;47.571;15.169;25.0;76.0;1.69;1540;110;5.2;-10.0;-2.0;12.0;60.6
21;15;283;1.415;2.7;47.0;120;1382;38;444;96.4;1120.8;-9.0;-24;-261;1069;82;883.0;81;-186;-1;1.294;1.275;-0.019;387;325;26;28;55;19717;20000;4;1.283;1.249;1.221;1.171;0.921;101.4;96.2;81.0;55.5;35.2;60.0;62.0;76.0;45.0;25.0;28.0;28.0;28.0;30.0;32.0;26.0;26.0;26.0;28.0;30.0;55.0;55.0;55.0;60.0;65.0;14.0;8.0;12.0;16.0;11.0;268.0;254.0;246.0;184.0;109.0;98.0;2.946;96.2;101.4;88.243;9.74;75.8;101.4;69.493;21.973;37.7;101.4;67.667;11.59;60.0;81.0;64.571;9.914;55.0;81.0;51.571;16.114;26.0;81.0;1.19;1540;110;-5.0;-10.2;21.0;23.0;64.1
22;5;288;1.44;2.83;50.0;126;1517;42;486;106.5;1227.4;-8.0;-19;-290;1153;84;948.0;65;-205;-19;1.137;1.3;0.163;391;327;24;26;50;19712;20000;4;1.275;1.283;1.249;1.19;0.995;96.4;101.4;96.2;75.8;37.7;81.0;60.0;62.0;57.0;26.0;28.0;28.0;28.0;28.0;30.0;26.0;26.0;26.0;26.0;28.0;55.0;55.0;55.0;55.0;60.0;15.0;14.0;8.0;15.0;12.0;283.0;268.0;254.0;199.0;121.0;101.433;5.05;96.4;106.5;92.629;10.108;80.9;106.5;74.407;22.009;40.3;106.5;68.667;10.97;60.0;81.0;65.714;9.34;55.0;81.0;54.357;14.658;33.0;81.0;1.638;1300;100;10.1;15.1;-16.0;-37.0;60.1
23;11;299;1.495;2.96;52.0;132;1656;44;530;111.7;1339.1;-8.0;-20;-317;1239;86;1027.0;79;-212;-7;1.337;1.31;-0.027;394;336;24;26;50;19701;20000;4;1.3;1.275;1.283;1.22;1.041;106.5;96.4;101.4;80.9;42.8;65.0;81.0;60.0;55.0;33.0;26.0;28.0;28.0;28.0;30.0;24.0;26.0;26.0;26.0;28.0;50.0;55.0;55.0;55.0;60.0;5.0;15.0;14.0;20.0;7.0;288.0;283.0;268.0;219.0;128.0;104.867;7.78;96.4;111.7;97.029;10.83;81.0;111.7;79.329;22.101;40.3;111.7;75.0;8.718;65.0;81.0;69.143;9.155;60.0;81.0;57.643;14.658;35.0;81.0;1.414;1300;100;5.2;-4.9;14.0;30.0;65.3
24;11;310;1.55;3.09;54.0;138;1803;46;576;116.8;1455.9;-8.0;-21;-347;1327;88;1107.0;80;-220;-8;1.36;1.321;-0.039;397;344;24;26;50;19690;20000;4;1.31;1.3;1.275;1.24;1.048;111.7;106.5;96.4;86.0;40.3;79.0;65.0;81.0;61.0;37.0;26.0;26.0;28.0;28.0;30.0;24.0;24.0;26.0;26.0;28.0;50.0;50.0;55.0;55.0;60.0;11.0;5.0;15.0;15.0;8.0;299.0;288.0;283.0;234.0;136.0;111.667;5.15;106.5;116.8;101.429;11.814;81.0;116.8;84.793;21.146;52.9;116.8;74.667;8.386;65.0;80.0;71.857;9.155;60.0;81.0;60.714;14.504;35.0;81.0;1.46;1300;100;5.1;-0.1;1.0;-13.0;67.5
25;11;321;1.605;3.22;57.0;144;1958;48;624;122.0;1577.8;-9.0;-22;-380;1418;90;1167.0;60;-251;-30;1.382;1.359;-0.023;400;338;24;26;50;19679;20000;4;1.321;1.31;1.3;1.221;1.104;116.8;111.7;106.5;81.0;52.9;80.0;79.0;65.0;76.0;35.0;26.0;26.0;26.0;28.0;30.0;24.0;24.0;24.0;26.0;28.0;50.0;50.0;50.0;55.0;60.0;11.0;11.0;5.0;12.0;11.0;310.0;299.0;288.0;246.0;147.0;116.833;5.15;111.7;122.0;107.286;10.026;96.2;122.0;89.729;21.193;55.4;122.0;73.0;11.269;60.0;80.0;69.571;9.914;60.0;81.0;62.5;12.495;43.0;81.0;2.033;1300;100;5.2;0.1;-20.0;-21.0;69.7
26;24;345;1.725;3.35;59.0;150;2120;46;670;117.0;1694.8;-13.0;-33;-425;1510;92;1221.0;54;-289;-38;1.405;1.396;-0.009;402;331;24;26;50;19655;20000;4;1.359;1.321;1.31;1.249;1.128;122.0;116.8;111.7;96.2;55.4;60.0;80.0;79.0;62.0;43.0;26.0;26.0;26.0;28.0;30.0;24.0;24.0;24.0;26.0;28.0;50.0;50.0;50.0;55.0;60.0;11.0;11.0;11.0;8.0;11.0;321.0;310.0;299.0;254.0;158.0;118.6;2.946;116.8;122.0;110.257;9.245;96.4;122.0;94.129;19.871;55.5;122.0;64.667;13.614;54.0;80.0;68.429;11.297;54.0;81.0;63.286;11.479;45.0;81.0;2.167;1300;100;-5.0;-10.2;-6.0;14.0;81.0
27;21;366;1.83;3.4;61.0;156;2285;46;716;117.1;1812.0;-15.0;-39;-473;1604;94;1289.0;68;-315;-26;1.426;1.415;-0.011;404;331;24;26;50;19634;20000;4;1.396;1.359;1.321;1.283;1.163;117.0;122.0;116.8;101.4;70.6;54.0;60.0;80.0;60.0;51.0;26.0;26.0;26.0;28.0;30.0;24.0;24.0;24.0;26.0;28.0;50.0;50.0;50.0;55.0;60.0;24.0;11.0;11.0;14.0;10.0;345.0;321.0;310.0;268.0;168.0;118.7;2.858;117.0;122.0;112.5;8.622;96.4;122.0;97.45;19.519;55.5;122.0;60.667;7.024;54.0;68.0;69.571;10.69;54.0;81.0;64.5;10.967;45.0;81.0;1.722;1300;100;0.1;5.1;14.0;20.0;83.7
28;25;391;1.955;3.61;64.0;162;2455;56;772;142.8;1954.8;-8.0;-19;-500;1698;95;1382.0;93;-316;-2;1.446;1.424;-0.022;405;340;24;26;50;19609;20000;4;1.415;1.396;1.359;1.275;1.171;117.1;117.0;122.0;96.4;55.5;68.0;54.0;60.0;81.0;45.0;26.0;26.0;26.0;28.0;30.0;24.0;24.0;24.0;26.0;28.0;50.0;50.0;50.0;55.0;60.0;21.0;24.0;11.0;15.0;16.0;366.0;345.0;321.0;283.0;184.0;125.633;14.867;117.0;142.8;119.129;11.528;106.5;142.8;103.686;19.025;75.8;142.8;71.667;19.757;54.0;93.0;71.286;13.438;54.0;93.0;67.929;11.868;54.0;93.0;1.535;1300;100;25.7;25.6;25.0;11.0;90.7
29;35;426;2.13;3.74;66.0;168;2635;54;826;137.9;2092.7;-12.0;-30;-542;1794;96;1449.0;67;-345;-29;1.47;1.456;-0.014;406;336;24;26;50;19574;20000;4;1.424;1.415;1.396;1.3;1.19;142.8;117.1;117.0;106.5;75.8;93.0;68.0;54.0;65.0;57.0;26.0;26.0;26.0;26.0;28.0;24.0;24.0;24.0;24.0;26.0;50.0;50.0;50.0;50.0;55.0;25.0;21.0;24.0;5.0;15.0;391.0;366.0;345.0;288.0;199.0;132.6;13.645;117.1;142.8;123.614;11.898;111.7;142.8;108.121;19.261;80.9;142.8;76.0;14.731;67.0;93.0;71.571;13.302;54.0;93.0;68.643;11.453;54.0;93.0;2.058;1300;100;-4.9;-30.6;-26.0;-51.0;102.7
30;25;451;2.255;3.87;68.0;173;2818;52;878;133.0;2225.7;-16.0;-40;-592;1891;97;1531.0;82;-360;-15;1.491;1.467;-0.024;407;340;24;26;50;19549;20000;4;1.456;1.424;1.415;1.31;1.22;137.9;142.8;117.1;111.7;80.9;67.0;93.0;68.0;79.0;55.0;26.0;26.0;26.0;26.0;28.0;24.0;24.0;24.0;24.0;26.0;50.0;50.0;50.0;50.0;55.0;35.0;25.0;21.0;11.0;20.0;426.0;391.0;366.0;299.0;219.0;137.9;4.9;133.0;142.8;126.657;11.035;116.8;142.8;111.843;18.619;81.0;142.8;80.667;13.051;67.0;93.0;72.0;13.626;54.0;93.0;70.571;11.25;54.0;93.0;1.622;1300;100;-4.9;0.0;15.0;41.0;102.7
31;10;461;2.305;4.0;70.0;178;3004;52;930;133.1;2358.8;-18.0;-45;-645;1989;98;1611.0;80;-378;-18;1.511;1.477;-0.034;408;344;24;26;50;19539;20000;4;1.467;1.456;1.424;1.321;1.24;133.0;137.9;142.8;116.8;86.0;82.0;67.0;93.0;80.0;61.0;26.0;26.0;26.0;26.0;28.0;24.0;24.0;24.0;24.0;26.0;50.0;50.0;50.0;50.0;55.0;25.0;35.0;25.0;11.0;15.0;451.0;426.0;391.0;310.0;234.0;134.667;2.801;133.0;137.9;128.986;10.304;117.0;142.8;115.207;17.829;81.0;142.8;76.333;8.145;67.0;82.0;72.0;13.626;54.0;93.0;71.929;11.153;54.0;93.0;1.664;1300;100;0.1;5.0;-2.0;-17.0;97.2
32;16;477;2.385;4.13;71.0;183;3201;56;986;143.4;2502.2;-15.0;-40;-699;2087;99;1683.0;72;-404;-27;1.534;1.5;-0.034;408;342;24;26;50;19523;20000;4;1.477;1.467;1.456;1.359;1.221;133.1;133.0;137.9;122.0;81.0;80.0;82.0;67.0;60.0;76.0;26.0;26.0;26.0;26.0;28.0;24.0;24.0;24.0;24.0;26.0;50.0;50.0;50.0;50.0;55.0;10.0;25.0;35.0;11.0;12.0;461.0;451.0;426.0;321.0;246.0;136.5;5.976;133.0;143.4;132.043;11.035;117.0;143.4;119.664;16.359;96.2;143.4;78.0;5.292;72.0;82.0;73.714;12.579;54.0;93.0;71.643;11.091;54.0;93.0;1.992;1300;100;10.3;10.2;-8.0;-6.0;103.4
33;5;482;2.41;4.26;73.0;188;3403;50;1036;128.1;2630.3;-23.0;-60;-773;2187;100;1748.0;65;-439;-35;1.556;1.518;-0.038;408;341;24;26;50;19518;20000;4;1.5;1.477;1.467;1.396;1.249;143.4;133.1;133.0;117.0;96.2;72.0;80.0;82.0;54.0;62.0;26.0;26.0;26.0;26.0;28.0;24.0;24.0;24.0;24.0;26.0;50.0;50.0;50.0;50.0;55.0;16.0;10.0;25.0;24.0;8.0;477.0;461.0;451.0;345.0;254.0;134.867;7.801;128.1;143.4;133.629;9.149;117.1;143.4;121.943;15.005;96.4;143.4;72.333;7.506;65.0;80.0;75.286;10.161;65.0;93.0;71.857;10.918;54.0;93.0;1.971;1300;100;-15.3;-25.6;-7.0;1.0;98.9
34;17;499;2.495;4.39;75.0;193;3601;52;1088;133.3;2763.6;-23.0;-60;-837;2289;101;1842.0;94;-447;-7;1.578;1.514;-0.064;407;349;24;26;50;19501;20000;4;1.518;1.5;1.477;1.415;1.283;128.1;143.4;133.1;117.1;101.4;65.0;72.0;80.0;68.0;60.0;26.0;26.0;26.0;26.0;28.0;24.0;24.0;24.0;24.0;26.0;50.0;50.0;50.0;50.0;55.0;5.0;16.0;10.0;21.0;14.0;482.0;477.0;461.0;366.0;268.0;134.933;7.78;128.1;143.4;135.943;5.652;128.1;143.4;124.221;14.036;96.4;143.4;77.0;15.133;65.0;94.0;79.0;11.69;65.0;94.0;74.286;11.822;54.0;94.0;1.418;1300;100;5.2;20.5;29.0;36.0;108.3
35;27;526;2.63;4.52;77.0;198;3821;54;1142;138.6;2902.3;-23.0;-59;-919;2390;101;1901.0;59;-489;-42;1.6;1.542;-0.073;406;343;24;26;50;19474;20000;4;1.514;1.518;1.5;1.424;1.275;133.3;128.1;143.4;142.8;96.4;94.0;65.0;72.0;93.0;81.0;26.0;26.0;26.0;26.0;28.0;24.0;24.0;24.0;24.0;26.0;50.0;50.0;50.0;50.0;55.0;17.0;5.0;16.0;25.0;15.0;499.0;482.0;477.0;391.0;283.0;133.333;5.25;128.1;138.6;135.343;4.987;128.1;143.4;127.236;11.983;106.5;143.4;72.667;18.717;59.0;94.0;74.143;11.964;59.0;94.0;72.714;12.313;54.0;94.0;2.349;1300;100;5.3;0.1;-35.0;-64.0;118.7
1;9;9;0.045;0.1;7.0;18;18;7;7;17.5;17.5;0.0;0;0;56;14;70.5;22;15;8;0.321;0.255;-0.066;0;0;30;32;65;19991;20000;5;0.255;0.255;0.255;0.255;0.255;17.5;17.5;17.5;17.5;17.5;22.0;22.0;22.0;22.0;22.0;32.0;32.0;32.0;32.0;32.0;30.0;30.0;30.0;30.0;30.0;65.0;65.0;65.0;65.0;65.0;9.0;9.0;9.0;9.0;9.0;9.0;9.0;9.0;9.0;9.0;17.5;3.536;17.5;17.5;17.5;3.536;17.5;17.5;17.5;3.536;17.5;17.5;22.0;1.414;22.0;22.0;22.0;1.414;22.0;22.0;22.0;1.414;22.0;22.0;0.795;2080;130;5.0;-5.0;-2.0;5.0;6.3
2;13;22;0.11;0.23;9.0;22;40;9;16;22.5;40.0;0.0;1;0;73;17;90.5;20;18;3;0.549;0.442;-0.107;0;0;30;32;65;19978;20000;5;0.255;0.255;0.255;0.255;0.255;17.5;17.5;17.5;17.5;17.5;22.0;22.0;22.0;22.0;22.0;32.0;32.0;32.0;32.0;32.0;30.0;30.0;30.0;30.0;30.0;65.0;65.0;65.0;65.0;65.0;9.0;9.0;9.0;9.0;9.0;9.0;9.0;9.0;9.0;9.0;20.0;3.536;17.5;22.5;20.0;3.536;17.5;22.5;20.0;3.536;17.5;22.5;21.0;1.414;20.0;22.0;21.0;1.414;20.0;22.0;21.0;1.414;20.0;22.0;1.125;2080;130;5.0;-5.0;-2.0;5.0;10.9
3;9;31;0.155;0.36;10.0;26;66;9;25;22.5;62.5;-1.0;-3;-3;94;20;113.0;23;19;3;0.711;0.558;-0.153;0;0;30;32;65;19969;20000;5;0.442;0.255;0.255;0.255;0.255;22.5;17.5;17.5;17.5;17.5;20.0;22.0;22.0;22.0;22.0;32.0;32.0;32.0;32.0;32.0;30.0;30.0;30.0;30.0;30.0;65.0;65.0;65.0;65.0;65.0;13.0;9.0;9.0;9.0;9.0;22.0;9.0;9.0;9.0;9.0;20.833;2.887;17.5;22.5;20.833;2.887;17.5;22.5;20.833;2.887;17.5;22.5;21.667;1.528;20.0;23.0;21.667;1.528;20.0;23.0;21.667;1.528;20.0;23.0;0.978;2080;130;0.0;-5.0;3.0;5.0;10.7
4;12;43;0.215;0.49;12.0;30;96;10;35;25.1;87.6;-2.0;-5;-8;117;24;137.5;25;21;1;0.826;0.64;-0.186;0;0;30;32;65;19957;20000;5;0.558;0.442;0.255;0.255;0.255;22.5;22.5;17.5;17.5;17.5;23.0;20.0;22.0;22.0;22.0;32.0;32.0;32.0;32.0;32.0;30.0;30.0;30.0;30.0;30.0;65.0;65.0;65.0;65.0;65.0;9.0;13.0;9.0;9.0;9.0;31.0;22.0;9.0;9.0;9.0;23.367;1.501;22.5;25.1;21.9;3.179;17.5;25.1;21.9;3.179;17.5;25.1;22.667;2.517;20.0;25.0;22.5;2.082;20.0;25.0;22.5;2.082;20.0;25.0;1.004;2080;130;2.6;2.6;2.0;-1.0;14.6
5;10;53;0.265;0.62;14.0;34;131;14;49;35.1;122.7;0.0;1;-8;144;27;175.5;38;32;11;0.914;0.701;-0.213;0;0;30;32;65;19947;20000;5;0.64;0.558;0.442;0.255;0.255;25.1;22.5;22.5;17.5;17.5;25.0;23.0;20.0;22.0;22.0;32.0;32.0;32.0;32.0;32.0;30.0;30.0;30.0;30.0;30.0;65.0;65.0;65.0;65.0;65.0;12.0;9.0;13.0;9.0;9.0;43.0;31.0;22.0;9.0;9.0;27.567;6.652;22.5;35.1;24.54;6.514;17.5;35.1;24.54;6.514;17.5;35.1;28.667;8.145;23.0;38.0;25.6;7.162;20.0;38.0;25.6;7.162;20.0;38.0;0.924;2080;130;10.0;7.4;13.0;11.0;15.6
6;14;67;0.335;0.75;15.0;38;170;16;65;40.1;162.8;1.0;2;-7;174;30;207.5;32;34;2;0.979;0.786;-0.193;0;0;30;32;65;19933;20000;5;0.701;0.64;0.558;0.255;0.255;35.1;25.1;22.5;17.5;17.5;38.0;25.0;23.0;22.0;22.0;32.0;32.0;32.0;32.0;32.0;30.0;30.0;30.0;30.0;30.0;65.0;65.0;65.0;65.0;65.0;10.0;12.0;9.0;9.0;9.0;53.0;43.0;31.0;9.0;9.0;33.433;7.638;25.1;40.1;27.133;8.619;17.5;40.1;27.133;8.619;17.5;40.1;31.667;6.506;25.0;38.0;26.667;6.919;20.0;38.0;26.667;6.919;20.0;38.0;1.253;2080;130;5.0;-5.0;-6.0;-19.0;20.4
7;6;73;0.365;0.68;17.0;43;210;18;83;45.2;208.0;1.0;2;-2;205;33;250.0;43;45;10;1.029;0.832;-0.197;270;351;30;32;65;19927;20000;5;0.786;0.701;0.64;0.255;0.255;40.1;35.1;25.1;17.5;17.5;32.0;38.0;25.0;22.0;22.0;32.0;32.0;32.0;32.0;32.0;30.0;30.0;30.0;30.0;30.0;65.0;65.0;65.0;65.0;65.0;14.0;10.0;12.0;9.0;9.0;67.0;53.0;43.0;9.0;9.0;40.133;5.05;35.1;45.2;29.714;10.418;17.5;45.2;29.714;10.418;17.5;45.2;37.667;5.508;32.0;43.0;29.0;8.832;20.0;43.0;29.0;8.832;20.0;43.0;1.051;2080;130;5.1;0.1;11.0;17.0;17.6
8;11;84;0.42;1.01;18.0;45;260;20;103;50.2;258.2;2.0;5;-2;244;37;296.5;47;53;10;1.068;0.87;-0.198;268;349;28;30;60;19916;20000;5;0.832;0.786;0.701;0.255;0.255;45.2;40.1;35.1;17.5;17.5;43.0;32.0;38.0;22.0;22.0;32.0;32.0;32.0;32.0;32.0;30.0;30.0;30.0;30.0;30.0;65.0;65.0;65.0;65.0;65.0;6.0;14.0;10.0;9.0;9.0;73.0;67.0;53.0;9.0;9.0;45.167;5.05;40.1;50.2;34.386;11.321;22.5;50.2;32.275;12.062;17.5;50.2;40.667;7.767;32.0;47.0;32.571;10.438;20.0;47.0;31.25;10.361;20.0;47.0;1.068;1800;120;5.0;-0.1;4.0;-7.0;22.3
9;10;94;0.47;1.14;21.0;53;312;22;125;55.3;313.5;1.0;2;1;285;41;334.0;38;49;-4;1.099;0.937;-0.162;274;336;28;30;60;19906;20000;5;0.87;0.832;0.786;0.442;0.255;50.2;45.2;40.1;22.5;17.5;47.0;43.0;32.0;20.0;22.0;30.0;32.0;32.0;32.0;32.0;28.0;30.0;30.0;30.0;30.0;60.0;65.0;65.0;65.0;65.0;11.0;6.0;14.0;13.0;9.0;84.0;73.0;67.0;22.0;9.0;50.233;5.05;45.2;55.3;39.071;12.325;22.5;55.3;34.833;13.646;17.5;55.3;42.667;4.509;38.0;47.0;35.143;8.934;23.0;47.0;32.0;9.95;20.0;47.0;1.455;1800;120;5.1;0.1;-9.0;-13.0;23.8
10;15;109;0.545;1.27;22.0;56;372;22;147;55.3;368.8;0.0;-1;-3;330;45;386.5;53;57;8;1.129;0.955;-0.174;281;344;28;30;60;19891;20000;5;0.937;0.87;0.832;0.558;0.255;55.3;50.2;45.2;22.5;17.5;38.0;47.0;43.0;23.0;22.0;30.0;30.0;32.0;32.0;32.0;28.0;28.0;30.0;30.0;30.0;60.0;60.0;65.0;65.0;65.0;10.0;11.0;6.0;9.0;9.0;94.0;84.0;73.0;31.0;9.0;53.6;2.944;50.2;55.3;43.757;11.154;25.1;55.3;36.88;14.402;17.5;55.3;46.0;7.55;38.0;53.0;39.429;9.325;25.0;53.0;34.1;11.493;20.0;53.0;1.043;1800;120;0.0;-5.1;15.0;24.0;29.3
11;13;122;0.61;1.4;25.0;63;435;25;172;62.9;431.7;0.0;0;-3;380;49;421.5;35;42;-14;1.149;1.025;-0.124;289;335;28;30;60;19878;20000;5;0.955;0.937;0.87;0.64;0.255;55.3;55.3;50.2;25.1;17.5;53.0;38.0;47.0;25.0;22.0;30.0;30.0;30.0;32.0;32.0;28.0;28.0;28.0;30.0;30.0;60.0;60.0;60.0;65.0;65.0;15.0;10.0;11.0;12.0;9.0;109.0;94.0;84.0;43.0;9.0;57.833;4.388;55.3;62.9;49.157;9.667;35.1;62.9;39.245;15.755;17.5;62.9;42.0;9.644;35.0;53.0;40.857;7.29;32.0;53.0;34.182;10.907;20.0;53.0;1.797;1800;120;7.6;7.6;-18.0;-33.0;30.9
12;12;134;0.67;1.53;27.0;68;506;27;199;68.0;499.7;0.0;0;-6;434;54;460.0;39;26;-16;1.169;1.087;-0.082;297;330;28;30;60;19866;20000;5;1.025;0.955;0.937;0.701;0.255;62.9;55.3;55.3;35.1;17.5;35.0;53.0;38.0;38.0;22.0;30.0;30.0;30.0;32.0;32.0;28.0;28.0;28.0;30.0;30.0;60.0;60.0;60.0;65.0;65.0;13.0;15.0;10.0;10.0;9.0;122.0;109.0;94.0;53.0;9.0;62.067;6.391;55.3;68.0;53.857;9.691;40.1;68.0;41.642;17.163;17.5;68.0;42.333;9.452;35.0;53.0;41.0;7.234;32.0;53.0;34.583;10.492;20.0;53.0;1.744;1800;120;5.1;-2.5;4.0;22.0;32.8
13;12;146;0.73;1.68;29.0;73;584;29;228;73.0;572.7;0.0;0;-11;492;56;521.0;61;29;5;1.186;1.1;-0.086;305;342;28;30;60;19854;20000;5;1.087;1.025;0.955;0.786;0.255;68.0;62.9;55.3;40.1;17.5;39.0;35.0;53.0;32.0;22.0;30.0;30.0;30.0;32.0;32.0;28.0;28.0;28.0;30.0;30.0;60.0;60.0;60.0;65.0;65.0;12.0;13.0;15.0;14.0;9.0;134.0;122.0;109.0;67.0;9.0;67.967;5.05;62.9;73.0;58.557;9.883;45.2;73.0;44.054;18.592;17.5;73.0;45.0;14.0;35.0;61.0;45.143;9.245;35.0;61.0;36.615;12.433;20.0;61.0;1.197;1800;120;5.0;-0.1;22.0;18.0;35.2
14;16;162;0.81;1.79;31.0;78;668;31;259;78.1;650.8;0.0;0;-17;553;61;590.0;69;37;8;1.208;1.103;-0.105;313;355;28;30;60;19838;20000;5;1.1;1.087;1.025;0.832;0.255;73.0;68.0;62.9;45.2;17.5;61.0;39.0;35.0;43.0;22.0;30.0;30.0;30.0;32.0;32.0;28.0;28.0;28.0;30.0;30.0;60.0;60.0;60.0;65.0;65.0;12.0;12.0;13.0;6.0;9.0;146.0;134.0;122.0;73.0;9.0;73.033;5.05;68.0;78.1;63.257;10.287;50.2;78.1;46.486;20.046;17.5;78.1;56.333;15.535;39.0;69.0;48.857;12.786;35.0;69.0;38.929;14.752;20.0;69.0;1.132;1800;120;5.1;0.1;8.0;-14.0;40.4
15;16;178;0.89;1.92;33.0;84;752;33;292;83.2;734.0;0.0;-1;-18;618;65;667.0;77;49;12;1.219;1.1;-0.119;320;371;26;28;55;19822;20000;5;1.103;1.1;1.087;0.87;0.255;78.1;73.0;68.0;50.2;17.5;69.0;61.0;39.0;47.0;22.0;30.0;30.0;30.0;30.0;32.0;28.0;28.0;28.0;28.0;30.0;60.0;60.0;60.0;60.0;65.0;16.0;12.0;12.0;11.0;9.0;162.0;146.0;134.0;84.0;9.0;78.1;5.1;73.0;83.2;67.971;10.852;55.3;83.2;51.179;20.425;22.5;83.2;69.0;8.0;61.0;77.0;53.143;16.537;35.0;77.0;42.857;17.042;20.0;77.0;1.081;1540;110;5.1;0.0;8.0;0.0;43.6
16;11;189;0.945;2.06;36.0;90;841;35;327;88.3;822.3;-1.0;-2;-19;685;68;720.0;53;35;-15;1.229;1.142;-0.087;327;371;26;28;55;19811;20000;5;1.1;1.103;1.1;0.937;0.442;83.2;78.1;73.0;55.3;22.5;77.0;69.0;61.0;38.0;20.0;28.0;30.0;30.0;30.0;32.0;26.0;28.0;28.0;28.0;30.0;55.0;60.0;60.0;60.0;65.0;16.0;16.0;12.0;10.0;13.0;178.0;162.0;146.0;94.0;22.0;83.2;5.1;78.1;88.3;72.686;11.574;55.3;88.3;55.879;20.884;22.5;88.3;66.333;12.22;53.0;77.0;55.286;15.163;35.0;77.0;45.214;15.88;23.0;77.0;1.666;1540;110;5.1;-0.0;-24.0;-32.0;43.3
17;11;200;1.0;2.18;38.0;96;936;37;364;93.4;915.7;-1.0;-3;-20;756;71;777.0;57;21;-14;1.239;1.179;-0.06;334;373;26;28;55;19800;20000;5;1.142;1.1;1.103;0.955;0.558;88.3;83.2;78.1;55.3;22.5;53.0;77.0;69.0;53.0;23.0;28.0;28.0;30.0;30.0;32.0;26.0;26.0;28.0;28.0;30.0;55.0;55.0;60.0;60.0;65.0;11.0;16.0;16.0;15.0;9.0;189.0;178.0;162.0;109.0;31.0;88.3;5.1;83.2;93.4;78.129;10.979;62.9;93.4;60.943;20.763;25.1;93.4;62.333;12.858;53.0;77.0;55.857;15.137;35.0;77.0;47.643;14.784;25.0;77.0;1.639;1540;110;5.1;0.0;4.0;28.0;45.5
18;15;215;1.075;2.31;40.0;102;1036;39;403;98.6;1014.3;-1.0;-3;-22;830;74;857.0;80;27;6;1.249;1.183;-0.066;343;386;26;28;55;19785;20000;5;1.179;1.142;1.1;1.025;0.64;93.4;88.3;83.2;62.9;25.1;57.0;53.0;77.0;35.0;25.0;28.0;28.0;28.0;30.0;32.0;26.0;26.0;26.0;28.0;30.0;55.0;55.0;55.0;60.0;65.0;11.0;11.0;16.0;13.0;12.0;200.0;189.0;178.0;122.0;43.0;93.433;5.15;88.3;98.6;83.229;11.017;68.0;98.6;66.193;20.29;35.1;98.6;63.333;14.572;53.0;80.0;62.286;14.338;39.0;80.0;51.571;15.59;32.0;80.0;1.232;1540;110;5.2;0.1;23.0;19.0;50.5
19;16;231;1.155;2.44;42.0;106;1142;41;444;103.7;1118.0;-1.0;-2;-24;908;77;938.0;81;30;4;1.259;1.192;-0.067;378;396;26;28;55;19769;20000;5;1.183;1.179;1.142;1.087;0.701;98.6;93.4;88.3;68.0;35.1;80.0;57.0;53.0;39.0;38.0;28.0;28.0;28.0;30.0;32.0;26.0;26.0;26.0;28.0;30.0;55.0;55.0;55.0;60.0;65.0;15.0;11.0;11.0;12.0;10.0;215.0;200.0;189.0;134.0;53.0;98.567;5.15;93.4;103.7;88.329;11.056;73.0;103.7;71.093;20.486;40.1;103.7;72.667;13.577;57.0;81.0;68.286;11.47;53.0;81.0;54.643;16.892;32.0;81.0;1.28;1540;110;5.1;-0.1;1.0;-22.0;54.2
20;7;238;1.19;2.57;45.0;114;1256;45;489;113.9;1231.9;0.0;0;-24;967;80;1038.0;100;71;20;1.272;1.187;-0.085;383;402;26;28;55;19762;20000;5;1.192;1.183;1.179;1.1;0.786;103.7;98.6;93.4;73.0;40.1;81.0;80.0;57.0;61.0;32.0;28.0;28.0;28.0;30.0;32.0;26.0;26.0;26.0;28.0;30.0;55.0;55.0;55.0;60.0;65.0;16.0;15.0;11.0;12.0;14.0;231.0;215.0;200.0;146.0;67.0;105.4;7.79;98.6;113.9;94.171;12.338;78.1;113.9;76.364;21.374;45.2;113.9;87.0;11.269;80.0;100.0;73.857;15.942;53.0;100.0;59.5;19.461;35.0;100.0;1.139;1540;110;10.2;5.1;19.0;18.0;51.1
21;3;241;1.205;2.7;47.0;120;1382;47;536;118.9;1350.8;0.0;-1;-31;1069;82;1124.5;87;56;5;1.294;1.201;-0.093;387;419;26;28;55;19759;20000;5;1.187;1.192;1.183;1.103;0.832;113.9;103.7;98.6;78.1;45.2;100.0;81.0;80.0;69.0;43.0;28.0;28.0;28.0;30.0;32.0;26.0;26.0;26.0;28.0;30.0;55.0;55.0;55.0;60.0;65.0;7.0;16.0;15.0;16.0;6.0;238.0;231.0;215.0;162.0;73.0;112.167;7.747;103.7;118.9;100.0;13.094;83.2;118.9;81.629;22.169;50.2;118.9;89.333;9.713;81.0;100.0;76.429;16.471;53.0;100.0;62.643;20.133;35.0;100.0;1.367;1540;110;5.0;-5.2;-13.0;-32.0;49.7
22;4;245;1.225;2.83;50.0;126;1517;49;585;124.0;1474.8;-1.0;-2;-42;1153;84;1234.0;110;81;26;1.137;1.195;0.058;391;433;24;26;50;19755;20000;5;1.201;1.187;1.192;1.1;0.87;118.9;113.9;103.7;83.2;50.2;87.0;100.0;81.0;77.0;47.0;28.0;28.0;28.0;28.0;30.0;26.0;26.0;26.0;26.0;28.0;55.0;55.0;55.0;55.0;60.0;3.0;7.0;16.0;16.0;11.0;241.0;238.0;231.0;178.0;84.0;118.933;5.05;113.9;124.0;105.829;13.446;88.3;124.0;86.9;22.883;55.3;124.0;99.0;11.533;87.0;110.0;81.143;20.812;53.0;110.0;67.143;23.178;35.0;110.0;1.127;1300;100;5.1;0.1;23.0;36.0;51.0
23;4;249;1.245;2.96;52.0;132;1656;52;637;131.6;1606.4;0.0;0;-49;1239;86;1328.0;94;89;8;1.337;1.21;-0.127;394;440;24;26;50;19751;20000;5;1.195;1.201;1.187;1.142;0.937;124.0;118.9;113.9;88.3;55.3;110.0;87.0;100.0;53.0;38.0;26.0;28.0;28.0;28.0;30.0;24.0;26.0;26.0;26.0;28.0;50.0;55.0;55.0;55.0;60.0;4.0;3.0;7.0;11.0;10.0;245.0;241.0;238.0;189.0;94.0;124.833;6.391;118.9;131.6;112.014;13.987;93.4;131.6;92.35;23.844;55.3;131.6;97.0;11.79;87.0;110.0;87.0;16.99;57.0;110.0;71.143;22.586;35.0;110.0;1.4;1300;100;7.6;2.5;-16.0;-39.0;51.8
24;14;263;1.315;3.09;54.0;138;1803;57;694;144.4;1750.8;3.0;6;-52;1327;88;1426.0;98;99;10;1.36;1.228;-0.132;397;444;24;26;50;19737;20000;5;1.21;1.195;1.201;1.179;0.955;131.6;124.0;118.9;93.4;55.3;94.0;110.0;87.0;57.0;53.0;26.0;26.0;28.0;28.0;30.0;24.0;24.0;26.0;26.0;28.0;50.0;50.0;55.0;55.0;60.0;4.0;4.0;3.0;11.0;15.0;249.0;245.0;241.0;200.0;109.0;133.333;10.31;124.0;144.4;119.3;15.835;98.6;144.4;98.714;25.055;62.9;144.4;100.667;8.327;94.0;110.0;92.857;10.9;80.0;110.0;74.357;23.004;35.0;110.0;1.473;1300;100;12.8;5.2;4.0;20.0;59.6
25;14;277;1.385;3.22;57.0;144;1958;60;754;152.1;1902.9;3.0;8;-55;1418;90;1516.0;90;98;0;1.382;1.255;-0.127;400;446;24;26;50;19723;20000;5;1.228;1.21;1.195;1.183;1.025;144.4;131.6;124.0;98.6;62.9;98.0;94.0;110.0;80.0;35.0;26.0;26.0;26.0;28.0;30.0;24.0;24.0;24.0;26.0;28.0;50.0;50.0;50.0;55.0;60.0;14.0;4.0;4.0;15.0;13.0;263.0;249.0;245.0;215.0;122.0;142.7;10.355;131.6;152.1;126.943;17.044;103.7;152.1;105.086;26.544;68.0;152.1;94.0;4.0;90.0;98.0;94.286;9.499;81.0;110.0;78.286;20.303;39.0;110.0;1.69;1300;100;7.7;-5.1;-8.0;-12.0;62.4
26;16;293;1.465;3.35;59.0;150;2120;64;818;162.4;2065.3;5.0;12;-55;1510;92;1604.0;88;94;-4;1.405;1.287;-0.118;402;445;24;26;50;19707;20000;5;1.255;1.228;1.21;1.192;1.087;152.1;144.4;131.6;103.7;68.0;90.0;98.0;94.0;81.0;39.0;26.0;26.0;26.0;28.0;30.0;24.0;24.0;24.0;26.0;28.0;50.0;50.0;50.0;55.0;60.0;14.0;14.0;4.0;16.0;12.0;277.0;263.0;249.0;231.0;134.0;152.967;9.031;144.4;162.4;135.329;18.11;113.9;162.4;111.829;28.329;73.0;162.4;92.0;5.292;88.0;98.0;95.286;8.139;87.0;110.0;81.786;16.958;53.0;110.0;1.845;1300;100;10.3;2.6;-2.0;6.0;66.6
27;5;298;1.49;3.4;61.0;156;2285;56;874;142.1;2207.4;-5.0;-14;-77;1604;94;1698.0;94;94;0;1.426;1.3;-0.126;404;450;24;26;50;19702;20000;5;1.287;1.255;1.228;1.187;1.1;162.4;152.1;144.4;113.9;73.0;88.0;90.0;98.0;100.0;61.0;26.0;26.0;26.0;28.0;30.0;24.0;24.0;24.0;26.0;28.0;50.0;50.0;50.0;55.0;60.0;16.0;14.0;14.0;7.0;12.0;293.0;277.0;263.0;238.0;146.0;152.2;10.15;142.1;162.4;139.357;15.496;118.9;162.4;116.764;27.033;78.1;162.4;90.667;3.055;88.0;94.0;94.429;7.871;87.0;110.0;84.143;16.119;53.0;110.0;1.512;1300;100;-20.3;-30.6;6.0;8.0;62.1
28;12;310;1.55;3.61;64.0;162;2455;51;925;129.5;2336.9;-13.0;-32;-118;1698;95;1793.0;95;95;0;1.446;1.303;-0.143;405;458;24;26;50;19690;20000;5;1.3;1.287;1.255;1.201;1.103;142.1;162.4;152.1;118.9;78.1;94.0;88.0;90.0;87.0;69.0;26.0;26.0;26.0;28.0;30.0;24.0;24.0;24.0;26.0;28.0;50.0;50.0;50.0;55.0;60.0;5.0;16.0;14.0;3.0;16.0;298.0;293.0;277.0;241.0;162.0;144.667;16.599;129.5;162.4;140.871;13.561;124.0;162.4;120.436;24.774;83.2;162.4;92.333;3.786;88.0;95.0;95.571;7.161;88.0;110.0;86.0;15.733;53.0;110.0;1.363;1300;100;-12.6;7.7;1.0;-5.0;68.0
1;23;23;0.115;0.1;7.0;18;18;5;5;12.5;13.0;-2.0;-5;-5;56;14;51.0;22;-5;8;0.321;0.255;-0.066;0;0;30;32;65;19977;20000;6;0.255;0.255;0.255;0.255;0.255;12.5;12.5;12.5;12.5;12.5;22.0;22.0;22.0;22.0;22.0;32.0;32.0;32.0;32.0;32.0;30.0;30.0;30.0;30.0;30.0;65.0;65.0;65.0;65.0;65.0;23.0;23.0;23.0;23.0;23.0;23.0;23.0;23.0;23.0;23.0;12.5;7.071;12.5;12.5;12.5;7.071;12.5;12.5;12.5;7.071;12.5;12.5;22.0;3.536;22.0;22.0;22.0;3.536;22.0;22.0;22.0;3.536;22.0;22.0;0.568;2080;130;10.0;-9.9;-5.0;8.0;16.1
2;16;39;0.195;0.23;9.0;22;40;9;14;22.5;35.0;0.0;1;-5;73;17;68.0;17;-5;0;0.549;0.515;-0.034;0;0;30;32;65;19961;20000;6;0.255;0.255;0.255;0.255;0.255;12.5;12.5;12.5;12.5;12.5;22.0;22.0;22.0;22.0;22.0;32.0;32.0;32.0;32.0;32.0;30.0;30.0;30.0;30.0;30.0;65.0;65.0;65.0;65.0;65.0;23.0;23.0;23.0;23.0;23.0;23.0;23.0;23.0;23.0;23.0;17.5;7.071;12.5;22.5;17.5;7.071;12.5;22.5;17.5;7.071;12.5;22.5;19.5;3.536;17.0;22.0;19.5;3.536;17.0;22.0;19.5;3.536;17.0;22.0;1.324;2080;130;10.0;-9.9;-5.0;8.0;15.8
3;12;51;0.255;0.36;10.0;26;66;9;23;22.6;58.0;-1.0;-3;-8;94;20;88.0;20;-6;0;0.711;0.659;-0.052;0;0;30;32;65;19949;20000;6;0.515;0.255;0.255;0.255;0.255;22.5;12.5;12.5;12.5;12.5;17.0;22.0;22.0;22.0;22.0;32.0;32.0;32.0;32.0;32.0;30.0;30.0;30.0;30.0;30.0;65.0;65.0;65.0;65.0;65.0;16.0;23.0;23.0;23.0;23.0;39.0;23.0;23.0;23.0;23.0;19.2;5.803;12.5;22.6;19.2;5.803;12.5;22.6;19.2;5.803;12.5;22.6;19.667;2.517;17.0;22.0;19.667;2.517;17.0;22.0;19.667;2.517;17.0;22.0;1.13;2080;130;0.1;-9.9;3.0;8.0;16.2
4;16;67;0.335;0.49;12.0;30;96;10;33;25.1;83.0;-2.0;-5;-13;117;24;98.5;11;-19;-14;0.826;0.843;0.017;0;0;30;32;65;19933;20000;6;0.659;0.515;0.255;0.255;0.255;22.6;22.5;12.5;12.5;12.5;20.0;17.0;22.0;22.0;22.0;32.0;32.0;32.0;32.0;32.0;30.0;30.0;30.0;30.0;30.0;65.0;65.0;65.0;65.0;65.0;12.0;16.0;23.0;23.0;23.0;51.0;39.0;23.0;23.0;23.0;23.4;1.473;22.5;25.1;20.675;5.581;12.5;25.1;20.675;5.581;12.5;25.1;16.0;4.583;11.0;20.0;17.5;4.796;11.0;22.0;17.5;4.796;11.0;22.0;2.282;2080;130;2.5;2.4;-9.0;-12.0;21.4
5;12;79;0.395;0.62;14.0;34;131;11;44;27.6;110.0;-3.0;-6;-21;144;27;131.0;33;-13;6;0.914;0.84;-0.074;0;0;30;32;65;19921;20000;6;0.843;0.659;0.515;0.255;0.255;25.1;22.6;22.5;12.5;12.5;11.0;20.0;17.0;22.0;22.0;32.0;32.0;32.0;32.0;32.0;30.0;30.0;30.0;30.0;30.0;65.0;65.0;65.0;65.0;65.0;16.0;12.0;16.0;23.0;23.0;67.0;51.0;39.0;23.0;23.0;25.1;2.5;22.6;27.6;22.06;5.74;12.5;27.6;22.06;5.74;12.5;27.6;21.333;11.06;11.0;33.0;20.6;8.081;11.0;33.0;20.6;8.081;11.0;33.0;0.836;2080;130;2.5;0.0;22.0;31.0;21.8
6;14;93;0.465;0.75;15.0;38;170;14;58;35.2;145.0;-1.0;-3;-25;174;30;154.0;23;-20;-7;0.979;0.942;-0.037;0;0;30;32;65;19907;20000;6;0.84;0.843;0.659;0.255;0.255;27.6;25.1;22.6;12.5;12.5;33.0;11.0;20.0;22.0;22.0;32.0;32.0;32.0;32.0;32.0;30.0;30.0;30.0;30.0;30.0;65.0;65.0;65.0;65.0;65.0;12.0;16.0;12.0;23.0;23.0;79.0;67.0;51.0;23.0;23.0;29.3;5.26;25.1;35.2;24.25;7.426;12.5;35.2;24.25;7.426;12.5;35.2;22.333;11.015;11.0;33.0;21.0;7.294;11.0;33.0;21.0;7.294;11.0;33.0;1.53;2080;130;7.6;5.1;-10.0;-32.0;25.6
7;10;103;0.515;0.68;17.0;43;210;17;75;42.7;188.0;0.0;0;-22;205;33;189.5;36;-16;3;1.029;0.992;-0.037;270;271;30;32;65;19897;20000;6;0.942;0.84;0.843;0.255;0.255;35.2;27.6;25.1;12.5;12.5;23.0;33.0;11.0;22.0;22.0;32.0;32.0;32.0;32.0;32.0;30.0;30.0;30.0;30.0;30.0;65.0;65.0;65.0;65.0;65.0;14.0;12.0;16.0;23.0;23.0;93.0;79.0;67.0;23.0;23.0;35.167;7.55;27.6;42.7;26.886;9.725;12.5;42.7;26.886;9.725;12.5;42.7;30.667;6.807;23.0;36.0;23.143;8.745;11.0;36.0;23.143;8.745;11.0;36.0;1.186;2080;130;7.5;-0.1;13.0;23.0;25.6
8;11;114;0.57;1.01;18.0;45;260;19;94;47.8;236.0;1.0;3;-24;244;37;225.0;36;-19;-2;1.068;1.049;-0.019;268;267;28;30;60;19886;20000;6;0.992;0.942;0.84;0.255;0.255;42.7;35.2;27.6;12.5;12.5;36.0;23.0;33.0;22.0;22.0;32.0;32.0;32.0;32.0;32.0;30.0;30.0;30.0;30.0;30.0;65.0;65.0;65.0;65.0;65.0;10.0;14.0;12.0;23.0;23.0;103.0;93.0;79.0;23.0;23.0;41.9;6.338;35.2;47.8;31.929;10.165;22.5;47.8;29.5;11.651;12.5;47.8;31.667;7.506;23.0;36.0;25.143;9.957;11.0;36.0;24.75;9.285;11.0;36.0;1.328;1800;120;5.1;-2.4;0.0;-13.0;28.3
9;15;129;0.645;1.14;21.0;53;312;22;116;55.4;291.0;1.0;2;-21;285;41;259.0;34;-26;-7;1.099;1.124;0.025;274;254;28;30;60;19871;20000;6;1.049;0.992;0.942;0.515;0.255;47.8;42.7;35.2;22.5;12.5;36.0;36.0;23.0;17.0;22.0;30.0;32.0;32.0;32.0;32.0;28.0;30.0;30.0;30.0;30.0;60.0;65.0;65.0;65.0;65.0;11.0;10.0;14.0;16.0;23.0;114.0;103.0;93.0;39.0;23.0;48.633;6.391;42.7;55.4;36.629;12.432;22.6;55.4;32.378;13.904;12.5;55.4;35.333;1.155;34.0;36.0;27.571;9.71;11.0;36.0;25.778;9.217;11.0;36.0;1.629;1800;120;7.6;2.5;-2.0;-2.0;33.3
10;4;133;0.665;1.27;22.0;56;372;23;139;57.9;349.0;1.0;2;-23;330;45;308.0;49;-22;4;1.129;1.133;0.004;281;270;28;30;60;19867;20000;6;1.124;1.049;0.992;0.659;0.255;55.4;47.8;42.7;22.6;12.5;34.0;36.0;36.0;20.0;22.0;30.0;30.0;32.0;32.0;32.0;28.0;28.0;30.0;30.0;30.0;60.0;60.0;65.0;65.0;65.0;15.0;11.0;10.0;12.0;23.0;129.0;114.0;103.0;51.0;23.0;53.7;5.26;47.8;57.9;41.671;12.942;25.1;57.9;34.93;15.394;12.5;57.9;39.667;8.145;34.0;49.0;31.714;11.884;11.0;49.0;28.1;11.377;11.0;49.0;1.182;1800;120;2.5;-5.1;15.0;17.0;28.6
11;6;139;0.695;1.4;25.0;63;435;24;163;60.4;410.0;-1.0;-3;-25;380;49;360.0;52;-20;3;1.149;1.139;-0.01;289;285;28;30;60;19861;20000;6;1.133;1.124;1.049;0.843;0.255;57.9;55.4;47.8;25.1;12.5;49.0;34.0;36.0;11.0;22.0;30.0;30.0;30.0;32.0;32.0;28.0;28.0;28.0;30.0;30.0;60.0;60.0;60.0;65.0;65.0;4.0;15.0;11.0;16.0;23.0;133.0;129.0;114.0;67.0;23.0;57.9;2.5;55.4;60.4;46.714;12.268;27.6;60.4;37.245;16.5;12.5;60.4;45.0;9.644;34.0;52.0;37.571;9.914;23.0;52.0;30.273;12.978;11.0;52.0;1.162;1800;120;2.5;0.0;3.0;-12.0;30.8
12;4;143;0.715;1.53;27.0;68;506;26;189;65.5;475.0;-1.0;-3;-31;434;54;401.0;41;-33;-13;1.169;1.185;0.016;297;280;28;30;60;19857;20000;6;1.139;1.133;1.124;0.84;0.255;60.4;57.9;55.4;27.6;12.5;52.0;49.0;34.0;33.0;22.0;30.0;30.0;30.0;32.0;32.0;28.0;28.0;28.0;30.0;30.0;60.0;60.0;60.0;65.0;65.0;6.0;4.0;15.0;12.0;23.0;139.0;133.0;129.0;79.0;23.0;61.267;3.873;57.9;65.5;52.129;10.688;35.2;65.5;39.6;17.721;12.5;65.5;47.333;5.686;41.0;52.0;38.714;9.759;23.0;52.0;31.167;12.755;11.0;52.0;1.598;1800;120;5.1;2.6;-11.0;-14.0;30.6
13;9;152;0.76;1.68;29.0;73;584;30;219;75.6;551.0;1.0;3;-33;492;56;452.5;52;-40;-5;1.186;1.218;0.032;305;284;28;30;60;19848;20000;6;1.185;1.139;1.133;0.942;0.255;65.5;60.4;57.9;35.2;12.5;41.0;52.0;49.0;23.0;22.0;30.0;30.0;30.0;32.0;32.0;28.0;28.0;28.0;30.0;30.0;60.0;60.0;60.0;65.0;65.0;4.0;6.0;4.0;14.0;23.0;143.0;139.0;133.0;93.0;23.0;67.167;7.736;60.4;75.6;57.9;10.929;42.7;75.6;42.369;19.686;12.5;75.6;48.333;6.351;41.0;52.0;42.857;7.967;34.0;52.0;32.769;13.51;11.0;52.0;1.454;1800;120;10.1;5.0;11.0;22.0;34.9
14;16;168;0.84;1.79;31.0;78;668;31;250;78.2;629.0;0.0;0;-39;553;61;540.0;88;-13;27;1.208;1.165;-0.043;313;328;28;30;60;19832;20000;6;1.218;1.185;1.139;0.992;0.255;75.6;65.5;60.4;42.7;12.5;52.0;41.0;52.0;36.0;22.0;30.0;30.0;30.0;32.0;32.0;28.0;28.0;28.0;30.0;30.0;60.0;60.0;60.0;65.0;65.0;9.0;4.0;6.0;10.0;23.0;152.0;143.0;139.0;103.0;23.0;73.1;6.709;65.5;78.2;62.971;10.936;47.8;78.2;44.929;21.2;12.5;78.2;60.333;24.583;41.0;88.0;50.286;18.191;34.0;88.0;36.714;19.656;11.0;88.0;0.889;1800;120;2.6;-7.5;36.0;25.0;41.6
15;14;182;0.91;1.92;33.0;84;752;34;284;85.8;715.0;1.0;2;-37;618;65;591.0;51;-27;-14;1.219;1.21;-0.009;320;323;26;28;55;19818;20000;6;1.165;1.218;1.185;1.049;0.255;78.2;75.6;65.5;47.8;12.5;88.0;52.0;41.0;36.0;22.0;30.0;30.0;30.0;30.0;32.0;28.0;28.0;28.0;28.0;30.0;60.0;60.0;60.0;60.0;65.0;16.0;9.0;4.0;11.0;23.0;168.0;152.0;143.0;114.0;23.0;79.867;5.3;75.6;85.8;68.4;11.564;55.4;85.8;50.164;21.622;22.5;85.8;63.667;21.079;51.0;88.0;52.429;17.077;34.0;88.0;38.786;19.514;11.0;88.0;1.682;1540;110;7.6;5.0;-37.0;-73.0;43.4
16;8;190;0.95;2.06;36.0;90;841;36;320;90.9;805.0;0.0;1;-36;685;68;651.0;60;-34;-8;1.229;1.237;0.008;327;326;26;28;55;19810;20000;6;1.21;1.165;1.218;1.124;0.515;85.8;78.2;75.6;55.4;22.5;51.0;88.0;52.0;34.0;17.0;28.0;30.0;30.0;30.0;32.0;26.0;28.0;28.0;28.0;30.0;55.0;60.0;60.0;60.0;65.0;14.0;16.0;9.0;15.0;16.0;182.0;168.0;152.0;129.0;39.0;84.967;6.391;78.2;90.9;73.471;12.646;57.9;90.9;55.05;22.596;22.6;90.9;66.333;19.296;51.0;88.0;56.143;15.115;41.0;88.0;41.857;19.203;11.0;88.0;1.515;1540;110;5.1;-2.5;9.0;46.0;42.0
17;16;206;1.03;2.18;38.0;96;936;38;358;96.0;901.0;0.0;0;-35;756;71;717.0;66;-39;-5;1.239;1.257;0.018;334;332;26;28;55;19794;20000;6;1.237;1.21;1.165;1.133;0.659;90.9;85.8;78.2;57.9;22.6;60.0;51.0;88.0;49.0;20.0;28.0;28.0;30.0;30.0;32.0;26.0;26.0;28.0;28.0;30.0;55.0;55.0;60.0;60.0;65.0;8.0;14.0;16.0;4.0;12.0;190.0;182.0;168.0;133.0;51.0;90.9;5.1;85.8;96.0;78.914;13.021;60.4;96.0;60.293;23.0;25.1;96.0;59.0;7.55;51.0;66.0;58.571;15.142;41.0;88.0;45.143;19.11;11.0;88.0;1.455;1540;110;5.1;-0.0;6.0;-3.0;49.2
18;6;212;1.06;2.31;40.0;102;1036;40;398;101.1;1003.0;0.0;-1;-33;830;74;788.0;71;-42;-3;1.249;1.273;0.024;343;340;26;28;55;19788;20000;6;1.257;1.237;1.21;1.139;0.843;96.0;90.9;85.8;60.4;25.1;66.0;60.0;51.0;52.0;11.0;28.0;28.0;28.0;30.0;32.0;26.0;26.0;26.0;28.0;30.0;55.0;55.0;55.0;60.0;65.0;16.0;8.0;14.0;6.0;16.0;206.0;190.0;182.0;139.0;67.0;96.0;5.1;90.9;101.1;84.729;12.45;65.5;101.1;65.721;23.023;27.6;101.1;65.667;5.508;60.0;71.0;61.286;15.467;41.0;88.0;49.429;17.527;23.0;88.0;1.424;1540;110;5.1;0.0;5.0;-1.0;45.4
19;13;225;1.125;2.44;42.0;106;1142;42;440;106.2;1109.0;0.0;0;-33;908;77;866.0;78;-42;1;1.259;1.281;0.022;378;352;26;28;55;19775;20000;6;1.273;1.257;1.237;1.185;0.84;101.1;96.0;90.9;65.5;27.6;71.0;66.0;60.0;41.0;33.0;28.0;28.0;28.0;30.0;32.0;26.0;26.0;26.0;28.0;30.0;55.0;55.0;55.0;60.0;65.0;6.0;16.0;8.0;4.0;12.0;212.0;206.0;190.0;143.0;79.0;101.1;5.1;96.0;106.2;90.543;11.436;75.6;106.2;71.336;22.591;35.2;106.2;71.667;6.028;66.0;78.0;66.571;13.587;51.0;88.0;52.643;18.387;23.0;88.0;1.362;1540;110;5.1;0.0;7.0;2.0;51.5
20;8;233;1.165;2.57;45.0;114;1256;46;486;116.4;1225.0;1.0;2;-31;967;80;948.0;82;-19;2;1.272;1.292;0.02;383;363;26;28;55;19767;20000;6;1.281;1.273;1.257;1.218;0.942;106.2;101.1;96.0;75.6;35.2;78.0;71.0;66.0;52.0;23.0;28.0;28.0;28.0;30.0;32.0;26.0;26.0;26.0;28.0;30.0;55.0;55.0;55.0;60.0;65.0;13.0;6.0;16.0;9.0;14.0;225.0;212.0;206.0;152.0;93.0;107.9;7.79;101.1;116.4;96.371;12.859;78.2;116.4;77.136;23.02;42.7;116.4;77.0;5.568;71.0;82.0;70.857;12.941;51.0;88.0;56.857;17.823;34.0;88.0;1.42;1540;110;10.2;5.1;4.0;-3.0;50.6
21;8;241;1.205;2.7;47.0;120;1382;48;534;121.5;1347.0;1.0;1;-35;1069;82;1039.0;91;-30;9;1.294;1.296;0.002;387;377;26;28;55;19759;20000;6;1.292;1.281;1.273;1.165;0.992;116.4;106.2;101.1;78.2;42.7;82.0;78.0;71.0;88.0;36.0;28.0;28.0;28.0;30.0;32.0;26.0;26.0;26.0;28.0;30.0;55.0;55.0;55.0;60.0;65.0;8.0;13.0;6.0;16.0;10.0;233.0;225.0;212.0;168.0;103.0;114.7;7.79;106.2;121.5;102.557;13.074;85.8;121.5;82.764;23.579;47.8;121.5;83.667;6.658;78.0;91.0;71.286;13.635;51.0;91.0;60.786;18.901;34.0;91.0;1.335;1540;110;5.1;-5.1;9.0;5.0;52.2
22;10;251;1.255;2.83;50.0;126;1517;50;584;126.6;1473.0;0.0;1;-44;1153;84;1122.0;83;-31;-1;1.137;1.313;0.176;391;384;24;26;50;19749;20000;6;1.296;1.292;1.281;1.21;1.049;121.5;116.4;106.2;85.8;47.8;91.0;82.0;78.0;51.0;36.0;28.0;28.0;28.0;28.0;30.0;26.0;26.0;26.0;26.0;28.0;55.0;55.0;55.0;55.0;60.0;8.0;8.0;13.0;14.0;11.0;241.0;233.0;225.0;182.0;114.0;121.5;5.1;116.4;126.6;108.386;13.447;90.9;126.6;88.393;23.992;55.4;126.6;85.333;4.933;82.0;91.0;75.857;10.761;60.0;91.0;64.143;18.326;34.0;91.0;1.525;1300;100;5.1;0.0;-8.0;-17.0;55.2
23;5;256;1.28;2.96;52.0;132;1656;54;638;136.8;1610.0;2.0;5;-46;1239;86;1208.0;86;-31;0;1.337;1.333;-0.004;394;389;24;26;50;19744;20000;6;1.313;1.296;1.292;1.237;1.124;126.6;121.5;116.4;90.9;55.4;83.0;91.0;82.0;60.0;34.0;26.0;28.0;28.0;28.0;30.0;24.0;26.0;26.0;26.0;28.0;50.0;55.0;55.0;55.0;60.0;10.0;8.0;8.0;8.0;15.0;251.0;241.0;233.0;190.0;129.0;128.3;7.79;121.5;136.8;114.943;14.638;96.0;136.8;94.207;25.214;57.9;136.8;86.667;4.041;83.0;91.0;79.571;8.658;66.0;91.0;67.857;16.965;41.0;91.0;1.591;1300;100;10.2;5.1;3.0;11.0;53.7
24;12;268;1.34;3.09;54.0;138;1803;54;692;136.8;1747.0;0.0;-1;-56;1327;88;1310.0;102;-17;14;1.36;1.334;-0.026;397;404;24;26;50;19732;20000;6;1.333;1.313;1.296;1.257;1.133;136.8;126.6;121.5;96.0;57.9;86.0;83.0;91.0;66.0;49.0;26.0;26.0;28.0;28.0;30.0;24.0;24.0;26.0;26.0;28.0;50.0;50.0;55.0;55.0;60.0;5.0;10.0;8.0;16.0;4.0;256.0;251.0;241.0;206.0;133.0;133.4;5.889;126.6;136.8;120.771;13.945;101.1;136.8;99.843;25.292;60.4;136.8;90.333;10.214;83.0;102.0;84.714;9.861;71.0;102.0;71.643;18.295;41.0;102.0;1.341;1300;100;0.0;-10.2;16.0;13.0;59.6
25;8;276;1.38;3.22;57.0;144;1958;57;749;144.5;1891.0;0.0;0;-67;1418;90;1428.0;118;10;28;1.382;1.324;-0.058;400;425;24;26;50;19724;20000;6;1.334;1.333;1.313;1.273;1.139;136.8;136.8;126.6;101.1;60.4;102.0;86.0;83.0;71.0;52.0;26.0;26.0;26.0;28.0;30.0;24.0;24.0;24.0;26.0;28.0;50.0;50.0;50.0;55.0;60.0;12.0;5.0;10.0;6.0;6.0;268.0;256.0;251.0;212.0;139.0;139.367;4.446;136.8;144.5;126.971;13.377;106.2;144.5;105.85;25.191;65.5;144.5;102.0;16.0;86.0;118.0;91.429;14.07;78.0;118.0;76.357;21.128;41.0;118.0;1.225;1300;100;7.7;7.7;16.0;0.0;59.2
26;10;286;1.43;3.35;59.0;150;2120;60;809;152.2;2043.0;1.0;2;-77;1510;92;1493.0;65;-17;-27;1.405;1.368;-0.037;402;414;24;26;50;19714;20000;6;1.324;1.334;1.333;1.281;1.185;144.5;136.8;136.8;106.2;65.5;118.0;102.0;86.0;78.0;41.0;26.0;26.0;26.0;28.0;30.0;24.0;24.0;24.0;26.0;28.0;50.0;50.0;50.0;55.0;60.0;8.0;12.0;5.0;13.0;4.0;276.0;268.0;256.0;225.0;143.0;144.5;7.7;136.8;152.2;133.543;12.757;116.4;152.2;112.043;25.165;75.6;152.2;95.0;27.185;65.0;118.0;89.571;16.742;65.0;118.0;78.071;18.894;51.0;118.0;2.342;1300;100;7.7;0.0;-53.0;-69.0;62.2
27;15;301;1.505;3.4;61.0;156;2285;62;871;157.4;2201.0;1.0;1;-84;1604;94;1580.0;87;-24;-7;1.426;1.393;-0.033;404;414;24;26;50;19699;20000;6;1.368;1.324;1.334;1.292;1.218;152.2;144.5;136.8;116.4;75.6;65.0;118.0;102.0;82.0;52.0;26.0;26.0;26.0;28.0;30.0;24.0;24.0;24.0;26.0;28.0;50.0;50.0;50.0;55.0;60.0;10.0;8.0;12.0;8.0;9.0;286.0;276.0;268.0;233.0;152.0;151.367;6.49;144.5;157.4;139.4;12.985;121.5;157.4;117.886;25.546;78.2;157.4;90.0;26.627;65.0;118.0;90.286;16.469;65.0;118.0;80.571;17.439;51.0;118.0;1.809;1300;100;5.2;-2.5;22.0;75.0;67.7
28;15;316;1.58;3.61;64.0;162;2455;63;934;160.0;2361.0;-1.0;-2;-94;1698;95;1667.0;87;-31;-8;1.446;1.416;-0.03;405;414;24;26;50;19684;20000;6;1.393;1.368;1.324;1.296;1.165;157.4;152.2;144.5;121.5;78.2;87.0;65.0;118.0;91.0;88.0;26.0;26.0;26.0;28.0;30.0;24.0;24.0;24.0;26.0;28.0;50.0;50.0;50.0;55.0;60.0;15.0;10.0;8.0;8.0;16.0;301.0;286.0;276.0;241.0;168.0;156.533;3.972;152.2;160.0;144.9;12.273;126.6;160.0;123.729;25.122;85.8;160.0;79.667;12.702;65.0;87.0;89.714;16.51;65.0;118.0;80.5;17.408;51.0;118.0;1.839;1300;100;2.6;-2.6;0.0;-22.0;70.7
29;15;331;1.655;3.74;66.0;168;2635;58;992;147.4;2508.0;-8.0;-21;-127;1794;96;1831.0;164;37;68;1.47;1.37;-1468.63;406;453;24;26;50;19669;20000;6;1.416;1.393;1.368;1.313;1.21;160.0;157.4;152.2;126.6;85.8;87.0;87.0;65.0;83.0;51.0;26.0;26.0;26.0;26.0;28.0;24.0;24.0;24.0;24.0;26.0;50.0;50.0;50.0;50.0;55.0;15.0;15.0;10.0;10.0;14.0;316.0;301.0;286.0;251.0;182.0;154.933;6.652;147.4;160.0;147.871;9.25;136.8;160.0;128.129;23.296;90.9;160.0;112.667;44.456;87.0;164.0;101.286;32.071;65.0;164.0;88.571;26.5;60.0;164.0;0.899;1300;100;-12.6;-15.2;77.0;77.0;73.7
1;19;19;0.1;0.1;7.0;18;18;7;7;18.0;18.0;0.0;0;0;56;14;64.0;22;8;8;0.321;0.28;-0.041;0;0;30;32;65;19481;19500;7;0.28;0.28;0.28;0.28;0.28;18.0;18.0;18.0;18.0;18.0;22.0;22.0;22.0;22.0;22.0;32.0;32.0;32.0;32.0;32.0;30.0;30.0;30.0;30.0;30.0;65.0;65.0;65.0;65.0;65.0;19.0;19.0;19.0;19.0;19.0;19.0;19.0;19.0;19.0;19.0;18.0;1.768;18.0;18.0;18.0;1.768;18.0;18.0;18.0;1.768;18.0;18.0;22.0;3.536;22.0;22.0;22.0;3.536;22.0;22.0;22.0;3.536;22.0;22.0;0.818;2080;130;2.5;2.7;-5.0;14.0;13.3
2;3;22;0.11;0.23;9.0;22;40;8;15;20.5;38.5;-1.0;-1;-1;73;17;81.0;17;8;0;0.549;0.475;-0.074;0;0;30;32;65;19478;19500;7;0.28;0.28;0.28;0.28;0.28;18.0;18.0;18.0;18.0;18.0;22.0;22.0;22.0;22.0;22.0;32.0;32.0;32.0;32.0;32.0;30.0;30.0;30.0;30.0;30.0;65.0;65.0;65.0;65.0;65.0;19.0;19.0;19.0;19.0;19.0;19.0;19.0;19.0;19.0;19.0;19.25;1.768;18.0;20.5;19.25;1.768;18.0;20.5;19.25;1.768;18.0;20.5;19.5;3.536;17.0;22.0;19.5;3.536;17.0;22.0;19.5;3.536;17.0;22.0;1.206;2080;130;2.5;2.7;-5.0;14.0;5.9
3;15;37;0.19;0.36;10.0;26;66;10;25;25.7;64.2;0.0;0;-2;94;20;107.0;26;13;6;0.711;0.6;-0.111;0;0;30;32;65;19463;19500;7;0.475;0.28;0.28;0.28;0.28;20.5;18.0;18.0;18.0;18.0;17.0;22.0;22.0;22.0;22.0;32.0;32.0;32.0;32.0;32.0;30.0;30.0;30.0;30.0;30.0;65.0;65.0;65.0;65.0;65.0;3.0;19.0;19.0;19.0;19.0;22.0;19.0;19.0;19.0;19.0;21.4;3.928;18.0;25.7;21.4;3.928;18.0;25.7;21.4;3.928;18.0;25.7;21.667;4.509;17.0;26.0;21.667;4.509;17.0;26.0;21.667;4.509;17.0;26.0;0.988;2080;130;5.2;2.7;9.0;14.0;14.9
4;10;47;0.24;0.49;12.0;30;96;11;36;28.3;92.4;-1.0;-2;-4;117;24;131.0;24;14;0;0.826;0.706;-0.12;0;0;30;32;65;19453;19500;7;0.6;0.475;0.28;0.28;0.28;25.7;20.5;18.0;18.0;18.0;26.0;17.0;22.0;22.0;22.0;32.0;32.0;32.0;32.0;32.0;30.0;30.0;30.0;30.0;30.0;65.0;65.0;65.0;65.0;65.0;15.0;3.0;19.0;19.0;19.0;37.0;22.0;19.0;19.0;19.0;24.833;3.972;20.5;28.3;23.125;4.711;18.0;28.3;23.125;4.711;18.0;28.3;22.333;4.726;17.0;26.0;22.25;3.862;17.0;26.0;22.25;3.862;17.0;26.0;1.179;2080;130;2.6;-2.6;-2.0;-11.0;14.4
5;2;49;0.25;0.62;13.0;34;131;13;49;33.4;125.9;0.0;-1;-5;144;27;161.0;30;17;3;0.914;0.782;-0.132;0;0;30;32;65;19451;19500;7;0.706;0.6;0.475;0.28;0.28;28.3;25.7;20.5;18.0;18.0;24.0;26.0;17.0;22.0;22.0;32.0;32.0;32.0;32.0;32.0;30.0;30.0;30.0;30.0;30.0;65.0;65.0;65.0;65.0;65.0;10.0;15.0;3.0;19.0;19.0;47.0;37.0;22.0;19.0;19.0;29.133;3.917;25.7;33.4;25.18;6.145;18.0;33.4;25.18;6.145;18.0;33.4;26.667;3.055;24.0;30.0;23.8;4.817;17.0;30.0;23.8;4.817;17.0;30.0;1.113;2080;130;5.1;2.5;6.0;8.0;10.8
6;15;64;0.33;0.75;15.0;38;170;15;64;38.6;164.5;0.0;1;-6;174;30;185.0;24;11;-6;0.979;0.889;-0.09;0;0;30;32;65;19436;19500;7;0.782;0.706;0.6;0.28;0.28;33.4;28.3;25.7;18.0;18.0;30.0;24.0;26.0;22.0;22.0;32.0;32.0;32.0;32.0;32.0;30.0;30.0;30.0;30.0;30.0;65.0;65.0;65.0;65.0;65.0;2.0;10.0;15.0;19.0;19.0;49.0;47.0;37.0;19.0;19.0;33.433;5.15;28.3;38.6;27.417;7.76;18.0;38.6;27.417;7.76;18.0;38.6;26.0;3.464;24.0;30.0;23.833;4.309;17.0;30.0;23.833;4.309;17.0;30.0;1.608;2080;130;5.2;0.1;-6.0;-12.0;20.3
7;10;74;0.38;0.68;17.0;43;210;17;81;43.8;208.2;0.0;1;-2;205;33;222.0;37;17;4;1.029;0.938;-0.091;270;337;30;32;65;19426;19500;7;0.889;0.782;0.706;0.28;0.28;38.6;33.4;28.3;18.0;18.0;24.0;30.0;24.0;22.0;22.0;32.0;32.0;32.0;32.0;32.0;30.0;30.0;30.0;30.0;30.0;65.0;65.0;65.0;65.0;65.0;15.0;2.0;10.0;19.0;19.0;64.0;49.0;47.0;19.0;19.0;38.6;5.2;33.4;43.8;29.757;9.409;18.0;43.8;29.757;9.409;18.0;43.8;30.333;6.506;24.0;37.0;25.714;6.343;17.0;37.0;25.714;6.343;17.0;37.0;1.184;2080;130;5.2;-0.0;13.0;19.0;19.8
8;3;77;0.39;1.01;17.0;45;260;18;99;46.3;254.5;1.0;1;-5;244;37;256.0;34;12;-3;1.068;0.994;-0.074;268;321;28;30;60;19423;19500;7;0.938;0.889;0.782;0.28;0.28;43.8;38.6;33.4;18.0;18.0;37.0;24.0;30.0;22.0;22.0;32.0;32.0;32.0;32.0;32.0;30.0;30.0;30.0;30.0;30.0;65.0;65.0;65.0;65.0;65.0;10.0;15.0;2.0;19.0;19.0;74.0;64.0;49.0;19.0;19.0;42.9;3.928;38.6;46.3;33.8;9.593;20.5;46.3;31.825;10.492;18.0;46.3;31.667;6.807;24.0;37.0;27.429;6.779;17.0;37.0;26.75;6.563;17.0;37.0;1.362;1800;120;2.5;-2.7;-3.0;-16.0;16.9
9;3;80;0.41;1.14;21.0;53;312;20;119;51.5;306.0;-1.0;-2;-6;285;41;298.0;42;13;1;1.099;1.027;-0.072;274;321;28;30;60;19420;19500;7;0.994;0.938;0.889;0.475;0.28;46.3;43.8;38.6;20.5;18.0;34.0;37.0;24.0;17.0;22.0;30.0;32.0;32.0;32.0;32.0;28.0;30.0;30.0;30.0;30.0;60.0;65.0;65.0;65.0;65.0;3.0;10.0;15.0;3.0;19.0;77.0;74.0;64.0;22.0;19.0;47.2;3.928;43.8;51.5;38.229;9.586;25.7;51.5;34.011;11.804;18.0;51.5;37.667;4.041;34.0;42.0;31.0;6.952;24.0;42.0;28.444;7.97;17.0;42.0;1.226;1800;120;5.2;2.7;8.0;11.0;17.5
10;2;82;0.42;1.27;22.0;56;372;22;141;56.6;362.7;0.0;1;-9;330;45;345.0;47;15;2;1.129;1.051;-0.078;281;327;28;30;60;19418;19500;7;1.027;0.994;0.938;0.6;0.28;51.5;46.3;43.8;25.7;18.0;42.0;34.0;37.0;26.0;22.0;30.0;30.0;32.0;32.0;32.0;28.0;28.0;30.0;30.0;30.0;60.0;60.0;65.0;65.0;65.0;3.0;3.0;10.0;15.0;19.0;80.0;77.0;74.0;37.0;19.0;51.467;5.15;46.3;56.6;42.643;9.962;28.3;56.6;36.27;13.224;18.0;56.6;41.0;6.557;34.0;47.0;34.0;8.737;24.0;47.0;30.3;9.534;17.0;47.0;1.204;1800;120;5.1;-0.1;5.0;-3.0;17.4
11;2;84;0.43;1.4;24.0;63;435;24;165;61.8;424.5;0.0;-1;-10;380;49;394.0;49;14;0;1.149;1.077;-0.072;289;331;28;30;60;19416;19500;7;1.051;1.027;0.994;0.706;0.28;56.6;51.5;46.3;28.3;18.0;47.0;42.0;34.0;24.0;22.0;30.0;30.0;30.0;32.0;32.0;28.0;28.0;28.0;30.0;30.0;60.0;60.0;60.0;65.0;65.0;2.0;3.0;3.0;10.0;19.0;82.0;80.0;77.0;47.0;19.0;56.633;5.15;51.5;61.8;47.429;9.97;33.4;61.8;38.591;14.719;18.0;61.8;46.0;3.606;42.0;49.0;37.571;9.071;24.0;49.0;32.0;10.658;17.0;49.0;1.261;1800;120;5.2;0.1;2.0;-3.0;17.8
12;4;88;0.45;1.53;26.0;68;506;26;191;67.0;491.5;0.0;-1;-15;434;54;448.0;54;14;0;1.169;1.097;-0.072;297;339;28;30;60;19412;19500;7;1.077;1.051;1.027;0.782;0.28;61.8;56.6;51.5;33.4;18.0;49.0;47.0;42.0;30.0;22.0;30.0;30.0;30.0;32.0;32.0;28.0;28.0;28.0;30.0;30.0;60.0;60.0;60.0;65.0;65.0;2.0;2.0;3.0;2.0;19.0;84.0;82.0;80.0;49.0;19.0;61.8;5.2;56.6;67.0;52.229;10.177;38.6;67.0;40.958;16.255;18.0;67.0;50.0;3.606;47.0;54.0;41.0;10.198;24.0;54.0;33.833;11.984;17.0;54.0;1.241;1800;120;5.2;0.0;5.0;3.0;19.6
13;6;94;0.48;1.68;28.0;73;584;28;219;72.1;563.6;0.0;-1;-20;492;56;506.0;58;14;2;1.186;1.114;-0.072;305;348;28;30;60;19406;19500;7;1.097;1.077;1.051;0.889;0.28;67.0;61.8;56.6;38.6;18.0;54.0;49.0;47.0;24.0;22.0;30.0;30.0;30.0;32.0;32.0;28.0;28.0;28.0;30.0;30.0;60.0;60.0;60.0;65.0;65.0;4.0;2.0;2.0;15.0;19.0;88.0;84.0;82.0;64.0;19.0;66.967;5.15;61.8;72.1;57.014;10.569;43.8;72.1;43.354;17.799;18.0;72.1;53.667;4.509;49.0;58.0;45.857;8.745;34.0;58.0;35.692;13.288;17.0;58.0;1.243;1800;120;5.1;-0.1;4.0;-1.0;21.8
14;13;107;0.55;1.79;30.0;78;668;30;249;77.3;641.0;0.0;-1;-27;553;61;559.0;53;6;-8;1.208;1.147;-0.061;313;346;28;30;60;19393;19500;7;1.114;1.097;1.077;0.938;0.28;72.1;67.0;61.8;43.8;18.0;58.0;54.0;49.0;37.0;22.0;30.0;30.0;30.0;32.0;32.0;28.0;28.0;28.0;30.0;30.0;60.0;60.0;60.0;65.0;65.0;6.0;4.0;2.0;10.0;19.0;94.0;88.0;84.0;74.0;19.0;72.133;5.15;67.0;77.3;61.8;11.156;46.3;77.3;45.779;19.358;18.0;77.3;55.0;2.646;53.0;58.0;48.143;8.112;34.0;58.0;36.929;13.579;17.0;58.0;1.458;1800;120;5.2;0.1;-5.0;-9.0;27.9
15;6;113;0.58;1.92;33.0;84;752;32;281;82.5;723.5;-1.0;-1;-29;618;65;626.0;67;8;2;1.219;1.156;-0.063;320;359;26;28;55;19387;19500;7;1.147;1.114;1.097;0.994;0.28;77.3;72.1;67.0;46.3;18.0;53.0;58.0;54.0;34.0;22.0;30.0;30.0;30.0;30.0;32.0;28.0;28.0;28.0;28.0;30.0;60.0;60.0;60.0;60.0;65.0;13.0;6.0;4.0;3.0;19.0;107.0;94.0;88.0;77.0;19.0;77.3;5.2;72.1;82.5;66.971;11.164;51.5;82.5;50.386;19.906;20.5;82.5;59.333;7.095;53.0;67.0;52.857;8.112;42.0;67.0;40.143;15.022;17.0;67.0;1.231;1540;110;5.2;0.0;14.0;19.0;25.6
16;11;124;0.64;2.06;35.0;90;841;34;315;87.7;811.2;-1.0;-2;-30;685;68;702.0;76;17;8;1.229;1.156;-0.073;327;377;26;28;55;19376;19500;7;1.156;1.147;1.114;1.027;0.475;82.5;77.3;72.1;51.5;20.5;67.0;53.0;58.0;42.0;17.0;28.0;30.0;30.0;30.0;32.0;26.0;28.0;28.0;28.0;30.0;55.0;60.0;60.0;60.0;65.0;6.0;13.0;6.0;3.0;3.0;113.0;107.0;94.0;80.0;22.0;82.5;5.2;77.3;87.7;72.143;11.187;56.6;87.7;55.186;20.244;25.7;87.7;65.333;11.59;53.0;76.0;57.714;10.388;47.0;76.0;44.357;16.256;24.0;76.0;1.154;1540;110;5.2;0.0;9.0;-5.0;30.3
17;10;134;0.69;2.18;37.0;96;936;37;352;95.5;906.7;0.0;0;-29;756;71;773.0;71;17;0;1.239;1.173;-0.066;334;385;26;28;55;19366;19500;7;1.156;1.156;1.147;1.051;0.6;87.7;82.5;77.3;56.6;25.7;76.0;67.0;53.0;47.0;26.0;28.0;28.0;30.0;30.0;32.0;26.0;26.0;28.0;28.0;30.0;55.0;55.0;60.0;60.0;65.0;11.0;6.0;13.0;2.0;15.0;124.0;113.0;107.0;82.0;37.0;88.567;6.543;82.5;95.5;77.7;11.823;61.8;95.5;60.171;21.005;28.3;95.5;71.333;4.509;67.0;76.0;61.143;10.221;49.0;76.0;47.571;16.787;24.0;76.0;1.345;1540;110;7.8;2.6;-5.0;-14.0;31.8
18;12;146;0.75;2.31;39.0;102;1036;40;392;103.3;1010.1;1.0;1;-26;830;74;847.0;74;17;0;1.249;1.193;-0.056;343;391;26;28;55;19354;19500;7;1.173;1.156;1.156;1.077;0.706;95.5;87.7;82.5;61.8;28.3;71.0;76.0;67.0;49.0;24.0;28.0;28.0;28.0;30.0;32.0;26.0;26.0;26.0;28.0;30.0;55.0;55.0;55.0;60.0;65.0;10.0;11.0;6.0;2.0;10.0;134.0;124.0;113.0;84.0;47.0;95.5;7.8;87.7;103.3;83.629;12.879;67.0;103.3;65.529;21.8;33.4;103.3;73.667;2.517;71.0;76.0;64.714;9.621;53.0;76.0;51.143;16.705;24.0;76.0;1.396;1540;110;7.8;0.0;3.0;8.0;35.2
19;19;165;0.85;2.44;41.0;106;1142;41;433;106.0;1116.1;0.0;0;-26;908;77;926.0;79;18;2;1.259;1.205;-0.054;378;401;26;28;55;19335;19500;7;1.193;1.173;1.156;1.097;0.782;103.3;95.5;87.7;67.0;33.4;74.0;71.0;76.0;54.0;30.0;28.0;28.0;28.0;30.0;32.0;26.0;26.0;26.0;28.0;30.0;55.0;55.0;55.0;60.0;65.0;12.0;10.0;11.0;4.0;2.0;146.0;134.0;124.0;88.0;49.0;101.6;5.453;95.5;106.0;89.2;12.922;72.1;106.0;70.714;22.201;38.6;106.0;74.667;4.041;71.0;79.0;68.286;9.621;53.0;79.0;54.643;17.064;24.0;79.0;1.342;1540;110;2.7;-5.1;5.0;2.0;42.5
20;11;176;0.9;2.57;44.0;114;1256;45;478;116.4;1232.5;1.0;2;-23;967;80;1011.0;85;44;5;1.272;1.219;-0.053;383;411;26;28;55;19324;19500;7;1.205;1.193;1.173;1.114;0.889;106.0;103.3;95.5;72.1;38.6;79.0;74.0;71.0;58.0;24.0;28.0;28.0;28.0;30.0;32.0;26.0;26.0;26.0;28.0;30.0;55.0;55.0;55.0;60.0;65.0;19.0;12.0;10.0;6.0;15.0;165.0;146.0;134.0;94.0;64.0;108.567;6.917;103.3;116.4;95.529;13.958;77.3;116.4;76.271;23.256;43.8;116.4;79.333;5.508;74.0;85.0;72.143;10.205;53.0;85.0;59.0;16.413;34.0;85.0;1.369;1540;110;10.4;7.7;6.0;1.0;40.7
21;10;186;0.95;2.7;46.0;120;1382;46;524;119.1;1351.6;0.0;-1;-30;1069;82;1082.0;71;13;-11;1.294;1.249;-0.045;387;409;26;28;55;19314;19500;7;1.219;1.205;1.193;1.147;0.938;116.4;106.0;103.3;77.3;43.8;85.0;79.0;74.0;53.0;37.0;28.0;28.0;28.0;30.0;32.0;26.0;26.0;26.0;28.0;30.0;55.0;55.0;55.0;60.0;65.0;11.0;19.0;12.0;13.0;10.0;176.0;165.0;146.0;107.0;74.0;113.833;6.917;106.0;119.1;101.5;13.8;82.5;119.1;81.65;23.868;46.3;119.1;78.333;7.024;71.0;85.0;74.714;5.964;67.0;85.0;61.429;15.391;34.0;85.0;1.677;1540;110;2.7;-7.7;-14.0;-20.0;42.2
22;16;202;1.04;2.83;49.0;126;1517;49;573;127.0;1478.6;0.0;1;-38;1153;84;1158.0;76;5;-8;1.137;1.277;0.14;391;408;24;26;50;19298;19500;7;1.249;1.219;1.205;1.156;0.994;119.1;116.4;106.0;82.5;46.3;71.0;85.0;79.0;67.0;34.0;28.0;28.0;28.0;28.0;30.0;26.0;26.0;26.0;26.0;28.0;55.0;55.0;55.0;55.0;60.0;10.0;11.0;19.0;6.0;3.0;186.0;176.0;165.0;113.0;77.0;120.833;5.508;116.4;127.0;107.857;13.839;87.7;127.0;87.414;24.412;51.5;127.0;77.333;7.095;71.0;85.0;76.0;4.899;71.0;85.0;64.429;13.625;42.0;85.0;1.671;1300;100;7.9;5.2;5.0;19.0;48.4
23;10;212;1.09;2.96;51.0;132;1656;51;624;132.2;1610.8;0.0;0;-45;1239;86;1255.0;97;16;11;1.337;1.284;-0.053;394;420;24;26;50;19288;19500;7;1.277;1.249;1.219;1.156;1.027;127.0;119.1;116.4;87.7;51.5;76.0;71.0;85.0;76.0;42.0;26.0;28.0;28.0;28.0;30.0;24.0;26.0;26.0;26.0;28.0;50.0;55.0;55.0;55.0;60.0;16.0;10.0;11.0;11.0;3.0;202.0;186.0;176.0;124.0;80.0;126.1;6.596;119.1;132.2;114.214;13.244;95.5;132.2;93.179;24.804;56.6;132.2;81.333;13.796;71.0;97.0;79.0;9.327;71.0;97.0;68.357;14.558;47.0;97.0;1.363;1300;100;5.2;-2.7;21.0;16.0;47.4
24;7;219;1.12;3.09;53.0;138;1803;54;678;140.0;1750.8;1.0;2;-52;1327;88;1344.0;89;17;1;1.36;1.303;-0.057;397;425;24;26;50;19281;19500;7;1.284;1.277;1.249;1.173;1.051;132.2;127.0;119.1;95.5;56.6;97.0;76.0;71.0;71.0;47.0;26.0;26.0;28.0;28.0;30.0;24.0;24.0;26.0;26.0;28.0;50.0;50.0;55.0;55.0;60.0;10.0;16.0;10.0;10.0;2.0;212.0;202.0;186.0;134.0;82.0;133.067;6.543;127.0;140.0;120.571;13.443;103.3;140.0;99.136;25.353;61.8;140.0;87.333;10.599;76.0;97.0;81.571;9.235;71.0;97.0;71.357;14.14;49.0;97.0;1.573;1300;100;7.8;2.6;-8.0;-29.0;47.3
25;7;226;1.16;3.22;56.0;144;1958;55;733;142.7;1893.5;-1.0;-1;-64;1418;90;1428.0;84;10;-6;1.382;1.326;-0.056;400;426;24;26;50;19274;19500;7;1.303;1.284;1.277;1.193;1.077;140.0;132.2;127.0;103.3;61.8;89.0;97.0;76.0;74.0;49.0;26.0;26.0;26.0;28.0;30.0;24.0;24.0;24.0;26.0;28.0;50.0;50.0;50.0;55.0;60.0;7.0;10.0;16.0;12.0;2.0;219.0;212.0;202.0;146.0;84.0;138.3;5.453;132.2;142.7;126.2;13.253;106.0;142.7;104.914;25.408;67.0;142.7;90.0;6.557;84.0;97.0;83.0;8.622;71.0;97.0;73.857;12.925;53.0;97.0;1.699;1300;100;2.7;-5.1;-5.0;3.0;48.7
26;7;233;1.19;3.35;58.0;150;2120;59;792;153.1;2046.6;1.0;3;-73;1510;92;1513.0;85;3;-7;1.405;1.353;-0.052;402;425;24;26;50;19267;19500;7;1.326;1.303;1.284;1.205;1.097;142.7;140.0;132.2;106.0;67.0;84.0;89.0;97.0;79.0;54.0;26.0;26.0;26.0;28.0;30.0;24.0;24.0;24.0;26.0;28.0;50.0;50.0;50.0;55.0;60.0;7.0;7.0;10.0;19.0;4.0;226.0;219.0;212.0;165.0;88.0;145.267;6.917;140.0;153.1;132.929;13.244;116.4;153.1;111.064;25.939;72.1;153.1;86.0;2.646;84.0;89.0;83.857;8.454;71.0;97.0;76.071;11.874;53.0;97.0;1.801;1300;100;10.4;7.7;1.0;6.0;50.1
27;4;237;1.22;3.4;60.0;156;2285;60;852;155.7;2202.4;0.0;0;-83;1604;94;1607.0;94;3;0;1.426;1.37;-0.056;404;429;24;26;50;19263;19500;7;1.353;1.326;1.303;1.219;1.114;153.1;142.7;140.0;116.4;72.1;85.0;84.0;89.0;85.0;58.0;26.0;26.0;26.0;28.0;30.0;24.0;24.0;24.0;26.0;28.0;50.0;50.0;50.0;55.0;60.0;7.0;7.0;7.0;11.0;6.0;233.0;226.0;219.0;176.0;94.0;150.5;6.879;142.7;155.7;138.543;13.399;119.1;155.7;117.036;25.902;77.3;155.7;87.667;5.508;84.0;94.0;85.143;9.299;71.0;97.0;78.643;11.553;53.0;97.0;1.656;1300;100;2.6;-7.8;9.0;8.0;49.4
28;5;242;1.24;3.61;62.0;162;2455;55;907;142.8;2345.2;-7.0;-19;-110;1698;95;1703.0;96;5;1;1.446;1.377;-0.069;405;436;24;26;50;19258;19500;7;1.37;1.353;1.326;1.249;1.147;155.7;153.1;142.7;119.1;77.3;94.0;85.0;84.0;71.0;53.0;26.0;26.0;26.0;28.0;30.0;24.0;24.0;24.0;26.0;28.0;50.0;50.0;50.0;55.0;60.0;4.0;7.0;7.0;10.0;13.0;237.0;233.0;226.0;186.0;107.0;150.533;6.822;142.8;155.7;141.929;10.304;127.0;155.7;121.714;24.02;82.5;155.7;91.667;5.859;85.0;96.0;88.714;7.61;76.0;97.0;81.714;9.793;67.0;97.0;1.487;1300;100;-12.9;-15.5;2.0;-7.0;50.9
29;0;242;1.24;3.74;65.0;168;2635;57;964;148.0;2493.1;-8.0;-20;-142;1794;96;1798.0;95;4;-1;1.47;1.387;-0.083;406;441;24;26;50;19258;19500;7;1.377;1.37;1.353;1.277;1.156;142.8;155.7;153.1;127.0;82.5;96.0;94.0;85.0;76.0;67.0;26.0;26.0;26.0;26.0;28.0;24.0;24.0;24.0;24.0;26.0;50.0;50.0;50.0;50.0;55.0;5.0;4.0;7.0;16.0;6.0;242.0;237.0;233.0;202.0;113.0;148.833;6.49;142.8;155.7;144.929;8.042;132.2;155.7;126.393;22.096;87.7;155.7;95.0;1.0;94.0;96.0;91.429;5.381;84.0;97.0;83.714;9.409;71.0;97.0;1.558;1300;100;5.2;18.1;-1.0;-3.0;48.4
30;13;255;1.31;3.87;67.0;173;2818;53;1017;137.7;2630.8;-14.0;-35;-187;1891;97;1877.0;79;-14;-18;1.491;1.402;-0.089;407;440;24;26;50;19245;19500;7;1.387;1.377;1.37;1.284;1.156;148.0;142.8;155.7;132.2;87.7;95.0;96.0;94.0;97.0;76.0;26.0;26.0;26.0;26.0;28.0;24.0;24.0;24.0;24.0;26.0;50.0;50.0;50.0;50.0;55.0;0.0;5.0;4.0;10.0;11.0;242.0;242.0;237.0;212.0;124.0;142.833;5.15;137.7;148.0;145.714;6.757;137.7;155.7;129.964;19.214;95.5;155.7;90.0;9.539;79.0;96.0;88.857;6.466;79.0;96.0;83.929;9.253;71.0;97.0;1.743;1300;100;-10.3;-15.5;-16.0;-15.0;57.5
31;7;262;1.34;4.0;68.0;178;3004;55;1072;142.9;2773.8;-13.0;-35;-230;1989;98;1977.0;100;-12;2;1.511;1.403;-0.108;408;448;24;26;50;19238;19500;7;1.402;1.387;1.377;1.303;1.173;137.7;148.0;142.8;140.0;95.5;79.0;95.0;96.0;89.0;71.0;26.0;26.0;26.0;26.0;28.0;24.0;24.0;24.0;24.0;26.0;50.0;50.0;50.0;50.0;55.0;13.0;0.0;5.0;7.0;10.0;255.0;242.0;242.0;219.0;134.0;142.867;5.15;137.7;148.0;146.129;6.429;137.7;155.7;133.35;16.683;103.3;155.7;91.333;10.97;79.0;100.0;90.429;7.721;79.0;100.0;86.0;9.381;71.0;100.0;1.429;1300;100;5.2;15.5;21.0;37.0;55.9
32;3;265;1.36;4.13;70.0;183;3201;57;1129;148.2;2922.0;-13.0;-35;-279;2087;99;2180.0;203;93;104;1.534;1.34;-0.194;408;501;24;26;50;19235;19500;7;1.403;1.402;1.387;1.326;1.193;142.9;137.7;148.0;142.7;103.3;100.0;79.0;95.0;84.0;74.0;26.0;26.0;26.0;26.0;28.0;24.0;24.0;24.0;24.0;26.0;50.0;50.0;50.0;50.0;55.0;7.0;13.0;0.0;7.0;12.0;262.0;255.0;242.0;226.0;146.0;142.933;5.25;137.7;148.2;146.914;6.275;137.7;155.7;136.557;14.655;106.0;155.7;127.333;66.365;79.0;203.0;107.429;42.751;79.0;203.0;95.214;32.226;71.0;203.0;0.73;1300;100;5.3;0.1;103.0;82.0;54.5
33;9;274;1.41;4.26;72.0;188;3403;62;1191;161.2;3083.2;-10.0;-27;-320;2187;100;2279.0;99;92;-1;1.556;1.353;-0.203;408;503;24;26;50;19226;19500;7;1.34;1.403;1.402;1.353;1.205;148.2;142.9;137.7;153.1;106.0;203.0;100.0;79.0;85.0;79.0;26.0;26.0;26.0;26.0;28.0;24.0;24.0;24.0;24.0;26.0;50.0;50.0;50.0;50.0;55.0;3.0;7.0;13.0;7.0;19.0;265.0;262.0;255.0;233.0;165.0;150.767;9.416;142.9;161.2;148.071;8.09;137.7;161.2;140.5;13.149;116.4;161.2;134.0;59.758;99.0;203.0;109.429;41.844;79.0;203.0;96.643;31.893;71.0;203.0;1.628;1300;100;13.0;7.7;-104.0;-207.0;59.3
1;8;8;0.04;0.1;8.0;18;18;8;8;19.0;19.0;0.0;1;1;56;14;60.0;22;4;8;0.321;0.317;-0.004;0;0;30;32;65;20992;21000;8;0.317;0.317;0.317;0.317;0.317;19.0;19.0;19.0;19.0;19.0;22.0;22.0;22.0;22.0;22.0;32.0;32.0;32.0;32.0;32.0;30.0;30.0;30.0;30.0;30.0;65.0;65.0;65.0;65.0;65.0;8.0;8.0;8.0;8.0;8.0;8.0;8.0;8.0;8.0;8.0;19.0;3.394;19.0;19.0;19.0;3.394;19.0;19.0;19.0;3.394;19.0;19.0;22.0;2.828;22.0;22.0;22.0;2.828;22.0;22.0;22.0;2.828;22.0;22.0;0.864;2080;130;4.8;-2.4;-4.0;5.0;5.6
2;2;10;0.05;0.23;9.0;22;40;10;18;23.8;42.8;1.0;2;3;73;17;78.0;18;5;1;0.549;0.549;0.0;0;0;30;32;65;20990;21000;8;0.317;0.317;0.317;0.317;0.317;19.0;19.0;19.0;19.0;19.0;22.0;22.0;22.0;22.0;22.0;32.0;32.0;32.0;32.0;32.0;30.0;30.0;30.0;30.0;30.0;65.0;65.0;65.0;65.0;65.0;8.0;8.0;8.0;8.0;8.0;8.0;8.0;8.0;8.0;8.0;21.4;3.394;19.0;23.8;21.4;3.394;19.0;23.8;21.4;3.394;19.0;23.8;20.0;2.828;18.0;22.0;20.0;2.828;18.0;22.0;20.0;2.828;18.0;22.0;1.322;2080;130;4.8;-2.4;-4.0;5.0;3.0
3;11;21;0.1;0.36;11.0;26;66;11;29;26.2;69.0;0.0;0;3;94;20;97.0;19;3;-1;0.711;0.712;0.001;0;0;30;32;65;20979;21000;8;0.549;0.317;0.317;0.317;0.317;23.8;19.0;19.0;19.0;19.0;18.0;22.0;22.0;22.0;22.0;32.0;32.0;32.0;32.0;32.0;30.0;30.0;30.0;30.0;30.0;65.0;65.0;65.0;65.0;65.0;2.0;8.0;8.0;8.0;8.0;10.0;8.0;8.0;8.0;8.0;23.0;3.666;19.0;26.2;23.0;3.666;19.0;26.2;23.0;3.666;19.0;26.2;19.667;2.082;18.0;22.0;19.667;2.082;18.0;22.0;19.667;2.082;18.0;22.0;1.379;2080;130;2.4;-2.4;1.0;5.0;9.7
4;4;25;0.12;0.49;13.0;30;96;13;42;31.0;100.0;0.0;1;4;117;24;121.0;24;4;0;0.826;0.827;0.001;0;0;30;32;65;20975;21000;8;0.712;0.549;0.317;0.317;0.317;26.2;23.8;19.0;19.0;19.0;19.0;18.0;22.0;22.0;22.0;32.0;32.0;32.0;32.0;32.0;30.0;30.0;30.0;30.0;30.0;65.0;65.0;65.0;65.0;65.0;11.0;2.0;8.0;8.0;8.0;21.0;10.0;8.0;8.0;8.0;27.0;3.666;23.8;31.0;25.0;4.996;19.0;31.0;25.0;4.996;19.0;31.0;20.333;3.215;18.0;24.0;20.75;2.754;18.0;24.0;20.75;2.754;18.0;24.0;1.292;2080;130;4.8;2.4;5.0;4.0;7.0
5;7;32;0.15;0.62;14.0;34;131;14;56;33.4;133.4;0.0;-1;2;144;27;148.0;27;4;0;0.914;0.901;-0.013;0;0;30;32;65;20968;21000;8;0.827;0.712;0.549;0.317;0.317;31.0;26.2;23.8;19.0;19.0;24.0;19.0;18.0;22.0;22.0;32.0;32.0;32.0;32.0;32.0;30.0;30.0;30.0;30.0;30.0;65.0;65.0;65.0;65.0;65.0;4.0;11.0;2.0;8.0;8.0;25.0;21.0;10.0;8.0;8.0;30.2;3.666;26.2;33.4;26.68;5.73;19.0;33.4;26.68;5.73;19.0;33.4;23.333;4.041;19.0;27.0;22.0;3.674;18.0;27.0;22.0;3.674;18.0;27.0;1.237;2080;130;2.4;-2.4;3.0;-2.0;9.9
6;10;42;0.2;0.75;16.0;38;170;16;72;38.2;171.6;0.0;0;2;174;30;178.0;30;4;0;0.979;0.964;-0.015;0;0;30;32;65;20958;21000;8;0.901;0.827;0.712;0.317;0.317;33.4;31.0;26.2;19.0;19.0;27.0;24.0;19.0;22.0;22.0;32.0;32.0;32.0;32.0;32.0;30.0;30.0;30.0;30.0;30.0;65.0;65.0;65.0;65.0;65.0;7.0;4.0;11.0;8.0;8.0;32.0;25.0;21.0;8.0;8.0;34.2;3.666;31.0;38.2;28.6;6.956;19.0;38.2;28.6;6.956;19.0;38.2;27.0;3.0;24.0;30.0;23.333;4.633;18.0;30.0;23.333;4.633;18.0;30.0;1.273;2080;130;4.8;2.4;3.0;0.0;13.4
7;3;45;0.21;0.68;18.0;43;210;18;90;42.9;214.5;0.0;0;5;205;33;212.0;34;7;1;1.029;1.012;-0.017;270;299;30;32;65;20955;21000;8;0.964;0.901;0.827;0.317;0.317;38.2;33.4;31.0;19.0;19.0;30.0;27.0;24.0;22.0;22.0;32.0;32.0;32.0;32.0;32.0;30.0;30.0;30.0;30.0;30.0;65.0;65.0;65.0;65.0;65.0;10.0;7.0;4.0;8.0;8.0;42.0;32.0;25.0;8.0;8.0;38.167;4.75;33.4;42.9;30.643;8.339;19.0;42.9;30.643;8.339;19.0;42.9;30.333;3.512;27.0;34.0;24.857;5.843;18.0;34.0;24.857;5.843;18.0;34.0;1.262;2080;130;4.7;-0.1;4.0;1.0;10.5
8;4;49;0.23;1.01;19.0;45;260;20;110;47.7;262.3;1.0;3;2;244;37;250.0;38;6;1;1.068;1.049;-0.019;268;297;28;30;60;20951;21000;8;1.012;0.964;0.901;0.317;0.317;42.9;38.2;33.4;19.0;19.0;34.0;30.0;27.0;22.0;22.0;32.0;32.0;32.0;32.0;32.0;30.0;30.0;30.0;30.0;30.0;65.0;65.0;65.0;65.0;65.0;3.0;10.0;7.0;8.0;8.0;45.0;42.0;32.0;8.0;8.0;42.933;4.75;38.2;47.7;34.743;8.707;23.8;47.7;32.775;9.796;19.0;47.7;34.0;4.0;30.0;38.0;27.143;7.448;18.0;38.0;26.5;7.131;18.0;38.0;1.255;1800;120;4.8;0.1;4.0;0.0;11.8
9;4;53;0.25;1.14;22.0;53;312;22;132;52.5;314.8;0.0;0;3;285;41;293.0;43;8;2;1.099;1.074;-0.025;274;302;28;30;60;20947;21000;8;1.049;1.012;0.964;0.549;0.317;47.7;42.9;38.2;23.8;19.0;38.0;34.0;30.0;18.0;22.0;30.0;32.0;32.0;32.0;32.0;28.0;30.0;30.0;30.0;30.0;60.0;65.0;65.0;65.0;65.0;4.0;3.0;10.0;2.0;8.0;49.0;45.0;42.0;10.0;8.0;47.7;4.8;42.9;52.5;38.843;9.424;26.2;52.5;34.967;11.278;19.0;52.5;38.333;4.509;34.0;43.0;30.714;8.281;19.0;43.0;28.333;8.646;18.0;43.0;1.221;1800;120;4.8;-0.0;5.0;1.0;12.6
10;4;57;0.27;1.27;23.0;56;372;24;156;57.3;372.1;1.0;1;0;330;45;335.0;42;5;-3;1.129;1.111;-0.018;281;301;28;30;60;20943;21000;8;1.074;1.049;1.012;0.712;0.317;52.5;47.7;42.9;26.2;19.0;43.0;38.0;34.0;19.0;22.0;30.0;30.0;32.0;32.0;32.0;28.0;28.0;30.0;30.0;30.0;60.0;60.0;65.0;65.0;65.0;4.0;4.0;3.0;11.0;8.0;53.0;49.0;45.0;21.0;8.0;52.5;4.8;47.7;57.3;43.286;9.793;31.0;57.3;37.2;12.765;19.0;57.3;41.0;2.646;38.0;43.0;34.0;7.371;24.0;43.0;29.7;9.226;18.0;43.0;1.364;1800;120;4.8;0.0;-1.0;-6.0;13.4
11;1;58;0.28;1.4;26.0;63;435;26;182;62.1;434.2;0.0;-1;-1;380;49;384.0;49;4;0;1.149;1.131;-0.018;289;308;28;30;60;20942;21000;8;1.111;1.074;1.049;0.827;0.317;57.3;52.5;47.7;31.0;19.0;42.0;43.0;38.0;24.0;22.0;30.0;30.0;30.0;32.0;32.0;28.0;28.0;28.0;30.0;30.0;60.0;60.0;60.0;65.0;65.0;4.0;4.0;4.0;4.0;8.0;57.0;53.0;49.0;25.0;8.0;57.3;4.8;52.5;62.1;47.729;10.331;33.4;62.1;39.464;14.248;19.0;62.1;44.667;3.786;42.0;49.0;37.571;7.764;27.0;49.0;31.455;10.511;18.0;49.0;1.267;1800;120;4.8;0.0;7.0;8.0;12.1
12;7;65;0.31;1.53;28.0;68;506;28;210;66.9;501.0;0.0;-1;-5;434;54;424.0;40;-10;-14;1.169;1.182;0.013;297;298;28;30;60;20935;21000;8;1.131;1.111;1.074;0.901;0.317;62.1;57.3;52.5;33.4;19.0;49.0;42.0;43.0;27.0;22.0;30.0;30.0;30.0;32.0;32.0;28.0;28.0;28.0;30.0;30.0;60.0;60.0;60.0;65.0;65.0;1.0;4.0;4.0;7.0;8.0;58.0;57.0;53.0;32.0;8.0;62.1;4.8;57.3;66.9;52.514;10.346;38.2;66.9;41.75;15.725;19.0;66.9;43.667;4.726;40.0;49.0;39.429;6.214;30.0;49.0;32.167;10.321;18.0;49.0;1.672;1800;120;4.8;0.0;-9.0;-16.0;16.5
13;3;68;0.32;1.68;31.0;73;584;30;240;71.7;572.7;-1.0;-1;-11;492;56;482.0;58;-10;2;1.186;1.188;0.002;305;311;28;30;60;20932;21000;8;1.182;1.131;1.111;0.964;0.317;66.9;62.1;57.3;38.2;19.0;40.0;49.0;42.0;30.0;22.0;30.0;30.0;30.0;32.0;32.0;28.0;28.0;28.0;30.0;30.0;60.0;60.0;60.0;65.0;65.0;7.0;1.0;4.0;10.0;8.0;65.0;58.0;57.0;42.0;8.0;66.9;4.8;62.1;71.7;57.3;10.369;42.9;71.7;44.054;17.195;19.0;71.7;49.0;9.0;40.0;58.0;43.429;7.913;34.0;58.0;34.154;12.206;18.0;58.0;1.236;1800;120;4.8;-0.0;18.0;27.0;15.1
14;8;76;0.36;1.79;33.0;78;668;32;272;76.5;649.2;-1.0;-2;-19;553;61;552.0;70;-1;9;1.208;1.176;-0.032;313;334;28;30;60;20924;21000;8;1.188;1.182;1.131;1.012;0.317;71.7;66.9;62.1;42.9;19.0;58.0;40.0;49.0;34.0;22.0;30.0;30.0;30.0;32.0;32.0;28.0;28.0;28.0;30.0;30.0;60.0;60.0;60.0;65.0;65.0;3.0;7.0;1.0;3.0;8.0;68.0;65.0;58.0;45.0;8.0;71.7;4.8;66.9;76.5;62.1;10.369;47.7;76.5;46.371;18.658;19.0;76.5;56.0;15.1;40.0;70.0;48.571;11.603;38.0;70.0;36.714;15.143;18.0;70.0;1.093;1800;120;4.8;0.0;12.0;-6.0;19.2
15;4;80;0.38;1.92;35.0;84;752;34;306;81.3;730.4;-1.0;-3;-22;618;65;622.0;70;4;5;1.219;1.174;-0.045;320;352;26;28;55;20920;21000;8;1.176;1.188;1.182;1.049;0.317;76.5;71.7;66.9;47.7;19.0;70.0;58.0;40.0;38.0;22.0;30.0;30.0;30.0;30.0;32.0;28.0;28.0;28.0;28.0;30.0;60.0;60.0;60.0;60.0;65.0;8.0;3.0;7.0;4.0;8.0;76.0;68.0;65.0;49.0;8.0;76.5;4.8;71.7;81.3;66.9;10.369;52.5;81.3;50.821;19.053;23.8;81.3;66.0;6.928;58.0;70.0;53.143;12.967;40.0;70.0;40.143;16.888;18.0;70.0;1.161;1540;110;4.8;0.0;0.0;-12.0;18.0
16;6;86;0.41;2.06;38.0;90;841;36;342;86.1;816.5;-2.0;-4;-24;685;68;695.0;73;10;5;1.229;1.175;-0.054;327;368;26;28;55;20914;21000;8;1.174;1.176;1.188;1.074;0.549;81.3;76.5;71.7;52.5;23.8;70.0;70.0;58.0;43.0;18.0;28.0;30.0;30.0;30.0;32.0;26.0;28.0;28.0;28.0;30.0;55.0;60.0;60.0;60.0;65.0;4.0;8.0;3.0;4.0;2.0;80.0;76.0;68.0;53.0;10.0;81.3;4.8;76.5;86.1;71.7;10.369;57.3;86.1;55.271;19.526;26.2;86.1;71.0;1.732;70.0;73.0;57.429;13.974;40.0;73.0;44.071;17.718;19.0;73.0;1.179;1540;110;4.8;0.0;3.0;3.0;20.2
17;5;91;0.43;2.18;40.0;96;936;40;382;95.7;912.1;0.0;0;-24;756;71;764.0;69;8;-2;1.239;1.194;-0.045;334;375;26;28;55;20909;21000;8;1.175;1.174;1.176;1.111;0.712;86.1;81.3;76.5;57.3;26.2;73.0;70.0;70.0;42.0;19.0;28.0;28.0;30.0;30.0;32.0;26.0;26.0;28.0;28.0;30.0;55.0;55.0;60.0;60.0;65.0;6.0;4.0;8.0;4.0;11.0;86.0;80.0;76.0;57.0;21.0;87.7;7.332;81.3;95.7;77.186;11.569;62.1;95.7;60.236;20.383;31.0;95.7;70.667;2.082;69.0;73.0;61.286;12.672;40.0;73.0;47.643;17.31;24.0;73.0;1.387;1540;110;9.6;4.8;-4.0;-7.0;20.7
18;8;99;0.47;2.31;43.0;102;1036;42;424;100.5;1012.6;-1.0;-2;-23;830;74;836.0;72;6;-2;1.249;1.211;-0.038;343;382;26;28;55;20901;21000;8;1.194;1.175;1.174;1.131;0.827;95.7;86.1;81.3;62.1;31.0;69.0;73.0;70.0;49.0;24.0;28.0;28.0;28.0;30.0;32.0;26.0;26.0;26.0;28.0;30.0;55.0;55.0;55.0;60.0;65.0;5.0;6.0;4.0;1.0;4.0;91.0;86.0;80.0;58.0;25.0;94.1;7.332;86.1;100.5;82.671;12.305;66.9;100.5;65.2;21.163;33.4;100.5;71.333;2.082;69.0;73.0;64.571;11.914;40.0;73.0;51.071;17.018;27.0;73.0;1.396;1540;110;4.8;-4.8;3.0;7.0;23.8
19;4;103;0.49;2.44;44.0;106;1142;44;468;105.3;1117.9;0.0;-1;-24;908;77;913.0;77;5;0;1.259;1.224;-0.035;378;391;26;28;55;20897;21000;8;1.211;1.194;1.175;1.182;0.901;100.5;95.7;86.1;66.9;33.4;72.0;69.0;73.0;40.0;27.0;28.0;28.0;28.0;30.0;32.0;26.0;26.0;26.0;28.0;30.0;55.0;55.0;55.0;60.0;65.0;8.0;5.0;6.0;7.0;7.0;99.0;91.0;86.0;65.0;32.0;100.5;4.8;95.7;105.3;88.157;12.656;71.7;105.3;70.336;21.572;38.2;105.3;72.667;4.041;69.0;77.0;69.857;5.872;58.0;77.0;54.643;16.823;30.0;77.0;1.368;1540;110;4.8;0.0;5.0;2.0;22.6
20;7;110;0.52;2.57;48.0;114;1256;46;514;110.1;1228.0;-2.0;-4;-28;967;80;992.0;79;25;-1;1.272;1.238;-0.034;383;399;26;28;55;20890;21000;8;1.224;1.211;1.194;1.188;0.964;105.3;100.5;95.7;71.7;38.2;77.0;72.0;69.0;58.0;30.0;28.0;28.0;28.0;30.0;32.0;26.0;26.0;26.0;28.0;30.0;55.0;55.0;55.0;60.0;65.0;4.0;8.0;5.0;3.0;10.0;103.0;99.0;91.0;68.0;42.0;105.3;4.8;100.5;110.1;93.643;12.656;76.5;110.1;75.471;21.89;42.9;110.1;76.0;3.606;72.0;79.0;72.857;3.805;69.0;79.0;58.143;16.394;34.0;79.0;1.394;1540;110;4.8;0.0;2.0;-3.0;25.5
21;4;114;0.54;2.7;50.0;120;1382;50;564;119.7;1347.7;0.0;0;-34;1069;82;1064.0;72;-5;-10;1.294;1.267;-0.027;387;398;26;28;55;20886;21000;8;1.238;1.224;1.211;1.176;1.012;110.1;105.3;100.5;76.5;42.9;79.0;77.0;72.0;70.0;34.0;28.0;28.0;28.0;30.0;32.0;26.0;26.0;26.0;28.0;30.0;55.0;55.0;55.0;60.0;65.0;7.0;4.0;8.0;8.0;3.0;110.0;103.0;99.0;76.0;45.0;111.7;7.332;105.3;119.7;99.814;13.414;81.3;119.7;80.957;22.707;47.7;119.7;76.0;3.606;72.0;79.0;73.143;3.625;69.0;79.0;60.857;15.19;38.0;79.0;1.662;1540;110;9.6;4.8;-7.0;-9.0;24.8
22;6;120;0.57;2.83;53.0;126;1517;52;616;124.5;1472.2;-1.0;-1;-45;1153;84;1142.0;78;-11;-6;1.137;1.289;0.152;391;400;24;26;50;20880;21000;8;1.267;1.238;1.224;1.174;1.049;119.7;110.1;105.3;81.3;47.7;72.0;79.0;77.0;70.0;38.0;28.0;28.0;28.0;28.0;30.0;26.0;26.0;26.0;26.0;28.0;55.0;55.0;55.0;55.0;60.0;4.0;7.0;4.0;4.0;4.0;114.0;110.0;103.0;80.0;49.0;118.1;7.332;110.1;124.5;105.986;13.414;86.1;124.5;86.443;23.323;52.5;124.5;76.333;3.786;72.0;79.0;74.286;3.729;69.0;79.0;63.714;14.296;40.0;79.0;1.596;1300;100;4.8;-4.8;6.0;13.0;27.0
23;7;127;0.6;2.96;55.0;132;1656;54;670;129.4;1601.6;-1.0;-3;-54;1239;86;1245.0;103;6;17;1.337;1.286;-0.051;394;418;24;26;50;20873;21000;8;1.289;1.267;1.238;1.175;1.074;124.5;119.7;110.1;86.1;52.5;78.0;72.0;79.0;73.0;43.0;26.0;28.0;28.0;28.0;30.0;24.0;26.0;26.0;26.0;28.0;50.0;55.0;55.0;55.0;60.0;6.0;4.0;7.0;6.0;4.0;120.0;114.0;110.0;86.0;53.0;124.533;4.85;119.7;129.4;112.171;12.679;95.7;129.4;91.936;23.766;57.3;129.4;84.333;16.442;72.0;103.0;78.571;11.385;69.0;103.0;68.0;16.441;40.0;103.0;1.256;1300;100;4.9;0.1;25.0;19.0;28.9
24;10;137;0.65;3.09;58.0;138;1803;57;727;136.6;1738.2;-1.0;-1;-65;1327;88;1338.0;93;11;5;1.36;1.299;-0.061;397;426;24;26;50;20863;21000;8;1.286;1.289;1.267;1.194;1.111;129.4;124.5;119.7;95.7;57.3;103.0;78.0;72.0;69.0;42.0;26.0;26.0;28.0;28.0;30.0;24.0;24.0;26.0;26.0;28.0;50.0;50.0;55.0;55.0;60.0;7.0;6.0;4.0;5.0;4.0;127.0;120.0;114.0;91.0;57.0;130.167;6.086;124.5;136.6;118.014;13.235;100.5;136.6;97.6;24.319;62.1;136.6;91.333;12.583;78.0;103.0;82.0;11.633;72.0;103.0;71.643;15.877;40.0;103.0;1.469;1300;100;7.2;2.3;-10.0;-35.0;32.4
25;7;144;0.69;3.22;60.0;144;1958;60;787;143.8;1882.0;0.0;0;-76;1418;90;1431.0;93;13;3;1.382;1.315;-0.067;400;432;24;26;50;20856;21000;8;1.299;1.286;1.289;1.211;1.131;136.6;129.4;124.5;100.5;62.1;93.0;103.0;78.0;72.0;49.0;26.0;26.0;26.0;28.0;30.0;24.0;24.0;24.0;26.0;28.0;50.0;50.0;50.0;55.0;60.0;10.0;7.0;6.0;8.0;1.0;137.0;127.0;120.0;99.0;58.0;136.6;7.2;129.4;143.8;124.2;13.792;105.3;143.8;103.436;24.94;66.9;143.8;96.333;5.774;93.0;103.0;85.0;11.328;72.0;103.0;74.786;15.398;40.0;103.0;1.546;1300;100;7.2;0.0;0.0;10.0;32.3
26;6;150;0.71;3.35;63.0;150;2120;62;849;148.7;2030.7;-1.0;-1;-89;1510;92;1511.0;80;1;-12;1.405;1.344;-0.061;402;429;24;26;50;20850;21000;8;1.315;1.299;1.286;1.224;1.182;143.8;136.6;129.4;105.3;66.9;93.0;93.0;103.0;77.0;40.0;26.0;26.0;26.0;28.0;30.0;24.0;24.0;24.0;26.0;28.0;50.0;50.0;50.0;55.0;60.0;7.0;10.0;7.0;4.0;7.0;144.0;137.0;127.0;103.0;65.0;143.033;6.086;136.6;148.7;130.4;13.634;110.1;148.7;109.279;25.301;71.7;148.7;88.667;7.506;80.0;93.0;85.429;11.028;72.0;103.0;77.643;11.719;58.0;103.0;1.859;1300;100;4.9;-2.3;-13.0;-13.0;33.0
27;6;156;0.74;3.4;65.0;156;2285;64;913;153.5;2184.2;-1.0;-2;-101;1604;94;1613.0;102;9;8;1.426;1.354;-0.072;404;438;24;26;50;20844;21000;8;1.344;1.315;1.299;1.238;1.188;148.7;143.8;136.6;110.1;71.7;80.0;93.0;93.0;79.0;58.0;26.0;26.0;26.0;28.0;30.0;24.0;24.0;24.0;26.0;28.0;50.0;50.0;50.0;55.0;60.0;6.0;7.0;10.0;7.0;3.0;150.0;144.0;137.0;110.0;68.0;148.667;4.85;143.8;153.5;136.6;12.7;119.7;153.5;115.121;25.401;76.5;153.5;91.667;11.06;80.0;102.0;88.714;12.162;72.0;103.0;80.786;11.943;69.0;103.0;1.505;1300;100;4.8;-0.1;22.0;35.0;34.2
28;9;165;0.79;3.61;68.0;162;2455;67;980;160.8;2345.0;-1.0;-1;-110;1698;95;1711.0;98;13;3;1.446;1.371;-0.075;405;442;24;26;50;20835;21000;8;1.354;1.344;1.315;1.267;1.176;153.5;148.7;143.8;119.7;76.5;102.0;80.0;93.0;72.0;70.0;26.0;26.0;26.0;28.0;30.0;24.0;24.0;24.0;26.0;28.0;50.0;50.0;50.0;55.0;60.0;6.0;6.0;7.0;4.0;8.0;156.0;150.0;144.0;114.0;76.0;154.333;6.093;148.7;160.8;142.471;13.079;124.5;160.8;121.143;25.532;81.3;160.8;93.333;11.719;80.0;102.0;92.429;9.981;78.0;103.0;82.786;12.336;69.0;103.0;1.641;1300;100;7.3;2.5;-4.0;-26.0;37.5
29;9;174;0.83;3.74;70.0;168;2635;70;1050;168.1;2513.1;0.0;0;-122;1794;96;1799.0;88;5;-8;1.47;1.397;-0.073;406;440;24;26;50;20826;21000;8;1.371;1.354;1.344;1.289;1.174;160.8;153.5;148.7;124.5;81.3;98.0;102.0;80.0;78.0;70.0;26.0;26.0;26.0;26.0;28.0;24.0;24.0;24.0;24.0;26.0;50.0;50.0;50.0;50.0;55.0;9.0;6.0;6.0;6.0;4.0;165.0;156.0;150.0;120.0;80.0;160.8;7.3;153.5;168.1;148.7;13.47;129.4;168.1;127.343;25.652;86.1;168.1;96.0;7.211;88.0;102.0;93.857;8.112;80.0;103.0;84.071;11.829;69.0;103.0;1.91;1300;100;7.3;-0.0;-10.0;-6.0;39.3
30;7;181;0.86;3.87;72.0;173;2818;72;1122;172.9;2686.0;0.0;0;-132;1891;97;1890.0;91;-1;-6;1.491;1.421;-0.07;407;439;24;26;50;20819;21000;8;1.397;1.371;1.354;1.286;1.175;168.1;160.8;153.5;129.4;86.1;88.0;98.0;102.0;103.0;73.0;26.0;26.0;26.0;26.0;28.0;24.0;24.0;24.0;24.0;26.0;50.0;50.0;50.0;50.0;55.0;9.0;9.0;6.0;7.0;6.0;174.0;165.0;156.0;127.0;86.0;167.267;6.093;160.8;172.9;154.914;13.112;136.6;172.9;133.543;25.405;95.7;172.9;92.333;5.132;88.0;98.0;92.143;7.058;80.0;102.0;85.357;11.507;69.0;103.0;1.9;1300;100;4.8;-2.5;3.0;13.0;39.7
31;9;190;0.9;4.0;74.0;178;3004;74;1196;177.8;2863.8;0.0;0;-140;1989;98;1996.0;106;7;8;1.511;1.435;-0.076;408;445;24;26;50;20810;21000;8;1.421;1.397;1.371;1.299;1.194;172.9;168.1;160.8;136.6;95.7;91.0;88.0;98.0;93.0;69.0;26.0;26.0;26.0;26.0;28.0;24.0;24.0;24.0;24.0;26.0;50.0;50.0;50.0;50.0;55.0;7.0;9.0;9.0;10.0;5.0;181.0;174.0;165.0;137.0;91.0;172.933;4.85;168.1;177.8;160.8;12.763;143.8;177.8;139.407;25.473;100.5;177.8;95.0;9.644;88.0;106.0;94.0;8.813;80.0;106.0;88.0;11.708;72.0;106.0;1.677;1300;100;4.9;0.1;15.0;12.0;42.5
32;9;199;0.95;4.13;76.0;183;3201;73;1269;175.5;3039.2;-3.0;-8;-162;2087;99;2105.0;109;18;10;1.534;1.444;-0.09;408;451;24;26;50;20801;21000;8;1.435;1.421;1.397;1.315;1.211;177.8;172.9;168.1;143.8;100.5;106.0;91.0;88.0;93.0;72.0;26.0;26.0;26.0;26.0;28.0;24.0;24.0;24.0;24.0;26.0;50.0;50.0;50.0;50.0;55.0;9.0;7.0;9.0;7.0;8.0;190.0;181.0;174.0;144.0;99.0;175.4;2.452;172.9;177.8;165.329;11.262;148.7;177.8;144.764;24.531;105.3;177.8;102.0;9.644;91.0;109.0;96.286;10.436;80.0;109.0;90.643;11.991;72.0;109.0;1.61;1300;100;-2.3;-7.2;3.0;-12.0;44.3
33;11;210;1.0;4.26;78.0;188;3403;74;1343;178.0;3217.2;-4.0;-10;-186;2187;100;2202.0;97;15;-3;1.556;1.461;-0.095;408;452;24;26;50;20790;21000;8;1.444;1.435;1.421;1.344;1.224;175.5;177.8;172.9;148.7;105.3;109.0;106.0;91.0;80.0;77.0;26.0;26.0;26.0;26.0;28.0;24.0;24.0;24.0;24.0;26.0;50.0;50.0;50.0;50.0;55.0;9.0;9.0;7.0;6.0;4.0;199.0;190.0;181.0;150.0;103.0;177.1;1.389;175.5;178.0;169.514;9.33;153.5;178.0;149.957;23.192;110.1;178.0;104.0;6.245;97.0;109.0;98.714;7.61;88.0;109.0;92.071;11.418;72.0;109.0;1.835;1300;100;2.5;4.8;-12.0;-15.0;47.5
1;20;20;0.1;0.1;8.0;18;18;8;8;19.0;19.0;0.0;1;1;56;14;60.0;22;4;8;0.321;0.317;-0.004;0;0;30;32;65;20980;21000;9;0.317;0.317;0.317;0.317;0.317;19.0;19.0;19.0;19.0;19.0;22.0;22.0;22.0;22.0;22.0;32.0;32.0;32.0;32.0;32.0;30.0;30.0;30.0;30.0;30.0;65.0;65.0;65.0;65.0;65.0;20.0;20.0;20.0;20.0;20.0;20.0;20.0;20.0;20.0;20.0;19.0;3.465;19.0;19.0;19.0;3.465;19.0;19.0;19.0;3.465;19.0;19.0;22.0;1.414;22.0;22.0;22.0;1.414;22.0;22.0;22.0;1.414;22.0;22.0;0.864;2080;130;4.9;-2.5;-2.0;1.0;14.0
2;28;48;0.23;0.23;9.0;22;40;10;18;23.9;42.9;1.0;2;3;73;17;80.0;20;7;3;0.549;0.536;-0.013;0;0;30;32;65;20952;21000;9;0.317;0.317;0.317;0.317;0.317;19.0;19.0;19.0;19.0;19.0;22.0;22.0;22.0;22.0;22.0;32.0;32.0;32.0;32.0;32.0;30.0;30.0;30.0;30.0;30.0;65.0;65.0;65.0;65.0;65.0;20.0;20.0;20.0;20.0;20.0;20.0;20.0;20.0;20.0;20.0;21.45;3.465;19.0;23.9;21.45;3.465;19.0;23.9;21.45;3.465;19.0;23.9;21.0;1.414;20.0;22.0;21.0;1.414;20.0;22.0;21.0;1.414;20.0;22.0;1.195;2080;130;4.9;-2.5;-2.0;1.0;23.6
3;13;61;0.29;0.36;11.0;26;66;11;29;26.3;69.2;0.0;0;3;94;20;99.0;19;5;-1;0.711;0.699;-0.012;0;0;30;32;65;20939;21000;9;0.536;0.317;0.317;0.317;0.317;23.9;19.0;19.0;19.0;19.0;20.0;22.0;22.0;22.0;22.0;32.0;32.0;32.0;32.0;32.0;30.0;30.0;30.0;30.0;30.0;65.0;65.0;65.0;65.0;65.0;28.0;20.0;20.0;20.0;20.0;48.0;20.0;20.0;20.0;20.0;23.067;3.721;19.0;26.3;23.067;3.721;19.0;26.3;23.067;3.721;19.0;26.3;20.333;1.528;19.0;22.0;20.333;1.528;19.0;22.0;20.333;1.528;19.0;22.0;1.384;2080;130;2.4;-2.5;-1.0;1.0;18.7
4;12;73;0.35;0.49;13.0;30;96;12;41;28.7;97.8;-1.0;-1;2;117;24;121.0;22;4;-2;0.826;0.809;-0.017;0;0;30;32;65;20927;21000;9;0.699;0.536;0.317;0.317;0.317;26.3;23.9;19.0;19.0;19.0;19.0;20.0;22.0;22.0;22.0;32.0;32.0;32.0;32.0;32.0;30.0;30.0;30.0;30.0;30.0;65.0;65.0;65.0;65.0;65.0;13.0;28.0;20.0;20.0;20.0;61.0;48.0;20.0;20.0;20.0;26.3;2.4;23.9;28.7;24.475;4.143;19.0;28.7;24.475;4.143;19.0;28.7;20.333;1.528;19.0;22.0;20.75;1.5;19.0;22.0;20.75;1.5;19.0;22.0;1.305;2080;130;2.4;-0.0;3.0;4.0;20.6
5;8;81;0.39;0.62;14.0;34;131;14;55;33.5;131.3;0.0;-1;0;144;27;150.0;29;6;2;0.914;0.875;-0.039;0;0;30;32;65;20919;21000;9;0.809;0.699;0.536;0.317;0.317;28.7;26.3;23.9;19.0;19.0;22.0;19.0;20.0;22.0;22.0;32.0;32.0;32.0;32.0;32.0;30.0;30.0;30.0;30.0;30.0;65.0;65.0;65.0;65.0;65.0;12.0;13.0;28.0;20.0;20.0;73.0;61.0;48.0;20.0;20.0;29.5;3.666;26.3;33.5;26.28;5.4;19.0;33.5;26.28;5.4;19.0;33.5;23.333;5.132;19.0;29.0;22.4;3.912;19.0;29.0;22.4;3.912;19.0;29.0;1.155;2080;130;4.8;2.4;7.0;4.0;20.2
6;8;89;0.42;0.75;16.0;38;170;16;71;38.3;169.6;0.0;0;0;174;30;181.0;31;7;1;0.979;0.937;-0.042;0;0;30;32;65;20911;21000;9;0.875;0.809;0.699;0.317;0.317;33.5;28.7;26.3;19.0;19.0;29.0;22.0;19.0;22.0;22.0;32.0;32.0;32.0;32.0;32.0;30.0;30.0;30.0;30.0;30.0;65.0;65.0;65.0;65.0;65.0;8.0;12.0;13.0;20.0;20.0;81.0;73.0;61.0;20.0;20.0;33.5;4.8;28.7;38.3;28.283;6.885;19.0;38.3;28.283;6.885;19.0;38.3;27.333;4.726;22.0;31.0;23.833;4.956;19.0;31.0;23.833;4.956;19.0;31.0;1.235;2080;130;4.8;-0.0;2.0;-5.0;21.8
7;17;106;0.5;0.68;18.0;43;210;18;89;43.1;212.6;0.0;0;3;205;33;216.0;35;11;2;1.029;0.984;-0.045;270;312;30;32;65;20894;21000;9;0.937;0.875;0.809;0.317;0.317;38.3;33.5;28.7;19.0;19.0;31.0;29.0;22.0;22.0;22.0;32.0;32.0;32.0;32.0;32.0;30.0;30.0;30.0;30.0;30.0;65.0;65.0;65.0;65.0;65.0;8.0;8.0;12.0;20.0;20.0;89.0;81.0;73.0;20.0;20.0;38.3;4.8;33.5;43.1;30.4;8.418;19.0;43.1;30.4;8.418;19.0;43.1;31.667;3.055;29.0;35.0;25.429;6.188;19.0;35.0;25.429;6.188;19.0;35.0;1.231;2080;130;4.8;0.0;4.0;2.0;29.7
8;4;110;0.52;1.01;19.0;45;260;20;109;47.9;260.5;1.0;3;1;244;37;253.0;37;9;0;1.068;1.03;-0.038;268;305;28;30;60;20890;21000;9;0.984;0.937;0.875;0.317;0.317;43.1;38.3;33.5;19.0;19.0;35.0;31.0;29.0;22.0;22.0;32.0;32.0;32.0;32.0;32.0;30.0;30.0;30.0;30.0;30.0;65.0;65.0;65.0;65.0;65.0;17.0;8.0;8.0;20.0;20.0;106.0;89.0;81.0;20.0;20.0;43.1;4.8;38.3;47.9;34.529;8.965;23.9;47.9;32.588;9.951;19.0;47.9;34.333;3.055;31.0;37.0;27.571;7.3;19.0;37.0;26.875;7.039;19.0;37.0;1.295;1800;120;4.8;-0.0;2.0;-2.0;24.0
9;4;114;0.54;1.14;22.0;53;312;21;130;50.3;310.8;-1.0;-3;-1;285;41;293.0;40;8;-1;1.099;1.061;-0.038;274;305;28;30;60;20886;21000;9;1.03;0.984;0.937;0.536;0.317;47.9;43.1;38.3;23.9;19.0;37.0;35.0;31.0;20.0;22.0;30.0;32.0;32.0;32.0;32.0;28.0;30.0;30.0;30.0;30.0;60.0;65.0;65.0;65.0;65.0;4.0;17.0;8.0;28.0;20.0;110.0;106.0;89.0;48.0;20.0;47.1;3.666;43.1;50.3;38.3;9.295;26.3;50.3;34.556;11.023;19.0;50.3;37.333;2.517;35.0;40.0;30.429;7.743;19.0;40.0;28.333;7.906;19.0;40.0;1.257;1800;120;2.4;-2.4;3.0;1.0;24.8
10;1;115;0.55;1.27;23.0;56;372;24;154;57.5;368.2;1.0;1;-4;330;45;337.0;44;7;-1;1.129;1.093;-0.036;281;307;28;30;60;20885;21000;9;1.061;1.03;0.984;0.699;0.317;50.3;47.9;43.1;26.3;19.0;40.0;37.0;35.0;19.0;22.0;30.0;30.0;32.0;32.0;32.0;28.0;28.0;30.0;30.0;30.0;60.0;60.0;65.0;65.0;65.0;4.0;4.0;17.0;13.0;20.0;114.0;110.0;106.0;61.0;20.0;51.9;4.996;47.9;57.5;42.757;10.033;28.7;57.5;36.85;12.675;19.0;57.5;40.333;3.512;37.0;44.0;34.0;7.348;22.0;44.0;29.9;8.95;19.0;44.0;1.307;1800;120;7.2;4.8;4.0;1.0;23.5
11;3;118;0.56;1.4;26.0;63;435;26;180;62.3;430.5;0.0;-1;-4;380;49;385.0;48;5;-1;1.149;1.118;-0.031;289;311;28;30;60;20882;21000;9;1.093;1.061;1.03;0.809;0.317;57.5;50.3;47.9;28.7;19.0;44.0;40.0;37.0;22.0;22.0;30.0;30.0;30.0;32.0;32.0;28.0;28.0;28.0;30.0;30.0;60.0;60.0;60.0;65.0;65.0;1.0;4.0;4.0;12.0;20.0;115.0;114.0;110.0;73.0;20.0;56.7;6.04;50.3;62.3;47.557;10.223;33.5;62.3;39.164;14.264;19.0;62.3;44.0;4.0;40.0;48.0;37.714;6.824;29.0;48.0;31.545;10.093;19.0;48.0;1.298;1800;120;4.8;-2.4;4.0;0.0;25.1
12;3;121;0.58;1.53;28.0;68;506;29;209;69.4;499.9;1.0;1;-6;434;54;437.0;52;3;-2;1.169;1.144;-0.025;297;316;28;30;60;20879;21000;9;1.118;1.093;1.061;0.875;0.317;62.3;57.5;50.3;33.5;19.0;48.0;44.0;40.0;29.0;22.0;30.0;30.0;30.0;32.0;32.0;28.0;28.0;28.0;30.0;30.0;60.0;60.0;60.0;65.0;65.0;3.0;1.0;4.0;8.0;20.0;118.0;115.0;114.0;81.0;20.0;63.067;5.987;57.5;69.4;52.686;10.973;38.3;69.4;41.683;16.16;19.0;69.4;48.0;4.0;44.0;52.0;41.0;7.439;31.0;52.0;33.25;11.291;19.0;52.0;1.335;1800;120;7.1;2.3;4.0;0.0;25.7
13;4;125;0.6;1.68;30.0;73;584;31;240;74.3;574.2;1.0;1;-10;492;56;489.0;52;-3;-4;1.186;1.174;-0.012;305;318;28;30;60;20875;21000;9;1.144;1.118;1.093;0.937;0.317;69.4;62.3;57.5;38.3;19.0;52.0;48.0;44.0;31.0;22.0;30.0;30.0;30.0;32.0;32.0;28.0;28.0;28.0;30.0;30.0;60.0;60.0;60.0;65.0;65.0;3.0;3.0;1.0;8.0;20.0;121.0;118.0;115.0;89.0;20.0;68.667;6.034;62.3;74.3;57.829;11.529;43.1;74.3;44.192;17.923;19.0;74.3;50.667;2.309;48.0;52.0;44.0;6.952;35.0;52.0;34.692;11.996;19.0;52.0;1.429;1800;120;4.9;-2.2;0.0;-4.0;27.0
14;5;130;0.62;1.79;33.0;78;668;32;272;76.7;650.9;-1.0;-1;-17;553;61;550.0;61;-3;0;1.208;1.183;-0.025;313;330;28;30;60;20870;21000;9;1.174;1.144;1.118;0.984;0.317;74.3;69.4;62.3;43.1;19.0;52.0;52.0;48.0;35.0;22.0;30.0;30.0;30.0;32.0;32.0;28.0;28.0;28.0;30.0;30.0;60.0;60.0;60.0;65.0;65.0;4.0;3.0;3.0;17.0;20.0;125.0;121.0;118.0;106.0;20.0;73.467;3.721;69.4;76.7;62.629;11.368;47.9;76.7;46.514;19.287;19.0;76.7;55.0;5.196;52.0;61.0;47.714;8.18;37.0;61.0;36.571;13.501;19.0;61.0;1.257;1800;120;2.4;-2.5;9.0;9.0;28.5
15;6;136;0.65;1.92;35.0;84;752;35;307;83.9;734.7;0.0;0;-17;618;65;620.0;70;2;5;1.219;1.185;-0.034;320;347;26;28;55;20864;21000;9;1.183;1.174;1.144;1.03;0.317;76.7;74.3;69.4;47.9;19.0;61.0;52.0;52.0;37.0;22.0;30.0;30.0;30.0;30.0;32.0;28.0;28.0;28.0;28.0;30.0;60.0;60.0;60.0;60.0;65.0;5.0;4.0;3.0;4.0;20.0;130.0;125.0;121.0;110.0;20.0;78.3;4.996;74.3;83.9;67.771;11.732;50.3;83.9;51.15;19.953;23.9;83.9;61.0;9.0;52.0;70.0;52.429;10.228;40.0;70.0;40.0;15.467;19.0;70.0;1.199;1540;110;7.2;4.8;9.0;0.0;30.2
16;6;142;0.68;2.06;38.0;90;841;38;345;91.1;825.8;0.0;1;-15;685;68;687.0;67;2;-1;1.229;1.202;-0.027;327;355;26;28;55;20858;21000;9;1.185;1.183;1.174;1.061;0.536;83.9;76.7;74.3;50.3;23.9;70.0;61.0;52.0;40.0;20.0;28.0;30.0;30.0;30.0;32.0;26.0;28.0;28.0;28.0;30.0;55.0;60.0;60.0;60.0;65.0;6.0;5.0;4.0;4.0;28.0;136.0;130.0;125.0;114.0;48.0;83.9;7.2;76.7;91.1;73.6;11.74;57.5;91.1;55.95;20.952;26.3;91.1;66.0;4.583;61.0;70.0;56.286;9.844;44.0;70.0;43.357;15.887;19.0;70.0;1.36;1540;110;7.2;-0.0;-3.0;-12.0;31.4
17;5;147;0.7;2.18;40.0;96;936;40;385;95.9;921.7;0.0;0;-14;756;71;760.0;73;4;2;1.239;1.213;-0.026;334;366;26;28;55;20853;21000;9;1.202;1.185;1.183;1.093;0.699;91.1;83.9;76.7;57.5;26.3;67.0;70.0;61.0;44.0;19.0;28.0;28.0;30.0;30.0;32.0;26.0;26.0;28.0;28.0;30.0;55.0;55.0;60.0;60.0;65.0;6.0;6.0;5.0;1.0;13.0;142.0;136.0;130.0;115.0;61.0;90.3;6.04;83.9;95.9;79.086;11.933;62.3;95.9;60.921;21.622;28.7;95.9;70.0;3.0;67.0;73.0;60.429;9.914;48.0;73.0;47.214;16.073;22.0;73.0;1.314;1540;110;4.8;-2.4;6.0;9.0;31.9
18;5;152;0.72;2.31;43.0;102;1036;43;428;103.1;1024.9;0.0;1;-11;830;74;834.0;74;4;0;1.249;1.229;-0.02;343;374;26;28;55;20848;21000;9;1.213;1.202;1.185;1.118;0.809;95.9;91.1;83.9;62.3;28.7;73.0;67.0;70.0;48.0;22.0;28.0;28.0;28.0;30.0;32.0;26.0;26.0;26.0;28.0;30.0;55.0;55.0;55.0;60.0;65.0;5.0;6.0;6.0;3.0;12.0;147.0;142.0;136.0;118.0;73.0;96.7;6.04;91.1;103.1;84.914;12.326;69.4;103.1;66.236;22.228;33.5;103.1;71.333;3.786;67.0;74.0;64.143;9.335;52.0;74.0;50.929;15.804;29.0;74.0;1.393;1540;110;7.2;2.4;1.0;-5.0;32.9
19;5;157;0.75;2.44;44.0;106;1142;45;473;107.9;1132.8;1.0;2;-9;908;77;913.0;79;5;2;1.259;1.241;-0.018;378;384;26;28;55;20843;21000;9;1.229;1.213;1.202;1.144;0.875;103.1;95.9;91.1;69.4;33.5;74.0;73.0;67.0;52.0;29.0;28.0;28.0;28.0;30.0;32.0;26.0;26.0;26.0;28.0;30.0;55.0;55.0;55.0;60.0;65.0;5.0;5.0;6.0;3.0;8.0;152.0;147.0;142.0;121.0;81.0;102.3;6.04;95.9;107.9;90.414;12.829;74.3;107.9;71.55;22.688;38.3;107.9;75.333;3.215;73.0;79.0;68.0;9.055;52.0;79.0;54.5;16.114;31.0;79.0;1.366;1540;110;4.8;-2.4;5.0;4.0;33.9
20;5;162;0.77;2.57;48.0;114;1256;48;521;115.2;1248.0;0.0;1;-8;967;80;998.0;85;31;5;1.272;1.25;-0.022;383;396;26;28;55;20838;21000;9;1.241;1.229;1.213;1.174;0.937;107.9;103.1;95.9;74.3;38.3;79.0;74.0;73.0;52.0;31.0;28.0;28.0;28.0;30.0;32.0;26.0;26.0;26.0;28.0;30.0;55.0;55.0;55.0;60.0;65.0;5.0;5.0;5.0;4.0;8.0;157.0;152.0;147.0;125.0;89.0;108.733;6.093;103.1;115.2;96.257;13.559;76.7;115.2;77.043;23.319;43.1;115.2;79.333;5.508;74.0;85.0;72.714;7.847;61.0;85.0;58.357;16.514;35.0;85.0;1.355;1540;110;7.3;2.5;6.0;1.0;34.9
21;5;167;0.8;2.7;50.0;120;1382;50;571;120.0;1368.0;0.0;0;-14;1069;82;1081.0;83;12;1;1.294;1.265;-0.029;387;404;26;28;55;20833;21000;9;1.25;1.241;1.229;1.183;0.984;115.2;107.9;103.1;76.7;43.1;85.0;79.0;74.0;61.0;35.0;28.0;28.0;28.0;30.0;32.0;26.0;26.0;26.0;28.0;30.0;55.0;55.0;55.0;60.0;65.0;5.0;5.0;5.0;5.0;17.0;162.0;157.0;152.0;130.0;106.0;114.367;6.093;107.9;120.0;102.443;13.016;83.9;120.0;82.536;23.762;47.9;120.0;82.333;3.055;79.0;85.0;75.857;6.694;67.0;85.0;61.786;16.273;37.0;85.0;1.446;1540;110;4.8;-2.5;-2.0;-8.0;35.9
22;7;174;0.83;2.83;52.0;126;1517;52;623;124.8;1492.8;0.0;-1;-24;1153;84;1165.0;84;12;0;1.137;1.281;0.144;391;410;24;26;50;20826;21000;9;1.265;1.25;1.241;1.185;1.03;120.0;115.2;107.9;83.9;47.9;83.0;85.0;79.0;70.0;37.0;28.0;28.0;28.0;28.0;30.0;26.0;26.0;26.0;26.0;28.0;55.0;55.0;55.0;55.0;60.0;5.0;5.0;5.0;6.0;4.0;167.0;162.0;157.0;136.0;110.0;120.0;4.8;115.2;124.8;108.286;12.474;91.1;124.8;88.029;24.026;50.3;124.8;84.0;1.0;83.0;85.0;77.857;6.744;67.0;85.0;65.143;15.6;40.0;85.0;1.486;1300;100;4.8;0.0;1.0;3.0;38.3
23;5;179;0.85;2.96;55.0;132;1656;55;678;132.1;1624.9;0.0;0;-31;1239;86;1254.0;89;15;3;1.337;1.296;-0.041;394;417;24;26;50;20821;21000;9;1.281;1.265;1.25;1.202;1.061;124.8;120.0;115.2;91.1;50.3;84.0;83.0;85.0;67.0;40.0;26.0;28.0;28.0;28.0;30.0;24.0;26.0;26.0;26.0;28.0;50.0;55.0;55.0;55.0;60.0;7.0;5.0;5.0;6.0;4.0;174.0;167.0;162.0;142.0;114.0;125.633;6.093;120.0;132.1;114.143;12.683;95.9;132.1;93.871;24.091;57.5;132.1;85.333;3.215;83.0;89.0;81.0;5.916;73.0;89.0;68.643;15.011;44.0;89.0;1.484;1300;100;7.3;2.5;5.0;4.0;38.3
24;4;183;0.87;3.09;57.0;138;1803;55;733;132.1;1757.0;-2.0;-6;-46;1327;88;1343.0;89;16;1;1.36;1.308;-0.052;397;424;24;26;50;20817;21000;9;1.296;1.281;1.265;1.213;1.093;132.1;124.8;120.0;95.9;57.5;89.0;84.0;83.0;73.0;44.0;26.0;26.0;28.0;28.0;30.0;24.0;24.0;26.0;26.0;28.0;50.0;50.0;55.0;55.0;60.0;5.0;7.0;5.0;5.0;1.0;179.0;174.0;167.0;147.0;115.0;129.667;4.215;124.8;132.1;119.314;11.311;103.1;132.1;99.2;23.674;62.3;132.1;87.333;2.887;84.0;89.0;83.286;5.376;74.0;89.0;71.857;14.12;48.0;89.0;1.484;1300;100;0.0;-7.3;0.0;-5.0;38.6
25;6;189;0.9;3.22;60.0;144;1958;62;795;149.0;1906.0;2.0;5;-52;1418;90;1437.0;94;19;4;1.382;1.326;-0.056;400;429;24;26;50;20811;21000;9;1.308;1.296;1.281;1.229;1.118;132.1;132.1;124.8;103.1;62.3;89.0;89.0;84.0;74.0;48.0;26.0;26.0;26.0;28.0;30.0;24.0;24.0;24.0;26.0;28.0;50.0;50.0;50.0;55.0;60.0;4.0;5.0;7.0;5.0;3.0;183.0;179.0;174.0;152.0;118.0;137.733;9.757;132.1;149.0;125.871;13.447;107.9;149.0;105.393;24.601;69.4;149.0;90.667;2.887;89.0;94.0;86.143;4.914;79.0;94.0;75.143;13.479;52.0;94.0;1.585;1300;100;16.9;16.9;5.0;5.0;40.8
26;7;196;0.93;3.35;62.0;150;2120;62;857;149.0;2055.0;0.0;-1;-65;1510;92;1537.0;100;27;8;1.405;1.337;-0.068;402;438;24;26;50;20804;21000;9;1.326;1.308;1.296;1.241;1.144;149.0;132.1;132.1;107.9;69.4;94.0;89.0;89.0;79.0;52.0;26.0;26.0;26.0;28.0;30.0;24.0;24.0;24.0;26.0;28.0;50.0;50.0;50.0;55.0;60.0;6.0;4.0;5.0;5.0;3.0;189.0;183.0;179.0;157.0;121.0;143.367;9.757;132.1;149.0;131.743;13.264;115.2;149.0;111.079;24.84;74.3;149.0;94.333;5.508;89.0;100.0;89.143;6.094;83.0;100.0;78.571;13.242;52.0;100.0;1.49;1300;100;0.0;-16.9;6.0;1.0;42.7
27;15;211;1.0;3.4;65.0;156;2285;65;922;156.3;2211.3;0.0;0;-74;1604;94;1634.0;97;30;3;1.426;1.353;-0.073;404;443;24;26;50;20789;21000;9;1.337;1.326;1.308;1.25;1.174;149.0;149.0;132.1;115.2;74.3;100.0;94.0;89.0;85.0;52.0;26.0;26.0;26.0;28.0;30.0;24.0;24.0;24.0;26.0;28.0;50.0;50.0;50.0;55.0;60.0;7.0;6.0;4.0;5.0;4.0;196.0;189.0;183.0;162.0;125.0;151.433;4.215;149.0;156.3;137.614;13.806;120.0;156.3;116.936;25.166;76.7;156.3;97.0;3.0;94.0;100.0;90.857;6.414;83.0;100.0;81.786;11.663;61.0;100.0;1.611;1300;100;7.3;7.3;-3.0;-9.0;49.7
28;8;219;1.04;3.61;67.0;162;2455;62;984;149.2;2360.5;-5.0;-13;-94;1698;95;1733.0;99;35;4;1.446;1.362;-0.084;405;450;24;26;50;20781;21000;9;1.353;1.337;1.326;1.265;1.183;156.3;149.0;149.0;120.0;76.7;97.0;100.0;94.0;83.0;61.0;26.0;26.0;26.0;28.0;30.0;24.0;24.0;24.0;26.0;28.0;50.0;50.0;50.0;55.0;60.0;15.0;7.0;6.0;5.0;5.0;211.0;196.0;189.0;167.0;130.0;151.5;4.158;149.0;156.3;141.786;11.873;124.8;156.3;122.114;23.664;83.9;156.3;98.667;1.528;97.0;100.0;93.143;5.984;84.0;100.0;84.5;10.847;67.0;100.0;1.507;1300;100;-7.1;-14.4;2.0;5.0;47.8
29;3;222;1.06;3.74;70.0;168;2635;61;1045;146.8;2507.3;-9.0;-21;-128;1794;96;1833.0;100;39;4;1.47;1.368;-0.102;406;457;24;26;50;20778;21000;9;1.362;1.353;1.337;1.281;1.185;149.2;156.3;149.0;124.8;83.9;99.0;97.0;100.0;84.0;70.0;26.0;26.0;26.0;26.0;28.0;24.0;24.0;24.0;24.0;26.0;50.0;50.0;50.0;50.0;55.0;8.0;15.0;7.0;7.0;6.0;219.0;211.0;196.0;174.0;136.0;150.767;4.94;146.8;156.3;144.929;9.25;132.1;156.3;126.607;21.744;91.1;156.3;98.667;1.528;97.0;100.0;95.429;4.86;89.0;100.0;86.643;10.725;67.0;100.0;1.468;1300;100;-2.4;4.7;1.0;-1.0;45.9
30;8;230;1.1;3.87;72.0;173;2818;63;1108;151.7;2658.9;-9.0;-21;-159;1891;97;1931.0;98;40;1;1.491;1.377;-0.114;407;462;24;26;50;20770;21000;9;1.368;1.362;1.353;1.296;1.202;146.8;149.2;156.3;132.1;91.1;100.0;99.0;97.0;89.0;67.0;26.0;26.0;26.0;26.0;28.0;24.0;24.0;24.0;24.0;26.0;50.0;50.0;50.0;50.0;55.0;3.0;8.0;15.0;5.0;6.0;222.0;219.0;211.0;179.0;142.0;149.233;2.45;146.8;151.7;147.729;7.525;132.1;156.3;130.936;20.102;95.9;156.3;99.0;1.0;98.0;100.0;96.714;3.988;89.0;100.0;88.857;9.486;73.0;100.0;1.548;1300;100;4.9;7.3;-2.0;-3.0;50.0
31;9;239;1.14;4.0;74.0;178;3004;65;1173;156.5;2815.5;-9.0;-21;-188;1989;98;2033.0;102;44;4;1.511;1.385;-0.126;408;468;24;26;50;20761;21000;9;1.377;1.368;1.362;1.308;1.213;151.7;146.8;149.2;132.1;95.9;98.0;100.0;99.0;89.0;73.0;26.0;26.0;26.0;26.0;28.0;24.0;24.0;24.0;24.0;26.0;50.0;50.0;50.0;50.0;55.0;8.0;3.0;8.0;4.0;5.0;230.0;222.0;219.0;183.0;147.0;151.667;4.85;146.8;156.5;151.214;3.816;146.8;156.5;135.264;18.432;103.1;156.5;100.0;2.0;98.0;102.0;98.571;2.573;94.0;102.0;90.929;8.905;74.0;102.0;1.534;1300;100;4.8;-0.1;4.0;6.0;52.3
32;10;249;1.19;4.13;76.0;183;3201;67;1231;161.4;2976.9;-18.0;-43;-246;2087;99;2133.0;100;46;1;1.534;1.396;-0.138;408;475;24;26;50;20751;21000;9;1.385;1.377;1.368;1.326;1.229;156.5;151.7;146.8;149.0;103.1;102.0;98.0;100.0;94.0;74.0;26.0;26.0;26.0;26.0;28.0;24.0;24.0;24.0;24.0;26.0;50.0;50.0;50.0;50.0;55.0;9.0;8.0;3.0;6.0;5.0;239.0;230.0;222.0;189.0;152.0;156.533;4.85;151.7;161.4;152.986;5.232;146.8;161.4;139.429;17.147;107.9;161.4;100.0;2.0;98.0;102.0;99.429;1.618;97.0;102.0;92.786;7.738;79.0;102.0;1.614;1300;100;4.9;0.1;-2.0;-6.0;54.8
33;10;259;1.23;4.26;78.0;188;3403;69;1275;166.3;3143.3;-34.0;-82;-342;2187;100;2233.0;100;46;0;1.556;1.408;-0.148;408;487;24;26;50;20741;21000;9;1.396;1.385;1.377;1.337;1.241;161.4;156.5;151.7;149.0;107.9;100.0;102.0;98.0;100.0;79.0;26.0;26.0;26.0;26.0;28.0;24.0;24.0;24.0;24.0;26.0;50.0;50.0;50.0;50.0;55.0;10.0;9.0;8.0;7.0;5.0;249.0;239.0;230.0;196.0;157.0;161.4;4.9;156.5;166.3;155.457;6.867;146.8;166.3;143.6;15.949;115.2;166.3;100.667;1.155;100.0;102.0;99.429;1.618;97.0;102.0;94.286;6.844;83.0;102.0;1.663;1300;100;4.9;0.0;0.0;2.0;56.8
34;10;269;1.28;4.39;80.0;192;3504;70;1309;168.8;3312.1;-46.0;-110;-361;2289;101;2333.0;100;44;-1;1.578;1.42;-0.158;407;503;24;26;50;20731;21000;9;1.408;1.396;1.385;1.353;1.25;166.3;161.4;156.5;156.3;115.2;100.0;100.0;102.0;97.0;85.0;26.0;26.0;26.0;26.0;28.0;24.0;24.0;24.0;24.0;26.0;50.0;50.0;50.0;50.0;55.0;10.0;10.0;9.0;15.0;5.0;259.0;249.0;239.0;211.0;162.0;165.5;3.764;161.4;168.8;157.243;8.543;146.8;168.8;147.429;15.013;120.0;168.8;100.0;0.0;100.0;100.0;99.857;1.215;98.0;102.0;95.357;6.44;83.0;102.0;1.688;1300;100;2.5;-2.4;0.0;0.0;58.8
35;0;269;1.28;4.52;83.0;199;3601;72;1309;173.7;3485.7;-83.0;-199;-458;2390;101;2333.0;100;0;-1;1.6;1.494;-0.106;407;488;24;26;50;20731;21000;9;1.42;1.408;1.396;1.362;1.265;168.8;166.3;161.4;149.2;120.0;100.0;100.0;100.0;99.0;83.0;26.0;26.0;26.0;26.0;28.0;24.0;24.0;24.0;24.0;26.0;50.0;50.0;50.0;50.0;55.0;10.0;10.0;10.0;8.0;5.0;269.0;259.0;249.0;219.0;167.0;169.6;3.764;166.3;173.7;160.743;9.646;146.8;173.7;151.264;14.31;124.8;173.7;100.0;0.0;100.0;100.0;100.0;1.155;98.0;102.0;96.571;5.459;84.0;102.0;1.737;1300;100;4.9;2.4;0.0;0.0;53.8
1;12;12;0.06;0.1;7.0;18;18;7;7;17.4;17.4;0.0;-1;-1;56;14;63.0;22;7;8;0.321;0.276;-0.045;0;0;30;32;65;20088;20100;10;0.276;0.276;0.276;0.276;0.276;17.4;17.4;17.4;17.4;17.4;22.0;22.0;22.0;22.0;22.0;32.0;32.0;32.0;32.0;32.0;30.0;30.0;30.0;30.0;30.0;65.0;65.0;65.0;65.0;65.0;12.0;12.0;12.0;12.0;12.0;12.0;12.0;12.0;12.0;12.0;17.4;3.536;17.4;17.4;17.4;3.536;17.4;17.4;17.4;3.536;17.4;17.4;22.0;2.121;22.0;22.0;22.0;2.121;22.0;22.0;22.0;2.121;22.0;22.0;0.791;2080;130;5.0;-2.5;-3.0;7.0;8.4
2;9;21;0.1;0.23;9.0;22;40;9;16;22.4;39.8;0.0;0;0;73;17;82.0;19;9;2;0.549;0.486;-0.063;0;0;30;32;65;20079;20100;10;0.276;0.276;0.276;0.276;0.276;17.4;17.4;17.4;17.4;17.4;22.0;22.0;22.0;22.0;22.0;32.0;32.0;32.0;32.0;32.0;30.0;30.0;30.0;30.0;30.0;65.0;65.0;65.0;65.0;65.0;12.0;12.0;12.0;12.0;12.0;12.0;12.0;12.0;12.0;12.0;19.9;3.536;17.4;22.4;19.9;3.536;17.4;22.4;19.9;3.536;17.4;22.4;20.5;2.121;19.0;22.0;20.5;2.121;19.0;22.0;20.5;2.121;19.0;22.0;1.179;2080;130;5.0;-2.5;-3.0;7.0;8.7
3;6;27;0.13;0.36;10.0;26;66;10;26;24.9;64.7;0.0;-1;-1;94;20;105.0;23;11;3;0.711;0.617;-0.094;0;0;30;32;65;20073;20100;10;0.486;0.276;0.276;0.276;0.276;22.4;17.4;17.4;17.4;17.4;19.0;22.0;22.0;22.0;22.0;32.0;32.0;32.0;32.0;32.0;30.0;30.0;30.0;30.0;30.0;65.0;65.0;65.0;65.0;65.0;9.0;12.0;12.0;12.0;12.0;21.0;12.0;12.0;12.0;12.0;21.567;3.819;17.4;24.9;21.567;3.819;17.4;24.9;21.567;3.819;17.4;24.9;21.333;2.082;19.0;23.0;21.333;2.082;19.0;23.0;21.333;2.082;19.0;23.0;1.083;2080;130;2.5;-2.5;4.0;7.0;8.4
4;6;33;0.16;0.49;12.0;30;96;12;38;29.9;94.6;0.0;0;-1;117;24;130.0;25;13;1;0.826;0.728;-0.098;0;0;30;32;65;20067;20100;10;0.617;0.486;0.276;0.276;0.276;24.9;22.4;17.4;17.4;17.4;23.0;19.0;22.0;22.0;22.0;32.0;32.0;32.0;32.0;32.0;30.0;30.0;30.0;30.0;30.0;65.0;65.0;65.0;65.0;65.0;6.0;9.0;12.0;12.0;12.0;27.0;21.0;12.0;12.0;12.0;25.733;3.819;22.4;29.9;23.65;5.204;17.4;29.9;23.65;5.204;17.4;29.9;22.333;3.055;19.0;25.0;22.25;2.5;19.0;25.0;22.25;2.5;19.0;25.0;1.196;2080;130;5.0;2.5;2.0;-2.0;9.6
5;3;36;0.18;0.62;14.0;34;131;14;52;34.9;129.5;0.0;1;-1;144;27;159.0;29;15;2;0.914;0.815;-0.099;0;0;30;32;65;20064;20100;10;0.728;0.617;0.486;0.276;0.276;29.9;24.9;22.4;17.4;17.4;25.0;23.0;19.0;22.0;22.0;32.0;32.0;32.0;32.0;32.0;30.0;30.0;30.0;30.0;30.0;65.0;65.0;65.0;65.0;65.0;6.0;6.0;9.0;12.0;12.0;33.0;27.0;21.0;12.0;12.0;29.9;5.0;24.9;34.9;25.9;6.755;17.4;34.9;25.9;6.755;17.4;34.9;25.667;3.055;23.0;29.0;23.6;3.715;19.0;29.0;23.6;3.715;19.0;29.0;1.203;2080;130;5.0;0.0;4.0;2.0;8.7
6;5;41;0.2;0.75;15.0;38;170;15;67;37.4;166.9;0.0;-1;-3;174;30;191.0;32;17;2;0.979;0.874;-0.105;0;0;30;32;65;20059;20100;10;0.815;0.728;0.617;0.276;0.276;34.9;29.9;24.9;17.4;17.4;29.0;25.0;23.0;22.0;22.0;32.0;32.0;32.0;32.0;32.0;30.0;30.0;30.0;30.0;30.0;65.0;65.0;65.0;65.0;65.0;3.0;6.0;6.0;12.0;12.0;36.0;33.0;27.0;12.0;12.0;34.067;3.819;29.9;37.4;27.817;7.651;17.4;37.4;27.817;7.651;17.4;37.4;28.667;3.512;25.0;32.0;25.0;4.775;19.0;32.0;25.0;4.775;19.0;32.0;1.169;2080;130;2.5;-2.5;3.0;-1.0;10.7
7;2;43;0.21;0.68;17.0;43;210;17;84;42.4;209.3;0.0;-1;-1;205;33;226.0;35;21;2;1.029;0.926;-0.103;270;348;30;32;65;20057;20100;10;0.874;0.815;0.728;0.276;0.276;37.4;34.9;29.9;17.4;17.4;32.0;29.0;25.0;22.0;22.0;32.0;32.0;32.0;32.0;32.0;30.0;30.0;30.0;30.0;30.0;65.0;65.0;65.0;65.0;65.0;5.0;3.0;6.0;12.0;12.0;41.0;36.0;33.0;12.0;12.0;38.233;3.819;34.9;42.4;29.9;8.898;17.4;42.4;29.9;8.898;17.4;42.4;32.0;3.0;29.0;35.0;26.429;5.769;19.0;35.0;26.429;5.769;19.0;35.0;1.211;2080;130;5.0;2.5;3.0;0.0;9.6
8;0;43;0.21;1.01;18.0;45;260;18;102;44.9;254.2;0.0;0;-6;244;37;265.0;39;21;2;1.068;0.959;-0.109;268;345;28;30;60;20057;20100;10;0.926;0.874;0.815;0.276;0.276;42.4;37.4;34.9;17.4;17.4;35.0;32.0;29.0;22.0;22.0;32.0;32.0;32.0;32.0;32.0;30.0;30.0;30.0;30.0;30.0;65.0;65.0;65.0;65.0;65.0;2.0;5.0;3.0;12.0;12.0;43.0;41.0;36.0;12.0;12.0;41.567;3.819;37.4;44.9;33.829;8.522;22.4;44.9;31.775;9.797;17.4;44.9;35.333;3.512;32.0;39.0;28.857;7.034;19.0;39.0;28.0;6.949;19.0;39.0;1.151;1800;120;2.5;-2.5;4.0;1.0;8.6
9;0;43;0.21;1.14;21.0;53;312;21;123;52.4;306.5;0.0;-1;-5;285;41;306.0;41;21;0;1.099;1.002;-0.097;274;339;28;30;60;20057;20100;10;0.959;0.926;0.874;0.486;0.276;44.9;42.4;37.4;22.4;17.4;39.0;35.0;32.0;19.0;22.0;30.0;32.0;32.0;32.0;32.0;28.0;30.0;30.0;30.0;30.0;60.0;65.0;65.0;65.0;65.0;0.0;2.0;5.0;9.0;12.0;43.0;43.0;41.0;21.0;12.0;46.567;5.204;42.4;52.4;38.114;9.322;24.9;52.4;34.067;11.456;17.4;52.4;38.333;3.055;35.0;41.0;32.0;6.807;23.0;41.0;29.444;7.812;19.0;41.0;1.278;1800;120;7.5;5.0;2.0;-2.0;8.6
10;3;46;0.23;1.27;22.0;56;372;22;145;54.9;361.4;0.0;-1;-11;330;45;351.0;45;21;0;1.129;1.03;-0.099;281;340;28;30;60;20054;20100;10;1.002;0.959;0.926;0.617;0.276;52.4;44.9;42.4;24.9;17.4;41.0;39.0;35.0;23.0;22.0;30.0;30.0;32.0;32.0;32.0;28.0;28.0;30.0;30.0;30.0;60.0;60.0;65.0;65.0;65.0;0.0;0.0;2.0;6.0;12.0;43.0;43.0;43.0;27.0;12.0;50.733;5.204;44.9;54.9;42.4;9.129;29.9;54.9;36.15;12.652;17.4;54.9;41.667;3.055;39.0;45.0;35.143;7.034;25.0;45.0;31.0;8.857;19.0;45.0;1.22;1800;120;2.5;-5.0;4.0;2.0;10.7
11;4;50;0.25;1.4;25.0;63;435;25;170;62.3;423.7;0.0;-1;-11;380;49;402.0;51;22;2;1.149;1.054;-0.095;289;346;28;30;60;20050;20100;10;1.03;1.002;0.959;0.728;0.276;54.9;52.4;44.9;29.9;17.4;45.0;41.0;39.0;25.0;22.0;30.0;30.0;30.0;32.0;32.0;28.0;28.0;28.0;30.0;30.0;60.0;60.0;60.0;65.0;65.0;3.0;0.0;0.0;6.0;12.0;46.0;43.0;43.0;33.0;12.0;56.533;5.148;52.4;62.3;47.029;9.915;34.9;62.3;38.527;14.361;17.4;62.3;45.667;5.033;41.0;51.0;38.857;7.625;29.0;51.0;32.818;10.342;19.0;51.0;1.222;1800;120;7.4;4.9;6.0;2.0;12.0
12;5;55;0.27;1.53;27.0;68;506;27;197;67.3;491.1;0.0;-1;-15;434;54;451.0;49;17;-5;1.169;1.089;-0.08;297;344;28;30;60;20045;20100;10;1.054;1.03;1.002;0.815;0.276;62.3;54.9;52.4;34.9;17.4;51.0;45.0;41.0;29.0;22.0;30.0;30.0;30.0;32.0;32.0;28.0;28.0;28.0;30.0;30.0;60.0;60.0;60.0;65.0;65.0;4.0;3.0;0.0;3.0;12.0;50.0;46.0;43.0;36.0;12.0;61.5;6.239;54.9;67.3;51.657;10.829;37.4;67.3;40.925;16.015;17.4;67.3;48.333;3.055;45.0;51.0;41.714;7.041;32.0;51.0;34.167;10.911;19.0;51.0;1.373;1800;120;5.0;-2.4;-2.0;-8.0;13.5
13;6;61;0.3;1.68;29.0;73;584;29;226;72.4;563.4;0.0;-1;-21;492;56;495.0;44;3;-12;1.186;1.138;-0.048;305;334;28;30;60;20039;20100;10;1.089;1.054;1.03;0.874;0.276;67.3;62.3;54.9;37.4;17.4;49.0;51.0;45.0;32.0;22.0;30.0;30.0;30.0;32.0;32.0;28.0;28.0;28.0;30.0;30.0;60.0;60.0;60.0;65.0;65.0;5.0;4.0;3.0;5.0;12.0;55.0;50.0;46.0;41.0;12.0;67.333;5.05;62.3;72.4;56.657;11.222;42.4;72.4;43.346;17.644;17.4;72.4;48.0;3.606;44.0;51.0;43.429;5.593;35.0;51.0;34.923;10.797;19.0;51.0;1.645;1800;120;5.1;0.1;-5.0;-3.0;15.2
14;7;68;0.34;1.79;31.0;78;668;31;257;77.4;640.8;0.0;-1;-27;553;61;557.0;62;4;1;1.208;1.15;-0.058;313;345;28;30;60;20032;20100;10;1.138;1.089;1.054;0.926;0.276;72.4;67.3;62.3;42.4;17.4;44.0;49.0;51.0;35.0;22.0;30.0;30.0;30.0;32.0;32.0;28.0;28.0;28.0;30.0;30.0;60.0;60.0;60.0;65.0;65.0;6.0;5.0;4.0;2.0;12.0;61.0;55.0;50.0;43.0;12.0;72.367;5.05;67.3;77.4;61.657;11.602;44.9;77.4;45.779;19.24;17.4;77.4;51.667;9.292;44.0;62.0;47.286;7.718;39.0;62.0;36.857;12.648;19.0;62.0;1.248;1800;120;5.0;-0.1;18.0;23.0;17.1
15;4;72;0.36;1.92;34.0;84;752;33;290;82.4;723.2;-1.0;-2;-29;618;65;623.0;66;5;1;1.219;1.161;-0.058;320;357;26;28;55;20028;20100;10;1.15;1.138;1.089;0.959;0.276;77.4;72.4;67.3;44.9;17.4;62.0;44.0;49.0;39.0;22.0;30.0;30.0;30.0;30.0;32.0;28.0;28.0;28.0;28.0;30.0;60.0;60.0;60.0;60.0;65.0;7.0;6.0;5.0;0.0;12.0;68.0;61.0;55.0;43.0;12.0;77.4;5.0;72.4;82.4;67.014;11.227;52.4;82.4;50.421;19.703;22.4;82.4;57.333;11.719;44.0;66.0;51.143;9.442;41.0;66.0;40.0;14.06;19.0;66.0;1.248;1540;110;5.0;0.0;4.0;-14.0;16.4
16;7;79;0.39;2.06;36.0;90;841;36;326;89.9;813.1;0.0;0;-28;685;68;700.0;77;15;9;1.229;1.162;-0.067;327;375;26;28;55;20021;20100;10;1.161;1.15;1.138;1.002;0.486;82.4;77.4;72.4;52.4;22.4;66.0;62.0;44.0;41.0;19.0;28.0;30.0;30.0;30.0;32.0;26.0;28.0;28.0;28.0;30.0;55.0;60.0;60.0;60.0;65.0;4.0;7.0;6.0;0.0;9.0;72.0;68.0;61.0;43.0;21.0;83.233;6.292;77.4;89.9;72.371;12.011;54.9;89.9;55.243;20.558;24.9;89.9;68.333;7.767;62.0;77.0;56.286;12.352;44.0;77.0;44.143;15.83;23.0;77.0;1.168;1540;110;7.5;2.5;11.0;7.0;19.3
17;4;83;0.41;2.18;38.0;96;936;38;364;94.9;908.0;0.0;-1;-28;756;71;768.0;68;12;-3;1.239;1.182;-0.057;334;381;26;28;55;20017;20100;10;1.162;1.161;1.15;1.03;0.617;89.9;82.4;77.4;54.9;24.9;77.0;66.0;62.0;45.0;23.0;28.0;28.0;30.0;30.0;32.0;26.0;26.0;28.0;28.0;30.0;55.0;55.0;60.0;60.0;65.0;7.0;4.0;7.0;3.0;6.0;79.0;72.0;68.0;46.0;27.0;89.067;6.292;82.4;94.9;78.086;11.827;62.3;94.9;60.243;21.116;29.9;94.9;70.333;5.859;66.0;77.0;59.571;11.9;44.0;77.0;47.357;15.775;25.0;77.0;1.396;1540;110;5.0;-2.5;-9.0;-20.0;18.6
18;3;86;0.43;2.31;41.0;102;1036;40;404;99.9;1007.9;-1.0;-2;-28;830;74;842.0;74;12;0;1.249;1.197;-0.052;343;389;26;28;55;20014;20100;10;1.182;1.162;1.161;1.054;0.728;94.9;89.9;82.4;62.3;29.9;68.0;77.0;66.0;51.0;25.0;28.0;28.0;28.0;30.0;32.0;26.0;26.0;26.0;28.0;30.0;55.0;55.0;55.0;60.0;65.0;4.0;7.0;4.0;4.0;6.0;83.0;79.0;72.0;50.0;33.0;94.9;5.0;89.9;99.9;83.457;12.0;67.3;99.9;65.243;21.659;34.9;99.9;73.0;4.583;68.0;77.0;62.857;12.308;44.0;77.0;50.857;15.869;29.0;77.0;1.35;1540;110;5.0;0.0;6.0;15.0;18.7
19;7;93;0.46;2.44;42.0;106;1142;42;446;105.0;1112.9;0.0;-1;-29;908;77;922.0;80;14;3;1.259;1.207;-0.052;378;400;26;28;55;20007;20100;10;1.197;1.182;1.162;1.089;0.815;99.9;94.9;89.9;67.3;34.9;74.0;68.0;77.0;49.0;29.0;28.0;28.0;28.0;30.0;32.0;26.0;26.0;26.0;28.0;30.0;55.0;55.0;55.0;60.0;65.0;3.0;4.0;7.0;5.0;3.0;86.0;83.0;79.0;55.0;36.0;99.933;5.05;94.9;105.0;88.843;12.0;72.4;105.0;70.25;22.201;37.4;105.0;74.0;6.0;68.0;80.0;67.286;12.065;44.0;80.0;54.5;16.313;32.0;80.0;1.312;1540;110;5.1;0.1;6.0;0.0;22.1
20;5;98;0.49;2.57;46.0;114;1256;45;491;112.5;1225.4;-1.0;-2;-31;967;80;1001.0;79;34;-1;1.272;1.224;-0.048;383;407;26;28;55;20002;20100;10;1.207;1.197;1.182;1.138;0.874;105.0;99.9;94.9;72.4;37.4;80.0;74.0;68.0;44.0;32.0;28.0;28.0;28.0;30.0;32.0;26.0;26.0;26.0;28.0;30.0;55.0;55.0;55.0;60.0;65.0;7.0;3.0;4.0;6.0;5.0;93.0;86.0;83.0;61.0;41.0;105.8;6.338;99.9;112.5;94.571;12.406;77.4;112.5;75.614;22.72;42.4;112.5;77.667;3.215;74.0;80.0;72.286;6.993;62.0;80.0;57.857;16.162;35.0;80.0;1.424;1540;110;7.5;2.4;-1.0;-7.0;22.1
21;7;105;0.52;2.7;48.0;120;1382;48;539;120.0;1345.4;0.0;0;-37;1069;82;1082.0;81;13;-1;1.294;1.243;-0.051;387;412;26;28;55;19995;20100;10;1.224;1.207;1.197;1.15;0.926;112.5;105.0;99.9;77.4;42.4;79.0;80.0;74.0;62.0;35.0;28.0;28.0;28.0;30.0;32.0;26.0;26.0;26.0;28.0;30.0;55.0;55.0;55.0;60.0;65.0;5.0;7.0;3.0;7.0;2.0;98.0;93.0;86.0;68.0;43.0;112.5;7.5;105.0;120.0;100.657;13.013;82.4;120.0;81.157;23.447;44.9;120.0;80.0;1.0;79.0;81.0;75.0;5.944;66.0;81.0;61.143;15.83;39.0;81.0;1.481;1540;110;7.5;0.0;2.0;3.0;24.5
22;2;107;0.53;2.83;50.0;126;1517;50;589;125.0;1470.5;0.0;-1;-47;1153;84;1163.0;81;10;-3;1.137;1.264;0.127;391;416;24;26;50;19993;20100;10;1.243;1.224;1.207;1.161;0.959;120.0;112.5;105.0;82.4;44.9;81.0;79.0;80.0;66.0;39.0;28.0;28.0;28.0;28.0;30.0;26.0;26.0;26.0;26.0;28.0;55.0;55.0;55.0;55.0;60.0;7.0;5.0;7.0;4.0;0.0;105.0;98.0;93.0;72.0;43.0;119.167;6.292;112.5;125.0;106.743;13.013;89.9;125.0;86.879;23.691;52.4;125.0;80.333;1.155;79.0;81.0;77.143;4.741;68.0;81.0;64.143;15.281;41.0;81.0;1.543;1300;100;5.0;-2.5;0.0;-2.0;22.4
23;1;108;0.54;2.96;53.0;132;1656;52;641;130.1;1600.5;-1.0;-2;-55;1239;86;1249.0;86;10;0;1.337;1.281;-0.056;394;421;24;26;50;19992;20100;10;1.264;1.243;1.224;1.162;1.002;125.0;120.0;112.5;89.9;52.4;81.0;81.0;79.0;77.0;41.0;26.0;28.0;28.0;28.0;30.0;24.0;26.0;26.0;26.0;28.0;50.0;55.0;55.0;55.0;60.0;2.0;7.0;5.0;7.0;0.0;107.0;105.0;98.0;79.0;43.0;125.033;5.05;120.0;130.1;112.486;13.21;94.9;130.1;92.429;24.091;54.9;130.1;82.667;2.887;81.0;86.0;78.429;5.798;68.0;86.0;67.357;14.763;44.0;86.0;1.513;1300;100;5.1;0.1;5.0;5.0;22.1
24;2;110;0.55;3.09;55.0;138;1803;55;696;137.6;1738.1;0.0;0;-65;1327;88;1337.0;88;10;0;1.36;1.3;-0.06;397;426;24;26;50;19990;20100;10;1.281;1.264;1.243;1.182;1.03;130.1;125.0;120.0;94.9;54.9;86.0;81.0;81.0;68.0;45.0;26.0;26.0;28.0;28.0;30.0;24.0;24.0;26.0;26.0;28.0;50.0;50.0;55.0;55.0;60.0;1.0;2.0;7.0;4.0;3.0;108.0;107.0;105.0;83.0;46.0;130.9;6.338;125.0;137.6;118.586;13.589;99.9;137.6;98.336;24.319;62.3;137.6;85.0;3.606;81.0;88.0;81.286;4.608;74.0;88.0;70.429;14.217;44.0;88.0;1.564;1300;100;7.5;2.4;2.0;-3.0;23.0
25;3;113;0.56;3.22;58.0;144;1958;53;749;132.6;1870.7;-5.0;-11;-87;1418;90;1427.0;90;9;0;1.382;1.311;-0.071;400;433;24;26;50;19987;20100;10;1.3;1.281;1.264;1.197;1.054;137.6;130.1;125.0;99.9;62.3;88.0;86.0;81.0;74.0;51.0;26.0;26.0;26.0;28.0;30.0;24.0;24.0;24.0;26.0;28.0;50.0;50.0;50.0;55.0;60.0;2.0;1.0;2.0;3.0;4.0;110.0;108.0;107.0;86.0;50.0;133.433;3.819;130.1;137.6;123.257;11.565;105.0;137.6;103.357;23.551;67.3;137.6;88.0;2.0;86.0;90.0;83.571;4.353;79.0;90.0;73.214;13.935;44.0;90.0;1.473;1300;100;-5.0;-12.5;2.0;0.0;24.1
26;5;118;0.59;3.35;60.0;150;2120;55;804;137.6;2008.3;-5.0;-12;-112;1510;92;1519.0;92;9;0;1.405;1.322;-0.083;402;439;24;26;50;19982;20100;10;1.311;1.3;1.281;1.207;1.089;132.6;137.6;130.1;105.0;67.3;90.0;88.0;86.0;80.0;49.0;26.0;26.0;26.0;28.0;30.0;24.0;24.0;24.0;26.0;28.0;50.0;50.0;50.0;55.0;60.0;3.0;2.0;1.0;7.0;5.0;113.0;110.0;108.0;93.0;55.0;135.933;2.887;132.6;137.6;127.914;9.337;112.5;137.6;108.379;22.753;72.4;137.6;90.0;2.0;88.0;92.0;85.286;5.024;79.0;92.0;76.286;12.887;44.0;92.0;1.496;1300;100;5.0;10.0;2.0;0.0;26.1
27;5;123;0.61;3.4;62.0;156;2285;57;861;142.7;2151.0;-5.0;-13;-134;1604;94;1614.0;95;10;1;1.426;1.333;-0.093;404;446;24;26;50;19977;20100;10;1.322;1.311;1.3;1.224;1.138;137.6;132.6;137.6;112.5;72.4;92.0;90.0;88.0;79.0;44.0;26.0;26.0;26.0;28.0;30.0;24.0;24.0;24.0;26.0;28.0;50.0;50.0;50.0;55.0;60.0;5.0;3.0;2.0;5.0;6.0;118.0;113.0;110.0;98.0;61.0;137.633;5.05;132.6;142.7;132.229;7.893;120.0;142.7;113.4;21.945;77.4;142.7;92.333;2.517;90.0;95.0;87.571;5.318;81.0;95.0;79.929;9.926;62.0;95.0;1.502;1300;100;5.1;0.1;3.0;1.0;27.1
28;3;126;0.63;3.61;65.0;162;2455;59;920;147.7;2298.6;-6.0;-14;-156;1698;95;1710.0;96;12;1;1.446;1.344;-0.102;405;451;24;26;50;19974;20100;10;1.333;1.322;1.311;1.243;1.15;142.7;137.6;132.6;120.0;77.4;95.0;92.0;90.0;81.0;62.0;26.0;26.0;26.0;28.0;30.0;24.0;24.0;24.0;26.0;28.0;50.0;50.0;50.0;55.0;60.0;5.0;5.0;3.0;7.0;7.0;123.0;118.0;113.0;105.0;68.0;142.667;5.05;137.6;147.7;136.186;7.681;125.0;147.7;118.421;21.101;82.4;147.7;94.333;2.082;92.0;96.0;89.714;5.251;81.0;96.0;82.357;9.345;66.0;96.0;1.539;1300;100;5.0;-0.1;1.0;-2.0;26.7
29;3;129;0.64;3.74;67.0;168;2635;61;981;152.7;2451.4;-6.0;-15;-184;1794;96;1806.0;96;12;0;1.47;1.357;-0.113;406;456;24;26;50;19971;20100;10;1.344;1.333;1.322;1.264;1.161;147.7;142.7;137.6;125.0;82.4;96.0;95.0;92.0;81.0;66.0;26.0;26.0;26.0;26.0;28.0;24.0;24.0;24.0;24.0;26.0;50.0;50.0;50.0;50.0;55.0;3.0;5.0;5.0;2.0;4.0;126.0;123.0;118.0;107.0;72.0;147.7;5.0;142.7;152.7;140.143;8.083;130.1;152.7;123.443;20.215;89.9;152.7;95.667;0.577;95.0;96.0;91.857;4.018;86.0;96.0;84.5;8.724;68.0;96.0;1.591;1300;100;5.0;0.0;0.0;-1.0;27.3
30;0;129;0.64;3.87;69.0;173;2818;63;1044;157.7;2609.1;-6.0;-15;-209;1891;97;1912.0;106;21;9;1.491;1.365;-0.126;407;464;24;26;50;19971;20100;10;1.357;1.344;1.333;1.281;1.162;152.7;147.7;142.7;130.1;89.9;96.0;96.0;95.0;86.0;77.0;26.0;26.0;26.0;26.0;28.0;24.0;24.0;24.0;24.0;26.0;50.0;50.0;50.0;50.0;55.0;3.0;3.0;5.0;1.0;7.0;129.0;126.0;123.0;108.0;79.0;152.7;5.0;147.7;157.7;144.086;9.042;132.6;157.7;128.286;19.675;94.9;157.7;99.333;5.774;96.0;106.0;94.714;5.851;88.0;106.0;86.571;10.135;68.0;106.0;1.488;1300;100;5.0;0.0;10.0;10.0;25.8
31;0;129;0.64;4.0;71.0;178;3004;65;1109;162.7;2771.8;-6.0;-15;-232;1989;98;2011.0;99;22;1;1.511;1.378;-0.133;408;468;24;26;50;19971;20100;10;1.365;1.357;1.344;1.3;1.182;157.7;152.7;147.7;137.6;94.9;106.0;96.0;96.0;88.0;68.0;26.0;26.0;26.0;26.0;28.0;24.0;24.0;24.0;24.0;26.0;50.0;50.0;50.0;50.0;55.0;0.0;3.0;3.0;2.0;4.0;129.0;129.0;126.0;110.0;83.0;157.7;5.0;152.7;162.7;147.671;10.84;132.6;162.7;133.129;19.163;99.9;162.7;100.333;5.132;96.0;106.0;96.286;5.187;90.0;106.0;88.786;9.099;74.0;106.0;1.643;1300;100;5.0;0.0;-7.0;-17.0;25.8
32;0;129;0.64;4.13;73.0;183;3201;68;1177;170.2;2942.1;-5.0;-13;-259;2087;99;2118.0;107;31;8;1.534;1.389;-0.145;408;473;24;26;50;19971;20100;10;1.378;1.365;1.357;1.311;1.197;162.7;157.7;152.7;132.6;99.9;99.0;106.0;96.0;90.0;74.0;26.0;26.0;26.0;26.0;28.0;24.0;24.0;24.0;24.0;26.0;50.0;50.0;50.0;50.0;55.0;0.0;0.0;3.0;3.0;3.0;129.0;129.0;129.0;113.0;86.0;163.533;6.292;157.7;170.2;153.043;11.427;137.6;170.2;138.15;18.996;105.0;170.2;104.0;4.359;99.0;107.0;98.714;5.707;92.0;107.0;91.143;9.248;79.0;107.0;1.591;1300;100;7.5;2.5;8.0;15.0;25.8
33;0;129;0.64;4.26;75.0;188;3403;65;1242;162.7;3104.8;-10.0;-25;-298;2187;100;2201.0;83;14;-17;1.556;1.411;-0.145;408;470;24;26;50;19971;20100;10;1.389;1.378;1.365;1.322;1.207;170.2;162.7;157.7;137.6;105.0;107.0;99.0;106.0;92.0;80.0;26.0;26.0;26.0;26.0;28.0;24.0;24.0;24.0;24.0;26.0;50.0;50.0;50.0;50.0;55.0;0.0;0.0;0.0;5.0;7.0;129.0;129.0;129.0;118.0;93.0;165.2;4.33;162.7;170.2;156.629;9.559;142.7;170.2;142.271;17.447;112.5;170.2;96.333;12.22;83.0;107.0;97.429;8.018;83.0;107.0;91.357;9.001;79.0;107.0;1.96;1300;100;-7.5;-15.0;-24.0;-32.0;25.8
34;0;129;0.64;4.39;77.0;192;3504;70;1312;175.3;3280.1;-7.0;-17;-224;2289;101;2310.0;109;21;8;1.578;1.42;-0.158;407;475;24;26;50;19971;20100;10;1.411;1.389;1.378;1.333;1.224;162.7;170.2;162.7;142.7;112.5;83.0;107.0;99.0;95.0;79.0;26.0;26.0;26.0;26.0;28.0;24.0;24.0;24.0;24.0;26.0;50.0;50.0;50.0;50.0;55.0;0.0;0.0;0.0;5.0;5.0;129.0;129.0;129.0;123.0;98.0;169.4;6.338;162.7;175.3;161.286;9.583;147.7;175.3;146.757;17.276;120.0;175.3;99.667;14.468;83.0;109.0;99.429;8.997;83.0;109.0;93.5;9.395;81.0;109.0;1.608;1300;100;12.6;20.1;26.0;50.0;25.8
35;0;129;0.64;4.52;79.0;199;3601;72;1384;180.3;3460.3;-7.0;-19;-141;2390;101;2400.0;90;10;-11;1.6;1.442;-0.158;407;473;24;26;50;19971;20100;10;1.42;1.411;1.389;1.344;1.243;175.3;162.7;170.2;147.7;120.0;109.0;83.0;107.0;96.0;81.0;26.0;26.0;26.0;26.0;28.0;24.0;24.0;24.0;24.0;26.0;50.0;50.0;50.0;50.0;55.0;0.0;0.0;0.0;3.0;7.0;129.0;129.0;129.0;126.0;105.0;172.767;9.069;162.7;180.3;165.943;9.799;152.7;180.3;151.064;17.605;125.0;180.3;94.0;13.454;83.0;109.0;98.571;9.641;83.0;109.0;94.143;8.761;81.0;109.0;2.003;1300;100;5.0;-7.6;-19.0;-45.0;25.8
1;15;15;0.075;0.1;7.0;18;18;7;7;17.5;17.5;0.0;0;0;56;14;54.0;21;-2;7;0.321;0.324;0.003;0;0;30;32;65;19985;20000;11;0.324;0.324;0.324;0.324;0.324;17.5;17.5;17.5;17.5;17.5;21.0;21.0;21.0;21.0;21.0;32.0;32.0;32.0;32.0;32.0;30.0;30.0;30.0;30.0;30.0;65.0;65.0;65.0;65.0;65.0;15.0;15.0;15.0;15.0;15.0;15.0;15.0;15.0;15.0;15.0;17.5;1.768;17.5;17.5;17.5;1.768;17.5;17.5;17.5;1.768;17.5;17.5;21.0;4.243;21.0;21.0;21.0;4.243;21.0;21.0;21.0;4.243;21.0;21.0;0.833;2080;130;2.5;2.6;-6.0;12.0;10.5
2;13;28;0.14;0.23;9.0;22;40;8;15;20.0;37.5;-1.0;-2;-2;73;17;69.0;15;-4;-2;0.549;0.544;-0.005;0;0;30;32;65;19972;20000;11;0.324;0.324;0.324;0.324;0.324;17.5;17.5;17.5;17.5;17.5;21.0;21.0;21.0;21.0;21.0;32.0;32.0;32.0;32.0;32.0;30.0;30.0;30.0;30.0;30.0;65.0;65.0;65.0;65.0;65.0;15.0;15.0;15.0;15.0;15.0;15.0;15.0;15.0;15.0;15.0;18.75;1.768;17.5;20.0;18.75;1.768;17.5;20.0;18.75;1.768;17.5;20.0;18.0;4.243;15.0;21.0;18.0;4.243;15.0;21.0;18.0;4.243;15.0;21.0;1.333;2080;130;2.5;2.6;-6.0;12.0;12.1
3;14;42;0.21;0.36;10.0;26;66;10;25;25.1;62.6;0.0;-1;-3;94;20;90.0;21;-4;1;0.711;0.695;-0.016;0;0;30;32;65;19958;20000;11;0.544;0.324;0.324;0.324;0.324;20.0;17.5;17.5;17.5;17.5;15.0;21.0;21.0;21.0;21.0;32.0;32.0;32.0;32.0;32.0;30.0;30.0;30.0;30.0;30.0;65.0;65.0;65.0;65.0;65.0;13.0;15.0;15.0;15.0;15.0;28.0;15.0;15.0;15.0;15.0;20.867;3.873;17.5;25.1;20.867;3.873;17.5;25.1;20.867;3.873;17.5;25.1;19.0;3.464;15.0;21.0;19.0;3.464;15.0;21.0;19.0;3.464;15.0;21.0;1.195;2080;130;5.1;2.6;6.0;12.0;15.4
4;15;57;0.285;0.49;12.0;30;96;10;35;25.1;87.7;-2.0;-5;-8;117;24;110.0;20;-7;-4;0.826;0.797;-0.029;0;0;30;32;65;19943;20000;11;0.695;0.544;0.324;0.324;0.324;25.1;20.0;17.5;17.5;17.5;21.0;15.0;21.0;21.0;21.0;32.0;32.0;32.0;32.0;32.0;30.0;30.0;30.0;30.0;30.0;65.0;65.0;65.0;65.0;65.0;14.0;13.0;15.0;15.0;15.0;42.0;28.0;15.0;15.0;15.0;23.4;2.944;20.0;25.1;21.925;3.806;17.5;25.1;21.925;3.806;17.5;25.1;18.667;3.215;15.0;21.0;19.25;2.872;15.0;21.0;19.25;2.872;15.0;21.0;1.255;2080;130;0.0;-5.1;-1.0;-7.0;18.9
5;15;72;0.36;0.62;14.0;34;131;12;47;30.1;117.8;-2.0;-4;-13;144;27;135.0;25;-9;-2;0.914;0.872;-0.042;0;0;30;32;65;19928;20000;11;0.797;0.695;0.544;0.324;0.324;25.1;25.1;20.0;17.5;17.5;20.0;21.0;15.0;21.0;21.0;32.0;32.0;32.0;32.0;32.0;30.0;30.0;30.0;30.0;30.0;65.0;65.0;65.0;65.0;65.0;15.0;14.0;13.0;15.0;15.0;57.0;42.0;28.0;15.0;15.0;26.767;2.887;25.1;30.1;23.56;4.922;17.5;30.1;23.56;4.922;17.5;30.1;22.0;2.646;20.0;25.0;20.4;3.578;15.0;25.0;20.4;3.578;15.0;25.0;1.204;2080;130;5.0;5.0;5.0;6.0;21.9
6;10;82;0.41;0.75;15.0;38;170;14;61;35.1;152.9;-1.0;-3;-17;174;30;166.0;31;-8;1;0.979;0.921;-0.058;0;0;30;32;65;19918;20000;11;0.872;0.797;0.695;0.324;0.324;30.1;25.1;25.1;17.5;17.5;25.0;20.0;21.0;21.0;21.0;32.0;32.0;32.0;32.0;32.0;30.0;30.0;30.0;30.0;30.0;65.0;65.0;65.0;65.0;65.0;15.0;15.0;14.0;15.0;15.0;72.0;57.0;42.0;15.0;15.0;30.1;5.0;25.1;35.1;25.483;6.448;17.5;35.1;25.483;6.448;17.5;35.1;25.333;5.508;20.0;31.0;22.167;5.382;15.0;31.0;22.167;5.382;15.0;31.0;1.132;2080;130;5.0;0.0;6.0;1.0;21.4
7;0;82;0.41;0.68;17.0;43;210;16;77;40.2;193.1;-1.0;-3;-17;205;33;201.0;35;-4;2;1.029;0.961;-0.068;270;298;30;32;65;19918;20000;11;0.921;0.872;0.797;0.324;0.324;35.1;30.1;25.1;17.5;17.5;31.0;25.0;20.0;21.0;21.0;32.0;32.0;32.0;32.0;32.0;30.0;30.0;30.0;30.0;30.0;65.0;65.0;65.0;65.0;65.0;10.0;15.0;15.0;15.0;15.0;82.0;72.0;57.0;15.0;15.0;35.133;5.05;30.1;40.2;27.586;8.099;17.5;40.2;27.586;8.099;17.5;40.2;30.333;5.033;25.0;35.0;24.0;6.904;15.0;35.0;24.0;6.904;15.0;35.0;1.149;2080;130;5.1;0.1;4.0;-2.0;16.4
8;1;83;0.415;1.01;18.0;45;260;18;95;45.2;238.3;0.0;0;-22;244;37;237.0;36;-7;-1;1.068;1.005;-0.063;268;293;28;30;60;19917;20000;11;0.961;0.921;0.872;0.324;0.324;40.2;35.1;30.1;17.5;17.5;35.0;31.0;25.0;21.0;21.0;32.0;32.0;32.0;32.0;32.0;30.0;30.0;30.0;30.0;30.0;65.0;65.0;65.0;65.0;65.0;0.0;10.0;15.0;15.0;15.0;82.0;82.0;72.0;15.0;15.0;40.167;5.05;35.1;45.2;31.543;9.06;20.0;45.2;29.788;9.747;17.5;45.2;34.0;2.646;31.0;36.0;26.143;8.05;15.0;36.0;25.5;7.672;15.0;36.0;1.256;1800;120;5.0;-0.1;1.0;-3.0;17.1
9;0;83;0.415;1.14;21.0;53;312;20;115;50.2;288.5;-1.0;-3;-24;285;41;278.0;41;-7;0;1.099;1.038;-0.061;274;296;28;30;60;19917;20000;11;1.005;0.961;0.921;0.544;0.324;45.2;40.2;35.1;20.0;17.5;36.0;35.0;31.0;15.0;21.0;30.0;32.0;32.0;32.0;32.0;28.0;30.0;30.0;30.0;30.0;60.0;65.0;65.0;65.0;65.0;1.0;0.0;10.0;13.0;15.0;83.0;82.0;82.0;28.0;15.0;45.2;5.0;40.2;50.2;35.857;9.807;25.1;50.2;32.056;11.376;17.5;50.2;37.333;3.215;35.0;41.0;29.857;8.05;20.0;41.0;27.222;8.843;15.0;41.0;1.224;1800;120;5.0;0.0;5.0;4.0;16.6
10;3;86;0.43;1.27;22.0;56;372;22;137;55.2;343.7;0.0;-1;-28;330;45;323.0;45;-7;0;1.129;1.064;-0.065;281;302;28;30;60;19914;20000;11;1.038;1.005;0.961;0.695;0.324;50.2;45.2;40.2;25.1;17.5;41.0;36.0;35.0;21.0;21.0;30.0;30.0;32.0;32.0;32.0;28.0;28.0;30.0;30.0;30.0;60.0;60.0;65.0;65.0;65.0;0.0;1.0;0.0;14.0;15.0;83.0;83.0;82.0;42.0;15.0;50.2;5.0;45.2;55.2;40.157;10.848;25.1;55.2;34.37;12.985;17.5;55.2;40.667;4.509;36.0;45.0;33.286;8.731;20.0;45.0;29.0;10.055;15.0;45.0;1.227;1800;120;5.0;0.0;4.0;-1.0;18.7
11;2;88;0.44;1.4;25.0;63;435;24;161;60.3;404.0;-1.0;-3;-31;380;49;373.0;50;-7;1;1.149;1.083;-0.066;289;312;28;30;60;19912;20000;11;1.064;1.038;1.005;0.797;0.324;55.2;50.2;45.2;25.1;17.5;45.0;41.0;36.0;20.0;21.0;30.0;30.0;30.0;32.0;32.0;28.0;28.0;28.0;30.0;30.0;60.0;60.0;60.0;65.0;65.0;3.0;0.0;1.0;15.0;15.0;86.0;83.0;83.0;57.0;15.0;55.233;5.05;50.2;60.3;45.186;10.863;30.1;60.3;36.727;14.59;17.5;60.3;45.333;4.509;41.0;50.0;37.571;8.482;25.0;50.0;30.909;11.449;15.0;50.0;1.206;1800;120;5.1;0.1;5.0;1.0;18.6
12;4;92;0.46;1.53;27.0;68;506;25;186;62.8;466.8;-2.0;-5;-39;434;54;415.0;42;-19;-12;1.169;1.125;-0.044;297;306;28;30;60;19908;20000;11;1.083;1.064;1.038;0.872;0.324;60.3;55.2;50.2;30.1;17.5;50.0;45.0;41.0;25.0;21.0;30.0;30.0;30.0;32.0;32.0;28.0;28.0;28.0;30.0;30.0;60.0;60.0;60.0;65.0;65.0;2.0;3.0;0.0;15.0;15.0;88.0;86.0;83.0;72.0;15.0;59.433;3.873;55.2;62.8;49.857;10.311;35.1;62.8;38.9;15.817;17.5;62.8;45.667;4.041;42.0;50.0;40.0;6.481;31.0;50.0;31.833;11.376;15.0;50.0;1.495;1800;120;2.5;-2.6;-8.0;-13.0;20.4
13;4;96;0.48;1.68;29.0;73;584;27;213;67.8;534.6;-2.0;-5;-49;492;56;454.0;39;-38;-17;1.186;1.177;-0.009;305;295;28;30;60;19904;20000;11;1.125;1.083;1.064;0.921;0.324;62.8;60.3;55.2;35.1;17.5;42.0;50.0;45.0;31.0;21.0;30.0;30.0;30.0;32.0;32.0;28.0;28.0;28.0;30.0;30.0;60.0;60.0;60.0;65.0;65.0;4.0;2.0;3.0;10.0;15.0;92.0;88.0;86.0;82.0;15.0;63.633;3.819;60.3;67.8;54.529;9.911;40.2;67.8;41.123;17.134;17.5;67.8;43.667;5.686;39.0;50.0;41.143;5.21;35.0;50.0;32.385;11.072;15.0;50.0;1.738;1800;120;5.0;2.5;-3.0;5.0;21.2
14;5;101;0.505;1.79;31.0;78;668;30;243;75.4;610.0;-1.0;-3;-58;553;61;515.0;61;-38;0;1.208;1.184;-0.024;313;309;28;30;60;19899;20000;11;1.177;1.125;1.083;0.961;0.324;67.8;62.8;60.3;40.2;17.5;39.0;42.0;50.0;35.0;21.0;30.0;30.0;30.0;32.0;32.0;28.0;28.0;28.0;30.0;30.0;60.0;60.0;60.0;65.0;65.0;4.0;4.0;2.0;0.0;15.0;96.0;92.0;88.0;82.0;15.0;68.667;6.345;62.8;75.4;59.557;10.35;45.2;75.4;43.571;18.839;17.5;75.4;47.333;11.93;39.0;61.0;44.857;8.395;36.0;61.0;34.429;13.101;15.0;61.0;1.236;1800;120;7.6;2.6;22.0;25.0;22.7
15;3;104;0.52;1.92;33.0;84;752;32;275;80.4;690.4;-1.0;-4;-62;618;65;577.0;62;-41;-3;1.219;1.197;-0.022;320;320;26;28;55;19896;20000;11;1.184;1.177;1.125;1.005;0.324;75.4;67.8;62.8;45.2;17.5;61.0;39.0;42.0;36.0;21.0;30.0;30.0;30.0;30.0;32.0;28.0;28.0;28.0;28.0;30.0;60.0;60.0;60.0;60.0;65.0;5.0;4.0;4.0;1.0;15.0;101.0;96.0;92.0;83.0;15.0;74.533;6.345;67.8;80.4;64.586;10.755;50.2;80.4;48.064;19.627;20.0;80.4;54.0;13.0;39.0;62.0;48.571;9.502;39.0;62.0;37.357;14.388;15.0;62.0;1.297;1540;110;5.0;-2.6;1.0;-21.0;22.3
16;5;109;0.545;2.06;36.0;90;841;34;309;85.5;775.8;-2.0;-5;-65;685;68;642.0;65;-43;-3;1.229;1.208;-0.021;327;330;26;28;55;19891;20000;11;1.197;1.184;1.177;1.038;0.544;80.4;75.4;67.8;50.2;20.0;62.0;61.0;39.0;41.0;15.0;28.0;30.0;30.0;30.0;32.0;26.0;28.0;28.0;28.0;30.0;55.0;60.0;60.0;60.0;65.0;3.0;5.0;4.0;0.0;13.0;104.0;101.0;96.0;83.0;28.0;80.433;5.05;75.4;85.5;69.629;11.154;55.2;85.5;52.743;20.22;25.1;85.5;62.667;2.082;61.0;65.0;52.0;10.583;39.0;65.0;40.929;14.615;20.0;65.0;1.315;1540;110;5.1;0.1;3.0;2.0;24.3
17;7;116;0.58;2.18;38.0;96;936;38;347;95.6;871.4;0.0;0;-65;756;71;714.0;72;-42;1;1.239;1.22;-0.019;334;342;26;28;55;19884;20000;11;1.208;1.197;1.184;1.064;0.695;85.5;80.4;75.4;55.2;25.1;65.0;62.0;61.0;45.0;21.0;28.0;28.0;30.0;30.0;32.0;26.0;26.0;28.0;28.0;30.0;55.0;55.0;60.0;60.0;65.0;5.0;3.0;5.0;3.0;14.0;109.0;104.0;101.0;86.0;42.0;87.167;7.736;80.4;95.6;75.4;12.777;60.3;95.6;57.779;21.542;25.1;95.6;66.333;5.132;62.0;72.0;55.857;12.375;39.0;72.0;44.571;15.59;20.0;72.0;1.328;1540;110;10.1;5.0;7.0;4.0;26.7
18;17;133;0.665;2.31;41.0;102;1036;40;387;100.7;972.1;-1.0;-1;-64;830;74;781.0;67;-49;-7;1.249;1.245;-0.004;343;346;26;28;55;19867;20000;11;1.22;1.208;1.197;1.083;0.797;95.6;85.5;80.4;60.3;25.1;72.0;65.0;62.0;50.0;20.0;28.0;28.0;28.0;30.0;32.0;26.0;26.0;26.0;28.0;30.0;55.0;55.0;55.0;60.0;65.0;7.0;5.0;3.0;2.0;15.0;116.0;109.0;104.0;88.0;57.0;93.933;7.736;85.5;100.7;81.171;13.895;62.8;100.7;63.179;22.186;30.1;100.7;68.0;3.606;65.0;72.0;58.286;12.698;39.0;72.0;47.929;14.938;25.0;72.0;1.503;1540;110;5.1;-5.0;-5.0;-12.0;35.1
19;38;171;0.855;2.44;42.0;106;1142;40;427;100.9;1072.9;-2.0;-5;-69;908;77;847.0;66;-61;-11;1.259;1.267;0.008;378;349;26;28;55;19829;20000;11;1.245;1.22;1.208;1.125;0.872;100.7;95.6;85.5;62.8;30.1;67.0;72.0;65.0;42.0;25.0;28.0;28.0;28.0;30.0;32.0;26.0;26.0;26.0;28.0;30.0;55.0;55.0;55.0;60.0;65.0;17.0;7.0;5.0;4.0;15.0;133.0;116.0;109.0;92.0;72.0;99.067;3.004;95.6;100.9;86.614;12.928;67.8;100.9;68.236;22.135;35.1;100.9;68.333;3.215;66.0;72.0;61.714;10.641;39.0;72.0;50.857;14.092;31.0;72.0;1.529;1540;110;0.2;-4.9;-1.0;4.0;53.2
20;56;227;1.135;2.57;45.0;114;1256;38;465;96.1;1169.0;-7.0;-18;-87;967;80;906.0;59;-61;-21;1.272;1.29;0.018;383;347;26;28;55;19773;20000;11;1.267;1.245;1.22;1.177;0.921;100.9;100.7;95.6;67.8;35.1;66.0;67.0;72.0;39.0;31.0;28.0;28.0;28.0;30.0;32.0;26.0;26.0;26.0;28.0;30.0;55.0;55.0;55.0;60.0;65.0;38.0;17.0;7.0;4.0;10.0;171.0;133.0;116.0;96.0;82.0;99.233;2.715;96.1;100.9;90.657;10.201;75.4;100.9;72.593;21.09;40.2;100.9;64.0;4.359;59.0;67.0;64.571;4.353;59.0;72.0;52.857;13.002;35.0;72.0;1.629;1540;110;-4.8;-5.0;-7.0;-6.0;73.4
21;45;272;1.36;2.7;47.0;120;1382;38;503;96.3;1265.3;-9.0;-24;-117;1069;82;973.0;67;-96;-15;1.294;1.3;0.006;387;351;26;28;55;19728;20000;11;1.29;1.267;1.245;1.184;0.961;96.1;100.9;100.7;75.4;40.2;59.0;66.0;67.0;61.0;35.0;28.0;28.0;28.0;30.0;32.0;26.0;26.0;26.0;28.0;30.0;55.0;55.0;55.0;60.0;65.0;56.0;38.0;17.0;5.0;0.0;227.0;171.0;133.0;101.0;82.0;97.767;2.715;96.1;100.9;93.643;7.758;80.4;100.9;76.6;19.749;45.2;100.9;64.0;4.359;59.0;67.0;65.429;4.117;59.0;72.0;55.143;12.421;36.0;72.0;1.437;1540;110;0.2;5.0;8.0;15.0;76.9
22;16;288;1.44;2.83;50.0;126;1517;40;543;101.5;1366.8;-10.0;-25;-150;1153;84;1054.0;81;-99;-3;1.137;1.297;0.16;391;364;24;26;50;19712;20000;11;1.3;1.29;1.267;1.197;1.005;96.3;96.1;100.9;80.4;45.2;67.0;59.0;66.0;62.0;36.0;28.0;28.0;28.0;28.0;30.0;26.0;26.0;26.0;26.0;28.0;55.0;55.0;55.0;55.0;60.0;45.0;56.0;38.0;3.0;1.0;272.0;227.0;171.0;104.0;83.0;97.967;3.062;96.1;101.5;96.657;5.535;85.5;101.5;80.621;18.559;50.2;101.5;69.0;11.136;59.0;81.0;68.143;6.842;59.0;81.0;58.357;12.9;39.0;81.0;1.253;1300;100;5.2;5.0;14.0;6.0;65.6
23;18;306;1.53;2.96;52.0;132;1656;44;587;111.7;1478.5;-8.0;-20;-177;1239;86;1123.0;69;-116;-17;1.337;1.317;-0.02;394;365;24;26;50;19694;20000;11;1.297;1.3;1.29;1.208;1.038;101.5;96.3;96.1;85.5;50.2;81.0;67.0;59.0;65.0;41.0;26.0;28.0;28.0;28.0;30.0;24.0;26.0;26.0;26.0;28.0;50.0;55.0;55.0;55.0;60.0;16.0;45.0;56.0;5.0;0.0;288.0;272.0;227.0;109.0;83.0;103.167;7.834;96.3;111.7;100.4;5.591;95.6;111.7;85.014;18.077;55.2;111.7;72.333;7.572;67.0;81.0;68.714;6.701;59.0;81.0;60.357;12.15;39.0;81.0;1.619;1300;100;10.2;5.0;-12.0;-26.0;70.2
24;26;332;1.66;3.09;54.0;138;1803;46;633;116.9;1595.4;-8.0;-21;-208;1327;88;1207.0;84;-120;-4;1.36;1.322;-0.038;397;374;24;26;50;19668;20000;11;1.317;1.297;1.3;1.22;1.064;111.7;101.5;96.3;95.6;55.2;69.0;81.0;67.0;72.0;45.0;26.0;26.0;28.0;28.0;30.0;24.0;24.0;26.0;26.0;28.0;50.0;50.0;55.0;55.0;60.0;18.0;16.0;45.0;7.0;3.0;306.0;288.0;272.0;116.0;86.0;110.033;7.834;101.5;116.9;103.443;7.874;96.1;116.9;89.421;17.768;60.3;116.9;78.0;7.937;69.0;84.0;70.429;8.867;59.0;84.0;63.143;12.811;39.0;84.0;1.392;1300;100;5.2;-5.0;15.0;27.0;79.4
25;20;352;1.76;3.22;57.0;144;1958;46;679;117.1;1712.5;-11.0;-27;-245;1418;90;1298.0;91;-120;1;1.382;1.319;-0.063;400;387;24;26;50;19648;20000;11;1.322;1.317;1.297;1.245;1.083;116.9;111.7;101.5;100.7;60.3;84.0;69.0;81.0;67.0;50.0;26.0;26.0;26.0;28.0;30.0;24.0;24.0;24.0;26.0;28.0;50.0;50.0;50.0;55.0;60.0;26.0;18.0;16.0;17.0;2.0;332.0;306.0;288.0;133.0;88.0;115.233;3.062;111.7;117.1;105.786;9.243;96.1;117.1;93.479;17.078;62.8;117.1;81.333;11.24;69.0;91.0;73.857;11.553;59.0;91.0;66.071;14.188;39.0;91.0;1.287;1300;100;0.2;-5.0;7.0;-8.0;80.4
26;18;370;1.85;3.35;59.0;150;2120;48;727;122.3;1834.8;-11.0;-28;-285;1510;92;1397.0;99;-113;7;1.405;1.313;-0.092;402;402;24;26;50;19630;20000;11;1.319;1.322;1.317;1.267;1.125;117.1;116.9;111.7;100.9;62.8;91.0;84.0;69.0;66.0;42.0;26.0;26.0;26.0;28.0;30.0;24.0;24.0;24.0;26.0;28.0;50.0;50.0;50.0;55.0;60.0;20.0;26.0;18.0;38.0;4.0;352.0;332.0;306.0;171.0;92.0;118.767;3.062;116.9;122.3;108.843;10.77;96.1;122.3;97.729;16.239;67.8;122.3;91.333;7.506;84.0;99.0;78.571;14.234;59.0;99.0;70.143;14.909;39.0;99.0;1.235;1300;100;5.2;5.0;8.0;1.0;83.0
27;19;389;1.945;3.4;61.0;156;2285;50;777;127.5;1962.2;-11.0;-29;-323;1604;94;1489.0;92;-115;-2;1.426;1.318;-0.108;404;410;24;26;50;19611;20000;11;1.313;1.319;1.322;1.29;1.177;122.3;117.1;116.9;96.1;67.8;99.0;91.0;84.0;59.0;39.0;26.0;26.0;26.0;28.0;30.0;24.0;24.0;24.0;26.0;28.0;50.0;50.0;50.0;55.0;60.0;18.0;20.0;26.0;56.0;4.0;370.0;352.0;332.0;227.0;96.0;122.3;5.2;117.1;127.5;113.329;11.112;96.3;127.5;101.993;15.601;75.4;127.5;94.0;4.359;91.0;99.0;83.286;11.954;67.0;99.0;73.929;13.0;59.0;99.0;1.386;1300;100;5.2;0.0;-7.0;-15.0;87.3
28;13;402;2.01;3.61;63.0;162;2455;52;829;132.7;2094.9;-11.0;-29;-360;1698;95;1584.0;95;-114;0;1.446;1.323;-0.123;405;419;24;26;50;19598;20000;11;1.318;1.313;1.319;1.3;1.184;127.5;122.3;117.1;96.3;75.4;92.0;99.0;91.0;67.0;61.0;26.0;26.0;26.0;28.0;30.0;24.0;24.0;24.0;26.0;28.0;50.0;50.0;50.0;55.0;60.0;19.0;18.0;20.0;45.0;5.0;389.0;370.0;352.0;272.0;101.0;127.5;5.2;122.3;132.7;118.529;10.302;101.5;132.7;106.086;15.604;80.4;132.7;95.333;3.512;92.0;99.0;87.286;10.144;69.0;99.0;76.357;13.562;59.0;99.0;1.397;1300;100;5.2;-0.0;3.0;10.0;86.9
29;13;415;2.075;3.74;66.0;168;2635;56;885;143.0;2237.9;-10.0;-25;-397;1794;96;1680.0;96;-114;0;1.47;1.332;-0.138;406;426;24;26;50;19585;20000;11;1.323;1.318;1.313;1.297;1.197;132.7;127.5;122.3;101.5;80.4;95.0;92.0;99.0;81.0;62.0;26.0;26.0;26.0;26.0;28.0;24.0;24.0;24.0;24.0;26.0;50.0;50.0;50.0;50.0;55.0;13.0;19.0;18.0;16.0;3.0;402.0;389.0;370.0;288.0;104.0;134.4;7.889;127.5;143.0;124.457;10.799;111.7;143.0;110.557;16.614;85.5;143.0;94.333;2.082;92.0;96.0;89.429;10.179;69.0;99.0;78.786;13.835;59.0;99.0;1.49;1300;100;10.3;5.1;1.0;-2.0;89.5
30;11;426;2.13;3.87;68.0;173;2818;59;944;150.7;2388.6;-9.0;-22;-429;1891;97;1750.0;70;-141;-27;1.491;1.365;-0.126;407;418;24;26;50;19574;20000;11;1.332;1.323;1.318;1.317;1.208;143.0;132.7;127.5;111.7;85.5;96.0;95.0;92.0;69.0;65.0;26.0;26.0;26.0;26.0;28.0;24.0;24.0;24.0;24.0;26.0;50.0;50.0;50.0;50.0;55.0;13.0;13.0;19.0;18.0;5.0;415.0;402.0;389.0;306.0;109.0;142.133;9.031;132.7;150.7;130.029;12.964;116.9;150.7;115.214;18.12;95.6;150.7;87.0;14.731;70.0;96.0;89.571;9.846;70.0;99.0;79.143;13.513;59.0;99.0;2.153;1300;100;7.7;-2.6;-26.0;-27.0;90.7
31;0;426;2.13;4.0;70.0;178;3004;61;1005;155.8;2544.4;-9.0;-22;-460;1989;98;1830.0;80;-159;-18;1.511;1.39;-0.121;408;416;24;26;50;19574;20000;11;1.365;1.332;1.323;1.322;1.22;150.7;143.0;132.7;116.9;95.6;70.0;96.0;95.0;84.0;72.0;26.0;26.0;26.0;26.0;28.0;24.0;24.0;24.0;24.0;26.0;50.0;50.0;50.0;50.0;55.0;11.0;13.0;13.0;26.0;7.0;426.0;415.0;402.0;332.0;116.0;149.833;6.444;143.0;155.8;135.586;14.629;117.1;155.8;119.514;20.138;96.1;155.8;82.0;13.115;70.0;96.0;89.0;10.328;70.0;99.0;79.714;13.356;59.0;99.0;1.947;1300;100;5.1;-2.6;10.0;36.0;85.2
32;0;426;2.13;4.13;72.0;183;3201;63;1068;160.9;2705.3;-9.0;-22;-496;2087;99;1943.0;113;-144;14;1.534;1.392;-0.142;408;427;24;26;50;19574;20000;11;1.39;1.365;1.332;1.319;1.245;155.8;150.7;143.0;117.1;100.7;80.0;70.0;96.0;91.0;67.0;26.0;26.0;26.0;26.0;28.0;24.0;24.0;24.0;24.0;26.0;50.0;50.0;50.0;50.0;55.0;0.0;11.0;13.0;20.0;17.0;426.0;426.0;415.0;352.0;133.0;155.8;5.1;150.7;160.9;141.843;14.77;122.3;160.9;123.814;22.139;96.1;160.9;87.667;22.502;70.0;113.0;92.143;13.801;70.0;113.0;83.0;15.477;59.0;113.0;1.424;1300;100;5.1;-0.0;33.0;23.0;85.2
33;0;426;2.13;4.26;74.0;188;3403;65;1133;166.0;2871.4;-9.0;-22;-532;2187;100;2012.0;69;-175;-31;1.556;1.427;-0.129;408;418;24;26;50;19574;20000;11;1.392;1.39;1.365;1.313;1.267;160.9;155.8;150.7;122.3;100.9;113.0;80.0;70.0;99.0;66.0;26.0;26.0;26.0;26.0;28.0;24.0;24.0;24.0;24.0;26.0;50.0;50.0;50.0;50.0;55.0;0.0;0.0;11.0;18.0;38.0;426.0;426.0;426.0;370.0;171.0;160.9;5.1;155.8;166.0;148.086;14.363;127.5;166.0;128.464;23.735;96.1;166.0;87.333;22.898;69.0;113.0;87.857;15.826;69.0;113.0;83.214;15.243;59.0;113.0;2.406;1300;100;5.1;0.0;-44.0;-77.0;85.2
34;0;426;2.13;4.39;75.0;192;3504;68;1201;173.7;3045.1;-7.0;-18;-459;2289;101;2093.0;81;-196;-20;1.578;1.455;-0.123;407;414;24;26;50;19574;20000;11;1.427;1.392;1.39;1.318;1.29;166.0;160.9;155.8;127.5;96.1;69.0;113.0;80.0;92.0;59.0;26.0;26.0;26.0;26.0;28.0;24.0;24.0;24.0;24.0;26.0;50.0;50.0;50.0;50.0;55.0;0.0;0.0;0.0;19.0;56.0;426.0;426.0;426.0;389.0;227.0;166.867;6.444;160.9;173.7;154.686;13.936;132.7;173.7;134.007;24.64;96.3;173.7;87.667;22.745;69.0;113.0;86.286;15.892;69.0;113.0;84.786;13.6;67.0;113.0;2.144;1300;100;7.7;2.6;12.0;56.0;85.2
35;0;426;2.13;4.52;78.0;199;3601;65;1266;166.0;3211.1;-13.0;-33;-390;2390;101;2189.0;96;-201;-5;1.6;1.467;-0.133;407;417;24;26;50;19574;20000;11;1.455;1.427;1.392;1.323;1.3;173.7;166.0;160.9;132.7;96.3;81.0;69.0;113.0;95.0;67.0;26.0;26.0;26.0;26.0;28.0;24.0;24.0;24.0;24.0;26.0;50.0;50.0;50.0;50.0;55.0;0.0;0.0;0.0;13.0;45.0;426.0;426.0;426.0;402.0;272.0;168.567;4.446;166.0;173.7;159.443;10.42;143.0;173.7;138.986;23.448;101.5;173.7;82.0;13.528;69.0;96.0;86.429;15.988;69.0;113.0;86.857;12.871;69.0;113.0;1.729;1300;100;-7.7;-15.4;15.0;3.0;85.2
1;46;46;0.23;0.1;7.0;18;18;8;8;20.0;20.0;1.0;2;2;56;14;67.0;26;11;12;0.321;0.28;-0.041;0;0;30;32;65;19954;20000;12;0.28;0.28;0.28;0.28;0.28;20.0;20.0;20.0;20.0;20.0;26.0;26.0;26.0;26.0;26.0;32.0;32.0;32.0;32.0;32.0;30.0;30.0;30.0;30.0;30.0;65.0;65.0;65.0;65.0;65.0;46.0;46.0;46.0;46.0;46.0;46.0;46.0;46.0;46.0;46.0;20.0;1.838;20.0;20.0;20.0;1.838;20.0;20.0;20.0;1.838;20.0;20.0;26.0;5.657;26.0;26.0;26.0;5.657;26.0;26.0;26.0;5.657;26.0;26.0;0.769;2080;130;2.6;-2.6;-8.0;8.0;32.2
2;34;80;0.4;0.23;9.0;22;40;9;17;22.6;42.6;0.0;1;3;73;17;85.0;18;12;1;0.549;0.475;-0.074;0;0;30;32;65;19920;20000;12;0.28;0.28;0.28;0.28;0.28;20.0;20.0;20.0;20.0;20.0;26.0;26.0;26.0;26.0;26.0;32.0;32.0;32.0;32.0;32.0;30.0;30.0;30.0;30.0;30.0;65.0;65.0;65.0;65.0;65.0;46.0;46.0;46.0;46.0;46.0;46.0;46.0;46.0;46.0;46.0;21.3;1.838;20.0;22.6;21.3;1.838;20.0;22.6;21.3;1.838;20.0;22.6;22.0;5.657;18.0;26.0;22.0;5.657;18.0;26.0;22.0;5.657;18.0;26.0;1.256;2080;130;2.6;-2.6;-8.0;8.0;33.0
3;34;114;0.57;0.36;10.0;26;66;9;26;22.6;65.2;-1.0;-3;-1;94;20;103.0;18;9;-2;0.711;0.6;-0.111;0;0;30;32;65;19886;20000;12;0.475;0.28;0.28;0.28;0.28;22.6;20.0;20.0;20.0;20.0;18.0;26.0;26.0;26.0;26.0;32.0;32.0;32.0;32.0;32.0;30.0;30.0;30.0;30.0;30.0;65.0;65.0;65.0;65.0;65.0;34.0;46.0;46.0;46.0;46.0;80.0;46.0;46.0;46.0;46.0;21.733;1.501;20.0;22.6;21.733;1.501;20.0;22.6;21.733;1.501;20.0;22.6;20.667;4.619;18.0;26.0;20.667;4.619;18.0;26.0;20.667;4.619;18.0;26.0;1.256;2080;130;0.0;-2.6;0.0;8.0;39.8
4;15;129;0.645;0.49;12.0;30;96;10;36;25.2;90.4;-2.0;-5;-6;117;24;131.0;28;14;4;0.826;0.706;-0.12;0;0;30;32;65;19871;20000;12;0.6;0.475;0.28;0.28;0.28;22.6;22.6;20.0;20.0;20.0;18.0;18.0;26.0;26.0;26.0;32.0;32.0;32.0;32.0;32.0;30.0;30.0;30.0;30.0;30.0;65.0;65.0;65.0;65.0;65.0;34.0;34.0;46.0;46.0;46.0;114.0;80.0;46.0;46.0;46.0;23.467;1.501;22.6;25.2;22.6;2.123;20.0;25.2;22.6;2.123;20.0;25.2;21.333;5.774;18.0;28.0;22.5;5.26;18.0;28.0;22.5;5.26;18.0;28.0;0.9;2080;130;2.6;2.6;10.0;10.0;33.3
5;11;140;0.7;0.62;14.0;34;131;11;47;27.7;118.1;-3.0;-6;-13;144;27;158.0;27;14;0;0.914;0.782;-0.132;0;0;30;32;65;19860;20000;12;0.706;0.6;0.475;0.28;0.28;25.2;22.6;22.6;20.0;20.0;28.0;18.0;18.0;26.0;26.0;32.0;32.0;32.0;32.0;32.0;30.0;30.0;30.0;30.0;30.0;65.0;65.0;65.0;65.0;65.0;15.0;34.0;34.0;46.0;46.0;129.0;114.0;80.0;46.0;46.0;25.167;2.55;22.6;27.7;23.62;2.93;20.0;27.7;23.62;2.93;20.0;27.7;24.333;5.508;18.0;28.0;23.4;4.98;18.0;28.0;23.4;4.98;18.0;28.0;1.026;2080;130;2.5;-0.1;-1.0;-11.0;33.5
6;14;154;0.77;0.75;15.0;38;170;14;61;35.3;153.3;-1.0;-3;-17;174;30;188.0;30;14;0;0.979;0.889;-0.09;0;0;30;32;65;19846;20000;12;0.782;0.706;0.6;0.28;0.28;27.7;25.2;22.6;20.0;20.0;27.0;28.0;18.0;26.0;26.0;32.0;32.0;32.0;32.0;32.0;30.0;30.0;30.0;30.0;30.0;65.0;65.0;65.0;65.0;65.0;11.0;15.0;34.0;46.0;46.0;140.0;129.0;114.0;46.0;46.0;29.4;5.26;25.2;35.3;25.567;5.441;20.0;35.3;25.567;5.441;20.0;35.3;28.333;1.528;27.0;30.0;24.5;5.206;18.0;30.0;24.5;5.206;18.0;30.0;1.177;2080;130;7.6;5.1;3.0;4.0;37.8
7;14;168;0.84;0.68;17.0;43;210;15;76;37.8;191.2;-2.0;-5;-19;205;33;222.0;34;17;1;1.029;0.938;-0.091;270;306;30;32;65;19832;20000;12;0.889;0.782;0.706;0.28;0.28;35.3;27.7;25.2;20.0;20.0;30.0;27.0;28.0;26.0;26.0;32.0;32.0;32.0;32.0;32.0;30.0;30.0;30.0;30.0;30.0;65.0;65.0;65.0;65.0;65.0;14.0;11.0;15.0;46.0;46.0;154.0;140.0;129.0;46.0;46.0;33.6;5.26;27.7;37.8;27.314;6.786;20.0;37.8;27.314;6.786;20.0;37.8;30.333;3.512;27.0;34.0;25.857;5.956;18.0;34.0;25.857;5.956;18.0;34.0;1.112;2080;130;2.5;-5.1;4.0;1.0;40.6
8;11;179;0.895;1.01;18.0;45;260;18;94;45.4;236.6;0.0;0;-23;244;37;260.0;38;16;1;1.068;0.994;-0.074;268;302;28;30;60;19821;20000;12;0.938;0.889;0.782;0.28;0.28;37.8;35.3;27.7;20.0;20.0;34.0;30.0;27.0;26.0;26.0;32.0;32.0;32.0;32.0;32.0;30.0;30.0;30.0;30.0;30.0;65.0;65.0;65.0;65.0;65.0;14.0;14.0;11.0;46.0;46.0;168.0;154.0;140.0;46.0;46.0;39.5;5.26;35.3;45.4;30.943;8.734;22.6;45.4;29.575;8.964;20.0;45.4;34.0;4.0;30.0;38.0;27.571;7.525;18.0;38.0;27.375;6.989;18.0;38.0;1.195;1800;120;7.6;5.1;4.0;0.0;41.3
9;13;192;0.96;1.14;21.0;53;312;21;115;53.0;289.6;0.0;0;-22;285;41;300.0;40;15;-1;1.099;1.027;-0.072;274;300;28;30;60;19808;20000;12;0.994;0.938;0.889;0.475;0.28;45.4;37.8;35.3;22.6;20.0;38.0;34.0;30.0;18.0;26.0;30.0;32.0;32.0;32.0;32.0;28.0;30.0;30.0;30.0;30.0;60.0;65.0;65.0;65.0;65.0;11.0;14.0;14.0;34.0;46.0;179.0;168.0;154.0;80.0;46.0;45.4;7.6;37.8;53.0;35.286;11.125;22.6;53.0;32.178;11.458;20.0;53.0;37.333;3.055;34.0;40.0;30.714;7.455;18.0;40.0;28.778;7.775;18.0;40.0;1.325;1800;120;7.6;0.0;2.0;-2.0;44.9
10;4;196;0.98;1.27;22.0;56;372;22;137;55.5;345.1;0.0;0;-27;330;45;345.0;45;15;0;1.129;1.051;-0.078;281;303;28;30;60;19804;20000;12;1.027;0.994;0.938;0.6;0.28;53.0;45.4;37.8;22.6;20.0;40.0;38.0;34.0;18.0;26.0;30.0;30.0;32.0;32.0;32.0;28.0;28.0;30.0;30.0;30.0;60.0;60.0;65.0;65.0;65.0;13.0;11.0;14.0;34.0;46.0;192.0;179.0;168.0;114.0;46.0;51.3;5.26;45.4;55.5;39.986;11.802;25.2;55.5;34.51;13.08;20.0;55.5;41.0;3.606;38.0;45.0;34.571;6.729;27.0;45.0;30.4;8.947;18.0;45.0;1.233;1800;120;2.5;-5.1;5.0;3.0;41.2
11;10;206;1.03;1.4;25.0;63;435;25;162;63.2;408.3;0.0;0;-27;380;49;394.0;49;14;0;1.149;1.077;-0.072;289;309;28;30;60;19794;20000;12;1.051;1.027;0.994;0.706;0.28;55.5;53.0;45.4;25.2;20.0;45.0;40.0;38.0;28.0;26.0;30.0;30.0;30.0;32.0;32.0;28.0;28.0;28.0;30.0;30.0;60.0;60.0;60.0;65.0;65.0;4.0;13.0;11.0;15.0;46.0;196.0;192.0;179.0;129.0;46.0;57.233;5.316;53.0;63.2;45.414;12.581;27.7;63.2;37.118;15.126;20.0;63.2;44.667;4.509;40.0;49.0;37.571;7.892;27.0;49.0;32.091;10.173;18.0;49.0;1.29;1800;120;7.7;5.2;4.0;-1.0;46.2
12;8;214;1.07;1.53;27.0;68;506;28;190;70.8;479.0;1.0;3;-27;434;54;444.0;50;10;-4;1.169;1.097;-0.072;297;313;28;30;60;19786;20000;12;1.077;1.051;1.027;0.782;0.28;63.2;55.5;53.0;27.7;20.0;49.0;45.0;40.0;27.0;26.0;30.0;30.0;30.0;32.0;32.0;28.0;28.0;28.0;30.0;30.0;60.0;60.0;60.0;65.0;65.0;10.0;4.0;13.0;11.0;46.0;206.0;196.0;192.0;140.0;46.0;63.167;7.65;55.5;70.8;51.571;13.006;35.3;70.8;39.925;17.394;20.0;70.8;48.0;2.646;45.0;50.0;40.857;7.537;30.0;50.0;33.583;10.991;18.0;50.0;1.416;1800;120;7.6;-0.1;1.0;-3.0;46.8
13;14;228;1.14;1.68;29.0;73;584;30;220;75.9;554.9;1.0;3;-29;492;56;497.0;53;5;-3;1.186;1.114;-0.072;305;319;28;30;60;19772;20000;12;1.097;1.077;1.051;0.889;0.28;70.8;63.2;55.5;35.3;20.0;50.0;49.0;45.0;30.0;26.0;30.0;30.0;30.0;32.0;32.0;28.0;28.0;28.0;30.0;30.0;60.0;60.0;60.0;65.0;65.0;8.0;10.0;4.0;14.0;46.0;214.0;206.0;196.0;154.0;46.0;69.967;6.391;63.2;75.9;57.371;13.58;37.8;75.9;42.692;19.414;20.0;75.9;50.667;2.082;49.0;53.0;44.143;7.01;34.0;53.0;35.077;11.821;18.0;53.0;1.432;1800;120;5.1;-2.5;3.0;2.0;52.6
14;2;230;1.15;1.79;31.0;78;668;32;252;80.9;635.8;1.0;3;-32;553;61;561.0;64;8;3;1.208;1.147;-0.061;313;328;28;30;60;19770;20000;12;1.114;1.097;1.077;0.938;0.28;75.9;70.8;63.2;37.8;20.0;53.0;50.0;49.0;34.0;26.0;30.0;30.0;30.0;32.0;32.0;28.0;28.0;28.0;30.0;30.0;60.0;60.0;60.0;65.0;65.0;14.0;8.0;10.0;14.0;46.0;228.0;214.0;206.0;168.0;46.0;75.867;5.05;70.8;80.9;63.529;12.986;45.4;80.9;45.421;21.264;20.0;80.9;55.667;7.371;50.0;64.0;48.429;8.734;38.0;64.0;37.143;13.739;18.0;64.0;1.264;1800;120;5.0;-0.1;11.0;8.0;47.0
15;5;235;1.175;1.92;33.0;84;752;34;286;86.0;721.8;1.0;2;-30;618;65;626.0;65;8;0;1.219;1.156;-0.063;320;338;26;28;55;19765;20000;12;1.147;1.114;1.097;0.994;0.28;80.9;75.9;70.8;45.4;20.0;64.0;53.0;50.0;38.0;26.0;30.0;30.0;30.0;30.0;32.0;28.0;28.0;28.0;28.0;30.0;60.0;60.0;60.0;60.0;65.0;2.0;14.0;8.0;11.0;46.0;230.0;228.0;214.0;179.0;46.0;80.933;5.05;75.9;86.0;69.329;12.6;53.0;86.0;50.136;22.476;22.6;86.0;60.667;6.658;53.0;65.0;52.286;9.304;40.0;65.0;39.929;15.183;18.0;65.0;1.323;1540;110;5.1;0.1;1.0;-10.0;49.5
16;9;244;1.22;2.06;36.0;90;841;36;322;91.1;812.9;0.0;1;-28;685;68;685.0;59;0;-9;1.229;1.156;-0.073;327;344;26;28;55;19756;20000;12;1.156;1.147;1.114;1.027;0.475;86.0;80.9;75.9;53.0;22.6;65.0;64.0;53.0;40.0;18.0;28.0;30.0;30.0;30.0;32.0;26.0;28.0;28.0;28.0;30.0;55.0;60.0;60.0;60.0;65.0;5.0;2.0;14.0;13.0;34.0;235.0;230.0;228.0;192.0;80.0;86.0;5.1;80.9;91.1;74.771;12.6;55.5;91.1;55.029;23.456;22.6;91.1;62.667;3.215;59.0;65.0;55.0;7.767;45.0;65.0;42.857;14.57;18.0;65.0;1.544;1540;110;5.1;0.0;-6.0;-7.0;53.3
17;8;252;1.26;2.18;38.0;96;936;38;360;96.2;909.2;0.0;0;-27;756;71;754.0;69;-2;-2;1.239;1.173;-0.066;334;353;26;28;55;19748;20000;12;1.156;1.156;1.147;1.051;0.6;91.1;86.0;80.9;55.5;22.6;59.0;65.0;64.0;45.0;18.0;28.0;28.0;30.0;30.0;32.0;26.0;26.0;28.0;28.0;30.0;55.0;55.0;60.0;60.0;65.0;9.0;5.0;2.0;4.0;34.0;244.0;235.0;230.0;196.0;114.0;91.1;5.1;86.0;96.2;80.586;11.574;63.2;96.2;60.286;23.873;25.2;96.2;64.333;5.033;59.0;69.0;58.429;7.913;49.0;69.0;46.5;14.249;27.0;69.0;1.394;1540;110;5.1;0.0;10.0;16.0;54.4
18;10;262;1.31;2.31;40.0;102;1036;40;400;101.3;1010.5;0.0;-1;-25;830;74;826.0;72;-4;-2;1.249;1.193;-0.056;343;363;26;28;55;19738;20000;12;1.173;1.156;1.156;1.077;0.706;96.2;91.1;86.0;63.2;25.2;69.0;59.0;65.0;49.0;28.0;28.0;28.0;28.0;30.0;32.0;26.0;26.0;26.0;28.0;30.0;55.0;55.0;55.0;60.0;65.0;8.0;9.0;5.0;10.0;15.0;252.0;244.0;235.0;206.0;129.0;96.2;5.1;91.1;101.3;86.029;10.979;70.8;101.3;65.721;23.933;27.7;101.3;66.667;6.807;59.0;72.0;61.714;8.118;50.0;72.0;49.643;14.7;27.0;72.0;1.407;1540;110;5.1;-0.0;3.0;-7.0;57.4
19;6;268;1.34;2.44;42.0;106;1142;42;442;106.4;1116.9;0.0;0;-25;908;77;899.0;73;-9;-4;1.259;1.205;-0.054;378;371;26;28;55;19732;20000;12;1.193;1.173;1.156;1.097;0.782;101.3;96.2;91.1;70.8;27.7;72.0;69.0;59.0;50.0;27.0;28.0;28.0;28.0;30.0;32.0;26.0;26.0;26.0;28.0;30.0;55.0;55.0;55.0;60.0;65.0;10.0;8.0;9.0;8.0;11.0;262.0;252.0;244.0;214.0;140.0;101.3;5.1;96.2;106.4;91.114;10.994;75.9;106.4;71.343;23.555;35.3;106.4;71.333;2.082;69.0;73.0;65.0;7.188;53.0;73.0;52.929;14.387;30.0;73.0;1.458;1540;110;5.1;0.0;1.0;-2.0;56.6
20;10;278;1.39;2.57;45.0;114;1256;45;487;114.1;1231.0;0.0;0;-25;967;80;972.0;73;5;-7;1.272;1.219;-0.053;383;377;26;28;55;19722;20000;12;1.205;1.193;1.173;1.114;0.889;106.4;101.3;96.2;75.9;35.3;73.0;72.0;69.0;53.0;30.0;28.0;28.0;28.0;30.0;32.0;26.0;26.0;26.0;28.0;30.0;55.0;55.0;55.0;60.0;65.0;6.0;10.0;8.0;14.0;14.0;268.0;262.0;252.0;228.0;154.0;107.267;6.444;101.3;114.1;96.571;11.645;80.9;114.1;76.971;23.694;37.8;114.1;72.667;0.577;72.0;73.0;67.857;5.367;59.0;73.0;56.0;13.689;34.0;73.0;1.563;1540;110;7.7;2.6;0.0;-1.0;60.6
21;3;281;1.405;2.7;47.0;120;1382;47;534;119.2;1350.2;0.0;-1;-32;1069;82;1049.0;77;-20;-5;1.294;1.249;-0.045;387;381;26;28;55;19719;20000;12;1.219;1.205;1.193;1.147;0.938;114.1;106.4;101.3;80.9;37.8;73.0;73.0;72.0;64.0;34.0;28.0;28.0;28.0;30.0;32.0;26.0;26.0;26.0;28.0;30.0;55.0;55.0;55.0;60.0;65.0;10.0;6.0;10.0;2.0;14.0;278.0;268.0;262.0;230.0;168.0;113.233;6.444;106.4;119.2;102.043;12.045;86.0;119.2;82.786;23.327;45.4;119.2;74.333;2.309;73.0;77.0;69.714;6.02;59.0;77.0;59.071;13.188;38.0;77.0;1.548;1540;110;5.1;-2.6;4.0;4.0;57.7
22;7;288;1.44;2.83;50.0;126;1517;51;585;129.4;1479.5;1.0;3;-37;1153;84;1131.0;82;-22;-2;1.137;1.277;0.14;391;446;24;26;50;19712;20000;12;1.249;1.219;1.205;1.156;0.994;119.2;114.1;106.4;86.0;45.4;77.0;73.0;73.0;65.0;38.0;28.0;28.0;28.0;28.0;30.0;26.0;26.0;26.0;26.0;28.0;55.0;55.0;55.0;55.0;60.0;3.0;10.0;6.0;5.0;11.0;281.0;278.0;268.0;235.0;179.0;120.9;7.79;114.1;129.4;108.243;13.494;91.1;129.4;88.786;23.77;53.0;129.4;77.333;4.509;73.0;82.0;72.143;7.128;59.0;82.0;62.214;13.022;40.0;82.0;1.578;1300;100;10.2;5.1;5.0;1.0;61.1
23;10;298;1.49;2.96;52.0;132;1656;54;639;137.0;1616.6;2.0;5;-39;1239;86;1213.0;82;-26;-4;1.337;1.284;-0.053;394;389;24;26;50;19702;20000;12;1.277;1.249;1.219;1.156;1.027;129.4;119.2;114.1;91.1;53.0;82.0;77.0;73.0;59.0;40.0;26.0;28.0;28.0;28.0;30.0;24.0;26.0;26.0;26.0;28.0;50.0;55.0;55.0;55.0;60.0;7.0;3.0;10.0;9.0;13.0;288.0;281.0;278.0;244.0;192.0;128.533;8.932;119.2;137.0;114.8;14.858;96.2;137.0;94.786;24.628;55.5;137.0;80.333;2.887;77.0;82.0;75.429;5.062;69.0;82.0;65.214;12.33;45.0;82.0;1.671;1300;100;7.6;-2.6;0.0;-5.0;64.6
24;9;307;1.535;3.09;54.0;138;1803;57;696;144.7;1761.3;3.0;7;-42;1327;88;1299.0;86;-28;-2;1.36;1.303;-0.057;397;392;24;26;50;19693;20000;12;1.284;1.277;1.249;1.173;1.051;137.0;129.4;119.2;96.2;55.5;82.0;82.0;77.0;69.0;45.0;26.0;26.0;28.0;28.0;30.0;24.0;24.0;26.0;26.0;28.0;50.0;50.0;55.0;55.0;60.0;10.0;7.0;3.0;8.0;4.0;298.0;288.0;281.0;252.0;196.0;137.033;7.65;129.4;144.7;121.729;16.003;101.3;144.7;101.157;25.214;63.2;144.7;83.333;2.309;82.0;86.0;77.857;5.521;72.0;86.0;68.143;12.025;49.0;86.0;1.683;1300;100;7.7;0.1;4.0;4.0;65.9
25;11;318;1.59;3.22;57.0;144;1958;58;754;147.3;1908.6;1.0;3;-49;1418;90;1389.0;90;-29;0;1.382;1.326;-0.056;400;396;24;26;50;19682;20000;12;1.303;1.284;1.277;1.193;1.077;144.7;137.0;129.4;101.3;63.2;86.0;82.0;82.0;72.0;49.0;26.0;26.0;26.0;28.0;30.0;24.0;24.0;24.0;26.0;28.0;50.0;50.0;50.0;55.0;60.0;9.0;10.0;7.0;10.0;10.0;307.0;298.0;288.0;262.0;206.0;143.0;5.356;137.0;147.3;128.3;15.657;106.4;147.3;107.164;25.492;70.8;147.3;86.0;4.0;82.0;90.0;80.429;6.451;73.0;90.0;71.071;11.997;50.0;90.0;1.637;1300;100;2.6;-5.1;4.0;0.0;69.1
26;14;332;1.66;3.35;59.0;150;2120;59;813;150.0;2058.6;0.0;0;-61;1510;92;1480.0;91;-30;-1;1.405;1.353;-0.052;402;398;24;26;50;19668;20000;12;1.326;1.303;1.284;1.205;1.097;147.3;144.7;137.0;106.4;70.8;90.0;86.0;82.0;73.0;50.0;26.0;26.0;26.0;28.0;30.0;24.0;24.0;24.0;26.0;28.0;50.0;50.0;50.0;55.0;60.0;11.0;9.0;10.0;6.0;8.0;318.0;307.0;298.0;268.0;214.0;147.333;2.65;144.7;150.0;134.529;14.087;114.1;150.0;112.821;25.589;75.9;150.0;89.0;2.646;86.0;91.0;83.0;6.583;73.0;91.0;74.0;11.449;53.0;91.0;1.648;1300;100;2.7;0.1;1.0;-3.0;73.4
27;7;339;1.695;3.4;61.0;156;2285;58;871;147.5;2206.1;-3.0;-8;-79;1604;94;1574.0;94;-30;0;1.426;1.37;-0.056;404;402;24;26;50;19661;20000;12;1.353;1.326;1.303;1.219;1.114;150.0;147.3;144.7;114.1;75.9;91.0;90.0;86.0;73.0;53.0;26.0;26.0;26.0;28.0;30.0;24.0;24.0;24.0;26.0;28.0;50.0;50.0;50.0;55.0;60.0;14.0;11.0;9.0;10.0;14.0;332.0;318.0;307.0;278.0;228.0;148.267;1.504;147.3;150.0;139.3;11.418;119.2;150.0;117.936;24.785;80.9;150.0;91.667;2.082;90.0;94.0;86.0;6.028;77.0;94.0;76.929;10.894;59.0;94.0;1.569;1300;100;-2.5;-5.2;3.0;2.0;71.3
28;7;346;1.73;3.61;64.0;162;2455;58;929;147.6;2353.7;-6.0;-14;-101;1698;95;1672.0;98;-26;3;1.446;1.377;-0.069;405;406;24;26;50;19654;20000;12;1.37;1.353;1.326;1.249;1.147;147.5;150.0;147.3;119.2;80.9;94.0;91.0;90.0;77.0;64.0;26.0;26.0;26.0;28.0;30.0;24.0;24.0;24.0;26.0;28.0;50.0;50.0;50.0;55.0;60.0;7.0;14.0;11.0;3.0;2.0;339.0;332.0;318.0;281.0;230.0;148.367;1.415;147.5;150.0;143.357;7.437;129.4;150.0;122.7;23.495;86.0;150.0;94.333;3.512;91.0;98.0;89.0;6.028;82.0;98.0;79.357;11.56;59.0;98.0;1.506;1300;100;0.1;2.6;4.0;1.0;72.7
29;0;346;1.73;3.74;66.0;168;2635;60;989;152.6;2506.3;-6.0;-15;-129;1794;96;1795.0;100;1;4;1.47;1.387;-0.083;406;414;24;26;50;19654;20000;12;1.377;1.37;1.353;1.277;1.156;147.6;147.5;150.0;129.4;86.0;98.0;94.0;91.0;82.0;65.0;26.0;26.0;26.0;26.0;28.0;24.0;24.0;24.0;24.0;26.0;50.0;50.0;50.0;50.0;55.0;7.0;7.0;14.0;7.0;5.0;346.0;339.0;332.0;288.0;235.0;149.233;2.916;147.5;152.6;146.671;4.926;137.0;152.6;127.457;22.2;91.1;152.6;97.333;3.055;94.0;100.0;91.571;6.373;82.0;100.0;81.857;11.993;59.0;100.0;1.526;1300;100;5.0;4.9;2.0;-2.0;69.2
30;0;346;1.73;3.87;68.0;173;2818;61;1050;155.2;2661.5;-7.0;-18;-156;1891;97;1895.0;100;4;3;1.491;1.402;-0.089;407;416;24;26;50;19654;20000;12;1.387;1.377;1.37;1.284;1.156;152.6;147.6;147.5;137.0;91.1;100.0;98.0;94.0;82.0;59.0;26.0;26.0;26.0;26.0;28.0;24.0;24.0;24.0;24.0;26.0;50.0;50.0;50.0;50.0;55.0;0.0;7.0;7.0;10.0;9.0;346.0;346.0;339.0;298.0;244.0;151.8;3.863;147.6;155.2;149.271;3.593;144.7;155.2;132.036;20.683;96.2;155.2;99.333;1.155;98.0;100.0;94.143;5.429;86.0;100.0;84.786;10.942;69.0;100.0;1.552;1300;100;2.6;-2.4;0.0;-2.0;69.2
31;0;346;1.73;4.0;70.0;178;3004;63;1113;160.3;2821.8;-7.0;-18;-182;1989;98;1997.0;102;8;4;1.511;1.403;-0.108;408;419;24;26;50;19654;20000;12;1.402;1.387;1.377;1.303;1.173;155.2;152.6;147.6;144.7;96.2;100.0;100.0;98.0;86.0;69.0;26.0;26.0;26.0;26.0;28.0;24.0;24.0;24.0;24.0;26.0;50.0;50.0;50.0;50.0;55.0;0.0;0.0;7.0;9.0;8.0;346.0;346.0;346.0;307.0;252.0;156.033;3.917;152.6;160.3;151.5;4.889;147.3;160.3;136.614;19.18;101.3;160.3;100.667;1.155;100.0;102.0;96.429;4.756;90.0;102.0;87.143;10.833;72.0;102.0;1.572;1300;100;5.1;2.5;2.0;2.0;69.2
32;0;346;1.73;4.13;72.0;183;3201;65;1178;165.4;2987.1;-7.0;-18;-214;2087;99;2090.0;93;3;-6;1.534;1.34;-0.194;408;418;24;26;50;19654;20000;12;1.403;1.402;1.387;1.326;1.193;160.3;155.2;152.6;147.3;101.3;102.0;100.0;100.0;90.0;72.0;26.0;26.0;26.0;26.0;28.0;24.0;24.0;24.0;24.0;26.0;50.0;50.0;50.0;50.0;55.0;0.0;0.0;0.0;11.0;10.0;346.0;346.0;346.0;318.0;262.0;160.3;5.1;155.2;165.4;154.086;6.736;147.5;165.4;141.193;17.695;106.4;165.4;98.333;4.726;93.0;102.0;96.857;4.18;91.0;102.0;88.643;9.997;73.0;102.0;1.778;1300;100;5.1;-0.0;-9.0;-11.0;69.2
33;0;346;1.73;4.26;74.0;188;3403;66;1244;167.9;3155.1;-8.0;-20;-248;2187;100;2195.0;105;8;5;1.556;1.353;-0.203;408;420;24;26;50;19654;20000;12;1.34;1.403;1.402;1.353;1.205;165.4;160.3;155.2;150.0;106.4;93.0;102.0;100.0;91.0;73.0;26.0;26.0;26.0;26.0;28.0;24.0;24.0;24.0;24.0;26.0;50.0;50.0;50.0;50.0;55.0;0.0;0.0;0.0;14.0;6.0;346.0;346.0;346.0;332.0;268.0;164.533;3.873;160.3;167.9;156.643;8.171;147.5;167.9;145.586;15.939;114.1;167.9;100.0;6.245;93.0;105.0;98.857;4.259;93.0;105.0;90.929;9.802;73.0;105.0;1.599;1300;100;2.5;-2.6;12.0;21.0;69.2
34;0;346;1.73;4.39;75.0;192;3504;67;1311;170.4;3325.5;-8.0;-22;-178;2289;101;2287.0;92;-2;-9;1.578;1.454;-0.124;407;419;24;26;50;19654;20000;12;1.353;1.34;1.403;1.37;1.219;167.9;165.4;160.3;147.5;114.1;105.0;93.0;102.0;94.0;73.0;26.0;26.0;26.0;26.0;28.0;24.0;24.0;24.0;24.0;26.0;50.0;50.0;50.0;50.0;55.0;0.0;0.0;0.0;7.0;10.0;346.0;346.0;346.0;339.0;278.0;167.9;2.5;165.4;170.4;159.914;8.479;147.6;170.4;149.607;14.414;119.2;170.4;96.667;7.234;92.0;105.0;98.571;4.685;92.0;105.0;92.286;8.334;77.0;105.0;1.852;1300;100;2.5;0.0;-13.0;-25.0;69.2
35;0;346;1.73;4.52;78.0;199;3601;70;1381;178.1;3503.6;-8.0;-21;-97;2390;101;2407.0;120;17;19;1.6;1.456;-0.144;407;422;24;26;50;19654;20000;12;1.454;1.353;1.34;1.377;1.249;170.4;167.9;165.4;147.6;119.2;92.0;105.0;93.0;98.0;77.0;26.0;26.0;26.0;26.0;28.0;24.0;24.0;24.0;24.0;26.0;50.0;50.0;50.0;50.0;55.0;0.0;0.0;0.0;7.0;3.0;346.0;346.0;346.0;346.0;281.0;172.133;5.316;167.9;178.1;164.271;8.921;152.6;178.1;153.814;13.417;129.4;178.1;105.667;14.012;92.0;120.0;101.714;9.322;92.0;120.0;95.357;10.02;82.0;120.0;1.484;1300;100;7.7;5.2;28.0;41.0;69.2
1;52;52;0.25;0.1;8.0;18;18;8;8;19.0;19.0;0.0;1;1;56;14;62.0;21;6;7;0.321;0.307;-0.014;0;0;30;32;65;20948;21000;13;0.307;0.307;0.307;0.307;0.307;19.0;19.0;19.0;19.0;19.0;21.0;21.0;21.0;21.0;21.0;32.0;32.0;32.0;32.0;32.0;30.0;30.0;30.0;30.0;30.0;65.0;65.0;65.0;65.0;65.0;52.0;52.0;52.0;52.0;52.0;52.0;52.0;52.0;52.0;52.0;19.0;3.465;19.0;19.0;19.0;3.465;19.0;19.0;19.0;3.465;19.0;19.0;21.0;0.707;21.0;21.0;21.0;0.707;21.0;21.0;21.0;0.707;21.0;21.0;0.905;2080;130;4.9;-4.9;-1.0;2.0;36.4
2;10;62;0.3;0.23;9.0;22;40;10;18;23.9;42.9;1.0;2;3;73;17;82.0;20;9;3;0.549;0.524;-0.025;0;0;30;32;65;20938;21000;13;0.307;0.307;0.307;0.307;0.307;19.0;19.0;19.0;19.0;19.0;21.0;21.0;21.0;21.0;21.0;32.0;32.0;32.0;32.0;32.0;30.0;30.0;30.0;30.0;30.0;65.0;65.0;65.0;65.0;65.0;52.0;52.0;52.0;52.0;52.0;52.0;52.0;52.0;52.0;52.0;21.45;3.465;19.0;23.9;21.45;3.465;19.0;23.9;21.45;3.465;19.0;23.9;20.5;0.707;20.0;21.0;20.5;0.707;20.0;21.0;20.5;0.707;20.0;21.0;1.195;2080;130;4.9;-4.9;-1.0;2.0;17.4
3;16;78;0.37;0.36;11.0;26;66;10;28;23.9;66.8;-1.0;-2;1;94;20;103.0;21;9;1;0.711;0.649;-0.062;0;0;30;32;65;20922;21000;13;0.524;0.307;0.307;0.307;0.307;23.9;19.0;19.0;19.0;19.0;20.0;21.0;21.0;21.0;21.0;32.0;32.0;32.0;32.0;32.0;30.0;30.0;30.0;30.0;30.0;65.0;65.0;65.0;65.0;65.0;10.0;52.0;52.0;52.0;52.0;62.0;52.0;52.0;52.0;52.0;22.267;2.829;19.0;23.9;22.267;2.829;19.0;23.9;22.267;2.829;19.0;23.9;20.667;0.577;20.0;21.0;20.667;0.577;20.0;21.0;20.667;0.577;20.0;21.0;1.138;2080;130;0.0;-4.9;1.0;2.0;23.6
4;11;89;0.42;0.49;13.0;30;96;11;39;26.3;93.1;-2.0;-4;-3;117;24;126.0;23;9;-1;0.826;0.739;-0.087;0;0;30;32;65;20911;21000;13;0.649;0.524;0.307;0.307;0.307;23.9;23.9;19.0;19.0;19.0;21.0;20.0;21.0;21.0;21.0;32.0;32.0;32.0;32.0;32.0;30.0;30.0;30.0;30.0;30.0;65.0;65.0;65.0;65.0;65.0;16.0;10.0;52.0;52.0;52.0;78.0;62.0;52.0;52.0;52.0;24.7;1.386;23.9;26.3;23.275;3.066;19.0;26.3;23.275;3.066;19.0;26.3;21.333;1.528;20.0;23.0;21.25;1.258;20.0;23.0;21.25;1.258;20.0;23.0;1.143;2080;130;2.4;2.4;2.0;1.0;23.3
5;10;99;0.47;0.62;14.0;34;131;11;50;26.3;119.4;-3.0;-8;-12;144;27;154.0;28;10;1;0.914;0.776;-0.138;0;0;30;32;65;20901;21000;13;0.739;0.649;0.524;0.307;0.307;26.3;23.9;23.9;19.0;19.0;23.0;21.0;20.0;21.0;21.0;32.0;32.0;32.0;32.0;32.0;30.0;30.0;30.0;30.0;30.0;65.0;65.0;65.0;65.0;65.0;11.0;16.0;10.0;52.0;52.0;89.0;78.0;62.0;52.0;52.0;25.5;1.386;23.9;26.3;23.88;2.98;19.0;26.3;23.88;2.98;19.0;26.3;24.0;3.606;21.0;28.0;22.6;3.209;20.0;28.0;22.6;3.209;20.0;28.0;0.939;2080;130;0.0;-2.4;5.0;3.0;24.8
6;12;111;0.53;0.75;16.0;38;170;12;62;28.7;148.2;-4.0;-9;-22;174;30;182.0;28;8;-2;0.979;0.814;-0.165;0;0;30;32;65;20889;21000;13;0.776;0.739;0.649;0.307;0.307;26.3;26.3;23.9;19.0;19.0;28.0;23.0;21.0;21.0;21.0;32.0;32.0;32.0;32.0;32.0;30.0;30.0;30.0;30.0;30.0;65.0;65.0;65.0;65.0;65.0;10.0;11.0;16.0;52.0;52.0;99.0;89.0;78.0;52.0;52.0;27.1;1.386;26.3;28.7;24.683;3.313;19.0;28.7;24.683;3.313;19.0;28.7;26.333;2.887;23.0;28.0;23.5;3.619;20.0;28.0;23.5;3.619;20.0;28.0;1.025;2080;130;2.4;2.4;0.0;-5.0;28.2
7;7;118;0.56;0.68;18.0;43;210;14;76;33.5;181.7;-4.0;-9;-28;205;33;215.0;33;10;0;1.029;0.845;-0.184;270;297;30;32;65;20882;21000;13;0.814;0.776;0.739;0.307;0.307;28.7;26.3;26.3;19.0;19.0;28.0;28.0;23.0;21.0;21.0;32.0;32.0;32.0;32.0;32.0;30.0;30.0;30.0;30.0;30.0;65.0;65.0;65.0;65.0;65.0;12.0;10.0;11.0;52.0;52.0;111.0;99.0;89.0;52.0;52.0;29.5;3.666;26.3;33.5;25.943;4.5;19.0;33.5;25.943;4.5;19.0;33.5;29.667;2.887;28.0;33.0;24.857;4.88;20.0;33.0;24.857;4.88;20.0;33.0;1.015;2080;130;4.8;2.4;5.0;5.0;27.1
8;3;121;0.58;1.01;19.0;45;260;18;94;43.1;224.8;-1.0;-2;-35;244;37;254.0;39;10;2;1.068;0.885;-0.183;268;295;28;30;60;20879;21000;13;0.845;0.814;0.776;0.307;0.307;33.5;28.7;26.3;19.0;19.0;33.0;28.0;28.0;21.0;21.0;32.0;32.0;32.0;32.0;32.0;30.0;30.0;30.0;30.0;30.0;65.0;65.0;65.0;65.0;65.0;7.0;12.0;10.0;52.0;52.0;118.0;111.0;99.0;52.0;52.0;35.1;7.332;28.7;43.1;29.386;6.888;23.9;43.1;28.088;7.359;19.0;43.1;33.333;5.508;28.0;39.0;27.429;6.852;20.0;39.0;26.625;6.739;20.0;39.0;1.105;1800;120;9.6;4.8;6.0;1.0;25.7
9;6;127;0.6;1.14;22.0;53;312;23;117;55.1;279.9;1.0;2;-32;285;41;296.0;42;11;1;1.099;0.946;-0.153;274;297;28;30;60;20873;21000;13;0.885;0.845;0.814;0.524;0.307;43.1;33.5;28.7;23.9;19.0;39.0;33.0;28.0;20.0;21.0;30.0;32.0;32.0;32.0;32.0;28.0;30.0;30.0;30.0;30.0;60.0;65.0;65.0;65.0;65.0;3.0;7.0;12.0;10.0;52.0;121.0;118.0;111.0;62.0;52.0;43.9;10.822;33.5;55.1;33.843;11.378;23.9;55.1;31.089;11.334;19.0;55.1;38.0;4.583;33.0;42.0;30.571;7.85;21.0;42.0;28.333;8.124;20.0;42.0;1.312;1800;120;12.0;2.4;3.0;-3.0;28.4
10;6;133;0.63;1.27;23.0;56;372;25;142;59.9;339.8;2.0;4;-32;330;45;343.0;47;13;2;1.129;0.991;-0.138;281;302;28;30;60;20867;21000;13;0.946;0.885;0.845;0.649;0.307;55.1;43.1;33.5;23.9;19.0;42.0;39.0;33.0;21.0;21.0;30.0;30.0;32.0;32.0;32.0;28.0;28.0;30.0;30.0;30.0;60.0;60.0;65.0;65.0;65.0;6.0;3.0;7.0;16.0;52.0;127.0;121.0;118.0;78.0;52.0;52.7;8.653;43.1;59.9;38.986;13.975;26.3;59.9;33.97;14.043;19.0;59.9;42.667;4.041;39.0;47.0;34.286;8.674;23.0;47.0;30.2;9.67;20.0;47.0;1.274;1800;120;4.8;-7.2;5.0;2.0;29.6
11;5;138;0.66;1.4;26.0;63;435;26;168;62.3;402.1;0.0;-1;-33;380;49;390.0;47;10;-2;1.149;1.031;-0.118;289;306;28;30;60;20862;21000;13;0.991;0.946;0.885;0.739;0.307;59.9;55.1;43.1;26.3;19.0;47.0;42.0;39.0;23.0;21.0;30.0;30.0;30.0;32.0;32.0;28.0;28.0;28.0;30.0;30.0;60.0;60.0;60.0;65.0;65.0;6.0;6.0;3.0;11.0;52.0;133.0;127.0;121.0;89.0;52.0;59.1;3.666;55.1;62.3;44.129;15.106;26.3;62.3;36.545;15.825;19.0;62.3;45.333;2.887;42.0;47.0;37.714;8.2;28.0;47.0;31.727;10.479;20.0;47.0;1.326;1800;120;2.4;-2.4;0.0;-5.0;30.1
12;16;154;0.73;1.53;28.0;68;506;26;194;62.4;464.5;-2.0;-6;-41;434;54;438.0;48;4;-6;1.169;1.06;-0.109;297;310;28;30;60;20846;21000;13;1.031;0.991;0.946;0.776;0.307;62.3;59.9;55.1;26.3;19.0;47.0;47.0;42.0;28.0;21.0;30.0;30.0;30.0;32.0;32.0;28.0;28.0;28.0;30.0;30.0;60.0;60.0;60.0;65.0;65.0;5.0;6.0;6.0;10.0;52.0;138.0;133.0;127.0;99.0;52.0;61.533;1.415;59.9;62.4;49.286;14.137;28.7;62.4;38.7;16.834;19.0;62.4;47.333;0.577;47.0;48.0;40.571;7.721;28.0;48.0;33.083;11.041;20.0;48.0;1.3;1800;120;0.1;-2.3;1.0;1.0;38.8
13;6;160;0.76;1.68;30.0;73;584;30;224;72.0;536.4;0.0;-1;-48;492;56;494.0;56;2;0;1.186;1.086;-0.1;305;318;28;30;60;20840;21000;13;1.06;1.031;0.991;0.814;0.307;62.4;62.3;59.9;28.7;19.0;48.0;47.0;47.0;28.0;21.0;30.0;30.0;30.0;32.0;32.0;28.0;28.0;28.0;30.0;30.0;60.0;60.0;60.0;65.0;65.0;16.0;5.0;6.0;12.0;52.0;154.0;138.0;133.0;111.0;52.0;65.567;5.572;62.3;72.0;55.471;13.06;33.5;72.0;41.262;18.576;19.0;72.0;50.333;4.933;47.0;56.0;44.571;7.368;33.0;56.0;34.846;12.335;20.0;56.0;1.286;1800;120;9.6;9.5;8.0;7.0;35.0
14;4;164;0.78;1.79;33.0;78;668;32;256;76.8;613.2;-1.0;-1;-55;553;61;555.0;61;2;0;1.208;1.105;-0.103;313;325;28;30;60;20836;21000;13;1.086;1.06;1.031;0.845;0.307;72.0;62.4;62.3;33.5;19.0;56.0;48.0;47.0;33.0;21.0;30.0;30.0;30.0;32.0;32.0;28.0;28.0;28.0;30.0;30.0;60.0;60.0;60.0;65.0;65.0;6.0;16.0;5.0;7.0;52.0;160.0;154.0;138.0;118.0;52.0;70.4;7.332;62.4;76.8;61.657;11.013;43.1;76.8;43.8;20.217;19.0;76.8;55.0;6.557;48.0;61.0;48.571;7.635;39.0;61.0;36.714;13.759;20.0;61.0;1.259;1800;120;4.8;-4.8;5.0;-3.0;34.8
15;5;169;0.8;1.92;35.0;84;752;36;292;86.4;699.6;1.0;2;-52;618;65;621.0;66;3;1;1.219;1.127;-0.092;320;337;26;28;55;20831;21000;13;1.105;1.086;1.06;0.885;0.307;76.8;72.0;62.4;43.1;19.0;61.0;56.0;48.0;39.0;21.0;30.0;30.0;30.0;30.0;32.0;28.0;28.0;28.0;28.0;30.0;60.0;60.0;60.0;60.0;65.0;4.0;6.0;16.0;3.0;52.0;164.0;160.0;154.0;121.0;52.0;78.4;7.332;72.0;86.4;67.843;11.013;55.1;86.4;48.614;21.819;23.9;86.4;61.0;5.0;56.0;66.0;52.429;8.734;42.0;66.0;39.929;15.005;20.0;66.0;1.309;1540;110;9.6;4.8;5.0;0.0;36.3
16;9;178;0.85;2.06;37.0;90;841;38;330;91.2;790.9;1.0;1;-50;685;68;691.0;70;6;2;1.229;1.145;-0.084;327;348;26;28;55;20822;21000;13;1.127;1.105;1.086;0.946;0.524;86.4;76.8;72.0;55.1;23.9;66.0;61.0;56.0;42.0;20.0;28.0;30.0;30.0;30.0;32.0;26.0;28.0;28.0;28.0;30.0;55.0;60.0;60.0;60.0;65.0;5.0;4.0;6.0;6.0;10.0;169.0;164.0;160.0;127.0;62.0;84.8;7.332;76.8;91.2;73.0;12.414;59.9;91.2;53.421;23.317;23.9;91.2;65.667;4.509;61.0;70.0;56.429;9.537;47.0;70.0;43.5;15.825;21.0;70.0;1.303;1540;110;4.8;-4.8;4.0;-1.0;40.1
17;12;190;0.9;2.18;40.0;96;936;40;370;96.1;887.0;0.0;0;-49;756;71;761.0;70;5;-1;1.239;1.166;-0.073;334;358;26;28;55;20810;21000;13;1.145;1.127;1.105;0.991;0.649;91.2;86.4;76.8;59.9;23.9;70.0;66.0;61.0;47.0;21.0;28.0;28.0;30.0;30.0;32.0;26.0;26.0;28.0;28.0;30.0;55.0;55.0;60.0;60.0;65.0;9.0;5.0;4.0;6.0;16.0;178.0;169.0;164.0;133.0;78.0;91.233;4.85;86.4;96.1;78.171;13.537;62.3;96.1;58.579;24.251;26.3;96.1;68.667;2.309;66.0;70.0;59.714;9.708;47.0;70.0;47.0;15.884;23.0;70.0;1.373;1540;110;4.9;0.1;0.0;-4.0;44.0
18;8;198;0.94;2.31;42.0;102;1036;42;412;101.0;988.0;0.0;-1;-48;830;74;835.0;74;5;0;1.249;1.183;-0.066;343;368;26;28;55;20802;21000;13;1.166;1.145;1.127;1.031;0.739;96.1;91.2;86.4;62.3;26.3;70.0;70.0;66.0;47.0;23.0;28.0;28.0;28.0;30.0;32.0;26.0;26.0;26.0;28.0;30.0;55.0;55.0;55.0;60.0;65.0;12.0;9.0;5.0;5.0;11.0;190.0;178.0;169.0;138.0;89.0;96.1;4.9;91.2;101.0;83.7;13.873;62.4;101.0;63.914;24.814;26.3;101.0;71.333;2.309;70.0;74.0;63.571;9.163;48.0;74.0;50.643;15.805;28.0;74.0;1.365;1540;110;4.9;0.0;4.0;4.0;43.6
19;4;202;0.96;2.44;44.0;106;1142;45;457;108.2;1096.1;1.0;2;-46;908;77;910.0;75;2;-2;1.259;1.205;-0.054;378;377;26;28;55;20798;21000;13;1.183;1.166;1.145;1.06;0.776;101.0;96.1;91.2;62.4;26.3;74.0;70.0;70.0;48.0;28.0;28.0;28.0;28.0;30.0;32.0;26.0;26.0;26.0;28.0;30.0;55.0;55.0;55.0;60.0;65.0;8.0;12.0;9.0;16.0;10.0;198.0;190.0;178.0;154.0;99.0;101.767;6.086;96.1;108.2;90.243;12.921;72.0;108.2;69.764;24.918;28.7;108.2;73.0;2.646;70.0;75.0;67.429;6.925;56.0;75.0;54.0;15.616;28.0;75.0;1.443;1540;110;7.2;2.3;1.0;-3.0;42.4
20;11;213;1.01;2.57;47.0;114;1256;48;505;115.5;1211.6;1.0;1;-44;967;80;989.0;79;22;-1;1.272;1.225;-0.047;383;385;26;28;55;20787;21000;13;1.205;1.183;1.166;1.086;0.814;108.2;101.0;96.1;72.0;28.7;75.0;74.0;70.0;56.0;28.0;28.0;28.0;28.0;30.0;32.0;26.0;26.0;26.0;28.0;30.0;55.0;55.0;55.0;60.0;65.0;4.0;8.0;12.0;6.0;12.0;202.0;198.0;190.0;160.0;111.0;108.233;7.25;101.0;115.5;96.457;13.143;76.8;115.5;75.964;24.713;33.5;115.5;76.0;2.646;74.0;79.0;70.714;5.992;61.0;79.0;57.643;15.021;33.0;79.0;1.462;1540;110;7.3;0.1;4.0;3.0;48.1
21;6;219;1.04;2.7;50.0;120;1382;51;556;122.7;1334.3;1.0;3;-48;1069;82;1075.0;86;6;4;1.294;1.241;-0.053;387;391;26;28;55;20781;21000;13;1.225;1.205;1.183;1.105;0.845;115.5;108.2;101.0;76.8;33.5;79.0;75.0;74.0;61.0;33.0;28.0;28.0;28.0;30.0;32.0;26.0;26.0;26.0;28.0;30.0;55.0;55.0;55.0;60.0;65.0;11.0;4.0;8.0;4.0;7.0;213.0;202.0;198.0;164.0;118.0;115.467;7.25;108.2;122.7;103.014;13.152;86.4;122.7;82.336;24.419;43.1;122.7;80.0;5.568;75.0;86.0;74.286;6.651;66.0;86.0;61.429;15.011;39.0;86.0;1.427;1540;110;7.2;-0.1;7.0;3.0;46.8
22;10;229;1.09;2.83;52.0;126;1517;53;609;127.6;1461.9;1.0;2;-55;1153;84;1156.0;81;3;-3;1.137;1.265;0.128;391;457;24;26;50;20771;21000;13;1.241;1.225;1.205;1.127;0.885;122.7;115.5;108.2;86.4;43.1;86.0;79.0;75.0;66.0;39.0;28.0;28.0;28.0;28.0;30.0;26.0;26.0;26.0;26.0;28.0;55.0;55.0;55.0;55.0;60.0;6.0;11.0;4.0;5.0;3.0;219.0;213.0;202.0;169.0;121.0;121.933;6.086;115.5;127.6;108.9;13.685;91.2;127.6;88.371;24.418;55.1;127.6;82.0;3.606;79.0;86.0;76.429;5.912;70.0;86.0;64.429;14.367;42.0;86.0;1.575;1300;100;4.9;-2.3;-5.0;-12.0;50.8
23;4;233;1.11;2.96;55.0;132;1656;57;666;137.2;1599.1;2.0;5;-57;1239;86;1249.0;93;10;7;1.337;1.28;-0.057;394;401;24;26;50;20767;21000;13;1.265;1.241;1.225;1.145;0.946;127.6;122.7;115.5;91.2;55.1;81.0;86.0;79.0;70.0;42.0;26.0;28.0;28.0;28.0;30.0;24.0;26.0;26.0;26.0;28.0;50.0;55.0;55.0;55.0;60.0;10.0;6.0;11.0;9.0;6.0;229.0;219.0;213.0;178.0;127.0;129.167;7.376;122.7;137.2;115.471;14.771;96.1;137.2;94.236;25.641;59.9;137.2;86.667;6.028;81.0;93.0;79.714;7.825;70.0;93.0;68.071;14.705;47.0;93.0;1.475;1300;100;9.6;4.7;12.0;17.0;48.6
24;7;240;1.14;3.09;57.0;138;1803;59;725;142.1;1741.2;2.0;4;-62;1327;88;1337.0;88;10;0;1.36;1.302;-0.058;397;405;24;26;50;20760;21000;13;1.28;1.265;1.241;1.166;0.991;137.2;127.6;122.7;96.1;59.9;93.0;81.0;86.0;70.0;47.0;26.0;26.0;28.0;28.0;30.0;24.0;24.0;26.0;26.0;28.0;50.0;50.0;55.0;55.0;60.0;4.0;10.0;6.0;12.0;6.0;233.0;229.0;219.0;190.0;133.0;135.633;7.376;127.6;142.1;122.043;14.948;101.0;142.1;100.107;26.569;62.3;142.1;87.333;6.028;81.0;93.0;82.286;7.017;74.0;93.0;71.0;14.261;47.0;93.0;1.615;1300;100;4.9;-4.7;-5.0;-17.0;51.5
25;13;253;1.2;3.22;60.0;144;1958;62;787;149.4;1890.6;2.0;5;-67;1418;90;1424.0;87;6;-3;1.382;1.328;-0.054;400;407;24;26;50;20747;21000;13;1.302;1.28;1.265;1.183;1.031;142.1;137.2;127.6;101.0;62.3;88.0;93.0;81.0;74.0;47.0;26.0;26.0;26.0;28.0;30.0;24.0;24.0;24.0;26.0;28.0;50.0;50.0;50.0;55.0;60.0;7.0;4.0;10.0;8.0;5.0;240.0;233.0;229.0;198.0;138.0;142.9;6.139;137.2;149.4;128.957;14.785;108.2;149.4;106.329;27.224;62.4;149.4;89.333;3.215;87.0;93.0;84.143;6.122;75.0;93.0;73.857;13.038;48.0;93.0;1.717;1300;100;7.3;2.4;-1.0;4.0;57.1
26;5;258;1.23;3.35;62.0;150;2120;61;848;147.0;2037.7;-1.0;-3;-82;1510;92;1520.0;96;10;4;1.405;1.341;-0.064;402;411;24;26;50;20742;21000;13;1.328;1.302;1.28;1.205;1.06;149.4;142.1;137.2;108.2;62.4;87.0;88.0;93.0;75.0;48.0;26.0;26.0;26.0;28.0;30.0;24.0;24.0;24.0;26.0;28.0;50.0;50.0;50.0;55.0;60.0;13.0;7.0;4.0;4.0;16.0;253.0;240.0;233.0;202.0;154.0;146.167;3.721;142.1;149.4;134.5;12.853;115.5;149.4;112.371;26.089;72.0;149.4;90.333;4.933;87.0;96.0;87.143;6.04;79.0;96.0;77.286;11.984;56.0;96.0;1.531;1300;100;-2.4;-9.7;9.0;10.0;54.1
27;13;271;1.29;3.4;65.0;156;2285;58;906;139.9;2177.6;-7.0;-16;-107;1604;94;1615.0;95;11;1;1.426;1.348;-0.078;404;414;24;26;50;20729;21000;13;1.341;1.328;1.302;1.225;1.086;147.0;149.4;142.1;115.5;72.0;96.0;87.0;88.0;79.0;56.0;26.0;26.0;26.0;28.0;30.0;24.0;24.0;24.0;26.0;28.0;50.0;50.0;50.0;55.0;60.0;5.0;13.0;7.0;11.0;6.0;258.0;253.0;240.0;213.0;160.0;145.433;4.94;139.9;149.4;137.986;9.783;122.7;149.4;117.221;24.253;76.8;149.4;92.667;4.933;87.0;96.0;89.429;5.442;81.0;96.0;80.071;11.159;61.0;96.0;1.473;1300;100;-7.1;-4.7;-1.0;-10.0;60.7
28;11;282;1.34;3.61;67.0;162;2455;63;969;152.0;2329.6;-4.0;-10;-125;1698;95;1705.0;90;7;-5;1.446;1.366;-0.08;405;415;24;26;50;20718;21000;13;1.348;1.341;1.328;1.241;1.105;139.9;147.0;149.4;122.7;76.8;95.0;96.0;87.0;86.0;61.0;26.0;26.0;26.0;28.0;30.0;24.0;24.0;24.0;26.0;28.0;50.0;50.0;50.0;55.0;60.0;13.0;5.0;13.0;6.0;4.0;271.0;258.0;253.0;219.0;164.0;146.3;6.08;139.9;152.0;142.171;8.31;127.6;152.0;122.593;22.902;86.4;152.0;93.667;3.215;90.0;96.0;90.0;5.228;81.0;96.0;82.143;9.976;66.0;96.0;1.689;1300;100;12.1;19.2;-5.0;-4.0;61.9
29;13;295;1.4;3.74;70.0;168;2635;65;1034;157.0;2486.6;-5.0;-11;-148;1794;96;1808.0;103;14;7;1.47;1.375;-0.095;406;418;24;26;50;20705;21000;13;1.366;1.348;1.341;1.265;1.127;152.0;139.9;147.0;127.6;86.4;90.0;95.0;96.0;81.0;66.0;26.0;26.0;26.0;26.0;28.0;24.0;24.0;24.0;24.0;26.0;50.0;50.0;50.0;50.0;55.0;11.0;13.0;5.0;10.0;5.0;282.0;271.0;258.0;229.0;169.0;149.633;8.792;139.9;157.0;146.371;7.053;137.2;157.0;127.636;22.078;91.2;157.0;96.0;6.557;90.0;103.0;93.143;5.521;87.0;103.0;84.786;10.267;70.0;103.0;1.524;1300;100;5.0;-7.1;13.0;18.0;65.5
30;13;308;1.47;3.87;72.0;173;2818;67;1101;161.9;2648.5;-5.0;-11;-169;1891;97;1904.0;96;13;-1;1.491;1.391;-0.1;407;419;24;26;50;20692;21000;13;1.375;1.366;1.348;1.28;1.145;157.0;152.0;139.9;137.2;91.2;103.0;90.0;95.0;93.0;70.0;26.0;26.0;26.0;26.0;28.0;24.0;24.0;24.0;24.0;26.0;50.0;50.0;50.0;50.0;55.0;13.0;11.0;13.0;4.0;9.0;295.0;282.0;271.0;233.0;178.0;156.967;4.95;152.0;161.9;149.9;7.835;139.9;161.9;132.686;21.17;96.1;161.9;96.333;6.506;90.0;103.0;93.571;5.623;87.0;103.0;86.643;9.724;70.0;103.0;1.686;1300;100;4.9;-0.1;-7.0;-20.0;68.1
31;0;308;1.47;4.0;74.0;178;3004;69;1170;166.7;2815.2;-5.0;-11;-189;1989;98;2010.0;106;21;8;1.511;1.401;-0.11;408;423;24;26;50;20692;21000;13;1.391;1.375;1.366;1.302;1.166;161.9;157.0;152.0;142.1;96.1;96.0;103.0;90.0;88.0;70.0;26.0;26.0;26.0;26.0;28.0;24.0;24.0;24.0;24.0;26.0;50.0;50.0;50.0;50.0;55.0;13.0;13.0;11.0;7.0;12.0;308.0;295.0;282.0;240.0;190.0;161.867;4.85;157.0;166.7;153.414;9.158;139.9;166.7;137.729;20.169;101.0;166.7;101.667;5.132;96.0;106.0;96.143;6.669;87.0;106.0;89.214;9.744;74.0;106.0;1.573;1300;100;4.8;-0.1;10.0;17.0;61.6
32;0;308;1.47;4.13;76.0;183;3201;71;1241;171.6;2986.8;-5.0;-11;-214;2087;99;2088.0;78;1;-21;1.534;1.43;-0.104;408;419;24;26;50;20692;21000;13;1.401;1.391;1.375;1.328;1.183;166.7;161.9;157.0;149.4;101.0;106.0;96.0;103.0;87.0;74.0;26.0;26.0;26.0;26.0;28.0;24.0;24.0;24.0;24.0;26.0;50.0;50.0;50.0;50.0;55.0;0.0;13.0;13.0;13.0;8.0;308.0;308.0;295.0;253.0;198.0;166.733;4.85;161.9;171.6;156.586;11.161;139.9;171.6;142.771;19.076;108.2;171.6;93.333;14.189;78.0;106.0;94.857;9.137;78.0;106.0;89.5;9.313;75.0;106.0;2.2;1300;100;4.9;0.1;-28.0;-38.0;61.6
33;0;308;1.47;4.26;78.0;188;3403;72;1313;174.0;3160.8;-6.0;-14;-242;2187;100;2193.0;105;6;5;1.556;1.441;-0.115;408;421;24;26;50;20692;21000;13;1.43;1.401;1.391;1.341;1.205;171.6;166.7;161.9;147.0;108.2;78.0;106.0;96.0;96.0;75.0;26.0;26.0;26.0;26.0;28.0;24.0;24.0;24.0;24.0;26.0;50.0;50.0;50.0;50.0;55.0;0.0;0.0;13.0;5.0;4.0;308.0;308.0;308.0;258.0;202.0;170.767;3.721;166.7;174.0;160.443;11.935;139.9;174.0;147.471;17.977;115.5;174.0;96.333;15.885;78.0;106.0;96.143;9.924;78.0;106.0;91.643;9.17;78.0;106.0;1.657;1300;100;2.4;-2.5;27.0;55.0;61.6
34;0;308;1.47;4.39;79.0;192;3504;74;1387;178.8;3339.6;-5.0;-13;-164;2289;101;2294.0;101;5;0;1.578;1.456;-0.122;407;421;24;26;50;20692;21000;13;1.441;1.43;1.401;1.348;1.225;174.0;171.6;166.7;139.9;115.5;105.0;78.0;106.0;95.0;79.0;26.0;26.0;26.0;26.0;28.0;24.0;24.0;24.0;24.0;26.0;50.0;50.0;50.0;50.0;55.0;0.0;0.0;0.0;13.0;11.0;308.0;308.0;308.0;271.0;213.0;174.8;3.666;171.6;178.8;166.0;9.605;152.0;178.8;151.993;17.264;122.7;178.8;94.667;14.572;78.0;105.0;97.0;10.066;78.0;106.0;93.214;8.711;78.0;106.0;1.77;1300;100;4.8;2.4;-4.0;-31.0;61.6
35;0;308;1.47;4.52;82.0;199;3601;76;1463;183.6;3523.2;-6.0;-15;-78;2390;101;2401.0;107;11;6;1.6;1.467;-0.133;407;422;24;26;50;20692;21000;13;1.456;1.441;1.43;1.366;1.241;178.8;174.0;171.6;152.0;122.7;101.0;105.0;78.0;90.0;86.0;26.0;26.0;26.0;26.0;28.0;24.0;24.0;24.0;24.0;26.0;50.0;50.0;50.0;50.0;55.0;0.0;0.0;0.0;11.0;6.0;308.0;308.0;308.0;282.0;219.0;178.8;4.8;174.0;183.6;170.514;9.351;157.0;183.6;156.343;16.986;127.6;183.6;104.333;3.055;101.0;107.0;99.429;10.147;78.0;107.0;94.714;9.169;78.0;107.0;1.716;1300;100;4.8;-0.0;6.0;10.0;61.6
