AGE;MATI;JML_DEPLESI;STD_CUM_DEPLESI_%;DELTA_PAKAN_ZAK;DELTA_PAKAN_CUM_GR/EKOK;DG_ACT;DELTA_ABW;DELTA_DG;FCR_STD;FCR_ACT;DELTA_FCR;IP_STD;JUMLAH_AYAM_AKHIR;PERIODE;FCR_ACT_lag_14;DG_ACT_lag_1;DG_ACT_lag_2;DG_ACT_lag_3;MATI_lag_1;MATI_lag_2;MATI_lag_3;MATI_lag_7;MATI_lag_14;JML_DEPLESI_lag_14;DELTA_PAKAN_GR/EKOR_lag_1;DELTA_PAKAN_GR/EKOR_lag_2;DELTA_PAKAN_GR/EKOR_lag_3;DELTA_PAKAN_GR/EKOR_lag_7;DELTA_PAKAN_GR/EKOR_lag_14;DELTA_DG_lag_1;DELTA_DG_lag_2;DELTA_DG_lag_3;DELTA_DG_lag_7;DELTA_DG_lag_14;PAKAN_ACT_GR/EK_rolling_std_3;PAKAN_ACT_GR/EK_rolling_std_7;PAKAN_ACT_GR/EK_rolling_std_14;DG_ACT_rolling_std_3;DG_ACT_rolling_std_7;DG_ACT_rolling_std_14;DG_ACT_rolling_min_14;SUHU_MAX_rolling_std_3;SUHU_MAX_rolling_std_7;SUHU_MAX_rolling_std_14;MATI_rolling_mean_3;MATI_rolling_std_3;MATI_rolling_min_3;MATI_rolling_max_3;MATI_rolling_mean_7;MATI_rolling_std_7;MATI_rolling_min_7;MATI_rolling_max_7;MATI_rolling_mean_14;MATI_rolling_std_14;MATI_rolling_min_14;MATI_rolling_max_14;JML_DEPLESI_rolling_std_3;JML_DEPLESI_rolling_std_7;JML_DEPLESI_rolling_std_14;DELTA_PAKAN_GR/EKOR_rolling_std_3;DELTA_PAKAN_GR/EKOR_rolling_max_3;DELTA_PAKAN_GR/EKOR_rolling_mean_7;DELTA_PAKAN_GR/EKOR_rolling_std_7;DELTA_PAKAN_GR/EKOR_rolling_max_7;DELTA_PAKAN_GR/EKOR_rolling_mean_14;DELTA_PAKAN_GR/EKOR_rolling_std_14;DELTA_PAKAN_GR/EKOR_rolling_max_14;DELTA_DG_rolling_mean_3;DELTA_DG_rolling_min_3;DELTA_DG_rolling_max_3;DELTA_DG_rolling_mean_7;DELTA_DG_rolling_std_7;DELTA_DG_rolling_min_7;DELTA_DG_rolling_max_7;DELTA_DG_rolling_mean_14;DELTA_DG_rolling_min_14;PAKAN_DG_RATIO;PAKAN_ACT_GR/EK_momentum_1;PAKAN_ACT_GR/EK_acceleration;PAKAN_ACT_GR/EK_volatility_3;PAKAN_ACT_GR/EK_trend_slope_3;DG_ACT_momentum_1;DG_ACT_acceleration;DG_ACT_volatility_3;DG_ACT_trend_slope_3;SUHU_MAX_momentum_1;SUHU_MAX_acceleration;SUHU_MAX_volatility_3;MATI_momentum_1;MATI_acceleration;MATI_volatility_3;MATI_trend_slope_3;JML_DEPLESI_acceleration;JML_DEPLESI_volatility_3;DELTA_PAKAN_GR/EKOR_momentum_1;DELTA_PAKAN_GR/EKOR_acceleration;DELTA_PAKAN_GR/EKOR_volatility_3;DELTA_PAKAN_GR/EKOR_trend_slope_3;FEED_EFFICIENCY_lag_1
1;16;16;0.1;3.5;10;22;9;8;0.321;0.428;0.107;0;17984;1;0.428;22.0;22.0;22.0;16.0;16.0;16.0;16.0;16.0;16.0;10.0;10.0;10.0;10.0;10.0;8.0;8.0;8.0;8.0;8.0;4.243;4.243;4.243;2.121;2.121;2.121;22.0;0.0;0.0;0.0;16.0;0.707;16.0;16.0;16.0;0.707;16.0;16.0;16.0;0.707;16.0;16.0;10.607;10.607;10.607;7.071;10.0;10.0;7.071;10.0;10.0;7.071;10.0;8.0;8.0;8.0;8.0;4.243;8.0;8.0;8.0;8.0;1.273;-6.0;17.0;12.021;2.5;-3.0;5.0;3.536;-0.5;0.0;0.0;0.0;-1.0;-8.0;5.657;-5.0;-9.0;6.364;-10.0;17.0;12.021;-1.5;2.336
2;15;31;0.23;0.1;10;19;11;2;0.549;0.593;0.044;0;17969;1;0.428;22.0;22.0;22.0;16.0;16.0;16.0;16.0;16.0;16.0;10.0;10.0;10.0;10.0;10.0;8.0;8.0;8.0;8.0;8.0;4.243;4.243;4.243;2.121;2.121;2.121;19.0;0.0;0.0;0.0;15.5;0.707;15.0;16.0;15.5;0.707;15.0;16.0;15.5;0.707;15.0;16.0;10.607;10.607;10.607;7.071;10.0;5.0;7.071;10.0;5.0;7.071;10.0;5.0;2.0;8.0;5.0;4.243;2.0;8.0;5.0;2.0;1.158;-6.0;17.0;12.021;2.5;-3.0;5.0;3.536;-0.5;0.0;0.0;0.0;-1.0;-8.0;5.657;-5.0;-9.0;6.364;-10.0;17.0;12.021;-1.5;2.336
3;6;37;0.36;2.6;17;21;11;1;0.711;0.794;0.083;0;17963;1;0.428;19.0;22.0;22.0;15.0;16.0;16.0;16.0;16.0;16.0;0.0;10.0;10.0;10.0;10.0;2.0;8.0;8.0;8.0;8.0;5.508;5.508;5.508;1.528;1.528;1.528;19.0;0.0;0.0;0.0;12.333;5.508;6.0;16.0;12.333;5.508;6.0;16.0;12.333;5.508;6.0;16.0;10.817;10.817;10.817;5.132;10.0;5.667;5.132;10.0;5.667;5.132;10.0;3.667;1.0;8.0;3.667;3.786;1.0;8.0;3.667;1.0;1.571;11.0;17.0;12.021;2.5;2.0;5.0;3.536;-0.5;0.0;0.0;0.0;-9.0;-8.0;5.657;-5.0;-9.0;6.364;7.0;17.0;12.021;-1.5;1.686
4;16;53;0.49;3.2;26;30;18;6;0.826;0.909;0.083;0;17947;1;0.428;21.0;19.0;22.0;6.0;15.0;16.0;16.0;16.0;16.0;7.0;0.0;10.0;10.0;10.0;1.0;2.0;8.0;8.0;8.0;8.622;7.234;7.234;5.859;4.83;4.83;19.0;0.0;0.0;0.0;12.333;5.508;6.0;16.0;13.25;4.856;6.0;16.0;13.25;4.856;6.0;16.0;11.372;15.305;15.305;4.726;9.0;6.5;4.509;10.0;6.5;4.509;10.0;3.0;1.0;6.0;4.25;3.304;1.0;8.0;4.25;1.0;1.3;6.0;-5.0;8.737;8.5;9.0;7.0;6.028;5.5;0.0;0.0;0.0;10.0;19.0;9.539;0.5;10.0;5.508;2.0;-5.0;8.737;4.5;1.259
5;10;63;0.62;-0.2;25;40;31;13;0.914;0.891;-0.023;0;17937;1;0.428;30.0;21.0;19.0;16.0;6.0;15.0;16.0;16.0;16.0;9.0;7.0;0.0;10.0;10.0;6.0;1.0;2.0;8.0;8.0;3.464;6.364;6.364;9.504;8.678;8.678;19.0;0.0;0.0;0.0;10.667;5.033;6.0;16.0;12.6;4.45;6.0;16.0;12.6;4.45;6.0;16.0;13.115;18.466;18.466;5.292;9.0;5.0;5.148;10.0;5.0;5.148;10.0;6.667;1.0;13.0;6.0;4.848;1.0;13.0;6.0;1.0;0.825;-6.0;-12.0;8.737;0.0;10.0;1.0;4.359;9.5;0.0;0.0;0.0;-6.0;-16.0;10.214;2.0;-6.0;5.033;-10.0;-12.0;8.737;-4.0;1.1
6;10;73;0.75;0.3;24;28;28;-3;0.979;0.963;-0.016;0;17927;1;0.428;40.0;30.0;21.0;10.0;16.0;6.0;16.0;16.0;16.0;-1.0;9.0;7.0;10.0;10.0;13.0;6.0;1.0;8.0;8.0;3.464;6.563;6.563;6.429;7.789;7.789;19.0;0.0;0.0;0.0;12.0;3.464;10.0;16.0;12.167;4.119;6.0;16.0;12.167;4.119;6.0;16.0;10.0;21.314;21.314;5.292;9.0;4.333;4.885;10.0;4.333;4.885;10.0;5.333;-3.0;13.0;4.5;5.683;-3.0;13.0;4.5;-3.0;1.393;6.0;12.0;6.928;-0.0;-12.0;-22.0;12.423;-1.0;0.0;0.0;0.0;0.0;6.0;8.083;-3.0;0.0;3.464;2.0;12.0;6.928;-4.0;1.122
7;7;80;0.68;0.5;29;25;22;-8;1.029;1.052;0.023;270;17920;1;0.428;28.0;40.0;30.0;10.0;10.0;16.0;16.0;16.0;16.0;1.0;-1.0;9.0;10.0;10.0;-3.0;13.0;6.0;8.0;8.0;5.508;7.439;7.439;7.937;7.138;7.138;19.0;0.0;0.0;0.0;9.0;1.732;7.0;10.0;11.429;4.237;6.0;16.0;11.429;4.237;6.0;16.0;8.544;23.423;23.423;1.155;1.0;3.857;4.634;10.0;3.857;4.634;10.0;0.667;-8.0;13.0;2.714;7.017;-8.0;13.0;2.714;-8.0;1.76;5.0;-1.0;6.658;5.5;-3.0;9.0;11.06;-7.5;0.0;0.0;0.0;-3.0;-3.0;3.0;-1.5;-3.0;1.732;0.0;-2.0;6.429;1.0;1.038
8;8;88;1.01;-0.2;23;33;16;-4;1.068;1.09;0.022;268;17912;1;0.428;25.0;28.0;40.0;7.0;10.0;10.0;16.0;16.0;16.0;1.0;1.0;-1.0;10.0;10.0;-8.0;-3.0;13.0;8.0;8.0;2.887;7.74;7.741;4.041;7.211;7.005;19.0;1.155;0.756;0.707;8.333;1.528;7.0;10.0;10.286;3.861;6.0;16.0;11.0;4.106;6.0;16.0;7.506;21.515;25.43;1.155;1.0;2.286;4.03;9.0;3.25;4.621;10.0;-5.0;-8.0;-3.0;1.0;6.976;-8.0;13.0;1.875;-8.0;1.333;0.0;-5.0;3.215;2.5;8.0;11.0;10.017;2.5;-2.0;-2.0;1.155;1.0;4.0;2.082;-1.0;1.0;1.528;-2.0;-2.0;2.0;-1.0;0.951
9;10;98;1.14;-0.1;24;46;21;5;1.099;1.098;-0.001;274;17902;1;0.428;33.0;25.0;28.0;8.0;7.0;10.0;15.0;16.0;16.0;-1.0;1.0;1.0;0.0;10.0;-4.0;-8.0;-3.0;2.0;8.0;5.196;7.041;9.351;10.599;8.668;9.055;19.0;1.155;0.976;0.882;8.333;1.528;7.0;10.0;9.571;3.259;6.0;16.0;10.889;3.855;6.0;16.0;9.018;20.99;27.751;1.0;1.0;2.286;4.03;9.0;2.889;4.457;10.0;-2.333;-8.0;5.0;1.429;7.138;-8.0;13.0;2.222;-8.0;1.152;9.0;9.0;4.509;4.5;13.0;5.0;8.185;10.5;0.0;2.0;1.155;2.0;1.0;2.646;1.5;2.0;1.528;1.0;3.0;1.528;-0.5;0.917
10;6;104;1.27;-0.2;20;34;10;-11;1.129;1.152;0.023;281;17896;1;0.428;46.0;33.0;25.0;10.0;8.0;7.0;6.0;16.0;16.0;0.0;-1.0;1.0;7.0;10.0;5.0;-4.0;-8.0;1.0;8.0;6.245;8.124;10.63;7.234;7.228;8.664;19.0;0.0;1.069;0.966;8.0;2.0;6.0;10.0;9.571;3.259;6.0;16.0;10.4;3.95;6.0;16.0;8.083;18.398;29.65;0.577;0.0;1.286;3.498;9.0;2.6;4.3;10.0;-3.333;-11.0;5.0;-0.286;8.558;-11.0;13.0;0.9;-11.0;1.647;3.0;-6.0;4.583;6.0;-12.0;-25.0;13.229;0.5;0.0;0.0;1.155;-4.0;-6.0;3.215;-1.0;-4.0;2.0;0.0;-1.0;1.528;0.5;0.911
11;7;111;1.4;-1.7;15;56;16;7;1.149;1.138;-0.011;289;17889;1;0.428;34.0;46.0;33.0;6.0;10.0;8.0;16.0;16.0;16.0;0.0;0.0;-1.0;9.0;10.0;-11.0;5.0;-4.0;6.0;8.0;2.517;9.268;11.583;11.015;10.799;11.4;19.0;0.0;1.069;1.009;7.667;2.082;6.0;10.0;8.286;1.704;6.0;10.0;10.091;3.885;6.0;16.0;6.506;17.315;31.456;2.887;0.0;-0.714;2.059;1.0;1.909;4.679;10.0;0.333;-11.0;7.0;-0.143;8.688;-11.0;13.0;1.455;-11.0;1.036;2.0;-1.0;3.786;2.5;22.0;34.0;17.616;5.0;0.0;0.0;0.0;1.0;5.0;3.215;-1.5;1.0;2.082;-5.0;-5.0;3.215;-2.5;0.868
12;9;120;1.53;-0.5;11;51;12;-4;1.169;1.158;-0.011;297;17880;1;0.428;56.0;34.0;46.0;7.0;6.0;10.0;10.0;16.0;16.0;-5.0;0.0;0.0;-1.0;10.0;7.0;-11.0;5.0;13.0;8.0;5.859;9.778;13.382;11.533;11.972;12.152;19.0;0.0;0.976;1.03;7.333;1.528;6.0;9.0;8.143;1.574;6.0;10.0;10.0;3.717;6.0;16.0;8.021;16.919;33.469;2.646;0.0;-0.714;2.059;1.0;1.667;4.539;10.0;-2.667;-11.0;7.0;-2.571;6.503;-11.0;7.0;1.0;-11.0;1.314;9.0;7.0;3.786;5.5;-5.0;-27.0;17.954;8.5;0.0;0.0;0.0;2.0;1.0;3.215;1.5;2.0;1.528;4.0;9.0;4.509;-0.5;0.879
13;6;126;1.68;-0.3;5;54;8;-2;1.186;1.178;-0.008;305;17874;1;0.428;51.0;56.0;34.0;9.0;7.0;6.0;10.0;16.0;16.0;-1.0;-5.0;0.0;1.0;10.0;-4.0;7.0;-11.0;-3.0;8.0;7.095;10.626;15.128;2.517;12.024;12.919;19.0;0.0;0.756;1.038;7.333;1.528;6.0;9.0;7.571;1.512;6.0;10.0;9.692;3.728;6.0;16.0;7.55;16.618;35.274;2.309;-1.0;-1.0;1.915;1.0;1.462;4.409;10.0;0.333;-4.0;7.0;-2.429;6.503;-11.0;7.0;0.769;-11.0;1.333;5.0;-4.0;3.512;7.0;3.0;8.0;13.868;-1.0;0.0;0.0;0.0;-3.0;-5.0;2.646;-0.5;-3.0;1.528;0.0;-4.0;4.509;2.0;0.864
14;5;131;1.79;-0.1;-1;69;16;8;1.208;1.172;-0.036;313;17869;1;0.428;54.0;51.0;56.0;6.0;9.0;7.0;7.0;16.0;16.0;-1.0;-1.0;-5.0;1.0;10.0;-2.0;-4.0;7.0;-8.0;8.0;5.508;11.782;16.969;9.644;12.702;15.334;19.0;0.0;0.0;1.038;6.667;2.082;5.0;9.0;7.286;1.799;5.0;10.0;9.357;3.795;5.0;16.0;5.508;15.561;36.843;0.577;0.0;-1.143;1.773;0.0;1.357;4.254;10.0;0.667;-4.0;8.0;-0.143;7.01;-11.0;8.0;1.286;-11.0;1.13;6.0;1.0;2.082;5.5;15.0;12.0;10.066;9.0;0.0;0.0;0.0;-1.0;2.0;2.517;-2.0;-1.0;2.082;1.0;1.0;2.082;0.5;0.849
15;4;135;1.92;0.8;1;63;14;-2;1.219;1.191;-0.028;320;17865;1;0.428;69.0;54.0;51.0;5.0;6.0;9.0;8.0;16.0;16.0;0.0;-1.0;-1.0;-1.0;10.0;8.0;-2.0;-4.0;-4.0;8.0;7.024;12.28;18.804;7.55;11.398;16.003;19.0;1.155;0.756;1.267;5.0;1.0;4.0;6.0;6.714;2.138;4.0;10.0;8.5;3.525;4.0;16.0;4.509;13.969;34.392;1.528;2.0;-0.714;2.138;2.0;0.786;3.468;9.0;1.333;-2.0;8.0;0.143;6.866;-11.0;8.0;0.571;-11.0;1.365;8.0;2.0;1.528;7.0;-6.0;-21.0;10.536;4.5;-2.0;-2.0;1.155;-1.0;0.0;1.155;-1.0;-1.0;1.0;2.0;1.0;1.0;1.5;0.853
16;7;142;2.06;-0.4;1;70;17;2;1.229;1.199;-0.03;327;17858;1;0.593;63.0;69.0;54.0;4.0;5.0;6.0;10.0;15.0;31.0;2.0;0.0;-1.0;0.0;0.0;-2.0;8.0;-2.0;5.0;2.0;5.686;12.893;19.182;3.786;12.406;16.494;21.0;1.155;0.976;1.399;5.333;1.528;4.0;7.0;6.286;1.604;4.0;9.0;7.929;2.999;4.0;16.0;5.568;13.434;32.674;1.528;2.0;-0.857;2.116;2.0;0.714;3.496;9.0;2.667;-2.0;8.0;-0.286;6.601;-11.0;8.0;0.571;-11.0;1.271;3.0;-5.0;2.517;5.5;7.0;13.0;10.599;0.5;0.0;2.0;1.155;3.0;4.0;2.309;1.0;3.0;1.528;-3.0;-5.0;2.646;-0.5;0.84
17;7;149;2.18;1.4;6;71;17;0;1.239;1.218;-0.021;334;17851;1;0.794;70.0;63.0;69.0;7.0;4.0;5.0;6.0;6.0;37.0;-1.0;2.0;0.0;0.0;7.0;2.0;-2.0;8.0;-11.0;1.0;7.371;14.281;21.128;4.359;8.327;16.478;25.0;0.0;1.069;1.46;6.0;1.732;4.0;7.0;6.429;1.618;4.0;9.0;8.0;2.961;4.0;16.0;7.0;12.947;30.431;2.517;4.0;-0.286;2.812;4.0;0.5;3.156;9.0;0.0;-2.0;2.0;1.286;4.645;-4.0;8.0;0.5;-11.0;1.408;11.0;8.0;4.041;7.0;1.0;-6.0;6.506;4.0;0.0;0.0;1.155;0.0;-3.0;2.082;1.5;0.0;1.732;5.0;8.0;4.041;1.0;0.834
18;15;164;2.31;-0.7;6;92;35;18;1.249;1.204;-0.045;343;17836;1;0.909;71.0;70.0;63.0;7.0;7.0;4.0;7.0;16.0;53.0;4.0;-1.0;2.0;-5.0;9.0;0.0;2.0;-2.0;7.0;6.0;6.351;12.96;22.428;12.423;13.508;19.384;25.0;0.0;1.069;1.46;9.667;4.619;7.0;15.0;7.571;3.645;4.0;15.0;7.929;2.759;4.0;15.0;11.24;14.938;30.24;3.215;4.0;0.143;2.116;4.0;-0.286;2.054;4.0;6.667;0.0;18.0;2.857;7.734;-4.0;18.0;1.357;-11.0;1.087;0.0;-11.0;5.686;5.5;21.0;20.0;10.263;11.0;0.0;0.0;0.0;8.0;8.0;4.041;4.0;8.0;4.619;-6.0;-11.0;5.686;-0.5;0.821
19;5;169;2.44;0.8;8;74;31;-3;1.259;1.225;-0.034;378;17831;1;0.891;92.0;71.0;70.0;15.0;7.0;7.0;9.0;10.0;63.0;-2.0;4.0;-1.0;-1.0;-1.0;18.0;0.0;2.0;-4.0;13.0;4.619;12.96;22.982;11.358;11.588;19.851;25.0;0.0;0.976;1.399;9.0;5.292;5.0;15.0;7.0;3.697;4.0;15.0;7.571;2.793;4.0;15.0;10.408;16.426;29.988;3.055;4.0;0.571;2.149;4.0;-0.071;2.129;4.0;5.0;-3.0;18.0;3.0;7.594;-3.0;18.0;0.214;-11.0;1.459;8.0;8.0;5.686;4.0;-18.0;-39.0;19.502;1.5;0.0;0.0;0.0;-10.0;-18.0;9.018;-1.0;-10.0;5.292;4.0;10.0;6.083;-1.0;0.831
20;8;177;2.57;0.0;8;86;58;6;1.272;1.233;-0.039;383;17823;1;0.963;74.0;92.0;71.0;5.0;15.0;7.0;6.0;10.0;73.0;2.0;-2.0;4.0;-1.0;1.0;-3.0;18.0;0.0;-2.0;-3.0;7.024;12.726;23.679;9.165;10.263;19.899;25.0;0.0;0.756;1.267;9.333;5.132;5.0;15.0;7.286;3.684;4.0;15.0;7.429;2.709;4.0;15.0;6.557;17.775;30.14;2.0;2.0;0.714;2.059;4.0;-0.143;2.107;4.0;7.0;-3.0;18.0;4.143;7.313;-3.0;18.0;0.857;-11.0;1.326;6.0;-2.0;4.163;7.0;12.0;30.0;20.421;-3.0;0.0;0.0;0.0;3.0;13.0;9.292;-3.5;3.0;5.132;-2.0;-6.0;5.033;1.0;0.816
21;5;182;2.7;-0.2;1;81;37;-1;1.294;1.251;-0.043;387;17818;1;1.052;86.0;74.0;92.0;8.0;5.0;15.0;5.0;7.0;80.0;0.0;2.0;-2.0;0.0;1.0;6.0;-3.0;18.0;8.0;-8.0;5.508;12.257;24.272;6.028;10.095;18.119;33.0;0.0;0.0;1.038;6.0;1.732;5.0;8.0;7.286;3.684;4.0;15.0;7.286;2.785;4.0;15.0;6.557;17.979;29.935;1.528;2.0;0.571;2.149;4.0;-0.286;2.091;4.0;0.667;-3.0;6.0;2.857;7.313;-3.0;18.0;1.357;-11.0;1.469;5.0;-1.0;1.528;5.5;-5.0;-17.0;15.044;3.5;0.0;0.0;0.0;-3.0;-6.0;6.506;0.0;-3.0;1.732;-1.0;1.0;3.215;-1.5;0.811
22;9;191;2.83;0.6;-6;116;69;32;1.137;1.237;0.1;391;17809;1;1.09;81.0;86.0;74.0;5.0;8.0;5.0;4.0;8.0;88.0;-1.0;0.0;2.0;2.0;-1.0;-1.0;6.0;-3.0;-2.0;-4.0;7.095;13.2;24.612;18.93;16.153;20.955;34.0;1.155;0.756;1.267;7.333;2.082;5.0;9.0;8.0;3.416;5.0;15.0;7.357;2.818;4.0;15.0;7.095;17.604;30.039;1.528;2.0;0.571;2.149;4.0;-0.071;2.165;4.0;12.333;-1.0;32.0;7.714;12.79;-3.0;32.0;3.929;-11.0;1.103;9.0;4.0;2.082;7.0;35.0;40.0;20.075;15.0;-2.0;-2.0;1.155;4.0;7.0;3.786;0.5;4.0;2.082;3.0;4.0;2.646;1.0;0.799
23;12;203;2.96;1.5;-9;106;89;20;1.337;1.24;-0.097;394;17797;1;1.098;116.0;81.0;86.0;9.0;5.0;8.0;7.0;10.0;98.0;2.0;-1.0;0.0;-1.0;0.0;32.0;-1.0;6.0;2.0;5.0;8.505;13.699;25.584;18.028;16.572;22.044;34.0;1.155;0.976;1.399;8.667;3.512;5.0;12.0;8.714;3.684;5.0;15.0;7.5;3.006;4.0;15.0;10.536;17.85;31.087;2.517;4.0;1.286;2.36;4.0;0.214;2.424;4.0;17.0;-1.0;32.0;10.286;13.25;-3.0;32.0;5.0;-11.0;1.283;8.0;-1.0;2.082;8.5;-10.0;-45.0;24.664;12.5;0.0;2.0;1.155;3.0;-1.0;3.786;3.5;3.0;3.512;2.0;-1.0;2.082;2.5;0.808
24;8;211;3.09;0.3;-17;91;92;3;1.36;1.259;-0.101;397;17789;1;1.152;106.0;116.0;81.0;12.0;9.0;5.0;7.0;6.0;104.0;4.0;2.0;-1.0;4.0;0.0;20.0;32.0;-1.0;0.0;-11.0;5.686;14.49;25.806;12.583;14.454;19.374;51.0;0.0;1.069;1.46;9.667;2.082;8.0;12.0;8.857;3.625;5.0;15.0;7.643;2.977;4.0;15.0;10.066;17.347;31.972;1.528;4.0;0.857;2.035;4.0;0.286;2.431;4.0;18.333;3.0;32.0;10.714;12.906;-3.0;32.0;6.0;-4.0;1.527;3.0;-5.0;3.215;5.5;-15.0;-5.0;27.538;-12.5;0.0;0.0;1.155;-4.0;-7.0;4.359;-0.5;-4.0;2.082;-3.0;-5.0;3.215;-0.5;0.806
25;4;215;3.22;0.2;-27;93;94;3;1.382;1.277;-0.105;400;17785;1;1.138;91.0;106.0;116.0;8.0;12.0;9.0;15.0;7.0;111.0;1.0;4.0;2.0;-2.0;-5.0;3.0;20.0;32.0;18.0;7.0;4.041;13.594;25.381;8.145;14.455;18.783;51.0;0.0;1.069;1.46;8.0;4.0;4.0;12.0;7.286;2.812;4.0;12.0;7.429;3.131;4.0;15.0;6.11;17.624;32.31;2.082;4.0;1.143;1.676;4.0;0.643;1.906;4.0;8.667;3.0;20.0;8.571;12.739;-3.0;32.0;5.714;-4.0;1.548;5.0;2.0;2.517;4.0;2.0;17.0;8.737;-6.5;0.0;0.0;0.0;-4.0;0.0;4.041;-4.0;-4.0;4.0;-1.0;2.0;2.517;-2.0;0.794
26;6;221;3.35;0.0;-39;82;84;-10;1.405;1.305;-0.1;402;17779;1;1.158;93.0;91.0;106.0;4.0;8.0;12.0;5.0;9.0;120.0;0.0;1.0;4.0;2.0;-1.0;3.0;3.0;20.0;-3.0;-4.0;5.508;13.146;25.337;5.859;12.998;16.857;54.0;0.0;0.976;1.399;6.0;2.0;4.0;8.0;7.429;2.699;4.0;12.0;7.214;3.118;4.0;15.0;5.033;16.98;32.677;0.577;1.0;0.857;1.676;4.0;0.714;1.858;4.0;-1.333;-10.0;3.0;7.571;14.01;-10.0;32.0;5.286;-10.0;1.829;6.0;1.0;1.528;5.5;-11.0;-13.0;8.888;-4.5;0.0;0.0;0.0;2.0;6.0;3.464;-1.0;2.0;2.0;0.0;1.0;1.528;-0.5;0.783
27;11;232;3.4;-0.2;-49;125;115;31;1.426;1.301;-0.125;404;17768;1;1.178;82.0;93.0;91.0;6.0;4.0;8.0;8.0;6.0;126.0;0.0;0.0;1.0;0.0;-1.0;-10.0;3.0;3.0;6.0;-2.0;6.0;12.681;25.172;22.338;16.965;18.395;63.0;0.0;0.756;1.267;7.0;3.606;4.0;11.0;7.857;3.024;4.0;12.0;7.571;3.251;4.0;15.0;8.622;17.286;33.33;0.0;0.0;0.857;1.676;4.0;0.786;1.805;4.0;8.0;-10.0;31.0;11.143;16.507;-10.0;32.0;7.643;-10.0;1.248;6.0;0.0;0.577;6.0;43.0;54.0;28.184;16.0;0.0;0.0;0.0;5.0;3.0;4.583;3.5;5.0;3.606;0.0;0.0;0.577;-0.0;0.766
28;8;240;3.61;-1.3;-61;59;80;-36;1.446;1.347;-0.099;405;17760;1;1.172;125.0;82.0;93.0;11.0;6.0;4.0;5.0;5.0;131.0;0.0;0.0;0.0;-1.0;0.0;31.0;-10.0;3.0;-1.0;8.0;4.163;10.952;24.553;33.501;22.136;19.322;59.0;0.0;0.0;1.038;8.333;2.517;6.0;11.0;8.286;2.752;4.0;12.0;7.786;3.167;4.0;15.0;9.539;16.718;33.697;2.309;0.0;0.429;2.44;4.0;0.5;2.21;4.0;-5.0;-36.0;31.0;6.143;24.272;-36.0;32.0;4.5;-36.0;2.678;2.0;-4.0;2.309;4.0;-66.0;-109.0;54.501;-11.5;0.0;0.0;0.0;-3.0;-8.0;4.041;1.0;-3.0;2.517;-4.0;-4.0;2.309;-2.0;0.769
29;8;248;3.74;-1.5;-77;58;42;-38;1.47;1.393;-0.077;406;17752;1;1.191;59.0;125.0;82.0;8.0;11.0;6.0;9.0;4.0;135.0;-4.0;0.0;0.0;2.0;2.0;-36.0;31.0;-10.0;32.0;-2.0;4.163;10.39;24.272;38.397;24.164;19.826;58.0;0.0;0.0;1.027;9.0;1.732;8.0;11.0;8.143;2.734;4.0;12.0;8.071;2.973;4.0;15.0;8.0;16.307;33.577;2.309;0.0;-0.429;2.82;4.0;0.071;2.464;4.0;-14.333;-38.0;31.0;-3.857;26.188;-38.0;31.0;1.929;-38.0;2.828;6.0;4.0;2.309;4.0;-1.0;65.0;54.836;-33.5;0.0;0.0;0.0;0.0;3.0;4.041;-1.5;0.0;1.732;0.0;4.0;2.309;-2.0;0.742
30;10;258;3.87;-1.3;-90;83;28;-14;1.491;1.421;-0.07;407;17742;1;1.199;58.0;59.0;125.0;8.0;8.0;11.0;12.0;7.0;142.0;-4.0;-4.0;0.0;4.0;-1.0;-38.0;-36.0;31.0;20.0;2.0;5.508;10.688;23.556;14.154;22.788;19.317;58.0;0.0;0.0;0.994;8.667;1.155;8.0;10.0;7.857;2.34;4.0;11.0;8.286;2.998;4.0;15.0;9.018;17.545;33.539;0.0;-4.0;-1.571;2.299;1.0;-0.143;2.685;4.0;-29.333;-38.0;-14.0;-8.714;24.095;-38.0;31.0;0.786;-38.0;2.036;5.0;-1.0;2.082;5.5;25.0;26.0;46.872;12.0;0.0;0.0;0.0;2.0;2.0;2.517;1.0;2.0;1.155;0.0;0.0;2.309;-0.0;0.718
31;8;266;4.0;-1.1;-101;112;42;14;1.511;1.429;-0.082;408;17734;1;1.218;83.0;58.0;59.0;10.0;8.0;8.0;8.0;7.0;149.0;-4.0;-4.0;-4.0;1.0;4.0;-14.0;-38.0;-36.0;3.0;0.0;5.508;10.768;23.599;27.025;25.066;19.818;58.0;0.0;0.0;0.938;8.667;1.155;8.0;10.0;7.857;2.34;4.0;11.0;8.357;2.977;4.0;15.0;9.018;18.771;33.279;0.577;-3.0;-2.143;2.035;0.0;-0.643;2.499;4.0;-12.667;-38.0;14.0;-7.143;25.314;-38.0;31.0;1.786;-38.0;1.562;6.0;1.0;0.577;5.5;29.0;4.0;16.289;27.0;0.0;0.0;0.0;-2.0;-4.0;2.0;0.0;-2.0;1.155;1.0;1.0;0.577;0.5;0.704
32;8;274;4.13;-1.9;-120;136;80;37;1.534;1.422;-0.112;408;17726;1;1.204;112.0;83.0;58.0;8.0;10.0;8.0;4.0;15.0;164.0;-3.0;-4.0;-4.0;0.0;-2.0;14.0;-14.0;-38.0;3.0;18.0;4.583;10.307;22.616;26.539;31.181;23.357;58.0;0.0;0.0;0.852;8.667;1.155;8.0;10.0;8.429;1.618;6.0;11.0;7.857;2.282;4.0;12.0;8.0;18.92;33.891;1.0;-3.0;-2.857;2.035;0.0;-0.857;2.742;4.0;12.333;-14.0;37.0;-2.286;30.346;-38.0;37.0;3.143;-38.0;1.309;3.0;-3.0;1.528;4.5;24.0;-5.0;2.646;26.5;0.0;0.0;0.0;0.0;2.0;2.0;-1.0;0.0;1.155;-2.0;-3.0;1.528;-0.5;0.7
33;5;279;4.26;-2.7;-142;43;23;-57;1.556;1.476;-0.08;408;17721;1;1.225;136.0;112.0;83.0;8.0;8.0;10.0;6.0;5.0;169.0;-5.0;-3.0;-4.0;0.0;2.0;37.0;14.0;-14.0;-10.0;-3.0;3.0;9.793;21.684;48.28;36.606;26.548;43.0;0.0;0.0;0.726;7.0;1.732;5.0;8.0;8.286;1.89;5.0;11.0;7.857;2.282;4.0;12.0;6.557;17.557;33.783;2.0;-3.0;-3.857;2.116;0.0;-1.5;3.057;4.0;-2.0;-57.0;37.0;-9.0;36.842;-57.0;37.0;-0.714;-57.0;4.209;3.0;0.0;1.732;3.0;-93.0;-117.0;69.039;-34.5;0.0;0.0;0.0;-3.0;-3.0;1.528;-1.5;-3.0;1.732;-2.0;0.0;1.732;-2.0;0.703
34;15;294;4.39;-2.5;-154;169;90;68;1.578;1.449;-0.129;407;17706;1;1.233;43.0;136.0;112.0;5.0;8.0;8.0;11.0;8.0;177.0;-7.0;-5.0;-3.0;0.0;0.0;-57.0;37.0;14.0;31.0;6.0;4.041;9.866;20.809;65.338;46.468;33.701;43.0;0.0;0.0;0.535;9.333;5.132;5.0;15.0;8.857;3.078;5.0;15.0;8.357;2.977;4.0;15.0;10.408;18.618;34.564;1.155;-5.0;-4.857;1.574;-3.0;-2.0;3.351;4.0;16.0;-57.0;68.0;-3.714;45.235;-57.0;68.0;3.714;-57.0;1.101;5.0;2.0;1.155;4.0;126.0;219.0;109.586;16.5;0.0;0.0;0.0;10.0;13.0;6.807;3.5;10.0;5.132;0.0;2.0;1.155;-1.0;0.678
35;10;304;4.52;-2.3;-182;86;75;-15;1.6;1.476;-0.124;406;17696;1;1.251;169.0;43.0;136.0;15.0;5.0;8.0;8.0;5.0;182.0;-7.0;-7.0;-5.0;-4.0;-1.0;68.0;-57.0;37.0;-36.0;-1.0;5.508;9.616;19.973;64.049;44.111;33.548;43.0;0.0;0.0;0.0;10.0;5.0;5.0;15.0;9.143;3.078;5.0;15.0;8.714;2.84;4.0;15.0;12.583;19.653;35.084;0.577;-6.0;-5.143;1.574;-3.0;-2.357;3.5;4.0;-1.333;-57.0;68.0;-0.714;43.396;-57.0;68.0;2.714;-57.0;2.233;6.0;1.0;1.528;5.5;-83.0;-209.0;123.654;21.5;0.0;0.0;0.0;-5.0;-15.0;8.145;2.5;-5.0;5.0;1.0;1.0;1.528;0.5;0.69
1;16;16;0.1;3.0;7;22;13;8;0.321;0.369;0.048;0;17684;2;0.369;22.0;22.0;22.0;16.0;16.0;16.0;16.0;16.0;16.0;7.0;7.0;7.0;7.0;7.0;8.0;8.0;8.0;8.0;8.0;1.98;1.98;1.98;5.657;5.657;5.657;22.0;0.0;0.0;0.0;16.0;0.707;16.0;16.0;16.0;0.707;16.0;16.0;16.0;0.707;16.0;16.0;12.021;12.021;12.021;4.243;7.0;7.0;4.243;7.0;7.0;4.243;7.0;8.0;8.0;8.0;8.0;7.778;8.0;8.0;8.0;8.0;1.155;-2.8;5.7;4.031;0.05;-8.0;10.0;7.071;-3.0;0.0;0.0;0.0;1.0;-7.0;4.95;-2.5;-6.0;4.243;-6.0;4.0;2.828;-4.0;2.71
2;17;33;0.23;0.0;8;14;10;-3;0.549;0.579;0.03;0;17667;2;0.369;22.0;22.0;22.0;16.0;16.0;16.0;16.0;16.0;16.0;7.0;7.0;7.0;7.0;7.0;8.0;8.0;8.0;8.0;8.0;1.98;1.98;1.98;5.657;5.657;5.657;14.0;0.0;0.0;0.0;16.5;0.707;16.0;17.0;16.5;0.707;16.0;17.0;16.5;0.707;16.0;17.0;12.021;12.021;12.021;4.243;7.0;4.0;4.243;7.0;4.0;4.243;7.0;2.5;-3.0;8.0;2.5;7.778;-3.0;8.0;2.5;-3.0;1.614;-2.8;5.7;4.031;0.05;-8.0;10.0;7.071;-3.0;0.0;0.0;0.0;1.0;-7.0;4.95;-2.5;-6.0;4.243;-6.0;4.0;2.828;-4.0;2.71
3;11;44;0.36;0.0;8;16;5;-5;0.711;0.747;0.036;0;17656;2;0.369;14.0;22.0;22.0;17.0;16.0;16.0;16.0;16.0;16.0;1.0;7.0;7.0;7.0;7.0;-3.0;8.0;8.0;8.0;8.0;1.646;1.646;1.646;4.163;4.163;4.163;14.0;0.0;0.0;0.0;14.667;3.215;11.0;17.0;14.667;3.215;11.0;17.0;14.667;3.215;11.0;17.0;14.107;14.107;14.107;4.163;7.0;2.333;4.163;7.0;2.333;4.163;7.0;0.0;-5.0;8.0;0.0;7.0;-5.0;8.0;0.0;-5.0;1.594;2.9;5.7;4.031;0.05;2.0;10.0;7.071;-3.0;0.0;0.0;0.0;-6.0;-7.0;4.95;-2.5;-6.0;4.243;-2.0;4.0;2.828;-4.0;1.727
4;7;51;0.49;-1.0;6;22;3;-3;0.826;0.849;0.023;0;17649;2;0.369;16.0;14.0;22.0;11.0;17.0;16.0;16.0;16.0;16.0;-1.0;1.0;7.0;7.0;7.0;-5.0;-3.0;8.0;8.0;8.0;2.85;2.327;2.327;4.163;4.123;4.123;14.0;0.0;0.0;0.0;11.667;5.033;7.0;17.0;12.75;4.646;7.0;17.0;12.75;4.646;7.0;17.0;9.074;15.253;15.253;1.528;1.0;1.25;4.031;7.0;1.25;4.031;7.0;-3.667;-5.0;-3.0;-0.75;5.909;-5.0;8.0;-0.75;-5.0;1.286;2.8;-0.1;3.262;2.85;6.0;4.0;7.211;4.0;0.0;0.0;0.0;-4.0;2.0;3.606;-5.0;-4.0;5.033;-1.0;1.0;2.646;-1.5;1.339
5;8;59;0.62;0.0;5;24;0;-3;0.914;0.944;0.03;0;17641;2;0.369;22.0;16.0;14.0;7.0;11.0;17.0;16.0;16.0;16.0;-2.0;-1.0;1.0;7.0;7.0;-3.0;-5.0;-3.0;8.0;8.0;4.332;4.322;4.322;4.163;4.336;4.336;14.0;0.0;0.0;0.0;8.667;2.082;7.0;11.0;11.8;4.55;7.0;17.0;11.8;4.55;7.0;17.0;7.506;16.742;16.742;1.0;0.0;1.0;3.536;7.0;1.0;3.536;7.0;-3.667;-5.0;-3.0;-1.2;5.215;-5.0;8.0;-1.2;-5.0;1.417;5.7;2.9;1.646;4.25;2.0;-4.0;2.309;4.0;0.0;0.0;0.0;1.0;5.0;3.606;-1.5;1.0;2.082;2.0;3.0;2.082;0.5;1.178
6;9;68;0.75;1.0;6;26;-4;-4;0.979;1.033;0.054;0;17632;2;0.369;24.0;22.0;16.0;8.0;7.0;11.0;16.0;16.0;16.0;0.0;-2.0;-1.0;7.0;7.0;-3.0;-3.0;-5.0;8.0;8.0;5.7;6.415;6.415;2.0;4.676;4.676;14.0;0.0;0.0;0.0;8.0;1.0;7.0;9.0;11.333;4.227;7.0;17.0;11.333;4.227;7.0;17.0;8.505;18.691;18.691;2.0;2.0;1.167;3.189;7.0;1.167;3.189;7.0;-3.333;-4.0;-3.0;-1.667;4.803;-5.0;8.0;-1.667;-5.0;1.527;5.7;0.0;1.674;5.7;2.0;0.0;2.309;2.0;0.0;0.0;0.0;1.0;0.0;2.887;1.0;1.0;1.0;2.0;0.0;1.732;2.0;1.059
7;6;74;0.68;0.0;8;27;-8;-6;1.029;1.107;0.078;270;17626;2;0.369;26.0;24.0;22.0;9.0;8.0;7.0;16.0;16.0;16.0;2.0;0.0;-2.0;7.0;7.0;-4.0;-3.0;-3.0;8.0;8.0;4.375;7.73;7.73;1.528;4.894;4.894;14.0;0.0;0.0;0.0;7.667;1.528;6.0;9.0;10.571;4.353;6.0;17.0;10.571;4.353;6.0;17.0;7.55;20.246;20.246;1.155;2.0;1.0;2.944;7.0;1.0;2.944;7.0;-4.333;-6.0;-3.0;-2.286;4.68;-6.0;8.0;-2.286;-6.0;1.578;2.9;-2.8;1.617;4.3;1.0;-1.0;0.577;1.5;0.0;0.0;0.0;-3.0;-4.0;2.309;-1.0;-3.0;1.528;-2.0;-4.0;2.309;0.0;0.968
8;4;78;1.01;-6.0;-13;34;-14;-4;1.068;1.07;0.002;268;17622;2;0.369;27.0;26.0;24.0;6.0;9.0;8.0;16.0;16.0;16.0;0.0;2.0;0.0;7.0;7.0;-6.0;-4.0;-3.0;8.0;8.0;7.503;7.435;7.223;4.359;6.8;6.312;14.0;1.155;0.756;0.707;6.333;2.517;4.0;9.0;8.857;4.22;4.0;17.0;9.75;4.652;4.0;17.0;5.033;16.466;21.317;10.44;2.0;-2.429;6.554;2.0;-1.25;6.923;7.0;-4.667;-6.0;-4.0;-4.0;1.155;-6.0;-3.0;-2.5;-6.0;0.835;-14.2;-17.1;10.772;-5.65;7.0;6.0;3.215;4.0;-2.0;-2.0;1.155;-2.0;1.0;2.082;-2.5;-2.0;2.517;-17.0;-15.0;10.017;-9.5;0.903
9;6;84;1.14;-3.0;-20;44;-11;3;1.099;1.066;-0.033;274;17616;2;0.369;34.0;27.0;26.0;4.0;6.0;9.0;17.0;16.0;16.0;-17.0;0.0;2.0;1.0;7.0;-4.0;-6.0;-4.0;-3.0;8.0;9.115;7.827;8.324;8.544;9.053;9.126;14.0;1.155;0.976;0.882;5.333;1.155;4.0;6.0;7.286;2.289;4.0;11.0;9.333;4.528;4.0;17.0;5.033;14.673;22.478;8.505;0.0;-3.714;6.651;2.0;-2.0;6.856;7.0;-2.333;-6.0;3.0;-3.143;2.911;-6.0;3.0;-1.889;-6.0;1.032;17.0;31.2;15.624;1.4;10.0;3.0;4.583;8.5;0.0;2.0;1.155;2.0;4.0;2.646;-0.0;2.0;1.155;9.0;26.0;13.051;-4.0;0.935
10;3;87;1.27;-3.0;-32;38;-18;-7;1.129;1.09;-0.039;281;17613;2;0.369;44.0;34.0;27.0;6.0;4.0;6.0;11.0;16.0;16.0;-8.0;-17.0;0.0;-1.0;7.0;3.0;-4.0;-6.0;-5.0;8.0;10.75;8.032;9.315;5.033;8.139;9.476;14.0;0.0;1.069;0.966;4.333;1.528;3.0;6.0;6.143;2.116;3.0;9.0;8.7;4.715;3.0;17.0;4.583;13.126;23.306;5.196;-8.0;-4.714;6.701;2.0;-2.6;6.736;7.0;-2.667;-7.0;3.0;-3.429;3.207;-7.0;3.0;-2.4;-7.0;1.271;2.9;-14.1;15.624;9.95;-6.0;-16.0;8.505;2.0;0.0;0.0;1.155;-3.0;-5.0;2.646;-0.5;-3.0;1.528;0.0;-9.0;13.204;4.5;0.938
11;10;97;1.4;0.0;-32;57;-11;8;1.149;1.091;-0.058;289;17603;2;0.369;38.0;44.0;34.0;3.0;6.0;4.0;7.0;16.0;16.0;-8.0;-8.0;-17.0;-2.0;7.0;-7.0;3.0;-4.0;-3.0;8.0;9.151;10.949;12.322;9.713;11.814;12.817;14.0;0.0;1.069;1.009;6.333;3.512;3.0;10.0;6.571;2.573;3.0;10.0;8.818;4.49;3.0;17.0;6.807;12.615;24.847;4.041;-1.0;-4.571;6.779;2.0;-2.455;6.409;7.0;1.333;-7.0;8.0;-1.857;5.398;-7.0;8.0;-1.455;-7.0;1.096;14.2;11.3;7.465;8.55;19.0;25.0;12.662;6.5;0.0;0.0;0.0;7.0;10.0;5.0;2.0;7.0;3.512;7.0;7.0;4.726;3.5;0.917
12;3;100;1.53;0.0;-35;45;-20;-9;1.169;1.137;-0.032;297;17600;2;0.369;57.0;38.0;44.0;10.0;3.0;6.0;8.0;16.0;16.0;-1.0;-8.0;-8.0;0.0;7.0;8.0;-7.0;3.0;-3.0;8.0;10.248;13.585;14.873;9.609;10.981;13.018;14.0;0.0;0.976;1.03;5.333;4.041;3.0;10.0;5.857;2.795;3.0;10.0;8.333;4.599;3.0;17.0;6.807;11.733;26.009;4.359;0.0;-4.571;6.779;2.0;-2.25;6.151;7.0;-2.667;-9.0;8.0;-2.714;6.047;-9.0;8.0;-2.083;-9.0;1.516;5.7;-8.5;5.885;9.95;-12.0;-31.0;16.442;3.5;0.0;0.0;0.0;-7.0;-14.0;7.211;0.0;-7.0;4.041;1.0;-6.0;3.786;4.0;0.917
13;5;105;1.68;-1.0;-42;57;-21;1;1.186;1.151;-0.035;305;17595;2;0.369;45.0;57.0;38.0;3.0;10.0;3.0;9.0;16.0;16.0;0.0;-1.0;-8.0;2.0;7.0;-9.0;8.0;-7.0;-4.0;8.0;4.332;15.467;16.743;6.928;11.246;14.435;14.0;0.0;0.756;1.038;6.0;3.606;3.0;10.0;5.286;2.43;3.0;10.0;8.077;4.499;3.0;17.0;4.041;11.658;27.158;1.0;0.0;-5.143;6.283;0.0;-2.231;5.89;7.0;0.0;-9.0;8.0;-2.0;6.164;-9.0;8.0;-1.846;-9.0;1.246;2.8;-2.9;5.925;4.25;12.0;24.0;16.258;-0.0;0.0;0.0;0.0;2.0;9.0;7.095;-2.5;2.0;3.606;-2.0;-3.0;4.583;-0.5;0.88
14;4;109;1.79;-1.0;-52;57;-25;-4;1.208;1.166;-0.042;313;17591;2;0.369;57.0;45.0;57.0;5.0;3.0;10.0;6.0;16.0;16.0;-2.0;0.0;-1.0;0.0;7.0;1.0;-9.0;8.0;-6.0;8.0;2.85;16.66;18.246;6.928;9.676;15.306;14.0;0.0;0.0;1.038;4.0;1.0;3.0;5.0;5.0;2.449;3.0;10.0;7.786;4.458;3.0;17.0;4.509;11.514;28.206;2.0;0.0;-5.714;5.908;0.0;-2.357;5.679;7.0;-4.0;-9.0;1.0;-1.714;5.992;-9.0;8.0;-2.0;-9.0;1.296;2.9;0.1;1.646;2.85;0.0;-12.0;12.0;6.0;0.0;0.0;0.0;-1.0;-3.0;4.583;0.5;-1.0;1.0;-2.0;0.0;1.732;-2.0;0.869
15;9;118;1.92;0.0;-51;70;-20;5;1.219;1.172;-0.047;320;17582;2;0.369;57.0;57.0;45.0;4.0;5.0;3.0;4.0;16.0;16.0;-4.0;-2.0;0.0;-17.0;7.0;-4.0;1.0;-9.0;-4.0;8.0;7.559;14.182;20.443;7.506;10.845;17.508;14.0;1.155;0.756;1.267;6.0;2.646;4.0;9.0;5.714;2.812;3.0;10.0;7.286;3.811;3.0;17.0;6.658;12.0;25.755;2.517;1.0;-3.143;3.671;1.0;-2.786;5.117;2.0;0.667;-4.0;5.0;-0.429;6.373;-9.0;8.0;-2.214;-9.0;1.219;11.4;8.5;4.937;7.15;13.0;13.0;7.234;6.5;-2.0;-2.0;1.155;5.0;6.0;3.0;2.0;5.0;2.646;5.0;7.0;4.041;1.5;0.858
16;5;123;2.06;0.0;-49;54;-33;-14;1.229;1.215;-0.014;327;17577;2;0.579;70.0;57.0;57.0;9.0;4.0;5.0;6.0;17.0;33.0;1.0;-4.0;-2.0;-8.0;1.0;5.0;-4.0;1.0;3.0;-3.0;8.707;14.182;21.955;8.505;10.165;16.54;16.0;1.155;0.976;1.399;6.0;2.646;4.0;9.0;5.571;2.82;3.0;10.0;6.429;2.623;3.0;11.0;7.095;12.381;24.576;2.887;1.0;-1.857;3.237;1.0;-2.786;5.117;2.0;-4.333;-14.0;5.0;-2.857;7.904;-14.0;8.0;-3.0;-14.0;1.685;5.7;-5.7;4.332;8.55;-16.0;-29.0;14.526;-1.5;0.0;2.0;1.155;-4.0;-9.0;4.583;0.5;-4.0;2.646;0.0;-5.0;3.606;2.5;0.853
17;8;131;2.18;-2.0;-53;72;-32;1;1.239;1.22;-0.019;334;17569;2;0.747;54.0;70.0;57.0;5.0;9.0;4.0;3.0;11.0;44.0;1.0;1.0;-4.0;-8.0;-1.0;-14.0;5.0;-4.0;-7.0;-5.0;3.32;11.509;22.591;9.866;9.335;16.853;22.0;0.0;1.069;1.46;7.333;2.082;5.0;9.0;6.286;2.69;3.0;10.0;6.214;2.326;3.0;10.0;6.557;12.549;24.272;3.464;1.0;-1.429;2.37;1.0;-3.071;5.121;2.0;-2.667;-14.0;5.0;-1.714;7.783;-14.0;8.0;-2.571;-14.0;1.265;0.1;-5.6;5.65;2.9;18.0;34.0;18.358;1.0;0.0;0.0;1.155;3.0;7.0;4.726;-0.5;3.0;2.082;-6.0;-6.0;5.508;-3.0;0.823
18;4;135;2.31;-6.0;-67;76;-30;2;1.249;1.211;-0.038;343;17565;2;0.849;72.0;54.0;70.0;8.0;5.0;9.0;10.0;7.0;51.0;-5.0;1.0;1.0;-1.0;-2.0;1.0;-14.0;5.0;8.0;-3.0;3.262;9.608;21.995;11.719;11.267;17.407;24.0;0.0;1.069;1.46;5.667;2.082;4.0;8.0;5.429;2.225;3.0;9.0;6.0;2.386;3.0;10.0;6.11;13.25;23.812;9.165;1.0;-3.714;6.317;1.0;-4.143;6.311;2.0;-3.667;-14.0;2.0;-2.571;6.803;-14.0;5.0;-2.214;-14.0;1.124;-5.7;-5.8;5.7;-2.8;4.0;-14.0;17.088;11.0;0.0;0.0;0.0;-4.0;-7.0;4.041;-0.5;-4.0;2.082;-12.0;-6.0;6.0;-9.0;0.82
19;8;143;2.44;-2.0;-74;65;-43;-12;1.259;1.235;-0.024;378;17557;2;0.944;76.0;72.0;54.0;4.0;8.0;5.0;3.0;8.0;59.0;-17.0;-5.0;1.0;0.0;0.0;2.0;1.0;-14.0;-9.0;-3.0;7.199;10.066;22.582;5.568;8.58;16.36;26.0;0.0;0.976;1.399;6.667;2.309;4.0;8.0;6.143;2.116;4.0;9.0;6.0;2.386;3.0;10.0;6.11;13.855;23.889;6.658;-5.0;-4.571;6.133;1.0;-4.571;6.211;2.0;-3.0;-12.0;2.0;-3.0;7.348;-14.0;5.0;-2.857;-14.0;1.534;14.3;20.0;10.29;4.3;-11.0;-15.0;14.503;-3.5;0.0;0.0;0.0;4.0;8.0;4.359;-0.0;4.0;2.309;11.0;23.0;11.93;-0.5;0.826
20;6;149;2.57;0.0;-74;73;-29;-7;1.272;1.26;-0.012;383;17551;2;1.033;65.0;76.0;72.0;8.0;4.0;8.0;5.0;9.0;68.0;-6.0;-17.0;-5.0;-2.0;2.0;-12.0;2.0;1.0;1.0;-4.0;14.3;12.645;24.428;5.686;8.401;15.509;27.0;0.0;0.756;1.267;6.0;2.0;4.0;8.0;6.286;2.059;4.0;9.0;5.786;2.225;3.0;10.0;7.024;14.08;24.378;8.622;0.0;-4.286;6.317;1.0;-4.714;6.069;1.0;-5.667;-12.0;2.0;-4.143;7.244;-14.0;5.0;-3.071;-14.0;1.562;14.3;0.0;11.547;14.3;8.0;19.0;10.017;-1.5;0.0;0.0;0.0;-2.0;-6.0;4.163;1.0;-2.0;2.0;6.0;-5.0;12.097;8.5;0.81
21;7;156;2.7;0.0;-80;52;-79;-30;1.294;1.315;0.021;387;17544;2;1.107;73.0;65.0;76.0;6.0;8.0;4.0;4.0;6.0;74.0;0.0;-6.0;-17.0;-4.0;0.0;-7.0;-12.0;2.0;-4.0;-6.0;10.304;13.823;25.954;10.599;9.504;13.333;34.0;0.0;0.0;1.038;7.0;1.0;6.0;8.0;6.714;1.799;4.0;9.0;5.857;2.248;3.0;10.0;6.506;13.758;25.034;3.464;0.0;-3.714;6.525;1.0;-4.714;6.069;1.0;-16.333;-30.0;-7.0;-7.857;12.158;-30.0;5.0;-4.786;-30.0;2.302;5.7;-8.6;4.965;10.0;-21.0;-29.0;14.731;-6.5;0.0;0.0;0.0;1.0;3.0;3.0;-0.5;1.0;1.0;0.0;-6.0;5.508;3.0;0.794
22;6;162;2.83;-8.0;-112;43;-120;-41;1.137;1.36;0.223;391;17538;2;1.07;52.0;73.0;65.0;7.0;6.0;8.0;9.0;4.0;78.0;0.0;0.0;-6.0;1.0;-17.0;-30.0;-7.0;-12.0;5.0;-4.0;8.707;12.666;22.523;15.395;12.589;12.333;38.0;1.155;0.756;1.267;6.333;0.577;6.0;7.0;6.286;1.496;4.0;8.0;6.0;2.184;3.0;10.0;6.506;13.985;25.455;13.279;0.0;-7.143;9.335;1.0;-5.143;7.124;1.0;-26.0;-41.0;-7.0;-14.429;15.904;-41.0;2.0;-7.429;-41.0;2.386;-17.1;-22.8;16.226;-5.7;-9.0;12.0;14.572;-15.0;-2.0;-2.0;1.155;-1.0;-2.0;1.528;0.0;-1.0;0.577;-23.0;-23.0;15.308;-11.5;0.76
23;41;203;2.96;-10.0;-149;55;-151;-31;1.337;1.386;0.049;394;17497;2;1.066;43.0;52.0;73.0;6.0;7.0;6.0;5.0;6.0;84.0;-23.0;0.0;0.0;1.0;-8.0;-41.0;-30.0;-7.0;-14.0;3.0;9.787;11.957;20.329;6.245;12.486;11.753;38.0;1.155;0.976;1.399;18.0;19.925;6.0;41.0;11.429;13.113;4.0;41.0;8.5;9.606;3.0;41.0;25.58;24.169;31.233;15.308;0.0;-11.429;11.588;0.0;-6.643;9.564;1.0;-34.0;-41.0;-30.0;-16.857;17.082;-41.0;2.0;-9.857;-41.0;1.871;0.3;17.4;11.915;-8.4;12.0;21.0;16.703;1.5;0.0;2.0;1.155;35.0;36.0;20.232;17.0;35.0;19.925;-6.0;17.0;11.93;-14.5;0.735
24;16;219;3.09;-9.0;-184;72;-167;-16;1.36;1.396;0.036;397;17481;2;1.09;55.0;43.0;52.0;41.0;6.0;7.0;8.0;3.0;87.0;-29.0;-23.0;0.0;-5.0;-8.0;-31.0;-41.0;-30.0;1.0;-7.0;5.054;11.267;17.999;14.572;12.486;10.74;43.0;0.0;1.069;1.46;21.0;18.028;6.0;41.0;12.571;13.113;4.0;41.0;9.429;9.661;3.0;41.0;29.4;31.805;36.739;3.0;-23.0;-14.429;12.34;0.0;-7.929;10.88;1.0;-29.333;-41.0;-16.0;-19.286;15.228;-41.0;2.0;-10.5;-41.0;1.549;8.6;8.3;13.116;4.45;17.0;5.0;13.796;14.5;0.0;0.0;1.155;-25.0;-60.0;30.199;5.0;-25.0;18.028;3.0;9.0;13.204;-1.5;0.722
25;21;240;3.22;-7.0;-216;94;-164;4;1.382;1.389;0.007;400;17460;2;1.091;72.0;55.0;43.0;16.0;41.0;6.0;4.0;10.0;97.0;-26.0;-29.0;-23.0;-17.0;-1.0;-16.0;-31.0;-41.0;2.0;8.0;10.137;9.069;17.815;19.553;16.866;13.885;43.0;0.0;1.069;1.46;26.0;13.229;16.0;41.0;15.0;12.832;6.0;41.0;10.214;10.146;3.0;41.0;18.556;38.426;43.36;4.041;-21.0;-15.0;12.57;0.0;-9.357;11.209;1.0;-14.333;-31.0;4.0;-19.0;15.706;-41.0;4.0;-10.786;-41.0;1.31;11.6;3.0;5.853;10.1;22.0;5.0;5.0;19.5;0.0;0.0;0.0;5.0;30.0;30.0;-10.0;5.0;13.229;5.0;2.0;5.859;4.0;0.716
26;6;246;3.35;-3.0;-237;103;-153;11;1.405;1.387;-0.018;402;17454;2;1.137;94.0;72.0;55.0;21.0;16.0;41.0;8.0;3.0;100.0;-21.0;-26.0;-29.0;-6.0;0.0;4.0;-16.0;-31.0;-12.0;-9.0;14.543;13.129;19.61;15.948;22.194;16.449;43.0;0.0;0.976;1.399;14.333;7.638;6.0;21.0;14.714;13.035;6.0;41.0;10.429;10.013;4.0;41.0;14.177;40.779;47.863;8.185;-10.0;-15.571;12.177;0.0;-10.071;10.88;1.0;-0.333;-16.0;11.0;-15.714;19.388;-41.0;11.0;-9.357;-41.0;1.363;17.3;5.7;4.419;14.45;9.0;-13.0;6.557;15.5;0.0;0.0;0.0;-15.0;-20.0;15.275;-5.0;-15.0;7.638;11.0;6.0;4.163;8.0;0.72
27;4;250;3.4;0.0;-248;78;-169;-16;1.426;1.42;-0.006;404;17450;2;1.151;103.0;94.0;72.0;6.0;21.0;16.0;6.0;5.0;105.0;-10.0;-21.0;-26.0;0.0;-2.0;11.0;4.0;-16.0;-7.0;1.0;15.824;19.432;22.38;12.662;22.376;16.389;43.0;0.0;0.756;1.267;10.333;9.292;4.0;21.0;14.429;13.277;4.0;41.0;10.357;10.058;4.0;41.0;5.033;39.032;50.668;10.017;-1.0;-15.714;11.968;0.0;-10.0;10.94;1.0;-0.333;-16.0;11.0;-17.0;19.009;-41.0;11.0;-10.571;-41.0;1.983;14.3;-3.0;2.851;15.8;-25.0;-34.0;24.269;-8.0;0.0;0.0;0.0;-2.0;13.0;10.149;-8.5;-2.0;9.292;9.0;-2.0;3.055;10.0;0.721
28;5;255;3.61;-2.0;-260;128;-135;33;1.446;1.404;-0.042;405;17445;2;1.166;78.0;103.0;94.0;4.0;6.0;21.0;7.0;4.0;109.0;-1.0;-10.0;-21.0;0.0;-4.0;-16.0;11.0;4.0;-30.0;-4.0;9.208;23.497;24.032;25.0;29.06;22.342;43.0;0.0;0.0;1.038;5.0;1.0;4.0;6.0;14.143;13.484;4.0;41.0;10.429;10.013;4.0;41.0;4.509;33.367;52.089;4.583;-1.0;-16.286;11.161;-1.0;-10.0;10.94;1.0;9.333;-16.0;33.0;-8.0;25.599;-41.0;33.0;-7.929;-41.0;1.231;2.9;-11.4;7.597;8.6;50.0;75.0;37.554;12.5;0.0;0.0;0.0;1.0;3.0;8.505;-0.5;1.0;1.0;-3.0;-12.0;7.572;3.0;0.704
29;3;258;3.74;-2.0;-277;116;-115;20;1.47;1.405;-0.065;406;17442;2;1.172;128.0;78.0;103.0;5.0;4.0;6.0;6.0;9.0;118.0;-4.0;-1.0;-10.0;-23.0;1.0;33.0;-16.0;11.0;-41.0;5.0;4.43;23.973;26.134;26.102;25.695;24.95;43.0;0.0;0.0;1.027;4.0;1.0;3.0;5.0;13.714;13.829;3.0;41.0;10.0;10.206;3.0;41.0;4.041;20.345;52.56;2.082;-1.0;-13.714;11.427;-1.0;-10.429;10.588;1.0;12.333;-16.0;33.0;0.714;22.714;-31.0;33.0;-6.857;-41.0;1.409;5.8;2.9;5.925;4.35;-12.0;-62.0;40.079;19.0;0.0;0.0;0.0;-2.0;-3.0;1.732;-0.5;-2.0;1.0;-1.0;2.0;6.429;-2.0;0.712
30;8;266;3.87;0.0;-288;86;-126;-11;1.491;1.434;-0.057;407;17434;2;1.215;116.0;128.0;78.0;3.0;5.0;4.0;41.0;5.0;123.0;-5.0;-4.0;-1.0;-29.0;1.0;20.0;33.0;-16.0;-31.0;-14.0;7.298;22.137;28.484;21.633;20.304;24.111;43.0;0.0;0.0;0.994;5.333;2.517;3.0;8.0;9.0;6.831;3.0;21.0;10.214;10.124;3.0;41.0;5.686;15.196;52.282;2.082;-1.0;-9.714;9.995;-1.0;-10.571;10.435;0.0;14.0;-11.0;33.0;3.571;19.016;-16.0;33.0;-6.643;-41.0;2.001;8.7;2.9;2.9;7.25;-30.0;-18.0;41.968;-21.0;0.0;0.0;0.0;5.0;7.0;3.512;1.5;5.0;2.517;4.0;5.0;3.606;1.5;0.712
31;5;271;4.0;0.0;-296;91;-133;-7;1.511;1.459;-0.052;408;17429;2;1.22;86.0;116.0;128.0;8.0;3.0;5.0;16.0;8.0;131.0;-1.0;-5.0;-4.0;-26.0;-5.0;-11.0;20.0;33.0;-16.0;1.0;7.298;18.808;30.134;16.073;17.53;24.191;43.0;0.0;0.0;0.938;5.333;2.517;3.0;8.0;7.429;6.188;3.0;21.0;10.0;10.206;3.0;41.0;6.557;10.931;51.257;2.646;0.0;-6.0;7.439;0.0;-10.214;10.721;0.0;0.667;-11.0;20.0;4.857;17.733;-16.0;33.0;-7.214;-41.0;1.955;5.8;-2.9;1.674;7.25;5.0;35.0;17.502;-12.5;0.0;0.0;0.0;-3.0;-8.0;4.359;1.0;-3.0;2.517;1.0;-3.0;2.517;2.5;0.697
32;9;280;4.13;0.0;-309;99;-132;0;1.534;1.479;-0.055;408;17420;2;1.211;91.0;86.0;116.0;5.0;8.0;3.0;21.0;4.0;135.0;0.0;-1.0;-5.0;-21.0;-17.0;-7.0;-11.0;20.0;4.0;2.0;5.8;14.895;30.305;6.557;17.373;24.613;43.0;0.0;0.0;0.852;7.333;2.082;5.0;9.0;5.714;2.138;3.0;9.0;10.357;10.066;3.0;41.0;7.095;12.089;49.349;1.0;1.0;-2.857;3.805;1.0;-8.929;10.923;1.0;-6.0;-11.0;0.0;4.286;17.83;-16.0;33.0;-7.357;-41.0;1.856;5.8;-0.0;1.674;5.8;8.0;3.0;21.127;6.5;0.0;0.0;0.0;4.0;7.0;4.359;0.5;4.0;2.082;1.0;0.0;1.732;1.0;0.685
33;14;294;4.26;0.0;-324;101;-131;1;1.556;1.497;-0.059;408;17406;2;1.235;99.0;91.0;86.0;9.0;5.0;8.0;6.0;8.0;143.0;1.0;0.0;-1.0;-10.0;-6.0;0.0;-7.0;-11.0;11.0;-12.0;4.474;12.646;30.899;5.292;17.334;24.525;43.0;0.0;0.0;0.726;9.333;4.509;5.0;14.0;6.857;3.805;3.0;14.0;10.786;10.086;3.0;41.0;11.59;15.413;47.385;1.0;1.0;-1.571;2.149;1.0;-8.571;11.106;1.0;-2.0;-7.0;1.0;2.857;17.601;-16.0;33.0;-6.429;-41.0;1.849;3.0;-2.8;1.617;4.4;2.0;-6.0;3.0;5.0;0.0;0.0;0.0;5.0;1.0;4.359;4.5;5.0;4.509;-2.0;-3.0;1.732;-0.5;0.676
34;1;295;4.39;0.0;-330;99;-134;-2;1.578;1.518;-0.06;407;17405;2;1.26;101.0;99.0;91.0;14.0;9.0;5.0;4.0;6.0;149.0;-1.0;1.0;0.0;-1.0;0.0;1.0;0.0;-7.0;-16.0;-7.0;4.474;12.66;32.21;1.155;14.508;24.525;43.0;0.0;0.0;0.535;8.0;6.557;1.0;14.0;6.429;4.315;1.0;14.0;10.429;10.353;1.0;41.0;8.386;16.16;43.611;1.155;1.0;-1.571;2.149;1.0;-8.643;11.05;1.0;-0.333;-2.0;1.0;4.857;15.805;-11.0;33.0;-6.071;-41.0;1.944;5.8;2.8;1.617;4.4;-2.0;-4.0;5.033;0.0;0.0;0.0;0.0;-13.0;-18.0;10.116;-4.0;-13.0;6.557;0.0;2.0;1.528;-1.0;0.668
35;0;295;4.52;0.0;-352;247;12;146;1.6;1.444;-0.156;406;17405;2;1.315;99.0;101.0;99.0;1.0;14.0;9.0;5.0;7.0;156.0;-1.0;-1.0;1.0;-4.0;0.0;-2.0;1.0;0.0;33.0;-30.0;5.75;11.961;33.487;84.876;56.84;47.641;43.0;0.0;0.0;0.0;5.0;7.81;0.0;14.0;5.714;4.957;0.0;14.0;9.929;10.695;0.0;41.0;0.577;15.313;37.845;0.577;0.0;-1.0;1.915;1.0;-8.643;11.05;1.0;48.333;-2.0;146.0;21.0;55.982;-11.0;146.0;6.5;-41.0;0.802;5.7;-0.1;1.589;5.75;148.0;150.0;85.471;73.0;0.0;0.0;0.0;-1.0;12.0;9.165;-7.0;-1.0;7.81;1.0;1.0;1.528;0.5;0.659
1;16;16;0.1;3.0;7;22;13;8;0.321;0.362;0.041;0;17684;3;0.362;22.0;22.0;22.0;16.0;16.0;16.0;16.0;16.0;16.0;7.0;7.0;7.0;7.0;7.0;8.0;8.0;8.0;8.0;8.0;1.98;1.98;1.98;5.657;5.657;5.657;22.0;0.0;0.0;0.0;16.0;0.707;16.0;16.0;16.0;0.707;16.0;16.0;16.0;0.707;16.0;16.0;12.021;12.021;12.021;4.243;7.0;7.0;4.243;7.0;7.0;4.243;7.0;8.0;8.0;8.0;8.0;7.778;8.0;8.0;8.0;8.0;1.155;-2.8;5.7;4.031;0.05;-8.0;10.0;7.071;-3.0;0.0;0.0;0.0;1.0;-7.0;4.95;-2.5;-6.0;4.243;-6.0;4.0;2.828;-4.0;2.762
2;17;33;0.23;0.0;8;14;10;-3;0.549;0.578;0.029;0;17667;3;0.362;22.0;22.0;22.0;16.0;16.0;16.0;16.0;16.0;16.0;7.0;7.0;7.0;7.0;7.0;8.0;8.0;8.0;8.0;8.0;1.98;1.98;1.98;5.657;5.657;5.657;14.0;0.0;0.0;0.0;16.5;0.707;16.0;17.0;16.5;0.707;16.0;17.0;16.5;0.707;16.0;17.0;12.021;12.021;12.021;4.243;7.0;4.0;4.243;7.0;4.0;4.243;7.0;2.5;-3.0;8.0;2.5;7.778;-3.0;8.0;2.5;-3.0;1.614;-2.8;5.7;4.031;0.05;-8.0;10.0;7.071;-3.0;0.0;0.0;0.0;1.0;-7.0;4.95;-2.5;-6.0;4.243;-6.0;4.0;2.828;-4.0;2.762
3;11;44;0.36;0.0;8;16;5;-5;0.711;0.751;0.04;0;17656;3;0.362;14.0;22.0;22.0;17.0;16.0;16.0;16.0;16.0;16.0;1.0;7.0;7.0;7.0;7.0;-3.0;8.0;8.0;8.0;8.0;1.646;1.646;1.646;4.163;4.163;4.163;14.0;0.0;0.0;0.0;14.667;3.215;11.0;17.0;14.667;3.215;11.0;17.0;14.667;3.215;11.0;17.0;14.107;14.107;14.107;4.163;7.0;2.333;4.163;7.0;2.333;4.163;7.0;0.0;-5.0;8.0;0.0;7.0;-5.0;8.0;0.0;-5.0;1.594;2.9;5.7;4.031;0.05;2.0;10.0;7.071;-3.0;0.0;0.0;0.0;-6.0;-7.0;4.95;-2.5;-6.0;4.243;-2.0;4.0;2.828;-4.0;1.73
4;7;51;0.49;-1.0;6;22;3;-3;0.826;0.85;0.024;0;17649;3;0.362;16.0;14.0;22.0;11.0;17.0;16.0;16.0;16.0;16.0;-1.0;1.0;7.0;7.0;7.0;-5.0;-3.0;8.0;8.0;8.0;2.85;2.327;2.327;4.163;4.123;4.123;14.0;0.0;0.0;0.0;11.667;5.033;7.0;17.0;12.75;4.646;7.0;17.0;12.75;4.646;7.0;17.0;9.074;15.253;15.253;1.528;1.0;1.25;4.031;7.0;1.25;4.031;7.0;-3.667;-5.0;-3.0;-0.75;5.909;-5.0;8.0;-0.75;-5.0;1.286;2.8;-0.1;3.262;2.85;6.0;4.0;7.211;4.0;0.0;0.0;0.0;-4.0;2.0;3.606;-5.0;-4.0;5.033;-1.0;1.0;2.646;-1.5;1.332
5;8;59;0.62;0.0;5;24;0;-3;0.914;0.944;0.03;0;17641;3;0.362;22.0;16.0;14.0;7.0;11.0;17.0;16.0;16.0;16.0;-2.0;-1.0;1.0;7.0;7.0;-3.0;-5.0;-3.0;8.0;8.0;4.332;4.322;4.322;4.163;4.336;4.336;14.0;0.0;0.0;0.0;8.667;2.082;7.0;11.0;11.8;4.55;7.0;17.0;11.8;4.55;7.0;17.0;7.506;16.742;16.742;1.0;0.0;1.0;3.536;7.0;1.0;3.536;7.0;-3.667;-5.0;-3.0;-1.2;5.215;-5.0;8.0;-1.2;-5.0;1.417;5.7;2.9;1.646;4.25;2.0;-4.0;2.309;4.0;0.0;0.0;0.0;1.0;5.0;3.606;-1.5;1.0;2.082;2.0;3.0;2.082;0.5;1.176
6;9;68;0.75;1.0;6;26;-4;-4;0.979;1.035;0.056;0;17632;3;0.362;24.0;22.0;16.0;8.0;7.0;11.0;16.0;16.0;16.0;0.0;-2.0;-1.0;7.0;7.0;-3.0;-3.0;-5.0;8.0;8.0;5.7;6.415;6.415;2.0;4.676;4.676;14.0;0.0;0.0;0.0;8.0;1.0;7.0;9.0;11.333;4.227;7.0;17.0;11.333;4.227;7.0;17.0;8.505;18.691;18.691;2.0;2.0;1.167;3.189;7.0;1.167;3.189;7.0;-3.333;-4.0;-3.0;-1.667;4.803;-5.0;8.0;-1.667;-5.0;1.527;5.7;0.0;1.674;5.7;2.0;0.0;2.309;2.0;0.0;0.0;0.0;1.0;0.0;2.887;1.0;1.0;1.0;2.0;0.0;1.732;2.0;1.059
7;6;74;0.68;0.0;8;27;-8;-6;1.029;1.107;0.078;270;17626;3;0.362;26.0;24.0;22.0;9.0;8.0;7.0;16.0;16.0;16.0;2.0;0.0;-2.0;7.0;7.0;-4.0;-3.0;-3.0;8.0;8.0;4.375;7.73;7.73;1.528;4.894;4.894;14.0;0.0;0.0;0.0;7.667;1.528;6.0;9.0;10.571;4.353;6.0;17.0;10.571;4.353;6.0;17.0;7.55;20.246;20.246;1.155;2.0;1.0;2.944;7.0;1.0;2.944;7.0;-4.333;-6.0;-3.0;-2.286;4.68;-6.0;8.0;-2.286;-6.0;1.578;2.9;-2.8;1.617;4.3;1.0;-1.0;0.577;1.5;0.0;0.0;0.0;-3.0;-4.0;2.309;-1.0;-3.0;1.528;-2.0;-4.0;2.309;0.0;0.966
8;4;78;1.01;-6.0;-13;34;-14;-4;1.068;1.072;0.004;268;17622;3;0.362;27.0;26.0;24.0;6.0;9.0;8.0;16.0;16.0;16.0;0.0;2.0;0.0;7.0;7.0;-6.0;-4.0;-3.0;8.0;8.0;7.503;7.435;7.223;4.359;6.8;6.312;14.0;1.155;0.756;0.707;6.333;2.517;4.0;9.0;8.857;4.22;4.0;17.0;9.75;4.652;4.0;17.0;5.033;16.466;21.317;10.44;2.0;-2.429;6.554;2.0;-1.25;6.923;7.0;-4.667;-6.0;-4.0;-4.0;1.155;-6.0;-3.0;-2.5;-6.0;0.835;-14.2;-17.1;10.772;-5.65;7.0;6.0;3.215;4.0;-2.0;-2.0;1.155;-2.0;1.0;2.082;-2.5;-2.0;2.517;-17.0;-15.0;10.017;-9.5;0.903
9;6;84;1.14;-3.0;-20;44;-11;3;1.099;1.066;-0.033;274;17616;3;0.362;34.0;27.0;26.0;4.0;6.0;9.0;17.0;16.0;16.0;-17.0;0.0;2.0;1.0;7.0;-4.0;-6.0;-4.0;-3.0;8.0;9.115;7.827;8.324;8.544;9.053;9.126;14.0;1.155;0.976;0.882;5.333;1.155;4.0;6.0;7.286;2.289;4.0;11.0;9.333;4.528;4.0;17.0;5.033;14.673;22.478;8.505;0.0;-3.714;6.651;2.0;-2.0;6.856;7.0;-2.333;-6.0;3.0;-3.143;2.911;-6.0;3.0;-1.889;-6.0;1.032;17.0;31.2;15.624;1.4;10.0;3.0;4.583;8.5;0.0;2.0;1.155;2.0;4.0;2.646;-0.0;2.0;1.155;9.0;26.0;13.051;-4.0;0.933
10;3;87;1.27;-3.0;-32;38;-18;-7;1.129;1.09;-0.039;281;17613;3;0.362;44.0;34.0;27.0;6.0;4.0;6.0;11.0;16.0;16.0;-8.0;-17.0;0.0;-1.0;7.0;3.0;-4.0;-6.0;-5.0;8.0;10.75;8.032;9.315;5.033;8.139;9.476;14.0;0.0;1.069;0.966;4.333;1.528;3.0;6.0;6.143;2.116;3.0;9.0;8.7;4.715;3.0;17.0;4.583;13.126;23.306;5.196;-8.0;-4.714;6.701;2.0;-2.6;6.736;7.0;-2.667;-7.0;3.0;-3.429;3.207;-7.0;3.0;-2.4;-7.0;1.271;2.9;-14.1;15.624;9.95;-6.0;-16.0;8.505;2.0;0.0;0.0;1.155;-3.0;-5.0;2.646;-0.5;-3.0;1.528;0.0;-9.0;13.204;4.5;0.938
11;10;97;1.4;0.0;-32;57;-11;8;1.149;1.092;-0.057;289;17603;3;0.362;38.0;44.0;34.0;3.0;6.0;4.0;7.0;16.0;16.0;-8.0;-8.0;-17.0;-2.0;7.0;-7.0;3.0;-4.0;-3.0;8.0;9.151;10.949;12.322;9.713;11.814;12.817;14.0;0.0;1.069;1.009;6.333;3.512;3.0;10.0;6.571;2.573;3.0;10.0;8.818;4.49;3.0;17.0;6.807;12.615;24.847;4.041;-1.0;-4.571;6.779;2.0;-2.455;6.409;7.0;1.333;-7.0;8.0;-1.857;5.398;-7.0;8.0;-1.455;-7.0;1.096;14.2;11.3;7.465;8.55;19.0;25.0;12.662;6.5;0.0;0.0;0.0;7.0;10.0;5.0;2.0;7.0;3.512;7.0;7.0;4.726;3.5;0.917
12;3;100;1.53;0.0;-35;45;-20;-9;1.169;1.138;-0.031;297;17600;3;0.362;57.0;38.0;44.0;10.0;3.0;6.0;8.0;16.0;16.0;-1.0;-8.0;-8.0;0.0;7.0;8.0;-7.0;3.0;-3.0;8.0;10.248;13.585;14.873;9.609;10.981;13.018;14.0;0.0;0.976;1.03;5.333;4.041;3.0;10.0;5.857;2.795;3.0;10.0;8.333;4.599;3.0;17.0;6.807;11.733;26.009;4.359;0.0;-4.571;6.779;2.0;-2.25;6.151;7.0;-2.667;-9.0;8.0;-2.714;6.047;-9.0;8.0;-2.083;-9.0;1.516;5.7;-8.5;5.885;9.95;-12.0;-31.0;16.442;3.5;0.0;0.0;0.0;-7.0;-14.0;7.211;0.0;-7.0;4.041;1.0;-6.0;3.786;4.0;0.916
13;5;105;1.68;-1.0;-42;57;-21;1;1.186;1.151;-0.035;305;17595;3;0.362;45.0;57.0;38.0;3.0;10.0;3.0;9.0;16.0;16.0;0.0;-1.0;-8.0;2.0;7.0;-9.0;8.0;-7.0;-4.0;8.0;4.332;15.467;16.743;6.928;11.246;14.435;14.0;0.0;0.756;1.038;6.0;3.606;3.0;10.0;5.286;2.43;3.0;10.0;8.077;4.499;3.0;17.0;4.041;11.658;27.158;1.0;0.0;-5.143;6.283;0.0;-2.231;5.89;7.0;0.0;-9.0;8.0;-2.0;6.164;-9.0;8.0;-1.846;-9.0;1.246;2.8;-2.9;5.925;4.25;12.0;24.0;16.258;-0.0;0.0;0.0;0.0;2.0;9.0;7.095;-2.5;2.0;3.606;-2.0;-3.0;4.583;-0.5;0.879
14;4;109;1.79;-1.0;-52;57;-25;-4;1.208;1.167;-0.041;313;17591;3;0.362;57.0;45.0;57.0;5.0;3.0;10.0;6.0;16.0;16.0;-2.0;0.0;-1.0;0.0;7.0;1.0;-9.0;8.0;-6.0;8.0;2.85;16.66;18.246;6.928;9.676;15.306;14.0;0.0;0.0;1.038;4.0;1.0;3.0;5.0;5.0;2.449;3.0;10.0;7.786;4.458;3.0;17.0;4.509;11.514;28.206;2.0;0.0;-5.714;5.908;0.0;-2.357;5.679;7.0;-4.0;-9.0;1.0;-1.714;5.992;-9.0;8.0;-2.0;-9.0;1.296;2.9;0.1;1.646;2.85;0.0;-12.0;12.0;6.0;0.0;0.0;0.0;-1.0;-3.0;4.583;0.5;-1.0;1.0;-2.0;0.0;1.732;-2.0;0.869
15;9;118;1.92;0.0;-51;70;-20;5;1.219;1.172;-0.047;320;17582;3;0.362;57.0;57.0;45.0;4.0;5.0;3.0;4.0;16.0;16.0;-4.0;-2.0;0.0;-17.0;7.0;-4.0;1.0;-9.0;-4.0;8.0;7.559;14.182;20.443;7.506;10.845;17.508;14.0;1.155;0.756;1.267;6.0;2.646;4.0;9.0;5.714;2.812;3.0;10.0;7.286;3.811;3.0;17.0;6.658;12.0;25.755;2.517;1.0;-3.143;3.671;1.0;-2.786;5.117;2.0;0.667;-4.0;5.0;-0.429;6.373;-9.0;8.0;-2.214;-9.0;1.219;11.4;8.5;4.937;7.15;13.0;13.0;7.234;6.5;-2.0;-2.0;1.155;5.0;6.0;3.0;2.0;5.0;2.646;5.0;7.0;4.041;1.5;0.857
16;5;123;2.06;0.0;-49;54;-33;-14;1.229;1.215;-0.014;327;17577;3;0.578;70.0;57.0;57.0;9.0;4.0;5.0;6.0;17.0;33.0;1.0;-4.0;-2.0;-8.0;1.0;5.0;-4.0;1.0;3.0;-3.0;8.707;14.182;21.955;8.505;10.165;16.54;16.0;1.155;0.976;1.399;6.0;2.646;4.0;9.0;5.571;2.82;3.0;10.0;6.429;2.623;3.0;11.0;7.095;12.381;24.576;2.887;1.0;-1.857;3.237;1.0;-2.786;5.117;2.0;-4.333;-14.0;5.0;-2.857;7.904;-14.0;8.0;-3.0;-14.0;1.685;5.7;-5.7;4.332;8.55;-16.0;-29.0;14.526;-1.5;0.0;2.0;1.155;-4.0;-9.0;4.583;0.5;-4.0;2.646;0.0;-5.0;3.606;2.5;0.853
17;8;131;2.18;-2.0;-53;72;-32;1;1.239;1.22;-0.019;334;17569;3;0.751;54.0;70.0;57.0;5.0;9.0;4.0;3.0;11.0;44.0;1.0;1.0;-4.0;-8.0;-1.0;-14.0;5.0;-4.0;-7.0;-5.0;3.32;11.509;22.591;9.866;9.335;16.853;22.0;0.0;1.069;1.46;7.333;2.082;5.0;9.0;6.286;2.69;3.0;10.0;6.214;2.326;3.0;10.0;6.557;12.549;24.272;3.464;1.0;-1.429;2.37;1.0;-3.071;5.121;2.0;-2.667;-14.0;5.0;-1.714;7.783;-14.0;8.0;-2.571;-14.0;1.265;0.1;-5.6;5.65;2.9;18.0;34.0;18.358;1.0;0.0;0.0;1.155;3.0;7.0;4.726;-0.5;3.0;2.082;-6.0;-6.0;5.508;-3.0;0.823
18;4;135;2.31;-6.0;-67;76;-30;2;1.249;1.211;-0.038;343;17565;3;0.85;72.0;54.0;70.0;8.0;5.0;9.0;10.0;7.0;51.0;-5.0;1.0;1.0;-1.0;-2.0;1.0;-14.0;5.0;8.0;-3.0;3.262;9.608;21.995;11.719;11.267;17.407;24.0;0.0;1.069;1.46;5.667;2.082;4.0;8.0;5.429;2.225;3.0;9.0;6.0;2.386;3.0;10.0;6.11;13.25;23.812;9.165;1.0;-3.714;6.317;1.0;-4.143;6.311;2.0;-3.667;-14.0;2.0;-2.571;6.803;-14.0;5.0;-2.214;-14.0;1.124;-5.7;-5.8;5.7;-2.8;4.0;-14.0;17.088;11.0;0.0;0.0;0.0;-4.0;-7.0;4.041;-0.5;-4.0;2.082;-12.0;-6.0;6.0;-9.0;0.82
19;8;143;2.44;-2.0;-74;65;-43;-12;1.259;1.235;-0.024;378;17557;3;0.944;76.0;72.0;54.0;4.0;8.0;5.0;3.0;8.0;59.0;-17.0;-5.0;1.0;0.0;0.0;2.0;1.0;-14.0;-9.0;-3.0;7.199;10.066;22.582;5.568;8.58;16.36;26.0;0.0;0.976;1.399;6.667;2.309;4.0;8.0;6.143;2.116;4.0;9.0;6.0;2.386;3.0;10.0;6.11;13.855;23.889;6.658;-5.0;-4.571;6.133;1.0;-4.571;6.211;2.0;-3.0;-12.0;2.0;-3.0;7.348;-14.0;5.0;-2.857;-14.0;1.534;14.3;20.0;10.29;4.3;-11.0;-15.0;14.503;-3.5;0.0;0.0;0.0;4.0;8.0;4.359;-0.0;4.0;2.309;11.0;23.0;11.93;-0.5;0.826
20;6;149;2.57;0.0;-74;73;-29;-7;1.272;1.26;-0.012;383;17551;3;1.035;65.0;76.0;72.0;8.0;4.0;8.0;5.0;9.0;68.0;-6.0;-17.0;-5.0;-2.0;2.0;-12.0;2.0;1.0;1.0;-4.0;14.3;12.645;24.428;5.686;8.401;15.509;27.0;0.0;0.756;1.267;6.0;2.0;4.0;8.0;6.286;2.059;4.0;9.0;5.786;2.225;3.0;10.0;7.024;14.08;24.378;8.622;0.0;-4.286;6.317;1.0;-4.714;6.069;1.0;-5.667;-12.0;2.0;-4.143;7.244;-14.0;5.0;-3.071;-14.0;1.562;14.3;0.0;11.547;14.3;8.0;19.0;10.017;-1.5;0.0;0.0;0.0;-2.0;-6.0;4.163;1.0;-2.0;2.0;6.0;-5.0;12.097;8.5;0.81
21;7;156;2.7;0.0;-80;52;-79;-30;1.294;1.315;0.021;387;17544;3;1.107;73.0;65.0;76.0;6.0;8.0;4.0;4.0;6.0;74.0;0.0;-6.0;-17.0;-4.0;0.0;-7.0;-12.0;2.0;-4.0;-6.0;10.304;13.823;25.954;10.599;9.504;13.333;34.0;0.0;0.0;1.038;7.0;1.0;6.0;8.0;6.714;1.799;4.0;9.0;5.857;2.248;3.0;10.0;6.506;13.758;25.034;3.464;0.0;-3.714;6.525;1.0;-4.714;6.069;1.0;-16.333;-30.0;-7.0;-7.857;12.158;-30.0;5.0;-4.786;-30.0;2.302;5.7;-8.6;4.965;10.0;-21.0;-29.0;14.731;-6.5;0.0;0.0;0.0;1.0;3.0;3.0;-0.5;1.0;1.0;0.0;-6.0;5.508;3.0;0.794
22;6;162;2.83;-8.0;-112;43;-120;-41;1.137;1.36;0.223;391;17538;3;1.072;52.0;73.0;65.0;7.0;6.0;8.0;9.0;4.0;78.0;0.0;0.0;-6.0;1.0;-17.0;-30.0;-7.0;-12.0;5.0;-4.0;8.707;12.666;22.523;15.395;12.589;12.333;38.0;1.155;0.756;1.267;6.333;0.577;6.0;7.0;6.286;1.496;4.0;8.0;6.0;2.184;3.0;10.0;6.506;13.985;25.455;13.279;0.0;-7.143;9.335;1.0;-5.143;7.124;1.0;-26.0;-41.0;-7.0;-14.429;15.904;-41.0;2.0;-7.429;-41.0;2.386;-17.1;-22.8;16.226;-5.7;-9.0;12.0;14.572;-15.0;-2.0;-2.0;1.155;-1.0;-2.0;1.528;0.0;-1.0;0.577;-23.0;-23.0;15.308;-11.5;0.76
23;41;203;2.96;-10.0;-149;55;-151;-31;1.337;1.385;0.048;394;17497;3;1.066;43.0;52.0;73.0;6.0;7.0;6.0;5.0;6.0;84.0;-23.0;0.0;0.0;1.0;-8.0;-41.0;-30.0;-7.0;-14.0;3.0;9.787;11.957;20.329;6.245;12.486;11.753;38.0;1.155;0.976;1.399;18.0;19.925;6.0;41.0;11.429;13.113;4.0;41.0;8.5;9.606;3.0;41.0;25.58;24.169;31.233;15.308;0.0;-11.429;11.588;0.0;-6.643;9.564;1.0;-34.0;-41.0;-30.0;-16.857;17.082;-41.0;2.0;-9.857;-41.0;1.871;0.3;17.4;11.915;-8.4;12.0;21.0;16.703;1.5;0.0;2.0;1.155;35.0;36.0;20.232;17.0;35.0;19.925;-6.0;17.0;11.93;-14.5;0.735
24;16;219;3.09;-9.0;-184;72;-167;-16;1.36;1.396;0.036;397;17481;3;1.09;55.0;43.0;52.0;41.0;6.0;7.0;8.0;3.0;87.0;-29.0;-23.0;0.0;-5.0;-8.0;-31.0;-41.0;-30.0;1.0;-7.0;5.054;11.267;17.999;14.572;12.486;10.74;43.0;0.0;1.069;1.46;21.0;18.028;6.0;41.0;12.571;13.113;4.0;41.0;9.429;9.661;3.0;41.0;29.4;31.805;36.739;3.0;-23.0;-14.429;12.34;0.0;-7.929;10.88;1.0;-29.333;-41.0;-16.0;-19.286;15.228;-41.0;2.0;-10.5;-41.0;1.549;8.6;8.3;13.116;4.45;17.0;5.0;13.796;14.5;0.0;0.0;1.155;-25.0;-60.0;30.199;5.0;-25.0;18.028;3.0;9.0;13.204;-1.5;0.722
25;21;240;3.22;-7.0;-216;94;-164;4;1.382;1.389;0.007;400;17460;3;1.092;72.0;55.0;43.0;16.0;41.0;6.0;4.0;10.0;97.0;-26.0;-29.0;-23.0;-17.0;-1.0;-16.0;-31.0;-41.0;2.0;8.0;10.137;9.069;17.815;19.553;16.866;13.885;43.0;0.0;1.069;1.46;26.0;13.229;16.0;41.0;15.0;12.832;6.0;41.0;10.214;10.146;3.0;41.0;18.556;38.426;43.36;4.041;-21.0;-15.0;12.57;0.0;-9.357;11.209;1.0;-14.333;-31.0;4.0;-19.0;15.706;-41.0;4.0;-10.786;-41.0;1.31;11.6;3.0;5.853;10.1;22.0;5.0;5.0;19.5;0.0;0.0;0.0;5.0;30.0;30.0;-10.0;5.0;13.229;5.0;2.0;5.859;4.0;0.716
26;6;246;3.35;-3.0;-237;103;-153;11;1.405;1.388;-0.017;402;17454;3;1.138;94.0;72.0;55.0;21.0;16.0;41.0;8.0;3.0;100.0;-21.0;-26.0;-29.0;-6.0;0.0;4.0;-16.0;-31.0;-12.0;-9.0;14.543;13.129;19.61;15.948;22.194;16.449;43.0;0.0;0.976;1.399;14.333;7.638;6.0;21.0;14.714;13.035;6.0;41.0;10.429;10.013;4.0;41.0;14.177;40.779;47.863;8.185;-10.0;-15.571;12.177;0.0;-10.071;10.88;1.0;-0.333;-16.0;11.0;-15.714;19.388;-41.0;11.0;-9.357;-41.0;1.363;17.3;5.7;4.419;14.45;9.0;-13.0;6.557;15.5;0.0;0.0;0.0;-15.0;-20.0;15.275;-5.0;-15.0;7.638;11.0;6.0;4.163;8.0;0.72
27;4;250;3.4;0.0;-248;78;-169;-16;1.426;1.42;-0.006;404;17450;3;1.151;103.0;94.0;72.0;6.0;21.0;16.0;6.0;5.0;105.0;-10.0;-21.0;-26.0;0.0;-2.0;11.0;4.0;-16.0;-7.0;1.0;15.824;19.432;22.38;12.662;22.376;16.389;43.0;0.0;0.756;1.267;10.333;9.292;4.0;21.0;14.429;13.277;4.0;41.0;10.357;10.058;4.0;41.0;5.033;39.032;50.668;10.017;-1.0;-15.714;11.968;0.0;-10.0;10.94;1.0;-0.333;-16.0;11.0;-17.0;19.009;-41.0;11.0;-10.571;-41.0;1.983;14.3;-3.0;2.851;15.8;-25.0;-34.0;24.269;-8.0;0.0;0.0;0.0;-2.0;13.0;10.149;-8.5;-2.0;9.292;9.0;-2.0;3.055;10.0;0.72
28;5;255;3.61;-2.0;-260;128;-135;33;1.446;1.404;-0.042;405;17445;3;1.167;78.0;103.0;94.0;4.0;6.0;21.0;7.0;4.0;109.0;-1.0;-10.0;-21.0;0.0;-4.0;-16.0;11.0;4.0;-30.0;-4.0;9.208;23.497;24.032;25.0;29.06;22.342;43.0;0.0;0.0;1.038;5.0;1.0;4.0;6.0;14.143;13.484;4.0;41.0;10.429;10.013;4.0;41.0;4.509;33.367;52.089;4.583;-1.0;-16.286;11.161;-1.0;-10.0;10.94;1.0;9.333;-16.0;33.0;-8.0;25.599;-41.0;33.0;-7.929;-41.0;1.231;2.9;-11.4;7.597;8.6;50.0;75.0;37.554;12.5;0.0;0.0;0.0;1.0;3.0;8.505;-0.5;1.0;1.0;-3.0;-12.0;7.572;3.0;0.704
29;3;258;3.74;-2.0;-277;116;-115;20;1.47;1.404;-0.066;406;17442;3;1.172;128.0;78.0;103.0;5.0;4.0;6.0;6.0;9.0;118.0;-4.0;-1.0;-10.0;-23.0;1.0;33.0;-16.0;11.0;-41.0;5.0;4.43;23.973;26.134;26.102;25.695;24.95;43.0;0.0;0.0;1.027;4.0;1.0;3.0;5.0;13.714;13.829;3.0;41.0;10.0;10.206;3.0;41.0;4.041;20.345;52.56;2.082;-1.0;-13.714;11.427;-1.0;-10.429;10.588;1.0;12.333;-16.0;33.0;0.714;22.714;-31.0;33.0;-6.857;-41.0;1.409;5.8;2.9;5.925;4.35;-12.0;-62.0;40.079;19.0;0.0;0.0;0.0;-2.0;-3.0;1.732;-0.5;-2.0;1.0;-1.0;2.0;6.429;-2.0;0.712
30;8;266;3.87;0.0;-288;86;-126;-11;1.491;1.433;-0.058;407;17434;3;1.215;116.0;128.0;78.0;3.0;5.0;4.0;41.0;5.0;123.0;-5.0;-4.0;-1.0;-29.0;1.0;20.0;33.0;-16.0;-31.0;-14.0;7.298;22.137;28.484;21.633;20.304;24.111;43.0;0.0;0.0;0.994;5.333;2.517;3.0;8.0;9.0;6.831;3.0;21.0;10.214;10.124;3.0;41.0;5.686;15.196;52.282;2.082;-1.0;-9.714;9.995;-1.0;-10.571;10.435;0.0;14.0;-11.0;33.0;3.571;19.016;-16.0;33.0;-6.643;-41.0;2.001;8.7;2.9;2.9;7.25;-30.0;-18.0;41.968;-21.0;0.0;0.0;0.0;5.0;7.0;3.512;1.5;5.0;2.517;4.0;5.0;3.606;1.5;0.712
31;5;271;4.0;0.0;-296;91;-133;-7;1.511;1.459;-0.052;408;17429;3;1.22;86.0;116.0;128.0;8.0;3.0;5.0;16.0;8.0;131.0;-1.0;-5.0;-4.0;-26.0;-5.0;-11.0;20.0;33.0;-16.0;1.0;7.298;18.808;30.134;16.073;17.53;24.191;43.0;0.0;0.0;0.938;5.333;2.517;3.0;8.0;7.429;6.188;3.0;21.0;10.0;10.206;3.0;41.0;6.557;10.931;51.257;2.646;0.0;-6.0;7.439;0.0;-10.214;10.721;0.0;0.667;-11.0;20.0;4.857;17.733;-16.0;33.0;-7.214;-41.0;1.955;5.8;-2.9;1.674;7.25;5.0;35.0;17.502;-12.5;0.0;0.0;0.0;-3.0;-8.0;4.359;1.0;-3.0;2.517;1.0;-3.0;2.517;2.5;0.698
32;9;280;4.13;0.0;-309;99;-132;0;1.534;1.479;-0.055;408;17420;3;1.211;91.0;86.0;116.0;5.0;8.0;3.0;21.0;4.0;135.0;0.0;-1.0;-5.0;-21.0;-17.0;-7.0;-11.0;20.0;4.0;2.0;5.8;14.895;30.305;6.557;17.373;24.613;43.0;0.0;0.0;0.852;7.333;2.082;5.0;9.0;5.714;2.138;3.0;9.0;10.357;10.066;3.0;41.0;7.095;12.089;49.349;1.0;1.0;-2.857;3.805;1.0;-8.929;10.923;1.0;-6.0;-11.0;0.0;4.286;17.83;-16.0;33.0;-7.357;-41.0;1.856;5.8;-0.0;1.674;5.8;8.0;3.0;21.127;6.5;0.0;0.0;0.0;4.0;7.0;4.359;0.5;4.0;2.082;1.0;0.0;1.732;1.0;0.685
33;14;294;4.26;0.0;-324;101;-131;1;1.556;1.498;-0.058;408;17406;3;1.235;99.0;91.0;86.0;9.0;5.0;8.0;6.0;8.0;143.0;1.0;0.0;-1.0;-10.0;-6.0;0.0;-7.0;-11.0;11.0;-12.0;4.474;12.646;30.899;5.292;17.334;24.525;43.0;0.0;0.0;0.726;9.333;4.509;5.0;14.0;6.857;3.805;3.0;14.0;10.786;10.086;3.0;41.0;11.59;15.413;47.385;1.0;1.0;-1.571;2.149;1.0;-8.571;11.106;1.0;-2.0;-7.0;1.0;2.857;17.601;-16.0;33.0;-6.429;-41.0;1.849;3.0;-2.8;1.617;4.4;2.0;-6.0;3.0;5.0;0.0;0.0;0.0;5.0;1.0;4.359;4.5;5.0;4.509;-2.0;-3.0;1.732;-0.5;0.676
34;1;295;4.39;0.0;-330;99;-134;-2;1.578;1.518;-0.06;407;17405;3;1.26;101.0;99.0;91.0;14.0;9.0;5.0;4.0;6.0;149.0;-1.0;1.0;0.0;-1.0;0.0;1.0;0.0;-7.0;-16.0;-7.0;4.474;12.66;32.21;1.155;14.508;24.525;43.0;0.0;0.0;0.535;8.0;6.557;1.0;14.0;6.429;4.315;1.0;14.0;10.429;10.353;1.0;41.0;8.386;16.16;43.611;1.155;1.0;-1.571;2.149;1.0;-8.643;11.05;1.0;-0.333;-2.0;1.0;4.857;15.805;-11.0;33.0;-6.071;-41.0;1.944;5.8;2.8;1.617;4.4;-2.0;-4.0;5.033;0.0;0.0;0.0;0.0;-13.0;-18.0;10.116;-4.0;-13.0;6.557;0.0;2.0;1.528;-1.0;0.668
35;0;295;4.52;0.0;-352;247;12;146;1.6;1.444;-0.156;406;17405;3;1.315;99.0;101.0;99.0;1.0;14.0;9.0;5.0;7.0;156.0;-1.0;-1.0;1.0;-4.0;0.0;-2.0;1.0;0.0;33.0;-30.0;5.75;11.961;33.487;84.876;56.84;47.641;43.0;0.0;0.0;0.0;5.0;7.81;0.0;14.0;5.714;4.957;0.0;14.0;9.929;10.695;0.0;41.0;0.577;15.313;37.845;0.577;0.0;-1.0;1.915;1.0;-8.643;11.05;1.0;48.333;-2.0;146.0;21.0;55.982;-11.0;146.0;6.5;-41.0;0.802;5.7;-0.1;1.589;5.75;148.0;150.0;85.471;73.0;0.0;0.0;0.0;-1.0;12.0;9.165;-7.0;-1.0;7.81;1.0;1.0;1.528;0.5;0.659
1;21;21;0.1;0.0;0;22;-1;8;0.321;0.318;-0.003;0;19979;4;0.318;22.0;22.0;22.0;21.0;21.0;21.0;21.0;21.0;21.0;0.0;0.0;0.0;0.0;0.0;8.0;8.0;8.0;8.0;8.0;1.768;1.768;1.768;6.364;6.364;6.364;22.0;0.0;0.0;0.0;21.0;2.828;21.0;21.0;21.0;2.828;21.0;21.0;21.0;2.828;21.0;21.0;17.678;17.678;17.678;4.95;0.0;0.0;4.95;0.0;0.0;4.95;0.0;8.0;8.0;8.0;8.0;8.485;8.0;8.0;8.0;8.0;0.795;-2.5;2.5;1.768;-1.25;-9.0;14.0;9.899;-2.0;0.0;0.0;0.0;4.0;-12.0;8.485;-2.0;-8.0;5.657;-7.0;3.0;2.121;-5.5;3.145
2;25;46;0.23;-3.0;-7;13;-5;-4;0.549;0.479;-0.07;0;19954;4;0.318;22.0;22.0;22.0;21.0;21.0;21.0;21.0;21.0;21.0;0.0;0.0;0.0;0.0;0.0;8.0;8.0;8.0;8.0;8.0;1.768;1.768;1.768;6.364;6.364;6.364;13.0;0.0;0.0;0.0;23.0;2.828;21.0;25.0;23.0;2.828;21.0;25.0;23.0;2.828;21.0;25.0;17.678;17.678;17.678;4.95;0.0;-3.5;4.95;0.0;-3.5;4.95;0.0;2.0;-4.0;8.0;2.0;8.485;-4.0;8.0;2.0;-4.0;1.154;-2.5;2.5;1.768;-1.25;-9.0;14.0;9.899;-2.0;0.0;0.0;0.0;4.0;-12.0;8.485;-2.0;-8.0;5.657;-7.0;3.0;2.121;-5.5;3.145
3;17;63;0.36;-4.0;-18;18;-8;-2;0.711;0.554;-0.157;0;19937;4;0.318;13.0;22.0;22.0;25.0;21.0;21.0;21.0;21.0;21.0;-7.0;0.0;0.0;0.0;0.0;-4.0;8.0;8.0;8.0;8.0;1.443;1.443;1.443;4.509;4.509;4.509;13.0;0.0;0.0;0.0;21.0;4.0;17.0;25.0;21.0;4.0;17.0;25.0;21.0;4.0;17.0;25.0;21.127;21.127;21.127;5.568;0.0;-6.0;5.568;0.0;-6.0;5.568;0.0;0.667;-4.0;8.0;0.667;6.429;-4.0;8.0;0.667;-4.0;0.833;0.0;2.5;1.768;-1.25;5.0;14.0;9.899;-2.0;0.0;0.0;0.0;-8.0;-12.0;8.485;-2.0;-8.0;5.657;-4.0;3.0;2.121;-5.5;2.088
4;12;75;0.49;-4.0;-28;12;-19;-12;0.826;0.691;-0.135;0;19925;4;0.318;18.0;13.0;22.0;17.0;25.0;21.0;21.0;21.0;21.0;-11.0;-7.0;0.0;0.0;0.0;-2.0;-4.0;8.0;8.0;8.0;2.944;2.437;2.437;3.215;4.646;4.646;12.0;0.0;0.0;0.0;18.0;6.557;12.0;25.0;18.75;5.56;12.0;25.0;18.75;5.56;12.0;25.0;14.572;23.415;23.415;2.082;-7.0;-7.0;4.967;0.0;-7.0;4.967;0.0;-6.0;-12.0;-2.0;-2.5;8.226;-12.0;8.0;-2.5;-12.0;1.675;5.1;5.1;3.873;2.55;-6.0;-11.0;7.371;-0.5;0.0;0.0;0.0;-5.0;3.0;6.245;-6.5;-5.0;6.557;1.0;5.0;4.041;-1.5;1.805
5;11;86;0.62;-5.0;-41;19;-27;-8;0.914;0.773;-0.141;0;19914;4;0.318;12.0;18.0;13.0;12.0;17.0;25.0;21.0;21.0;21.0;-10.0;-11.0;-7.0;0.0;0.0;-12.0;-2.0;-4.0;8.0;8.0;3.873;3.31;3.31;3.786;4.207;4.207;12.0;0.0;0.0;0.0;13.333;3.215;11.0;17.0;17.2;5.933;11.0;25.0;17.2;5.933;11.0;25.0;11.504;25.548;25.548;0.577;-10.0;-7.8;4.658;0.0;-7.8;4.658;0.0;-7.333;-12.0;-2.0;-3.6;7.537;-12.0;8.0;-3.6;-12.0;1.189;2.5;-2.6;2.55;3.8;7.0;13.0;7.0;0.5;0.0;0.0;0.0;-1.0;4.0;3.512;-3.0;-1.0;3.215;-1.0;-2.0;2.517;0.0;1.447
6;12;98;0.75;-6.0;-57;19;-38;-11;0.979;0.831;-0.148;0;19902;4;0.318;19.0;12.0;18.0;11.0;12.0;17.0;21.0;21.0;21.0;-11.0;-10.0;-11.0;0.0;0.0;-8.0;-12.0;-2.0;8.0;8.0;1.443;3.497;3.497;4.041;3.869;3.869;12.0;0.0;0.0;0.0;11.667;0.577;11.0;12.0;16.333;5.715;11.0;25.0;16.333;5.715;11.0;25.0;11.504;28.039;28.039;2.646;-10.0;-9.0;5.099;0.0;-9.0;5.099;0.0;-10.333;-12.0;-8.0;-4.833;7.387;-12.0;8.0;-4.833;-12.0;1.189;0.0;-2.5;2.55;1.25;0.0;-7.0;6.506;3.5;0.0;0.0;0.0;1.0;2.0;3.055;0.0;1.0;0.577;-4.0;-3.0;2.517;-2.5;1.294
7;11;109;0.68;-3.0;-62;25;-44;-8;1.029;0.921;-0.108;270;19891;4;0.318;19.0;19.0;12.0;12.0;11.0;12.0;21.0;21.0;21.0;-15.0;-11.0;-10.0;0.0;0.0;-11.0;-8.0;-12.0;8.0;8.0;7.275;6.972;6.972;3.464;4.608;4.608;12.0;0.0;0.0;0.0;11.333;0.577;11.0;12.0;15.571;5.593;11.0;25.0;15.571;5.593;11.0;25.0;11.504;30.558;30.558;3.512;-8.0;-8.857;4.67;0.0;-8.857;4.67;0.0;-9.0;-11.0;-8.0;-5.286;6.849;-12.0;8.0;-5.286;-12.0;1.408;12.6;12.6;6.671;6.3;6.0;6.0;3.786;3.0;0.0;0.0;0.0;-1.0;-2.0;1.155;-0.0;-1.0;0.577;7.0;11.0;5.686;1.5;1.203
8;12;121;1.01;-3.0;-74;26;-57;-11;1.068;0.995;-0.073;268;19879;4;0.318;25.0;19.0;19.0;11.0;12.0;11.0;21.0;21.0;21.0;-8.0;-15.0;-11.0;0.0;0.0;-8.0;-11.0;-8.0;8.0;8.0;8.093;9.076;8.714;3.786;5.336;5.064;12.0;1.155;0.756;0.707;11.667;0.577;11.0;12.0;14.286;5.155;11.0;25.0;15.125;5.33;11.0;25.0;11.504;26.286;33.334;4.359;-7.0;-9.857;2.854;-7.0;-8.625;4.373;0.0;-10.0;-11.0;-8.0;-8.0;3.786;-12.0;-2.0;-6.0;-12.0;1.45;2.5;-10.1;6.671;7.55;1.0;-5.0;3.215;3.5;-2.0;-2.0;1.155;1.0;2.0;1.155;0.0;1.0;0.577;1.0;-6.0;5.508;4.0;1.086
9;7;128;1.14;-4.0;-83;33;-65;-8;1.099;1.041;-0.058;274;19872;4;0.318;26.0;25.0;19.0;12.0;11.0;12.0;25.0;21.0;21.0;-7.0;-8.0;-15.0;-7.0;0.0;-11.0;-8.0;-11.0;-4.0;8.0;3.873;10.446;10.444;4.359;6.824;6.591;12.0;1.155;0.976;0.882;10.0;2.646;7.0;12.0;11.714;2.928;7.0;17.0;14.222;5.674;7.0;25.0;9.609;23.954;35.454;1.528;-7.0;-10.286;2.563;-7.0;-8.778;4.116;0.0;-9.0;-11.0;-8.0;-8.571;3.359;-12.0;-2.0;-6.222;-12.0;1.297;5.1;2.6;5.244;3.8;7.0;6.0;3.215;4.0;0.0;2.0;1.155;-5.0;-6.0;3.055;-2.0;-5.0;2.646;-3.0;-4.0;5.033;-1.0;1.005
10;8;136;1.27;-6.0;-103;37;-73;-8;1.129;1.048;-0.081;281;19864;4;0.318;33.0;26.0;25.0;7.0;12.0;11.0;17.0;21.0;21.0;-10.0;-7.0;-8.0;-11.0;0.0;-8.0;-11.0;-8.0;-2.0;8.0;2.55;9.535;10.917;5.568;8.638;8.058;12.0;0.0;1.069;0.966;9.0;2.646;7.0;12.0;10.429;2.07;7.0;12.0;13.6;5.7;7.0;25.0;7.506;22.456;37.393;4.583;-7.0;-11.0;3.367;-7.0;-9.5;4.503;0.0;-9.0;-11.0;-8.0;-9.429;1.813;-12.0;-8.0;-6.4;-12.0;1.089;-2.5;-7.6;3.863;1.3;4.0;-3.0;3.0;5.5;0.0;0.0;1.155;1.0;6.0;3.464;-2.0;1.0;2.646;-6.0;-3.0;3.512;-4.5;0.961
11;11;147;1.4;-4.0;-113;35;-88;-14;1.149;1.104;-0.045;289;19853;4;0.318;37.0;33.0;26.0;8.0;7.0;12.0;12.0;21.0;21.0;-16.0;-10.0;-7.0;-10.0;0.0;-8.0;-8.0;-11.0;-12.0;8.0;6.671;10.896;12.993;2.0;7.41;8.537;12.0;0.0;1.069;1.009;8.667;2.082;7.0;11.0;10.286;1.976;7.0;12.0;13.364;5.464;7.0;25.0;9.539;21.521;39.644;3.464;-10.0;-11.0;3.367;-7.0;-9.545;4.275;0.0;-10.0;-14.0;-8.0;-9.714;2.36;-14.0;-8.0;-7.091;-14.0;1.511;12.6;15.1;7.55;5.05;-2.0;-6.0;4.583;1.0;0.0;0.0;0.0;3.0;2.0;4.163;2.0;3.0;2.082;6.0;12.0;6.245;-0.0;0.954
12;11;158;1.53;-5.0;-129;43;-99;-11;1.169;1.128;-0.041;297;19842;4;0.318;35.0;37.0;33.0;11.0;8.0;7.0;11.0;21.0;21.0;-10.0;-16.0;-10.0;-11.0;0.0;-14.0;-8.0;-8.0;-8.0;8.0;8.093;11.074;14.508;4.163;8.214;9.889;12.0;0.0;0.976;1.03;10.0;1.732;8.0;11.0;10.286;1.976;7.0;12.0;13.167;5.254;7.0;25.0;11.0;20.956;42.119;3.0;-10.0;-11.286;3.45;-7.0;-9.833;4.196;0.0;-11.0;-14.0;-8.0;-10.143;2.268;-14.0;-8.0;-7.417;-14.0;1.288;2.5;-10.1;7.692;7.55;8.0;10.0;5.033;3.0;0.0;0.0;0.0;0.0;-3.0;1.528;1.5;0.0;1.732;-3.0;-9.0;6.245;1.5;0.906
13;10;168;1.68;-1.0;-136;51;-106;-5;1.186;1.163;-0.023;305;19832;4;0.318;43.0;35.0;37.0;11.0;11.0;8.0;12.0;21.0;21.0;-13.0;-10.0;-16.0;-15.0;0.0;-11.0;-14.0;-8.0;-11.0;8.0;9.579;12.554;17.635;8.0;9.178;11.873;12.0;0.0;0.756;1.038;10.667;0.577;10.0;11.0;10.0;1.826;7.0;12.0;12.923;5.107;7.0;25.0;10.504;20.876;44.636;5.686;-2.0;-9.429;4.467;-2.0;-9.231;4.567;0.0;-10.0;-14.0;-5.0;-9.286;2.928;-14.0;-5.0;-7.231;-14.0;1.384;15.2;12.7;6.709;8.85;8.0;0.0;5.774;8.0;0.0;0.0;0.0;-1.0;-1.0;2.082;-0.5;-1.0;0.577;11.0;14.0;7.095;4.0;0.887
14;16;184;1.79;-9.0;-165;45;-122;-16;1.208;1.171;-0.037;313;19816;4;0.318;51.0;43.0;35.0;10.0;11.0;11.0;11.0;21.0;21.0;-2.0;-13.0;-10.0;-8.0;0.0;-5.0;-11.0;-14.0;-8.0;8.0;8.747;11.442;17.854;4.163;8.364;12.364;12.0;0.0;0.0;1.038;12.333;3.215;10.0;16.0;10.714;2.928;7.0;16.0;13.143;4.975;7.0;25.0;13.115;22.601;47.883;10.017;-2.0;-11.429;6.425;-2.0;-10.143;5.559;0.0;-10.667;-16.0;-5.0;-10.429;3.78;-16.0;-5.0;-7.857;-16.0;1.233;-15.1;-30.3;15.216;0.05;-6.0;-14.0;8.083;1.0;0.0;0.0;0.0;6.0;7.0;3.786;2.5;6.0;3.215;-20.0;-31.0;15.524;-4.5;0.86
15;15;199;1.92;-3.0;-173;57;-130;-8;1.219;1.19;-0.029;320;19801;4;0.318;45.0;51.0;43.0;16.0;10.0;11.0;12.0;21.0;21.0;-22.0;-2.0;-13.0;-7.0;0.0;-16.0;-5.0;-11.0;-11.0;8.0;10.545;13.14;19.903;6.0;8.794;14.344;12.0;1.155;0.756;1.267;13.667;3.215;10.0;16.0;11.143;3.338;7.0;16.0;12.714;4.48;7.0;25.0;15.503;25.606;46.029;10.263;-2.0;-11.571;6.321;-2.0;-10.714;4.795;-2.0;-9.667;-16.0;-5.0;-10.0;3.873;-16.0;-5.0;-9.0;-16.0;1.33;20.3;35.4;19.137;2.6;12.0;18.0;9.452;3.0;-2.0;-2.0;1.155;-1.0;-7.0;4.041;2.5;-1.0;3.215;14.0;34.0;18.824;-3.0;0.854
16;20;219;2.06;-4.0;-181;55;-142;-13;1.229;1.22;-0.009;327;19781;4;0.479;57.0;45.0;51.0;15.0;16.0;10.0;7.0;25.0;46.0;-8.0;-22.0;-2.0;-10.0;-7.0;-8.0;-16.0;-5.0;-8.0;-4.0;13.437;14.492;21.255;6.429;8.552;14.694;12.0;1.155;0.976;1.399;17.0;2.646;15.0;20.0;13.0;4.163;8.0;20.0;12.357;3.522;7.0;20.0;17.559;29.462;47.06;7.81;-8.0;-11.429;6.373;-2.0;-10.857;4.704;-2.0;-12.333;-16.0;-8.0;-10.714;3.904;-16.0;-5.0;-9.643;-16.0;1.471;5.1;-15.2;17.759;12.7;-2.0;-14.0;9.452;5.0;0.0;2.0;1.155;5.0;6.0;3.786;2.0;5.0;2.646;-1.0;-15.0;17.039;6.5;0.84
17;15;234;2.18;-4.0;-190;61;-152;-10;1.239;1.24;0.001;334;19766;4;0.554;55.0;57.0;45.0;20.0;15.0;16.0;8.0;17.0;63.0;-9.0;-8.0;-22.0;-16.0;-11.0;-13.0;-8.0;-16.0;-8.0;-2.0;5.1;13.545;22.049;3.055;9.071;15.576;12.0;0.0;1.069;1.46;16.667;2.887;15.0;20.0;14.0;3.559;10.0;20.0;12.214;3.355;7.0;20.0;17.559;32.114;49.064;1.0;-8.0;-10.571;6.051;-2.0;-10.786;4.71;-2.0;-10.333;-13.0;-8.0;-11.0;3.742;-16.0;-5.0;-10.214;-16.0;1.41;5.1;-0.0;8.776;5.1;6.0;8.0;7.024;2.0;0.0;0.0;1.155;-5.0;-10.0;5.033;0.0;-5.0;2.887;-1.0;0.0;8.66;-1.0;0.82
18;12;246;2.31;-8.0;-209;76;-150;2;1.249;1.221;-0.028;343;19754;4;0.691;61.0;55.0;57.0;15.0;20.0;15.0;11.0;12.0;75.0;-10.0;-9.0;-8.0;-10.0;-10.0;-10.0;-13.0;-8.0;-14.0;-12.0;2.916;12.384;21.726;10.817;11.103;17.001;19.0;0.0;1.069;1.46;15.667;4.041;12.0;20.0;14.143;3.436;10.0;20.0;12.214;3.355;7.0;20.0;13.528;33.339;50.934;6.658;-9.0;-12.143;7.198;-2.0;-11.571;5.431;-2.0;-7.0;-13.0;2.0;-8.714;5.88;-16.0;2.0;-9.214;-16.0;1.066;-5.0;-10.1;5.831;0.05;15.0;9.0;8.505;10.5;0.0;0.0;0.0;-3.0;2.0;5.292;-4.0;-3.0;4.041;-11.0;-10.0;5.774;-6.0;0.806
19;8;254;2.44;-4.0;-219;62;-166;-15;1.259;1.249;-0.01;378;19746;4;0.773;76.0;61.0;55.0;12.0;15.0;20.0;11.0;11.0;86.0;-21.0;-10.0;-9.0;-13.0;-11.0;2.0;-10.0;-13.0;-11.0;-8.0;7.747;12.77;22.377;8.386;9.805;16.486;19.0;0.0;0.976;1.399;11.667;3.512;8.0;15.0;13.714;4.03;8.0;20.0;12.0;3.53;7.0;20.0;10.066;32.365;52.063;6.351;-10.0;-11.714;7.228;-2.0;-11.5;5.446;-2.0;-7.667;-15.0;2.0;-9.286;6.317;-16.0;2.0;-9.714;-16.0;1.552;15.2;20.2;10.1;5.1;-14.0;-29.0;14.844;0.5;0.0;0.0;0.0;-4.0;-1.0;1.0;-3.5;-4.0;3.512;11.0;22.0;11.015;-0.0;0.819
20;14;268;2.57;-5.0;-231;60;-165;-20;1.272;1.283;0.011;383;19732;4;0.831;62.0;76.0;61.0;8.0;12.0;15.0;10.0;12.0;98.0;-10.0;-21.0;-10.0;-2.0;-15.0;-15.0;2.0;-10.0;-5.0;-11.0;10.601;14.921;22.294;8.718;9.289;15.169;25.0;0.0;0.756;1.267;11.333;3.055;8.0;14.0;14.286;3.684;8.0;20.0;12.143;3.57;7.0;20.0;11.136;30.235;53.409;5.686;-10.0;-13.286;5.823;-8.0;-11.357;5.372;-2.0;-11.0;-20.0;2.0;-11.429;7.115;-20.0;2.0;-10.357;-20.0;1.69;5.2;-10.0;10.1;10.2;-2.0;12.0;14.572;-8.0;0.0;0.0;0.0;6.0;10.0;5.508;1.0;6.0;3.055;-3.0;-14.0;11.136;4.0;0.801
21;15;283;2.7;-9.0;-261;81;-186;-1;1.294;1.275;-0.019;387;19717;4;0.921;60.0;62.0;76.0;14.0;8.0;12.0;16.0;11.0;109.0;-13.0;-10.0;-21.0;-22.0;-8.0;-20.0;-15.0;2.0;-16.0;-8.0;2.946;9.74;21.973;11.59;9.914;16.114;26.0;0.0;0.0;1.038;12.333;3.786;8.0;15.0;14.143;3.625;8.0;20.0;12.429;3.631;7.0;20.0;14.503;28.715;54.927;7.371;-10.0;-13.571;6.347;-8.0;-12.5;6.236;-2.0;-12.0;-20.0;-1.0;-9.286;7.74;-20.0;2.0;-9.857;-20.0;1.19;-5.0;-10.2;10.1;0.1;21.0;23.0;17.786;9.5;0.0;0.0;0.0;1.0;-5.0;5.0;3.5;1.0;3.786;-11.0;-8.0;11.136;-7.0;0.779
22;5;288;2.83;-8.0;-290;65;-205;-19;1.137;1.3;0.163;391;19712;4;0.995;81.0;60.0;62.0;15.0;14.0;8.0;15.0;12.0;121.0;-24.0;-13.0;-10.0;-8.0;-7.0;-1.0;-20.0;-15.0;-8.0;-11.0;5.05;10.108;22.009;10.97;9.34;14.658;33.0;1.155;0.756;1.267;11.333;5.508;5.0;15.0;12.714;4.957;5.0;20.0;11.929;4.141;5.0;20.0;10.408;25.344;55.501;5.508;-13.0;-15.143;6.094;-9.0;-13.357;6.246;-2.0;-13.333;-20.0;-1.0;-10.857;8.513;-20.0;2.0;-10.429;-20.0;1.638;10.1;15.1;7.703;2.55;-16.0;-37.0;18.682;2.5;-2.0;-2.0;1.155;-10.0;-11.0;8.185;-4.5;-10.0;5.508;5.0;16.0;8.0;-3.0;0.784
23;11;299;2.96;-8.0;-317;79;-212;-7;1.337;1.31;-0.027;394;19701;4;1.041;65.0;81.0;60.0;5.0;15.0;14.0;20.0;7.0;128.0;-19.0;-24.0;-13.0;-9.0;-10.0;-19.0;-1.0;-20.0;-13.0;-8.0;7.78;10.83;22.101;8.718;9.155;14.658;35.0;1.155;0.976;1.399;10.333;5.033;5.0;15.0;11.429;3.78;5.0;15.0;12.214;3.906;5.0;20.0;8.185;23.874;55.356;2.646;-19.0;-16.714;5.648;-10.0;-14.071;6.403;-2.0;-9.0;-19.0;-1.0;-10.0;8.563;-20.0;2.0;-10.357;-20.0;1.414;5.2;-4.9;7.703;7.65;14.0;30.0;19.655;-1.0;0.0;2.0;1.155;6.0;16.0;8.185;-2.0;6.0;5.033;-1.0;-6.0;8.083;2.0;0.769
24;11;310;3.09;-8.0;-347;80;-220;-8;1.36;1.321;-0.039;397;19690;4;1.048;79.0;65.0;81.0;11.0;5.0;15.0;15.0;8.0;136.0;-20.0;-19.0;-24.0;-10.0;-16.0;-7.0;-19.0;-1.0;-10.0;-8.0;5.15;11.814;21.146;8.386;9.155;14.504;35.0;0.0;1.069;1.46;9.0;3.464;5.0;11.0;10.857;3.436;5.0;15.0;12.429;3.736;5.0;20.0;11.0;23.414;54.521;1.0;-19.0;-18.286;4.957;-10.0;-14.429;6.653;-2.0;-11.333;-19.0;-7.0;-9.714;8.597;-20.0;2.0;-10.357;-20.0;1.46;5.1;-0.1;2.858;5.15;1.0;-13.0;15.044;7.5;0.0;0.0;1.155;0.0;-6.0;8.083;3.0;0.0;3.464;-1.0;0.0;3.464;-1.0;0.763
25;11;321;3.22;-9.0;-380;60;-251;-30;1.382;1.359;-0.023;400;19679;4;1.104;80.0;79.0;65.0;11.0;11.0;5.0;12.0;11.0;147.0;-21.0;-20.0;-19.0;-21.0;-10.0;-8.0;-7.0;-19.0;2.0;-14.0;5.15;10.026;21.193;11.269;9.914;12.495;43.0;0.0;1.069;1.46;11.0;0.0;11.0;11.0;10.714;3.402;5.0;15.0;12.429;3.736;5.0;20.0;11.0;23.338;53.315;1.0;-20.0;-18.429;5.062;-10.0;-15.286;6.81;-2.0;-15.0;-30.0;-7.0;-14.286;9.759;-30.0;-1.0;-11.5;-30.0;2.033;5.2;0.1;0.058;5.15;-20.0;-21.0;17.156;-9.5;0.0;0.0;0.0;0.0;0.0;3.464;0.0;0.0;0.0;-1.0;0.0;0.0;-1.0;0.757
26;24;345;3.35;-13.0;-425;54;-289;-38;1.405;1.396;-0.009;402;19655;4;1.128;60.0;80.0;79.0;11.0;11.0;11.0;8.0;11.0;158.0;-22.0;-21.0;-20.0;-10.0;-13.0;-30.0;-8.0;-7.0;-15.0;-11.0;2.946;9.245;19.871;13.614;11.297;11.479;45.0;0.0;0.976;1.399;15.333;7.506;11.0;24.0;13.0;5.802;5.0;24.0;13.357;4.814;5.0;24.0;17.898;25.807;53.248;6.658;-21.0;-21.714;6.047;-13.0;-16.714;8.241;-2.0;-25.333;-38.0;-8.0;-17.571;13.277;-38.0;-1.0;-13.429;-38.0;2.167;-5.0;-10.2;5.86;0.1;-6.0;14.0;10.693;-13.0;0.0;0.0;0.0;13.0;13.0;7.506;6.5;13.0;7.506;-11.0;-10.0;5.774;-6.0;0.736
27;21;366;3.4;-15.0;-473;68;-315;-26;1.426;1.415;-0.011;404;19634;4;1.163;54.0;60.0;80.0;24.0;11.0;11.0;14.0;10.0;168.0;-33.0;-22.0;-21.0;-13.0;-2.0;-38.0;-30.0;-8.0;-20.0;-5.0;2.858;8.622;19.519;7.024;10.69;10.967;45.0;0.0;0.756;1.267;18.667;6.807;11.0;24.0;14.0;6.557;5.0;24.0;14.143;5.112;5.0;24.0;22.517;30.452;53.675;8.622;-22.0;-25.429;7.591;-19.0;-19.357;9.052;-8.0;-31.333;-38.0;-26.0;-18.429;13.649;-38.0;-1.0;-14.929;-38.0;1.722;0.1;5.1;5.1;-2.45;14.0;20.0;17.088;4.0;0.0;0.0;0.0;-3.0;-16.0;8.505;5.0;-3.0;6.807;-6.0;5.0;5.0;-8.5;0.716
28;25;391;3.61;-8.0;-500;93;-316;-2;1.446;1.424;-0.022;405;19609;4;1.171;68.0;54.0;60.0;21.0;24.0;11.0;15.0;16.0;184.0;-39.0;-33.0;-22.0;-24.0;-22.0;-26.0;-38.0;-30.0;-1.0;-16.0;14.867;11.528;19.025;19.757;13.438;11.868;54.0;0.0;0.0;1.038;23.333;2.082;21.0;25.0;15.429;7.786;5.0;25.0;14.786;5.873;5.0;25.0;23.029;37.492;55.866;10.263;-19.0;-24.714;7.973;-19.0;-19.143;9.02;-8.0;-22.0;-38.0;-2.0;-18.571;13.439;-38.0;-2.0;-13.929;-38.0;1.535;25.7;25.6;16.451;12.9;25.0;11.0;15.716;19.5;0.0;0.0;0.0;4.0;7.0;8.021;0.5;4.0;2.082;20.0;26.0;16.643;7.0;0.707
29;35;426;3.74;-12.0;-542;67;-345;-29;1.47;1.456;-0.014;406;19574;4;1.19;93.0;68.0;54.0;25.0;21.0;24.0;5.0;15.0;199.0;-19.0;-39.0;-33.0;-19.0;-8.0;-2.0;-26.0;-38.0;-19.0;-8.0;13.645;11.898;19.261;14.731;13.302;11.453;54.0;0.0;0.0;1.027;27.0;7.211;21.0;35.0;19.714;9.214;11.0;35.0;16.214;7.982;5.0;35.0;30.139;46.135;60.959;10.017;-19.0;-26.286;7.74;-19.0;-20.714;8.844;-9.0;-19.0;-29.0;-2.0;-20.0;14.012;-38.0;-2.0;-15.429;-38.0;2.058;-4.9;-30.6;16.415;10.4;-26.0;-51.0;26.839;-0.5;0.0;0.0;0.0;10.0;6.0;6.506;7.0;10.0;7.211;-11.0;-31.0;16.643;4.5;0.702
30;25;451;3.87;-16.0;-592;82;-360;-15;1.491;1.467;-0.024;407;19549;4;1.22;67.0;93.0;68.0;35.0;25.0;21.0;11.0;20.0;219.0;-30.0;-19.0;-39.0;-20.0;-9.0;-29.0;-2.0;-26.0;-7.0;-13.0;4.9;11.035;18.619;13.051;13.626;11.25;54.0;0.0;0.0;0.994;28.333;5.774;25.0;35.0;21.714;8.499;11.0;35.0;16.571;8.271;5.0;35.0;30.139;52.793;67.394;10.504;-19.0;-29.143;8.668;-19.0;-22.929;9.539;-10.0;-15.333;-29.0;-2.0;-21.143;13.069;-38.0;-2.0;-15.571;-38.0;1.622;-4.9;0.0;17.667;-4.9;15.0;41.0;27.025;-5.5;0.0;0.0;0.0;-10.0;-20.0;10.263;0.0;-10.0;5.774;-10.0;1.0;17.616;-10.5;0.687
31;10;461;4.0;-18.0;-645;80;-378;-18;1.511;1.477;-0.034;408;19539;4;1.24;82.0;67.0;93.0;25.0;35.0;25.0;11.0;15.0;234.0;-40.0;-30.0;-19.0;-21.0;-10.0;-15.0;-29.0;-2.0;-8.0;-10.0;2.801;10.304;17.829;8.145;13.626;11.153;54.0;0.0;0.0;0.938;23.333;12.583;10.0;35.0;21.571;8.715;10.0;35.0;16.214;8.451;5.0;35.0;18.028;53.671;72.21;7.638;-30.0;-32.571;9.607;-19.0;-25.429;10.435;-10.0;-20.667;-29.0;-15.0;-22.571;11.886;-38.0;-2.0;-16.143;-38.0;1.664;0.1;5.0;2.887;-2.4;-2.0;-17.0;20.599;6.5;0.0;0.0;0.0;-15.0;-5.0;13.229;-12.5;-15.0;12.583;-5.0;5.0;3.215;-7.5;0.682
32;16;477;4.13;-15.0;-699;72;-404;-27;1.534;1.5;-0.034;408;19523;4;1.221;80.0;82.0;67.0;10.0;25.0;35.0;11.0;12.0;246.0;-45.0;-40.0;-30.0;-22.0;-21.0;-18.0;-15.0;-29.0;-30.0;2.0;5.976;11.035;16.359;5.292;12.579;11.091;54.0;0.0;0.0;0.852;17.0;7.55;10.0;25.0;22.286;7.868;10.0;35.0;16.5;8.364;5.0;35.0;13.115;50.388;76.253;2.887;-40.0;-35.143;8.668;-19.0;-26.786;11.033;-10.0;-20.0;-27.0;-15.0;-22.143;11.625;-38.0;-2.0;-18.214;-38.0;1.992;10.3;10.2;7.747;5.2;-8.0;-6.0;11.93;-5.0;0.0;0.0;0.0;6.0;21.0;10.97;-4.5;6.0;7.55;5.0;10.0;7.638;-0.0;0.677
33;5;482;4.26;-23.0;-773;65;-439;-35;1.556;1.518;-0.038;408;19518;4;1.249;72.0;80.0;82.0;16.0;10.0;25.0;24.0;8.0;254.0;-40.0;-45.0;-40.0;-33.0;-10.0;-27.0;-18.0;-15.0;-38.0;-15.0;7.801;9.149;15.005;7.506;10.161;10.918;54.0;0.0;0.0;0.726;10.333;5.508;5.0;16.0;19.571;10.13;5.0;35.0;16.286;8.633;5.0;35.0;10.97;44.105;77.847;10.408;-40.0;-39.0;12.649;-19.0;-30.357;13.083;-13.0;-26.667;-35.0;-18.0;-21.714;10.981;-35.0;-2.0;-19.643;-38.0;1.971;-15.3;-25.6;12.888;-2.5;-7.0;1.0;3.215;-7.5;0.0;0.0;0.0;-11.0;-17.0;11.15;-2.5;-11.0;5.508;-20.0;-25.0;12.583;-7.5;0.667
34;17;499;4.39;-23.0;-837;94;-447;-7;1.578;1.514;-0.064;407;19501;4;1.283;65.0;72.0;80.0;5.0;16.0;10.0;21.0;14.0;268.0;-60.0;-40.0;-45.0;-39.0;-13.0;-35.0;-27.0;-18.0;-26.0;-20.0;7.78;5.652;14.036;15.133;11.69;11.822;54.0;0.0;0.0;0.535;12.667;6.658;5.0;17.0;19.0;10.149;5.0;35.0;16.5;8.609;5.0;35.0;11.533;36.827;79.229;11.547;-40.0;-42.0;14.933;-19.0;-33.714;14.264;-19.0;-23.0;-35.0;-7.0;-19.0;12.042;-35.0;-2.0;-18.714;-38.0;1.418;5.2;20.5;13.55;-5.05;29.0;36.0;21.079;11.0;0.0;0.0;0.0;12.0;23.0;11.93;0.5;12.0;6.658;0.0;20.0;13.229;-10.0;0.659
35;27;526;4.52;-23.0;-919;59;-489;-42;1.6;1.542;-0.073;406;19474;4;1.275;94.0;65.0;72.0;17.0;5.0;16.0;25.0;15.0;283.0;-60.0;-60.0;-40.0;-19.0;-24.0;-7.0;-35.0;-27.0;-2.0;-1.0;5.25;4.987;11.983;18.717;11.964;12.313;54.0;0.0;0.0;0.0;16.333;11.015;5.0;27.0;19.286;10.372;5.0;35.0;17.357;9.035;5.0;35.0;22.189;32.664;81.595;0.577;-59.0;-47.714;12.038;-30.0;-36.214;15.448;-19.0;-28.0;-42.0;-7.0;-24.714;12.12;-42.0;-7.0;-21.643;-42.0;2.349;5.3;0.1;11.865;5.25;-35.0;-64.0;32.083;-3.0;0.0;0.0;0.0;10.0;-2.0;12.741;11.0;10.0;11.015;1.0;1.0;11.846;0.5;0.661
1;9;9;0.1;0.0;0;22;15;8;0.321;0.255;-0.066;0;19991;5;0.255;22.0;22.0;22.0;9.0;9.0;9.0;9.0;9.0;9.0;0.0;0.0;0.0;0.0;0.0;8.0;8.0;8.0;8.0;8.0;3.536;3.536;3.536;1.414;1.414;1.414;22.0;0.0;0.0;0.0;9.0;2.828;9.0;9.0;9.0;2.828;9.0;9.0;9.0;2.828;9.0;9.0;9.192;9.192;9.192;0.707;0.0;0.0;0.707;0.0;0.0;0.707;0.0;8.0;8.0;8.0;8.0;3.536;8.0;8.0;8.0;8.0;0.795;5.0;-5.0;3.536;2.5;-2.0;5.0;3.536;0.5;0.0;0.0;0.0;4.0;-8.0;5.657;0.0;-4.0;2.828;1.0;-5.0;3.536;-1.5;3.922
2;13;22;0.23;0.0;0;20;18;3;0.549;0.442;-0.107;0;19978;5;0.255;22.0;22.0;22.0;9.0;9.0;9.0;9.0;9.0;9.0;0.0;0.0;0.0;0.0;0.0;8.0;8.0;8.0;8.0;8.0;3.536;3.536;3.536;1.414;1.414;1.414;20.0;0.0;0.0;0.0;11.0;2.828;9.0;13.0;11.0;2.828;9.0;13.0;11.0;2.828;9.0;13.0;9.192;9.192;9.192;0.707;1.0;0.5;0.707;1.0;0.5;0.707;1.0;5.5;3.0;8.0;5.5;3.536;3.0;8.0;5.5;3.0;1.125;5.0;-5.0;3.536;2.5;-2.0;5.0;3.536;0.5;0.0;0.0;0.0;4.0;-8.0;5.657;0.0;-4.0;2.828;1.0;-5.0;3.536;-1.5;3.922
3;9;31;0.36;-1.0;-3;23;19;3;0.711;0.558;-0.153;0;19969;5;0.255;20.0;22.0;22.0;13.0;9.0;9.0;9.0;9.0;9.0;1.0;0.0;0.0;0.0;0.0;3.0;8.0;8.0;8.0;8.0;2.887;2.887;2.887;1.528;1.528;1.528;20.0;0.0;0.0;0.0;10.333;2.309;9.0;13.0;10.333;2.309;9.0;13.0;10.333;2.309;9.0;13.0;11.06;11.06;11.06;2.082;1.0;-0.667;2.082;1.0;-0.667;2.082;1.0;4.667;3.0;8.0;4.667;2.887;3.0;8.0;4.667;3.0;0.978;0.0;-5.0;3.536;2.5;3.0;5.0;3.536;0.5;0.0;0.0;0.0;-4.0;-8.0;5.657;0.0;-4.0;2.828;-4.0;-5.0;3.536;-1.5;2.262
4;12;43;0.49;-2.0;-8;25;21;1;0.826;0.64;-0.186;0;19957;5;0.255;23.0;20.0;22.0;9.0;13.0;9.0;9.0;9.0;9.0;-3.0;1.0;0.0;0.0;0.0;3.0;3.0;8.0;8.0;8.0;1.501;3.179;3.179;2.517;2.082;2.082;20.0;0.0;0.0;0.0;11.333;2.082;9.0;13.0;10.75;2.062;9.0;13.0;10.75;2.062;9.0;13.0;10.536;14.361;14.361;3.055;1.0;-1.75;2.754;1.0;-1.75;2.754;1.0;2.333;1.0;3.0;3.75;2.986;1.0;8.0;3.75;1.0;1.004;2.6;2.6;2.501;1.3;2.0;-1.0;2.646;2.5;0.0;0.0;0.0;3.0;7.0;4.359;-0.5;3.0;2.082;-2.0;2.0;2.517;-3.0;1.792
5;10;53;0.62;0.0;-8;38;32;11;0.914;0.701;-0.213;0;19947;5;0.255;25.0;23.0;20.0;12.0;9.0;13.0;9.0;9.0;9.0;-5.0;-3.0;1.0;0.0;0.0;1.0;3.0;3.0;8.0;8.0;6.652;6.514;6.514;8.145;7.162;7.162;20.0;0.0;0.0;0.0;10.333;1.528;9.0;12.0;10.6;1.817;9.0;13.0;10.6;1.817;9.0;13.0;11.015;17.257;17.257;3.055;1.0;-1.2;2.683;1.0;-1.2;2.683;1.0;5.0;1.0;11.0;5.2;4.147;1.0;11.0;5.2;1.0;0.924;10.0;7.4;5.188;6.3;13.0;11.0;6.083;7.5;0.0;0.0;0.0;-2.0;-5.0;3.606;0.5;-2.0;1.528;6.0;8.0;5.292;2.0;1.562
6;14;67;0.75;1.0;-7;32;34;2;0.979;0.786;-0.193;0;19933;5;0.255;38.0;25.0;23.0;10.0;12.0;9.0;9.0;9.0;9.0;1.0;-5.0;-3.0;0.0;0.0;11.0;1.0;3.0;8.0;8.0;7.638;8.619;8.619;6.506;6.919;6.919;20.0;0.0;0.0;0.0;12.0;2.0;10.0;14.0;11.167;2.137;9.0;14.0;11.167;2.137;9.0;14.0;12.055;21.145;21.145;3.786;2.0;-0.667;2.733;2.0;-0.667;2.733;2.0;4.667;1.0;11.0;4.667;3.933;1.0;11.0;4.667;1.0;1.253;5.0;-5.0;3.775;7.5;-6.0;-19.0;9.539;3.5;0.0;0.0;0.0;4.0;6.0;3.215;1.0;4.0;2.0;1.0;-5.0;4.041;3.5;1.427
7;6;73;0.68;1.0;-2;43;45;10;1.029;0.832;-0.197;270;19927;5;0.255;32.0;38.0;25.0;14.0;10.0;12.0;9.0;9.0;9.0;2.0;1.0;-5.0;0.0;0.0;2.0;11.0;1.0;8.0;8.0;5.05;10.418;10.418;5.508;8.832;8.832;20.0;0.0;0.0;0.0;10.0;4.0;6.0;14.0;10.429;2.76;6.0;14.0;10.429;2.76;6.0;14.0;10.263;23.508;23.508;0.577;2.0;-0.286;2.69;2.0;-0.286;2.69;2.0;7.667;2.0;11.0;5.429;4.117;1.0;11.0;5.429;1.0;1.051;5.1;0.1;2.858;5.05;11.0;17.0;10.44;2.5;0.0;0.0;0.0;-8.0;-12.0;6.0;-2.0;-8.0;4.0;0.0;-1.0;3.215;0.5;1.272
8;11;84;1.01;2.0;-2;47;53;10;1.068;0.87;-0.198;268;19916;5;0.255;43.0;32.0;38.0;6.0;14.0;10.0;9.0;9.0;9.0;2.0;2.0;1.0;0.0;0.0;10.0;2.0;11.0;8.0;8.0;5.05;11.321;12.062;7.767;10.438;10.361;20.0;1.155;0.756;0.707;10.333;4.041;6.0;14.0;10.714;2.69;6.0;14.0;10.5;2.563;6.0;14.0;8.622;22.736;26.234;1.732;5.0;0.429;3.359;5.0;0.375;3.114;5.0;7.333;2.0;10.0;5.714;4.386;1.0;11.0;6.0;1.0;1.068;5.0;-0.1;0.058;5.05;4.0;-7.0;8.544;7.5;-2.0;-2.0;1.155;5.0;13.0;7.234;-1.5;5.0;4.041;3.0;3.0;1.528;1.5;1.202
9;10;94;1.14;1.0;1;38;49;-4;1.099;0.937;-0.162;274;19906;5;0.255;47.0;43.0;32.0;11.0;6.0;14.0;13.0;9.0;9.0;5.0;2.0;2.0;1.0;0.0;10.0;10.0;2.0;3.0;8.0;5.05;12.325;13.646;4.509;8.934;9.95;20.0;1.155;0.976;0.882;9.0;2.646;6.0;11.0;10.286;2.498;6.0;14.0;10.444;2.404;6.0;14.0;10.504;22.508;28.98;1.732;5.0;0.571;3.409;5.0;0.556;2.963;5.0;5.333;-4.0;10.0;4.714;5.707;-4.0;11.0;4.889;-4.0;1.455;5.1;0.1;0.058;5.05;-9.0;-13.0;10.149;-2.5;0.0;2.0;1.155;-1.0;-6.0;6.506;2.0;-1.0;2.646;-3.0;-6.0;3.0;0.0;1.149
10;15;109;1.27;0.0;-3;53;57;8;1.129;0.955;-0.174;281;19891;5;0.255;38.0;47.0;43.0;10.0;11.0;6.0;9.0;9.0;9.0;2.0;5.0;2.0;-3.0;0.0;-4.0;10.0;10.0;3.0;8.0;2.944;11.154;14.402;7.55;9.325;11.493;20.0;0.0;1.069;0.966;12.0;2.646;10.0;15.0;11.143;2.968;6.0;15.0;10.9;2.685;6.0;15.0;12.583;22.998;32.579;3.0;5.0;0.857;3.132;5.0;0.4;2.836;5.0;4.667;-4.0;10.0;5.429;5.769;-4.0;11.0;5.2;-4.0;1.043;0.0;-5.1;2.916;2.55;15.0;24.0;12.014;3.0;0.0;0.0;1.155;5.0;6.0;3.464;2.0;5.0;2.646;-3.0;0.0;3.464;-3.0;1.067
11;13;122;1.4;0.0;-3;35;42;-14;1.149;1.025;-0.124;289;19878;5;0.255;53.0;38.0;47.0;15.0;10.0;11.0;12.0;9.0;9.0;-1.0;2.0;5.0;-5.0;0.0;8.0;-4.0;10.0;1.0;8.0;4.388;9.667;15.755;9.644;7.29;10.907;20.0;0.0;1.069;1.009;12.667;2.517;10.0;15.0;11.286;3.039;6.0;15.0;11.091;2.625;6.0;15.0;14.012;24.194;36.357;1.528;2.0;1.571;1.902;5.0;0.364;2.693;5.0;-3.333;-14.0;8.0;3.286;9.358;-14.0;11.0;3.455;-14.0;1.797;7.6;7.6;3.873;3.8;-18.0;-33.0;17.059;-1.5;0.0;0.0;0.0;-2.0;-7.0;3.786;1.5;-2.0;2.517;1.0;4.0;2.309;-1.0;1.047
12;12;134;1.53;0.0;-6;39;26;-16;1.169;1.087;-0.082;297;19866;5;0.255;35.0;53.0;38.0;13.0;15.0;10.0;10.0;9.0;9.0;0.0;-1.0;2.0;1.0;0.0;-14.0;8.0;-4.0;11.0;8.0;6.391;9.691;17.163;9.452;7.234;10.492;20.0;0.0;0.976;1.03;13.333;1.528;12.0;15.0;11.571;2.992;6.0;15.0;11.167;2.517;6.0;15.0;12.503;25.132;40.085;0.577;0.0;1.429;1.988;5.0;0.333;2.57;5.0;-7.333;-16.0;8.0;-0.571;11.058;-16.0;10.0;1.833;-16.0;1.744;5.1;-2.5;3.873;6.35;4.0;22.0;16.803;-7.0;0.0;0.0;0.0;-1.0;1.0;3.786;-1.5;-1.0;1.528;0.0;-1.0;2.082;0.5;0.976
13;12;146;1.68;0.0;-11;61;29;5;1.186;1.1;-0.086;305;19854;5;0.255;39.0;35.0;53.0;12.0;13.0;15.0;14.0;9.0;9.0;0.0;0.0;-1.0;2.0;0.0;-16.0;-14.0;8.0;2.0;8.0;5.05;9.883;18.592;14.0;9.245;12.433;20.0;0.0;0.756;1.038;12.333;0.577;12.0;13.0;11.286;2.812;6.0;15.0;11.231;2.421;6.0;15.0;12.0;26.798;43.775;0.0;0.0;1.143;2.035;5.0;0.308;2.463;5.0;-8.333;-16.0;5.0;-0.143;11.231;-16.0;10.0;2.077;-16.0;1.197;5.0;-0.1;1.473;5.05;22.0;18.0;20.033;13.0;0.0;0.0;0.0;0.0;1.0;1.0;-0.5;0.0;0.577;0.0;0.0;0.577;-0.0;0.92
14;16;162;1.79;0.0;-17;69;37;8;1.208;1.103;-0.105;313;19838;5;0.255;61.0;39.0;35.0;12.0;12.0;13.0;6.0;9.0;9.0;0.0;0.0;0.0;2.0;0.0;5.0;-16.0;-14.0;10.0;8.0;5.05;10.287;20.046;15.535;12.786;14.752;20.0;0.0;0.0;1.038;13.333;2.309;12.0;16.0;12.714;2.138;10.0;16.0;11.571;2.652;6.0;16.0;14.048;28.035;47.938;0.0;0.0;0.857;2.035;5.0;0.286;2.367;5.0;-1.0;-16.0;8.0;-0.429;10.952;-16.0;10.0;2.5;-16.0;1.132;5.1;0.1;0.058;5.05;8.0;-14.0;9.452;15.0;0.0;0.0;0.0;4.0;4.0;2.646;2.0;4.0;2.309;0.0;0.0;0.0;-0.0;0.909
15;16;178;1.92;0.0;-18;77;49;12;1.219;1.1;-0.119;320;19822;5;0.255;69.0;61.0;39.0;16.0;12.0;12.0;11.0;9.0;9.0;0.0;0.0;0.0;5.0;0.0;8.0;5.0;-16.0;10.0;8.0;5.1;10.852;20.425;8.0;16.537;17.042;20.0;1.155;0.756;1.267;14.667;2.309;12.0;16.0;13.429;2.299;10.0;16.0;12.071;2.786;6.0;16.0;16.0;29.513;49.379;0.577;0.0;0.0;1.0;2.0;0.214;2.392;5.0;8.333;5.0;12.0;-0.143;11.291;-16.0;12.0;2.786;-16.0;1.081;5.1;0.0;0.058;5.1;8.0;0.0;8.083;8.0;-2.0;-2.0;1.155;0.0;-4.0;2.309;2.0;0.0;2.309;-1.0;-1.0;0.577;-0.5;0.907
16;11;189;2.06;-1.0;-19;53;35;-15;1.229;1.142;-0.087;327;19811;5;0.442;77.0;69.0;61.0;16.0;16.0;12.0;10.0;13.0;22.0;-1.0;0.0;0.0;2.0;1.0;12.0;8.0;5.0;-4.0;3.0;5.1;11.574;20.884;12.22;15.163;15.88;23.0;1.155;0.976;1.399;14.333;2.887;11.0;16.0;13.571;2.07;11.0;16.0;11.929;2.786;6.0;16.0;13.577;29.359;50.763;1.0;0.0;-0.571;0.787;0.0;0.0;2.449;5.0;1.667;-15.0;12.0;-1.714;12.606;-16.0;12.0;1.5;-16.0;1.666;5.1;-0.0;0.0;5.1;-24.0;-32.0;18.475;-8.0;0.0;2.0;1.155;-5.0;-5.0;4.509;-2.5;-5.0;2.887;-1.0;0.0;0.577;-1.0;0.909
17;11;200;2.18;-1.0;-20;57;21;-14;1.239;1.179;-0.06;334;19800;5;0.558;53.0;77.0;69.0;11.0;16.0;16.0;15.0;9.0;31.0;-2.0;-1.0;0.0;-1.0;-3.0;-15.0;12.0;8.0;8.0;3.0;5.1;10.979;20.763;12.858;15.137;14.784;25.0;0.0;1.069;1.46;12.667;2.887;11.0;16.0;13.0;2.16;11.0;16.0;12.071;2.674;6.0;16.0;11.0;29.062;51.624;1.0;-1.0;-0.857;1.215;0.0;0.0;2.449;5.0;-5.667;-15.0;12.0;-4.857;12.522;-16.0;12.0;0.286;-16.0;1.639;5.1;0.0;0.0;5.1;4.0;28.0;17.436;-10.0;0.0;0.0;1.155;0.0;5.0;2.887;-2.5;0.0;2.887;-1.0;0.0;0.0;-1.0;0.876
18;15;215;2.31;-1.0;-22;80;27;6;1.249;1.183;-0.066;343;19785;5;0.64;57.0;53.0;77.0;11.0;11.0;16.0;13.0;12.0;43.0;-3.0;-2.0;-1.0;0.0;-5.0;-14.0;-15.0;12.0;-14.0;1.0;5.15;11.017;20.29;14.572;14.338;15.59;32.0;0.0;1.069;1.46;12.333;2.309;11.0;15.0;13.286;2.289;11.0;16.0;12.286;2.785;6.0;16.0;13.051;29.214;52.819;0.577;-2.0;-1.286;1.38;0.0;0.143;2.179;5.0;-7.667;-15.0;6.0;-2.0;12.369;-16.0;12.0;0.643;-16.0;1.232;5.2;0.1;0.058;5.15;23.0;19.0;23.643;13.5;0.0;0.0;0.0;4.0;4.0;4.509;2.0;4.0;2.309;0.0;1.0;0.577;-0.5;0.848
19;16;231;2.44;-1.0;-24;81;30;4;1.259;1.192;-0.067;378;19769;5;0.701;80.0;57.0;53.0;15.0;11.0;11.0;12.0;10.0;53.0;-3.0;-3.0;-2.0;0.0;1.0;6.0;-14.0;-15.0;-16.0;11.0;5.15;11.056;20.486;13.577;11.47;16.892;32.0;0.0;0.976;1.399;14.0;2.646;11.0;16.0;13.857;2.41;11.0;16.0;12.714;2.867;6.0;16.0;15.503;29.607;54.153;0.577;-2.0;-1.571;1.272;0.0;-0.071;2.235;5.0;-1.333;-14.0;6.0;0.857;10.808;-15.0;12.0;0.143;-16.0;1.28;5.1;-0.1;0.058;5.15;1.0;-22.0;11.93;12.0;0.0;0.0;0.0;1.0;-3.0;2.082;2.5;1.0;2.646;1.0;1.0;1.0;0.5;0.845
20;7;238;2.57;0.0;-24;100;71;20;1.272;1.187;-0.085;383;19762;5;0.786;81.0;80.0;57.0;16.0;15.0;11.0;12.0;14.0;67.0;-2.0;-3.0;-3.0;0.0;2.0;4.0;6.0;-14.0;5.0;2.0;7.79;12.338;21.374;11.269;15.942;19.461;35.0;0.0;0.756;1.267;12.667;4.933;7.0;16.0;13.143;3.532;7.0;16.0;12.214;3.215;6.0;16.0;11.79;27.853;54.937;1.528;0.0;-1.571;1.272;0.0;-0.214;2.155;5.0;10.0;4.0;20.0;3.0;13.026;-15.0;20.0;1.429;-16.0;1.139;10.2;5.1;2.916;7.65;19.0;18.0;11.719;10.0;0.0;0.0;0.0;-9.0;-10.0;6.807;-4.0;-9.0;4.933;2.0;1.0;1.0;1.5;0.839
21;3;241;2.7;0.0;-31;87;56;5;1.294;1.201;-0.093;387;19759;5;0.832;100.0;81.0;80.0;7.0;16.0;15.0;16.0;6.0;73.0;0.0;-2.0;-3.0;0.0;2.0;20.0;4.0;6.0;8.0;10.0;7.747;13.094;22.169;9.713;16.471;20.133;35.0;0.0;0.0;1.038;8.667;6.658;3.0;16.0;11.286;4.923;3.0;16.0;12.0;3.721;3.0;16.0;5.132;24.856;53.902;1.0;0.0;-1.714;1.113;0.0;-0.429;2.065;5.0;9.667;4.0;20.0;2.571;12.882;-15.0;20.0;1.071;-16.0;1.367;5.0;-5.2;2.974;7.6;-13.0;-32.0;16.042;3.0;0.0;0.0;0.0;-4.0;5.0;5.0;-6.5;-4.0;6.658;-1.0;-3.0;1.528;0.5;0.842
22;4;245;2.83;-1.0;-42;110;81;26;1.137;1.195;0.058;391;19755;5;0.87;87.0;100.0;81.0;3.0;7.0;16.0;16.0;11.0;84.0;-1.0;0.0;-2.0;-1.0;5.0;5.0;20.0;4.0;12.0;10.0;5.05;13.446;22.883;11.533;20.812;23.178;35.0;1.155;0.756;1.267;4.667;2.082;3.0;7.0;9.571;5.094;3.0;16.0;11.5;4.292;3.0;16.0;3.512;21.777;51.887;1.0;0.0;-1.857;1.069;0.0;-0.929;1.385;2.0;17.0;5.0;26.0;4.571;15.426;-15.0;26.0;2.214;-16.0;1.127;5.1;0.1;2.974;5.05;23.0;36.0;19.732;5.0;-2.0;-2.0;1.155;1.0;5.0;5.0;-1.5;1.0;2.082;-1.0;0.0;1.732;-1.0;0.833
23;4;249;2.96;0.0;-49;94;89;8;1.337;1.21;-0.127;394;19751;5;0.937;110.0;87.0;100.0;4.0;3.0;7.0;11.0;10.0;94.0;-2.0;-1.0;0.0;-2.0;2.0;26.0;5.0;20.0;-15.0;-4.0;6.391;13.987;23.844;11.79;16.99;22.586;35.0;1.155;0.976;1.399;3.667;0.577;3.0;4.0;8.571;5.442;3.0;16.0;11.071;4.731;3.0;16.0;4.0;17.727;48.835;1.0;0.0;-1.571;1.272;0.0;-1.071;1.141;0.0;13.0;5.0;26.0;7.857;12.786;-14.0;26.0;3.071;-16.0;1.4;7.6;2.5;1.473;6.35;-16.0;-39.0;21.703;3.5;0.0;2.0;1.155;0.0;-1.0;2.646;0.5;0.0;0.577;2.0;3.0;1.732;0.5;0.837
24;14;263;3.09;3.0;-52;98;99;10;1.36;1.228;-0.132;397;19737;5;0.955;94.0;110.0;87.0;4.0;4.0;3.0;11.0;15.0;109.0;0.0;-2.0;-1.0;-3.0;-1.0;8.0;26.0;5.0;-14.0;8.0;10.31;15.835;25.055;8.327;10.9;23.004;35.0;0.0;1.069;1.46;7.333;5.774;4.0;14.0;9.0;5.774;3.0;16.0;11.0;4.674;3.0;16.0;9.452;14.975;46.491;4.163;6.0;-0.286;2.984;6.0;-0.571;2.209;6.0;14.667;8.0;26.0;11.286;8.42;4.0;26.0;3.214;-16.0;1.473;12.8;5.2;3.928;10.2;4.0;20.0;19.502;-6.0;0.0;0.0;1.155;10.0;10.0;5.508;5.0;10.0;5.774;6.0;4.0;3.512;4.0;0.826
25;14;277;3.22;3.0;-55;90;98;0;1.382;1.255;-0.127;400;19723;5;1.025;98.0;94.0;110.0;14.0;4.0;4.0;15.0;13.0;122.0;6.0;0.0;-2.0;-3.0;0.0;10.0;8.0;26.0;6.0;-14.0;10.355;17.044;26.544;4.0;9.499;20.303;39.0;0.0;1.069;1.46;10.667;5.774;4.0;14.0;8.857;5.61;3.0;16.0;11.071;4.714;3.0;16.0;14.0;15.837;44.67;4.163;8.0;1.286;4.03;8.0;0.0;3.187;8.0;6.0;0.0;10.0;10.429;9.307;0.0;26.0;4.214;-16.0;1.69;7.7;-5.1;2.974;10.25;-8.0;-12.0;10.066;-2.0;0.0;0.0;0.0;0.0;-10.0;5.774;5.0;0.0;5.774;2.0;-4.0;2.309;4.0;0.814
26;16;293;3.35;5.0;-55;88;94;-4;1.405;1.287;-0.118;402;19707;5;1.087;90.0;98.0;94.0;14.0;14.0;4.0;16.0;12.0;134.0;8.0;6.0;0.0;-2.0;0.0;0.0;10.0;8.0;4.0;-16.0;9.031;18.11;28.329;5.292;8.139;16.958;53.0;0.0;0.976;1.399;14.667;1.155;14.0;16.0;8.857;5.61;3.0;16.0;11.357;4.893;3.0;16.0;15.011;20.616;43.511;3.055;12.0;3.286;5.376;12.0;0.857;4.521;12.0;2.0;-4.0;10.0;9.286;10.626;-4.0;26.0;5.071;-15.0;1.845;10.3;2.6;2.55;9.0;-2.0;6.0;6.0;-5.0;0.0;0.0;0.0;2.0;2.0;5.292;1.0;2.0;1.155;4.0;2.0;2.0;3.0;0.797
27;5;298;3.4;-5.0;-77;94;94;0;1.426;1.3;-0.126;404;19702;5;1.1;88.0;90.0;98.0;16.0;14.0;14.0;7.0;12.0;146.0;12.0;8.0;6.0;0.0;0.0;-4.0;0.0;10.0;20.0;5.0;10.15;15.496;27.033;3.055;7.871;16.119;53.0;0.0;0.756;1.267;11.667;5.859;5.0;16.0;8.571;5.769;3.0;16.0;10.857;5.172;3.0;16.0;10.97;23.223;41.647;14.0;12.0;1.286;8.499;12.0;-0.143;6.024;12.0;-1.333;-4.0;0.0;6.429;9.931;-4.0;26.0;4.714;-15.0;1.512;-20.3;-30.6;16.966;-5.0;6.0;8.0;7.024;2.0;0.0;0.0;0.0;-11.0;-13.0;7.0;-4.5;-11.0;5.859;-26.0;-30.0;16.773;-11.0;0.777
28;12;310;3.61;-13.0;-118;95;95;0;1.446;1.303;-0.143;405;19690;5;1.103;94.0;88.0;90.0;5.0;16.0;14.0;3.0;16.0;162.0;-14.0;12.0;8.0;-1.0;0.0;0.0;-4.0;0.0;5.0;8.0;16.599;13.561;24.774;3.786;7.161;15.733;53.0;0.0;0.0;1.038;11.0;5.568;5.0;16.0;9.857;5.305;4.0;16.0;10.571;4.972;3.0;16.0;8.737;25.125;40.679;22.121;12.0;-3.143;15.269;12.0;-2.429;10.427;12.0;-1.333;-4.0;0.0;5.714;10.226;-4.0;26.0;4.143;-15.0;1.363;-12.6;7.7;15.917;-16.45;1.0;-5.0;4.041;3.5;0.0;0.0;0.0;7.0;18.0;9.292;-2.0;7.0;5.568;-18.0;8.0;15.535;-22.0;0.769
1;23;23;0.1;-2.0;-5;22;-5;8;0.321;0.255;-0.066;0;19977;6;0.255;22.0;22.0;22.0;23.0;23.0;23.0;23.0;23.0;23.0;-5.0;-5.0;-5.0;-5.0;-5.0;8.0;8.0;8.0;8.0;8.0;7.071;7.071;7.071;3.536;3.536;3.536;22.0;0.0;0.0;0.0;23.0;4.95;23.0;23.0;23.0;4.95;23.0;23.0;23.0;4.95;23.0;23.0;11.314;11.314;11.314;4.243;-5.0;-5.0;4.243;-5.0;-5.0;4.243;-5.0;8.0;8.0;8.0;8.0;5.657;8.0;8.0;8.0;8.0;0.568;10.0;-9.9;7.0;5.05;-5.0;8.0;5.657;-1.0;0.0;0.0;0.0;-7.0;3.0;2.121;-5.5;-4.0;2.828;6.0;-10.0;7.071;1.0;3.922
2;16;39;0.23;0.0;-5;17;-5;0;0.549;0.515;-0.034;0;19961;6;0.255;22.0;22.0;22.0;23.0;23.0;23.0;23.0;23.0;23.0;-5.0;-5.0;-5.0;-5.0;-5.0;8.0;8.0;8.0;8.0;8.0;7.071;7.071;7.071;3.536;3.536;3.536;17.0;0.0;0.0;0.0;19.5;4.95;16.0;23.0;19.5;4.95;16.0;23.0;19.5;4.95;16.0;23.0;11.314;11.314;11.314;4.243;1.0;-2.0;4.243;1.0;-2.0;4.243;1.0;4.0;0.0;8.0;4.0;5.657;0.0;8.0;4.0;0.0;1.324;10.0;-9.9;7.0;5.05;-5.0;8.0;5.657;-1.0;0.0;0.0;0.0;-7.0;3.0;2.121;-5.5;-4.0;2.828;6.0;-10.0;7.071;1.0;3.922
3;12;51;0.36;-1.0;-8;20;-6;0;0.711;0.659;-0.052;0;19949;6;0.255;17.0;22.0;22.0;16.0;23.0;23.0;23.0;23.0;23.0;1.0;-5.0;-5.0;-5.0;-5.0;0.0;8.0;8.0;8.0;8.0;5.803;5.803;5.803;2.517;2.517;2.517;17.0;0.0;0.0;0.0;17.0;5.568;12.0;23.0;17.0;5.568;12.0;23.0;17.0;5.568;12.0;23.0;14.048;14.048;14.048;3.055;1.0;-2.333;3.055;1.0;-2.333;3.055;1.0;2.667;0.0;8.0;2.667;4.619;0.0;8.0;2.667;0.0;1.13;0.1;-9.9;7.0;5.05;3.0;8.0;5.657;-1.0;0.0;0.0;0.0;-4.0;3.0;2.121;-5.5;-4.0;2.828;-4.0;-10.0;7.071;1.0;1.942
4;16;67;0.49;-2.0;-13;11;-19;-14;0.826;0.843;0.017;0;19933;6;0.255;20.0;17.0;22.0;12.0;16.0;23.0;23.0;23.0;23.0;-3.0;1.0;-5.0;-5.0;-5.0;0.0;0.0;8.0;8.0;8.0;1.473;5.581;5.581;4.583;4.796;4.796;11.0;0.0;0.0;0.0;14.667;2.309;12.0;16.0;16.75;4.573;12.0;23.0;16.75;4.573;12.0;23.0;14.048;18.619;18.619;3.055;1.0;-3.0;2.828;1.0;-3.0;2.828;1.0;-4.667;-14.0;0.0;-1.5;9.147;-14.0;8.0;-1.5;-14.0;2.282;2.5;2.4;5.164;1.3;-9.0;-12.0;6.11;-3.0;0.0;0.0;0.0;4.0;8.0;5.686;-0.0;4.0;2.309;-2.0;2.0;5.292;-3.0;1.517
5;12;79;0.62;-3.0;-21;33;-13;6;0.914;0.84;-0.074;0;19921;6;0.255;11.0;20.0;17.0;16.0;12.0;16.0;23.0;23.0;23.0;-5.0;-3.0;1.0;-5.0;-5.0;-14.0;0.0;0.0;8.0;8.0;2.5;5.74;5.74;11.06;8.081;8.081;11.0;0.0;0.0;0.0;13.333;2.309;12.0;16.0;15.8;4.494;12.0;23.0;15.8;4.494;12.0;23.0;14.048;22.163;22.163;1.528;-3.0;-3.6;2.793;1.0;-3.6;2.793;1.0;-2.667;-14.0;6.0;0.0;8.602;-14.0;8.0;0.0;-14.0;0.836;2.5;0.0;1.386;2.5;22.0;31.0;15.631;6.5;0.0;0.0;0.0;-4.0;-8.0;4.619;0.0;-4.0;2.309;-1.0;1.0;1.528;-1.5;1.186
6;14;93;0.75;-1.0;-25;23;-20;-7;0.979;0.942;-0.037;0;19907;6;0.255;33.0;11.0;20.0;12.0;16.0;12.0;23.0;23.0;23.0;-6.0;-5.0;-3.0;-5.0;-5.0;6.0;-14.0;0.0;8.0;8.0;5.26;7.426;7.426;11.015;7.294;7.294;11.0;0.0;0.0;0.0;14.0;2.0;12.0;16.0;15.5;4.087;12.0;23.0;15.5;4.087;12.0;23.0;13.013;25.997;25.997;1.528;-3.0;-3.5;2.51;1.0;-3.5;2.51;1.0;-5.0;-14.0;6.0;-1.167;8.208;-14.0;8.0;-1.167;-14.0;1.53;7.6;5.1;2.944;5.05;-10.0;-32.0;18.193;6.0;0.0;0.0;0.0;2.0;6.0;4.163;-1.0;2.0;2.0;3.0;4.0;2.646;1.0;1.19
7;10;103;0.68;0.0;-22;36;-16;3;1.029;0.992;-0.037;270;19897;6;0.255;23.0;33.0;11.0;14.0;12.0;16.0;23.0;23.0;23.0;-3.0;-6.0;-5.0;-5.0;-5.0;-7.0;6.0;-14.0;8.0;8.0;7.55;9.725;9.725;6.807;8.745;8.745;11.0;0.0;0.0;0.0;12.0;2.0;10.0;14.0;14.714;4.271;10.0;23.0;14.714;4.271;10.0;23.0;12.055;29.052;29.052;3.0;0.0;-3.0;2.646;1.0;-3.0;2.646;1.0;0.667;-7.0;6.0;-0.571;7.656;-14.0;8.0;-0.571;-14.0;1.186;7.5;-0.1;2.916;7.55;13.0;23.0;16.503;1.5;0.0;0.0;0.0;-4.0;-6.0;3.464;-1.0;-4.0;2.0;3.0;0.0;2.309;3.0;1.062
8;11;114;1.01;1.0;-24;36;-19;-2;1.068;1.049;-0.019;268;19886;6;0.255;36.0;23.0;33.0;10.0;14.0;12.0;23.0;23.0;23.0;0.0;-3.0;-6.0;-5.0;-5.0;3.0;-7.0;6.0;8.0;8.0;6.338;10.165;11.651;7.506;9.957;9.285;11.0;1.155;0.756;0.707;11.667;2.082;10.0;14.0;13.0;2.38;10.0;16.0;14.25;4.166;10.0;23.0;10.504;27.441;31.993;3.0;3.0;-1.857;3.288;3.0;-2.25;3.24;3.0;-2.0;-7.0;3.0;-2.0;6.658;-14.0;6.0;-0.75;-14.0;1.328;5.1;-2.4;1.415;6.3;0.0;-13.0;11.533;6.5;-2.0;-2.0;1.155;1.0;5.0;3.215;-1.5;1.0;2.082;3.0;0.0;0.0;3.0;1.008
9;15;129;1.14;1.0;-21;34;-26;-7;1.099;1.124;0.025;274;19871;6;0.255;36.0;36.0;23.0;11.0;10.0;14.0;16.0;23.0;23.0;3.0;0.0;-3.0;1.0;-5.0;-2.0;3.0;-7.0;0.0;8.0;6.391;12.432;13.904;1.155;9.71;9.217;11.0;1.155;0.976;0.882;12.0;2.646;10.0;15.0;12.857;2.193;10.0;16.0;14.333;3.905;10.0;23.0;13.051;27.206;35.606;1.528;3.0;-1.714;3.45;3.0;-1.778;3.346;3.0;-2.0;-7.0;3.0;-3.0;6.831;-14.0;6.0;-1.444;-14.0;1.629;7.6;2.5;1.415;6.35;-2.0;-2.0;8.145;-1.0;0.0;2.0;1.155;4.0;3.0;4.041;2.5;4.0;2.646;-1.0;-4.0;2.309;1.0;0.953
10;4;133;1.27;1.0;-23;49;-22;4;1.129;1.133;0.004;281;19867;6;0.255;34.0;36.0;36.0;15.0;11.0;10.0;12.0;23.0;23.0;2.0;3.0;0.0;-3.0;-5.0;-7.0;-2.0;3.0;0.0;8.0;5.26;12.942;15.394;8.145;11.884;11.377;11.0;0.0;1.069;0.966;10.0;5.568;4.0;15.0;11.714;4.03;4.0;16.0;13.3;4.923;4.0;23.0;10.017;24.724;37.872;0.577;3.0;-1.0;3.651;3.0;-1.4;3.373;3.0;-1.667;-7.0;4.0;-2.429;7.277;-14.0;6.0;-0.9;-14.0;1.182;2.5;-5.1;2.55;5.05;15.0;17.0;9.292;6.5;0.0;0.0;1.155;-11.0;-15.0;7.937;-3.5;-11.0;5.568;0.0;1.0;2.082;-0.5;0.89
11;6;139;1.4;-1.0;-25;52;-20;3;1.149;1.139;-0.01;289;19861;6;0.255;49.0;34.0;36.0;4.0;15.0;11.0;16.0;23.0;23.0;2.0;2.0;3.0;-5.0;-5.0;4.0;-7.0;-2.0;-14.0;8.0;2.5;12.268;16.5;9.644;9.914;12.978;11.0;0.0;1.069;1.009;8.333;5.859;4.0;15.0;10.286;4.03;4.0;15.0;12.636;5.163;4.0;23.0;5.033;22.319;39.686;2.887;2.0;-0.714;3.352;3.0;-1.545;3.236;3.0;0.0;-7.0;4.0;0.0;5.354;-7.0;6.0;-0.545;-14.0;1.162;2.5;0.0;2.944;2.5;3.0;-12.0;8.737;9.0;0.0;0.0;0.0;2.0;13.0;8.145;-4.5;2.0;5.859;-5.0;-5.0;2.646;-2.5;0.883
12;4;143;1.53;-1.0;-31;41;-33;-13;1.169;1.185;0.016;297;19857;6;0.255;52.0;49.0;34.0;6.0;4.0;15.0;12.0;23.0;23.0;-3.0;2.0;2.0;-6.0;-5.0;3.0;4.0;-7.0;6.0;8.0;3.873;10.688;17.721;5.686;9.759;12.755;11.0;0.0;0.976;1.03;4.667;1.155;4.0;6.0;9.143;4.562;4.0;15.0;11.917;5.518;4.0;23.0;5.033;19.0;41.015;2.887;2.0;-0.286;2.69;3.0;-1.667;3.114;3.0;-2.0;-13.0;4.0;-2.714;6.499;-13.0;4.0;-1.583;-14.0;1.598;5.1;2.6;1.501;3.8;-11.0;-14.0;13.013;-4.0;0.0;0.0;0.0;-2.0;-4.0;6.658;0.0;-2.0;1.155;0.0;5.0;2.887;-2.5;0.878
13;9;152;1.68;1.0;-33;52;-40;-5;1.186;1.218;0.032;305;19848;6;0.255;41.0;52.0;49.0;4.0;6.0;4.0;14.0;23.0;23.0;-3.0;-3.0;2.0;-3.0;-5.0;-13.0;3.0;4.0;-7.0;8.0;7.736;10.929;19.686;6.351;7.967;13.51;11.0;0.0;0.756;1.038;6.333;2.517;4.0;9.0;8.429;4.036;4.0;15.0;11.692;5.345;4.0;23.0;6.658;16.969;42.568;3.464;3.0;0.571;2.637;3.0;-1.308;3.25;3.0;-5.0;-13.0;3.0;-2.429;6.321;-13.0;4.0;-1.846;-14.0;1.454;10.1;5.0;3.863;7.6;11.0;22.0;11.136;0.0;0.0;0.0;0.0;5.0;7.0;3.512;1.5;5.0;2.517;6.0;6.0;5.508;3.0;0.844
14;16;168;1.79;0.0;-39;88;-13;27;1.208;1.165;-0.043;313;19832;6;0.255;52.0;41.0;52.0;9.0;4.0;6.0;10.0;23.0;23.0;3.0;-3.0;-3.0;0.0;-5.0;-5.0;-13.0;3.0;3.0;8.0;6.709;10.936;21.2;24.583;18.191;19.656;11.0;0.0;0.0;1.038;9.667;6.028;4.0;16.0;9.286;4.957;4.0;16.0;12.0;5.262;4.0;23.0;12.662;17.241;45.051;3.0;3.0;0.571;2.637;3.0;-1.214;3.142;3.0;3.0;-13.0;27.0;1.0;12.871;-13.0;27.0;0.214;-14.0;0.889;2.6;-7.5;3.819;6.35;36.0;25.0;23.516;23.5;0.0;0.0;0.0;7.0;2.0;4.726;6.0;7.0;6.028;-3.0;-9.0;4.583;1.5;0.821
15;14;182;1.92;1.0;-37;51;-27;-14;1.219;1.21;-0.009;320;19818;6;0.255;88.0;52.0;41.0;16.0;9.0;4.0;11.0;23.0;23.0;0.0;3.0;-3.0;3.0;-5.0;27.0;-5.0;-13.0;-2.0;8.0;5.3;11.564;21.622;21.079;17.077;19.514;11.0;1.155;0.756;1.267;13.0;3.606;9.0;16.0;9.714;5.251;4.0;16.0;11.357;4.272;4.0;16.0;15.011;19.364;43.523;1.528;3.0;0.429;2.507;3.0;-0.714;3.049;3.0;2.667;-14.0;27.0;-0.714;14.08;-14.0;27.0;-1.357;-14.0;1.682;7.6;5.0;3.819;5.1;-37.0;-73.0;37.099;-0.5;-2.0;-2.0;1.155;-2.0;-9.0;4.726;2.5;-2.0;3.606;2.0;5.0;4.509;-0.5;0.858
16;8;190;2.06;0.0;-36;60;-34;-8;1.229;1.237;0.008;327;19810;6;0.515;51.0;88.0;52.0;14.0;16.0;9.0;15.0;16.0;39.0;2.0;0.0;3.0;2.0;1.0;-14.0;27.0;-5.0;-7.0;0.0;6.391;12.646;22.596;19.296;15.115;19.203;11.0;1.155;0.976;1.399;12.667;4.163;8.0;16.0;8.714;4.716;4.0;16.0;10.786;4.136;4.0;16.0;11.136;22.162;42.275;1.0;2.0;0.286;2.43;3.0;-0.714;3.049;3.0;1.667;-14.0;27.0;-0.857;14.159;-14.0;27.0;-1.929;-14.0;1.515;5.1;-2.5;2.5;6.35;9.0;46.0;36.91;-14.0;0.0;2.0;1.155;-6.0;-4.0;6.658;-4.0;-6.0;4.163;-1.0;-3.0;2.517;0.5;0.826
17;16;206;2.18;0.0;-35;66;-39;-5;1.239;1.257;0.018;334;19794;6;0.659;60.0;51.0;88.0;8.0;14.0;16.0;4.0;12.0;51.0;1.0;2.0;0.0;2.0;-3.0;-8.0;-14.0;27.0;4.0;0.0;5.1;13.021;23.0;7.55;15.142;19.11;11.0;0.0;1.069;1.46;12.667;4.163;8.0;16.0;10.429;4.894;4.0;16.0;11.071;4.358;4.0;16.0;12.22;25.31;41.84;1.0;2.0;0.0;2.309;3.0;-0.5;2.981;3.0;-9.0;-14.0;-5.0;-2.143;14.053;-14.0;27.0;-2.286;-14.0;1.455;5.1;-0.0;1.443;5.1;6.0;-3.0;25.736;7.5;0.0;0.0;1.155;8.0;14.0;7.211;1.0;8.0;4.163;-1.0;0.0;1.732;-1.0;0.808
18;6;212;2.31;0.0;-33;71;-42;-3;1.249;1.273;0.024;343;19788;6;0.843;66.0;60.0;51.0;16.0;8.0;14.0;6.0;16.0;67.0;0.0;1.0;2.0;-3.0;-5.0;-5.0;-8.0;-14.0;3.0;-14.0;5.1;12.45;23.023;5.508;15.467;17.527;23.0;0.0;1.069;1.46;10.0;5.292;6.0;16.0;10.429;4.894;4.0;16.0;10.357;4.308;4.0;16.0;11.372;26.122;41.505;1.0;1.0;0.286;1.976;3.0;-0.214;2.694;3.0;-5.333;-8.0;-3.0;-3.0;13.868;-14.0;27.0;-1.5;-14.0;1.424;5.1;0.0;0.0;5.1;5.0;-1.0;2.082;5.5;0.0;0.0;0.0;-10.0;-18.0;9.452;-1.0;-10.0;5.292;-1.0;0.0;0.0;-1.0;0.796
19;13;225;2.44;0.0;-33;78;-42;1;1.259;1.281;0.022;378;19775;6;0.84;71.0;66.0;60.0;6.0;16.0;8.0;4.0;12.0;79.0;-1.0;0.0;1.0;-3.0;-6.0;-3.0;-5.0;-8.0;-13.0;6.0;5.1;11.436;22.591;6.028;13.587;18.387;23.0;0.0;0.976;1.399;11.667;5.132;6.0;16.0;11.714;4.03;6.0;16.0;10.429;4.345;4.0;16.0;9.713;25.669;41.737;0.577;0.0;0.714;1.38;3.0;0.214;2.119;3.0;-2.333;-5.0;1.0;-1.0;13.178;-14.0;27.0;-1.857;-14.0;1.362;5.1;0.0;0.0;5.1;7.0;2.0;1.0;6.0;0.0;0.0;0.0;7.0;17.0;10.116;-1.5;7.0;5.132;1.0;2.0;1.155;-0.0;0.786
20;8;233;2.57;1.0;-31;82;-19;2;1.272;1.292;0.02;383;19767;6;0.942;78.0;71.0;66.0;13.0;6.0;16.0;9.0;14.0;93.0;0.0;-1.0;0.0;3.0;-3.0;1.0;-3.0;-5.0;-5.0;-7.0;7.79;12.859;23.02;5.568;12.941;17.823;34.0;0.0;0.756;1.267;9.0;3.606;6.0;13.0;11.571;4.158;6.0;16.0;10.0;4.261;4.0;16.0;10.599;23.471;42.158;1.528;2.0;0.571;1.134;2.0;0.571;1.95;3.0;0.0;-3.0;2.0;0.0;13.089;-14.0;27.0;-1.214;-14.0;1.42;10.2;5.1;2.944;7.65;4.0;-3.0;1.528;5.5;0.0;0.0;0.0;-5.0;-12.0;8.737;1.0;-5.0;3.606;2.0;1.0;1.528;1.5;0.781
21;8;241;2.7;1.0;-35;91;-30;9;1.294;1.296;0.002;387;19759;6;0.992;82.0;78.0;71.0;8.0;13.0;6.0;16.0;10.0;103.0;2.0;0.0;-1.0;0.0;0.0;2.0;1.0;-3.0;27.0;3.0;7.79;13.074;23.579;6.658;13.635;18.901;34.0;0.0;0.0;1.038;9.667;2.887;8.0;13.0;10.429;3.823;6.0;16.0;9.857;4.294;4.0;16.0;8.0;21.861;42.338;1.0;2.0;0.714;1.113;2.0;0.643;1.946;3.0;4.0;1.0;9.0;-2.571;7.458;-14.0;9.0;-0.786;-14.0;1.335;5.1;-5.1;2.944;7.65;9.0;5.0;2.517;6.5;0.0;0.0;0.0;0.0;5.0;6.028;-2.5;0.0;2.887;-1.0;-3.0;1.528;0.5;0.774
22;10;251;2.83;0.0;-44;83;-31;-1;1.137;1.313;0.176;391;19749;6;1.049;91.0;82.0;78.0;8.0;8.0;13.0;14.0;11.0;114.0;1.0;2.0;0.0;2.0;3.0;9.0;2.0;1.0;-14.0;-2.0;5.1;13.447;23.992;4.933;10.761;18.326;34.0;1.155;0.756;1.267;8.667;1.155;8.0;10.0;9.857;3.485;6.0;16.0;9.786;4.282;4.0;16.0;9.018;21.251;42.683;0.577;2.0;0.571;0.976;2.0;0.5;1.829;3.0;3.333;-1.0;9.0;-0.714;5.499;-8.0;9.0;-0.714;-14.0;1.525;5.1;0.0;2.944;5.1;-8.0;-17.0;8.737;0.5;-2.0;-2.0;1.155;2.0;2.0;3.606;1.0;2.0;1.155;0.0;1.0;1.528;-0.5;0.772
23;5;256;2.96;2.0;-46;86;-31;0;1.337;1.333;-0.004;394;19744;6;1.124;83.0;91.0;82.0;10.0;8.0;8.0;8.0;15.0;129.0;1.0;1.0;2.0;1.0;2.0;-1.0;9.0;2.0;-8.0;-7.0;7.79;14.638;25.214;4.041;8.658;16.965;41.0;1.155;0.976;1.399;7.667;2.517;5.0;10.0;9.429;3.91;5.0;16.0;9.071;4.178;4.0;16.0;7.638;18.903;43.13;2.309;5.0;1.143;1.952;5.0;0.714;2.164;5.0;2.667;-1.0;9.0;0.429;4.467;-5.0;9.0;-0.214;-14.0;1.591;10.2;5.1;2.944;7.65;3.0;11.0;8.622;-2.5;0.0;2.0;1.155;-5.0;-7.0;3.606;-1.5;-5.0;2.517;4.0;4.0;2.646;2.0;0.762
24;12;268;3.09;0.0;-56;102;-17;14;1.36;1.334;-0.026;397;19732;6;1.133;86.0;83.0;91.0;5.0;10.0;8.0;16.0;4.0;133.0;5.0;1.0;1.0;0.0;2.0;0.0;-1.0;9.0;-5.0;4.0;5.889;13.945;25.292;10.214;9.861;18.295;41.0;0.0;1.069;1.46;9.0;3.606;5.0;12.0;8.857;2.968;5.0;13.0;9.643;3.973;4.0;16.0;8.737;19.213;43.276;3.055;5.0;1.0;2.082;5.0;0.5;2.175;5.0;4.333;-1.0;14.0;3.143;6.094;-3.0;14.0;0.5;-14.0;1.341;0.0;-10.2;5.1;5.1;16.0;13.0;12.014;9.5;0.0;0.0;1.155;7.0;12.0;6.028;1.0;7.0;3.606;-6.0;-10.0;5.033;-1.0;0.75
25;8;276;3.22;0.0;-67;118;10;28;1.382;1.324;-0.058;400;19724;6;1.139;102.0;86.0;83.0;12.0;5.0;10.0;6.0;6.0;139.0;-1.0;5.0;1.0;-1.0;-3.0;14.0;0.0;-1.0;-3.0;3.0;4.446;13.377;25.191;16.0;14.07;21.128;41.0;0.0;1.069;1.46;8.333;3.512;5.0;12.0;9.143;2.734;5.0;13.0;9.786;3.867;4.0;16.0;10.066;18.403;42.76;3.215;5.0;1.143;1.952;5.0;0.714;1.939;5.0;14.0;0.0;28.0;7.571;10.533;-1.0;28.0;2.286;-14.0;1.225;7.7;7.7;5.316;3.85;16.0;0.0;7.506;16.0;0.0;0.0;0.0;-4.0;-11.0;6.658;1.5;-4.0;3.512;1.0;7.0;5.132;-2.5;0.75
26;10;286;3.35;1.0;-77;65;-17;-27;1.405;1.368;-0.037;402;19714;6;1.185;118.0;102.0;86.0;8.0;12.0;5.0;13.0;4.0;143.0;0.0;-1.0;5.0;0.0;-3.0;28.0;14.0;0.0;1.0;-13.0;7.7;12.757;25.165;27.185;16.742;18.894;51.0;0.0;0.976;1.399;10.0;2.0;8.0;12.0;8.714;2.215;5.0;12.0;10.214;3.49;5.0;16.0;9.018;19.024;41.425;1.528;2.0;1.429;1.902;5.0;1.071;1.639;5.0;5.0;-27.0;28.0;3.571;16.861;-27.0;28.0;1.286;-27.0;2.342;7.7;0.0;4.446;7.7;-53.0;-69.0;39.837;-18.5;0.0;0.0;0.0;2.0;6.0;5.508;-1.0;2.0;2.0;2.0;1.0;4.359;1.5;0.755
27;15;301;3.4;1.0;-84;87;-24;-7;1.426;1.393;-0.033;404;19699;6;1.218;65.0;118.0;102.0;10.0;8.0;12.0;8.0;9.0;152.0;2.0;0.0;-1.0;2.0;3.0;-27.0;28.0;14.0;2.0;-5.0;6.49;12.985;25.546;26.627;16.469;17.439;51.0;0.0;0.756;1.267;11.0;3.606;8.0;15.0;9.714;3.2;5.0;15.0;10.643;3.692;5.0;16.0;12.583;20.967;40.435;1.0;2.0;1.286;1.89;5.0;0.929;1.542;5.0;-2.0;-27.0;28.0;2.286;17.337;-27.0;28.0;1.143;-27.0;1.809;5.2;-2.5;1.443;6.45;22.0;75.0;41.677;-15.5;0.0;0.0;0.0;5.0;3.0;4.583;3.5;5.0;3.606;-1.0;-3.0;1.528;0.5;0.731
28;15;316;3.61;-1.0;-94;87;-31;-8;1.446;1.416;-0.03;405;19684;6;1.165;87.0;65.0;118.0;15.0;10.0;8.0;8.0;16.0;168.0;1.0;2.0;0.0;1.0;0.0;-7.0;-27.0;28.0;9.0;27.0;3.972;12.273;25.122;12.702;16.51;17.408;51.0;0.0;0.0;1.038;13.333;2.887;10.0;15.0;10.714;3.638;5.0;15.0;10.571;3.589;5.0;16.0;15.0;23.611;40.816;2.082;2.0;0.857;2.268;5.0;0.786;1.718;5.0;-14.0;-27.0;-7.0;-0.143;17.43;-27.0;28.0;-1.357;-27.0;1.839;2.6;-2.6;2.55;3.9;0.0;-22.0;38.553;11.0;0.0;0.0;0.0;0.0;-5.0;2.517;2.5;0.0;2.887;-3.0;-2.0;2.517;-2.0;0.718
29;15;331;3.74;-8.0;-127;164;37;68;1.47;1.37;-1468.63;406;19669;6;1.21;87.0;87.0;65.0;15.0;15.0;10.0;10.0;14.0;182.0;-2.0;1.0;2.0;1.0;2.0;-8.0;-7.0;-27.0;-1.0;-14.0;6.652;9.25;23.296;44.456;32.071;26.5;60.0;0.0;0.0;1.027;15.0;0.0;15.0;15.0;11.429;3.952;5.0;15.0;10.643;3.671;5.0;16.0;15.0;26.857;42.264;11.93;1.0;-2.286;8.558;5.0;-0.857;6.037;5.0;17.667;-8.0;68.0;9.714;31.052;-27.0;68.0;4.5;-27.0;0.899;-12.6;-15.2;9.615;-5.0;77.0;77.0;39.661;38.5;0.0;0.0;0.0;0.0;0.0;2.887;0.0;0.0;0.0;-19.0;-16.0;9.866;-11.0;0.706
1;19;19;0.1;0.0;0;22;8;8;0.321;0.28;-0.041;0;19481;7;0.28;22.0;22.0;22.0;19.0;19.0;19.0;19.0;19.0;19.0;0.0;0.0;0.0;0.0;0.0;8.0;8.0;8.0;8.0;8.0;1.768;1.768;1.768;3.536;3.536;3.536;22.0;0.0;0.0;0.0;19.0;11.314;19.0;19.0;19.0;11.314;19.0;19.0;19.0;11.314;19.0;19.0;2.121;2.121;2.121;0.707;0.0;0.0;0.707;0.0;0.0;0.707;0.0;8.0;8.0;8.0;8.0;5.657;8.0;8.0;8.0;8.0;0.818;2.5;2.7;1.909;3.85;-5.0;14.0;9.899;2.0;0.0;0.0;0.0;-16.0;28.0;19.799;-2.0;12.0;8.485;-1.0;2.0;1.414;-0.0;3.571
2;3;22;0.23;-1.0;-1;17;8;0;0.549;0.475;-0.074;0;19478;7;0.28;22.0;22.0;22.0;19.0;19.0;19.0;19.0;19.0;19.0;0.0;0.0;0.0;0.0;0.0;8.0;8.0;8.0;8.0;8.0;1.768;1.768;1.768;3.536;3.536;3.536;17.0;0.0;0.0;0.0;11.0;11.314;3.0;19.0;11.0;11.314;3.0;19.0;11.0;11.314;3.0;19.0;2.121;2.121;2.121;0.707;0.0;-0.5;0.707;0.0;-0.5;0.707;0.0;4.0;0.0;8.0;4.0;5.657;0.0;8.0;4.0;0.0;1.206;2.5;2.7;1.909;3.85;-5.0;14.0;9.899;2.0;0.0;0.0;0.0;-16.0;28.0;19.799;-2.0;12.0;8.485;-1.0;2.0;1.414;-0.0;3.571
3;15;37;0.36;0.0;-2;26;13;6;0.711;0.6;-0.111;0;19463;7;0.28;17.0;22.0;22.0;3.0;19.0;19.0;19.0;19.0;19.0;-1.0;0.0;0.0;0.0;0.0;0.0;8.0;8.0;8.0;8.0;3.928;3.928;3.928;4.509;4.509;4.509;17.0;0.0;0.0;0.0;12.333;8.327;3.0;19.0;12.333;8.327;3.0;19.0;12.333;8.327;3.0;19.0;9.644;9.644;9.644;0.577;0.0;-0.333;0.577;0.0;-0.333;0.577;0.0;4.667;0.0;8.0;4.667;4.163;0.0;8.0;4.667;0.0;0.988;5.2;2.7;1.909;3.85;9.0;14.0;9.899;2.0;0.0;0.0;0.0;12.0;28.0;19.799;-2.0;12.0;8.485;1.0;2.0;1.414;-0.0;2.105
4;10;47;0.49;-1.0;-4;24;14;0;0.826;0.706;-0.12;0;19453;7;0.28;26.0;17.0;22.0;15.0;3.0;19.0;19.0;19.0;19.0;0.0;-1.0;0.0;0.0;0.0;6.0;0.0;8.0;8.0;8.0;3.972;4.711;4.711;4.726;3.862;3.862;17.0;0.0;0.0;0.0;9.333;6.028;3.0;15.0;11.75;6.898;3.0;19.0;11.75;6.898;3.0;19.0;12.583;13.124;13.124;1.0;0.0;-0.75;0.957;0.0;-0.75;0.957;0.0;2.0;0.0;6.0;3.5;4.123;0.0;8.0;3.5;0.0;1.179;2.6;-2.6;1.531;3.9;-2.0;-11.0;7.371;3.5;0.0;0.0;0.0;-5.0;-17.0;14.107;3.5;-5.0;6.028;-2.0;-3.0;1.528;-0.5;1.667
5;2;49;0.62;0.0;-5;30;17;3;0.914;0.782;-0.132;0;19451;7;0.28;24.0;26.0;17.0;10.0;15.0;3.0;19.0;19.0;19.0;-2.0;0.0;-1.0;0.0;0.0;0.0;6.0;0.0;8.0;8.0;3.917;6.145;6.145;3.055;4.817;4.817;17.0;0.0;0.0;0.0;9.0;6.557;2.0;15.0;9.8;7.396;2.0;19.0;9.8;7.396;2.0;19.0;6.429;13.864;13.864;1.0;0.0;-0.8;0.837;0.0;-0.8;0.837;0.0;3.0;0.0;6.0;3.4;3.578;0.0;8.0;3.4;0.0;1.113;5.1;2.5;1.473;3.85;6.0;8.0;5.686;2.0;0.0;0.0;0.0;-8.0;-3.0;10.786;-6.5;-8.0;6.557;1.0;3.0;1.732;-0.5;1.416
6;15;64;0.75;0.0;-6;24;11;-6;0.979;0.889;-0.09;0;19436;7;0.28;30.0;24.0;26.0;2.0;10.0;15.0;19.0;19.0;19.0;-1.0;-2.0;0.0;0.0;0.0;3.0;0.0;6.0;8.0;8.0;5.15;7.76;7.76;3.464;4.309;4.309;17.0;0.0;0.0;0.0;9.0;6.557;2.0;15.0;10.667;6.947;2.0;19.0;10.667;6.947;2.0;19.0;9.292;17.201;17.201;1.528;1.0;-0.5;1.049;1.0;-0.5;1.049;1.0;-1.0;-6.0;3.0;1.833;4.997;-6.0;8.0;1.833;-6.0;1.608;5.2;0.1;1.473;5.15;-6.0;-12.0;6.11;0.0;0.0;0.0;0.0;13.0;21.0;11.358;2.5;13.0;6.557;2.0;1.0;2.082;1.5;1.279
7;10;74;0.68;0.0;-2;37;17;4;1.029;0.938;-0.091;270;19426;7;0.28;24.0;30.0;24.0;15.0;2.0;10.0;19.0;19.0;19.0;1.0;-1.0;-2.0;0.0;0.0;-6.0;3.0;0.0;8.0;8.0;5.2;9.409;9.409;6.506;6.343;6.343;17.0;0.0;0.0;0.0;9.0;6.557;2.0;15.0;10.571;6.347;2.0;19.0;10.571;6.347;2.0;19.0;12.583;20.37;20.37;1.155;1.0;-0.286;1.113;1.0;-0.286;1.113;1.0;0.333;-6.0;4.0;2.143;4.634;-6.0;8.0;2.143;-6.0;1.184;5.2;-0.0;0.058;5.2;13.0;19.0;9.609;3.5;0.0;0.0;0.0;-5.0;-18.0;11.358;4.0;-5.0;6.557;0.0;-2.0;1.0;1.0;1.125
8;3;77;1.01;1.0;-5;34;12;-3;1.068;0.994;-0.074;268;19423;7;0.28;37.0;24.0;30.0;10.0;15.0;2.0;19.0;19.0;19.0;1.0;1.0;-1.0;0.0;0.0;4.0;-6.0;3.0;8.0;8.0;3.928;9.593;10.492;6.807;6.779;6.563;17.0;1.155;0.756;0.707;9.333;6.028;3.0;15.0;8.286;5.648;2.0;15.0;9.625;6.457;2.0;19.0;6.807;20.029;22.071;0.0;1.0;-0.143;1.215;1.0;-0.125;1.126;1.0;-1.667;-6.0;4.0;0.571;4.158;-6.0;6.0;1.5;-6.0;1.362;2.5;-2.7;1.559;3.85;-3.0;-16.0;10.214;5.0;-2.0;-2.0;1.155;-7.0;-2.0;11.015;-6.0;-7.0;6.028;0.0;0.0;1.155;0.0;1.066
9;3;80;1.14;-1.0;-6;42;13;1;1.099;1.027;-0.072;274;19420;7;0.28;34.0;37.0;24.0;3.0;10.0;15.0;3.0;19.0;19.0;1.0;1.0;1.0;-1.0;0.0;-3.0;4.0;-6.0;0.0;8.0;3.928;9.586;11.804;4.041;6.952;7.97;17.0;1.155;0.976;0.882;5.333;4.041;3.0;10.0;8.286;5.648;2.0;15.0;8.889;6.431;2.0;19.0;3.0;16.886;23.143;1.732;1.0;-0.286;1.38;1.0;-0.333;1.225;1.0;0.667;-3.0;4.0;0.714;4.152;-6.0;6.0;1.444;-6.0;1.226;5.2;2.7;1.559;3.85;8.0;11.0;8.185;2.5;0.0;2.0;1.155;0.0;7.0;3.606;-3.5;0.0;4.041;-3.0;-3.0;1.732;-1.5;1.006
10;2;82;1.27;0.0;-9;47;15;2;1.129;1.051;-0.078;281;19418;7;0.28;42.0;34.0;37.0;3.0;3.0;10.0;15.0;19.0;19.0;-2.0;1.0;1.0;0.0;0.0;1.0;-3.0;4.0;6.0;8.0;5.15;9.962;13.224;6.557;8.737;9.534;17.0;0.0;1.069;0.966;2.667;0.577;2.0;3.0;6.429;5.192;2.0;15.0;8.2;6.443;2.0;19.0;2.517;14.57;23.779;1.732;1.0;-0.143;1.464;1.0;-0.2;1.229;1.0;0.0;-3.0;2.0;0.143;3.532;-6.0;4.0;1.5;-6.0;1.204;5.1;-0.1;1.531;5.15;5.0;-3.0;5.686;6.5;0.0;0.0;1.155;-1.0;-1.0;3.786;-0.5;-1.0;0.577;3.0;6.0;3.0;-0.0;0.974
11;2;84;1.4;0.0;-10;49;14;0;1.149;1.077;-0.072;289;19416;7;0.28;47.0;42.0;34.0;2.0;3.0;3.0;10.0;19.0;19.0;1.0;-2.0;1.0;-2.0;0.0;2.0;1.0;-3.0;0.0;8.0;5.15;9.97;14.719;3.606;9.071;10.658;17.0;0.0;1.069;1.009;2.333;0.577;2.0;3.0;5.286;5.155;2.0;15.0;7.636;6.392;2.0;19.0;2.0;12.415;24.183;1.528;1.0;0.0;1.291;1.0;-0.273;1.191;1.0;1.0;0.0;2.0;0.143;3.532;-6.0;4.0;1.364;-6.0;1.261;5.2;0.1;0.058;5.15;2.0;-3.0;3.0;3.5;0.0;0.0;0.0;0.0;1.0;0.577;-0.5;0.0;0.577;-2.0;-5.0;3.215;0.5;0.951
12;4;88;1.53;0.0;-15;54;14;0;1.169;1.097;-0.072;297;19412;7;0.28;49.0;47.0;42.0;2.0;2.0;3.0;2.0;19.0;19.0;-1.0;1.0;-2.0;-1.0;0.0;0.0;2.0;1.0;3.0;8.0;5.2;10.177;16.255;3.606;10.198;11.984;17.0;0.0;0.976;1.03;2.667;1.155;2.0;4.0;5.571;4.995;2.0;15.0;7.333;6.184;2.0;19.0;3.055;7.829;24.658;1.155;1.0;0.0;1.291;1.0;-0.333;1.155;1.0;0.667;0.0;2.0;-0.286;3.302;-6.0;4.0;1.25;-6.0;1.241;5.2;0.0;0.058;5.2;5.0;3.0;1.732;3.5;0.0;0.0;0.0;2.0;2.0;1.528;1.0;2.0;1.155;0.0;2.0;2.517;-1.0;0.929
13;6;94;1.68;0.0;-20;58;14;2;1.186;1.114;-0.072;305;19406;7;0.28;54.0;49.0;47.0;4.0;2.0;2.0;15.0;19.0;19.0;-1.0;-1.0;1.0;1.0;0.0;0.0;0.0;2.0;-6.0;8.0;5.15;10.569;17.799;4.509;8.745;13.288;17.0;0.0;0.756;1.038;4.0;2.0;2.0;6.0;4.286;2.87;2.0;10.0;7.231;5.932;2.0;19.0;5.033;6.751;25.396;0.0;-1.0;-0.286;1.254;1.0;-0.385;1.121;1.0;0.667;0.0;2.0;0.857;2.193;-3.0;4.0;1.308;-6.0;1.243;5.1;-0.1;0.058;5.15;4.0;-1.0;1.528;4.5;0.0;0.0;0.0;2.0;0.0;1.155;2.0;2.0;2.0;0.0;0.0;1.155;-0.0;0.912
14;13;107;1.79;0.0;-27;53;6;-8;1.208;1.147;-0.061;313;19393;7;0.28;58.0;54.0;49.0;6.0;4.0;2.0;10.0;19.0;19.0;-1.0;-1.0;-1.0;1.0;0.0;2.0;0.0;0.0;4.0;8.0;5.15;11.156;19.358;2.646;8.112;13.579;17.0;0.0;0.0;1.038;7.667;4.726;4.0;13.0;4.714;3.904;2.0;13.0;7.643;5.904;2.0;19.0;9.713;10.261;27.104;0.0;-1.0;-0.571;1.134;1.0;-0.429;1.089;1.0;-2.0;-8.0;2.0;-0.857;3.579;-8.0;2.0;0.643;-8.0;1.458;5.2;0.1;0.058;5.15;-5.0;-9.0;5.508;-0.5;0.0;0.0;0.0;7.0;5.0;2.887;4.5;7.0;4.726;0.0;0.0;0.0;-0.0;0.898
15;6;113;1.92;-1.0;-29;67;8;2;1.219;1.156;-0.063;320;19387;7;0.28;53.0;58.0;54.0;13.0;6.0;4.0;3.0;19.0;19.0;-1.0;-1.0;-1.0;1.0;0.0;-8.0;2.0;0.0;-3.0;8.0;5.2;11.164;19.906;7.095;8.112;15.022;17.0;1.155;0.756;1.267;8.333;4.041;6.0;13.0;5.143;3.848;2.0;13.0;6.714;4.921;2.0;15.0;9.713;12.856;26.193;0.0;-1.0;-0.857;0.9;1.0;-0.5;1.092;1.0;-1.333;-8.0;2.0;-0.143;3.579;-8.0;2.0;0.214;-8.0;1.231;5.2;0.0;0.058;5.2;14.0;19.0;9.504;4.5;-2.0;-2.0;1.155;-7.0;-14.0;7.095;0.0;-7.0;4.041;0.0;0.0;0.0;-0.0;0.872
16;11;124;2.06;-1.0;-30;76;17;8;1.229;1.156;-0.073;327;19376;7;0.475;67.0;53.0;58.0;6.0;13.0;6.0;3.0;3.0;22.0;-1.0;-1.0;-1.0;-2.0;-1.0;2.0;-8.0;2.0;1.0;0.0;5.2;11.187;20.244;11.59;10.388;16.256;24.0;1.155;0.976;1.399;10.0;3.606;6.0;13.0;6.286;4.271;2.0;13.0;7.286;4.921;2.0;15.0;8.622;16.046;25.167;0.577;-1.0;-0.857;0.9;1.0;-0.571;1.158;1.0;0.667;-8.0;8.0;0.857;4.741;-8.0;8.0;0.786;-8.0;1.154;5.2;0.0;0.0;5.2;9.0;-5.0;9.849;11.5;0.0;2.0;1.155;5.0;12.0;7.572;-1.0;5.0;3.606;-1.0;-1.0;0.577;-0.5;0.865
17;10;134;2.18;0.0;-29;71;17;0;1.239;1.173;-0.066;334;19366;7;0.6;76.0;67.0;53.0;11.0;6.0;13.0;2.0;15.0;37.0;-2.0;-1.0;-1.0;1.0;0.0;8.0;2.0;-8.0;2.0;6.0;6.543;11.823;21.005;4.509;10.221;16.787;24.0;0.0;1.069;1.46;9.0;2.646;6.0;11.0;7.429;3.994;2.0;13.0;6.929;4.48;2.0;15.0;10.504;18.75;25.764;1.0;0.0;-1.0;0.577;0.0;-0.571;1.158;1.0;3.333;0.0;8.0;0.571;4.721;-8.0;8.0;0.357;-8.0;1.345;7.8;2.6;1.501;6.5;-5.0;-14.0;9.849;2.0;0.0;0.0;1.155;-1.0;-6.0;6.0;2.0;-1.0;2.646;2.0;3.0;1.528;0.5;0.865
18;12;146;2.31;1.0;-26;74;17;0;1.249;1.193;-0.056;343;19354;7;0.706;71.0;76.0;67.0;10.0;11.0;6.0;2.0;10.0;47.0;0.0;-2.0;-1.0;-1.0;-2.0;0.0;8.0;2.0;0.0;0.0;7.8;12.879;21.8;2.517;9.621;16.705;24.0;0.0;1.069;1.46;11.0;1.0;10.0;12.0;8.857;3.485;4.0;13.0;7.071;4.615;2.0;15.0;11.015;20.98;27.49;1.528;1.0;-0.714;0.951;1.0;-0.357;1.151;1.0;2.667;0.0;8.0;0.571;4.721;-8.0;8.0;0.357;-8.0;1.396;7.8;0.0;1.501;7.8;3.0;8.0;7.024;-1.0;0.0;0.0;0.0;2.0;3.0;3.0;0.5;2.0;1.0;1.0;-1.0;1.528;1.5;0.853
19;19;165;2.44;0.0;-26;79;18;2;1.259;1.205;-0.054;378;19335;7;0.782;74.0;71.0;76.0;12.0;10.0;11.0;4.0;2.0;49.0;1.0;0.0;-2.0;-1.0;-1.0;0.0;0.0;8.0;0.0;3.0;5.453;12.922;22.201;4.041;9.621;17.064;24.0;0.0;0.976;1.399;13.667;4.726;10.0;19.0;11.0;4.472;6.0;19.0;8.286;5.355;2.0;19.0;15.631;24.3;30.228;0.577;1.0;-0.571;0.976;1.0;-0.286;1.139;1.0;0.667;0.0;2.0;0.857;4.741;-8.0;8.0;0.286;-8.0;1.342;2.7;-5.1;2.944;5.25;5.0;2.0;5.292;4.0;0.0;0.0;0.0;7.0;5.0;4.041;4.5;7.0;4.726;-1.0;-2.0;1.528;0.0;0.838
20;11;176;2.57;1.0;-23;85;44;5;1.272;1.219;-0.053;383;19324;7;0.889;79.0;74.0;71.0;19.0;12.0;10.0;6.0;15.0;64.0;0.0;1.0;0.0;-1.0;1.0;2.0;0.0;0.0;2.0;-6.0;6.917;13.958;23.256;5.508;10.205;16.413;34.0;0.0;0.756;1.267;14.0;4.359;11.0;19.0;11.714;3.904;6.0;19.0;8.0;5.069;2.0;19.0;15.177;25.932;33.913;1.0;2.0;-0.143;1.345;2.0;-0.214;1.251;2.0;2.333;0.0;5.0;1.286;4.99;-8.0;8.0;1.071;-8.0;1.369;10.4;7.7;3.917;6.55;6.0;1.0;1.528;5.5;0.0;0.0;0.0;-8.0;-15.0;7.638;-0.5;-8.0;4.359;2.0;3.0;1.528;0.5;0.83
21;10;186;2.7;0.0;-30;71;13;-11;1.294;1.249;-0.045;387;19314;7;0.938;85.0;79.0;74.0;11.0;19.0;12.0;13.0;10.0;74.0;2.0;0.0;1.0;-1.0;1.0;5.0;2.0;0.0;-8.0;4.0;6.917;13.8;23.868;7.024;5.964;15.391;34.0;0.0;0.0;1.038;13.333;4.933;10.0;19.0;11.286;3.904;6.0;19.0;8.0;5.069;2.0;19.0;10.504;27.413;37.694;1.528;2.0;-0.143;1.345;2.0;-0.357;1.216;2.0;-1.333;-11.0;5.0;0.857;5.956;-11.0;8.0;0.0;-11.0;1.677;2.7;-7.7;4.446;6.55;-14.0;-20.0;11.269;-4.0;0.0;0.0;0.0;-1.0;7.0;7.506;-4.5;-1.0;4.933;-3.0;-5.0;2.517;-0.5;0.82
22;16;202;2.83;0.0;-38;76;5;-8;1.137;1.277;0.14;391;19298;7;0.994;71.0;85.0;79.0;10.0;11.0;19.0;6.0;3.0;77.0;-1.0;2.0;0.0;-1.0;1.0;-11.0;5.0;2.0;2.0;-3.0;5.508;13.839;24.412;7.095;4.899;13.625;42.0;1.155;0.756;1.267;12.333;3.215;10.0;16.0;12.714;3.45;10.0;19.0;8.929;5.269;2.0;19.0;13.115;28.475;41.749;1.528;2.0;0.143;1.345;2.0;-0.357;1.216;2.0;-4.667;-11.0;5.0;-0.571;6.779;-11.0;8.0;-0.357;-11.0;1.671;7.9;5.2;3.928;5.3;5.0;19.0;11.269;-4.5;-2.0;-2.0;1.155;6.0;7.0;7.0;2.5;6.0;3.215;2.0;5.0;2.887;-0.5;0.801
23;10;212;2.96;0.0;-45;97;16;11;1.337;1.284;-0.053;394;19288;7;1.027;76.0;71.0;85.0;16.0;10.0;11.0;11.0;3.0;80.0;1.0;-1.0;2.0;-2.0;-2.0;-8.0;-11.0;5.0;8.0;1.0;6.596;13.244;24.804;13.796;9.327;14.558;47.0;1.155;0.976;1.399;12.0;3.464;10.0;16.0;12.571;3.552;10.0;19.0;9.429;4.988;2.0;19.0;13.115;28.401;45.041;1.0;1.0;0.429;0.976;2.0;-0.214;1.122;2.0;-2.667;-11.0;11.0;-0.143;7.471;-11.0;11.0;0.357;-11.0;1.363;5.2;-2.7;2.601;6.55;21.0;16.0;17.521;13.0;0.0;2.0;1.155;-6.0;-12.0;6.028;0.0;-6.0;3.464;-1.0;-3.0;2.517;0.5;0.783
24;7;219;3.09;1.0;-52;89;17;1;1.36;1.303;-0.057;397;19281;7;1.051;97.0;76.0;71.0;10.0;16.0;10.0;10.0;2.0;82.0;0.0;1.0;-1.0;0.0;1.0;11.0;-8.0;-11.0;0.0;2.0;6.543;13.443;25.353;10.599;9.235;14.14;49.0;0.0;1.069;1.46;11.0;4.583;7.0;16.0;12.143;4.059;7.0;19.0;9.786;4.577;2.0;19.0;8.544;26.33;47.092;1.0;2.0;0.714;1.113;2.0;-0.143;1.231;2.0;1.333;-8.0;11.0;0.0;7.483;-11.0;11.0;0.286;-11.0;1.573;7.8;2.6;1.531;6.5;-8.0;-29.0;14.526;6.5;0.0;0.0;1.155;-3.0;3.0;6.245;-4.5;-3.0;4.583;2.0;3.0;1.732;0.5;0.779
25;7;226;3.22;-1.0;-64;84;10;-6;1.382;1.326;-0.056;400;19274;7;1.077;89.0;97.0;76.0;7.0;10.0;16.0;12.0;2.0;84.0;2.0;0.0;1.0;1.0;-1.0;1.0;11.0;-8.0;0.0;0.0;5.453;13.253;25.408;6.557;8.622;12.925;53.0;0.0;1.069;1.46;8.0;1.732;7.0;10.0;11.429;4.504;7.0;19.0;10.143;4.092;4.0;19.0;7.0;22.927;47.897;1.528;2.0;0.429;1.272;2.0;-0.143;1.231;2.0;2.0;-6.0;11.0;-0.857;7.819;-11.0;11.0;-0.143;-11.0;1.699;2.7;-5.1;2.55;5.25;-5.0;3.0;15.948;-6.5;0.0;0.0;0.0;0.0;3.0;3.0;-1.5;0.0;1.732;-3.0;-5.0;2.517;-0.5;0.767
26;7;233;3.35;1.0;-73;85;3;-7;1.405;1.353;-0.052;402;19267;7;1.097;84.0;89.0;97.0;7.0;7.0;10.0;19.0;4.0;88.0;-1.0;2.0;0.0;0.0;-1.0;-6.0;1.0;11.0;2.0;0.0;6.917;13.244;25.939;2.646;8.454;11.874;53.0;0.0;0.976;1.399;7.0;0.0;7.0;7.0;9.714;3.251;7.0;16.0;10.357;3.815;6.0;19.0;7.0;20.934;47.605;2.082;3.0;0.857;1.574;3.0;0.143;1.46;3.0;-4.0;-7.0;1.0;-2.143;8.009;-11.0;11.0;-0.643;-11.0;1.801;10.4;7.7;3.917;6.55;1.0;6.0;4.583;-2.0;0.0;0.0;0.0;0.0;0.0;1.732;0.0;0.0;0.0;4.0;7.0;3.606;0.5;0.754
27;4;237;3.4;0.0;-83;94;3;0;1.426;1.37;-0.056;404;19263;7;1.114;85.0;84.0;89.0;7.0;7.0;7.0;11.0;6.0;94.0;3.0;-1.0;2.0;2.0;-1.0;-7.0;-6.0;1.0;5.0;2.0;6.879;13.399;25.902;5.508;9.299;11.553;53.0;0.0;0.756;1.267;6.0;1.732;4.0;7.0;8.714;3.817;4.0;16.0;10.214;4.023;4.0;19.0;5.568;18.026;46.07;2.082;3.0;0.571;1.512;3.0;0.214;1.424;3.0;-4.333;-7.0;0.0;-2.857;7.471;-11.0;11.0;-0.786;-11.0;1.656;2.6;-7.8;4.475;6.5;9.0;8.0;7.024;5.0;0.0;0.0;0.0;-3.0;-3.0;1.732;-1.5;-3.0;1.732;-3.0;-7.0;4.041;0.5;0.739
28;5;242;3.61;-7.0;-110;96;5;1;1.446;1.377;-0.069;405;19258;7;1.147;94.0;85.0;84.0;4.0;7.0;7.0;10.0;13.0;107.0;0.0;3.0;-1.0;-1.0;-1.0;0.0;-7.0;-6.0;-11.0;-8.0;6.822;10.304;24.02;5.859;7.61;9.793;67.0;0.0;0.0;1.038;5.333;1.528;4.0;7.0;8.0;4.0;4.0;16.0;9.643;4.162;4.0;19.0;4.509;14.316;44.356;11.93;3.0;-2.0;7.616;3.0;-1.071;5.342;3.0;-2.0;-7.0;1.0;-1.143;6.619;-8.0;11.0;-0.143;-11.0;1.487;-12.9;-15.5;11.86;-5.15;2.0;-7.0;4.359;5.5;0.0;0.0;0.0;1.0;4.0;2.082;-1.0;1.0;1.528;-19.0;-16.0;11.79;-11.0;0.73
29;0;242;3.74;-8.0;-142;95;4;-1;1.47;1.387;-0.083;406;19258;7;1.156;96.0;94.0;85.0;5.0;4.0;7.0;16.0;6.0;113.0;-19.0;0.0;3.0;1.0;-1.0;1.0;0.0;-7.0;-8.0;2.0;6.49;8.042;22.096;1.0;5.381;9.409;71.0;0.0;0.0;1.027;3.0;2.646;0.0;5.0;5.714;3.147;0.0;10.0;9.214;4.823;0.0;19.0;2.887;11.596;41.13;11.269;0.0;-5.0;10.0;3.0;-2.429;7.356;3.0;0.0;-1.0;1.0;-0.143;5.9;-7.0;11.0;-0.357;-11.0;1.558;5.2;18.1;9.786;-3.85;-1.0;-3.0;5.132;0.5;0.0;0.0;0.0;-5.0;-6.0;3.055;-2.0;-5.0;2.646;-1.0;18.0;9.866;-10.0;0.726
30;13;255;3.87;-14.0;-187;79;-14;-18;1.491;1.402;-0.089;407;19245;7;1.156;95.0;96.0;94.0;0.0;5.0;4.0;10.0;11.0;124.0;-20.0;-19.0;0.0;0.0;-2.0;-1.0;1.0;0.0;11.0;8.0;5.15;6.757;19.214;9.539;6.466;9.253;71.0;0.0;0.0;0.994;6.0;6.557;0.0;13.0;6.143;3.934;0.0;13.0;9.357;4.909;0.0;19.0;7.506;11.772;38.294;8.963;-19.0;-10.0;14.72;3.0;-4.786;11.389;3.0;-6.0;-18.0;1.0;-4.286;6.873;-18.0;1.0;-2.214;-18.0;1.743;-10.3;-15.5;9.786;-2.55;-16.0;-15.0;9.644;-8.5;0.0;0.0;0.0;13.0;18.0;9.165;4.0;13.0;6.557;-15.0;-14.0;9.452;-8.0;0.721
31;7;262;4.0;-13.0;-230;100;-12;2;1.511;1.403;-0.108;408;19238;7;1.173;79.0;95.0;96.0;13.0;0.0;5.0;7.0;10.0;134.0;-35.0;-20.0;-19.0;2.0;0.0;-18.0;-1.0;1.0;1.0;0.0;5.15;6.429;16.683;10.97;7.721;9.381;71.0;0.0;0.0;0.938;6.667;6.506;0.0;13.0;6.143;3.934;0.0;13.0;9.143;4.944;0.0;19.0;10.149;12.448;35.093;8.66;-20.0;-15.286;16.255;3.0;-7.286;13.837;3.0;-5.667;-18.0;2.0;-4.143;7.01;-18.0;2.0;-2.071;-18.0;1.429;5.2;15.5;8.949;-2.55;21.0;37.0;18.61;2.5;0.0;0.0;0.0;-6.0;-19.0;10.693;3.5;-6.0;6.506;0.0;15.0;8.386;-7.5;0.713
32;3;265;4.13;-13.0;-279;203;93;104;1.534;1.34;-0.194;408;19235;7;1.193;100.0;79.0;95.0;7.0;13.0;0.0;7.0;12.0;146.0;-35.0;-35.0;-20.0;-1.0;1.0;2.0;-18.0;-1.0;-6.0;0.0;5.25;6.275;14.655;66.365;42.751;32.226;71.0;0.0;0.0;0.852;7.667;5.033;3.0;13.0;5.571;4.077;0.0;13.0;8.5;5.125;0.0;19.0;5.132;12.596;31.447;0.0;-35.0;-20.143;16.355;3.0;-9.857;15.432;3.0;29.333;-18.0;104.0;11.571;41.348;-18.0;104.0;5.357;-18.0;0.73;5.3;0.1;8.978;5.25;103.0;82.0;60.902;62.0;0.0;0.0;0.0;-4.0;2.0;10.44;-5.0;-4.0;5.033;0.0;0.0;8.66;0.0;0.713
33;9;274;4.26;-10.0;-320;99;92;-1;1.556;1.353;-0.203;408;19226;7;1.205;203.0;100.0;79.0;3.0;7.0;13.0;7.0;19.0;165.0;-35.0;-35.0;-35.0;3.0;0.0;104.0;2.0;-18.0;-7.0;2.0;9.416;8.09;13.149;59.758;41.844;31.893;71.0;0.0;0.0;0.726;6.333;3.055;3.0;9.0;5.857;4.259;0.0;13.0;7.786;4.154;0.0;16.0;6.245;13.922;29.41;4.619;-27.0;-24.429;12.83;0.0;-11.786;15.788;3.0;35.0;-1.0;104.0;12.429;40.959;-18.0;104.0;5.143;-18.0;1.628;13.0;7.7;4.475;9.15;-104.0;-207.0;104.242;-0.5;0.0;0.0;0.0;6.0;10.0;6.429;1.0;6.0;3.055;8.0;8.0;4.619;4.0;0.746
1;8;8;0.1;0.0;1;22;4;8;0.321;0.317;-0.004;0;20992;8;0.317;22.0;22.0;22.0;8.0;8.0;8.0;8.0;8.0;8.0;1.0;1.0;1.0;1.0;1.0;8.0;8.0;8.0;8.0;8.0;3.394;3.394;3.394;2.828;2.828;2.828;22.0;0.0;0.0;0.0;8.0;4.243;8.0;8.0;8.0;4.243;8.0;8.0;8.0;4.243;8.0;8.0;1.414;1.414;1.414;0.707;1.0;1.0;0.707;1.0;1.0;0.707;1.0;8.0;8.0;8.0;8.0;4.95;8.0;8.0;8.0;8.0;0.864;4.8;-2.4;1.697;3.6;-4.0;5.0;3.536;-1.5;0.0;0.0;0.0;-6.0;15.0;10.607;1.5;9.0;6.364;1.0;-3.0;2.121;-0.5;3.155
2;2;10;0.23;1.0;3;18;5;1;0.549;0.549;0.0;0;20990;8;0.317;22.0;22.0;22.0;8.0;8.0;8.0;8.0;8.0;8.0;1.0;1.0;1.0;1.0;1.0;8.0;8.0;8.0;8.0;8.0;3.394;3.394;3.394;2.828;2.828;2.828;18.0;0.0;0.0;0.0;5.0;4.243;2.0;8.0;5.0;4.243;2.0;8.0;5.0;4.243;2.0;8.0;1.414;1.414;1.414;0.707;2.0;1.5;0.707;2.0;1.5;0.707;2.0;4.5;1.0;8.0;4.5;4.95;1.0;8.0;4.5;1.0;1.322;4.8;-2.4;1.697;3.6;-4.0;5.0;3.536;-1.5;0.0;0.0;0.0;-6.0;15.0;10.607;1.5;9.0;6.364;1.0;-3.0;2.121;-0.5;3.155
3;11;21;0.36;0.0;3;19;3;-1;0.711;0.712;0.001;0;20979;8;0.317;18.0;22.0;22.0;2.0;8.0;8.0;8.0;8.0;8.0;2.0;1.0;1.0;1.0;1.0;1.0;8.0;8.0;8.0;8.0;3.666;3.666;3.666;2.082;2.082;2.082;18.0;0.0;0.0;0.0;7.0;4.583;2.0;11.0;7.0;4.583;2.0;11.0;7.0;4.583;2.0;11.0;7.0;7.0;7.0;1.0;2.0;1.0;1.0;2.0;1.0;1.0;2.0;2.667;-1.0;8.0;2.667;4.726;-1.0;8.0;2.667;-1.0;1.379;2.4;-2.4;1.697;3.6;1.0;5.0;3.536;-1.5;0.0;0.0;0.0;9.0;15.0;10.607;1.5;9.0;6.364;-2.0;-3.0;2.121;-0.5;1.821
4;4;25;0.49;0.0;4;24;4;0;0.826;0.827;0.001;0;20975;8;0.317;19.0;18.0;22.0;11.0;2.0;8.0;8.0;8.0;8.0;0.0;2.0;1.0;1.0;1.0;-1.0;1.0;8.0;8.0;8.0;3.666;4.996;4.996;3.215;2.754;2.754;18.0;0.0;0.0;0.0;5.667;4.726;2.0;11.0;6.25;4.031;2.0;11.0;6.25;4.031;2.0;11.0;7.767;8.287;8.287;1.0;2.0;1.0;0.816;2.0;1.0;0.816;2.0;0.0;-1.0;1.0;2.0;4.082;-1.0;8.0;2.0;-1.0;1.292;4.8;2.4;1.386;3.6;5.0;4.0;4.509;3.0;0.0;0.0;0.0;-7.0;-16.0;8.963;1.0;-7.0;4.726;1.0;3.0;1.732;-0.5;1.404
5;7;32;0.62;0.0;2;27;4;0;0.914;0.901;-0.013;0;20968;8;0.317;24.0;19.0;18.0;4.0;11.0;2.0;8.0;8.0;8.0;1.0;0.0;2.0;1.0;1.0;0.0;-1.0;1.0;8.0;8.0;3.666;5.73;5.73;4.041;3.674;3.674;18.0;0.0;0.0;0.0;7.333;3.512;4.0;11.0;6.4;3.507;2.0;11.0;6.4;3.507;2.0;11.0;5.568;10.134;10.134;1.0;1.0;0.6;1.14;2.0;0.6;1.14;2.0;-0.333;-1.0;0.0;1.6;3.647;-1.0;8.0;1.6;-1.0;1.237;2.4;-2.4;1.386;3.6;3.0;-2.0;2.0;4.0;0.0;0.0;0.0;3.0;10.0;8.083;-2.0;3.0;3.512;-2.0;-3.0;1.732;-0.5;1.209
6;10;42;0.75;0.0;2;30;4;0;0.979;0.964;-0.015;0;20958;8;0.317;27.0;24.0;19.0;7.0;4.0;11.0;8.0;8.0;8.0;-1.0;1.0;0.0;1.0;1.0;0.0;0.0;-1.0;8.0;8.0;3.666;6.956;6.956;3.0;4.633;4.633;18.0;0.0;0.0;0.0;7.0;3.0;4.0;10.0;7.0;3.464;2.0;11.0;7.0;3.464;2.0;11.0;8.544;12.992;12.992;1.0;1.0;0.5;1.049;2.0;0.5;1.049;2.0;0.0;0.0;0.0;1.333;3.327;-1.0;8.0;1.333;-1.0;1.273;4.8;2.4;1.386;3.6;3.0;0.0;1.155;3.0;0.0;0.0;0.0;3.0;0.0;5.774;3.0;3.0;3.0;1.0;3.0;1.732;-0.5;1.11
7;3;45;0.68;0.0;5;34;7;1;1.029;1.012;-0.017;270;20955;8;0.317;30.0;27.0;24.0;10.0;7.0;4.0;8.0;8.0;8.0;0.0;-1.0;1.0;1.0;1.0;0.0;0.0;0.0;8.0;8.0;4.75;8.339;8.339;3.512;5.843;5.843;18.0;0.0;0.0;0.0;6.667;3.512;3.0;10.0;6.429;3.505;2.0;11.0;6.429;3.505;2.0;11.0;6.807;14.485;14.485;0.577;0.0;0.429;0.976;2.0;0.429;0.976;2.0;0.333;0.0;1.0;1.286;3.039;-1.0;8.0;1.286;-1.0;1.262;4.7;-0.1;1.358;4.75;4.0;1.0;0.577;3.5;0.0;0.0;0.0;-7.0;-10.0;5.774;-2.0;-7.0;3.512;0.0;-1.0;1.528;0.5;1.037
8;4;49;1.01;1.0;2;38;6;1;1.068;1.049;-0.019;268;20951;8;0.317;34.0;30.0;27.0;3.0;10.0;7.0;8.0;8.0;8.0;0.0;0.0;-1.0;1.0;1.0;1.0;0.0;0.0;8.0;8.0;4.75;8.707;9.796;4.0;7.448;7.131;18.0;1.155;0.756;0.707;5.667;3.786;3.0;10.0;5.857;3.532;2.0;11.0;6.125;3.357;2.0;11.0;3.512;14.213;15.657;1.732;3.0;0.714;1.38;3.0;0.75;1.282;3.0;0.667;0.0;1.0;0.286;0.756;-1.0;1.0;1.25;-1.0;1.255;4.8;0.1;0.058;4.75;4.0;0.0;0.577;4.0;-2.0;-2.0;1.155;1.0;8.0;5.292;-3.0;1.0;3.786;3.0;3.0;1.528;1.5;0.988
9;4;53;1.14;0.0;3;43;8;2;1.099;1.074;-0.025;274;20947;8;0.317;38.0;34.0;30.0;4.0;3.0;10.0;2.0;8.0;8.0;3.0;0.0;0.0;2.0;1.0;1.0;1.0;0.0;1.0;8.0;4.8;9.424;11.278;4.509;8.281;8.646;18.0;1.155;0.976;0.882;3.667;0.577;3.0;4.0;6.143;3.237;3.0;11.0;5.889;3.219;2.0;11.0;4.0;12.28;16.688;1.732;3.0;0.429;1.272;3.0;0.667;1.225;3.0;1.333;1.0;2.0;0.429;0.976;-1.0;2.0;1.333;-1.0;1.221;4.8;-0.0;0.058;4.8;5.0;1.0;0.577;4.5;0.0;2.0;1.155;0.0;-1.0;4.359;0.5;0.0;0.577;-3.0;-6.0;3.0;0.0;0.953
10;4;57;1.27;1.0;0;42;5;-3;1.129;1.111;-0.018;281;20943;8;0.317;43.0;38.0;34.0;4.0;4.0;3.0;11.0;8.0;8.0;0.0;3.0;0.0;0.0;1.0;2.0;1.0;1.0;-1.0;8.0;4.8;9.793;12.765;2.646;7.371;9.226;18.0;0.0;1.069;0.966;4.0;0.0;4.0;4.0;5.143;2.478;3.0;10.0;5.7;3.093;2.0;11.0;4.0;11.412;17.656;1.528;3.0;0.571;1.272;3.0;0.7;1.16;3.0;0.0;-3.0;2.0;0.143;1.574;-3.0;2.0;0.9;-3.0;1.364;4.8;0.0;0.0;4.8;-1.0;-6.0;3.215;2.0;0.0;0.0;1.155;0.0;0.0;0.577;0.0;0.0;0.0;1.0;4.0;3.055;-1.0;0.931
11;1;58;1.4;0.0;-1;49;4;0;1.149;1.131;-0.018;289;20942;8;0.317;42.0;43.0;38.0;4.0;4.0;4.0;4.0;8.0;8.0;1.0;0.0;3.0;1.0;1.0;-3.0;2.0;1.0;0.0;8.0;4.8;10.331;14.248;3.786;7.764;10.511;18.0;0.0;1.069;1.009;3.0;1.732;1.0;4.0;4.714;2.928;1.0;10.0;5.273;3.259;1.0;11.0;2.646;9.201;18.222;1.0;1.0;0.286;1.38;3.0;0.545;1.214;3.0;-0.333;-3.0;2.0;0.143;1.574;-3.0;2.0;0.818;-3.0;1.267;4.8;0.0;0.0;4.8;7.0;8.0;4.163;3.0;0.0;0.0;0.0;-3.0;-3.0;1.732;-1.5;-3.0;1.732;-2.0;-3.0;2.082;-0.5;0.9
12;7;65;1.53;0.0;-5;40;-10;-14;1.169;1.182;0.013;297;20935;8;0.317;49.0;42.0;43.0;1.0;4.0;4.0;7.0;8.0;8.0;-1.0;1.0;0.0;-1.0;1.0;0.0;-3.0;2.0;0.0;8.0;4.8;10.346;15.725;4.726;6.214;10.321;18.0;0.0;0.976;1.03;4.0;3.0;1.0;7.0;4.714;2.928;1.0;10.0;5.417;3.147;1.0;11.0;4.359;8.015;19.241;1.155;1.0;0.286;1.38;3.0;0.417;1.24;3.0;-5.667;-14.0;0.0;-1.857;5.581;-14.0;2.0;-0.417;-14.0;1.672;4.8;0.0;0.0;4.8;-9.0;-16.0;8.0;-1.0;0.0;0.0;0.0;6.0;9.0;4.583;1.5;6.0;3.0;0.0;2.0;1.528;-1.0;0.884
13;3;68;1.68;-1.0;-11;58;-10;2;1.186;1.188;0.002;305;20932;8;0.317;40.0;49.0;42.0;7.0;1.0;4.0;10.0;8.0;8.0;-1.0;-1.0;1.0;0.0;1.0;-14.0;0.0;-3.0;0.0;8.0;4.8;10.369;17.195;9.0;7.913;12.206;18.0;0.0;0.756;1.038;3.667;3.055;1.0;7.0;3.714;1.799;1.0;7.0;5.231;3.086;1.0;11.0;5.132;8.243;20.129;0.0;-1.0;0.143;1.464;3.0;0.308;1.251;3.0;-4.0;-14.0;2.0;-1.571;5.74;-14.0;2.0;-0.231;-14.0;1.236;4.8;-0.0;0.0;4.8;18.0;27.0;13.577;4.5;0.0;0.0;0.0;-4.0;-10.0;5.508;1.0;-4.0;3.055;0.0;0.0;1.155;-0.0;0.846
14;8;76;1.79;-1.0;-19;70;-1;9;1.208;1.176;-0.032;313;20924;8;0.317;58.0;40.0;49.0;3.0;7.0;1.0;3.0;8.0;8.0;-1.0;-1.0;-1.0;0.0;1.0;2.0;-14.0;0.0;1.0;8.0;4.8;10.369;18.658;15.1;11.603;15.143;18.0;0.0;0.0;1.038;6.0;2.646;3.0;8.0;4.429;2.37;1.0;8.0;5.429;3.056;1.0;11.0;5.686;9.335;21.483;0.577;-1.0;-0.143;1.676;3.0;0.143;1.351;3.0;-1.0;-14.0;9.0;-0.429;6.997;-14.0;9.0;0.429;-14.0;1.093;4.8;0.0;0.0;4.8;12.0;-6.0;14.177;15.0;0.0;0.0;0.0;5.0;9.0;5.508;0.5;5.0;2.646;-1.0;-1.0;0.577;-0.5;0.842
15;4;80;1.92;-1.0;-22;70;4;5;1.219;1.174;-0.045;320;20920;8;0.317;70.0;58.0;40.0;8.0;3.0;7.0;4.0;8.0;8.0;-2.0;-1.0;-1.0;3.0;1.0;9.0;2.0;-14.0;1.0;8.0;4.8;10.369;19.053;6.928;12.967;16.888;18.0;1.155;0.756;1.267;5.0;2.646;3.0;8.0;4.429;2.37;1.0;8.0;5.143;2.983;1.0;11.0;6.11;10.095;20.942;1.0;-1.0;-1.0;1.291;1.0;-0.143;1.562;3.0;5.333;2.0;9.0;0.143;7.29;-14.0;9.0;0.214;-14.0;1.161;4.8;0.0;0.0;4.8;0.0;-12.0;9.165;6.0;-2.0;-2.0;1.155;-4.0;-9.0;5.196;0.5;-4.0;2.646;-1.0;0.0;0.577;-1.0;0.85
16;6;86;2.06;-2.0;-24;73;10;5;1.229;1.175;-0.054;327;20914;8;0.549;70.0;70.0;58.0;4.0;8.0;3.0;4.0;2.0;10.0;-3.0;-2.0;-1.0;0.0;2.0;5.0;9.0;2.0;2.0;1.0;4.8;10.369;19.526;1.732;13.974;17.718;19.0;1.155;0.976;1.399;6.0;2.0;4.0;8.0;4.714;2.43;1.0;8.0;5.429;2.848;1.0;11.0;5.033;11.06;19.983;1.0;-2.0;-1.571;1.618;1.0;-0.571;1.742;3.0;6.333;5.0;9.0;0.571;7.502;-14.0;9.0;0.5;-14.0;1.179;4.8;0.0;0.0;4.8;3.0;3.0;6.245;1.5;0.0;2.0;1.155;2.0;6.0;4.583;-1.0;2.0;2.0;-1.0;0.0;0.0;-1.0;0.852
17;5;91;2.18;0.0;-24;69;8;-2;1.239;1.194;-0.045;334;20909;8;0.712;73.0;70.0;70.0;6.0;4.0;8.0;4.0;11.0;21.0;-4.0;-3.0;-2.0;1.0;0.0;5.0;5.0;9.0;-3.0;-1.0;7.332;11.569;20.383;2.082;12.672;17.31;24.0;0.0;1.069;1.46;5.0;1.0;4.0;6.0;4.857;2.41;1.0;8.0;5.0;2.353;1.0;10.0;5.508;11.838;19.828;2.082;0.0;-1.714;1.38;0.0;-0.571;1.742;3.0;2.667;-2.0;5.0;0.714;7.432;-14.0;9.0;0.429;-14.0;1.387;9.6;4.8;2.771;7.2;-4.0;-7.0;3.512;-0.5;0.0;0.0;1.155;-1.0;-3.0;3.0;0.5;-1.0;1.0;4.0;5.0;2.887;1.5;0.851
18;8;99;2.31;-1.0;-23;72;6;-2;1.249;1.211;-0.038;343;20901;8;0.827;69.0;73.0;70.0;5.0;6.0;4.0;1.0;4.0;25.0;0.0;-4.0;-3.0;-1.0;1.0;-2.0;5.0;5.0;0.0;0.0;7.332;12.305;21.163;2.082;11.914;17.018;27.0;0.0;1.069;1.46;6.333;1.528;5.0;8.0;5.857;1.952;3.0;8.0;5.286;2.463;1.0;10.0;6.557;12.244;19.91;2.0;0.0;-1.857;1.345;0.0;-0.786;1.718;3.0;0.333;-2.0;5.0;0.429;7.502;-14.0;9.0;0.286;-14.0;1.396;4.8;-4.8;2.771;7.2;3.0;7.0;4.041;-0.5;0.0;0.0;0.0;3.0;4.0;2.082;1.0;3.0;1.528;-2.0;-6.0;3.215;1.0;0.838
19;4;103;2.44;0.0;-24;77;5;0;1.259;1.224;-0.035;378;20897;8;0.901;72.0;69.0;73.0;8.0;5.0;6.0;7.0;7.0;32.0;-2.0;0.0;-4.0;-1.0;-1.0;-2.0;-2.0;5.0;-14.0;0.0;4.8;12.656;21.572;4.041;5.872;16.823;30.0;0.0;0.976;1.399;5.667;2.082;4.0;8.0;5.429;1.988;3.0;8.0;5.071;2.433;1.0;10.0;6.11;12.536;20.076;1.0;0.0;-1.857;1.345;0.0;-0.786;1.718;3.0;-1.333;-2.0;0.0;2.429;4.117;-2.0;9.0;0.286;-14.0;1.368;4.8;0.0;2.771;4.8;5.0;2.0;4.726;4.0;0.0;0.0;0.0;-4.0;-7.0;3.512;-0.5;-4.0;2.082;1.0;3.0;3.0;-0.5;0.826
20;7;110;2.57;-2.0;-28;79;25;-1;1.272;1.238;-0.034;383;20890;8;0.964;77.0;72.0;69.0;4.0;8.0;5.0;3.0;10.0;42.0;-1.0;-2.0;0.0;-1.0;0.0;0.0;-2.0;-2.0;2.0;0.0;4.8;12.656;21.89;3.606;3.805;16.394;34.0;0.0;0.756;1.267;6.333;2.082;4.0;8.0;6.0;1.732;4.0;8.0;4.857;2.07;1.0;8.0;5.568;12.456;21.128;1.528;-1.0;-2.286;1.496;0.0;-1.071;1.9;3.0;-1.0;-2.0;0.0;2.0;4.32;-2.0;9.0;0.214;-14.0;1.394;4.8;0.0;0.0;4.8;2.0;-3.0;1.528;3.5;0.0;0.0;0.0;3.0;7.0;4.041;-0.5;3.0;2.082;-3.0;-4.0;2.082;-1.0;0.817
21;4;114;2.7;0.0;-34;72;-5;-10;1.294;1.267;-0.027;387;20886;8;1.012;79.0;77.0;72.0;7.0;4.0;8.0;8.0;3.0;45.0;-4.0;-1.0;-2.0;-2.0;0.0;-1.0;0.0;-2.0;9.0;1.0;7.332;13.414;22.707;3.606;3.625;15.19;38.0;0.0;0.0;1.038;5.0;1.732;4.0;7.0;5.429;1.618;4.0;8.0;4.929;2.018;1.0;8.0;5.568;12.528;21.807;2.082;0.0;-2.0;1.732;0.0;-1.071;1.9;3.0;-3.667;-10.0;0.0;-0.714;5.09;-10.0;5.0;-0.571;-14.0;1.662;9.6;4.8;2.771;7.2;-7.0;-9.0;6.245;-2.5;0.0;0.0;0.0;-3.0;-6.0;3.786;0.0;-3.0;1.732;4.0;7.0;3.512;0.5;0.808
22;6;120;2.83;-1.0;-45;78;-11;-6;1.137;1.289;0.152;391;20880;8;1.049;72.0;79.0;77.0;4.0;7.0;4.0;4.0;4.0;49.0;0.0;-4.0;-1.0;-3.0;3.0;-10.0;-1.0;0.0;5.0;1.0;7.332;13.414;23.323;3.786;3.729;14.296;40.0;1.155;0.756;1.267;5.667;1.528;4.0;7.0;5.714;1.496;4.0;8.0;5.071;2.018;1.0;8.0;5.033;12.298;22.486;2.082;0.0;-1.714;1.704;0.0;-1.357;1.499;1.0;-5.667;-10.0;-1.0;-2.286;4.716;-10.0;5.0;-1.071;-14.0;1.596;4.8;-4.8;2.771;7.2;6.0;13.0;6.658;-0.5;-2.0;-2.0;1.155;2.0;5.0;3.215;-0.5;2.0;1.528;-1.0;-5.0;3.606;1.5;0.789
23;7;127;2.96;-1.0;-54;103;6;17;1.337;1.286;-0.051;394;20873;8;1.074;78.0;72.0;79.0;6.0;4.0;7.0;6.0;4.0;53.0;-1.0;0.0;-4.0;-4.0;0.0;-6.0;-10.0;-1.0;5.0;2.0;4.85;12.679;23.766;16.442;11.385;16.441;40.0;1.155;0.976;1.399;5.667;1.528;4.0;7.0;5.857;1.574;4.0;8.0;5.286;2.054;1.0;8.0;6.506;12.456;23.25;1.528;0.0;-1.571;1.512;0.0;-1.571;1.505;1.0;0.333;-10.0;17.0;-0.571;8.482;-10.0;17.0;0.0;-14.0;1.256;4.9;0.1;2.743;4.85;25.0;19.0;16.093;15.5;0.0;2.0;1.155;1.0;-1.0;2.646;1.5;1.0;1.528;-2.0;-1.0;3.215;-1.5;0.776
24;10;137;3.09;-1.0;-65;93;11;5;1.36;1.299;-0.061;397;20863;8;1.111;103.0;78.0;72.0;7.0;6.0;4.0;5.0;4.0;57.0;-3.0;-1.0;0.0;0.0;1.0;17.0;-6.0;-10.0;-2.0;-3.0;6.086;13.235;24.319;12.583;11.633;15.877;40.0;0.0;1.069;1.46;7.667;2.082;6.0;10.0;6.571;2.149;4.0;10.0;5.714;2.367;1.0;10.0;8.544;13.388;24.43;1.155;-1.0;-1.714;1.38;0.0;-1.714;1.326;0.0;5.333;-6.0;17.0;0.429;8.696;-10.0;17.0;0.571;-14.0;1.469;7.2;2.3;1.358;6.05;-10.0;-35.0;17.521;7.5;0.0;0.0;1.155;3.0;2.0;1.0;2.0;3.0;2.082;2.0;4.0;2.082;-0.0;0.778
25;7;144;3.22;0.0;-76;93;13;3;1.382;1.315;-0.067;400;20856;8;1.131;93.0;103.0;78.0;10.0;7.0;6.0;8.0;1.0;58.0;-1.0;-3.0;-1.0;-2.0;-1.0;5.0;17.0;-6.0;-2.0;0.0;7.2;13.792;24.94;5.774;11.328;15.398;40.0;0.0;1.069;1.46;8.0;1.732;7.0;10.0;6.429;2.07;4.0;10.0;6.143;1.956;3.0;10.0;8.544;14.758;25.136;1.528;0.0;-1.429;1.512;0.0;-1.643;1.393;0.0;8.333;3.0;17.0;1.143;8.668;-10.0;17.0;0.786;-14.0;1.546;7.2;0.0;1.328;7.2;0.0;10.0;18.028;-5.0;0.0;0.0;0.0;-3.0;-6.0;3.055;0.0;-3.0;1.732;1.0;-1.0;2.082;1.5;0.77
26;6;150;3.35;-1.0;-89;80;1;-12;1.405;1.344;-0.061;402;20850;8;1.182;93.0;93.0;103.0;7.0;10.0;7.0;4.0;7.0;65.0;0.0;-1.0;-3.0;-1.0;-1.0;3.0;5.0;17.0;0.0;-14.0;6.086;13.634;25.301;7.506;11.028;11.719;58.0;0.0;0.976;1.399;7.667;2.082;6.0;10.0;6.714;1.799;4.0;10.0;6.071;1.94;3.0;10.0;6.506;15.28;25.913;0.577;0.0;-1.429;1.512;0.0;-1.643;1.393;0.0;-1.333;-12.0;5.0;-0.571;10.014;-12.0;17.0;0.929;-12.0;1.859;4.9;-2.3;1.328;6.05;-13.0;-13.0;6.807;-6.5;0.0;0.0;0.0;-1.0;2.0;3.055;-2.0;-1.0;2.082;-1.0;-2.0;1.528;0.0;0.76
27;6;156;3.4;-1.0;-101;102;9;8;1.426;1.354;-0.072;404;20844;8;1.188;80.0;93.0;93.0;6.0;7.0;10.0;7.0;3.0;68.0;-1.0;0.0;-1.0;-4.0;-1.0;-12.0;3.0;5.0;-1.0;2.0;4.85;12.7;25.401;11.06;12.162;11.943;69.0;0.0;0.756;1.267;6.333;0.577;6.0;7.0;6.571;1.813;4.0;10.0;6.286;1.729;4.0;10.0;6.0;15.704;26.265;1.0;0.0;-1.143;1.069;0.0;-1.714;1.383;0.0;-0.333;-12.0;8.0;0.714;10.515;-12.0;17.0;1.357;-12.0;1.505;4.8;-0.1;1.358;4.85;22.0;35.0;17.692;4.5;0.0;0.0;0.0;0.0;1.0;1.528;-0.5;0.0;0.577;-1.0;0.0;1.155;-1.0;0.744
28;9;165;3.61;-1.0;-110;98;13;3;1.446;1.371;-0.075;405;20835;8;1.176;102.0;80.0;93.0;6.0;6.0;7.0;4.0;8.0;76.0;-2.0;-1.0;0.0;0.0;-2.0;8.0;-12.0;3.0;-10.0;9.0;6.093;13.079;25.532;11.719;9.981;12.336;69.0;0.0;0.0;1.038;7.0;1.732;6.0;9.0;7.286;1.604;6.0;10.0;6.357;1.823;4.0;10.0;7.55;15.934;27.171;0.577;-1.0;-1.286;0.951;0.0;-1.643;1.393;0.0;-0.333;-12.0;8.0;2.571;9.396;-12.0;17.0;0.929;-12.0;1.641;7.3;2.5;1.415;6.05;-4.0;-26.0;18.175;9.0;0.0;0.0;0.0;3.0;3.0;2.082;1.5;3.0;1.732;1.0;2.0;1.155;-0.0;0.739
29;9;174;3.74;0.0;-122;88;5;-8;1.47;1.397;-0.073;406;20826;8;1.174;98.0;102.0;80.0;9.0;6.0;6.0;6.0;4.0;80.0;-1.0;-2.0;-1.0;-1.0;-3.0;3.0;8.0;-12.0;-6.0;5.0;7.3;13.47;25.652;7.211;8.112;11.829;69.0;0.0;0.0;1.027;8.0;1.732;6.0;9.0;7.714;1.604;6.0;10.0;6.714;1.816;4.0;10.0;9.0;16.175;28.087;1.0;0.0;-1.143;1.069;0.0;-1.429;1.399;0.0;1.0;-8.0;8.0;2.286;9.725;-12.0;17.0;0.0;-12.0;1.91;7.3;-0.0;1.443;7.3;-10.0;-6.0;17.01;-7.0;0.0;0.0;0.0;0.0;-3.0;1.732;1.5;0.0;1.732;1.0;0.0;1.155;1.0;0.729
30;7;181;3.87;0.0;-132;91;-1;-6;1.491;1.421;-0.07;407;20819;8;1.175;88.0;98.0;102.0;9.0;9.0;6.0;7.0;6.0;86.0;0.0;-1.0;-2.0;-3.0;-4.0;-8.0;3.0;8.0;17.0;5.0;6.093;13.112;25.405;5.132;7.058;11.507;69.0;0.0;0.0;0.994;8.333;1.155;7.0;9.0;7.714;1.604;6.0;10.0;6.786;1.805;4.0;10.0;8.021;16.015;28.921;0.577;0.0;-0.714;0.756;0.0;-1.143;1.231;0.0;-3.667;-8.0;3.0;-1.0;7.572;-12.0;8.0;-0.786;-12.0;1.9;4.8;-2.5;1.443;6.05;3.0;13.0;6.506;-3.5;0.0;0.0;0.0;-2.0;-2.0;2.517;-1.0;-2.0;1.155;0.0;-1.0;0.577;0.5;0.716
31;9;190;4.0;0.0;-140;106;7;8;1.511;1.435;-0.076;408;20810;8;1.194;91.0;88.0;98.0;7.0;9.0;9.0;10.0;5.0;91.0;0.0;0.0;-1.0;-1.0;0.0;-6.0;-8.0;3.0;5.0;-2.0;4.85;12.763;25.473;9.644;8.813;11.708;72.0;0.0;0.0;0.938;8.333;1.155;7.0;9.0;7.571;1.397;6.0;9.0;7.071;1.817;4.0;10.0;8.021;16.859;29.782;0.0;0.0;-0.571;0.787;0.0;-1.143;1.231;0.0;-2.0;-8.0;8.0;-0.571;8.039;-12.0;8.0;-0.071;-12.0;1.677;4.9;0.1;1.415;4.85;15.0;12.0;12.503;9.0;0.0;0.0;0.0;2.0;4.0;2.0;-0.0;2.0;1.155;0.0;0.0;0.577;-0.0;0.704
32;9;199;4.13;-3.0;-162;109;18;10;1.534;1.444;-0.09;408;20801;8;1.211;106.0;91.0;88.0;9.0;7.0;9.0;7.0;8.0;99.0;0.0;0.0;0.0;0.0;-2.0;8.0;-6.0;-8.0;3.0;-2.0;2.452;11.262;24.531;9.644;10.436;11.991;72.0;0.0;0.0;0.852;8.333;1.155;7.0;9.0;7.857;1.464;6.0;9.0;7.143;1.875;4.0;10.0;9.0;17.841;30.976;4.619;0.0;-1.714;2.87;0.0;-1.571;2.209;0.0;4.0;-6.0;10.0;0.429;8.942;-12.0;10.0;0.786;-12.0;1.61;-2.3;-7.2;4.128;1.3;3.0;-12.0;6.928;9.0;0.0;0.0;0.0;0.0;-2.0;2.0;1.0;0.0;1.155;-8.0;-8.0;4.619;-4.0;0.697
33;11;210;4.26;-4.0;-186;97;15;-3;1.556;1.461;-0.095;408;20790;8;1.224;109.0;106.0;91.0;9.0;9.0;7.0;6.0;4.0;103.0;-8.0;0.0;0.0;-1.0;-1.0;10.0;8.0;-6.0;-12.0;0.0;1.389;9.33;23.192;6.245;7.61;11.418;72.0;0.0;0.0;0.726;9.667;1.155;9.0;11.0;8.571;1.618;6.0;11.0;7.643;1.906;4.0;11.0;10.017;19.004;32.232;5.292;0.0;-3.0;4.203;0.0;-2.214;3.142;0.0;5.0;-3.0;10.0;1.714;7.365;-8.0;10.0;0.571;-12.0;1.835;2.5;4.8;3.666;0.1;-12.0;-15.0;13.528;-4.5;0.0;0.0;0.0;2.0;2.0;1.155;1.0;2.0;1.155;-2.0;6.0;4.163;-5.0;0.693
1;20;20;0.1;0.0;1;22;4;8;0.321;0.317;-0.004;0;20980;9;0.317;22.0;22.0;22.0;20.0;20.0;20.0;20.0;20.0;20.0;1.0;1.0;1.0;1.0;1.0;8.0;8.0;8.0;8.0;8.0;3.465;3.465;3.465;1.414;1.414;1.414;22.0;0.0;0.0;0.0;20.0;5.657;20.0;20.0;20.0;5.657;20.0;20.0;20.0;5.657;20.0;20.0;19.799;19.799;19.799;0.707;1.0;1.0;0.707;1.0;1.0;0.707;1.0;8.0;8.0;8.0;8.0;3.536;8.0;8.0;8.0;8.0;0.864;4.9;-2.5;1.768;3.65;-2.0;1.0;0.707;-1.5;0.0;0.0;0.0;8.0;-23.0;16.263;-3.5;-15.0;10.607;1.0;-3.0;2.121;-0.5;3.155
2;28;48;0.23;1.0;3;20;7;3;0.549;0.536;-0.013;0;20952;9;0.317;22.0;22.0;22.0;20.0;20.0;20.0;20.0;20.0;20.0;1.0;1.0;1.0;1.0;1.0;8.0;8.0;8.0;8.0;8.0;3.465;3.465;3.465;1.414;1.414;1.414;20.0;0.0;0.0;0.0;24.0;5.657;20.0;28.0;24.0;5.657;20.0;28.0;24.0;5.657;20.0;28.0;19.799;19.799;19.799;0.707;2.0;1.5;0.707;2.0;1.5;0.707;2.0;5.5;3.0;8.0;5.5;3.536;3.0;8.0;5.5;3.0;1.195;4.9;-2.5;1.768;3.65;-2.0;1.0;0.707;-1.5;0.0;0.0;0.0;8.0;-23.0;16.263;-3.5;-15.0;10.607;1.0;-3.0;2.121;-0.5;3.155
3;13;61;0.36;0.0;3;19;5;-1;0.711;0.699;-0.012;0;20939;9;0.317;20.0;22.0;22.0;28.0;20.0;20.0;20.0;20.0;20.0;2.0;1.0;1.0;1.0;1.0;3.0;8.0;8.0;8.0;8.0;3.721;3.721;3.721;1.528;1.528;1.528;19.0;0.0;0.0;0.0;20.333;7.506;13.0;28.0;20.333;7.506;13.0;28.0;20.333;7.506;13.0;28.0;20.952;20.952;20.952;1.0;2.0;1.0;1.0;2.0;1.0;1.0;2.0;3.333;-1.0;8.0;3.333;4.509;-1.0;8.0;3.333;-1.0;1.384;2.4;-2.5;1.768;3.65;-1.0;1.0;0.707;-1.5;0.0;0.0;0.0;-15.0;-23.0;16.263;-3.5;-15.0;10.607;-2.0;-3.0;2.121;-0.5;1.866
4;12;73;0.49;-1.0;2;22;4;-2;0.826;0.809;-0.017;0;20927;9;0.317;19.0;20.0;22.0;13.0;28.0;20.0;20.0;20.0;20.0;0.0;2.0;1.0;1.0;1.0;-1.0;3.0;8.0;8.0;8.0;2.4;4.143;4.143;1.528;1.5;1.5;19.0;0.0;0.0;0.0;17.667;8.963;12.0;28.0;18.25;7.411;12.0;28.0;18.25;7.411;12.0;28.0;12.503;22.752;22.752;1.528;2.0;0.5;1.291;2.0;0.5;1.291;2.0;0.0;-2.0;3.0;2.0;4.546;-2.0;8.0;2.0;-2.0;1.305;2.4;-0.0;1.443;2.4;3.0;4.0;2.646;1.0;0.0;0.0;0.0;-1.0;14.0;11.59;-8.0;-1.0;8.963;-1.0;1.0;1.528;-1.5;1.431
5;8;81;0.62;0.0;0;29;6;2;0.914;0.875;-0.039;0;20919;9;0.317;22.0;19.0;20.0;12.0;13.0;28.0;20.0;20.0;20.0;-1.0;0.0;2.0;1.0;1.0;-2.0;-1.0;3.0;8.0;8.0;3.666;5.4;5.4;5.132;3.912;3.912;19.0;0.0;0.0;0.0;11.0;2.646;8.0;13.0;16.2;7.887;8.0;28.0;16.2;7.887;8.0;28.0;10.066;23.965;23.965;0.577;0.0;0.2;1.304;2.0;0.2;1.304;2.0;-0.333;-2.0;2.0;2.0;3.937;-2.0;8.0;2.0;-2.0;1.155;4.8;2.4;1.386;3.6;7.0;4.0;4.0;5.0;0.0;0.0;0.0;-4.0;-3.0;7.371;-2.5;-4.0;2.646;0.0;1.0;1.0;-0.5;1.236
6;8;89;0.75;0.0;0;31;7;1;0.979;0.937;-0.042;0;20911;9;0.317;29.0;22.0;19.0;8.0;12.0;13.0;20.0;20.0;20.0;-1.0;-1.0;0.0;1.0;1.0;2.0;-2.0;-1.0;8.0;8.0;4.8;6.885;6.885;4.726;4.956;4.956;19.0;0.0;0.0;0.0;9.333;2.309;8.0;12.0;14.833;7.808;8.0;28.0;14.833;7.808;8.0;28.0;8.0;25.187;25.187;0.577;0.0;0.167;1.169;2.0;0.167;1.169;2.0;0.333;-2.0;2.0;1.833;3.545;-2.0;8.0;1.833;-2.0;1.235;4.8;-0.0;1.386;4.8;2.0;-5.0;2.646;4.5;0.0;0.0;0.0;0.0;4.0;2.082;-2.0;0.0;2.309;1.0;1.0;1.0;0.5;1.143
7;17;106;0.68;0.0;3;35;11;2;1.029;0.984;-0.045;270;20894;9;0.317;31.0;29.0;22.0;8.0;8.0;12.0;20.0;20.0;20.0;0.0;-1.0;-1.0;1.0;1.0;1.0;2.0;-2.0;8.0;8.0;4.8;8.418;8.418;3.055;6.188;6.188;19.0;0.0;0.0;0.0;11.0;5.196;8.0;17.0;15.143;7.175;8.0;28.0;15.143;7.175;8.0;28.0;12.767;28.377;28.377;0.577;0.0;0.143;1.069;2.0;0.143;1.069;2.0;1.667;1.0;2.0;1.857;3.237;-2.0;8.0;1.857;-2.0;1.231;4.8;0.0;0.0;4.8;4.0;2.0;2.517;3.0;0.0;0.0;0.0;9.0;9.0;6.658;4.5;9.0;5.196;0.0;-1.0;0.577;0.5;1.067
8;4;110;1.01;1.0;1;37;9;0;1.068;1.03;-0.038;268;20890;9;0.317;35.0;31.0;29.0;17.0;8.0;8.0;20.0;20.0;20.0;0.0;0.0;-1.0;1.0;1.0;2.0;1.0;2.0;8.0;8.0;4.8;8.965;9.951;3.055;7.3;7.039;19.0;1.155;0.756;0.707;9.667;6.658;4.0;17.0;12.857;7.883;4.0;28.0;13.75;7.723;4.0;28.0;11.15;22.667;30.128;1.732;3.0;0.429;1.512;3.0;0.5;1.414;3.0;1.0;0.0;2.0;0.714;1.799;-2.0;3.0;1.625;-2.0;1.295;4.8;-0.0;0.0;4.8;2.0;-2.0;1.155;3.0;-2.0;-2.0;1.155;-13.0;-22.0;11.06;-2.0;-13.0;6.658;3.0;3.0;1.528;1.5;1.016
9;4;114;1.14;-1.0;-1;40;8;-1;1.099;1.061;-0.038;274;20886;9;0.317;37.0;35.0;31.0;4.0;17.0;8.0;28.0;20.0;20.0;3.0;0.0;0.0;2.0;1.0;0.0;2.0;1.0;3.0;8.0;3.666;9.295;11.023;2.517;7.743;7.906;19.0;1.155;0.976;0.882;8.333;7.506;4.0;17.0;9.429;4.826;4.0;17.0;12.667;7.921;4.0;28.0;4.0;20.173;31.249;3.0;3.0;-0.286;1.799;3.0;0.111;1.764;3.0;0.333;-1.0;2.0;0.143;1.574;-2.0;2.0;1.333;-2.0;1.257;2.4;-2.4;1.386;3.6;3.0;1.0;1.0;2.5;0.0;2.0;1.155;0.0;13.0;11.06;-6.5;0.0;7.506;-6.0;-9.0;4.583;-1.5;0.971
10;1;115;1.27;1.0;-4;44;7;-1;1.129;1.093;-0.036;281;20885;9;0.317;40.0;37.0;35.0;4.0;4.0;17.0;13.0;20.0;20.0;-3.0;3.0;0.0;0.0;1.0;-1.0;0.0;2.0;-1.0;8.0;4.996;10.033;12.675;3.512;7.348;8.95;19.0;0.0;1.069;0.966;3.0;1.732;1.0;4.0;7.714;5.438;1.0;17.0;11.5;8.33;1.0;28.0;2.646;17.066;31.7;3.055;3.0;-0.143;1.864;3.0;0.2;1.687;3.0;-0.667;-1.0;0.0;0.143;1.574;-2.0;2.0;1.1;-2.0;1.307;7.2;4.8;2.4;4.8;4.0;1.0;1.0;3.5;0.0;0.0;1.155;-3.0;-3.0;6.807;-1.5;-3.0;1.732;4.0;10.0;5.508;-1.0;0.943
11;3;118;1.4;0.0;-4;48;5;-1;1.149;1.118;-0.031;289;20882;9;0.317;44.0;40.0;37.0;1.0;4.0;4.0;12.0;20.0;20.0;1.0;-3.0;3.0;-1.0;1.0;-1.0;-1.0;0.0;-2.0;8.0;6.04;10.223;14.264;4.0;6.824;10.093;19.0;0.0;1.069;1.009;2.667;1.528;1.0;4.0;6.429;5.318;1.0;17.0;10.727;8.308;1.0;28.0;2.082;14.186;32.003;2.0;1.0;-0.143;1.864;3.0;0.091;1.64;3.0;-1.0;-1.0;-1.0;0.286;1.38;-1.0;2.0;0.909;-2.0;1.298;4.8;-2.4;2.4;6.0;4.0;0.0;0.577;4.0;0.0;0.0;0.0;2.0;5.0;2.517;-0.5;2.0;1.528;-2.0;-6.0;5.033;1.0;0.915
12;3;121;1.53;1.0;-6;52;3;-2;1.169;1.144;-0.025;297;20879;9;0.317;48.0;44.0;40.0;3.0;1.0;4.0;8.0;20.0;20.0;-1.0;1.0;-3.0;-1.0;1.0;-1.0;-1.0;-1.0;2.0;8.0;5.987;10.973;16.16;4.0;7.439;11.291;19.0;0.0;0.976;1.03;2.333;1.155;1.0;3.0;5.714;5.407;1.0;17.0;10.083;8.229;1.0;28.0;3.0;10.659;32.235;1.155;1.0;0.143;1.864;3.0;0.167;1.586;3.0;-1.333;-2.0;-1.0;-0.286;1.38;-2.0;2.0;0.667;-2.0;1.335;7.1;2.3;1.358;5.95;4.0;0.0;0.0;4.0;0.0;0.0;0.0;0.0;-2.0;2.517;1.0;0.0;1.155;2.0;4.0;3.055;-0.0;0.894
13;4;125;1.68;1.0;-10;52;-3;-4;1.186;1.174;-0.012;305;20875;9;0.317;52.0;48.0;44.0;3.0;3.0;1.0;8.0;20.0;20.0;1.0;-1.0;1.0;0.0;1.0;-2.0;-1.0;-1.0;1.0;8.0;6.034;11.529;17.923;2.309;6.952;11.996;19.0;0.0;0.756;1.038;3.333;0.577;3.0;4.0;5.143;5.336;1.0;17.0;9.615;8.057;1.0;28.0;3.512;6.451;32.524;1.155;1.0;0.286;1.89;3.0;0.231;1.536;3.0;-2.333;-4.0;-1.0;-1.0;1.826;-4.0;2.0;0.308;-4.0;1.429;4.9;-2.2;1.3;6.0;0.0;-4.0;2.309;2.0;0.0;0.0;0.0;1.0;1.0;1.0;0.5;1.0;0.577;0.0;-2.0;2.0;1.0;0.874
14;5;130;1.79;-1.0;-17;61;-3;0;1.208;1.183;-0.025;313;20870;9;0.317;52.0;52.0;48.0;4.0;3.0;3.0;17.0;20.0;20.0;1.0;1.0;-1.0;0.0;1.0;-4.0;-2.0;-1.0;2.0;8.0;3.721;11.368;19.287;5.196;8.18;13.501;19.0;0.0;0.0;1.038;4.0;1.0;3.0;5.0;3.429;1.272;1.0;5.0;9.286;7.839;1.0;28.0;4.509;6.88;32.954;1.155;1.0;0.143;1.952;3.0;0.143;1.512;3.0;-2.0;-4.0;0.0;-1.286;1.38;-4.0;0.0;0.286;-4.0;1.257;2.4;-2.5;2.352;3.65;9.0;9.0;4.509;4.5;0.0;0.0;0.0;1.0;0.0;0.577;1.0;1.0;1.0;-2.0;-2.0;2.0;-1.0;0.852
15;6;136;1.92;0.0;-17;70;2;5;1.219;1.185;-0.034;320;20864;9;0.317;61.0;52.0;52.0;5.0;4.0;3.0;4.0;20.0;20.0;-1.0;1.0;1.0;3.0;1.0;0.0;-4.0;-2.0;0.0;8.0;4.996;11.732;19.953;9.0;10.228;15.467;19.0;1.155;0.756;1.267;5.0;1.0;4.0;6.0;3.714;1.604;1.0;6.0;8.286;7.237;1.0;28.0;5.508;8.118;27.071;1.0;1.0;-0.286;1.496;1.0;0.071;1.492;3.0;0.333;-4.0;5.0;-0.571;2.76;-4.0;5.0;0.071;-4.0;1.199;7.2;4.8;2.401;4.8;9.0;0.0;5.196;9.0;-2.0;-2.0;1.155;1.0;0.0;0.0;1.0;1.0;1.0;1.0;3.0;1.528;-0.5;0.845
16;6;142;2.06;0.0;-15;67;2;-1;1.229;1.202;-0.027;327;20858;9;0.536;70.0;61.0;52.0;6.0;5.0;4.0;4.0;28.0;48.0;0.0;-1.0;1.0;-3.0;2.0;5.0;0.0;-4.0;-1.0;3.0;7.2;11.74;20.952;4.583;9.844;15.887;19.0;1.155;0.976;1.399;5.667;0.577;5.0;6.0;4.0;1.826;1.0;6.0;6.714;4.497;1.0;17.0;6.0;9.827;24.168;1.0;1.0;0.286;0.951;1.0;0.0;1.414;3.0;1.333;-1.0;5.0;-0.571;2.76;-4.0;5.0;-0.214;-4.0;1.36;7.2;-0.0;2.771;7.2;-3.0;-12.0;6.928;3.0;0.0;2.0;1.155;0.0;-1.0;0.577;0.5;0.0;0.577;1.0;0.0;1.732;1.0;0.844
17;5;147;2.18;0.0;-14;73;4;2;1.239;1.213;-0.026;334;20853;9;0.699;67.0;70.0;61.0;6.0;6.0;5.0;1.0;13.0;61.0;1.0;0.0;-1.0;1.0;0.0;-1.0;5.0;0.0;-1.0;-1.0;6.04;11.933;21.622;3.0;9.914;16.073;22.0;0.0;1.069;1.46;5.667;0.577;5.0;6.0;4.571;1.272;3.0;6.0;6.143;4.13;1.0;17.0;5.508;10.858;21.955;0.577;1.0;0.143;0.9;1.0;0.0;1.414;3.0;2.0;-1.0;5.0;-0.143;2.911;-4.0;5.0;0.0;-4.0;1.314;4.8;-2.4;1.386;6.0;6.0;9.0;6.245;1.5;0.0;0.0;1.155;-1.0;-1.0;1.0;-0.5;-1.0;0.577;-1.0;-2.0;1.155;0.0;0.832
18;5;152;2.31;0.0;-11;74;4;0;1.249;1.229;-0.02;343;20848;9;0.809;73.0;67.0;70.0;5.0;6.0;6.0;3.0;12.0;73.0;0.0;1.0;0.0;-1.0;-1.0;2.0;-1.0;5.0;-1.0;-2.0;6.04;12.326;22.228;3.786;9.335;15.804;29.0;0.0;1.069;1.46;5.333;0.577;5.0;6.0;4.857;1.069;3.0;6.0;5.643;3.775;1.0;17.0;5.0;11.51;20.493;0.577;1.0;0.429;0.787;1.0;0.143;1.406;3.0;0.333;-1.0;2.0;0.0;2.887;-4.0;5.0;0.143;-4.0;1.393;7.2;2.4;1.386;6.0;1.0;-5.0;4.509;3.5;0.0;0.0;0.0;0.0;1.0;0.577;-0.5;0.0;0.577;1.0;2.0;1.155;-0.0;0.824
19;5;157;2.44;1.0;-9;79;5;2;1.259;1.241;-0.018;378;20843;9;0.875;74.0;73.0;67.0;5.0;5.0;6.0;3.0;8.0;81.0;1.0;0.0;1.0;1.0;-1.0;0.0;2.0;-1.0;-2.0;2.0;6.04;12.829;22.688;3.215;9.055;16.114;31.0;0.0;0.976;1.399;5.0;0.0;5.0;5.0;5.143;0.69;4.0;6.0;5.429;3.715;1.0;17.0;5.0;11.658;19.275;1.0;2.0;0.571;0.976;2.0;0.357;1.447;3.0;1.333;0.0;2.0;0.571;2.82;-4.0;5.0;0.143;-4.0;1.366;4.8;-2.4;1.386;6.0;5.0;4.0;2.646;3.0;0.0;0.0;0.0;0.0;0.0;0.577;0.0;0.0;0.0;1.0;0.0;1.155;1.0;0.814
20;5;162;2.57;0.0;-8;85;31;5;1.272;1.25;-0.022;383;20838;9;0.937;79.0;74.0;73.0;5.0;5.0;5.0;4.0;8.0;89.0;2.0;1.0;0.0;1.0;0.0;2.0;0.0;2.0;-4.0;1.0;6.093;13.559;23.319;5.508;7.847;16.514;35.0;0.0;0.756;1.267;5.0;0.0;5.0;5.0;5.286;0.488;5.0;6.0;5.214;3.641;1.0;17.0;5.0;11.429;18.391;0.577;2.0;0.571;0.976;2.0;0.429;1.453;3.0;2.333;0.0;5.0;1.857;2.41;-1.0;5.0;0.429;-4.0;1.355;7.3;2.5;1.415;6.05;6.0;1.0;2.646;5.5;0.0;0.0;0.0;0.0;0.0;0.0;0.0;0.0;0.0;-1.0;-2.0;1.155;0.0;0.806
21;5;167;2.7;0.0;-14;83;12;1;1.294;1.265;-0.029;387;20833;9;0.984;85.0;79.0;74.0;5.0;5.0;5.0;5.0;17.0;106.0;1.0;2.0;1.0;-1.0;0.0;5.0;2.0;0.0;0.0;2.0;6.093;13.016;23.762;3.055;6.694;16.273;37.0;0.0;0.0;1.038;5.0;0.0;5.0;5.0;5.286;0.488;5.0;6.0;4.357;1.336;1.0;6.0;5.0;11.037;19.202;1.0;2.0;0.714;0.756;2.0;0.429;1.453;3.0;2.667;1.0;5.0;2.0;2.309;-1.0;5.0;0.357;-4.0;1.446;4.8;-2.5;1.443;6.05;-2.0;-8.0;4.359;2.0;0.0;0.0;0.0;0.0;0.0;0.0;0.0;0.0;0.0;-1.0;0.0;1.155;-1.0;0.8
22;7;174;2.83;0.0;-24;84;12;0;1.137;1.281;0.144;391;20826;9;1.03;83.0;85.0;79.0;5.0;5.0;5.0;6.0;4.0;110.0;0.0;1.0;2.0;0.0;3.0;1.0;5.0;2.0;5.0;0.0;4.8;12.474;24.026;1.0;6.744;15.6;40.0;1.155;0.756;1.267;5.667;1.155;5.0;7.0;5.429;0.787;5.0;7.0;4.571;1.505;1.0;7.0;6.028;11.28;20.271;1.0;1.0;0.571;0.976;2.0;0.143;1.292;2.0;2.0;0.0;5.0;1.286;1.976;-1.0;5.0;0.357;-4.0;1.486;4.8;0.0;1.443;4.8;1.0;3.0;4.041;-0.5;-2.0;-2.0;1.155;2.0;2.0;1.155;1.0;2.0;1.155;-1.0;0.0;0.0;-1.0;0.791
23;5;179;2.96;0.0;-31;89;15;3;1.337;1.296;-0.041;394;20821;9;1.061;84.0;83.0;85.0;7.0;5.0;5.0;6.0;4.0;114.0;-1.0;0.0;1.0;1.0;-3.0;0.0;1.0;5.0;-1.0;-1.0;6.093;12.683;24.091;3.215;5.916;15.011;44.0;1.155;0.976;1.399;5.667;1.155;5.0;7.0;5.286;0.756;5.0;7.0;4.643;1.499;1.0;7.0;6.028;11.588;21.277;0.577;0.0;0.429;0.976;2.0;0.357;0.929;2.0;1.333;0.0;3.0;1.857;1.773;0.0;5.0;0.643;-4.0;1.484;7.3;2.5;1.443;6.05;5.0;4.0;3.512;3.0;0.0;2.0;1.155;-2.0;-4.0;2.0;-0.0;-2.0;1.155;1.0;2.0;1.155;-0.0;0.781
24;4;183;3.09;-2.0;-46;89;16;1;1.36;1.308;-0.052;397;20817;9;1.093;89.0;84.0;83.0;5.0;7.0;5.0;5.0;1.0;115.0;0.0;-1.0;0.0;0.0;1.0;3.0;0.0;1.0;2.0;-1.0;4.215;11.311;23.674;2.887;5.376;14.12;48.0;0.0;1.069;1.46;5.333;1.528;4.0;7.0;5.143;0.9;4.0;7.0;4.857;1.099;3.0;7.0;4.509;11.514;21.746;3.215;0.0;-0.429;2.637;2.0;-0.143;1.916;2.0;1.333;0.0;3.0;1.714;1.799;0.0;5.0;0.786;-4.0;1.484;0.0;-7.3;3.71;3.65;0.0;-5.0;2.646;2.5;0.0;0.0;1.155;-1.0;1.0;2.082;-1.5;-1.0;1.528;-6.0;-7.0;3.606;-2.5;0.772
25;6;189;3.22;2.0;-52;94;19;4;1.382;1.326;-0.056;400;20811;9;1.118;89.0;89.0;84.0;4.0;5.0;7.0;5.0;3.0;118.0;-6.0;0.0;-1.0;1.0;-1.0;1.0;3.0;0.0;0.0;-1.0;9.757;13.447;24.601;2.887;4.914;13.479;52.0;0.0;1.069;1.46;5.0;1.0;4.0;6.0;5.286;0.951;4.0;7.0;5.071;0.997;3.0;7.0;5.033;11.59;22.111;5.508;5.0;0.143;3.338;5.0;0.286;2.335;5.0;2.667;1.0;4.0;2.286;1.799;0.0;5.0;1.143;-4.0;1.585;16.9;16.9;8.476;8.45;5.0;5.0;2.887;2.5;0.0;0.0;0.0;2.0;3.0;2.082;0.5;2.0;1.0;11.0;17.0;8.544;2.5;0.765
26;7;196;3.35;0.0;-65;100;27;8;1.405;1.337;-0.068;402;20804;9;1.144;94.0;89.0;89.0;6.0;4.0;5.0;5.0;3.0;121.0;5.0;-6.0;0.0;2.0;1.0;4.0;1.0;3.0;2.0;-2.0;9.757;13.264;24.84;5.508;6.094;13.242;52.0;0.0;0.976;1.399;5.667;1.528;4.0;7.0;5.571;1.134;4.0;7.0;5.357;0.929;4.0;7.0;6.506;11.984;22.434;5.508;5.0;-0.286;3.251;5.0;0.143;2.349;5.0;4.333;1.0;8.0;3.143;2.795;0.0;8.0;1.857;-4.0;1.49;0.0;-16.9;9.757;8.45;6.0;1.0;3.215;5.5;0.0;0.0;0.0;1.0;-1.0;1.528;1.5;1.0;1.528;-6.0;-17.0;9.815;2.5;0.754
27;15;211;3.4;0.0;-74;97;30;3;1.426;1.353;-0.073;404;20789;9;1.174;100.0;94.0;89.0;7.0;6.0;4.0;5.0;4.0;125.0;-1.0;5.0;-6.0;1.0;1.0;8.0;4.0;1.0;5.0;-4.0;4.215;13.806;25.166;3.0;6.414;11.663;61.0;0.0;0.756;1.267;9.333;4.933;6.0;15.0;7.0;3.697;4.0;15.0;6.143;2.685;4.0;15.0;11.24;14.695;23.863;3.215;5.0;-0.429;3.207;5.0;0.071;2.336;5.0;5.0;3.0;8.0;2.857;2.673;0.0;8.0;2.357;-1.0;1.611;7.3;7.3;8.476;3.65;-3.0;-9.0;4.933;1.5;0.0;0.0;0.0;8.0;7.0;3.786;4.5;8.0;4.933;1.0;7.0;8.544;-2.5;0.748
28;8;219;3.61;-5.0;-94;99;35;4;1.446;1.362;-0.084;405;20781;9;1.183;97.0;100.0;94.0;15.0;7.0;6.0;5.0;5.0;130.0;0.0;-1.0;5.0;0.0;-1.0;3.0;8.0;4.0;1.0;0.0;4.158;11.873;23.664;1.528;5.984;10.847;67.0;0.0;0.0;1.038;10.0;4.359;7.0;15.0;7.429;3.599;4.0;15.0;6.357;2.706;4.0;15.0;11.676;16.743;25.325;7.234;0.0;-2.286;5.707;5.0;-0.786;4.209;5.0;5.0;3.0;8.0;3.286;2.563;0.0;8.0;2.643;-1.0;1.507;-7.1;-14.4;7.2;0.1;2.0;5.0;4.509;-0.5;0.0;0.0;0.0;-7.0;-15.0;7.506;0.5;-7.0;4.359;-13.0;-14.0;7.0;-6.0;0.739
29;3;222;3.74;-9.0;-128;100;39;4;1.47;1.368;-0.102;406;20778;9;1.185;99.0;97.0;100.0;8.0;15.0;7.0;7.0;6.0;136.0;-13.0;0.0;-1.0;-1.0;0.0;4.0;3.0;8.0;0.0;5.0;4.94;9.25;21.744;1.528;4.86;10.725;67.0;0.0;0.0;1.027;8.667;6.028;3.0;15.0;6.857;3.976;3.0;15.0;6.143;2.852;3.0;15.0;5.686;17.478;26.223;10.599;0.0;-5.143;9.008;5.0;-2.286;6.832;5.0;3.667;3.0;4.0;3.857;2.116;1.0;8.0;2.571;-1.0;1.468;-2.4;4.7;7.343;-4.75;1.0;-1.0;2.646;1.5;0.0;0.0;0.0;-5.0;2.0;8.145;-6.0;-5.0;6.028;-8.0;5.0;7.095;-10.5;0.734
30;8;230;3.87;-9.0;-159;98;40;1;1.491;1.377;-0.114;407;20770;9;1.202;100.0;99.0;97.0;3.0;8.0;15.0;5.0;6.0;142.0;-21.0;-13.0;0.0;0.0;1.0;4.0;4.0;3.0;3.0;-1.0;2.45;7.525;20.102;1.0;3.988;9.486;73.0;0.0;0.0;0.994;6.333;2.887;3.0;8.0;7.286;3.904;3.0;15.0;6.286;2.894;3.0;15.0;5.686;17.958;27.307;4.619;-13.0;-8.143;10.399;5.0;-3.857;8.374;5.0;3.0;1.0;4.0;3.571;2.37;1.0;8.0;2.714;0.0;1.548;4.9;7.3;6.047;1.25;-2.0;-3.0;2.082;-0.5;0.0;0.0;0.0;5.0;10.0;6.429;-0.0;5.0;2.887;0.0;8.0;6.557;-4.0;0.731
31;9;239;4.0;-9.0;-188;102;44;4;1.511;1.385;-0.126;408;20761;9;1.213;98.0;100.0;99.0;8.0;3.0;8.0;4.0;5.0;147.0;-21.0;-21.0;-13.0;-6.0;0.0;1.0;4.0;4.0;1.0;2.0;4.85;3.816;18.432;2.0;2.573;8.905;74.0;0.0;0.0;0.938;6.667;3.215;3.0;9.0;8.0;3.651;3.0;15.0;6.571;2.954;3.0;15.0;8.505;17.883;28.538;0.0;-21.0;-10.286;11.383;5.0;-5.357;9.443;5.0;3.0;1.0;4.0;4.0;2.082;1.0;8.0;2.857;0.0;1.534;4.8;-0.1;4.186;4.85;4.0;6.0;3.0;1.0;0.0;0.0;0.0;1.0;-4.0;5.033;3.0;1.0;3.215;0.0;0.0;4.619;0.0;0.726
32;10;249;4.13;-18.0;-246;100;46;1;1.534;1.396;-0.138;408;20751;9;1.229;102.0;98.0;100.0;9.0;8.0;3.0;6.0;5.0;152.0;-21.0;-21.0;-21.0;5.0;1.0;4.0;1.0;4.0;4.0;0.0;4.85;5.232;17.147;2.0;1.618;7.738;79.0;0.0;0.0;0.852;9.0;1.0;8.0;10.0;8.571;3.599;3.0;15.0;6.929;3.05;3.0;15.0;9.504;17.642;29.968;12.702;-21.0;-17.143;14.634;0.0;-8.5;13.58;5.0;2.0;1.0;4.0;3.571;2.37;1.0;8.0;2.929;0.0;1.614;4.9;0.1;0.058;4.85;-2.0;-6.0;3.464;1.0;0.0;0.0;0.0;1.0;0.0;2.309;1.0;1.0;1.0;-22.0;-22.0;12.702;-11.0;0.722
33;10;259;4.26;-34.0;-342;100;46;0;1.556;1.408;-0.148;408;20741;9;1.241;100.0;102.0;98.0;10.0;9.0;8.0;7.0;5.0;157.0;-43.0;-21.0;-21.0;-1.0;2.0;1.0;4.0;1.0;8.0;2.0;4.9;6.867;15.949;1.155;1.618;6.844;83.0;0.0;0.0;0.726;9.667;0.577;9.0;10.0;9.0;3.559;3.0;15.0;7.286;3.099;3.0;15.0;10.0;17.212;31.5;30.892;-21.0;-28.714;26.75;0.0;-14.5;23.51;5.0;1.667;0.0;4.0;2.429;1.718;0.0;4.0;2.786;0.0;1.663;4.9;0.0;0.058;4.9;0.0;2.0;3.055;-1.0;0.0;0.0;0.0;0.0;-1.0;0.577;0.5;0.0;0.577;-39.0;-17.0;19.553;-30.5;0.716
34;10;269;4.39;-46.0;-361;100;44;-1;1.578;1.42;-0.158;407;20731;9;1.25;100.0;100.0;102.0;10.0;10.0;9.0;15.0;5.0;162.0;-82.0;-43.0;-21.0;0.0;1.0;0.0;1.0;4.0;3.0;5.0;3.764;8.543;15.013;0.0;1.215;6.44;83.0;0.0;0.0;0.535;10.0;0.0;10.0;10.0;8.286;2.498;3.0;10.0;7.643;3.104;3.0;15.0;10.0;18.894;33.039;33.65;-43.0;-44.429;37.3;-13.0;-22.429;34.178;5.0;0.0;-1.0;1.0;1.857;2.116;-1.0;4.0;2.357;-1.0;1.688;2.5;-2.4;1.386;3.7;0.0;0.0;1.155;-0.0;0.0;0.0;0.0;0.0;0.0;0.577;0.0;0.0;0.0;-28.0;11.0;8.622;-33.5;0.71
35;0;269;4.52;-83.0;-458;100;0;-1;1.6;1.494;-0.106;407;20731;9;1.265;100.0;100.0;100.0;10.0;10.0;10.0;8.0;5.0;167.0;-110.0;-82.0;-43.0;-13.0;0.0;-1.0;0.0;1.0;4.0;1.0;3.764;9.646;14.31;0.0;1.155;5.459;84.0;0.0;0.0;0.0;6.667;5.774;0.0;10.0;7.143;4.018;0.0;10.0;7.286;3.667;0.0;15.0;5.774;18.641;33.293;61.093;-82.0;-71.0;66.219;-21.0;-36.643;57.533;5.0;-0.667;-1.0;0.0;1.143;2.116;-1.0;4.0;2.214;-1.0;1.737;4.9;2.4;1.386;3.7;0.0;0.0;0.0;-0.0;0.0;0.0;0.0;-10.0;-10.0;5.774;-5.0;-10.0;5.774;-89.0;-61.0;32.512;-58.5;0.704
1;12;12;0.1;0.0;-1;22;7;8;0.321;0.276;-0.045;0;20088;10;0.276;22.0;22.0;22.0;12.0;12.0;12.0;12.0;12.0;12.0;-1.0;-1.0;-1.0;-1.0;-1.0;8.0;8.0;8.0;8.0;8.0;3.536;3.536;3.536;2.121;2.121;2.121;22.0;0.0;0.0;0.0;12.0;2.121;12.0;12.0;12.0;2.121;12.0;12.0;12.0;2.121;12.0;12.0;6.364;6.364;6.364;0.707;-1.0;-1.0;0.707;-1.0;-1.0;0.707;-1.0;8.0;8.0;8.0;8.0;4.243;8.0;8.0;8.0;8.0;0.791;5.0;-2.5;1.768;3.75;-3.0;7.0;4.95;0.5;0.0;0.0;0.0;-3.0;0.0;0.0;-3.0;-3.0;2.121;1.0;-2.0;1.414;0.0;3.623
2;9;21;0.23;0.0;0;19;9;2;0.549;0.486;-0.063;0;20079;10;0.276;22.0;22.0;22.0;12.0;12.0;12.0;12.0;12.0;12.0;-1.0;-1.0;-1.0;-1.0;-1.0;8.0;8.0;8.0;8.0;8.0;3.536;3.536;3.536;2.121;2.121;2.121;19.0;0.0;0.0;0.0;10.5;2.121;9.0;12.0;10.5;2.121;9.0;12.0;10.5;2.121;9.0;12.0;6.364;6.364;6.364;0.707;0.0;-0.5;0.707;0.0;-0.5;0.707;0.0;5.0;2.0;8.0;5.0;4.243;2.0;8.0;5.0;2.0;1.179;5.0;-2.5;1.768;3.75;-3.0;7.0;4.95;0.5;0.0;0.0;0.0;-3.0;0.0;0.0;-3.0;-3.0;2.121;1.0;-2.0;1.414;0.0;3.623
3;6;27;0.36;0.0;-1;23;11;3;0.711;0.617;-0.094;0;20073;10;0.276;19.0;22.0;22.0;9.0;12.0;12.0;12.0;12.0;12.0;0.0;-1.0;-1.0;-1.0;-1.0;2.0;8.0;8.0;8.0;8.0;3.819;3.819;3.819;2.082;2.082;2.082;19.0;0.0;0.0;0.0;9.0;3.0;6.0;12.0;9.0;3.0;6.0;12.0;9.0;3.0;6.0;12.0;7.55;7.55;7.55;0.577;0.0;-0.667;0.577;0.0;-0.667;0.577;0.0;4.333;2.0;8.0;4.333;3.215;2.0;8.0;4.333;2.0;1.083;2.5;-2.5;1.768;3.75;4.0;7.0;4.95;0.5;0.0;0.0;0.0;-3.0;0.0;0.0;-3.0;-3.0;2.121;-1.0;-2.0;1.414;0.0;2.058
4;6;33;0.49;0.0;-1;25;13;1;0.826;0.728;-0.098;0;20067;10;0.276;23.0;19.0;22.0;6.0;9.0;12.0;12.0;12.0;12.0;-1.0;0.0;-1.0;-1.0;-1.0;3.0;2.0;8.0;8.0;8.0;3.819;5.204;5.204;3.055;2.5;2.5;19.0;0.0;0.0;0.0;7.0;1.732;6.0;9.0;8.25;2.872;6.0;12.0;8.25;2.872;6.0;12.0;6.0;8.958;8.958;0.577;0.0;-0.5;0.577;0.0;-0.5;0.577;0.0;2.0;1.0;3.0;3.5;3.109;1.0;8.0;3.5;1.0;1.196;5.0;2.5;1.443;3.75;2.0;-2.0;3.606;3.0;0.0;0.0;0.0;0.0;3.0;1.732;-1.5;0.0;1.732;1.0;2.0;1.155;-0.0;1.621
5;3;36;0.62;0.0;-1;29;15;2;0.914;0.815;-0.099;0;20064;10;0.276;25.0;23.0;19.0;6.0;6.0;9.0;12.0;12.0;12.0;0.0;-1.0;0.0;-1.0;-1.0;1.0;3.0;2.0;8.0;8.0;5.0;6.755;6.755;3.055;3.715;3.715;19.0;0.0;0.0;0.0;5.0;1.732;3.0;6.0;7.2;3.421;3.0;12.0;7.2;3.421;3.0;12.0;4.583;9.628;9.628;1.0;1.0;-0.2;0.837;1.0;-0.2;0.837;1.0;2.0;1.0;3.0;3.2;2.775;1.0;8.0;3.2;1.0;1.203;5.0;0.0;1.443;5.0;4.0;2.0;1.155;3.0;0.0;0.0;0.0;-3.0;-3.0;1.732;-1.5;-3.0;1.732;1.0;0.0;1.155;1.0;1.374
6;5;41;0.75;0.0;-3;32;17;2;0.979;0.874;-0.105;0;20059;10;0.276;29.0;25.0;23.0;3.0;6.0;6.0;12.0;12.0;12.0;1.0;0.0;-1.0;-1.0;-1.0;2.0;1.0;3.0;8.0;8.0;3.819;7.651;7.651;3.512;4.775;4.775;19.0;0.0;0.0;0.0;4.667;1.528;3.0;6.0;6.833;3.189;3.0;12.0;6.833;3.189;3.0;12.0;4.041;10.614;10.614;1.0;1.0;-0.333;0.816;1.0;-0.333;0.816;1.0;1.667;1.0;2.0;3.0;2.53;1.0;8.0;3.0;1.0;1.169;2.5;-2.5;1.443;3.75;3.0;-1.0;1.0;3.5;0.0;0.0;0.0;2.0;5.0;2.517;-0.5;2.0;1.528;-2.0;-3.0;1.732;-0.5;1.227
7;2;43;0.68;0.0;-1;35;21;2;1.029;0.926;-0.103;270;20057;10;0.276;32.0;29.0;25.0;5.0;3.0;6.0;12.0;12.0;12.0;-1.0;1.0;0.0;-1.0;-1.0;2.0;2.0;1.0;8.0;8.0;3.819;8.898;8.898;3.0;5.769;5.769;19.0;0.0;0.0;0.0;3.333;1.528;2.0;5.0;6.143;3.436;2.0;12.0;6.143;3.436;2.0;12.0;3.606;11.163;11.163;1.155;1.0;-0.429;0.787;1.0;-0.429;0.787;1.0;2.0;2.0;2.0;2.857;2.34;1.0;8.0;2.857;1.0;1.211;5.0;2.5;1.443;3.75;3.0;0.0;0.577;3.0;0.0;0.0;0.0;-3.0;-5.0;2.887;-0.5;-3.0;1.528;0.0;2.0;1.528;-1.0;1.144
8;0;43;1.01;0.0;-6;39;21;2;1.068;0.959;-0.109;268;20057;10;0.276;35.0;32.0;29.0;2.0;5.0;3.0;12.0;12.0;12.0;-1.0;-1.0;1.0;-1.0;-1.0;2.0;2.0;2.0;8.0;8.0;3.819;8.522;9.797;3.512;7.034;6.949;19.0;1.155;0.756;0.707;2.333;2.517;0.0;5.0;4.429;2.992;0.0;9.0;5.375;3.852;0.0;12.0;1.155;8.454;11.25;0.577;0.0;-0.286;0.756;1.0;-0.375;0.744;1.0;2.0;2.0;2.0;2.0;0.577;1.0;3.0;2.75;1.0;1.151;2.5;-2.5;1.443;3.75;4.0;1.0;0.577;3.5;-2.0;-2.0;1.155;-2.0;1.0;2.646;-2.5;-2.0;2.517;1.0;1.0;1.528;0.5;1.08
9;0;43;1.14;0.0;-5;41;21;0;1.099;1.002;-0.097;274;20057;10;0.276;39.0;35.0;32.0;0.0;2.0;5.0;9.0;12.0;12.0;0.0;-1.0;-1.0;0.0;-1.0;2.0;2.0;2.0;2.0;8.0;5.204;9.322;11.456;3.055;6.807;7.812;19.0;1.155;0.976;0.882;0.667;1.155;0.0;2.0;3.143;2.61;0.0;6.0;4.778;4.024;0.0;12.0;0.0;6.245;11.144;0.577;0.0;-0.429;0.787;1.0;-0.444;0.726;1.0;1.333;0.0;2.0;1.714;0.951;0.0;3.0;2.444;0.0;1.278;7.5;5.0;2.5;5.0;2.0;-2.0;1.0;3.0;0.0;2.0;1.155;0.0;2.0;1.528;-1.0;0.0;1.155;-1.0;-2.0;1.0;0.0;1.043
10;3;46;1.27;0.0;-11;45;21;0;1.129;1.03;-0.099;281;20054;10;0.276;41.0;39.0;35.0;0.0;0.0;2.0;6.0;12.0;12.0;-1.0;0.0;-1.0;-1.0;-1.0;0.0;2.0;2.0;3.0;8.0;5.204;9.129;12.652;3.055;7.034;8.857;19.0;0.0;1.069;0.966;1.0;1.732;0.0;3.0;2.714;2.289;0.0;6.0;4.6;3.836;0.0;12.0;1.732;4.572;11.257;0.577;0.0;-0.429;0.787;1.0;-0.5;0.707;1.0;0.667;0.0;2.0;1.286;0.951;0.0;2.0;2.2;0.0;1.22;2.5;-5.0;2.887;5.0;4.0;2.0;1.155;3.0;0.0;0.0;1.155;3.0;3.0;2.517;1.5;3.0;1.732;0.0;1.0;1.0;-0.5;0.998
11;4;50;1.4;0.0;-11;51;22;2;1.149;1.054;-0.095;289;20050;10;0.276;45.0;41.0;39.0;3.0;0.0;0.0;6.0;12.0;12.0;-1.0;-1.0;0.0;0.0;-1.0;0.0;0.0;2.0;1.0;8.0;5.148;9.915;14.361;5.033;7.625;10.342;19.0;0.0;1.069;1.009;2.333;2.082;0.0;4.0;2.429;1.902;0.0;5.0;4.545;3.643;0.0;12.0;3.512;4.298;11.657;0.0;-1.0;-0.571;0.787;1.0;-0.545;0.688;1.0;0.667;0.0;2.0;1.429;0.976;0.0;2.0;2.182;0.0;1.222;7.4;4.9;2.858;4.95;6.0;2.0;2.0;5.0;0.0;0.0;0.0;1.0;-2.0;1.528;2.0;1.0;2.082;0.0;0.0;0.577;-0.0;0.971
12;5;55;1.53;0.0;-15;49;17;-5;1.169;1.089;-0.08;297;20045;10;0.276;51.0;45.0;41.0;4.0;3.0;0.0;3.0;12.0;12.0;-1.0;-1.0;-1.0;1.0;-1.0;2.0;0.0;0.0;2.0;8.0;6.239;10.829;16.015;3.055;7.041;10.911;19.0;0.0;0.976;1.03;4.0;1.0;3.0;5.0;2.714;2.138;0.0;5.0;4.583;3.476;0.0;12.0;4.509;4.981;12.406;0.0;-1.0;-0.857;0.378;0.0;-0.583;0.669;1.0;-1.0;-5.0;2.0;0.429;2.573;-5.0;2.0;1.583;-5.0;1.373;5.0;-2.4;2.45;6.2;-2.0;-8.0;4.163;2.0;0.0;0.0;0.0;1.0;0.0;1.155;1.0;1.0;1.0;0.0;0.0;0.0;-0.0;0.949
13;6;61;1.68;0.0;-21;44;3;-12;1.186;1.138;-0.048;305;20039;10;0.276;49.0;51.0;45.0;5.0;4.0;3.0;5.0;12.0;12.0;-1.0;-1.0;-1.0;-1.0;-1.0;-5.0;2.0;0.0;2.0;8.0;5.05;11.222;17.644;3.606;5.593;10.797;19.0;0.0;0.756;1.038;5.0;1.0;4.0;6.0;2.857;2.34;0.0;6.0;4.692;3.351;0.0;12.0;5.508;7.041;13.549;0.0;-1.0;-0.857;0.378;0.0;-0.615;0.65;1.0;-5.0;-12.0;2.0;-1.571;5.224;-12.0;2.0;0.538;-12.0;1.645;5.1;0.1;1.358;5.05;-5.0;-3.0;5.686;-3.5;0.0;0.0;0.0;1.0;0.0;0.0;1.0;1.0;1.0;0.0;0.0;0.0;-0.0;0.918
14;7;68;1.79;0.0;-27;62;4;1;1.208;1.15;-0.058;313;20032;10;0.276;44.0;49.0;51.0;6.0;5.0;4.0;2.0;12.0;12.0;-1.0;-1.0;-1.0;-1.0;-1.0;-12.0;-5.0;2.0;2.0;8.0;5.05;11.602;19.24;9.292;7.718;12.648;19.0;0.0;0.0;1.038;6.0;1.0;5.0;7.0;3.571;2.76;0.0;7.0;4.857;3.278;0.0;12.0;6.506;9.552;15.108;0.0;-1.0;-0.857;0.378;0.0;-0.643;0.633;1.0;-5.333;-12.0;1.0;-1.714;5.122;-12.0;2.0;0.571;-12.0;1.248;5.0;-0.1;0.058;5.05;18.0;23.0;12.503;6.5;0.0;0.0;0.0;1.0;0.0;0.0;1.0;1.0;1.0;0.0;0.0;0.0;-0.0;0.879
15;4;72;1.92;-1.0;-29;66;5;1;1.219;1.161;-0.058;320;20028;10;0.276;62.0;44.0;49.0;7.0;6.0;5.0;0.0;12.0;12.0;-1.0;-1.0;-1.0;0.0;-1.0;1.0;-12.0;-5.0;2.0;8.0;5.0;11.227;19.703;11.719;9.442;14.06;19.0;1.155;0.756;1.267;5.667;1.528;4.0;7.0;4.143;2.268;0.0;7.0;4.286;2.555;0.0;9.0;5.568;11.028;14.642;0.577;-1.0;-1.143;0.378;-1.0;-0.714;0.726;1.0;-3.333;-12.0;1.0;-1.857;5.014;-12.0;2.0;0.071;-12.0;1.248;5.0;0.0;0.058;5.0;4.0;-14.0;11.59;11.0;-2.0;-2.0;1.155;-3.0;-4.0;2.309;-1.0;-3.0;1.528;-1.0;-1.0;0.577;-0.5;0.87
16;7;79;2.06;0.0;-28;77;15;9;1.229;1.162;-0.067;327;20021;10;0.486;66.0;62.0;44.0;4.0;7.0;6.0;0.0;9.0;21.0;-2.0;-1.0;-1.0;-1.0;0.0;1.0;1.0;-12.0;0.0;2.0;6.292;12.011;20.558;7.767;12.352;15.83;23.0;1.155;0.976;1.399;6.0;1.732;4.0;7.0;5.143;1.574;3.0;7.0;4.143;2.316;0.0;7.0;5.568;12.067;15.323;1.0;0.0;-1.0;0.577;0.0;-0.714;0.726;1.0;3.667;1.0;9.0;-0.571;6.503;-12.0;9.0;0.571;-12.0;1.168;7.5;2.5;1.443;6.25;11.0;7.0;7.0;7.5;0.0;2.0;1.155;3.0;6.0;3.055;-0.0;3.0;1.732;2.0;3.0;1.528;0.5;0.861
17;4;83;2.18;0.0;-28;68;12;-3;1.239;1.182;-0.057;334;20017;10;0.617;77.0;66.0;62.0;7.0;4.0;7.0;3.0;6.0;27.0;0.0;-2.0;-1.0;-1.0;-1.0;9.0;1.0;1.0;0.0;3.0;6.292;11.827;21.116;5.859;11.9;15.775;25.0;0.0;1.069;1.46;5.0;1.732;4.0;7.0;5.286;1.38;4.0;7.0;4.0;2.253;0.0;7.0;5.568;12.212;16.202;1.0;0.0;-1.0;0.577;0.0;-0.714;0.726;1.0;2.333;-3.0;9.0;-1.0;6.557;-12.0;9.0;0.143;-12.0;1.396;5.0;-2.5;1.443;6.25;-9.0;-20.0;10.149;1.0;0.0;0.0;1.155;-3.0;-6.0;3.464;0.0;-3.0;1.732;-1.0;-3.0;1.732;0.5;0.861
18;3;86;2.31;-1.0;-28;74;12;0;1.249;1.197;-0.052;343;20014;10;0.728;68.0;77.0;66.0;4.0;7.0;4.0;4.0;6.0;33.0;-1.0;0.0;-2.0;-1.0;0.0;-3.0;9.0;1.0;2.0;1.0;5.0;12.0;21.659;4.583;12.308;15.869;29.0;0.0;1.069;1.46;4.667;2.082;3.0;7.0;5.143;1.574;3.0;7.0;3.786;2.19;0.0;7.0;3.512;11.489;17.136;1.0;0.0;-1.143;0.69;0.0;-0.857;0.77;1.0;2.0;-3.0;9.0;-1.286;6.448;-12.0;9.0;0.071;-12.0;1.35;5.0;0.0;1.443;5.0;6.0;15.0;10.408;-1.5;0.0;0.0;0.0;-1.0;2.0;3.055;-2.0;-1.0;2.082;-1.0;0.0;1.732;-1.0;0.846
19;7;93;2.44;0.0;-29;80;14;3;1.259;1.207;-0.052;378;20007;10;0.815;74.0;68.0;77.0;3.0;4.0;7.0;5.0;3.0;36.0;-2.0;-1.0;0.0;-1.0;1.0;0.0;-3.0;9.0;-5.0;2.0;5.05;12.0;22.201;6.0;12.065;16.313;32.0;0.0;0.976;1.399;4.667;2.082;3.0;7.0;5.429;1.718;3.0;7.0;4.071;2.336;0.0;7.0;5.132;11.088;18.345;0.577;-1.0;-1.143;0.69;0.0;-1.0;0.555;0.0;0.0;-3.0;3.0;-0.143;6.388;-12.0;9.0;0.143;-12.0;1.312;5.1;0.1;0.058;5.05;6.0;0.0;8.66;6.0;0.0;0.0;0.0;4.0;5.0;3.606;1.5;4.0;2.082;1.0;2.0;1.155;-0.0;0.835
20;5;98;2.57;-1.0;-31;79;34;-1;1.272;1.224;-0.048;383;20002;10;0.874;80.0;74.0;68.0;7.0;3.0;4.0;6.0;5.0;41.0;-1.0;-2.0;-1.0;-1.0;-1.0;3.0;0.0;-3.0;-12.0;2.0;6.338;12.406;22.72;3.215;6.993;16.162;35.0;0.0;0.756;1.267;5.0;2.0;3.0;7.0;5.286;1.704;3.0;7.0;4.071;2.336;0.0;7.0;6.028;10.766;19.688;0.577;-1.0;-1.286;0.756;0.0;-1.071;0.616;0.0;0.667;-1.0;3.0;1.429;3.823;-3.0;9.0;-0.071;-12.0;1.424;7.5;2.4;1.415;6.3;-1.0;-7.0;4.041;2.5;0.0;0.0;0.0;-2.0;-6.0;3.215;1.0;-2.0;2.0;-1.0;-2.0;1.155;0.0;0.829
21;7;105;2.7;0.0;-37;81;13;-1;1.294;1.243;-0.051;387;19995;10;0.926;79.0;80.0;74.0;5.0;7.0;3.0;7.0;2.0;43.0;-2.0;-1.0;-2.0;-1.0;-1.0;-1.0;3.0;0.0;1.0;2.0;7.5;13.013;23.447;1.0;5.944;15.83;39.0;0.0;0.0;1.038;6.333;1.155;5.0;7.0;5.286;1.704;3.0;7.0;4.429;2.377;0.0;7.0;6.028;11.402;21.107;1.0;0.0;-1.143;0.9;0.0;-1.0;0.679;0.0;0.333;-1.0;3.0;1.143;3.934;-3.0;9.0;-0.286;-12.0;1.481;7.5;0.0;1.386;7.5;2.0;3.0;3.512;0.5;0.0;0.0;0.0;2.0;4.0;3.055;-0.0;2.0;1.155;2.0;3.0;1.528;0.5;0.817
22;2;107;2.83;0.0;-47;81;10;-3;1.137;1.264;0.127;391;19993;10;0.959;81.0;79.0;80.0;7.0;5.0;7.0;4.0;0.0;43.0;0.0;-2.0;-1.0;-2.0;0.0;-1.0;-1.0;3.0;1.0;2.0;6.292;13.013;23.691;1.155;4.741;15.281;41.0;1.155;0.756;1.267;4.667;2.517;2.0;7.0;5.0;2.082;2.0;7.0;4.571;2.138;0.0;7.0;4.726;10.878;21.699;1.0;0.0;-1.0;0.816;0.0;-1.071;0.616;0.0;-1.667;-3.0;-1.0;0.571;4.237;-3.0;9.0;-0.643;-12.0;1.543;5.0;-2.5;1.443;6.25;0.0;-2.0;1.528;1.0;-2.0;-2.0;1.155;-5.0;-7.0;3.512;-1.5;-5.0;2.517;-1.0;-3.0;1.732;0.5;0.805
23;1;108;2.96;-1.0;-55;86;10;0;1.337;1.281;-0.056;394;19992;10;1.002;81.0;81.0;79.0;2.0;7.0;5.0;7.0;0.0;43.0;-1.0;0.0;-2.0;0.0;-1.0;-3.0;-1.0;-1.0;9.0;0.0;5.05;13.21;24.091;2.887;5.798;14.763;44.0;1.155;0.976;1.399;3.333;3.215;1.0;7.0;4.143;2.34;1.0;7.0;4.643;1.985;1.0;7.0;1.528;10.156;21.342;1.0;0.0;-1.286;0.756;0.0;-1.143;0.663;0.0;-1.333;-3.0;0.0;-0.714;2.059;-3.0;3.0;-0.643;-12.0;1.513;5.1;0.1;1.415;5.05;5.0;5.0;2.517;2.5;0.0;2.0;1.155;-1.0;4.0;3.512;-3.0;-1.0;3.215;-1.0;0.0;1.732;-1.0;0.791
24;2;110;3.09;0.0;-65;88;10;0;1.36;1.3;-0.06;397;19990;10;1.03;86.0;81.0;81.0;1.0;2.0;7.0;4.0;3.0;46.0;-2.0;-1.0;0.0;-1.0;-1.0;0.0;-3.0;-1.0;-3.0;0.0;6.338;13.589;24.319;3.606;4.608;14.217;44.0;0.0;1.069;1.46;1.667;0.577;1.0;2.0;3.857;2.478;1.0;7.0;4.571;2.065;1.0;7.0;1.528;8.944;20.484;1.0;0.0;-1.143;0.9;0.0;-1.071;0.73;0.0;-1.0;-3.0;0.0;-0.286;1.799;-3.0;3.0;-0.643;-12.0;1.564;7.5;2.4;1.415;6.3;2.0;-3.0;2.517;3.5;0.0;0.0;1.155;1.0;2.0;3.055;-0.0;1.0;0.577;2.0;3.0;1.732;0.5;0.781
25;3;113;3.22;-5.0;-87;90;9;0;1.382;1.311;-0.071;400;19987;10;1.054;88.0;86.0;81.0;2.0;1.0;2.0;3.0;4.0;50.0;0.0;-2.0;-1.0;-2.0;-1.0;0.0;0.0;-3.0;0.0;2.0;3.819;11.565;23.551;2.0;4.353;13.935;44.0;0.0;1.069;1.46;2.0;1.0;1.0;3.0;3.857;2.478;1.0;7.0;4.5;2.103;1.0;7.0;2.517;7.01;19.346;5.859;0.0;-2.429;3.867;0.0;-1.786;2.751;0.0;0.0;0.0;0.0;-0.286;1.799;-3.0;3.0;-0.786;-12.0;1.473;-5.0;-12.5;6.634;1.25;2.0;0.0;1.732;2.0;0.0;0.0;0.0;1.0;0.0;1.155;1.0;1.0;1.0;-11.0;-13.0;6.807;-4.5;0.769
26;5;118;3.35;-5.0;-112;92;9;0;1.405;1.322;-0.083;402;19982;10;1.089;90.0;88.0;86.0;3.0;2.0;1.0;7.0;5.0;55.0;-11.0;0.0;-2.0;-1.0;-1.0;0.0;0.0;0.0;3.0;-5.0;2.887;9.337;22.753;2.0;5.024;12.887;44.0;0.0;0.976;1.399;3.333;1.528;2.0;5.0;3.571;2.149;1.0;7.0;4.5;2.103;1.0;7.0;4.041;6.294;18.269;6.658;0.0;-4.0;5.196;0.0;-2.571;3.857;0.0;0.0;0.0;0.0;-0.714;1.113;-3.0;0.0;-0.429;-12.0;1.496;5.0;10.0;6.614;-0.0;2.0;0.0;0.0;2.0;0.0;0.0;0.0;2.0;1.0;0.577;1.5;2.0;1.528;-1.0;10.0;6.807;-6.0;0.763
27;5;123;3.4;-5.0;-134;95;10;1;1.426;1.333;-0.093;404;19977;10;1.138;92.0;90.0;88.0;5.0;3.0;2.0;5.0;6.0;61.0;-12.0;-11.0;0.0;-2.0;-1.0;0.0;0.0;0.0;-1.0;-12.0;5.05;7.893;21.945;2.517;5.318;9.926;62.0;0.0;0.756;1.267;4.333;1.155;3.0;5.0;3.571;2.149;1.0;7.0;4.429;2.065;1.0;7.0;5.0;6.481;17.429;1.0;-11.0;-5.571;6.079;0.0;-3.429;4.718;0.0;0.333;0.0;1.0;-0.429;1.272;-3.0;1.0;0.5;-3.0;1.502;5.1;0.1;5.803;5.05;3.0;1.0;0.577;2.5;0.0;0.0;0.0;0.0;-2.0;1.0;1.0;0.0;1.155;-1.0;0.0;5.774;-1.0;0.756
28;3;126;3.61;-6.0;-156;96;12;1;1.446;1.344;-0.102;405;19974;10;1.15;95.0;92.0;90.0;5.0;5.0;3.0;7.0;7.0;68.0;-13.0;-12.0;-11.0;0.0;-1.0;1.0;0.0;0.0;-1.0;1.0;5.05;7.681;21.101;2.082;5.251;9.345;66.0;0.0;0.0;1.038;4.333;1.155;3.0;5.0;3.0;1.528;1.0;5.0;4.143;1.956;1.0;7.0;4.041;7.483;16.796;1.0;-12.0;-7.571;6.241;0.0;-4.357;5.429;0.0;0.667;0.0;1.0;-0.143;1.345;-3.0;1.0;0.5;-3.0;1.539;5.0;-0.1;0.058;5.05;1.0;-2.0;1.0;2.0;0.0;0.0;0.0;-2.0;-2.0;2.0;-1.0;-2.0;1.155;-1.0;0.0;0.0;-1.0;0.75
29;3;129;3.74;-6.0;-184;96;12;0;1.47;1.357;-0.113;406;19971;10;1.161;96.0;95.0;92.0;3.0;5.0;5.0;2.0;4.0;72.0;-14.0;-13.0;-12.0;-1.0;-2.0;1.0;1.0;0.0;-3.0;1.0;5.0;8.083;20.215;0.577;4.018;8.724;68.0;0.0;0.0;1.027;3.667;1.155;3.0;5.0;3.143;1.464;1.0;5.0;4.071;1.979;1.0;7.0;3.0;8.153;15.984;1.0;-13.0;-9.571;6.024;0.0;-5.286;6.069;0.0;0.667;0.0;1.0;0.286;0.488;0.0;1.0;0.429;-3.0;1.591;5.0;0.0;0.058;5.0;0.0;-1.0;1.528;0.5;0.0;0.0;0.0;0.0;2.0;1.155;-1.0;0.0;1.155;-1.0;0.0;0.0;-1.0;0.744
30;0;129;3.87;-6.0;-209;106;21;9;1.491;1.365;-0.126;407;19971;10;1.162;96.0;96.0;95.0;3.0;3.0;5.0;1.0;7.0;79.0;-15.0;-14.0;-13.0;-2.0;0.0;0.0;1.0;1.0;0.0;9.0;5.0;9.042;19.675;5.774;5.851;10.135;68.0;0.0;0.0;0.994;2.0;1.732;0.0;3.0;3.0;1.732;0.0;5.0;3.571;2.065;0.0;7.0;1.732;7.647;15.155;0.577;-14.0;-11.429;5.255;0.0;-6.357;6.38;0.0;3.333;0.0;9.0;1.571;3.309;0.0;9.0;0.429;-3.0;1.488;5.0;0.0;0.0;5.0;10.0;10.0;5.508;5.0;0.0;0.0;0.0;-3.0;-3.0;1.528;-1.5;-3.0;1.732;0.0;1.0;0.577;-0.5;0.737
31;0;129;4.0;-6.0;-232;99;22;1;1.511;1.378;-0.133;408;19971;10;1.182;106.0;96.0;96.0;0.0;3.0;3.0;2.0;4.0;83.0;-15.0;-15.0;-14.0;0.0;-1.0;9.0;0.0;1.0;0.0;-3.0;5.0;10.84;19.163;5.132;5.187;9.099;74.0;0.0;0.0;0.938;1.0;1.732;0.0;3.0;2.714;2.059;0.0;5.0;3.286;2.268;0.0;7.0;0.0;6.283;13.993;0.0;-15.0;-13.571;1.618;-11.0;-7.357;6.57;0.0;3.333;0.0;9.0;1.714;3.251;0.0;9.0;0.714;-3.0;1.643;5.0;0.0;0.0;5.0;-7.0;-17.0;8.544;1.5;0.0;0.0;0.0;0.0;3.0;1.732;-1.5;0.0;1.732;0.0;0.0;0.577;0.0;0.733
32;0;129;4.13;-5.0;-259;107;31;8;1.534;1.389;-0.145;408;19971;10;1.197;99.0;106.0;96.0;0.0;0.0;3.0;3.0;3.0;86.0;-15.0;-15.0;-15.0;-11.0;-2.0;1.0;9.0;0.0;0.0;0.0;6.292;11.427;18.996;4.359;5.707;9.248;79.0;0.0;0.0;0.852;0.0;0.0;0.0;0.0;2.286;2.289;0.0;5.0;3.071;2.433;0.0;7.0;0.0;4.259;12.371;1.155;-13.0;-13.857;1.215;-12.0;-8.143;6.538;0.0;6.0;1.0;9.0;2.857;3.891;0.0;9.0;1.286;-3.0;1.591;7.5;2.5;1.443;6.25;8.0;15.0;9.292;0.5;0.0;0.0;0.0;0.0;0.0;1.732;-0.0;0.0;0.0;2.0;2.0;1.155;1.0;0.726
33;0;129;4.26;-10.0;-298;83;14;-17;1.556;1.411;-0.145;408;19971;10;1.207;107.0;99.0;106.0;0.0;0.0;0.0;5.0;7.0;93.0;-13.0;-15.0;-15.0;-12.0;-1.0;8.0;1.0;9.0;0.0;3.0;4.33;9.559;17.447;12.22;8.018;9.001;79.0;0.0;0.0;0.726;0.0;0.0;0.0;0.0;1.571;2.07;0.0;5.0;2.571;2.277;0.0;7.0;0.0;2.36;11.0;6.429;-13.0;-15.714;4.192;-13.0;-9.857;7.584;0.0;-2.667;-17.0;8.0;0.429;8.522;-17.0;9.0;-0.143;-17.0;1.96;-7.5;-15.0;8.036;-0.0;-24.0;-32.0;16.01;-8.0;0.0;0.0;0.0;0.0;0.0;0.0;-0.0;0.0;0.0;-12.0;-14.0;7.572;-5.0;0.72
34;0;129;4.39;-7.0;-224;109;21;8;1.578;1.42;-0.158;407;19971;10;1.224;83.0;107.0;99.0;0.0;0.0;0.0;5.0;5.0;98.0;-25.0;-13.0;-15.0;-13.0;-2.0;-17.0;8.0;1.0;1.0;-1.0;6.338;9.583;17.276;14.468;8.997;9.395;81.0;0.0;0.0;0.535;0.0;0.0;0.0;0.0;0.857;1.464;0.0;3.0;2.214;2.259;0.0;7.0;0.0;1.134;9.691;6.11;-13.0;-16.286;4.03;-13.0;-10.929;7.447;0.0;-0.333;-17.0;8.0;1.429;8.997;-17.0;9.0;0.5;-17.0;1.608;12.6;20.1;10.448;2.55;26.0;50.0;25.325;1.0;0.0;0.0;0.0;0.0;0.0;0.0;-0.0;0.0;0.0;8.0;20.0;10.263;-2.0;0.709
35;0;129;4.52;-7.0;-141;90;10;-11;1.6;1.442;-0.158;407;19971;10;1.243;109.0;83.0;107.0;0.0;0.0;0.0;3.0;7.0;105.0;-17.0;-25.0;-13.0;-14.0;0.0;8.0;-17.0;8.0;1.0;-1.0;9.069;9.799;17.605;13.454;9.641;8.761;81.0;0.0;0.0;0.0;0.0;0.0;0.0;0.0;0.429;1.134;0.0;3.0;1.714;1.858;0.0;5.0;0.0;0.0;8.867;4.163;-17.0;-17.0;4.0;-13.0;-12.286;7.021;0.0;-6.667;-17.0;8.0;-0.286;10.161;-17.0;9.0;-0.214;-17.0;2.003;5.0;-7.6;10.149;8.8;-19.0;-45.0;27.538;3.5;0.0;0.0;0.0;0.0;0.0;0.0;-0.0;0.0;0.0;-2.0;-10.0;10.0;3.0;0.704
1;15;15;0.1;0.0;0;21;-2;7;0.321;0.324;0.003;0;19985;11;0.324;21.0;21.0;21.0;15.0;15.0;15.0;15.0;15.0;15.0;0.0;0.0;0.0;0.0;0.0;7.0;7.0;7.0;7.0;7.0;1.768;1.768;1.768;4.243;4.243;4.243;21.0;0.0;0.0;0.0;15.0;1.414;15.0;15.0;15.0;1.414;15.0;15.0;15.0;1.414;15.0;15.0;9.192;9.192;9.192;1.414;0.0;0.0;1.414;0.0;0.0;1.414;0.0;7.0;7.0;7.0;7.0;6.364;7.0;7.0;7.0;7.0;0.833;2.5;2.6;1.838;3.8;-6.0;12.0;8.485;-0.0;0.0;0.0;0.0;-2.0;3.0;2.121;-0.5;1.0;0.707;-2.0;3.0;2.121;-0.5;3.086
2;13;28;0.23;-1.0;-2;15;-4;-2;0.549;0.544;-0.005;0;19972;11;0.324;21.0;21.0;21.0;15.0;15.0;15.0;15.0;15.0;15.0;0.0;0.0;0.0;0.0;0.0;7.0;7.0;7.0;7.0;7.0;1.768;1.768;1.768;4.243;4.243;4.243;15.0;0.0;0.0;0.0;14.0;1.414;13.0;15.0;14.0;1.414;13.0;15.0;14.0;1.414;13.0;15.0;9.192;9.192;9.192;1.414;0.0;-1.0;1.414;0.0;-1.0;1.414;0.0;2.5;-2.0;7.0;2.5;6.364;-2.0;7.0;2.5;-2.0;1.333;2.5;2.6;1.838;3.8;-6.0;12.0;8.485;-0.0;0.0;0.0;0.0;-2.0;3.0;2.121;-0.5;1.0;0.707;-2.0;3.0;2.121;-0.5;3.086
3;14;42;0.36;0.0;-3;21;-4;1;0.711;0.695;-0.016;0;19958;11;0.324;15.0;21.0;21.0;13.0;15.0;15.0;15.0;15.0;15.0;-2.0;0.0;0.0;0.0;0.0;-2.0;7.0;7.0;7.0;7.0;3.873;3.873;3.873;3.464;3.464;3.464;15.0;0.0;0.0;0.0;14.0;1.0;13.0;15.0;14.0;1.0;13.0;15.0;14.0;1.0;13.0;15.0;13.503;13.503;13.503;1.0;0.0;-1.0;1.0;0.0;-1.0;1.0;0.0;2.0;-2.0;7.0;2.0;4.583;-2.0;7.0;2.0;-2.0;1.195;5.1;2.6;1.838;3.8;6.0;12.0;8.485;-0.0;0.0;0.0;0.0;1.0;3.0;2.121;-0.5;1.0;0.707;1.0;3.0;2.121;-0.5;1.838
4;15;57;0.49;-2.0;-8;20;-7;-4;0.826;0.797;-0.029;0;19943;11;0.324;21.0;15.0;21.0;14.0;13.0;15.0;15.0;15.0;15.0;-1.0;-2.0;0.0;0.0;0.0;1.0;-2.0;7.0;7.0;7.0;2.944;3.806;3.806;3.215;2.872;2.872;15.0;0.0;0.0;0.0;14.0;1.0;13.0;15.0;14.25;0.957;13.0;15.0;14.25;0.957;13.0;15.0;14.503;18.083;18.083;2.082;-1.0;-2.0;2.16;0.0;-2.0;2.16;0.0;-1.667;-4.0;1.0;0.5;4.796;-4.0;7.0;0.5;-4.0;1.255;0.0;-5.1;2.55;2.55;-1.0;-7.0;6.028;2.5;0.0;0.0;0.0;1.0;0.0;1.732;1.0;1.0;1.0;-4.0;-5.0;2.517;-1.5;1.439
5;15;72;0.62;-2.0;-13;25;-9;-2;0.914;0.872;-0.042;0;19928;11;0.324;20.0;21.0;15.0;15.0;14.0;13.0;15.0;15.0;15.0;-5.0;-1.0;-2.0;0.0;0.0;-4.0;1.0;-2.0;7.0;7.0;2.887;4.922;4.922;2.646;3.578;3.578;15.0;0.0;0.0;0.0;14.667;0.577;14.0;15.0;14.4;0.894;13.0;15.0;14.4;0.894;13.0;15.0;15.0;22.621;22.621;2.082;-1.0;-2.4;2.074;0.0;-2.4;2.074;0.0;-1.667;-4.0;1.0;0.0;4.301;-4.0;7.0;0.0;-4.0;1.204;5.0;5.0;2.916;2.5;5.0;6.0;3.786;2.0;0.0;0.0;0.0;0.0;-1.0;0.577;0.5;0.0;0.577;1.0;5.0;2.887;-1.5;1.255
6;10;82;0.75;-1.0;-17;31;-8;1;0.979;0.921;-0.058;0;19918;11;0.324;25.0;20.0;21.0;15.0;15.0;14.0;15.0;15.0;15.0;-4.0;-5.0;-1.0;0.0;0.0;-2.0;-4.0;1.0;7.0;7.0;5.0;6.448;6.448;5.508;5.382;5.382;15.0;0.0;0.0;0.0;13.333;2.887;10.0;15.0;13.667;1.966;10.0;15.0;13.667;1.966;10.0;15.0;12.583;25.797;25.797;1.0;-3.0;-2.5;1.871;0.0;-2.5;1.871;0.0;-1.667;-4.0;1.0;0.167;3.869;-4.0;7.0;0.167;-4.0;1.132;5.0;0.0;2.887;5.0;6.0;1.0;3.786;5.5;0.0;0.0;0.0;-5.0;-5.0;3.215;-2.5;-5.0;2.887;1.0;0.0;2.887;1.0;1.147
7;0;82;0.68;-1.0;-17;35;-4;2;1.029;0.961;-0.068;270;19918;11;0.324;31.0;25.0;20.0;10.0;15.0;15.0;15.0;15.0;15.0;-3.0;-4.0;-5.0;0.0;0.0;1.0;-2.0;-4.0;7.0;7.0;5.05;8.099;8.099;5.033;6.904;6.904;15.0;0.0;0.0;0.0;8.333;7.638;0.0;15.0;11.714;5.469;0.0;15.0;11.714;5.469;0.0;15.0;5.774;26.589;26.589;0.577;-3.0;-2.571;1.718;0.0;-2.571;1.718;0.0;0.333;-2.0;2.0;0.429;3.599;-4.0;7.0;0.429;-4.0;1.149;5.1;0.1;0.058;5.05;4.0;-2.0;1.0;5.0;0.0;0.0;0.0;-10.0;-5.0;5.0;-7.5;-10.0;7.638;0.0;-1.0;0.577;0.5;1.086
8;1;83;1.01;0.0;-22;36;-7;-1;1.068;1.005;-0.063;268;19917;11;0.324;35.0;31.0;25.0;0.0;10.0;15.0;15.0;15.0;15.0;-3.0;-3.0;-4.0;0.0;0.0;2.0;1.0;-2.0;7.0;7.0;5.05;9.06;9.747;2.646;8.05;7.672;15.0;1.155;0.756;0.707;3.667;5.508;0.0;10.0;9.714;6.525;0.0;15.0;10.375;6.323;0.0;15.0;0.577;21.99;26.667;1.732;0.0;-2.571;1.718;0.0;-2.25;1.832;0.0;0.667;-1.0;2.0;-0.714;2.138;-4.0;2.0;0.25;-4.0;1.256;5.0;-0.1;0.058;5.05;1.0;-3.0;2.517;2.5;-2.0;-2.0;1.155;1.0;11.0;5.508;-4.5;1.0;5.508;3.0;3.0;1.528;1.5;1.041
9;0;83;1.14;-1.0;-24;41;-7;0;1.099;1.038;-0.061;274;19917;11;0.324;36.0;35.0;31.0;1.0;0.0;10.0;13.0;15.0;15.0;0.0;-3.0;-3.0;-2.0;0.0;-1.0;2.0;1.0;-2.0;7.0;5.0;9.807;11.376;3.215;8.05;8.843;15.0;1.155;0.976;0.882;0.333;0.577;0.0;1.0;7.857;7.244;0.0;15.0;9.222;6.852;0.0;15.0;0.577;16.154;26.34;1.732;0.0;-2.714;1.704;0.0;-2.333;1.732;0.0;0.333;-1.0;2.0;-0.429;2.07;-4.0;2.0;0.222;-4.0;1.224;5.0;0.0;0.058;5.0;5.0;4.0;2.082;3.0;0.0;2.0;1.155;-1.0;-2.0;5.859;0.0;-1.0;0.577;-3.0;-6.0;3.0;0.0;0.995
10;3;86;1.27;0.0;-28;45;-7;0;1.129;1.064;-0.065;281;19914;11;0.324;41.0;36.0;35.0;0.0;1.0;0.0;14.0;15.0;15.0;-3.0;0.0;-3.0;-1.0;0.0;0.0;-1.0;2.0;1.0;7.0;5.0;10.848;12.985;4.509;8.731;10.055;15.0;0.0;1.069;0.966;1.333;1.528;0.0;3.0;6.286;6.873;0.0;15.0;8.6;6.753;0.0;15.0;1.732;10.189;26.115;1.528;0.0;-2.714;1.704;0.0;-2.2;1.687;0.0;-0.333;-1.0;0.0;-0.571;1.988;-4.0;2.0;0.2;-4.0;1.227;5.0;0.0;0.0;5.0;4.0;-1.0;2.082;4.5;0.0;0.0;1.155;3.0;4.0;2.0;1.0;3.0;1.528;2.0;5.0;3.215;-0.5;0.963
11;2;88;1.4;-1.0;-31;50;-7;1;1.149;1.083;-0.066;289;19912;11;0.324;45.0;41.0;36.0;3.0;0.0;1.0;15.0;15.0;15.0;-1.0;-3.0;0.0;-5.0;0.0;0.0;0.0;-1.0;-4.0;7.0;5.05;10.863;14.59;4.509;8.482;11.449;15.0;0.0;1.069;1.009;1.667;1.528;0.0;3.0;4.429;5.798;0.0;15.0;8.0;6.708;0.0;15.0;2.517;5.057;25.896;1.155;-1.0;-2.429;1.397;0.0;-2.273;1.618;0.0;0.333;0.0;1.0;0.143;1.345;-2.0;2.0;0.273;-4.0;1.206;5.1;0.1;0.058;5.05;5.0;1.0;0.577;4.5;0.0;0.0;0.0;-1.0;-4.0;2.309;1.0;-1.0;1.528;-2.0;-4.0;2.646;0.0;0.94
12;4;92;1.53;-2.0;-39;42;-19;-12;1.169;1.125;-0.044;297;19908;11;0.324;50.0;45.0;41.0;2.0;3.0;0.0;15.0;15.0;15.0;-3.0;-1.0;-3.0;-4.0;0.0;1.0;0.0;0.0;-2.0;7.0;3.873;10.311;15.817;4.041;6.481;11.376;15.0;0.0;0.976;1.03;3.0;1.0;2.0;4.0;2.857;3.485;0.0;10.0;7.667;6.499;0.0;15.0;3.055;3.761;25.869;2.0;-1.0;-2.571;1.618;0.0;-2.5;1.732;0.0;-3.667;-12.0;1.0;-1.286;4.821;-12.0;2.0;-0.75;-12.0;1.495;2.5;-2.6;1.473;3.8;-8.0;-13.0;7.234;-1.5;0.0;0.0;0.0;2.0;3.0;2.082;0.5;2.0;1.0;-2.0;0.0;2.309;-2.0;0.923
13;4;96;1.68;-2.0;-49;39;-38;-17;1.186;1.177;-0.009;305;19904;11;0.324;42.0;50.0;45.0;4.0;2.0;3.0;10.0;15.0;15.0;-5.0;-3.0;-1.0;-3.0;0.0;-12.0;1.0;0.0;1.0;7.0;3.819;9.911;17.134;5.686;5.21;11.072;15.0;0.0;0.756;1.038;3.333;1.155;2.0;4.0;2.0;1.732;0.0;4.0;7.385;6.305;0.0;15.0;4.0;5.242;25.998;1.155;-3.0;-2.857;1.864;0.0;-2.692;1.797;0.0;-9.333;-17.0;1.0;-3.857;7.471;-17.0;2.0;-2.0;-17.0;1.738;5.0;2.5;1.473;3.75;-3.0;5.0;6.557;-5.5;0.0;0.0;0.0;0.0;-2.0;1.528;1.0;0.0;1.155;0.0;2.0;1.155;-1.0;0.889
14;5;101;1.79;-1.0;-58;61;-38;0;1.208;1.184;-0.024;313;19899;11;0.324;39.0;42.0;50.0;4.0;4.0;2.0;0.0;15.0;15.0;-5.0;-5.0;-3.0;-3.0;0.0;-17.0;-12.0;1.0;2.0;7.0;6.345;10.35;18.839;11.93;8.395;13.101;15.0;0.0;0.0;1.038;4.333;0.577;4.0;5.0;2.714;1.799;0.0;5.0;7.214;6.091;0.0;15.0;4.509;6.817;26.342;1.155;-3.0;-2.857;1.864;0.0;-2.714;1.729;0.0;-9.667;-17.0;0.0;-4.143;7.244;-17.0;1.0;-1.857;-17.0;1.236;7.6;2.6;2.55;6.3;22.0;25.0;16.073;9.5;0.0;0.0;0.0;1.0;1.0;1.0;0.5;1.0;0.577;2.0;2.0;2.0;1.0;0.85
15;3;104;1.92;-1.0;-62;62;-41;-3;1.219;1.197;-0.022;320;19896;11;0.324;61.0;39.0;42.0;5.0;4.0;4.0;1.0;15.0;15.0;-3.0;-5.0;-5.0;0.0;0.0;0.0;-17.0;-12.0;-1.0;7.0;6.345;10.755;19.627;13.0;9.502;14.388;15.0;1.155;0.756;1.267;4.0;1.0;3.0;5.0;3.0;1.633;0.0;5.0;6.357;5.746;0.0;15.0;4.041;7.841;21.914;1.0;-3.0;-3.429;1.397;-1.0;-3.0;1.569;0.0;-6.667;-17.0;0.0;-4.429;7.138;-17.0;1.0;-2.571;-17.0;1.297;5.0;-2.6;1.501;6.3;1.0;-21.0;13.429;11.5;-2.0;-2.0;1.155;-2.0;-3.0;1.528;-0.5;-2.0;1.0;-1.0;-3.0;1.528;0.5;0.845
16;5;109;2.06;-2.0;-65;65;-43;-3;1.229;1.208;-0.021;327;19891;11;0.544;62.0;61.0;39.0;3.0;5.0;4.0;0.0;13.0;28.0;-4.0;-3.0;-5.0;-3.0;-2.0;-3.0;0.0;-17.0;0.0;-2.0;5.05;11.154;20.22;2.082;10.583;14.615;20.0;1.155;0.976;1.399;4.333;1.155;3.0;5.0;3.714;1.113;2.0;5.0;5.786;5.423;0.0;15.0;4.041;8.522;17.951;1.0;-3.0;-3.714;1.496;-1.0;-3.214;1.626;0.0;-2.0;-3.0;0.0;-4.857;6.914;-17.0;1.0;-2.643;-17.0;1.315;5.1;0.1;1.473;5.05;3.0;2.0;11.59;2.0;0.0;2.0;1.155;2.0;4.0;2.082;0.0;2.0;1.155;-1.0;0.0;1.732;-1.0;0.835
17;7;116;2.18;0.0;-65;72;-42;1;1.239;1.22;-0.019;334;19884;11;0.695;65.0;62.0;61.0;5.0;3.0;5.0;3.0;14.0;42.0;-5.0;-4.0;-3.0;-1.0;-1.0;-3.0;-3.0;0.0;0.0;1.0;7.736;12.777;21.542;5.132;12.375;15.59;20.0;0.0;1.069;1.46;5.0;2.0;3.0;7.0;4.286;1.604;2.0;7.0;5.286;4.906;0.0;15.0;6.028;9.771;15.31;2.646;0.0;-3.571;1.813;0.0;-3.143;1.748;0.0;-1.667;-3.0;1.0;-4.714;7.041;-17.0;1.0;-2.643;-17.0;1.328;10.1;5.0;2.916;7.6;7.0;4.0;3.055;5.0;0.0;0.0;1.155;2.0;0.0;2.309;2.0;2.0;2.0;5.0;6.0;3.464;2.0;0.828
18;17;133;2.31;-1.0;-64;67;-49;-7;1.249;1.245;-0.004;343;19867;11;0.797;72.0;65.0;62.0;7.0;5.0;3.0;2.0;15.0;57.0;0.0;-5.0;-4.0;-3.0;-5.0;1.0;-3.0;-3.0;1.0;-4.0;7.736;13.895;22.186;3.606;12.698;14.938;25.0;0.0;1.069;1.46;9.667;6.429;5.0;17.0;6.429;4.826;3.0;17.0;5.429;5.229;0.0;17.0;12.342;13.853;16.39;2.646;0.0;-3.286;2.059;0.0;-2.857;1.748;0.0;-3.0;-7.0;1.0;-5.857;6.594;-17.0;1.0;-2.857;-17.0;1.503;5.1;-5.0;2.887;7.6;-5.0;-12.0;6.11;1.0;0.0;0.0;0.0;10.0;8.0;4.619;6.0;10.0;6.429;-1.0;-6.0;3.464;2.0;0.82
19;38;171;2.44;-2.0;-69;66;-61;-11;1.259;1.267;0.008;378;19829;11;0.872;67.0;72.0;65.0;17.0;7.0;5.0;4.0;15.0;72.0;-1.0;0.0;-5.0;-5.0;-4.0;-7.0;1.0;-3.0;-12.0;-2.0;3.004;12.928;22.135;3.215;10.641;14.092;31.0;0.0;0.976;1.399;20.667;15.822;7.0;38.0;11.286;12.685;3.0;38.0;7.071;9.95;0.0;38.0;28.16;26.095;24.933;2.646;0.0;-3.286;2.059;0.0;-2.929;1.817;0.0;-5.667;-11.0;1.0;-5.714;6.448;-17.0;1.0;-3.5;-17.0;1.529;0.2;-4.9;4.95;2.65;-1.0;4.0;6.11;-3.0;0.0;0.0;0.0;21.0;11.0;9.539;15.5;21.0;15.822;-4.0;-3.0;4.583;-2.5;0.803
20;56;227;2.57;-7.0;-87;59;-61;-21;1.272;1.29;0.018;383;19773;11;0.921;66.0;67.0;72.0;38.0;17.0;7.0;4.0;10.0;82.0;-5.0;-1.0;0.0;-5.0;-3.0;-11.0;-7.0;1.0;-17.0;1.0;2.715;10.201;21.09;4.359;4.353;13.002;35.0;0.0;0.756;1.267;37.0;19.519;17.0;56.0;18.714;20.516;3.0;56.0;10.357;16.458;0.0;56.0;47.286;46.335;40.994;8.888;-1.0;-5.143;5.984;0.0;-4.0;4.42;0.0;-13.0;-21.0;-7.0;-6.286;7.675;-21.0;1.0;-5.071;-21.0;1.629;-4.8;-5.0;4.95;-2.3;-7.0;-6.0;3.055;-4.0;0.0;0.0;0.0;18.0;-3.0;5.686;19.5;18.0;19.519;-13.0;-9.0;6.245;-8.5;0.789
21;45;272;2.7;-9.0;-117;67;-96;-15;1.294;1.3;0.006;387;19728;11;0.961;59.0;66.0;67.0;56.0;38.0;17.0;5.0;0.0;82.0;-18.0;-5.0;-1.0;-3.0;-3.0;-21.0;-11.0;-7.0;0.0;2.0;2.715;7.758;19.749;4.359;4.117;12.421;36.0;0.0;0.0;1.038;46.333;9.074;38.0;56.0;24.429;21.601;3.0;56.0;13.571;18.542;0.0;56.0;50.6;65.237;58.102;9.713;-5.0;-8.143;9.155;0.0;-5.5;6.914;0.0;-15.667;-21.0;-11.0;-8.429;7.721;-21.0;1.0;-6.286;-21.0;1.437;0.2;5.0;2.887;-2.3;8.0;15.0;7.55;0.5;0.0;0.0;0.0;-11.0;-29.0;17.673;3.5;-11.0;9.074;-6.0;7.0;4.726;-9.5;0.775
22;16;288;2.83;-10.0;-150;81;-99;-3;1.137;1.297;0.16;391;19712;11;1.005;67.0;59.0;66.0;45.0;56.0;38.0;3.0;1.0;83.0;-24.0;-18.0;-5.0;-4.0;0.0;-15.0;-21.0;-11.0;-3.0;-1.0;3.062;5.535;18.559;11.136;6.842;12.9;39.0;1.155;0.756;1.267;39.0;20.664;16.0;56.0;26.286;19.948;5.0;56.0;14.643;18.19;0.0;56.0;31.628;74.516;70.91;3.786;-18.0;-11.143;10.854;0.0;-7.286;8.444;0.0;-13.0;-21.0;-3.0;-8.429;7.721;-21.0;1.0;-6.429;-21.0;1.253;5.2;5.0;5.0;2.7;14.0;6.0;10.817;11.0;-2.0;-2.0;1.155;-29.0;-18.0;23.714;-20.0;-29.0;20.664;-1.0;5.0;6.028;-3.5;0.769
23;18;306;2.96;-8.0;-177;69;-116;-17;1.337;1.317;-0.02;394;19694;11;1.038;81.0;67.0;59.0;16.0;45.0;56.0;5.0;0.0;83.0;-25.0;-24.0;-18.0;-5.0;-3.0;-3.0;-15.0;-21.0;-3.0;0.0;7.834;5.591;18.077;7.572;6.701;12.15;39.0;1.155;0.976;1.399;26.333;16.197;16.0;45.0;28.143;18.161;7.0;56.0;15.929;17.705;2.0;56.0;17.01;76.871;81.302;2.646;-20.0;-13.286;10.92;0.0;-8.5;8.985;0.0;-11.667;-17.0;-3.0;-10.429;7.892;-21.0;1.0;-7.643;-21.0;1.619;10.2;5.0;5.0;7.7;-12.0;-26.0;13.614;1.0;0.0;2.0;1.155;2.0;31.0;15.567;-13.5;2.0;16.197;5.0;6.0;5.508;2.0;0.771
24;26;332;3.09;-8.0;-208;84;-120;-4;1.36;1.322;-0.038;397;19668;11;1.064;69.0;81.0;67.0;18.0;16.0;45.0;7.0;3.0;86.0;-20.0;-25.0;-24.0;0.0;-1.0;-17.0;-3.0;-15.0;1.0;0.0;7.834;7.874;17.768;7.937;8.867;12.811;39.0;0.0;1.069;1.46;20.0;5.292;16.0;26.0;30.857;15.731;16.0;56.0;17.571;17.478;2.0;56.0;22.121;73.239;90.939;2.646;-20.0;-16.286;9.447;-1.0;-9.929;9.286;0.0;-8.0;-17.0;-3.0;-11.143;6.842;-21.0;-3.0;-7.929;-21.0;1.392;5.2;-5.0;2.887;7.7;15.0;27.0;15.308;1.5;0.0;0.0;1.155;8.0;6.0;19.858;5.0;8.0;5.292;-1.0;-6.0;3.464;2.0;0.759
25;20;352;3.22;-11.0;-245;91;-120;1;1.382;1.319;-0.063;400;19648;11;1.083;84.0;69.0;81.0;26.0;18.0;16.0;17.0;2.0;88.0;-21.0;-20.0;-25.0;-1.0;-3.0;-4.0;-17.0;-3.0;-7.0;1.0;3.062;9.243;17.078;11.24;11.553;14.188;39.0;0.0;1.069;1.46;21.333;4.163;18.0;26.0;31.286;15.327;16.0;56.0;18.857;16.897;3.0;56.0;23.065;62.398;98.784;3.786;-20.0;-20.0;7.303;-5.0;-11.643;10.089;0.0;-6.667;-17.0;1.0;-10.0;8.185;-21.0;1.0;-7.929;-21.0;1.287;0.2;-5.0;5.0;2.7;7.0;-8.0;13.868;11.0;0.0;0.0;0.0;-6.0;-14.0;7.024;1.0;-6.0;4.163;-6.0;-5.0;5.508;-3.5;0.756
26;18;370;3.35;-11.0;-285;99;-113;7;1.405;1.313;-0.092;402;19630;11;1.125;91.0;84.0;69.0;20.0;26.0;18.0;38.0;4.0;92.0;-27.0;-21.0;-20.0;-5.0;-5.0;1.0;-4.0;-17.0;-11.0;-12.0;3.062;10.77;16.239;7.506;14.234;14.909;39.0;0.0;0.976;1.399;21.333;4.163;18.0;26.0;28.429;15.725;16.0;56.0;19.857;16.356;3.0;56.0;19.009;49.338;104.728;3.786;-21.0;-23.286;3.729;-18.0;-13.286;10.773;0.0;1.333;-4.0;7.0;-7.429;10.358;-21.0;7.0;-6.571;-21.0;1.235;5.2;5.0;2.887;2.7;8.0;1.0;4.359;7.5;0.0;0.0;0.0;-2.0;4.0;7.211;-4.0;-2.0;4.163;-1.0;5.0;2.887;-3.5;0.758
27;19;389;3.4;-11.0;-323;92;-115;-2;1.426;1.318;-0.108;404;19611;11;1.177;99.0;91.0;84.0;18.0;20.0;26.0;56.0;4.0;96.0;-28.0;-27.0;-21.0;-18.0;-5.0;7.0;1.0;-4.0;-21.0;-17.0;5.2;11.112;15.601;4.359;11.954;13.0;59.0;0.0;0.756;1.267;19.0;1.0;18.0;20.0;23.143;10.14;16.0;45.0;20.929;15.716;3.0;56.0;18.502;43.345;108.821;1.0;-27.0;-24.857;3.436;-20.0;-15.0;11.252;0.0;2.0;-2.0;7.0;-4.714;8.538;-17.0;7.0;-5.5;-21.0;1.386;5.2;0.0;2.887;5.2;-7.0;-15.0;8.386;0.5;0.0;0.0;0.0;1.0;3.0;3.512;-0.5;1.0;1.0;-1.0;0.0;2.887;-1.0;0.762
28;13;402;3.61;-11.0;-360;95;-114;0;1.446;1.323;-0.123;405;19598;11;1.184;92.0;99.0;91.0;19.0;18.0;20.0;45.0;5.0;101.0;-29.0;-28.0;-27.0;-24.0;-3.0;-2.0;7.0;1.0;-15.0;0.0;5.2;10.302;15.604;3.512;10.144;13.562;59.0;0.0;0.0;1.038;16.667;3.215;13.0;19.0;18.571;3.994;13.0;26.0;21.5;15.23;3.0;56.0;16.093;42.261;110.338;0.577;-28.0;-25.571;3.735;-20.0;-16.857;11.265;0.0;1.667;-2.0;7.0;-2.571;7.323;-17.0;7.0;-5.5;-21.0;1.397;5.2;-0.0;0.0;5.2;3.0;10.0;7.638;-2.0;0.0;0.0;0.0;-6.0;-7.0;3.512;-2.5;-6.0;3.215;0.0;1.0;0.577;-0.5;0.759
29;13;415;3.74;-10.0;-397;96;-114;0;1.47;1.332;-0.138;406;19585;11;1.197;95.0;92.0;99.0;13.0;19.0;18.0;16.0;3.0;104.0;-29.0;-29.0;-28.0;-25.0;-4.0;0.0;-2.0;7.0;-3.0;-3.0;7.889;10.799;16.614;2.082;10.179;13.835;59.0;0.0;0.0;1.027;15.0;3.464;13.0;19.0;18.143;4.451;13.0;26.0;22.214;14.514;5.0;56.0;13.0;39.14;108.881;2.309;-25.0;-25.571;3.735;-20.0;-18.357;10.81;0.0;-0.667;-2.0;0.0;-2.143;7.381;-17.0;7.0;-5.286;-21.0;1.49;10.3;5.1;2.944;7.75;1.0;-2.0;5.292;2.0;0.0;0.0;0.0;0.0;6.0;3.786;-3.0;0.0;3.464;4.0;4.0;2.646;2.0;0.756
30;11;426;3.87;-9.0;-429;70;-141;-27;1.491;1.365;-0.126;407;19574;11;1.208;96.0;95.0;92.0;13.0;13.0;19.0;18.0;5.0;109.0;-25.0;-29.0;-29.0;-20.0;-5.0;0.0;0.0;-2.0;-17.0;-3.0;9.031;12.964;18.12;14.731;9.846;13.513;59.0;0.0;0.0;0.994;12.333;1.155;11.0;13.0;17.143;5.21;11.0;26.0;22.643;14.047;7.0;56.0;12.014;34.15;104.046;3.512;-22.0;-25.857;3.288;-21.0;-19.571;10.128;0.0;-9.0;-27.0;0.0;-3.571;10.876;-27.0;7.0;-7.0;-27.0;2.153;7.7;-2.6;2.55;9.0;-26.0;-27.0;16.197;-12.5;0.0;0.0;0.0;-2.0;-2.0;3.055;-1.0;-2.0;1.155;3.0;-1.0;2.082;3.5;0.751
31;0;426;4.0;-9.0;-460;80;-159;-18;1.511;1.39;-0.121;408;19574;11;1.22;70.0;96.0;95.0;11.0;13.0;13.0;26.0;7.0;116.0;-22.0;-25.0;-29.0;-21.0;0.0;-27.0;0.0;0.0;-4.0;1.0;6.444;14.629;20.138;13.115;10.328;13.356;59.0;0.0;0.0;0.938;8.0;7.0;0.0;13.0;13.429;6.852;0.0;20.0;22.143;14.754;0.0;56.0;6.351;28.428;94.435;1.732;-22.0;-26.0;3.055;-22.0;-21.143;8.42;-1.0;-15.0;-27.0;0.0;-5.571;12.177;-27.0;7.0;-8.357;-27.0;1.947;5.1;-2.6;2.6;6.4;10.0;36.0;18.735;-8.0;0.0;0.0;0.0;-11.0;-9.0;5.859;-6.5;-11.0;7.0;0.0;-3.0;2.082;1.5;0.733
32;0;426;4.13;-9.0;-496;113;-144;14;1.534;1.392;-0.142;408;19574;11;1.245;80.0;70.0;96.0;0.0;11.0;13.0;20.0;17.0;133.0;-22.0;-22.0;-25.0;-27.0;-1.0;-18.0;-27.0;0.0;1.0;-7.0;5.1;14.77;22.139;22.502;13.801;15.477;59.0;0.0;0.0;0.852;3.667;6.351;0.0;11.0;10.571;7.764;0.0;19.0;20.929;15.867;0.0;56.0;0.0;21.838;80.791;0.0;-22.0;-25.286;3.352;-22.0;-22.643;6.109;-5.0;-10.333;-27.0;14.0;-3.714;14.174;-27.0;14.0;-6.857;-27.0;1.424;5.1;-0.0;1.501;5.1;33.0;23.0;29.738;21.5;0.0;0.0;0.0;0.0;11.0;5.859;-5.5;0.0;6.351;0.0;0.0;1.732;-0.0;0.719
33;0;426;4.26;-9.0;-532;69;-175;-31;1.556;1.427;-0.129;408;19574;11;1.267;113.0;80.0;70.0;0.0;0.0;11.0;18.0;38.0;171.0;-22.0;-22.0;-22.0;-28.0;-5.0;14.0;-18.0;-27.0;7.0;-11.0;5.1;14.363;23.735;22.898;15.826;15.243;59.0;0.0;0.0;0.726;0.0;0.0;0.0;0.0;8.0;7.874;0.0;19.0;18.214;15.972;0.0;56.0;0.0;14.863;66.515;0.0;-22.0;-24.429;3.309;-22.0;-23.857;3.439;-18.0;-11.667;-31.0;14.0;-9.143;16.477;-31.0;14.0;-8.286;-31.0;2.406;5.1;0.0;0.0;5.1;-44.0;-77.0;39.526;-5.5;0.0;0.0;0.0;0.0;0.0;6.351;-0.0;0.0;0.0;0.0;0.0;0.0;-0.0;0.718
34;0;426;4.39;-7.0;-459;81;-196;-20;1.578;1.455;-0.123;407;19574;11;1.29;69.0;113.0;80.0;0.0;0.0;0.0;19.0;56.0;227.0;-22.0;-22.0;-22.0;-29.0;-18.0;-31.0;14.0;-18.0;-2.0;-21.0;6.444;13.936;24.64;22.745;15.892;13.6;67.0;0.0;0.0;0.535;0.0;0.0;0.0;0.0;5.286;6.626;0.0;13.0;14.214;12.392;0.0;45.0;0.0;9.327;56.07;2.309;-18.0;-22.857;3.388;-18.0;-23.857;3.439;-18.0;-12.333;-31.0;14.0;-11.714;16.58;-31.0;14.0;-8.214;-31.0;2.144;7.7;2.6;1.501;6.4;12.0;56.0;39.804;-16.0;0.0;0.0;0.0;0.0;0.0;0.0;-0.0;0.0;0.0;4.0;4.0;2.309;2.0;0.701
35;0;426;4.52;-13.0;-390;96;-201;-5;1.6;1.467;-0.133;407;19574;11;1.3;81.0;69.0;113.0;0.0;0.0;0.0;13.0;45.0;272.0;-18.0;-22.0;-22.0;-29.0;-24.0;-20.0;-31.0;14.0;0.0;-15.0;4.446;10.42;23.448;13.528;15.988;12.871;69.0;0.0;0.0;0.0;0.0;0.0;0.0;0.0;3.429;5.884;0.0;13.0;11.0;9.224;0.0;26.0;0.0;4.158;48.86;7.767;-18.0;-23.429;4.685;-18.0;-24.5;4.22;-18.0;-18.667;-31.0;-5.0;-12.429;16.092;-31.0;14.0;-7.5;-31.0;1.729;-7.7;-15.4;8.244;0.0;15.0;3.0;33.232;13.5;0.0;0.0;0.0;0.0;0.0;0.0;-0.0;0.0;0.0;-15.0;-19.0;10.017;-5.5;0.687
1;46;46;0.1;1.0;2;26;11;12;0.321;0.28;-0.041;0;19954;12;0.28;26.0;26.0;26.0;46.0;46.0;46.0;46.0;46.0;46.0;2.0;2.0;2.0;2.0;2.0;12.0;12.0;12.0;12.0;12.0;1.838;1.838;1.838;5.657;5.657;5.657;26.0;0.0;0.0;0.0;46.0;8.485;46.0;46.0;46.0;8.485;46.0;46.0;46.0;8.485;46.0;46.0;24.042;24.042;24.042;0.707;2.0;2.0;0.707;2.0;2.0;0.707;2.0;12.0;12.0;12.0;12.0;7.778;12.0;12.0;12.0;12.0;0.769;2.6;-2.6;1.838;1.3;-8.0;8.0;5.657;-4.0;0.0;0.0;0.0;-12.0;12.0;8.485;-6.0;0.0;0.0;-1.0;-3.0;2.121;-2.5;3.571
2;34;80;0.23;0.0;3;18;12;1;0.549;0.475;-0.074;0;19920;12;0.28;26.0;26.0;26.0;46.0;46.0;46.0;46.0;46.0;46.0;2.0;2.0;2.0;2.0;2.0;12.0;12.0;12.0;12.0;12.0;1.838;1.838;1.838;5.657;5.657;5.657;18.0;0.0;0.0;0.0;40.0;8.485;34.0;46.0;40.0;8.485;34.0;46.0;40.0;8.485;34.0;46.0;24.042;24.042;24.042;0.707;2.0;1.5;0.707;2.0;1.5;0.707;2.0;6.5;1.0;12.0;6.5;7.778;1.0;12.0;6.5;1.0;1.256;2.6;-2.6;1.838;1.3;-8.0;8.0;5.657;-4.0;0.0;0.0;0.0;-12.0;12.0;8.485;-6.0;0.0;0.0;-1.0;-3.0;2.121;-2.5;3.571
3;34;114;0.36;-1.0;-1;18;9;-2;0.711;0.6;-0.111;0;19886;12;0.28;18.0;26.0;26.0;34.0;46.0;46.0;46.0;46.0;46.0;1.0;2.0;2.0;2.0;2.0;1.0;12.0;12.0;12.0;12.0;1.501;1.501;1.501;4.619;4.619;4.619;18.0;0.0;0.0;0.0;38.0;6.928;34.0;46.0;38.0;6.928;34.0;46.0;38.0;6.928;34.0;46.0;34.0;34.0;34.0;2.646;2.0;0.0;2.646;2.0;0.0;2.646;2.0;3.667;-2.0;12.0;3.667;7.371;-2.0;12.0;3.667;-2.0;1.256;0.0;-2.6;1.838;1.3;0.0;8.0;5.657;-4.0;0.0;0.0;0.0;0.0;12.0;8.485;-6.0;0.0;0.0;-4.0;-3.0;2.121;-2.5;2.105
4;15;129;0.49;-2.0;-6;28;14;4;0.826;0.706;-0.12;0;19871;12;0.28;18.0;18.0;26.0;34.0;34.0;46.0;46.0;46.0;46.0;-3.0;1.0;2.0;2.0;2.0;-2.0;1.0;12.0;12.0;12.0;1.501;2.123;2.123;5.774;5.26;5.26;18.0;0.0;0.0;0.0;27.667;10.97;15.0;34.0;32.25;12.816;15.0;46.0;32.25;12.816;15.0;46.0;25.106;37.026;37.026;3.055;1.0;-1.25;3.304;2.0;-1.25;3.304;2.0;1.0;-2.0;4.0;3.75;6.021;-2.0;12.0;3.75;-2.0;0.9;2.6;2.6;1.501;1.3;10.0;10.0;9.018;5.0;0.0;0.0;0.0;-19.0;-19.0;9.609;-9.5;-19.0;10.97;-2.0;2.0;1.528;-3.0;1.667
5;11;140;0.62;-3.0;-13;27;14;0;0.914;0.782;-0.132;0;19860;12;0.28;28.0;18.0;18.0;15.0;34.0;34.0;46.0;46.0;46.0;-5.0;-3.0;1.0;2.0;2.0;4.0;-2.0;1.0;12.0;12.0;2.55;2.93;2.93;5.508;4.98;4.98;18.0;0.0;0.0;0.0;20.0;12.288;11.0;34.0;28.0;14.612;11.0;46.0;28.0;14.612;11.0;46.0;13.051;38.525;38.525;1.528;-3.0;-2.2;3.564;2.0;-2.2;3.564;2.0;0.667;-2.0;4.0;3.0;5.477;-2.0;12.0;3.0;-2.0;1.026;2.5;-0.1;1.473;2.55;-1.0;-11.0;6.083;4.5;0.0;0.0;0.0;-4.0;15.0;10.017;-11.5;-4.0;12.288;-1.0;1.0;1.528;-1.5;1.416
6;14;154;0.75;-1.0;-17;30;14;0;0.979;0.889;-0.09;0;19846;12;0.28;27.0;28.0;18.0;11.0;15.0;34.0;46.0;46.0;46.0;-6.0;-5.0;-3.0;2.0;2.0;0.0;4.0;-2.0;12.0;12.0;5.26;5.441;5.441;1.528;5.206;5.206;18.0;0.0;0.0;0.0;13.333;2.082;11.0;15.0;25.667;14.264;11.0;46.0;25.667;14.264;11.0;46.0;12.53;40.515;40.515;1.528;-3.0;-2.333;3.204;2.0;-2.333;3.204;2.0;1.333;0.0;4.0;2.5;5.05;-2.0;12.0;2.5;-2.0;1.177;7.6;5.1;2.916;5.05;3.0;4.0;5.568;1.0;0.0;0.0;0.0;3.0;7.0;11.24;-0.5;3.0;2.082;3.0;4.0;2.646;1.0;1.279
7;14;168;0.68;-2.0;-19;34;17;1;1.029;0.938;-0.091;270;19832;12;0.28;30.0;27.0;28.0;14.0;11.0;15.0;46.0;46.0;46.0;-3.0;-6.0;-5.0;2.0;2.0;0.0;0.0;4.0;12.0;12.0;5.26;6.786;6.786;3.512;5.956;5.956;18.0;0.0;0.0;0.0;13.0;1.732;11.0;14.0;24.0;13.748;11.0;46.0;24.0;13.748;11.0;46.0;14.0;42.898;42.898;1.528;-3.0;-2.714;3.094;2.0;-2.714;3.094;2.0;0.333;0.0;1.0;2.286;4.645;-2.0;12.0;2.286;-2.0;1.112;2.5;-5.1;2.944;5.05;4.0;1.0;2.646;3.5;0.0;0.0;0.0;0.0;-3.0;3.512;1.5;0.0;1.732;-2.0;-5.0;2.646;0.5;1.125
8;11;179;1.01;0.0;-23;38;16;1;1.068;0.994;-0.074;268;19821;12;0.28;34.0;30.0;27.0;14.0;14.0;11.0;46.0;46.0;46.0;-5.0;-3.0;-6.0;2.0;2.0;1.0;0.0;0.0;12.0;12.0;5.26;8.734;8.964;4.0;7.525;6.989;18.0;1.155;0.756;0.707;13.0;1.732;11.0;14.0;19.0;10.36;11.0;34.0;22.375;13.532;11.0;46.0;12.53;33.817;45.074;2.517;0.0;-3.0;2.646;1.0;-2.375;3.021;2.0;0.667;0.0;1.0;0.714;1.799;-2.0;4.0;2.125;-2.0;1.195;7.6;5.1;2.944;5.05;4.0;0.0;0.577;4.0;-2.0;-2.0;1.155;-3.0;-3.0;3.0;-1.5;-3.0;1.732;5.0;7.0;3.606;1.5;1.066
9;13;192;1.14;0.0;-22;40;15;-1;1.099;1.027;-0.072;274;19808;12;0.28;38.0;34.0;30.0;11.0;14.0;14.0;34.0;46.0;46.0;0.0;-5.0;-3.0;1.0;2.0;1.0;1.0;0.0;1.0;12.0;7.6;11.125;11.458;3.055;7.455;7.775;18.0;1.155;0.976;0.882;12.667;1.528;11.0;14.0;16.0;8.083;11.0;34.0;21.333;13.038;11.0;46.0;12.014;27.945;47.519;2.887;0.0;-3.143;2.41;0.0;-2.111;2.934;2.0;0.333;-1.0;1.0;0.429;1.902;-2.0;4.0;1.778;-2.0;1.325;7.6;0.0;2.944;7.6;2.0;-2.0;1.155;3.0;0.0;2.0;1.155;2.0;5.0;2.517;-0.5;2.0;1.528;0.0;-5.0;3.606;2.5;1.006
10;4;196;1.27;0.0;-27;45;15;0;1.129;1.051;-0.078;281;19804;12;0.28;40.0;38.0;34.0;13.0;11.0;14.0;34.0;46.0;46.0;0.0;0.0;-5.0;-3.0;2.0;-1.0;1.0;1.0;-2.0;12.0;5.26;11.802;13.08;3.606;6.729;8.947;18.0;0.0;1.069;0.966;9.333;4.726;4.0;13.0;11.714;3.729;4.0;15.0;19.6;13.459;4.0;46.0;8.888;25.612;48.96;0.0;0.0;-2.714;2.69;0.0;-1.9;2.846;2.0;0.0;-1.0;1.0;0.714;1.604;-1.0;4.0;1.6;-2.0;1.233;2.5;-5.1;2.944;5.05;5.0;3.0;1.528;3.5;0.0;0.0;1.155;-9.0;-11.0;5.508;-3.5;-9.0;4.726;0.0;0.0;2.887;-0.0;0.974
11;10;206;1.4;0.0;-27;49;14;0;1.149;1.077;-0.072;289;19794;12;0.28;45.0;40.0;38.0;4.0;13.0;11.0;15.0;46.0;46.0;0.0;0.0;0.0;-5.0;2.0;0.0;-1.0;1.0;4.0;12.0;5.316;12.581;15.126;4.509;7.892;10.173;18.0;0.0;1.069;1.009;9.0;4.583;4.0;13.0;11.0;3.464;4.0;14.0;18.727;13.093;4.0;46.0;7.211;23.832;50.555;0.0;0.0;-2.0;2.646;0.0;-1.727;2.76;2.0;-0.333;-1.0;0.0;0.143;0.69;-1.0;1.0;1.455;-2.0;1.29;7.7;5.2;2.974;5.1;4.0;-1.0;1.528;4.5;0.0;0.0;0.0;6.0;15.0;7.767;-1.5;6.0;4.583;0.0;0.0;0.0;-0.0;0.951
12;8;214;1.53;1.0;-27;50;10;-4;1.169;1.097;-0.072;297;19786;12;0.28;49.0;45.0;40.0;10.0;4.0;13.0;11.0;46.0;46.0;0.0;0.0;0.0;-6.0;2.0;0.0;0.0;-1.0;0.0;12.0;7.65;13.006;17.394;2.646;7.537;10.991;18.0;0.0;0.976;1.03;7.333;3.055;4.0;10.0;10.571;3.645;4.0;14.0;17.833;12.862;4.0;46.0;9.018;21.252;52.066;1.732;3.0;-0.714;2.563;3.0;-1.333;2.964;3.0;-1.333;-4.0;0.0;-0.429;1.718;-4.0;1.0;1.0;-4.0;1.416;7.6;-0.1;2.974;7.65;1.0;-3.0;2.082;2.5;0.0;0.0;0.0;-2.0;-8.0;7.506;2.0;-2.0;3.055;3.0;3.0;1.732;1.5;0.929
13;14;228;1.68;1.0;-29;53;5;-3;1.186;1.114;-0.072;305;19772;12;0.28;50.0;49.0;45.0;8.0;10.0;4.0;14.0;46.0;46.0;3.0;0.0;0.0;-3.0;2.0;-4.0;0.0;0.0;0.0;12.0;6.391;13.58;19.414;2.082;7.01;11.821;18.0;0.0;0.756;1.038;10.667;3.055;8.0;14.0;10.571;3.645;4.0;14.0;17.538;12.36;4.0;46.0;11.136;20.493;54.176;1.732;3.0;0.143;2.673;3.0;-1.0;3.082;3.0;-2.333;-4.0;0.0;-0.857;1.952;-4.0;1.0;0.692;-4.0;1.432;5.1;-2.5;1.473;6.35;3.0;2.0;1.528;2.0;0.0;0.0;0.0;6.0;8.0;4.619;2.0;6.0;3.055;0.0;-3.0;1.732;1.5;0.912
14;2;230;1.79;1.0;-32;64;8;3;1.208;1.147;-0.061;313;19770;12;0.28;53.0;50.0;49.0;14.0;8.0;10.0;14.0;46.0;46.0;3.0;3.0;0.0;-5.0;2.0;-3.0;-4.0;0.0;1.0;12.0;5.05;12.986;21.264;7.371;8.734;13.739;18.0;0.0;0.0;1.038;8.0;6.0;2.0;14.0;8.857;4.488;2.0;14.0;16.429;12.58;2.0;46.0;8.718;18.92;55.551;0.0;3.0;1.286;1.604;3.0;-0.714;3.148;3.0;-1.333;-4.0;3.0;-0.571;2.37;-4.0;3.0;0.857;-4.0;1.264;5.0;-0.1;1.473;5.05;11.0;8.0;5.292;7.0;0.0;0.0;0.0;-12.0;-18.0;9.018;-3.0;-12.0;6.0;0.0;0.0;1.732;0.0;0.898
15;5;235;1.92;1.0;-30;65;8;0;1.219;1.156;-0.063;320;19765;12;0.28;64.0;53.0;50.0;2.0;14.0;8.0;11.0;46.0;46.0;3.0;3.0;3.0;0.0;2.0;3.0;-3.0;-4.0;1.0;12.0;5.05;12.6;22.476;6.658;9.304;15.183;18.0;1.155;0.756;1.267;7.0;6.245;2.0;14.0;8.0;4.583;2.0;14.0;13.5;9.582;2.0;34.0;3.606;17.145;47.412;0.577;3.0;1.571;1.512;3.0;-0.714;3.148;3.0;0.0;-3.0;3.0;-0.714;2.289;-4.0;3.0;0.0;-4.0;1.323;5.1;0.1;0.058;5.05;1.0;-10.0;5.292;6.0;-2.0;-2.0;1.155;3.0;15.0;9.644;-4.5;3.0;6.245;-1.0;-1.0;0.577;-0.5;0.872
16;9;244;2.06;0.0;-28;59;0;-9;1.229;1.156;-0.073;327;19756;12;0.475;65.0;64.0;53.0;5.0;2.0;14.0;13.0;34.0;80.0;2.0;3.0;3.0;0.0;1.0;0.0;3.0;-3.0;-1.0;1.0;5.1;12.6;23.456;3.215;7.767;14.57;18.0;1.155;0.976;1.399;5.333;3.512;2.0;9.0;7.429;4.077;2.0;14.0;11.714;7.59;2.0;34.0;7.095;17.073;41.774;1.0;3.0;1.714;1.38;3.0;-0.714;3.148;3.0;-2.0;-9.0;3.0;-1.857;3.891;-9.0;3.0;-0.714;-9.0;1.544;5.1;0.0;0.058;5.1;-6.0;-7.0;8.544;-2.5;0.0;2.0;1.155;4.0;1.0;8.963;3.5;4.0;3.512;-1.0;0.0;0.577;-1.0;0.865
17;8;252;2.18;0.0;-27;69;-2;-2;1.239;1.173;-0.066;334;19748;12;0.6;59.0;65.0;64.0;9.0;5.0;2.0;4.0;34.0;114.0;1.0;2.0;3.0;0.0;-3.0;-9.0;0.0;3.0;0.0;-2.0;5.1;11.574;23.873;5.033;7.913;14.249;27.0;0.0;1.069;1.46;7.333;2.082;5.0;9.0;8.0;3.786;2.0;14.0;9.857;4.092;2.0;15.0;8.505;16.025;39.228;1.0;2.0;1.714;1.38;3.0;-0.5;3.082;3.0;-3.667;-9.0;0.0;-2.143;3.805;-9.0;3.0;-0.714;-9.0;1.394;5.1;0.0;0.0;5.1;10.0;16.0;8.021;2.0;0.0;0.0;1.155;-1.0;-5.0;2.646;1.5;-1.0;2.082;-1.0;0.0;0.0;-1.0;0.865
18;10;262;2.31;0.0;-25;72;-4;-2;1.249;1.193;-0.056;343;19738;12;0.706;69.0;59.0;65.0;8.0;9.0;5.0;10.0;15.0;129.0;0.0;1.0;2.0;0.0;-5.0;-2.0;-9.0;0.0;0.0;4.0;5.1;10.979;23.933;6.807;8.118;14.7;27.0;0.0;1.069;1.46;9.0;1.0;8.0;10.0;8.0;3.786;2.0;14.0;9.5;3.818;2.0;14.0;9.018;16.108;37.387;1.0;1.0;1.571;1.618;3.0;-0.214;2.806;3.0;-4.333;-9.0;-2.0;-2.429;3.69;-9.0;3.0;-1.143;-9.0;1.407;5.1;-0.0;0.0;5.1;3.0;-7.0;8.021;6.5;0.0;0.0;0.0;2.0;3.0;2.517;0.5;2.0;1.0;-1.0;0.0;0.0;-1.0;0.853
19;6;268;2.44;0.0;-25;73;-9;-4;1.259;1.205;-0.054;378;19732;12;0.782;72.0;69.0;59.0;10.0;8.0;9.0;8.0;11.0;140.0;-1.0;0.0;1.0;3.0;-6.0;-2.0;-2.0;-9.0;-4.0;0.0;5.1;10.994;23.555;2.082;7.188;14.387;30.0;0.0;0.976;1.399;8.0;2.0;6.0;10.0;7.714;3.861;2.0;14.0;9.143;3.9;2.0;14.0;8.083;15.704;35.297;0.577;0.0;1.143;1.574;3.0;0.214;2.259;3.0;-2.667;-4.0;-2.0;-2.429;3.69;-9.0;3.0;-1.429;-9.0;1.458;5.1;0.0;0.0;5.1;1.0;-2.0;4.726;2.0;0.0;0.0;0.0;-4.0;-6.0;3.0;-1.0;-4.0;2.0;1.0;2.0;1.155;-0.0;0.838
20;10;278;2.57;0.0;-25;73;5;-7;1.272;1.219;-0.053;383;19722;12;0.889;73.0;72.0;69.0;6.0;10.0;8.0;14.0;14.0;154.0;0.0;-1.0;0.0;3.0;-3.0;-4.0;-2.0;-2.0;-3.0;0.0;6.444;11.645;23.694;0.577;5.367;13.689;34.0;0.0;0.756;1.267;8.667;2.309;6.0;10.0;7.143;2.968;2.0;10.0;8.857;3.655;2.0;14.0;8.083;17.632;34.0;0.577;0.0;0.714;1.38;3.0;0.429;2.065;3.0;-4.333;-7.0;-2.0;-3.0;4.082;-9.0;3.0;-1.929;-9.0;1.563;7.7;2.6;1.501;6.4;0.0;-1.0;1.528;0.5;0.0;0.0;0.0;4.0;8.0;4.163;0.0;4.0;2.309;0.0;-1.0;1.0;0.5;0.83
21;3;281;2.7;0.0;-32;77;-20;-5;1.294;1.249;-0.045;387;19719;12;0.938;73.0;73.0;72.0;10.0;6.0;10.0;2.0;14.0;168.0;0.0;0.0;-1.0;3.0;-5.0;-7.0;-4.0;-2.0;3.0;1.0;6.444;12.045;23.327;2.309;6.02;13.188;38.0;0.0;0.0;1.038;6.333;3.512;3.0;10.0;7.286;2.69;3.0;10.0;8.071;3.647;2.0;14.0;6.807;17.214;32.782;0.577;0.0;0.143;1.069;2.0;0.714;1.437;3.0;-5.333;-7.0;-4.0;-4.143;3.132;-9.0;0.0;-2.357;-9.0;1.548;5.1;-2.6;1.501;6.4;4.0;4.0;2.082;2.0;0.0;0.0;0.0;-7.0;-11.0;5.686;-1.5;-7.0;3.512;-1.0;-1.0;1.0;-0.5;0.82
22;7;288;2.83;1.0;-37;82;-22;-2;1.137;1.277;0.14;391;19712;12;0.994;77.0;73.0;73.0;3.0;10.0;6.0;5.0;11.0;179.0;-1.0;0.0;0.0;2.0;0.0;-5.0;-7.0;-4.0;0.0;1.0;7.79;13.494;23.77;4.509;7.128;13.022;40.0;1.155;0.756;1.267;6.667;3.512;3.0;10.0;7.571;2.507;3.0;10.0;7.786;3.556;2.0;14.0;5.132;15.999;31.846;2.082;3.0;0.286;1.38;3.0;0.929;1.542;3.0;-4.667;-7.0;-2.0;-4.429;2.76;-9.0;-2.0;-2.571;-9.0;1.578;10.2;5.1;2.55;7.65;5.0;1.0;2.646;4.5;-2.0;-2.0;1.155;4.0;11.0;6.351;-1.5;4.0;3.512;4.0;5.0;2.646;1.5;0.801
23;10;298;2.96;2.0;-39;82;-26;-4;1.337;1.284;-0.053;394;19702;12;1.027;82.0;77.0;73.0;7.0;3.0;10.0;9.0;13.0;192.0;3.0;-1.0;0.0;1.0;0.0;-2.0;-5.0;-7.0;-9.0;-1.0;8.932;14.858;24.628;2.887;5.062;12.33;45.0;1.155;0.976;1.399;6.667;3.512;3.0;10.0;7.714;2.628;3.0;10.0;7.571;3.298;2.0;14.0;8.544;15.756;31.901;3.055;5.0;0.857;2.268;5.0;1.286;1.858;5.0;-3.667;-5.0;-2.0;-3.714;1.89;-7.0;-2.0;-2.786;-9.0;1.671;7.6;-2.6;2.55;8.9;0.0;-5.0;2.646;2.5;0.0;2.0;1.155;3.0;-1.0;6.083;3.5;3.0;3.512;2.0;-2.0;2.517;3.0;0.783
24;9;307;3.09;3.0;-42;86;-28;-2;1.36;1.303;-0.057;397;19693;12;1.051;82.0;82.0;77.0;10.0;7.0;3.0;8.0;4.0;196.0;5.0;3.0;-1.0;0.0;0.0;-4.0;-2.0;-5.0;-2.0;0.0;7.65;16.003;25.214;2.309;5.521;12.025;49.0;0.0;1.069;1.46;8.667;1.528;7.0;10.0;7.857;2.673;3.0;10.0;7.929;3.149;2.0;14.0;9.504;15.921;31.622;2.0;7.0;1.857;3.185;7.0;1.786;2.359;7.0;-2.667;-4.0;-2.0;-3.714;1.89;-7.0;-2.0;-2.929;-9.0;1.683;7.7;0.1;1.473;7.65;4.0;4.0;2.646;2.0;0.0;0.0;1.155;-1.0;-4.0;2.646;1.0;-1.0;1.528;2.0;0.0;1.155;2.0;0.779
25;11;318;3.22;1.0;-49;90;-29;0;1.382;1.326;-0.056;400;19682;12;1.077;86.0;82.0;82.0;9.0;10.0;7.0;10.0;10.0;206.0;7.0;5.0;3.0;-1.0;0.0;-2.0;-4.0;-2.0;-2.0;0.0;5.356;15.657;25.492;4.0;6.451;11.997;50.0;0.0;1.069;1.46;10.0;1.0;9.0;11.0;8.0;2.828;3.0;11.0;8.0;3.211;2.0;14.0;10.017;17.516;32.028;2.0;7.0;2.429;2.936;7.0;2.0;2.32;7.0;-2.0;-4.0;0.0;-3.429;2.299;-7.0;0.0;-2.929;-9.0;1.637;2.6;-5.1;2.916;5.15;4.0;0.0;2.309;4.0;0.0;0.0;0.0;2.0;3.0;2.082;0.5;2.0;1.0;-4.0;-6.0;3.464;-1.0;0.767
26;14;332;3.35;0.0;-61;91;-30;-1;1.405;1.353;-0.052;402;19668;12;1.097;90.0;86.0;82.0;11.0;9.0;10.0;6.0;8.0;214.0;3.0;7.0;5.0;0.0;3.0;0.0;-2.0;-4.0;-4.0;-4.0;2.65;14.087;25.589;2.646;6.583;11.449;53.0;0.0;0.976;1.399;11.333;2.517;9.0;14.0;9.143;3.436;3.0;14.0;8.429;3.589;2.0;14.0;12.53;19.956;33.221;3.512;7.0;2.429;2.936;7.0;1.786;2.359;7.0;-1.0;-2.0;0.0;-3.0;2.449;-7.0;0.0;-2.714;-9.0;1.648;2.7;0.1;2.916;2.65;1.0;-3.0;1.732;2.5;0.0;0.0;0.0;3.0;1.0;2.082;2.5;3.0;2.517;-3.0;1.0;3.215;-3.5;0.754
27;7;339;3.4;-3.0;-79;94;-30;0;1.426;1.37;-0.056;404;19661;12;1.114;91.0;90.0;86.0;14.0;11.0;9.0;10.0;14.0;228.0;0.0;3.0;7.0;0.0;3.0;-1.0;0.0;-2.0;-7.0;-3.0;1.504;11.418;24.785;2.082;6.028;10.894;59.0;0.0;0.756;1.267;10.667;3.512;7.0;14.0;8.714;3.498;3.0;14.0;7.929;3.222;2.0;14.0;10.693;21.833;34.877;5.686;3.0;1.286;4.923;7.0;1.0;3.486;7.0;-0.333;-1.0;0.0;-2.0;1.915;-5.0;0.0;-2.5;-9.0;1.569;-2.5;-5.2;2.974;0.1;3.0;2.0;1.528;2.0;0.0;0.0;0.0;-7.0;-10.0;5.508;-2.0;-7.0;3.512;-8.0;-5.0;2.646;-5.5;0.739
28;7;346;3.61;-6.0;-101;98;-26;3;1.446;1.377;-0.069;405;19654;12;1.147;94.0;91.0;90.0;7.0;14.0;11.0;3.0;2.0;230.0;-8.0;0.0;3.0;-1.0;3.0;0.0;-1.0;0.0;-5.0;3.0;1.415;7.437;23.495;3.512;6.028;11.56;59.0;0.0;0.0;1.038;9.333;4.041;7.0;14.0;9.286;2.628;7.0;14.0;8.286;2.758;3.0;14.0;7.0;21.762;35.637;7.024;0.0;-0.571;7.635;7.0;-0.214;5.25;7.0;0.667;-1.0;3.0;-0.857;2.193;-4.0;3.0;-2.5;-9.0;1.506;0.1;2.6;2.6;-1.2;4.0;1.0;1.528;3.5;0.0;0.0;0.0;0.0;7.0;5.132;-3.5;0.0;4.041;-6.0;2.0;2.517;-7.0;0.73
29;0;346;3.74;-6.0;-129;100;1;4;1.47;1.387;-0.083;406;19654;12;1.156;98.0;94.0;91.0;7.0;7.0;14.0;7.0;5.0;235.0;-14.0;-8.0;0.0;3.0;2.0;3.0;0.0;-1.0;-2.0;0.0;2.916;4.926;22.2;3.055;6.373;11.993;59.0;0.0;0.0;1.027;4.667;4.041;0.0;7.0;8.286;4.386;0.0;14.0;7.929;3.452;0.0;14.0;4.041;19.199;35.007;3.786;-8.0;-3.143;9.118;7.0;-1.429;6.513;7.0;2.333;0.0;4.0;0.0;2.769;-4.0;4.0;-2.214;-9.0;1.526;5.0;4.9;3.808;2.55;2.0;-2.0;1.0;3.0;0.0;0.0;0.0;-7.0;-7.0;4.041;-3.5;-7.0;4.041;-1.0;5.0;3.606;-3.5;0.726
30;0;346;3.87;-7.0;-156;100;4;3;1.491;1.402;-0.089;407;19654;12;1.156;100.0;98.0;94.0;0.0;7.0;7.0;10.0;9.0;244.0;-15.0;-14.0;-8.0;5.0;1.0;4.0;3.0;0.0;-4.0;-9.0;3.863;3.593;20.683;1.155;5.429;10.942;69.0;0.0;0.0;0.994;2.333;4.041;0.0;7.0;6.857;5.273;0.0;14.0;7.286;4.027;0.0;14.0;0.0;15.512;33.701;2.082;-14.0;-6.429;9.813;7.0;-2.786;7.817;7.0;3.333;3.0;4.0;1.0;2.309;-2.0;4.0;-1.357;-7.0;1.552;2.6;-2.4;2.45;3.8;0.0;-2.0;2.0;1.0;0.0;0.0;0.0;0.0;7.0;4.041;-3.5;0.0;4.041;-3.0;-2.0;2.517;-2.0;0.721
31;0;346;4.0;-7.0;-182;102;8;4;1.511;1.403;-0.108;408;19654;12;1.173;100.0;100.0;98.0;0.0;0.0;7.0;9.0;8.0;252.0;-18.0;-15.0;-14.0;7.0;0.0;3.0;4.0;3.0;-2.0;-2.0;3.917;4.889;19.18;1.155;4.756;10.833;72.0;0.0;0.0;0.938;0.0;0.0;0.0;0.0;5.571;5.74;0.0;14.0;6.714;4.462;0.0;14.0;0.0;10.693;31.777;1.732;-15.0;-10.0;8.583;3.0;-4.071;8.748;7.0;3.667;3.0;4.0;1.857;2.116;-1.0;4.0;-0.929;-7.0;1.572;5.1;2.5;1.415;3.85;2.0;2.0;1.155;1.0;0.0;0.0;0.0;0.0;0.0;4.041;-0.0;0.0;0.0;0.0;3.0;1.528;-1.5;0.713
32;0;346;4.13;-7.0;-214;93;3;-6;1.534;1.34;-0.194;408;19654;12;1.193;102.0;100.0;100.0;0.0;0.0;0.0;11.0;10.0;262.0;-18.0;-18.0;-15.0;3.0;-1.0;4.0;3.0;4.0;0.0;-2.0;5.1;6.736;17.695;4.726;4.18;9.997;73.0;0.0;0.0;0.852;0.0;0.0;0.0;0.0;4.0;5.508;0.0;14.0;6.0;4.69;0.0;14.0;0.0;5.508;29.658;0.0;-18.0;-13.0;6.758;0.0;-5.286;9.442;7.0;0.333;-6.0;4.0;1.0;3.651;-6.0;4.0;-1.214;-7.0;1.778;5.1;-0.0;1.443;5.1;-9.0;-11.0;5.859;-3.5;0.0;0.0;0.0;0.0;0.0;0.0;-0.0;0.0;0.0;0.0;0.0;1.732;0.0;0.713
33;0;346;4.26;-8.0;-248;105;8;5;1.556;1.353;-0.203;408;19654;12;1.205;93.0;102.0;100.0;0.0;0.0;0.0;14.0;6.0;268.0;-18.0;-18.0;-18.0;0.0;0.0;-6.0;4.0;3.0;-1.0;-4.0;3.873;8.171;15.939;6.245;4.259;9.802;73.0;0.0;0.0;0.726;0.0;0.0;0.0;0.0;2.0;3.416;0.0;7.0;5.571;4.957;0.0;14.0;0.0;2.646;26.932;1.155;-18.0;-15.857;4.018;-8.0;-6.714;10.072;7.0;1.0;-6.0;5.0;1.857;3.805;-6.0;5.0;-0.571;-7.0;1.599;2.5;-2.6;1.501;3.8;12.0;21.0;10.504;1.5;0.0;0.0;0.0;0.0;0.0;0.0;-0.0;0.0;0.0;-2.0;-2.0;1.155;-1.0;0.746
34;0;346;4.39;-8.0;-178;92;-2;-9;1.578;1.454;-0.124;407;19654;12;1.219;105.0;93.0;102.0;0.0;0.0;0.0;7.0;10.0;278.0;-20.0;-18.0;-18.0;-8.0;0.0;5.0;-6.0;4.0;0.0;-7.0;2.5;8.479;14.414;7.234;4.685;8.334;77.0;0.0;0.0;0.535;0.0;0.0;0.0;0.0;1.0;2.646;0.0;7.0;4.857;4.99;0.0;14.0;0.0;0.0;24.261;2.0;-18.0;-17.857;2.734;-14.0;-8.286;10.644;7.0;-3.333;-9.0;5.0;0.571;5.623;-9.0;5.0;-0.714;-9.0;1.852;2.5;0.0;1.501;2.5;-13.0;-25.0;13.429;-0.5;0.0;0.0;0.0;0.0;0.0;0.0;-0.0;0.0;0.0;-2.0;0.0;1.155;-2.0;0.739
35;0;346;4.52;-8.0;-97;120;17;19;1.6;1.456;-0.144;407;19654;12;1.249;92.0;105.0;93.0;0.0;0.0;0.0;7.0;3.0;281.0;-22.0;-20.0;-18.0;-14.0;-1.0;-9.0;5.0;-6.0;3.0;-5.0;5.316;8.921;13.417;14.012;9.322;10.02;82.0;0.0;0.0;0.0;0.0;0.0;0.0;0.0;0.0;0.0;0.0;0.0;4.643;5.138;0.0;14.0;0.0;0.0;20.624;1.0;-20.0;-18.857;2.34;-15.0;-9.714;10.929;7.0;5.0;-9.0;19.0;2.857;9.008;-9.0;19.0;1.0;-9.0;1.484;7.7;5.2;3.002;5.1;28.0;41.0;20.664;7.5;0.0;0.0;0.0;0.0;0.0;0.0;-0.0;0.0;0.0;1.0;3.0;1.732;-0.5;0.688
1;52;52;0.1;0.0;1;21;6;7;0.321;0.307;-0.014;0;20948;13;0.307;21.0;21.0;21.0;52.0;52.0;52.0;52.0;52.0;52.0;1.0;1.0;1.0;1.0;1.0;7.0;7.0;7.0;7.0;7.0;3.465;3.465;3.465;0.707;0.707;0.707;21.0;0.0;0.0;0.0;52.0;29.698;52.0;52.0;52.0;29.698;52.0;52.0;52.0;29.698;52.0;52.0;7.071;7.071;7.071;0.707;1.0;1.0;0.707;1.0;1.0;0.707;1.0;7.0;7.0;7.0;7.0;2.828;7.0;7.0;7.0;7.0;0.905;4.9;-4.9;3.465;2.45;-1.0;2.0;1.414;0.0;0.0;0.0;0.0;-42.0;48.0;33.941;-18.0;6.0;4.243;1.0;-5.0;3.536;-1.5;3.257
2;10;62;0.23;1.0;3;20;9;3;0.549;0.524;-0.025;0;20938;13;0.307;21.0;21.0;21.0;52.0;52.0;52.0;52.0;52.0;52.0;1.0;1.0;1.0;1.0;1.0;7.0;7.0;7.0;7.0;7.0;3.465;3.465;3.465;0.707;0.707;0.707;20.0;0.0;0.0;0.0;31.0;29.698;10.0;52.0;31.0;29.698;10.0;52.0;31.0;29.698;10.0;52.0;7.071;7.071;7.071;0.707;2.0;1.5;0.707;2.0;1.5;0.707;2.0;5.0;3.0;7.0;5.0;2.828;3.0;7.0;5.0;3.0;1.195;4.9;-4.9;3.465;2.45;-1.0;2.0;1.414;0.0;0.0;0.0;0.0;-42.0;48.0;33.941;-18.0;6.0;4.243;1.0;-5.0;3.536;-1.5;3.257
3;16;78;0.36;-1.0;1;21;9;1;0.711;0.649;-0.062;0;20922;13;0.307;20.0;21.0;21.0;10.0;52.0;52.0;52.0;52.0;52.0;2.0;1.0;1.0;1.0;1.0;3.0;7.0;7.0;7.0;7.0;2.829;2.829;2.829;0.577;0.577;0.577;20.0;0.0;0.0;0.0;26.0;22.716;10.0;52.0;26.0;22.716;10.0;52.0;26.0;22.716;10.0;52.0;13.115;13.115;13.115;2.082;2.0;0.333;2.082;2.0;0.333;2.082;2.0;3.667;1.0;7.0;3.667;3.055;1.0;7.0;3.667;1.0;1.138;0.0;-4.9;3.465;2.45;1.0;2.0;1.414;0.0;0.0;0.0;0.0;6.0;48.0;33.941;-18.0;6.0;4.243;-4.0;-5.0;3.536;-1.5;1.908
4;11;89;0.49;-2.0;-3;23;9;-1;0.826;0.739;-0.087;0;20911;13;0.307;21.0;20.0;21.0;16.0;10.0;52.0;52.0;52.0;52.0;-2.0;2.0;1.0;1.0;1.0;1.0;3.0;7.0;7.0;7.0;1.386;3.066;3.066;1.528;1.258;1.258;20.0;0.0;0.0;0.0;12.333;3.215;10.0;16.0;22.25;20.006;10.0;52.0;22.25;20.006;10.0;52.0;13.577;16.46;16.46;3.055;2.0;-0.75;2.754;2.0;-0.75;2.754;2.0;1.0;-1.0;3.0;2.5;3.416;-1.0;7.0;2.5;-1.0;1.143;2.4;2.4;2.45;1.2;2.0;1.0;1.528;1.5;0.0;0.0;0.0;-5.0;-11.0;25.146;0.5;-5.0;3.215;-2.0;2.0;2.517;-3.0;1.541
5;10;99;0.62;-3.0;-12;28;10;1;0.914;0.776;-0.138;0;20901;13;0.307;23.0;21.0;20.0;11.0;16.0;10.0;52.0;52.0;52.0;-4.0;-2.0;2.0;1.0;1.0;-1.0;1.0;3.0;7.0;7.0;1.386;2.98;2.98;3.606;3.209;3.209;20.0;0.0;0.0;0.0;12.333;3.215;10.0;16.0;19.8;18.171;10.0;52.0;19.8;18.171;10.0;52.0;10.504;19.196;19.196;3.055;-2.0;-2.2;4.025;2.0;-2.2;4.025;2.0;0.333;-1.0;1.0;2.2;3.033;-1.0;7.0;2.2;-1.0;0.939;0.0;-2.4;1.386;1.2;5.0;3.0;2.082;3.5;0.0;0.0;0.0;-1.0;4.0;5.568;-3.0;-1.0;3.215;-4.0;-2.0;1.155;-3.0;1.353
6;12;111;0.75;-4.0;-22;28;8;-2;0.979;0.814;-0.165;0;20889;13;0.307;28.0;23.0;21.0;10.0;11.0;16.0;52.0;52.0;52.0;-8.0;-4.0;-2.0;1.0;1.0;1.0;-1.0;1.0;7.0;7.0;1.386;3.313;3.313;2.887;3.619;3.619;20.0;0.0;0.0;0.0;11.0;1.0;10.0;12.0;18.5;16.562;10.0;52.0;18.5;16.562;10.0;52.0;11.015;22.338;22.338;2.646;-4.0;-3.333;4.546;2.0;-3.333;4.546;2.0;-0.667;-2.0;1.0;1.5;3.209;-2.0;7.0;1.5;-2.0;1.025;2.4;2.4;1.386;1.2;0.0;-5.0;2.517;2.5;0.0;0.0;0.0;2.0;3.0;3.512;0.5;2.0;1.0;-1.0;3.0;1.528;-2.5;1.289
7;7;118;0.68;-4.0;-28;33;10;0;1.029;0.845;-0.184;270;20882;13;0.307;28.0;28.0;23.0;12.0;10.0;11.0;52.0;52.0;52.0;-9.0;-8.0;-4.0;1.0;1.0;-2.0;1.0;-1.0;7.0;7.0;3.666;4.5;4.5;2.887;4.88;4.88;20.0;0.0;0.0;0.0;9.667;2.517;7.0;12.0;16.857;15.731;7.0;52.0;16.857;15.731;7.0;52.0;9.609;24.549;24.549;0.577;-8.0;-4.143;4.67;2.0;-4.143;4.67;2.0;-0.333;-2.0;1.0;1.286;2.984;-2.0;7.0;1.286;-2.0;1.015;4.8;2.4;2.4;3.6;5.0;5.0;2.887;2.5;0.0;0.0;0.0;-5.0;-7.0;3.512;-1.5;-5.0;2.517;0.0;1.0;2.082;-0.5;1.229
8;3;121;1.01;-1.0;-35;39;10;2;1.068;0.885;-0.183;268;20879;13;0.307;33.0;28.0;28.0;7.0;12.0;10.0;52.0;52.0;52.0;-9.0;-9.0;-8.0;1.0;1.0;0.0;-2.0;1.0;7.0;7.0;7.332;6.888;7.359;5.508;6.852;6.739;20.0;1.155;0.756;0.707;7.333;4.509;3.0;12.0;9.857;4.059;3.0;16.0;15.125;15.366;3.0;52.0;5.132;21.859;25.711;4.041;-2.0;-4.571;4.237;2.0;-3.875;4.39;2.0;0.0;-2.0;2.0;0.571;1.718;-2.0;3.0;1.375;-2.0;1.105;9.6;4.8;3.666;7.2;6.0;1.0;3.215;5.5;-2.0;-2.0;1.155;-4.0;1.0;3.786;-4.5;-4.0;4.509;7.0;7.0;4.359;3.5;1.183
9;6;127;1.14;1.0;-32;42;11;1;1.099;0.946;-0.153;274;20873;13;0.307;39.0;33.0;28.0;3.0;7.0;12.0;10.0;52.0;52.0;-2.0;-9.0;-9.0;2.0;1.0;2.0;0.0;-2.0;3.0;7.0;10.822;11.378;11.334;4.583;7.85;8.124;20.0;1.155;0.976;0.882;5.333;2.082;3.0;7.0;9.286;4.309;3.0;16.0;14.111;14.692;3.0;52.0;4.583;18.059;26.841;5.568;2.0;-4.571;4.237;2.0;-3.222;4.549;2.0;1.0;0.0;2.0;0.286;1.38;-2.0;2.0;1.333;-2.0;1.312;12.0;2.4;3.666;10.8;3.0;-3.0;1.528;4.5;0.0;2.0;1.155;3.0;7.0;4.359;-0.5;3.0;2.082;4.0;-3.0;3.512;5.5;1.13
10;6;133;1.27;2.0;-32;47;13;2;1.129;0.991;-0.138;281;20867;13;0.307;42.0;39.0;33.0;6.0;3.0;7.0;16.0;52.0;52.0;2.0;-2.0;-9.0;-2.0;1.0;1.0;2.0;0.0;1.0;7.0;8.653;13.975;14.043;4.041;8.674;9.67;20.0;0.0;1.069;0.966;5.0;1.732;3.0;6.0;7.857;3.237;3.0;12.0;13.3;14.087;3.0;52.0;6.0;15.567;27.984;3.055;4.0;-3.714;5.314;4.0;-2.5;4.859;4.0;1.667;1.0;2.0;0.429;1.512;-2.0;2.0;1.4;-2.0;1.274;4.8;-7.2;3.666;8.4;5.0;2.0;1.528;4.0;0.0;0.0;1.155;0.0;-3.0;3.512;1.5;0.0;1.732;2.0;-2.0;2.517;3.0;1.057
11;5;138;1.4;0.0;-33;47;10;-2;1.149;1.031;-0.118;289;20862;13;0.307;47.0;42.0;39.0;6.0;6.0;3.0;11.0;52.0;52.0;4.0;2.0;-2.0;-4.0;1.0;2.0;1.0;2.0;-1.0;7.0;3.666;15.106;15.825;2.887;8.2;10.479;20.0;0.0;1.069;1.009;5.667;0.577;5.0;6.0;7.0;3.055;3.0;12.0;12.545;13.597;3.0;52.0;5.508;13.304;29.036;2.517;4.0;-3.286;5.407;4.0;-2.364;4.632;4.0;0.333;-2.0;2.0;0.286;1.704;-2.0;2.0;1.091;-2.0;1.326;2.4;-2.4;4.996;3.6;0.0;-5.0;2.517;2.5;0.0;0.0;0.0;-1.0;-1.0;2.082;-0.5;-1.0;0.577;-5.0;-7.0;4.726;-1.5;1.009
12;16;154;1.53;-2.0;-41;48;4;-6;1.169;1.06;-0.109;297;20846;13;0.307;47.0;47.0;42.0;5.0;6.0;6.0;10.0;52.0;52.0;-1.0;4.0;2.0;-8.0;1.0;-2.0;2.0;1.0;1.0;7.0;1.415;14.137;16.834;0.577;7.721;11.041;20.0;0.0;0.976;1.03;9.0;6.083;5.0;16.0;7.857;4.525;3.0;16.0;12.833;13.002;3.0;52.0;10.97;14.346;31.418;5.0;4.0;-3.0;5.164;4.0;-2.667;4.539;4.0;-2.0;-6.0;2.0;-0.714;2.87;-6.0;2.0;0.5;-6.0;1.3;0.1;-2.3;2.35;1.25;1.0;1.0;2.646;0.5;0.0;0.0;0.0;11.0;12.0;6.658;5.0;11.0;6.083;-5.0;0.0;4.041;-5.0;0.97
13;6;160;1.68;0.0;-48;56;2;0;1.186;1.086;-0.1;305;20840;13;0.307;48.0;47.0;47.0;16.0;5.0;6.0;12.0;52.0;52.0;-6.0;-1.0;4.0;-9.0;1.0;-6.0;-2.0;2.0;-2.0;7.0;5.572;13.06;18.576;4.933;7.368;12.335;20.0;0.0;0.756;1.038;9.0;6.083;5.0;16.0;7.0;4.163;3.0;16.0;12.308;12.592;3.0;52.0;11.372;16.036;33.5;2.887;-1.0;-1.857;4.451;4.0;-2.538;4.371;4.0;-2.667;-6.0;0.0;-0.429;2.82;-6.0;2.0;0.462;-6.0;1.286;9.6;9.5;4.956;4.85;8.0;7.0;4.359;4.5;0.0;0.0;0.0;-10.0;-21.0;10.536;0.5;-10.0;6.083;5.0;10.0;5.774;-0.0;0.943
14;4;164;1.79;-1.0;-55;61;2;0;1.208;1.105;-0.103;313;20836;13;0.307;56.0;48.0;47.0;6.0;16.0;5.0;7.0;52.0;52.0;-1.0;-6.0;-1.0;-9.0;1.0;0.0;-6.0;-2.0;0.0;7.0;7.332;11.013;20.217;6.557;7.635;13.759;20.0;0.0;0.0;1.038;8.667;6.429;4.0;16.0;6.571;4.315;3.0;16.0;11.714;12.3;3.0;52.0;5.033;16.9;35.173;2.887;-1.0;-0.714;3.147;4.0;-2.429;4.219;4.0;-2.0;-6.0;0.0;-0.429;2.82;-6.0;2.0;0.429;-6.0;1.259;4.8;-4.8;4.75;7.2;5.0;-3.0;3.512;6.5;0.0;0.0;0.0;-2.0;8.0;10.599;-6.0;-2.0;6.429;0.0;-5.0;5.0;2.5;0.921
15;5;169;1.92;1.0;-52;66;3;1;1.219;1.127;-0.092;320;20831;13;0.307;61.0;56.0;48.0;4.0;6.0;16.0;3.0;52.0;52.0;-1.0;-1.0;-6.0;-2.0;1.0;0.0;0.0;-6.0;2.0;7.0;7.332;11.013;21.819;5.0;8.734;15.005;20.0;1.155;0.756;1.267;5.0;1.0;4.0;6.0;6.857;4.1;4.0;16.0;8.357;4.217;3.0;16.0;4.509;16.49;32.956;1.732;2.0;-0.143;3.237;4.0;-2.357;4.29;4.0;0.333;0.0;1.0;-0.571;2.699;-6.0;2.0;0.0;-6.0;1.309;9.6;4.8;2.771;7.2;5.0;0.0;1.732;5.0;-2.0;-2.0;1.155;1.0;3.0;5.686;-0.5;1.0;1.0;3.0;3.0;2.517;1.5;0.905
16;9;178;2.06;1.0;-50;70;6;2;1.229;1.145;-0.084;327;20822;13;0.524;66.0;61.0;56.0;5.0;4.0;6.0;6.0;10.0;62.0;2.0;-1.0;-1.0;2.0;2.0;1.0;0.0;0.0;1.0;3.0;7.332;12.414;23.317;4.509;9.537;15.825;21.0;1.155;0.976;1.399;6.0;2.646;4.0;9.0;7.286;4.152;4.0;16.0;8.286;4.196;3.0;16.0;7.095;16.267;30.941;1.528;2.0;-0.286;3.147;4.0;-2.429;4.219;4.0;1.0;0.0;2.0;-0.429;2.82;-6.0;2.0;-0.071;-6.0;1.303;4.8;-4.8;2.771;7.2;4.0;-1.0;0.577;4.5;0.0;2.0;1.155;4.0;3.0;3.0;2.5;4.0;2.646;-1.0;-4.0;2.082;1.0;0.887
17;12;190;2.18;0.0;-49;70;5;-1;1.239;1.166;-0.073;334;20810;13;0.649;70.0;66.0;61.0;9.0;5.0;4.0;6.0;16.0;78.0;1.0;2.0;-1.0;4.0;-2.0;2.0;1.0;0.0;2.0;1.0;4.85;13.537;24.251;2.309;9.708;15.884;23.0;0.0;1.069;1.46;8.667;3.512;5.0;12.0;8.143;4.451;4.0;16.0;8.0;3.742;3.0;16.0;10.536;16.76;30.56;1.0;2.0;-0.857;2.545;2.0;-2.286;4.268;4.0;0.667;-1.0;2.0;-0.857;2.61;-6.0;2.0;-0.214;-6.0;1.373;4.9;0.1;2.743;4.85;0.0;-4.0;2.646;2.0;0.0;0.0;1.155;3.0;-1.0;1.528;3.5;3.0;3.512;-1.0;0.0;2.309;-1.0;0.873
18;8;198;2.31;0.0;-48;74;5;0;1.249;1.183;-0.066;343;20802;13;0.739;70.0;70.0;66.0;12.0;9.0;5.0;5.0;11.0;89.0;0.0;1.0;2.0;-1.0;-4.0;-1.0;2.0;1.0;-2.0;-1.0;4.9;13.873;24.814;2.309;9.163;15.805;28.0;0.0;1.069;1.46;9.667;2.082;8.0;12.0;8.571;4.237;4.0;16.0;7.786;3.641;3.0;16.0;10.066;16.153;30.629;1.0;1.0;-0.857;2.545;2.0;-2.071;4.251;4.0;0.333;-1.0;2.0;-0.571;2.573;-6.0;2.0;-0.143;-6.0;1.365;4.9;0.0;0.058;4.9;4.0;4.0;2.309;2.0;0.0;0.0;0.0;-4.0;-7.0;4.359;-0.5;-4.0;2.082;-1.0;0.0;0.0;-1.0;0.858
19;4;202;2.44;1.0;-46;75;2;-2;1.259;1.205;-0.054;378;20798;13;0.776;74.0;70.0;70.0;8.0;12.0;9.0;16.0;10.0;99.0;-1.0;0.0;1.0;-6.0;-8.0;0.0;-1.0;2.0;-6.0;1.0;6.086;12.921;24.918;2.646;6.925;15.616;28.0;0.0;0.976;1.399;8.0;4.0;4.0;12.0;6.857;2.968;4.0;12.0;7.357;3.713;3.0;16.0;6.11;16.777;30.546;1.528;2.0;0.286;1.38;2.0;-1.357;4.012;4.0;-1.0;-2.0;0.0;0.0;1.291;-2.0;2.0;-0.357;-6.0;1.443;7.2;2.3;1.328;6.05;1.0;-3.0;2.082;2.5;0.0;0.0;0.0;-4.0;0.0;4.041;-4.0;-4.0;4.0;3.0;4.0;2.309;1.0;0.845
20;11;213;2.57;1.0;-44;79;22;-1;1.272;1.225;-0.047;383;20787;13;0.814;75.0;74.0;70.0;4.0;8.0;12.0;6.0;12.0;111.0;2.0;-1.0;0.0;-1.0;-9.0;-2.0;0.0;-1.0;0.0;-2.0;7.25;13.143;24.713;2.646;5.992;15.021;33.0;0.0;0.756;1.267;7.667;3.512;4.0;11.0;7.571;3.309;4.0;12.0;7.286;3.625;3.0;16.0;7.767;18.081;31.521;1.528;2.0;0.571;1.272;2.0;-0.643;3.388;4.0;-1.0;-2.0;0.0;-0.143;1.345;-2.0;2.0;-0.286;-6.0;1.462;7.3;0.1;1.358;7.25;4.0;3.0;1.732;2.5;0.0;0.0;0.0;7.0;11.0;6.351;1.5;7.0;3.512;-1.0;-4.0;2.309;1.0;0.83
21;6;219;2.7;1.0;-48;86;6;4;1.294;1.241;-0.053;387;20781;13;0.845;79.0;75.0;74.0;11.0;4.0;8.0;4.0;7.0;118.0;1.0;2.0;-1.0;-1.0;-9.0;-1.0;-2.0;0.0;0.0;0.0;7.25;13.152;24.419;5.568;6.651;15.011;39.0;0.0;0.0;1.038;7.0;3.606;4.0;11.0;7.857;3.024;4.0;12.0;7.214;3.641;3.0;16.0;8.622;18.008;32.278;1.0;3.0;1.143;1.345;3.0;0.214;2.517;4.0;0.333;-2.0;4.0;0.429;2.07;-2.0;4.0;0.0;-6.0;1.427;7.2;-0.1;0.058;7.25;7.0;3.0;3.0;5.5;0.0;0.0;0.0;-5.0;-12.0;6.658;1.0;-5.0;3.606;2.0;3.0;2.082;0.5;0.816
22;10;229;2.83;1.0;-55;81;3;-3;1.137;1.265;0.128;391;20771;13;0.885;86.0;79.0;75.0;6.0;11.0;4.0;5.0;3.0;121.0;3.0;1.0;2.0;2.0;-2.0;4.0;-1.0;-2.0;1.0;2.0;6.086;13.685;24.418;3.606;5.912;14.367;42.0;1.155;0.756;1.267;9.0;2.646;6.0;11.0;8.571;2.82;4.0;12.0;7.714;3.496;4.0;16.0;8.083;17.525;32.825;1.0;3.0;1.143;1.345;3.0;0.5;2.473;4.0;0.0;-3.0;4.0;-0.143;2.41;-3.0;4.0;-0.357;-6.0;1.575;4.9;-2.3;1.358;6.05;-5.0;-12.0;6.245;1.0;-2.0;-2.0;1.155;4.0;9.0;6.245;-0.5;4.0;2.646;-1.0;-3.0;1.732;0.5;0.806
23;4;233;2.96;2.0;-57;93;10;7;1.337;1.28;-0.057;394;20767;13;0.946;81.0;86.0;79.0;10.0;6.0;11.0;9.0;6.0;127.0;2.0;3.0;1.0;1.0;2.0;-3.0;4.0;-1.0;2.0;1.0;7.376;14.771;25.641;6.028;7.825;14.705;47.0;1.155;0.976;1.399;6.667;3.055;4.0;10.0;7.857;3.288;4.0;12.0;7.571;3.61;4.0;16.0;7.211;16.125;32.7;1.528;5.0;1.714;1.976;5.0;0.714;2.73;5.0;2.667;-3.0;7.0;0.571;3.599;-3.0;7.0;0.071;-6.0;1.475;9.6;4.7;2.35;7.25;12.0;17.0;8.737;3.5;0.0;2.0;1.155;-6.0;-10.0;5.508;-1.0;-6.0;3.055;3.0;4.0;2.082;1.0;0.791
24;7;240;3.09;2.0;-62;88;10;0;1.36;1.302;-0.058;397;20760;13;0.991;93.0;81.0;86.0;4.0;10.0;6.0;12.0;6.0;133.0;5.0;2.0;3.0;0.0;4.0;7.0;-3.0;4.0;-1.0;2.0;7.376;14.948;26.569;6.028;7.017;14.261;47.0;0.0;1.069;1.46;7.0;3.0;4.0;10.0;7.143;2.734;4.0;11.0;7.643;3.586;4.0;16.0;5.568;15.826;32.293;1.528;5.0;2.286;1.976;5.0;0.714;2.73;5.0;1.333;-3.0;7.0;0.714;3.546;-3.0;7.0;-0.071;-6.0;1.615;4.9;-4.7;2.714;7.25;-5.0;-17.0;9.815;3.5;0.0;0.0;1.155;3.0;9.0;5.508;-1.5;3.0;3.0;-1.0;-4.0;2.309;1.0;0.781
25;13;253;3.22;2.0;-67;87;6;-3;1.382;1.328;-0.054;400;20747;13;1.031;88.0;93.0;81.0;7.0;4.0;10.0;8.0;5.0;138.0;4.0;5.0;2.0;-1.0;-1.0;0.0;7.0;-3.0;0.0;-2.0;6.139;14.785;27.224;3.215;6.122;13.038;48.0;0.0;1.069;1.46;8.0;4.583;4.0;13.0;7.857;3.532;4.0;13.0;8.214;3.766;4.0;16.0;10.149;17.176;32.146;0.577;5.0;3.143;1.574;5.0;1.143;2.905;5.0;1.333;-3.0;7.0;0.286;3.817;-3.0;7.0;-0.143;-6.0;1.717;7.3;2.4;2.35;6.1;-1.0;4.0;8.888;-3.0;0.0;0.0;0.0;6.0;3.0;6.245;4.5;6.0;4.583;1.0;2.0;2.0;-0.0;0.768
26;5;258;3.35;-1.0;-82;96;10;4;1.405;1.341;-0.064;402;20742;13;1.06;87.0;88.0;93.0;13.0;7.0;4.0;4.0;16.0;154.0;5.0;4.0;5.0;2.0;-6.0;-3.0;0.0;7.0;-2.0;-6.0;3.721;12.853;26.089;4.933;6.04;11.984;56.0;0.0;0.976;1.399;8.333;4.163;5.0;13.0;8.0;3.367;4.0;13.0;7.429;3.106;4.0;13.0;9.292;16.623;32.675;4.359;5.0;2.429;2.82;5.0;1.357;2.405;5.0;0.333;-3.0;4.0;1.143;3.891;-3.0;7.0;0.571;-3.0;1.531;-2.4;-9.7;5.052;2.45;9.0;10.0;7.211;4.0;0.0;0.0;0.0;-8.0;-14.0;7.371;-1.0;-8.0;4.163;-8.0;-9.0;4.726;-3.5;0.753
27;13;271;3.4;-7.0;-107;95;11;1;1.426;1.348;-0.078;404;20729;13;1.086;96.0;87.0;88.0;5.0;13.0;7.0;11.0;6.0;160.0;-3.0;5.0;4.0;1.0;-1.0;4.0;-3.0;0.0;-1.0;0.0;4.94;9.783;24.253;4.933;5.442;11.159;61.0;0.0;0.756;1.267;10.333;4.619;5.0;13.0;8.286;3.729;4.0;13.0;7.929;3.407;4.0;13.0;9.292;18.209;33.695;10.599;5.0;0.0;7.572;5.0;0.286;5.225;5.0;0.667;-3.0;4.0;1.429;3.78;-3.0;7.0;0.643;-3.0;1.473;-7.1;-4.7;7.343;-4.75;-1.0;-10.0;5.774;4.0;0.0;0.0;0.0;8.0;16.0;8.718;-0.0;8.0;4.619;-13.0;-5.0;7.095;-10.5;0.746
28;11;282;3.61;-4.0;-125;90;7;-5;1.446;1.366;-0.08;405;20718;13;1.105;95.0;96.0;87.0;13.0;5.0;13.0;6.0;4.0;164.0;-16.0;-3.0;5.0;3.0;-1.0;1.0;4.0;-3.0;4.0;0.0;6.08;8.31;22.902;3.215;5.228;9.976;66.0;0.0;0.0;1.038;9.667;4.163;5.0;13.0;9.0;3.697;4.0;13.0;8.429;3.298;4.0;13.0;12.014;19.712;34.569;6.506;-3.0;-1.857;8.275;5.0;-0.357;5.904;5.0;0.0;-5.0;4.0;0.143;4.259;-5.0;7.0;0.286;-5.0;1.689;12.1;19.2;10.008;2.5;-5.0;-4.0;7.211;-3.0;0.0;0.0;0.0;-2.0;-10.0;8.083;3.0;-2.0;4.163;6.0;19.0;9.849;-3.5;0.742
29;13;295;3.74;-5.0;-148;103;14;7;1.47;1.375;-0.095;406;20705;13;1.127;90.0;95.0;96.0;11.0;13.0;5.0;10.0;5.0;169.0;-10.0;-16.0;-3.0;2.0;2.0;-5.0;1.0;4.0;-3.0;1.0;8.792;7.053;22.078;6.557;5.521;10.267;70.0;0.0;0.0;1.027;12.333;1.155;11.0;13.0;9.429;3.994;4.0;13.0;9.0;3.351;4.0;13.0;12.014;22.329;35.556;3.215;-10.0;-3.714;8.712;5.0;-1.286;6.498;5.0;1.0;-5.0;7.0;1.571;4.685;-5.0;7.0;0.714;-5.0;1.524;5.0;-7.1;9.708;8.55;13.0;18.0;9.452;4.0;0.0;0.0;0.0;2.0;4.0;5.033;0.0;2.0;1.155;-1.0;-7.0;9.609;2.5;0.732
30;13;308;3.87;-5.0;-169;96;13;-1;1.491;1.391;-0.1;407;20692;13;1.145;103.0;90.0;95.0;13.0;11.0;13.0;4.0;9.0;178.0;-11.0;-10.0;-16.0;5.0;1.0;7.0;-5.0;1.0;7.0;2.0;4.95;7.835;21.17;6.506;5.623;9.724;70.0;0.0;0.0;0.994;12.333;1.155;11.0;13.0;10.714;3.352;5.0;13.0;9.286;3.518;4.0;13.0;13.0;24.172;37.051;0.577;-10.0;-6.0;8.124;5.0;-2.143;6.949;5.0;0.333;-5.0;7.0;0.429;4.077;-5.0;7.0;0.5;-5.0;1.686;4.9;-0.1;4.128;4.95;-7.0;-20.0;11.015;3.0;0.0;0.0;0.0;0.0;-2.0;2.0;1.0;0.0;1.155;0.0;1.0;3.786;-0.5;0.727
31;0;308;4.0;-5.0;-189;106;21;8;1.511;1.401;-0.11;408;20692;13;1.166;96.0;103.0;90.0;13.0;13.0;11.0;7.0;12.0;190.0;-11.0;-11.0;-10.0;4.0;0.0;-1.0;7.0;-5.0;0.0;-1.0;4.85;9.158;20.169;5.132;6.669;9.744;74.0;0.0;0.0;0.938;8.667;7.506;0.0;13.0;9.714;5.187;0.0;13.0;8.429;4.201;0.0;13.0;7.506;22.579;37.676;0.0;-11.0;-8.143;6.939;5.0;-2.929;7.301;5.0;4.667;-1.0;8.0;1.571;4.962;-5.0;8.0;1.143;-5.0;1.573;4.8;-0.1;0.1;4.85;10.0;17.0;10.786;1.5;0.0;0.0;0.0;-13.0;-13.0;8.145;-6.5;-13.0;7.506;0.0;0.0;0.577;-0.0;0.719
32;0;308;4.13;-5.0;-214;78;1;-21;1.534;1.43;-0.104;408;20692;13;1.183;106.0;96.0;103.0;0.0;13.0;13.0;13.0;8.0;198.0;-11.0;-11.0;-11.0;5.0;-1.0;8.0;-1.0;7.0;-3.0;0.0;4.85;11.161;19.076;14.189;9.137;9.313;75.0;0.0;0.0;0.852;4.333;7.506;0.0;13.0;7.857;6.067;0.0;13.0;7.857;4.769;0.0;13.0;0.0;20.191;37.321;0.0;-11.0;-10.429;3.823;-3.0;-3.643;7.581;5.0;-4.667;-21.0;8.0;-1.0;9.916;-21.0;8.0;-0.357;-21.0;2.2;4.9;0.1;0.058;4.85;-28.0;-38.0;19.035;-9.0;0.0;0.0;0.0;0.0;13.0;7.506;-6.5;0.0;7.506;0.0;0.0;0.0;-0.0;0.714
33;0;308;4.26;-6.0;-242;105;6;5;1.556;1.441;-0.115;408;20692;13;1.205;78.0;106.0;96.0;0.0;0.0;13.0;5.0;4.0;202.0;-11.0;-11.0;-11.0;-3.0;2.0;-21.0;8.0;-1.0;4.0;-2.0;3.721;11.935;17.977;15.885;9.924;9.17;78.0;0.0;0.0;0.726;0.0;0.0;0.0;0.0;7.143;6.719;0.0;13.0;7.571;5.125;0.0;13.0;0.0;15.214;35.694;1.732;-11.0;-12.0;2.16;-10.0;-4.786;7.866;5.0;-2.667;-21.0;8.0;-0.857;10.007;-21.0;8.0;0.143;-21.0;1.657;2.4;-2.5;1.415;3.65;27.0;55.0;28.16;-0.5;0.0;0.0;0.0;0.0;0.0;7.506;-0.0;0.0;0.0;-3.0;-3.0;1.732;-1.5;0.699
34;0;308;4.39;-5.0;-164;101;5;0;1.578;1.456;-0.122;407;20692;13;1.225;105.0;78.0;106.0;0.0;0.0;0.0;13.0;11.0;213.0;-14.0;-11.0;-11.0;-16.0;1.0;5.0;-21.0;8.0;1.0;-1.0;3.666;9.605;17.264;14.572;10.066;8.711;78.0;0.0;0.0;0.535;0.0;0.0;0.0;0.0;5.286;6.626;0.0;13.0;6.786;5.395;0.0;13.0;0.0;10.228;33.809;1.528;-11.0;-11.571;1.397;-10.0;-5.786;7.963;5.0;-5.333;-21.0;5.0;-1.0;9.983;-21.0;8.0;0.214;-21.0;1.77;4.8;2.4;1.415;3.6;-4.0;-31.0;27.574;11.5;0.0;0.0;0.0;0.0;0.0;0.0;-0.0;0.0;0.0;1.0;4.0;2.082;-1.0;0.694
35;0;308;4.52;-6.0;-78;107;11;6;1.6;1.467;-0.133;407;20692;13;1.241;101.0;105.0;78.0;0.0;0.0;0.0;11.0;6.0;219.0;-13.0;-14.0;-11.0;-10.0;3.0;0.0;5.0;-21.0;-5.0;4.0;4.8;9.351;16.986;3.055;10.147;9.169;78.0;0.0;0.0;0.0;0.0;0.0;0.0;0.0;3.714;6.343;0.0;13.0;6.357;5.692;0.0;13.0;0.0;4.914;31.167;1.0;-13.0;-12.286;1.704;-11.0;-7.071;7.888;5.0;3.667;0.0;6.0;0.571;10.114;-21.0;8.0;0.357;-21.0;1.716;4.8;-0.0;1.386;4.8;6.0;10.0;15.822;1.0;0.0;0.0;0.0;0.0;0.0;0.0;-0.0;0.0;0.0;-2.0;-3.0;2.082;-0.5;0.687
