AGE;MATI;JML_DEPLESI;STD_CUM_DEPLESI_%;PAKAN_STD_CUM_GR/EK;DELTA_PAKAN_ZAK;DELTA_PAKAN_CUM_GR/EKOR;DG_ACT;DELTA_ABW;DELTA_DG;FCR_STD;FCR_ACT;DELTA_FCR;IP_STD;IP_ACT;JUMLAH_AYAM_AKHIR;PERIODE;FCR_ACT_lag_1;FCR_ACT_lag_7;FCR_ACT_lag_14;PAKAN_ACT_GR/EK_lag_14;DG_ACT_lag_1;DG_ACT_lag_2;DG_ACT_lag_3;DG_ACT_lag_7;DG_ACT_lag_14;MATI_lag_1;MATI_lag_2;MATI_lag_3;MATI_lag_7;MATI_lag_14;JML_DEPLESI_lag_7;JML_DEPLESI_lag_14;DELTA_PAKAN_GR/EKOR_lag_1;DELTA_PAKAN_GR/EKOR_lag_2;DELTA_PAKAN_GR/EKOR_lag_3;DELTA_PAKAN_GR/EKOR_lag_7;DELTA_PAKAN_GR/EKOR_lag_14;DELTA_DG_lag_1;DELTA_DG_lag_2;DELTA_DG_lag_3;DELTA_DG_lag_7;DELTA_DG_lag_14;PAKAN_ACT_GR/EK_rolling_std_3;PAKAN_ACT_GR/EK_rolling_std_7;PAKAN_ACT_GR/EK_rolling_std_14;DG_ACT_rolling_mean_3;DG_ACT_rolling_std_3;DG_ACT_rolling_min_3;DG_ACT_rolling_max_3;DG_ACT_rolling_std_7;DG_ACT_rolling_min_7;DG_ACT_rolling_std_14;DG_ACT_rolling_min_14;MATI_rolling_mean_3;MATI_rolling_std_3;MATI_rolling_min_3;MATI_rolling_max_3;MATI_rolling_mean_7;MATI_rolling_std_7;MATI_rolling_min_7;MATI_rolling_max_7;MATI_rolling_mean_14;MATI_rolling_std_14;MATI_rolling_min_14;MATI_rolling_max_14;JML_DEPLESI_rolling_std_3;JML_DEPLESI_rolling_std_7;JML_DEPLESI_rolling_std_14;DELTA_PAKAN_GR/EKOR_rolling_mean_3;DELTA_PAKAN_GR/EKOR_rolling_std_3;DELTA_PAKAN_GR/EKOR_rolling_min_3;DELTA_PAKAN_GR/EKOR_rolling_max_3;DELTA_PAKAN_GR/EKOR_rolling_mean_7;DELTA_PAKAN_GR/EKOR_rolling_std_7;DELTA_PAKAN_GR/EKOR_rolling_min_7;DELTA_PAKAN_GR/EKOR_rolling_max_7;DELTA_PAKAN_GR/EKOR_rolling_mean_14;DELTA_PAKAN_GR/EKOR_rolling_std_14;DELTA_PAKAN_GR/EKOR_rolling_min_14;DELTA_PAKAN_GR/EKOR_rolling_max_14;DELTA_DG_rolling_mean_3;DELTA_DG_rolling_min_3;DELTA_DG_rolling_max_3;DELTA_DG_rolling_mean_7;DELTA_DG_rolling_std_7;DELTA_DG_rolling_min_7;DELTA_DG_rolling_max_7;DELTA_DG_rolling_mean_14;DELTA_DG_rolling_std_14;DELTA_DG_rolling_min_14;PAKAN_DG_RATIO;PAKAN_ACT_GR/EK_momentum_1;PAKAN_ACT_GR/EK_acceleration;PAKAN_ACT_GR/EK_volatility_3;PAKAN_ACT_GR/EK_trend_slope_3;DG_ACT_momentum_1;DG_ACT_acceleration;DG_ACT_volatility_3;DG_ACT_trend_slope_3;MATI_momentum_1;MATI_acceleration;MATI_volatility_3;MATI_trend_slope_3;JML_DEPLESI_momentum_1;JML_DEPLESI_acceleration;JML_DEPLESI_volatility_3;ABW_ACT_acceleration;ABW_ACT_volatility_3;DELTA_PAKAN_GR/EKOR_momentum_1;DELTA_PAKAN_GR/EKOR_acceleration;DELTA_PAKAN_GR/EKOR_volatility_3;DELTA_PAKAN_GR/EKOR_trend_slope_3;FEED_EFFICIENCY_lag_1
1;16;16;0.1;18;3.5;10.0;22;9;8;0.321;0.428;0.107;0;0;17984;1;0.428;0.428;0.428;28.0;22.0;22.0;22.0;22.0;22.0;16.0;16.0;16.0;16.0;16.0;16.0;16.0;10.0;10.0;10.0;10.0;10.0;8.0;8.0;8.0;8.0;8.0;4.243;4.243;4.243;22.0;2.121;22.0;22.0;2.121;22.0;2.121;22.0;16.0;0.707;16.0;16.0;16.0;0.707;16.0;16.0;16.0;0.707;16.0;16.0;10.607;10.607;10.607;10.0;7.071;10.0;10.0;10.0;7.071;10.0;10.0;10.0;7.071;10.0;10.0;8.0;8.0;8.0;8.0;4.243;8.0;8.0;8.0;4.243;8.0;1.273;-6.0;17.0;12.021;2.5;-3.0;5.0;3.536;-0.5;-1.0;-8.0;5.657;-5.0;15.0;-9.0;6.364;2.0;1.414;-10.0;17.0;12.021;-1.5;2.336
2;15;31;0.23;40;0.1;10.0;19;11;2;0.549;0.593;0.044;0;0;17969;1;0.428;0.428;0.428;28.0;22.0;22.0;22.0;22.0;22.0;16.0;16.0;16.0;16.0;16.0;16.0;16.0;10.0;10.0;10.0;10.0;10.0;8.0;8.0;8.0;8.0;8.0;4.243;4.243;4.243;20.5;2.121;19.0;22.0;2.121;19.0;2.121;19.0;15.5;0.707;15.0;16.0;15.5;0.707;15.0;16.0;15.5;0.707;15.0;16.0;10.607;10.607;10.607;5.0;7.071;0.0;10.0;5.0;7.071;0.0;10.0;5.0;7.071;0.0;10.0;5.0;2.0;8.0;5.0;4.243;2.0;8.0;5.0;4.243;2.0;1.158;-6.0;17.0;12.021;2.5;-3.0;5.0;3.536;-0.5;-1.0;-8.0;5.657;-5.0;15.0;-9.0;6.364;2.0;1.414;-10.0;17.0;12.021;-1.5;2.336
3;6;37;0.36;66;2.6;17.0;21;11;1;0.711;0.794;0.083;0;0;17963;1;0.593;0.428;0.428;28.0;19.0;22.0;22.0;22.0;22.0;15.0;16.0;16.0;16.0;16.0;16.0;16.0;0.0;10.0;10.0;10.0;10.0;2.0;8.0;8.0;8.0;8.0;5.508;5.508;5.508;20.667;1.528;19.0;22.0;1.528;19.0;1.528;19.0;12.333;5.508;6.0;16.0;12.333;5.508;6.0;16.0;12.333;5.508;6.0;16.0;10.817;10.817;10.817;5.667;5.132;0.0;10.0;5.667;5.132;0.0;10.0;5.667;5.132;0.0;10.0;3.667;1.0;8.0;3.667;3.786;1.0;8.0;3.667;3.786;1.0;1.571;11.0;17.0;12.021;2.5;2.0;5.0;3.536;-0.5;-9.0;-8.0;5.657;-5.0;6.0;-9.0;6.364;2.0;1.414;7.0;17.0;12.021;-1.5;1.686
4;16;53;0.49;96;3.2;26.0;30;18;6;0.826;0.909;0.083;0;0;17947;1;0.794;0.428;0.428;28.0;21.0;19.0;22.0;22.0;22.0;6.0;15.0;16.0;16.0;16.0;16.0;16.0;7.0;0.0;10.0;10.0;10.0;1.0;2.0;8.0;8.0;8.0;8.622;7.234;7.234;23.333;5.859;19.0;30.0;4.83;19.0;4.83;19.0;12.333;5.508;6.0;16.0;13.25;4.856;6.0;16.0;13.25;4.856;6.0;16.0;11.372;15.305;15.305;5.333;4.726;0.0;9.0;6.5;4.509;0.0;10.0;6.5;4.509;0.0;10.0;3.0;1.0;6.0;4.25;3.304;1.0;8.0;4.25;3.304;1.0;1.3;6.0;-5.0;8.737;8.5;9.0;7.0;6.028;5.5;10.0;19.0;9.539;0.5;16.0;10.0;5.508;9.0;5.859;2.0;-5.0;8.737;4.5;1.259
5;10;63;0.62;131;-0.2;25.0;40;31;13;0.914;0.891;-0.023;0;0;17937;1;0.909;0.428;0.428;28.0;30.0;21.0;19.0;22.0;22.0;16.0;6.0;15.0;16.0;16.0;16.0;16.0;9.0;7.0;0.0;10.0;10.0;6.0;1.0;2.0;8.0;8.0;3.464;6.364;6.364;30.333;9.504;21.0;40.0;8.678;19.0;8.678;19.0;10.667;5.033;6.0;16.0;12.6;4.45;6.0;16.0;12.6;4.45;6.0;16.0;13.115;18.466;18.466;5.0;5.292;-1.0;9.0;5.0;5.148;-1.0;10.0;5.0;5.148;-1.0;10.0;6.667;1.0;13.0;6.0;4.848;1.0;13.0;6.0;4.848;1.0;0.825;-6.0;-12.0;8.737;0.0;10.0;1.0;4.359;9.5;-6.0;-16.0;10.214;2.0;10.0;-6.0;5.033;10.0;9.504;-10.0;-12.0;8.737;-4.0;1.1
6;10;73;0.75;170;0.3;24.0;28;28;-3;0.979;0.963;-0.016;0;0;17927;1;0.891;0.428;0.428;28.0;40.0;30.0;21.0;22.0;22.0;10.0;16.0;6.0;16.0;16.0;16.0;16.0;-1.0;9.0;7.0;10.0;10.0;13.0;6.0;1.0;8.0;8.0;3.464;6.563;6.563;32.667;6.429;28.0;40.0;7.789;19.0;7.789;19.0;12.0;3.464;10.0;16.0;12.167;4.119;6.0;16.0;12.167;4.119;6.0;16.0;10.0;21.314;21.314;3.0;5.292;-1.0;9.0;4.333;4.885;-1.0;10.0;4.333;4.885;-1.0;10.0;5.333;-3.0;13.0;4.5;5.683;-3.0;13.0;4.5;5.683;-3.0;1.393;6.0;12.0;6.928;-0.0;-12.0;-22.0;12.423;-1.0;0.0;6.0;8.083;-3.0;10.0;0.0;3.464;-13.0;6.807;2.0;12.0;6.928;-4.0;1.122
7;7;80;0.68;210;0.5;29.0;25;22;-8;1.029;1.052;0.023;270;305;17920;1;0.963;0.428;0.428;28.0;28.0;40.0;30.0;22.0;22.0;10.0;10.0;16.0;16.0;16.0;16.0;16.0;1.0;-1.0;9.0;10.0;10.0;-3.0;13.0;6.0;8.0;8.0;5.508;7.439;7.439;31.0;7.937;25.0;40.0;7.138;19.0;7.138;19.0;9.0;1.732;7.0;10.0;11.429;4.237;6.0;16.0;11.429;4.237;6.0;16.0;8.544;23.423;23.423;0.333;1.155;-1.0;1.0;3.857;4.634;-1.0;10.0;3.857;4.634;-1.0;10.0;0.667;-8.0;13.0;2.714;7.017;-8.0;13.0;2.714;7.017;-8.0;1.76;5.0;-1.0;6.658;5.5;-3.0;9.0;11.06;-7.5;-3.0;-3.0;3.0;-1.5;7.0;-3.0;1.732;-2.0;8.145;0.0;-2.0;6.429;1.0;1.038
8;8;88;1.01;260;-0.2;23.0;33;16;-4;1.068;1.09;0.022;268;295;17912;1;1.052;0.428;0.428;28.0;25.0;28.0;40.0;22.0;22.0;7.0;10.0;10.0;16.0;16.0;16.0;16.0;1.0;1.0;-1.0;10.0;10.0;-8.0;-3.0;13.0;8.0;8.0;2.887;7.74;7.741;28.667;4.041;25.0;33.0;7.211;19.0;7.005;19.0;8.333;1.528;7.0;10.0;10.286;3.861;6.0;16.0;11.0;4.106;6.0;16.0;7.506;21.515;25.43;0.333;1.155;-1.0;1.0;2.286;4.03;-1.0;9.0;3.25;4.621;-1.0;10.0;-5.0;-8.0;-3.0;1.0;6.976;-8.0;13.0;1.875;6.917;-8.0;1.333;0.0;-5.0;3.215;2.5;8.0;11.0;10.017;2.5;1.0;4.0;2.082;-1.0;8.0;1.0;1.528;8.0;4.163;-2.0;-2.0;2.0;-1.0;0.951
9;10;98;1.14;312;-0.1;24.0;46;21;5;1.099;1.098;-0.001;274;306;17902;1;1.09;0.593;0.428;28.0;33.0;25.0;28.0;19.0;22.0;8.0;7.0;10.0;15.0;16.0;31.0;16.0;-1.0;1.0;1.0;0.0;10.0;-4.0;-8.0;-3.0;2.0;8.0;5.196;7.041;9.351;34.667;10.599;25.0;46.0;8.668;21.0;9.055;19.0;8.333;1.528;7.0;10.0;9.571;3.259;6.0;16.0;10.889;3.855;6.0;16.0;9.018;20.99;27.751;0.0;1.0;-1.0;1.0;2.286;4.03;-1.0;9.0;2.889;4.457;-1.0;10.0;-2.333;-8.0;5.0;1.429;7.138;-8.0;13.0;2.222;6.553;-8.0;1.152;9.0;9.0;4.509;4.5;13.0;5.0;8.185;10.5;2.0;1.0;2.646;1.5;10.0;2.0;1.528;13.0;10.599;1.0;3.0;1.528;-0.5;0.917
10;6;104;1.27;372;-0.2;20.0;34;10;-11;1.129;1.152;0.023;281;292;17896;1;1.098;0.794;0.428;28.0;46.0;33.0;25.0;21.0;22.0;10.0;8.0;7.0;6.0;16.0;37.0;16.0;0.0;-1.0;1.0;7.0;10.0;5.0;-4.0;-8.0;1.0;8.0;6.245;8.124;10.63;37.667;7.234;33.0;46.0;7.228;25.0;8.664;19.0;8.0;2.0;6.0;10.0;9.571;3.259;6.0;16.0;10.4;3.95;6.0;16.0;8.083;18.398;29.65;-0.333;0.577;-1.0;0.0;1.286;3.498;-1.0;9.0;2.6;4.3;-1.0;10.0;-3.333;-11.0;5.0;-0.286;8.558;-11.0;13.0;0.9;7.46;-11.0;1.647;3.0;-6.0;4.583;6.0;-12.0;-25.0;13.229;0.5;-4.0;-6.0;3.215;-1.0;6.0;-4.0;2.0;-12.0;7.234;0.0;-1.0;1.528;0.5;0.911
11;7;111;1.4;435;-1.7;15.0;56;16;7;1.149;1.138;-0.011;289;312;17889;1;1.152;0.909;0.428;28.0;34.0;46.0;33.0;30.0;22.0;6.0;10.0;8.0;16.0;16.0;53.0;16.0;0.0;0.0;-1.0;9.0;10.0;-11.0;5.0;-4.0;6.0;8.0;2.517;9.268;11.583;45.333;11.015;34.0;56.0;10.799;25.0;11.4;19.0;7.667;2.082;6.0;10.0;8.286;1.704;6.0;10.0;10.091;3.885;6.0;16.0;6.506;17.315;31.456;-1.667;2.887;-5.0;0.0;-0.714;2.059;-5.0;1.0;1.909;4.679;-5.0;10.0;0.333;-11.0;7.0;-0.143;8.688;-11.0;13.0;1.455;7.313;-11.0;1.036;2.0;-1.0;3.786;2.5;22.0;34.0;17.616;5.0;1.0;5.0;3.215;-1.5;7.0;1.0;2.082;22.0;11.015;-5.0;-5.0;3.215;-2.5;0.868
12;9;120;1.53;506;-0.5;11.0;51;12;-4;1.169;1.158;-0.011;297;317;17880;1;1.138;0.891;0.428;28.0;56.0;34.0;46.0;40.0;22.0;7.0;6.0;10.0;10.0;16.0;63.0;16.0;-5.0;0.0;0.0;-1.0;10.0;7.0;-11.0;5.0;13.0;8.0;5.859;9.778;13.382;47.0;11.533;34.0;56.0;11.972;25.0;12.152;19.0;7.333;1.528;6.0;9.0;8.143;1.574;6.0;10.0;10.0;3.717;6.0;16.0;8.021;16.919;33.469;-2.0;2.646;-5.0;0.0;-0.714;2.059;-5.0;1.0;1.667;4.539;-5.0;10.0;-2.667;-11.0;7.0;-2.571;6.503;-11.0;7.0;1.0;7.148;-11.0;1.314;9.0;7.0;3.786;5.5;-5.0;-27.0;17.954;8.5;2.0;1.0;3.215;1.5;9.0;2.0;1.528;-6.0;11.372;4.0;9.0;4.509;-0.5;0.879
13;6;126;1.68;584;-0.3;5.0;54;8;-2;1.186;1.178;-0.008;305;322;17874;1;1.158;0.963;0.428;28.0;51.0;56.0;34.0;28.0;22.0;9.0;7.0;6.0;10.0;16.0;73.0;16.0;-1.0;-5.0;0.0;1.0;10.0;-4.0;7.0;-11.0;-3.0;8.0;7.095;10.626;15.128;53.667;2.517;51.0;56.0;12.024;25.0;12.919;19.0;7.333;1.528;6.0;9.0;7.571;1.512;6.0;10.0;9.692;3.728;6.0;16.0;7.55;16.618;35.274;-2.333;2.309;-5.0;-1.0;-1.0;1.915;-5.0;1.0;1.462;4.409;-5.0;10.0;0.333;-4.0;7.0;-2.429;6.503;-11.0;7.0;0.769;6.894;-11.0;1.333;5.0;-4.0;3.512;7.0;3.0;8.0;13.868;-1.0;-3.0;-5.0;2.646;-0.5;6.0;-3.0;1.528;4.0;3.055;0.0;-4.0;4.509;2.0;0.864
14;5;131;1.79;668;-0.1;-1.0;69;16;8;1.208;1.172;-0.036;313;342;17869;1;1.178;1.052;0.428;28.0;54.0;51.0;56.0;25.0;22.0;6.0;9.0;7.0;7.0;16.0;80.0;16.0;-1.0;-1.0;-5.0;1.0;10.0;-2.0;-4.0;7.0;-8.0;8.0;5.508;11.782;16.969;58.0;9.644;51.0;69.0;12.702;33.0;15.334;19.0;6.667;2.082;5.0;9.0;7.286;1.799;5.0;10.0;9.357;3.795;5.0;16.0;5.508;15.561;36.843;-0.667;0.577;-1.0;0.0;-1.143;1.773;-5.0;0.0;1.357;4.254;-5.0;10.0;0.667;-4.0;8.0;-0.143;7.01;-11.0;8.0;1.286;6.9;-11.0;1.13;6.0;1.0;2.082;5.5;15.0;12.0;10.066;9.0;-1.0;2.0;2.517;-2.0;5.0;-1.0;2.082;15.0;10.017;1.0;1.0;2.082;0.5;0.849
15;4;135;1.92;752;0.8;1.0;63;14;-2;1.219;1.191;-0.028;320;348;17865;1;1.172;1.09;0.428;28.0;69.0;54.0;51.0;33.0;22.0;5.0;6.0;9.0;8.0;16.0;88.0;16.0;0.0;-1.0;-1.0;-1.0;10.0;8.0;-2.0;-4.0;-4.0;8.0;7.024;12.28;18.804;62.0;7.55;54.0;69.0;11.398;34.0;16.003;19.0;5.0;1.0;4.0;6.0;6.714;2.138;4.0;10.0;8.5;3.525;4.0;16.0;4.509;13.969;34.392;0.333;1.528;-1.0;2.0;-0.714;2.138;-5.0;2.0;0.786;3.468;-5.0;9.0;1.333;-2.0;8.0;0.143;6.866;-11.0;8.0;0.571;6.665;-11.0;1.365;8.0;2.0;1.528;7.0;-6.0;-21.0;10.536;4.5;-1.0;0.0;1.155;-1.0;4.0;-1.0;1.0;-6.0;7.55;2.0;1.0;1.0;1.5;0.853
16;7;142;2.06;841;-0.4;1.0;70;17;2;1.229;1.199;-0.03;327;360;17858;1;1.191;1.098;0.593;22.0;63.0;69.0;54.0;46.0;19.0;4.0;5.0;6.0;10.0;15.0;98.0;31.0;2.0;0.0;-1.0;0.0;0.0;-2.0;8.0;-2.0;5.0;2.0;5.686;12.893;19.182;67.333;3.786;63.0;70.0;12.406;34.0;16.494;21.0;5.333;1.528;4.0;7.0;6.286;1.604;4.0;9.0;7.929;2.999;4.0;16.0;5.568;13.434;32.674;0.333;1.528;-1.0;2.0;-0.857;2.116;-5.0;2.0;0.714;3.496;-5.0;9.0;2.667;-2.0;8.0;-0.286;6.601;-11.0;8.0;0.571;6.665;-11.0;1.271;3.0;-5.0;2.517;5.5;7.0;13.0;10.599;0.5;3.0;4.0;2.309;1.0;7.0;3.0;1.528;7.0;3.786;-3.0;-5.0;2.646;-0.5;0.84
17;7;149;2.18;936;1.4;6.0;71;17;0;1.239;1.218;-0.021;334;367;17851;1;1.199;1.152;0.794;33.0;70.0;63.0;69.0;34.0;21.0;7.0;4.0;5.0;6.0;6.0;104.0;37.0;-1.0;2.0;0.0;0.0;7.0;2.0;-2.0;8.0;-11.0;1.0;7.371;14.281;21.128;68.0;4.359;63.0;71.0;8.327;51.0;16.478;25.0;6.0;1.732;4.0;7.0;6.429;1.618;4.0;9.0;8.0;2.961;4.0;16.0;7.0;12.947;30.431;1.667;2.517;-1.0;4.0;-0.286;2.812;-5.0;4.0;0.5;3.156;-5.0;9.0;0.0;-2.0;2.0;1.286;4.645;-4.0;8.0;0.5;6.665;-11.0;1.408;11.0;8.0;4.041;7.0;1.0;-6.0;6.506;4.0;0.0;-3.0;2.082;1.5;7.0;0.0;1.732;1.0;4.359;5.0;8.0;4.041;1.0;0.834
18;15;164;2.31;1036;-0.7;6.0;92;35;18;1.249;1.204;-0.045;343;392;17836;1;1.218;1.138;0.909;39.0;71.0;70.0;63.0;56.0;30.0;7.0;7.0;4.0;7.0;16.0;111.0;53.0;4.0;-1.0;2.0;-5.0;9.0;0.0;2.0;-2.0;7.0;6.0;6.351;12.96;22.428;77.667;12.423;70.0;92.0;13.508;51.0;19.384;25.0;9.667;4.619;7.0;15.0;7.571;3.645;4.0;15.0;7.929;2.759;4.0;15.0;11.24;14.938;30.24;0.333;3.215;-2.0;4.0;0.143;2.116;-2.0;4.0;-0.286;2.054;-5.0;4.0;6.667;0.0;18.0;2.857;7.734;-4.0;18.0;1.357;8.054;-11.0;1.087;0.0;-11.0;5.686;5.5;21.0;20.0;10.263;11.0;8.0;8.0;4.041;4.0;15.0;8.0;4.619;21.0;12.423;-6.0;-11.0;5.686;-0.5;0.821
19;5;169;2.44;1142;0.8;8.0;74;31;-3;1.259;1.225;-0.034;378;396;17831;1;1.204;1.158;0.891;33.0;92.0;71.0;70.0;51.0;40.0;15.0;7.0;7.0;9.0;10.0;120.0;63.0;-2.0;4.0;-1.0;-1.0;-1.0;18.0;0.0;2.0;-4.0;13.0;4.619;12.96;22.982;79.0;11.358;71.0;92.0;11.588;54.0;19.851;25.0;9.0;5.292;5.0;15.0;7.0;3.697;4.0;15.0;7.571;2.793;4.0;15.0;10.408;16.426;29.988;1.333;3.055;-2.0;4.0;0.571;2.149;-2.0;4.0;-0.071;2.129;-5.0;4.0;5.0;-3.0;18.0;3.0;7.594;-3.0;18.0;0.214;7.382;-11.0;1.459;8.0;8.0;5.686;4.0;-18.0;-39.0;19.502;1.5;-10.0;-18.0;9.018;-1.0;5.0;-10.0;5.292;-18.0;11.358;4.0;10.0;6.083;-1.0;0.831
20;8;177;2.57;1256;0.0;8.0;86;58;6;1.272;1.233;-0.039;383;407;17823;1;1.225;1.178;0.963;39.0;74.0;92.0;71.0;54.0;28.0;5.0;15.0;7.0;6.0;10.0;126.0;73.0;2.0;-2.0;4.0;-1.0;1.0;-3.0;18.0;0.0;-2.0;-3.0;7.024;12.726;23.679;84.0;9.165;74.0;92.0;10.263;63.0;19.899;25.0;9.333;5.132;5.0;15.0;7.286;3.684;4.0;15.0;7.429;2.709;4.0;15.0;6.557;17.775;30.14;0.0;2.0;-2.0;2.0;0.714;2.059;-2.0;4.0;-0.143;2.107;-5.0;4.0;7.0;-3.0;18.0;4.143;7.313;-3.0;18.0;0.857;7.472;-11.0;1.326;6.0;-2.0;4.163;7.0;12.0;30.0;20.421;-3.0;3.0;13.0;9.292;-3.5;8.0;3.0;5.132;12.0;9.165;-2.0;-6.0;5.033;1.0;0.816
21;5;182;2.7;1382;-0.2;1.0;81;37;-1;1.294;1.251;-0.043;387;413;17818;1;1.233;1.172;1.052;44.0;86.0;74.0;92.0;69.0;25.0;8.0;5.0;15.0;5.0;7.0;131.0;80.0;0.0;2.0;-2.0;0.0;1.0;6.0;-3.0;18.0;8.0;-8.0;5.508;12.257;24.272;80.333;6.028;74.0;86.0;10.095;63.0;18.119;33.0;6.0;1.732;5.0;8.0;7.286;3.684;4.0;15.0;7.286;2.785;4.0;15.0;6.557;17.979;29.935;0.333;1.528;-1.0;2.0;0.571;2.149;-2.0;4.0;-0.286;2.091;-5.0;4.0;0.667;-3.0;6.0;2.857;7.313;-3.0;18.0;1.357;7.056;-11.0;1.469;5.0;-1.0;1.528;5.5;-5.0;-17.0;15.044;3.5;-3.0;-6.0;6.506;0.0;5.0;-3.0;1.732;-5.0;6.028;-1.0;1.0;3.215;-1.5;0.811
22;9;191;2.83;1517;0.6;-6.0;116;69;32;1.137;1.237;0.1;391;440;17809;1;1.251;1.191;1.09;44.0;81.0;86.0;74.0;63.0;33.0;5.0;8.0;5.0;4.0;8.0;135.0;88.0;-1.0;0.0;2.0;2.0;-1.0;-1.0;6.0;-3.0;-2.0;-4.0;7.095;13.2;24.612;94.333;18.93;81.0;116.0;16.153;70.0;20.955;34.0;7.333;2.082;5.0;9.0;8.0;3.416;5.0;15.0;7.357;2.818;4.0;15.0;7.095;17.604;30.039;0.333;1.528;-1.0;2.0;0.571;2.149;-2.0;4.0;-0.071;2.165;-5.0;4.0;12.333;-1.0;32.0;7.714;12.79;-3.0;32.0;3.929;10.615;-11.0;1.103;9.0;4.0;2.082;7.0;35.0;40.0;20.075;15.0;4.0;7.0;3.786;0.5;9.0;4.0;2.082;35.0;18.93;3.0;4.0;2.646;1.0;0.799
23;12;203;2.96;1656;1.5;-9.0;106;89;20;1.337;1.24;-0.097;394;455;17797;1;1.237;1.199;1.098;53.0;116.0;81.0;86.0;70.0;46.0;9.0;5.0;8.0;7.0;10.0;142.0;98.0;2.0;-1.0;0.0;-1.0;0.0;32.0;-1.0;6.0;2.0;5.0;8.505;13.699;25.584;101.0;18.028;81.0;116.0;16.572;71.0;22.044;34.0;8.667;3.512;5.0;12.0;8.714;3.684;5.0;15.0;7.5;3.006;4.0;15.0;10.536;17.85;31.087;1.667;2.517;-1.0;4.0;1.286;2.36;-2.0;4.0;0.214;2.424;-5.0;4.0;17.0;-1.0;32.0;10.286;13.25;-3.0;32.0;5.0;11.456;-11.0;1.283;8.0;-1.0;2.082;8.5;-10.0;-45.0;24.664;12.5;3.0;-1.0;3.786;3.5;12.0;3.0;3.512;-10.0;18.028;2.0;-1.0;2.082;2.5;0.808
24;8;211;3.09;1803;0.3;-17.0;91;92;3;1.36;1.259;-0.101;397;459;17789;1;1.24;1.218;1.152;56.0;106.0;116.0;81.0;71.0;34.0;12.0;9.0;5.0;7.0;6.0;149.0;104.0;4.0;2.0;-1.0;4.0;0.0;20.0;32.0;-1.0;0.0;-11.0;5.686;14.49;25.806;104.333;12.583;91.0;116.0;14.454;74.0;19.374;51.0;9.667;2.082;8.0;12.0;8.857;3.625;5.0;15.0;7.643;2.977;4.0;15.0;10.066;17.347;31.972;2.333;1.528;1.0;4.0;0.857;2.035;-2.0;4.0;0.286;2.431;-5.0;4.0;18.333;3.0;32.0;10.714;12.906;-3.0;32.0;6.0;10.525;-4.0;1.527;3.0;-5.0;3.215;5.5;-15.0;-5.0;27.538;-12.5;-4.0;-7.0;4.359;-0.5;8.0;-4.0;2.082;-15.0;12.583;-3.0;-5.0;3.215;-0.5;0.806
25;4;215;3.22;1958;0.2;-27.0;93;94;3;1.382;1.277;-0.105;400;462;17785;1;1.259;1.204;1.138;58.0;91.0;106.0;116.0;92.0;56.0;8.0;12.0;9.0;15.0;7.0;164.0;111.0;1.0;4.0;2.0;-2.0;-5.0;3.0;20.0;32.0;18.0;7.0;4.041;13.594;25.381;96.667;8.145;91.0;106.0;14.455;74.0;18.783;51.0;8.0;4.0;4.0;12.0;7.286;2.812;4.0;12.0;7.429;3.131;4.0;15.0;6.11;17.624;32.31;1.667;2.082;0.0;4.0;1.143;1.676;-1.0;4.0;0.643;1.906;-2.0;4.0;8.667;3.0;20.0;8.571;12.739;-3.0;32.0;5.714;10.55;-4.0;1.548;5.0;2.0;2.517;4.0;2.0;17.0;8.737;-6.5;-4.0;0.0;4.041;-4.0;4.0;-4.0;4.0;2.0;8.145;-1.0;2.0;2.517;-2.0;0.794
26;6;221;3.35;2120;0.0;-39.0;82;84;-10;1.405;1.305;-0.1;402;458;17779;1;1.277;1.225;1.158;67.0;93.0;91.0;106.0;74.0;51.0;4.0;8.0;12.0;5.0;9.0;169.0;120.0;0.0;1.0;4.0;2.0;-1.0;3.0;3.0;20.0;-3.0;-4.0;5.508;13.146;25.337;88.667;5.859;82.0;93.0;12.998;81.0;16.857;54.0;6.0;2.0;4.0;8.0;7.429;2.699;4.0;12.0;7.214;3.118;4.0;15.0;5.033;16.98;32.677;0.333;0.577;0.0;1.0;0.857;1.676;-1.0;4.0;0.714;1.858;-2.0;4.0;-1.333;-10.0;3.0;7.571;14.01;-10.0;32.0;5.286;11.083;-10.0;1.829;6.0;1.0;1.528;5.5;-11.0;-13.0;8.888;-4.5;2.0;6.0;3.464;-1.0;6.0;2.0;2.0;-11.0;5.859;0.0;1.0;1.528;-0.5;0.783
27;11;232;3.4;2285;-0.2;-49.0;125;115;31;1.426;1.301;-0.125;404;477;17768;1;1.305;1.233;1.178;72.0;82.0;93.0;91.0;86.0;54.0;6.0;4.0;8.0;8.0;6.0;177.0;126.0;0.0;0.0;1.0;0.0;-1.0;-10.0;3.0;3.0;6.0;-2.0;6.0;12.681;25.172;100.0;22.338;82.0;125.0;16.965;81.0;18.395;63.0;7.0;3.606;4.0;11.0;7.857;3.024;4.0;12.0;7.571;3.251;4.0;15.0;8.622;17.286;33.33;0.0;0.0;0.0;0.0;0.857;1.676;-1.0;4.0;0.786;1.805;-2.0;4.0;8.0;-10.0;31.0;11.143;16.507;-10.0;32.0;7.643;12.792;-10.0;1.248;6.0;0.0;0.577;6.0;43.0;54.0;28.184;16.0;5.0;3.0;4.583;3.5;11.0;5.0;3.606;43.0;22.338;0.0;0.0;0.577;-0.0;0.766
28;8;240;3.61;2455;-1.3;-61.0;59;80;-36;1.446;1.347;-0.099;405;459;17760;1;1.301;1.251;1.172;78.0;125.0;82.0;93.0;81.0;69.0;11.0;6.0;4.0;5.0;5.0;182.0;131.0;0.0;0.0;0.0;-1.0;0.0;31.0;-10.0;3.0;-1.0;8.0;4.163;10.952;24.553;88.667;33.501;59.0;125.0;22.136;59.0;19.322;59.0;8.333;2.517;6.0;11.0;8.286;2.752;4.0;12.0;7.786;3.167;4.0;15.0;9.539;16.718;33.697;-1.333;2.309;-4.0;0.0;0.429;2.44;-4.0;4.0;0.5;2.21;-4.0;4.0;-5.0;-36.0;31.0;6.143;24.272;-36.0;32.0;4.5;17.306;-36.0;2.678;2.0;-4.0;2.309;4.0;-66.0;-109.0;54.501;-11.5;-3.0;-8.0;4.041;1.0;8.0;-3.0;2.517;-66.0;33.501;-4.0;-4.0;2.309;-2.0;0.769
29;8;248;3.74;2635;-1.5;-77.0;58;42;-38;1.47;1.393;-0.077;406;442;17752;1;1.347;1.237;1.191;86.0;59.0;125.0;82.0;116.0;63.0;8.0;11.0;6.0;9.0;4.0;191.0;135.0;-4.0;0.0;0.0;2.0;2.0;-36.0;31.0;-10.0;32.0;-2.0;4.163;10.39;24.272;80.667;38.397;58.0;125.0;24.164;58.0;19.826;58.0;9.0;1.732;8.0;11.0;8.143;2.734;4.0;12.0;8.071;2.973;4.0;15.0;8.0;16.307;33.577;-2.667;2.309;-4.0;0.0;-0.429;2.82;-4.0;4.0;0.071;2.464;-4.0;4.0;-14.333;-38.0;31.0;-3.857;26.188;-38.0;31.0;1.929;20.69;-38.0;2.828;6.0;4.0;2.309;4.0;-1.0;65.0;54.836;-33.5;0.0;3.0;4.041;-1.5;8.0;0.0;1.732;-1.0;38.397;0.0;4.0;2.309;-2.0;0.742
30;10;258;3.87;2818;-1.3;-90.0;83;28;-14;1.491;1.421;-0.07;407;437;17742;1;1.393;1.24;1.199;89.0;58.0;59.0;125.0;106.0;70.0;8.0;8.0;11.0;12.0;7.0;203.0;142.0;-4.0;-4.0;0.0;4.0;-1.0;-38.0;-36.0;31.0;20.0;2.0;5.508;10.688;23.556;66.667;14.154;58.0;83.0;22.788;58.0;19.317;58.0;8.667;1.155;8.0;10.0;7.857;2.34;4.0;11.0;8.286;2.998;4.0;15.0;9.018;17.545;33.539;-4.0;0.0;-4.0;-4.0;-1.571;2.299;-4.0;1.0;-0.143;2.685;-4.0;4.0;-29.333;-38.0;-14.0;-8.714;24.095;-38.0;31.0;0.786;21.123;-38.0;2.036;5.0;-1.0;2.082;5.5;25.0;26.0;46.872;12.0;2.0;2.0;2.517;1.0;10.0;2.0;1.155;25.0;14.154;0.0;0.0;2.309;-0.0;0.718
31;8;266;4.0;3004;-1.1;-101.0;112;42;14;1.511;1.429;-0.082;408;445;17734;1;1.421;1.259;1.218;100.0;83.0;58.0;59.0;91.0;71.0;10.0;8.0;8.0;8.0;7.0;211.0;149.0;-4.0;-4.0;-4.0;1.0;4.0;-14.0;-38.0;-36.0;3.0;0.0;5.508;10.768;23.599;84.333;27.025;58.0;112.0;25.066;58.0;19.818;58.0;8.667;1.155;8.0;10.0;7.857;2.34;4.0;11.0;8.357;2.977;4.0;15.0;9.018;18.771;33.279;-3.667;0.577;-4.0;-3.0;-2.143;2.035;-4.0;0.0;-0.643;2.499;-4.0;4.0;-12.667;-38.0;14.0;-7.143;25.314;-38.0;31.0;1.786;21.412;-38.0;1.562;6.0;1.0;0.577;5.5;29.0;4.0;16.289;27.0;-2.0;-4.0;2.0;0.0;8.0;-2.0;1.155;29.0;27.025;1.0;1.0;0.577;0.5;0.704
32;8;274;4.13;3201;-1.9;-120.0;136;80;37;1.534;1.422;-0.112;408;453;17726;1;1.429;1.277;1.204;100.0;112.0;83.0;58.0;93.0;92.0;8.0;10.0;8.0;4.0;15.0;215.0;164.0;-3.0;-4.0;-4.0;0.0;-2.0;14.0;-14.0;-38.0;3.0;18.0;4.583;10.307;22.616;110.333;26.539;83.0;136.0;31.181;58.0;23.357;58.0;8.667;1.155;8.0;10.0;8.429;1.618;6.0;11.0;7.857;2.282;4.0;12.0;8.0;18.92;33.891;-4.0;1.0;-5.0;-3.0;-2.857;2.035;-5.0;0.0;-0.857;2.742;-5.0;4.0;12.333;-14.0;37.0;-2.286;30.346;-38.0;37.0;3.143;23.058;-38.0;1.309;3.0;-3.0;1.528;4.5;24.0;-5.0;2.646;26.5;0.0;2.0;2.0;-1.0;8.0;0.0;1.155;24.0;26.539;-2.0;-3.0;1.528;-0.5;0.7
33;5;279;4.26;3403;-2.7;-142.0;43;23;-57;1.556;1.476;-0.08;408;480;17721;1;1.422;1.305;1.225;108.0;136.0;112.0;83.0;82.0;74.0;8.0;8.0;10.0;6.0;5.0;221.0;169.0;-5.0;-3.0;-4.0;0.0;2.0;37.0;14.0;-14.0;-10.0;-3.0;3.0;9.793;21.684;97.0;48.28;43.0;136.0;36.606;43.0;26.548;43.0;7.0;1.732;5.0;8.0;8.286;1.89;5.0;11.0;7.857;2.282;4.0;12.0;6.557;17.557;33.783;-5.0;2.0;-7.0;-3.0;-3.857;2.116;-7.0;0.0;-1.5;3.057;-7.0;4.0;-2.0;-57.0;37.0;-9.0;36.842;-57.0;37.0;-0.714;28.125;-57.0;4.209;3.0;0.0;1.732;3.0;-93.0;-117.0;69.039;-34.5;-3.0;-3.0;1.528;-1.5;5.0;-3.0;1.732;-93.0;48.28;-2.0;0.0;1.732;-2.0;0.703
34;15;294;4.39;3601;-2.5;-154.0;169;90;68;1.578;1.449;-0.129;407;488;17706;1;1.476;1.301;1.233;114.0;43.0;136.0;112.0;125.0;86.0;5.0;8.0;8.0;11.0;8.0;232.0;177.0;-7.0;-5.0;-3.0;0.0;0.0;-57.0;37.0;14.0;31.0;6.0;4.041;9.866;20.809;116.0;65.338;43.0;169.0;46.468;43.0;33.701;43.0;9.333;5.132;5.0;15.0;8.857;3.078;5.0;15.0;8.357;2.977;4.0;15.0;10.408;18.618;34.564;-6.333;1.155;-7.0;-5.0;-4.857;1.574;-7.0;-3.0;-2.0;3.351;-7.0;4.0;16.0;-57.0;68.0;-3.714;45.235;-57.0;68.0;3.714;33.61;-57.0;1.101;5.0;2.0;1.155;4.0;126.0;219.0;109.586;16.5;10.0;13.0;6.807;3.5;15.0;10.0;5.132;126.0;65.338;0.0;2.0;1.155;-1.0;0.678
35;10;304;4.52;3821;-2.3;-182.0;86;75;-15;1.6;1.476;-0.124;406;477;17696;1;1.449;1.347;1.251;119.0;169.0;43.0;136.0;59.0;81.0;15.0;5.0;8.0;8.0;5.0;240.0;182.0;-7.0;-7.0;-5.0;-4.0;-1.0;68.0;-57.0;37.0;-36.0;-1.0;5.508;9.616;19.973;99.333;64.049;43.0;169.0;44.111;43.0;33.548;43.0;10.0;5.0;5.0;15.0;9.143;3.078;5.0;15.0;8.714;2.84;4.0;15.0;12.583;19.653;35.084;-6.667;0.577;-7.0;-6.0;-5.143;1.574;-7.0;-3.0;-2.357;3.5;-7.0;4.0;-1.333;-57.0;68.0;-0.714;43.396;-57.0;68.0;2.714;33.967;-57.0;2.233;6.0;1.0;1.528;5.5;-83.0;-209.0;123.654;21.5;-5.0;-15.0;8.145;2.5;10.0;-5.0;5.0;-83.0;64.049;1.0;1.0;1.528;0.5;0.69
1;16;16;0.1;18;3.0;7.0;22;13;8;0.321;0.369;0.048;0;0;17684;2;0.369;0.369;0.369;25.4;22.0;22.0;22.0;22.0;22.0;16.0;16.0;16.0;16.0;16.0;16.0;16.0;7.0;7.0;7.0;7.0;7.0;8.0;8.0;8.0;8.0;8.0;1.98;1.98;1.98;22.0;5.657;22.0;22.0;5.657;22.0;5.657;22.0;16.0;0.707;16.0;16.0;16.0;0.707;16.0;16.0;16.0;0.707;16.0;16.0;12.021;12.021;12.021;7.0;4.243;7.0;7.0;7.0;4.243;7.0;7.0;7.0;4.243;7.0;7.0;8.0;8.0;8.0;8.0;7.778;8.0;8.0;8.0;7.778;8.0;1.155;-2.8;5.7;4.031;0.05;-8.0;10.0;7.071;-3.0;1.0;-7.0;4.95;-2.5;17.0;-6.0;4.243;1.5;1.061;-6.0;4.0;2.828;-4.0;2.71
2;17;33;0.23;40;0.0;8.0;14;10;-3;0.549;0.579;0.03;0;0;17667;2;0.369;0.369;0.369;25.4;22.0;22.0;22.0;22.0;22.0;16.0;16.0;16.0;16.0;16.0;16.0;16.0;7.0;7.0;7.0;7.0;7.0;8.0;8.0;8.0;8.0;8.0;1.98;1.98;1.98;18.0;5.657;14.0;22.0;5.657;14.0;5.657;14.0;16.5;0.707;16.0;17.0;16.5;0.707;16.0;17.0;16.5;0.707;16.0;17.0;12.021;12.021;12.021;4.0;4.243;1.0;7.0;4.0;4.243;1.0;7.0;4.0;4.243;1.0;7.0;2.5;-3.0;8.0;2.5;7.778;-3.0;8.0;2.5;7.778;-3.0;1.614;-2.8;5.7;4.031;0.05;-8.0;10.0;7.071;-3.0;1.0;-7.0;4.95;-2.5;17.0;-6.0;4.243;1.5;1.061;-6.0;4.0;2.828;-4.0;2.71
3;11;44;0.36;66;0.0;8.0;16;5;-5;0.711;0.747;0.036;0;0;17656;2;0.579;0.369;0.369;25.4;14.0;22.0;22.0;22.0;22.0;17.0;16.0;16.0;16.0;16.0;16.0;16.0;1.0;7.0;7.0;7.0;7.0;-3.0;8.0;8.0;8.0;8.0;1.646;1.646;1.646;17.333;4.163;14.0;22.0;4.163;14.0;4.163;14.0;14.667;3.215;11.0;17.0;14.667;3.215;11.0;17.0;14.667;3.215;11.0;17.0;14.107;14.107;14.107;2.333;4.163;-1.0;7.0;2.333;4.163;-1.0;7.0;2.333;4.163;-1.0;7.0;0.0;-5.0;8.0;0.0;7.0;-5.0;8.0;0.0;7.0;-5.0;1.594;2.9;5.7;4.031;0.05;2.0;10.0;7.071;-3.0;-6.0;-7.0;4.95;-2.5;11.0;-6.0;4.243;1.5;1.061;-2.0;4.0;2.828;-4.0;1.727
4;7;51;0.49;96;-1.0;6.0;22;3;-3;0.826;0.849;0.023;0;0;17649;2;0.747;0.369;0.369;25.4;16.0;14.0;22.0;22.0;22.0;11.0;17.0;16.0;16.0;16.0;16.0;16.0;-1.0;1.0;7.0;7.0;7.0;-5.0;-3.0;8.0;8.0;8.0;2.85;2.327;2.327;17.333;4.163;14.0;22.0;4.123;14.0;4.123;14.0;11.667;5.033;7.0;17.0;12.75;4.646;7.0;17.0;12.75;4.646;7.0;17.0;9.074;15.253;15.253;-0.667;1.528;-2.0;1.0;1.25;4.031;-2.0;7.0;1.25;4.031;-2.0;7.0;-3.667;-5.0;-3.0;-0.75;5.909;-5.0;8.0;-0.75;5.909;-5.0;1.286;2.8;-0.1;3.262;2.85;6.0;4.0;7.211;4.0;-4.0;2.0;3.606;-5.0;7.0;-4.0;5.033;6.0;3.969;-1.0;1.0;2.646;-1.5;1.339
5;8;59;0.62;131;0.0;5.0;24;0;-3;0.914;0.944;0.03;0;0;17641;2;0.849;0.369;0.369;25.4;22.0;16.0;14.0;22.0;22.0;7.0;11.0;17.0;16.0;16.0;16.0;16.0;-2.0;-1.0;1.0;7.0;7.0;-3.0;-5.0;-3.0;8.0;8.0;4.332;4.322;4.322;20.667;4.163;16.0;24.0;4.336;14.0;4.336;14.0;8.667;2.082;7.0;11.0;11.8;4.55;7.0;17.0;11.8;4.55;7.0;17.0;7.506;16.742;16.742;-1.0;1.0;-2.0;0.0;1.0;3.536;-2.0;7.0;1.0;3.536;-2.0;7.0;-3.667;-5.0;-3.0;-1.2;5.215;-5.0;8.0;-1.2;5.215;-5.0;1.417;5.7;2.9;1.646;4.25;2.0;-4.0;2.309;4.0;1.0;5.0;3.606;-1.5;8.0;1.0;2.082;2.5;4.368;2.0;3.0;2.082;0.5;1.178
6;9;68;0.75;170;1.0;6.0;26;-4;-4;0.979;1.033;0.054;0;0;17632;2;0.944;0.369;0.369;25.4;24.0;22.0;16.0;22.0;22.0;8.0;7.0;11.0;16.0;16.0;16.0;16.0;0.0;-2.0;-1.0;7.0;7.0;-3.0;-3.0;-5.0;8.0;8.0;5.7;6.415;6.415;24.0;2.0;22.0;26.0;4.676;14.0;4.676;14.0;8.0;1.0;7.0;9.0;11.333;4.227;7.0;17.0;11.333;4.227;7.0;17.0;8.505;18.691;18.691;0.0;2.0;-2.0;2.0;1.167;3.189;-2.0;7.0;1.167;3.189;-2.0;7.0;-3.333;-4.0;-3.0;-1.667;4.803;-5.0;8.0;-1.667;4.803;-5.0;1.527;5.7;0.0;1.674;5.7;2.0;0.0;2.309;2.0;1.0;0.0;2.887;1.0;9.0;1.0;1.0;2.0;2.255;2.0;0.0;1.732;2.0;1.059
7;6;74;0.68;210;0.0;8.0;27;-8;-6;1.029;1.107;0.078;270;253;17626;2;1.033;0.369;0.369;25.4;26.0;24.0;22.0;22.0;22.0;9.0;8.0;7.0;16.0;16.0;16.0;16.0;2.0;0.0;-2.0;7.0;7.0;-4.0;-3.0;-3.0;8.0;8.0;4.375;7.73;7.73;25.667;1.528;24.0;27.0;4.894;14.0;4.894;14.0;7.667;1.528;6.0;9.0;10.571;4.353;6.0;17.0;10.571;4.353;6.0;17.0;7.55;20.246;20.246;0.667;1.155;0.0;2.0;1.0;2.944;-2.0;7.0;1.0;2.944;-2.0;7.0;-4.333;-6.0;-3.0;-2.286;4.68;-6.0;8.0;-2.286;4.68;-6.0;1.578;2.9;-2.8;1.617;4.3;1.0;-1.0;0.577;1.5;-3.0;-4.0;2.309;-1.0;6.0;-3.0;1.528;1.0;1.528;-2.0;-4.0;2.309;0.0;0.968
8;4;78;1.01;260;-6.0;-13.0;34;-14;-4;1.068;1.07;0.002;268;268;17622;2;1.107;0.369;0.369;25.4;27.0;26.0;24.0;22.0;22.0;6.0;9.0;8.0;16.0;16.0;16.0;16.0;0.0;2.0;0.0;7.0;7.0;-6.0;-4.0;-3.0;8.0;8.0;7.503;7.435;7.223;29.0;4.359;26.0;34.0;6.8;14.0;6.312;14.0;6.333;2.517;4.0;9.0;8.857;4.22;4.0;17.0;9.75;4.652;4.0;17.0;5.033;16.466;21.317;-5.0;10.44;-17.0;2.0;-2.429;6.554;-17.0;2.0;-1.25;6.923;-17.0;7.0;-4.667;-6.0;-4.0;-4.0;1.155;-6.0;-3.0;-2.5;4.375;-6.0;0.835;-14.2;-17.1;10.772;-5.65;7.0;6.0;3.215;4.0;-2.0;1.0;2.082;-2.5;4.0;-2.0;2.517;6.5;4.072;-17.0;-15.0;10.017;-9.5;0.903
9;6;84;1.14;312;-3.0;-20.0;44;-11;3;1.099;1.066;-0.033;274;284;17616;2;1.07;0.579;0.369;25.4;34.0;27.0;26.0;14.0;22.0;4.0;6.0;9.0;17.0;16.0;33.0;16.0;-17.0;0.0;2.0;1.0;7.0;-4.0;-6.0;-4.0;-3.0;8.0;9.115;7.827;8.324;35.0;8.544;27.0;44.0;9.053;16.0;9.126;14.0;5.333;1.155;4.0;6.0;7.286;2.289;4.0;11.0;9.333;4.528;4.0;17.0;5.033;14.673;22.478;-8.333;8.505;-17.0;0.0;-3.714;6.651;-17.0;2.0;-2.0;6.856;-17.0;7.0;-2.333;-6.0;3.0;-3.143;2.911;-6.0;3.0;-1.889;4.485;-6.0;1.032;17.0;31.2;15.624;1.4;10.0;3.0;4.583;8.5;2.0;4.0;2.646;-0.0;6.0;2.0;1.155;10.0;8.312;9.0;26.0;13.051;-4.0;0.935
10;3;87;1.27;372;-3.0;-32.0;38;-18;-7;1.129;1.09;-0.039;281;285;17613;2;1.066;0.747;0.369;25.4;44.0;34.0;27.0;16.0;22.0;6.0;4.0;6.0;11.0;16.0;44.0;16.0;-8.0;-17.0;0.0;-1.0;7.0;3.0;-4.0;-6.0;-5.0;8.0;10.75;8.032;9.315;38.667;5.033;34.0;44.0;8.139;22.0;9.476;14.0;4.333;1.528;3.0;6.0;6.143;2.116;3.0;9.0;8.7;4.715;3.0;17.0;4.583;13.126;23.306;-11.0;5.196;-17.0;-8.0;-4.714;6.701;-17.0;2.0;-2.6;6.736;-17.0;7.0;-2.667;-7.0;3.0;-3.429;3.207;-7.0;3.0;-2.4;4.526;-7.0;1.271;2.9;-14.1;15.624;9.95;-6.0;-16.0;8.505;2.0;-3.0;-5.0;2.646;-0.5;3.0;-3.0;1.528;-5.5;5.008;0.0;-9.0;13.204;4.5;0.938
11;10;97;1.4;435;0.0;-32.0;57;-11;8;1.149;1.091;-0.058;289;306;17603;2;1.09;0.849;0.369;25.4;38.0;44.0;34.0;22.0;22.0;3.0;6.0;4.0;7.0;16.0;51.0;16.0;-8.0;-8.0;-17.0;-2.0;7.0;-7.0;3.0;-4.0;-3.0;8.0;9.151;10.949;12.322;46.333;9.713;38.0;57.0;11.814;24.0;12.817;14.0;6.333;3.512;3.0;10.0;6.571;2.573;3.0;10.0;8.818;4.49;3.0;17.0;6.807;12.615;24.847;-5.667;4.041;-8.0;-1.0;-4.571;6.779;-17.0;2.0;-2.455;6.409;-17.0;7.0;1.333;-7.0;8.0;-1.857;5.398;-7.0;8.0;-1.455;5.317;-7.0;1.096;14.2;11.3;7.465;8.55;19.0;25.0;12.662;6.5;7.0;10.0;5.0;2.0;10.0;7.0;3.512;19.0;9.777;7.0;7.0;4.726;3.5;0.917
12;3;100;1.53;506;0.0;-35.0;45;-20;-9;1.169;1.137;-0.032;297;302;17600;2;1.091;0.944;0.369;25.4;57.0;38.0;44.0;24.0;22.0;10.0;3.0;6.0;8.0;16.0;59.0;16.0;-1.0;-8.0;-8.0;0.0;7.0;8.0;-7.0;3.0;-3.0;8.0;10.248;13.585;14.873;46.667;9.609;38.0;57.0;10.981;26.0;13.018;14.0;5.333;4.041;3.0;10.0;5.857;2.795;3.0;10.0;8.333;4.599;3.0;17.0;6.807;11.733;26.009;-3.0;4.359;-8.0;0.0;-4.571;6.779;-17.0;2.0;-2.25;6.151;-17.0;7.0;-2.667;-9.0;8.0;-2.714;6.047;-9.0;8.0;-2.083;5.518;-9.0;1.516;5.7;-8.5;5.885;9.95;-12.0;-31.0;16.442;3.5;-7.0;-14.0;7.211;0.0;3.0;-7.0;4.041;-12.0;9.609;1.0;-6.0;3.786;4.0;0.917
13;5;105;1.68;584;-1.0;-42.0;57;-21;1;1.186;1.151;-0.035;305;313;17595;2;1.137;1.033;0.369;25.4;45.0;57.0;38.0;26.0;22.0;3.0;10.0;3.0;9.0;16.0;68.0;16.0;0.0;-1.0;-8.0;2.0;7.0;-9.0;8.0;-7.0;-4.0;8.0;4.332;15.467;16.743;53.0;6.928;45.0;57.0;11.246;27.0;14.435;14.0;6.0;3.606;3.0;10.0;5.286;2.43;3.0;10.0;8.077;4.499;3.0;17.0;4.041;11.658;27.158;-1.0;1.0;-2.0;0.0;-5.143;6.283;-17.0;0.0;-2.231;5.89;-17.0;7.0;0.0;-9.0;8.0;-2.0;6.164;-9.0;8.0;-1.846;5.352;-9.0;1.246;2.8;-2.9;5.925;4.25;12.0;24.0;16.258;-0.0;2.0;9.0;7.095;-2.5;5.0;2.0;3.606;12.0;6.928;-2.0;-3.0;4.583;-0.5;0.88
14;4;109;1.79;668;-1.0;-52.0;57;-25;-4;1.208;1.166;-0.042;313;321;17591;2;1.151;1.107;0.369;25.4;57.0;45.0;57.0;27.0;22.0;5.0;3.0;10.0;6.0;16.0;74.0;16.0;-2.0;0.0;-1.0;0.0;7.0;1.0;-9.0;8.0;-6.0;8.0;2.85;16.66;18.246;53.0;6.928;45.0;57.0;9.676;34.0;15.306;14.0;4.0;1.0;3.0;5.0;5.0;2.449;3.0;10.0;7.786;4.458;3.0;17.0;4.509;11.514;28.206;-2.0;2.0;-4.0;0.0;-5.714;5.908;-17.0;0.0;-2.357;5.679;-17.0;7.0;-4.0;-9.0;1.0;-1.714;5.992;-9.0;8.0;-2.0;5.174;-9.0;1.296;2.9;0.1;1.646;2.85;0.0;-12.0;12.0;6.0;-1.0;-3.0;4.583;0.5;4.0;-1.0;1.0;0.0;6.928;-2.0;0.0;1.732;-2.0;0.869
15;9;118;1.92;752;0.0;-51.0;70;-20;5;1.219;1.172;-0.047;320;338;17582;2;1.166;1.07;0.369;25.4;57.0;57.0;45.0;34.0;22.0;4.0;5.0;3.0;4.0;16.0;78.0;16.0;-4.0;-2.0;0.0;-17.0;7.0;-4.0;1.0;-9.0;-4.0;8.0;7.559;14.182;20.443;61.333;7.506;57.0;70.0;10.845;38.0;17.508;14.0;6.0;2.646;4.0;9.0;5.714;2.812;3.0;10.0;7.286;3.811;3.0;17.0;6.658;12.0;25.755;-1.667;2.517;-4.0;1.0;-3.143;3.671;-8.0;1.0;-2.786;5.117;-17.0;2.0;0.667;-4.0;5.0;-0.429;6.373;-9.0;8.0;-2.214;4.775;-9.0;1.219;11.4;8.5;4.937;7.15;13.0;13.0;7.234;6.5;5.0;6.0;3.0;2.0;9.0;5.0;2.646;13.0;7.506;5.0;7.0;4.041;1.5;0.858
16;5;123;2.06;841;0.0;-49.0;54;-33;-14;1.229;1.215;-0.014;327;333;17577;2;1.172;1.066;0.579;22.6;70.0;57.0;57.0;44.0;14.0;9.0;4.0;5.0;6.0;17.0;84.0;33.0;1.0;-4.0;-2.0;-8.0;1.0;5.0;-4.0;1.0;3.0;-3.0;8.707;14.182;21.955;60.333;8.505;54.0;70.0;10.165;38.0;16.54;16.0;6.0;2.646;4.0;9.0;5.571;2.82;3.0;10.0;6.429;2.623;3.0;11.0;7.095;12.381;24.576;-0.667;2.887;-4.0;1.0;-1.857;3.237;-8.0;1.0;-2.786;5.117;-17.0;2.0;-4.333;-14.0;5.0;-2.857;7.904;-14.0;8.0;-3.0;5.724;-14.0;1.685;5.7;-5.7;4.332;8.55;-16.0;-29.0;14.526;-1.5;-4.0;-9.0;4.583;0.5;5.0;-4.0;2.646;-16.0;8.505;0.0;-5.0;3.606;2.5;0.853
17;8;131;2.18;936;-2.0;-53.0;72;-32;1;1.239;1.22;-0.019;334;347;17569;2;1.215;1.09;0.747;25.5;54.0;70.0;57.0;38.0;16.0;5.0;9.0;4.0;3.0;11.0;87.0;44.0;1.0;1.0;-4.0;-8.0;-1.0;-14.0;5.0;-4.0;-7.0;-5.0;3.32;11.509;22.591;65.333;9.866;54.0;72.0;9.335;45.0;16.853;22.0;7.333;2.082;5.0;9.0;6.286;2.69;3.0;10.0;6.214;2.326;3.0;10.0;6.557;12.549;24.272;-1.0;3.464;-5.0;1.0;-1.429;2.37;-5.0;1.0;-3.071;5.121;-17.0;2.0;-2.667;-14.0;5.0;-1.714;7.783;-14.0;8.0;-2.571;5.787;-14.0;1.265;0.1;-5.6;5.65;2.9;18.0;34.0;18.358;1.0;3.0;7.0;4.726;-0.5;8.0;3.0;2.082;18.0;9.866;-6.0;-6.0;5.508;-3.0;0.823
18;4;135;2.31;1036;-6.0;-67.0;76;-30;2;1.249;1.211;-0.038;343;364;17565;2;1.22;1.091;0.849;28.3;72.0;54.0;70.0;57.0;22.0;8.0;5.0;9.0;10.0;7.0;97.0;51.0;-5.0;1.0;1.0;-1.0;-2.0;1.0;-14.0;5.0;8.0;-3.0;3.262;9.608;21.995;67.333;11.719;54.0;76.0;11.267;45.0;17.407;24.0;5.667;2.082;4.0;8.0;5.429;2.225;3.0;9.0;6.0;2.386;3.0;10.0;6.11;13.25;23.812;-7.0;9.165;-17.0;1.0;-3.714;6.317;-17.0;1.0;-4.143;6.311;-17.0;2.0;-3.667;-14.0;2.0;-2.571;6.803;-14.0;5.0;-2.214;5.912;-14.0;1.124;-5.7;-5.8;5.7;-2.8;4.0;-14.0;17.088;11.0;-4.0;-7.0;4.041;-0.5;4.0;-4.0;2.082;4.0;11.719;-12.0;-6.0;6.0;-9.0;0.82
19;8;143;2.44;1142;-2.0;-74.0;65;-43;-12;1.259;1.235;-0.024;378;366;17557;2;1.211;1.137;0.944;34.0;76.0;72.0;54.0;45.0;24.0;4.0;8.0;5.0;3.0;8.0;100.0;59.0;-17.0;-5.0;1.0;0.0;0.0;2.0;1.0;-14.0;-9.0;-3.0;7.199;10.066;22.582;71.0;5.568;65.0;76.0;8.58;54.0;16.36;26.0;6.667;2.309;4.0;8.0;6.143;2.116;4.0;9.0;6.0;2.386;3.0;10.0;6.11;13.855;23.889;-9.333;6.658;-17.0;-5.0;-4.571;6.133;-17.0;1.0;-4.571;6.211;-17.0;2.0;-3.0;-12.0;2.0;-3.0;7.348;-14.0;5.0;-2.857;6.467;-14.0;1.534;14.3;20.0;10.29;4.3;-11.0;-15.0;14.503;-3.5;4.0;8.0;4.359;-0.0;8.0;4.0;2.309;-11.0;5.568;11.0;23.0;11.93;-0.5;0.826
20;6;149;2.57;1256;0.0;-74.0;73;-29;-7;1.272;1.26;-0.012;383;369;17551;2;1.235;1.151;1.033;39.7;65.0;76.0;72.0;57.0;26.0;8.0;4.0;8.0;5.0;9.0;105.0;68.0;-6.0;-17.0;-5.0;-2.0;2.0;-12.0;2.0;1.0;1.0;-4.0;14.3;12.645;24.428;71.333;5.686;65.0;76.0;8.401;54.0;15.509;27.0;6.0;2.0;4.0;8.0;6.286;2.059;4.0;9.0;5.786;2.225;3.0;10.0;7.024;14.08;24.378;-7.667;8.622;-17.0;0.0;-4.286;6.317;-17.0;1.0;-4.714;6.069;-17.0;1.0;-5.667;-12.0;2.0;-4.143;7.244;-14.0;5.0;-3.071;6.557;-14.0;1.562;14.3;0.0;11.547;14.3;8.0;19.0;10.017;-1.5;-2.0;-6.0;4.163;1.0;6.0;-2.0;2.0;8.0;5.686;6.0;-5.0;12.097;8.5;0.81
21;7;156;2.7;1382;0.0;-80.0;52;-79;-30;1.294;1.315;0.021;387;355;17544;2;1.26;1.166;1.107;42.6;73.0;65.0;76.0;57.0;27.0;6.0;8.0;4.0;4.0;6.0;109.0;74.0;0.0;-6.0;-17.0;-4.0;0.0;-7.0;-12.0;2.0;-4.0;-6.0;10.304;13.823;25.954;63.333;10.599;52.0;73.0;9.504;52.0;13.333;34.0;7.0;1.0;6.0;8.0;6.714;1.799;4.0;9.0;5.857;2.248;3.0;10.0;6.506;13.758;25.034;-2.0;3.464;-6.0;0.0;-3.714;6.525;-17.0;1.0;-4.714;6.069;-17.0;1.0;-16.333;-30.0;-7.0;-7.857;12.158;-30.0;5.0;-4.786;9.744;-30.0;2.302;5.7;-8.6;4.965;10.0;-21.0;-29.0;14.731;-6.5;1.0;3.0;3.0;-0.5;7.0;1.0;1.0;-21.0;10.599;0.0;-6.0;5.508;3.0;0.794
22;6;162;2.83;1517;-8.0;-112.0;43;-120;-41;1.137;1.36;0.223;391;342;17538;2;1.315;1.172;1.07;28.4;52.0;73.0;65.0;70.0;34.0;7.0;6.0;8.0;9.0;4.0;118.0;78.0;0.0;0.0;-6.0;1.0;-17.0;-30.0;-7.0;-12.0;5.0;-4.0;8.707;12.666;22.523;56.0;15.395;43.0;73.0;12.589;43.0;12.333;38.0;6.333;0.577;6.0;7.0;6.286;1.496;4.0;8.0;6.0;2.184;3.0;10.0;6.506;13.985;25.455;-7.667;13.279;-23.0;0.0;-7.143;9.335;-23.0;1.0;-5.143;7.124;-23.0;1.0;-26.0;-41.0;-7.0;-14.429;15.904;-41.0;2.0;-7.429;13.721;-41.0;2.386;-17.1;-22.8;16.226;-5.7;-9.0;12.0;14.572;-15.0;-1.0;-2.0;1.528;0.0;6.0;-1.0;0.577;-9.0;15.395;-23.0;-23.0;15.308;-11.5;0.76
23;41;203;2.96;1656;-10.0;-149.0;55;-151;-31;1.337;1.386;0.049;394;337;17497;2;1.36;1.215;1.066;45.4;43.0;52.0;73.0;54.0;44.0;6.0;7.0;6.0;5.0;6.0;123.0;84.0;-23.0;0.0;0.0;1.0;-8.0;-41.0;-30.0;-7.0;-14.0;3.0;9.787;11.957;20.329;50.0;6.245;43.0;55.0;12.486;43.0;11.753;38.0;18.0;19.925;6.0;41.0;11.429;13.113;4.0;41.0;8.5;9.606;3.0;41.0;25.58;24.169;31.233;-17.333;15.308;-29.0;0.0;-11.429;11.588;-29.0;0.0;-6.643;9.564;-29.0;1.0;-34.0;-41.0;-30.0;-16.857;17.082;-41.0;2.0;-9.857;14.707;-41.0;1.871;0.3;17.4;11.915;-8.4;12.0;21.0;16.703;1.5;35.0;36.0;20.232;17.0;41.0;35.0;19.925;12.0;6.245;-6.0;17.0;11.93;-14.5;0.735
24;16;219;3.09;1803;-9.0;-184.0;72;-167;-16;1.36;1.396;0.036;397;342;17481;2;1.386;1.22;1.09;48.3;55.0;43.0;52.0;72.0;38.0;41.0;6.0;7.0;8.0;3.0;131.0;87.0;-29.0;-23.0;0.0;-5.0;-8.0;-31.0;-41.0;-30.0;1.0;-7.0;5.054;11.267;17.999;56.667;14.572;43.0;72.0;12.486;43.0;10.74;43.0;21.0;18.028;6.0;41.0;12.571;13.113;4.0;41.0;9.429;9.661;3.0;41.0;29.4;31.805;36.739;-26.0;3.0;-29.0;-23.0;-14.429;12.34;-29.0;0.0;-7.929;10.88;-29.0;1.0;-29.333;-41.0;-16.0;-19.286;15.228;-41.0;2.0;-10.5;14.769;-41.0;1.549;8.6;8.3;13.116;4.45;17.0;5.0;13.796;14.5;-25.0;-60.0;30.199;5.0;16.0;-25.0;18.028;17.0;14.572;3.0;9.0;13.204;-1.5;0.722
25;21;240;3.22;1958;-7.0;-216.0;94;-164;4;1.382;1.389;0.007;400;356;17460;2;1.396;1.211;1.091;62.5;72.0;55.0;43.0;76.0;57.0;16.0;41.0;6.0;4.0;10.0;135.0;97.0;-26.0;-29.0;-23.0;-17.0;-1.0;-16.0;-31.0;-41.0;2.0;8.0;10.137;9.069;17.815;73.667;19.553;55.0;94.0;16.866;43.0;13.885;43.0;26.0;13.229;16.0;41.0;15.0;12.832;6.0;41.0;10.214;10.146;3.0;41.0;18.556;38.426;43.36;-25.333;4.041;-29.0;-21.0;-15.0;12.57;-29.0;0.0;-9.357;11.209;-29.0;1.0;-14.333;-31.0;4.0;-19.0;15.706;-41.0;4.0;-10.786;14.418;-41.0;1.31;11.6;3.0;5.853;10.1;22.0;5.0;5.0;19.5;5.0;30.0;30.0;-10.0;21.0;5.0;13.229;22.0;19.553;5.0;2.0;5.859;4.0;0.716
26;6;246;3.35;2120;-3.0;-237.0;103;-153;11;1.405;1.387;-0.018;402;371;17454;2;1.389;1.235;1.137;68.2;94.0;72.0;55.0;65.0;45.0;21.0;16.0;41.0;8.0;3.0;143.0;100.0;-21.0;-26.0;-29.0;-6.0;0.0;4.0;-16.0;-31.0;-12.0;-9.0;14.543;13.129;19.61;89.667;15.948;72.0;103.0;22.194;43.0;16.449;43.0;14.333;7.638;6.0;21.0;14.714;13.035;6.0;41.0;10.429;10.013;4.0;41.0;14.177;40.779;47.863;-19.0;8.185;-26.0;-10.0;-15.571;12.177;-29.0;0.0;-10.071;10.88;-29.0;1.0;-0.333;-16.0;11.0;-15.714;19.388;-41.0;11.0;-9.357;15.554;-41.0;1.363;17.3;5.7;4.419;14.45;9.0;-13.0;6.557;15.5;-15.0;-20.0;15.275;-5.0;6.0;-15.0;7.638;9.0;15.948;11.0;6.0;4.163;8.0;0.72
27;4;250;3.4;2285;0.0;-248.0;78;-169;-16;1.426;1.42;-0.006;404;369;17450;2;1.387;1.26;1.151;71.0;103.0;94.0;72.0;73.0;57.0;6.0;21.0;16.0;6.0;5.0;149.0;105.0;-10.0;-21.0;-26.0;0.0;-2.0;11.0;4.0;-16.0;-7.0;1.0;15.824;19.432;22.38;91.667;12.662;78.0;103.0;22.376;43.0;16.389;43.0;10.333;9.292;4.0;21.0;14.429;13.277;4.0;41.0;10.357;10.058;4.0;41.0;5.033;39.032;50.668;-10.667;10.017;-21.0;-1.0;-15.714;11.968;-29.0;0.0;-10.0;10.94;-29.0;1.0;-0.333;-16.0;11.0;-17.0;19.009;-41.0;11.0;-10.571;15.346;-41.0;1.983;14.3;-3.0;2.851;15.8;-25.0;-34.0;24.269;-8.0;-2.0;13.0;10.149;-8.5;4.0;-2.0;9.292;-25.0;12.662;9.0;-2.0;3.055;10.0;0.721
28;5;255;3.61;2455;-2.0;-260.0;128;-135;33;1.446;1.404;-0.042;405;392;17445;2;1.42;1.315;1.166;73.9;78.0;103.0;94.0;52.0;57.0;4.0;6.0;21.0;7.0;4.0;156.0;109.0;-1.0;-10.0;-21.0;0.0;-4.0;-16.0;11.0;4.0;-30.0;-4.0;9.208;23.497;24.032;103.0;25.0;78.0;128.0;29.06;43.0;22.342;43.0;5.0;1.0;4.0;6.0;14.143;13.484;4.0;41.0;10.429;10.013;4.0;41.0;4.509;33.367;52.089;-5.0;4.583;-10.0;-1.0;-16.286;11.161;-29.0;-1.0;-10.0;10.94;-29.0;1.0;9.333;-16.0;33.0;-8.0;25.599;-41.0;33.0;-7.929;19.253;-41.0;1.231;2.9;-11.4;7.597;8.6;50.0;75.0;37.554;12.5;1.0;3.0;8.505;-0.5;5.0;1.0;1.0;50.0;25.0;-3.0;-12.0;7.572;3.0;0.704
29;3;258;3.74;2635;-2.0;-277.0;116;-115;20;1.47;1.405;-0.065;406;406;17442;2;1.404;1.36;1.172;85.3;128.0;78.0;103.0;43.0;70.0;5.0;4.0;6.0;6.0;9.0;162.0;118.0;-4.0;-1.0;-10.0;-23.0;1.0;33.0;-16.0;11.0;-41.0;5.0;4.43;23.973;26.134;107.333;26.102;78.0;128.0;25.695;55.0;24.95;43.0;4.0;1.0;3.0;5.0;13.714;13.829;3.0;41.0;10.0;10.206;3.0;41.0;4.041;20.345;52.56;-3.333;2.082;-5.0;-1.0;-13.714;11.427;-29.0;-1.0;-10.429;10.588;-29.0;1.0;12.333;-16.0;33.0;0.714;22.714;-31.0;33.0;-6.857;20.411;-41.0;1.409;5.8;2.9;5.925;4.35;-12.0;-62.0;40.079;19.0;-2.0;-3.0;1.732;-0.5;3.0;-2.0;1.0;-12.0;26.102;-1.0;2.0;6.429;-2.0;0.712
30;8;266;3.87;2818;0.0;-288.0;86;-126;-11;1.491;1.434;-0.057;407;404;17434;2;1.405;1.386;1.215;91.0;116.0;128.0;78.0;55.0;54.0;3.0;5.0;4.0;41.0;5.0;203.0;123.0;-5.0;-4.0;-1.0;-29.0;1.0;20.0;33.0;-16.0;-31.0;-14.0;7.298;22.137;28.484;110.0;21.633;86.0;128.0;20.304;72.0;24.111;43.0;5.333;2.517;3.0;8.0;9.0;6.831;3.0;21.0;10.214;10.124;3.0;41.0;5.686;15.196;52.282;-3.333;2.082;-5.0;-1.0;-9.714;9.995;-26.0;-1.0;-10.571;10.435;-29.0;0.0;14.0;-11.0;33.0;3.571;19.016;-16.0;33.0;-6.643;20.346;-41.0;2.001;8.7;2.9;2.9;7.25;-30.0;-18.0;41.968;-21.0;5.0;7.0;3.512;1.5;8.0;5.0;2.517;-30.0;21.633;4.0;5.0;3.606;1.5;0.712
31;5;271;4.0;3004;0.0;-296.0;91;-133;-7;1.511;1.459;-0.052;408;404;17429;2;1.434;1.396;1.22;91.1;86.0;116.0;128.0;72.0;72.0;8.0;3.0;5.0;16.0;8.0;219.0;131.0;-1.0;-5.0;-4.0;-26.0;-5.0;-11.0;20.0;33.0;-16.0;1.0;7.298;18.808;30.134;97.667;16.073;86.0;116.0;17.53;78.0;24.191;43.0;5.333;2.517;3.0;8.0;7.429;6.188;3.0;21.0;10.0;10.206;3.0;41.0;6.557;10.931;51.257;-2.0;2.646;-5.0;0.0;-6.0;7.439;-21.0;0.0;-10.214;10.721;-29.0;0.0;0.667;-11.0;20.0;4.857;17.733;-16.0;33.0;-7.214;20.226;-41.0;1.955;5.8;-2.9;1.674;7.25;5.0;35.0;17.502;-12.5;-3.0;-8.0;4.359;1.0;5.0;-3.0;2.517;5.0;16.073;1.0;-3.0;2.517;2.5;0.697
32;9;280;4.13;3201;0.0;-309.0;99;-132;0;1.534;1.479;-0.055;408;406;17420;2;1.459;1.389;1.211;85.4;91.0;86.0;116.0;94.0;76.0;5.0;8.0;3.0;21.0;4.0;240.0;135.0;0.0;-1.0;-5.0;-21.0;-17.0;-7.0;-11.0;20.0;4.0;2.0;5.8;14.895;30.305;92.0;6.557;86.0;99.0;17.373;78.0;24.613;43.0;7.333;2.082;5.0;9.0;5.714;2.138;3.0;9.0;10.357;10.066;3.0;41.0;7.095;12.089;49.349;0.0;1.0;-1.0;1.0;-2.857;3.805;-10.0;1.0;-8.929;10.923;-29.0;1.0;-6.0;-11.0;0.0;4.286;17.83;-16.0;33.0;-7.357;20.163;-41.0;1.856;5.8;-0.0;1.674;5.8;8.0;3.0;21.127;6.5;4.0;7.0;4.359;0.5;9.0;4.0;2.082;8.0;6.557;1.0;0.0;1.732;1.0;0.685
33;14;294;4.26;3403;0.0;-324.0;101;-131;1;1.556;1.497;-0.059;408;409;17406;2;1.479;1.387;1.235;99.7;99.0;91.0;86.0;103.0;65.0;9.0;5.0;8.0;6.0;8.0;246.0;143.0;1.0;0.0;-1.0;-10.0;-6.0;0.0;-7.0;-11.0;11.0;-12.0;4.474;12.646;30.899;97.0;5.292;91.0;101.0;17.334;78.0;24.525;43.0;9.333;4.509;5.0;14.0;6.857;3.805;3.0;14.0;10.786;10.086;3.0;41.0;11.59;15.413;47.385;0.0;1.0;-1.0;1.0;-1.571;2.149;-5.0;1.0;-8.571;11.106;-29.0;1.0;-2.0;-7.0;1.0;2.857;17.601;-16.0;33.0;-6.429;20.232;-41.0;1.849;3.0;-2.8;1.617;4.4;2.0;-6.0;3.0;5.0;5.0;1.0;4.359;4.5;14.0;5.0;4.509;2.0;5.292;-2.0;-3.0;1.732;-0.5;0.676
34;1;295;4.39;3601;0.0;-330.0;99;-134;-2;1.578;1.518;-0.06;407;411;17405;2;1.497;1.42;1.26;114.0;101.0;99.0;91.0;78.0;73.0;14.0;9.0;5.0;4.0;6.0;250.0;149.0;-1.0;1.0;0.0;-1.0;0.0;1.0;0.0;-7.0;-16.0;-7.0;4.474;12.66;32.21;99.667;1.155;99.0;101.0;14.508;86.0;24.525;43.0;8.0;6.557;1.0;14.0;6.429;4.315;1.0;14.0;10.429;10.353;1.0;41.0;8.386;16.16;43.611;-0.333;1.155;-1.0;1.0;-1.571;2.149;-5.0;1.0;-8.643;11.05;-29.0;1.0;-0.333;-2.0;1.0;4.857;15.805;-11.0;33.0;-6.071;20.265;-41.0;1.944;5.8;2.8;1.617;4.4;-2.0;-4.0;5.033;0.0;-13.0;-18.0;10.116;-4.0;1.0;-13.0;6.557;-2.0;1.155;0.0;2.0;1.528;-1.0;0.668
35;0;295;4.52;3821;0.0;-352.0;247;12;146;1.6;1.444;-0.156;406;467;17405;2;1.518;1.404;1.315;119.7;99.0;101.0;99.0;128.0;52.0;1.0;14.0;9.0;5.0;7.0;255.0;156.0;-1.0;-1.0;1.0;-4.0;0.0;-2.0;1.0;0.0;33.0;-30.0;5.75;11.961;33.487;149.0;84.876;99.0;247.0;56.84;86.0;47.641;43.0;5.0;7.81;0.0;14.0;5.714;4.957;0.0;14.0;9.929;10.695;0.0;41.0;0.577;15.313;37.845;-0.667;0.577;-1.0;0.0;-1.0;1.915;-5.0;1.0;-8.643;11.05;-29.0;1.0;48.333;-2.0;146.0;21.0;55.982;-11.0;146.0;6.5;44.445;-41.0;0.802;5.7;-0.1;1.589;5.75;148.0;150.0;85.471;73.0;-1.0;12.0;9.165;-7.0;0.0;-1.0;7.81;148.0;84.876;1.0;1.0;1.528;0.5;0.659
1;16;16;0.1;18;3.0;7.0;22;13;8;0.321;0.362;0.041;0;0;17684;3;0.362;0.362;0.362;25.4;22.0;22.0;22.0;22.0;22.0;16.0;16.0;16.0;16.0;16.0;16.0;16.0;7.0;7.0;7.0;7.0;7.0;8.0;8.0;8.0;8.0;8.0;1.98;1.98;1.98;22.0;5.657;22.0;22.0;5.657;22.0;5.657;22.0;16.0;0.707;16.0;16.0;16.0;0.707;16.0;16.0;16.0;0.707;16.0;16.0;12.021;12.021;12.021;7.0;4.243;7.0;7.0;7.0;4.243;7.0;7.0;7.0;4.243;7.0;7.0;8.0;8.0;8.0;8.0;7.778;8.0;8.0;8.0;7.778;8.0;1.155;-2.8;5.7;4.031;0.05;-8.0;10.0;7.071;-3.0;1.0;-7.0;4.95;-2.5;17.0;-6.0;4.243;1.5;1.061;-6.0;4.0;2.828;-4.0;2.762
2;17;33;0.23;40;0.0;8.0;14;10;-3;0.549;0.578;0.029;0;0;17667;3;0.362;0.362;0.362;25.4;22.0;22.0;22.0;22.0;22.0;16.0;16.0;16.0;16.0;16.0;16.0;16.0;7.0;7.0;7.0;7.0;7.0;8.0;8.0;8.0;8.0;8.0;1.98;1.98;1.98;18.0;5.657;14.0;22.0;5.657;14.0;5.657;14.0;16.5;0.707;16.0;17.0;16.5;0.707;16.0;17.0;16.5;0.707;16.0;17.0;12.021;12.021;12.021;4.0;4.243;1.0;7.0;4.0;4.243;1.0;7.0;4.0;4.243;1.0;7.0;2.5;-3.0;8.0;2.5;7.778;-3.0;8.0;2.5;7.778;-3.0;1.614;-2.8;5.7;4.031;0.05;-8.0;10.0;7.071;-3.0;1.0;-7.0;4.95;-2.5;17.0;-6.0;4.243;1.5;1.061;-6.0;4.0;2.828;-4.0;2.762
3;11;44;0.36;66;0.0;8.0;16;5;-5;0.711;0.751;0.04;0;0;17656;3;0.578;0.362;0.362;25.4;14.0;22.0;22.0;22.0;22.0;17.0;16.0;16.0;16.0;16.0;16.0;16.0;1.0;7.0;7.0;7.0;7.0;-3.0;8.0;8.0;8.0;8.0;1.646;1.646;1.646;17.333;4.163;14.0;22.0;4.163;14.0;4.163;14.0;14.667;3.215;11.0;17.0;14.667;3.215;11.0;17.0;14.667;3.215;11.0;17.0;14.107;14.107;14.107;2.333;4.163;-1.0;7.0;2.333;4.163;-1.0;7.0;2.333;4.163;-1.0;7.0;0.0;-5.0;8.0;0.0;7.0;-5.0;8.0;0.0;7.0;-5.0;1.594;2.9;5.7;4.031;0.05;2.0;10.0;7.071;-3.0;-6.0;-7.0;4.95;-2.5;11.0;-6.0;4.243;1.5;1.061;-2.0;4.0;2.828;-4.0;1.73
4;7;51;0.49;96;-1.0;6.0;22;3;-3;0.826;0.85;0.024;0;0;17649;3;0.751;0.362;0.362;25.4;16.0;14.0;22.0;22.0;22.0;11.0;17.0;16.0;16.0;16.0;16.0;16.0;-1.0;1.0;7.0;7.0;7.0;-5.0;-3.0;8.0;8.0;8.0;2.85;2.327;2.327;17.333;4.163;14.0;22.0;4.123;14.0;4.123;14.0;11.667;5.033;7.0;17.0;12.75;4.646;7.0;17.0;12.75;4.646;7.0;17.0;9.074;15.253;15.253;-0.667;1.528;-2.0;1.0;1.25;4.031;-2.0;7.0;1.25;4.031;-2.0;7.0;-3.667;-5.0;-3.0;-0.75;5.909;-5.0;8.0;-0.75;5.909;-5.0;1.286;2.8;-0.1;3.262;2.85;6.0;4.0;7.211;4.0;-4.0;2.0;3.606;-5.0;7.0;-4.0;5.033;6.0;3.969;-1.0;1.0;2.646;-1.5;1.332
5;8;59;0.62;131;0.0;5.0;24;0;-3;0.914;0.944;0.03;0;0;17641;3;0.85;0.362;0.362;25.4;22.0;16.0;14.0;22.0;22.0;7.0;11.0;17.0;16.0;16.0;16.0;16.0;-2.0;-1.0;1.0;7.0;7.0;-3.0;-5.0;-3.0;8.0;8.0;4.332;4.322;4.322;20.667;4.163;16.0;24.0;4.336;14.0;4.336;14.0;8.667;2.082;7.0;11.0;11.8;4.55;7.0;17.0;11.8;4.55;7.0;17.0;7.506;16.742;16.742;-1.0;1.0;-2.0;0.0;1.0;3.536;-2.0;7.0;1.0;3.536;-2.0;7.0;-3.667;-5.0;-3.0;-1.2;5.215;-5.0;8.0;-1.2;5.215;-5.0;1.417;5.7;2.9;1.646;4.25;2.0;-4.0;2.309;4.0;1.0;5.0;3.606;-1.5;8.0;1.0;2.082;2.5;4.368;2.0;3.0;2.082;0.5;1.176
6;9;68;0.75;170;1.0;6.0;26;-4;-4;0.979;1.035;0.056;0;0;17632;3;0.944;0.362;0.362;25.4;24.0;22.0;16.0;22.0;22.0;8.0;7.0;11.0;16.0;16.0;16.0;16.0;0.0;-2.0;-1.0;7.0;7.0;-3.0;-3.0;-5.0;8.0;8.0;5.7;6.415;6.415;24.0;2.0;22.0;26.0;4.676;14.0;4.676;14.0;8.0;1.0;7.0;9.0;11.333;4.227;7.0;17.0;11.333;4.227;7.0;17.0;8.505;18.691;18.691;0.0;2.0;-2.0;2.0;1.167;3.189;-2.0;7.0;1.167;3.189;-2.0;7.0;-3.333;-4.0;-3.0;-1.667;4.803;-5.0;8.0;-1.667;4.803;-5.0;1.527;5.7;0.0;1.674;5.7;2.0;0.0;2.309;2.0;1.0;0.0;2.887;1.0;9.0;1.0;1.0;2.0;2.255;2.0;0.0;1.732;2.0;1.059
7;6;74;0.68;210;0.0;8.0;27;-8;-6;1.029;1.107;0.078;270;253;17626;3;1.035;0.362;0.362;25.4;26.0;24.0;22.0;22.0;22.0;9.0;8.0;7.0;16.0;16.0;16.0;16.0;2.0;0.0;-2.0;7.0;7.0;-4.0;-3.0;-3.0;8.0;8.0;4.375;7.73;7.73;25.667;1.528;24.0;27.0;4.894;14.0;4.894;14.0;7.667;1.528;6.0;9.0;10.571;4.353;6.0;17.0;10.571;4.353;6.0;17.0;7.55;20.246;20.246;0.667;1.155;0.0;2.0;1.0;2.944;-2.0;7.0;1.0;2.944;-2.0;7.0;-4.333;-6.0;-3.0;-2.286;4.68;-6.0;8.0;-2.286;4.68;-6.0;1.578;2.9;-2.8;1.617;4.3;1.0;-1.0;0.577;1.5;-3.0;-4.0;2.309;-1.0;6.0;-3.0;1.528;1.0;1.528;-2.0;-4.0;2.309;0.0;0.966
8;4;78;1.01;260;-6.0;-13.0;34;-14;-4;1.068;1.072;0.004;268;268;17622;3;1.107;0.362;0.362;25.4;27.0;26.0;24.0;22.0;22.0;6.0;9.0;8.0;16.0;16.0;16.0;16.0;0.0;2.0;0.0;7.0;7.0;-6.0;-4.0;-3.0;8.0;8.0;7.503;7.435;7.223;29.0;4.359;26.0;34.0;6.8;14.0;6.312;14.0;6.333;2.517;4.0;9.0;8.857;4.22;4.0;17.0;9.75;4.652;4.0;17.0;5.033;16.466;21.317;-5.0;10.44;-17.0;2.0;-2.429;6.554;-17.0;2.0;-1.25;6.923;-17.0;7.0;-4.667;-6.0;-4.0;-4.0;1.155;-6.0;-3.0;-2.5;4.375;-6.0;0.835;-14.2;-17.1;10.772;-5.65;7.0;6.0;3.215;4.0;-2.0;1.0;2.082;-2.5;4.0;-2.0;2.517;6.5;4.072;-17.0;-15.0;10.017;-9.5;0.903
9;6;84;1.14;312;-3.0;-20.0;44;-11;3;1.099;1.066;-0.033;274;284;17616;3;1.072;0.578;0.362;25.4;34.0;27.0;26.0;14.0;22.0;4.0;6.0;9.0;17.0;16.0;33.0;16.0;-17.0;0.0;2.0;1.0;7.0;-4.0;-6.0;-4.0;-3.0;8.0;9.115;7.827;8.324;35.0;8.544;27.0;44.0;9.053;16.0;9.126;14.0;5.333;1.155;4.0;6.0;7.286;2.289;4.0;11.0;9.333;4.528;4.0;17.0;5.033;14.673;22.478;-8.333;8.505;-17.0;0.0;-3.714;6.651;-17.0;2.0;-2.0;6.856;-17.0;7.0;-2.333;-6.0;3.0;-3.143;2.911;-6.0;3.0;-1.889;4.485;-6.0;1.032;17.0;31.2;15.624;1.4;10.0;3.0;4.583;8.5;2.0;4.0;2.646;-0.0;6.0;2.0;1.155;10.0;8.312;9.0;26.0;13.051;-4.0;0.933
10;3;87;1.27;372;-3.0;-32.0;38;-18;-7;1.129;1.09;-0.039;281;285;17613;3;1.066;0.751;0.362;25.4;44.0;34.0;27.0;16.0;22.0;6.0;4.0;6.0;11.0;16.0;44.0;16.0;-8.0;-17.0;0.0;-1.0;7.0;3.0;-4.0;-6.0;-5.0;8.0;10.75;8.032;9.315;38.667;5.033;34.0;44.0;8.139;22.0;9.476;14.0;4.333;1.528;3.0;6.0;6.143;2.116;3.0;9.0;8.7;4.715;3.0;17.0;4.583;13.126;23.306;-11.0;5.196;-17.0;-8.0;-4.714;6.701;-17.0;2.0;-2.6;6.736;-17.0;7.0;-2.667;-7.0;3.0;-3.429;3.207;-7.0;3.0;-2.4;4.526;-7.0;1.271;2.9;-14.1;15.624;9.95;-6.0;-16.0;8.505;2.0;-3.0;-5.0;2.646;-0.5;3.0;-3.0;1.528;-5.5;5.008;0.0;-9.0;13.204;4.5;0.938
11;10;97;1.4;435;0.0;-32.0;57;-11;8;1.149;1.092;-0.057;289;306;17603;3;1.09;0.85;0.362;25.4;38.0;44.0;34.0;22.0;22.0;3.0;6.0;4.0;7.0;16.0;51.0;16.0;-8.0;-8.0;-17.0;-2.0;7.0;-7.0;3.0;-4.0;-3.0;8.0;9.151;10.949;12.322;46.333;9.713;38.0;57.0;11.814;24.0;12.817;14.0;6.333;3.512;3.0;10.0;6.571;2.573;3.0;10.0;8.818;4.49;3.0;17.0;6.807;12.615;24.847;-5.667;4.041;-8.0;-1.0;-4.571;6.779;-17.0;2.0;-2.455;6.409;-17.0;7.0;1.333;-7.0;8.0;-1.857;5.398;-7.0;8.0;-1.455;5.317;-7.0;1.096;14.2;11.3;7.465;8.55;19.0;25.0;12.662;6.5;7.0;10.0;5.0;2.0;10.0;7.0;3.512;19.0;9.777;7.0;7.0;4.726;3.5;0.917
12;3;100;1.53;506;0.0;-35.0;45;-20;-9;1.169;1.138;-0.031;297;301;17600;3;1.092;0.944;0.362;25.4;57.0;38.0;44.0;24.0;22.0;10.0;3.0;6.0;8.0;16.0;59.0;16.0;-1.0;-8.0;-8.0;0.0;7.0;8.0;-7.0;3.0;-3.0;8.0;10.248;13.585;14.873;46.667;9.609;38.0;57.0;10.981;26.0;13.018;14.0;5.333;4.041;3.0;10.0;5.857;2.795;3.0;10.0;8.333;4.599;3.0;17.0;6.807;11.733;26.009;-3.0;4.359;-8.0;0.0;-4.571;6.779;-17.0;2.0;-2.25;6.151;-17.0;7.0;-2.667;-9.0;8.0;-2.714;6.047;-9.0;8.0;-2.083;5.518;-9.0;1.516;5.7;-8.5;5.885;9.95;-12.0;-31.0;16.442;3.5;-7.0;-14.0;7.211;0.0;3.0;-7.0;4.041;-12.0;9.609;1.0;-6.0;3.786;4.0;0.916
13;5;105;1.68;584;-1.0;-42.0;57;-21;1;1.186;1.151;-0.035;305;313;17595;3;1.138;1.035;0.362;25.4;45.0;57.0;38.0;26.0;22.0;3.0;10.0;3.0;9.0;16.0;68.0;16.0;0.0;-1.0;-8.0;2.0;7.0;-9.0;8.0;-7.0;-4.0;8.0;4.332;15.467;16.743;53.0;6.928;45.0;57.0;11.246;27.0;14.435;14.0;6.0;3.606;3.0;10.0;5.286;2.43;3.0;10.0;8.077;4.499;3.0;17.0;4.041;11.658;27.158;-1.0;1.0;-2.0;0.0;-5.143;6.283;-17.0;0.0;-2.231;5.89;-17.0;7.0;0.0;-9.0;8.0;-2.0;6.164;-9.0;8.0;-1.846;5.352;-9.0;1.246;2.8;-2.9;5.925;4.25;12.0;24.0;16.258;-0.0;2.0;9.0;7.095;-2.5;5.0;2.0;3.606;12.0;6.928;-2.0;-3.0;4.583;-0.5;0.879
14;4;109;1.79;668;-1.0;-52.0;57;-25;-4;1.208;1.167;-0.041;313;321;17591;3;1.151;1.107;0.362;25.4;57.0;45.0;57.0;27.0;22.0;5.0;3.0;10.0;6.0;16.0;74.0;16.0;-2.0;0.0;-1.0;0.0;7.0;1.0;-9.0;8.0;-6.0;8.0;2.85;16.66;18.246;53.0;6.928;45.0;57.0;9.676;34.0;15.306;14.0;4.0;1.0;3.0;5.0;5.0;2.449;3.0;10.0;7.786;4.458;3.0;17.0;4.509;11.514;28.206;-2.0;2.0;-4.0;0.0;-5.714;5.908;-17.0;0.0;-2.357;5.679;-17.0;7.0;-4.0;-9.0;1.0;-1.714;5.992;-9.0;8.0;-2.0;5.174;-9.0;1.296;2.9;0.1;1.646;2.85;0.0;-12.0;12.0;6.0;-1.0;-3.0;4.583;0.5;4.0;-1.0;1.0;0.0;6.928;-2.0;0.0;1.732;-2.0;0.869
15;9;118;1.92;752;0.0;-51.0;70;-20;5;1.219;1.172;-0.047;320;338;17582;3;1.167;1.072;0.362;25.4;57.0;57.0;45.0;34.0;22.0;4.0;5.0;3.0;4.0;16.0;78.0;16.0;-4.0;-2.0;0.0;-17.0;7.0;-4.0;1.0;-9.0;-4.0;8.0;7.559;14.182;20.443;61.333;7.506;57.0;70.0;10.845;38.0;17.508;14.0;6.0;2.646;4.0;9.0;5.714;2.812;3.0;10.0;7.286;3.811;3.0;17.0;6.658;12.0;25.755;-1.667;2.517;-4.0;1.0;-3.143;3.671;-8.0;1.0;-2.786;5.117;-17.0;2.0;0.667;-4.0;5.0;-0.429;6.373;-9.0;8.0;-2.214;4.775;-9.0;1.219;11.4;8.5;4.937;7.15;13.0;13.0;7.234;6.5;5.0;6.0;3.0;2.0;9.0;5.0;2.646;13.0;7.506;5.0;7.0;4.041;1.5;0.857
16;5;123;2.06;841;0.0;-49.0;54;-33;-14;1.229;1.215;-0.014;327;333;17577;3;1.172;1.066;0.578;22.6;70.0;57.0;57.0;44.0;14.0;9.0;4.0;5.0;6.0;17.0;84.0;33.0;1.0;-4.0;-2.0;-8.0;1.0;5.0;-4.0;1.0;3.0;-3.0;8.707;14.182;21.955;60.333;8.505;54.0;70.0;10.165;38.0;16.54;16.0;6.0;2.646;4.0;9.0;5.571;2.82;3.0;10.0;6.429;2.623;3.0;11.0;7.095;12.381;24.576;-0.667;2.887;-4.0;1.0;-1.857;3.237;-8.0;1.0;-2.786;5.117;-17.0;2.0;-4.333;-14.0;5.0;-2.857;7.904;-14.0;8.0;-3.0;5.724;-14.0;1.685;5.7;-5.7;4.332;8.55;-16.0;-29.0;14.526;-1.5;-4.0;-9.0;4.583;0.5;5.0;-4.0;2.646;-16.0;8.505;0.0;-5.0;3.606;2.5;0.853
17;8;131;2.18;936;-2.0;-53.0;72;-32;1;1.239;1.22;-0.019;334;347;17569;3;1.215;1.09;0.751;25.5;54.0;70.0;57.0;38.0;16.0;5.0;9.0;4.0;3.0;11.0;87.0;44.0;1.0;1.0;-4.0;-8.0;-1.0;-14.0;5.0;-4.0;-7.0;-5.0;3.32;11.509;22.591;65.333;9.866;54.0;72.0;9.335;45.0;16.853;22.0;7.333;2.082;5.0;9.0;6.286;2.69;3.0;10.0;6.214;2.326;3.0;10.0;6.557;12.549;24.272;-1.0;3.464;-5.0;1.0;-1.429;2.37;-5.0;1.0;-3.071;5.121;-17.0;2.0;-2.667;-14.0;5.0;-1.714;7.783;-14.0;8.0;-2.571;5.787;-14.0;1.265;0.1;-5.6;5.65;2.9;18.0;34.0;18.358;1.0;3.0;7.0;4.726;-0.5;8.0;3.0;2.082;18.0;9.866;-6.0;-6.0;5.508;-3.0;0.823
18;4;135;2.31;1036;-6.0;-67.0;76;-30;2;1.249;1.211;-0.038;343;364;17565;3;1.22;1.092;0.85;28.3;72.0;54.0;70.0;57.0;22.0;8.0;5.0;9.0;10.0;7.0;97.0;51.0;-5.0;1.0;1.0;-1.0;-2.0;1.0;-14.0;5.0;8.0;-3.0;3.262;9.608;21.995;67.333;11.719;54.0;76.0;11.267;45.0;17.407;24.0;5.667;2.082;4.0;8.0;5.429;2.225;3.0;9.0;6.0;2.386;3.0;10.0;6.11;13.25;23.812;-7.0;9.165;-17.0;1.0;-3.714;6.317;-17.0;1.0;-4.143;6.311;-17.0;2.0;-3.667;-14.0;2.0;-2.571;6.803;-14.0;5.0;-2.214;5.912;-14.0;1.124;-5.7;-5.8;5.7;-2.8;4.0;-14.0;17.088;11.0;-4.0;-7.0;4.041;-0.5;4.0;-4.0;2.082;4.0;11.719;-12.0;-6.0;6.0;-9.0;0.82
19;8;143;2.44;1142;-2.0;-74.0;65;-43;-12;1.259;1.235;-0.024;378;366;17557;3;1.211;1.138;0.944;34.0;76.0;72.0;54.0;45.0;24.0;4.0;8.0;5.0;3.0;8.0;100.0;59.0;-17.0;-5.0;1.0;0.0;0.0;2.0;1.0;-14.0;-9.0;-3.0;7.199;10.066;22.582;71.0;5.568;65.0;76.0;8.58;54.0;16.36;26.0;6.667;2.309;4.0;8.0;6.143;2.116;4.0;9.0;6.0;2.386;3.0;10.0;6.11;13.855;23.889;-9.333;6.658;-17.0;-5.0;-4.571;6.133;-17.0;1.0;-4.571;6.211;-17.0;2.0;-3.0;-12.0;2.0;-3.0;7.348;-14.0;5.0;-2.857;6.467;-14.0;1.534;14.3;20.0;10.29;4.3;-11.0;-15.0;14.503;-3.5;4.0;8.0;4.359;-0.0;8.0;4.0;2.309;-11.0;5.568;11.0;23.0;11.93;-0.5;0.826
20;6;149;2.57;1256;0.0;-74.0;73;-29;-7;1.272;1.26;-0.012;383;369;17551;3;1.235;1.151;1.035;39.7;65.0;76.0;72.0;57.0;26.0;8.0;4.0;8.0;5.0;9.0;105.0;68.0;-6.0;-17.0;-5.0;-2.0;2.0;-12.0;2.0;1.0;1.0;-4.0;14.3;12.645;24.428;71.333;5.686;65.0;76.0;8.401;54.0;15.509;27.0;6.0;2.0;4.0;8.0;6.286;2.059;4.0;9.0;5.786;2.225;3.0;10.0;7.024;14.08;24.378;-7.667;8.622;-17.0;0.0;-4.286;6.317;-17.0;1.0;-4.714;6.069;-17.0;1.0;-5.667;-12.0;2.0;-4.143;7.244;-14.0;5.0;-3.071;6.557;-14.0;1.562;14.3;0.0;11.547;14.3;8.0;19.0;10.017;-1.5;-2.0;-6.0;4.163;1.0;6.0;-2.0;2.0;8.0;5.686;6.0;-5.0;12.097;8.5;0.81
21;7;156;2.7;1382;0.0;-80.0;52;-79;-30;1.294;1.315;0.021;387;355;17544;3;1.26;1.167;1.107;42.6;73.0;65.0;76.0;57.0;27.0;6.0;8.0;4.0;4.0;6.0;109.0;74.0;0.0;-6.0;-17.0;-4.0;0.0;-7.0;-12.0;2.0;-4.0;-6.0;10.304;13.823;25.954;63.333;10.599;52.0;73.0;9.504;52.0;13.333;34.0;7.0;1.0;6.0;8.0;6.714;1.799;4.0;9.0;5.857;2.248;3.0;10.0;6.506;13.758;25.034;-2.0;3.464;-6.0;0.0;-3.714;6.525;-17.0;1.0;-4.714;6.069;-17.0;1.0;-16.333;-30.0;-7.0;-7.857;12.158;-30.0;5.0;-4.786;9.744;-30.0;2.302;5.7;-8.6;4.965;10.0;-21.0;-29.0;14.731;-6.5;1.0;3.0;3.0;-0.5;7.0;1.0;1.0;-21.0;10.599;0.0;-6.0;5.508;3.0;0.794
22;6;162;2.83;1517;-8.0;-112.0;43;-120;-41;1.137;1.36;0.223;391;342;17538;3;1.315;1.172;1.072;28.4;52.0;73.0;65.0;70.0;34.0;7.0;6.0;8.0;9.0;4.0;118.0;78.0;0.0;0.0;-6.0;1.0;-17.0;-30.0;-7.0;-12.0;5.0;-4.0;8.707;12.666;22.523;56.0;15.395;43.0;73.0;12.589;43.0;12.333;38.0;6.333;0.577;6.0;7.0;6.286;1.496;4.0;8.0;6.0;2.184;3.0;10.0;6.506;13.985;25.455;-7.667;13.279;-23.0;0.0;-7.143;9.335;-23.0;1.0;-5.143;7.124;-23.0;1.0;-26.0;-41.0;-7.0;-14.429;15.904;-41.0;2.0;-7.429;13.721;-41.0;2.386;-17.1;-22.8;16.226;-5.7;-9.0;12.0;14.572;-15.0;-1.0;-2.0;1.528;0.0;6.0;-1.0;0.577;-9.0;15.395;-23.0;-23.0;15.308;-11.5;0.76
23;41;203;2.96;1656;-10.0;-149.0;55;-151;-31;1.337;1.385;0.048;394;338;17497;3;1.36;1.215;1.066;45.4;43.0;52.0;73.0;54.0;44.0;6.0;7.0;6.0;5.0;6.0;123.0;84.0;-23.0;0.0;0.0;1.0;-8.0;-41.0;-30.0;-7.0;-14.0;3.0;9.787;11.957;20.329;50.0;6.245;43.0;55.0;12.486;43.0;11.753;38.0;18.0;19.925;6.0;41.0;11.429;13.113;4.0;41.0;8.5;9.606;3.0;41.0;25.58;24.169;31.233;-17.333;15.308;-29.0;0.0;-11.429;11.588;-29.0;0.0;-6.643;9.564;-29.0;1.0;-34.0;-41.0;-30.0;-16.857;17.082;-41.0;2.0;-9.857;14.707;-41.0;1.871;0.3;17.4;11.915;-8.4;12.0;21.0;16.703;1.5;35.0;36.0;20.232;17.0;41.0;35.0;19.925;12.0;6.245;-6.0;17.0;11.93;-14.5;0.735
24;16;219;3.09;1803;-9.0;-184.0;72;-167;-16;1.36;1.396;0.036;397;342;17481;3;1.385;1.22;1.09;48.3;55.0;43.0;52.0;72.0;38.0;41.0;6.0;7.0;8.0;3.0;131.0;87.0;-29.0;-23.0;0.0;-5.0;-8.0;-31.0;-41.0;-30.0;1.0;-7.0;5.054;11.267;17.999;56.667;14.572;43.0;72.0;12.486;43.0;10.74;43.0;21.0;18.028;6.0;41.0;12.571;13.113;4.0;41.0;9.429;9.661;3.0;41.0;29.4;31.805;36.739;-26.0;3.0;-29.0;-23.0;-14.429;12.34;-29.0;0.0;-7.929;10.88;-29.0;1.0;-29.333;-41.0;-16.0;-19.286;15.228;-41.0;2.0;-10.5;14.769;-41.0;1.549;8.6;8.3;13.116;4.45;17.0;5.0;13.796;14.5;-25.0;-60.0;30.199;5.0;16.0;-25.0;18.028;17.0;14.572;3.0;9.0;13.204;-1.5;0.722
25;21;240;3.22;1958;-7.0;-216.0;94;-164;4;1.382;1.389;0.007;400;356;17460;3;1.396;1.211;1.092;62.5;72.0;55.0;43.0;76.0;57.0;16.0;41.0;6.0;4.0;10.0;135.0;97.0;-26.0;-29.0;-23.0;-17.0;-1.0;-16.0;-31.0;-41.0;2.0;8.0;10.137;9.069;17.815;73.667;19.553;55.0;94.0;16.866;43.0;13.885;43.0;26.0;13.229;16.0;41.0;15.0;12.832;6.0;41.0;10.214;10.146;3.0;41.0;18.556;38.426;43.36;-25.333;4.041;-29.0;-21.0;-15.0;12.57;-29.0;0.0;-9.357;11.209;-29.0;1.0;-14.333;-31.0;4.0;-19.0;15.706;-41.0;4.0;-10.786;14.418;-41.0;1.31;11.6;3.0;5.853;10.1;22.0;5.0;5.0;19.5;5.0;30.0;30.0;-10.0;21.0;5.0;13.229;22.0;19.553;5.0;2.0;5.859;4.0;0.716
26;6;246;3.35;2120;-3.0;-237.0;103;-153;11;1.405;1.388;-0.017;402;371;17454;3;1.389;1.235;1.138;68.2;94.0;72.0;55.0;65.0;45.0;21.0;16.0;41.0;8.0;3.0;143.0;100.0;-21.0;-26.0;-29.0;-6.0;0.0;4.0;-16.0;-31.0;-12.0;-9.0;14.543;13.129;19.61;89.667;15.948;72.0;103.0;22.194;43.0;16.449;43.0;14.333;7.638;6.0;21.0;14.714;13.035;6.0;41.0;10.429;10.013;4.0;41.0;14.177;40.779;47.863;-19.0;8.185;-26.0;-10.0;-15.571;12.177;-29.0;0.0;-10.071;10.88;-29.0;1.0;-0.333;-16.0;11.0;-15.714;19.388;-41.0;11.0;-9.357;15.554;-41.0;1.363;17.3;5.7;4.419;14.45;9.0;-13.0;6.557;15.5;-15.0;-20.0;15.275;-5.0;6.0;-15.0;7.638;9.0;15.948;11.0;6.0;4.163;8.0;0.72
27;4;250;3.4;2285;0.0;-248.0;78;-169;-16;1.426;1.42;-0.006;404;369;17450;3;1.388;1.26;1.151;71.0;103.0;94.0;72.0;73.0;57.0;6.0;21.0;16.0;6.0;5.0;149.0;105.0;-10.0;-21.0;-26.0;0.0;-2.0;11.0;4.0;-16.0;-7.0;1.0;15.824;19.432;22.38;91.667;12.662;78.0;103.0;22.376;43.0;16.389;43.0;10.333;9.292;4.0;21.0;14.429;13.277;4.0;41.0;10.357;10.058;4.0;41.0;5.033;39.032;50.668;-10.667;10.017;-21.0;-1.0;-15.714;11.968;-29.0;0.0;-10.0;10.94;-29.0;1.0;-0.333;-16.0;11.0;-17.0;19.009;-41.0;11.0;-10.571;15.346;-41.0;1.983;14.3;-3.0;2.851;15.8;-25.0;-34.0;24.269;-8.0;-2.0;13.0;10.149;-8.5;4.0;-2.0;9.292;-25.0;12.662;9.0;-2.0;3.055;10.0;0.72
28;5;255;3.61;2455;-2.0;-260.0;128;-135;33;1.446;1.404;-0.042;405;392;17445;3;1.42;1.315;1.167;73.9;78.0;103.0;94.0;52.0;57.0;4.0;6.0;21.0;7.0;4.0;156.0;109.0;-1.0;-10.0;-21.0;0.0;-4.0;-16.0;11.0;4.0;-30.0;-4.0;9.208;23.497;24.032;103.0;25.0;78.0;128.0;29.06;43.0;22.342;43.0;5.0;1.0;4.0;6.0;14.143;13.484;4.0;41.0;10.429;10.013;4.0;41.0;4.509;33.367;52.089;-5.0;4.583;-10.0;-1.0;-16.286;11.161;-29.0;-1.0;-10.0;10.94;-29.0;1.0;9.333;-16.0;33.0;-8.0;25.599;-41.0;33.0;-7.929;19.253;-41.0;1.231;2.9;-11.4;7.597;8.6;50.0;75.0;37.554;12.5;1.0;3.0;8.505;-0.5;5.0;1.0;1.0;50.0;25.0;-3.0;-12.0;7.572;3.0;0.704
29;3;258;3.74;2635;-2.0;-277.0;116;-115;20;1.47;1.404;-0.066;406;406;17442;3;1.404;1.36;1.172;85.3;128.0;78.0;103.0;43.0;70.0;5.0;4.0;6.0;6.0;9.0;162.0;118.0;-4.0;-1.0;-10.0;-23.0;1.0;33.0;-16.0;11.0;-41.0;5.0;4.43;23.973;26.134;107.333;26.102;78.0;128.0;25.695;55.0;24.95;43.0;4.0;1.0;3.0;5.0;13.714;13.829;3.0;41.0;10.0;10.206;3.0;41.0;4.041;20.345;52.56;-3.333;2.082;-5.0;-1.0;-13.714;11.427;-29.0;-1.0;-10.429;10.588;-29.0;1.0;12.333;-16.0;33.0;0.714;22.714;-31.0;33.0;-6.857;20.411;-41.0;1.409;5.8;2.9;5.925;4.35;-12.0;-62.0;40.079;19.0;-2.0;-3.0;1.732;-0.5;3.0;-2.0;1.0;-12.0;26.102;-1.0;2.0;6.429;-2.0;0.712
30;8;266;3.87;2818;0.0;-288.0;86;-126;-11;1.491;1.433;-0.058;407;404;17434;3;1.404;1.385;1.215;91.0;116.0;128.0;78.0;55.0;54.0;3.0;5.0;4.0;41.0;5.0;203.0;123.0;-5.0;-4.0;-1.0;-29.0;1.0;20.0;33.0;-16.0;-31.0;-14.0;7.298;22.137;28.484;110.0;21.633;86.0;128.0;20.304;72.0;24.111;43.0;5.333;2.517;3.0;8.0;9.0;6.831;3.0;21.0;10.214;10.124;3.0;41.0;5.686;15.196;52.282;-3.333;2.082;-5.0;-1.0;-9.714;9.995;-26.0;-1.0;-10.571;10.435;-29.0;0.0;14.0;-11.0;33.0;3.571;19.016;-16.0;33.0;-6.643;20.346;-41.0;2.001;8.7;2.9;2.9;7.25;-30.0;-18.0;41.968;-21.0;5.0;7.0;3.512;1.5;8.0;5.0;2.517;-30.0;21.633;4.0;5.0;3.606;1.5;0.712
31;5;271;4.0;3004;0.0;-296.0;91;-133;-7;1.511;1.459;-0.052;408;404;17429;3;1.433;1.396;1.22;91.1;86.0;116.0;128.0;72.0;72.0;8.0;3.0;5.0;16.0;8.0;219.0;131.0;-1.0;-5.0;-4.0;-26.0;-5.0;-11.0;20.0;33.0;-16.0;1.0;7.298;18.808;30.134;97.667;16.073;86.0;116.0;17.53;78.0;24.191;43.0;5.333;2.517;3.0;8.0;7.429;6.188;3.0;21.0;10.0;10.206;3.0;41.0;6.557;10.931;51.257;-2.0;2.646;-5.0;0.0;-6.0;7.439;-21.0;0.0;-10.214;10.721;-29.0;0.0;0.667;-11.0;20.0;4.857;17.733;-16.0;33.0;-7.214;20.226;-41.0;1.955;5.8;-2.9;1.674;7.25;5.0;35.0;17.502;-12.5;-3.0;-8.0;4.359;1.0;5.0;-3.0;2.517;5.0;16.073;1.0;-3.0;2.517;2.5;0.698
32;9;280;4.13;3201;0.0;-309.0;99;-132;0;1.534;1.479;-0.055;408;407;17420;3;1.459;1.389;1.211;85.4;91.0;86.0;116.0;94.0;76.0;5.0;8.0;3.0;21.0;4.0;240.0;135.0;0.0;-1.0;-5.0;-21.0;-17.0;-7.0;-11.0;20.0;4.0;2.0;5.8;14.895;30.305;92.0;6.557;86.0;99.0;17.373;78.0;24.613;43.0;7.333;2.082;5.0;9.0;5.714;2.138;3.0;9.0;10.357;10.066;3.0;41.0;7.095;12.089;49.349;0.0;1.0;-1.0;1.0;-2.857;3.805;-10.0;1.0;-8.929;10.923;-29.0;1.0;-6.0;-11.0;0.0;4.286;17.83;-16.0;33.0;-7.357;20.163;-41.0;1.856;5.8;-0.0;1.674;5.8;8.0;3.0;21.127;6.5;4.0;7.0;4.359;0.5;9.0;4.0;2.082;8.0;6.557;1.0;0.0;1.732;1.0;0.685
33;14;294;4.26;3403;0.0;-324.0;101;-131;1;1.556;1.498;-0.058;408;409;17406;3;1.479;1.388;1.235;99.7;99.0;91.0;86.0;103.0;65.0;9.0;5.0;8.0;6.0;8.0;246.0;143.0;1.0;0.0;-1.0;-10.0;-6.0;0.0;-7.0;-11.0;11.0;-12.0;4.474;12.646;30.899;97.0;5.292;91.0;101.0;17.334;78.0;24.525;43.0;9.333;4.509;5.0;14.0;6.857;3.805;3.0;14.0;10.786;10.086;3.0;41.0;11.59;15.413;47.385;0.0;1.0;-1.0;1.0;-1.571;2.149;-5.0;1.0;-8.571;11.106;-29.0;1.0;-2.0;-7.0;1.0;2.857;17.601;-16.0;33.0;-6.429;20.232;-41.0;1.849;3.0;-2.8;1.617;4.4;2.0;-6.0;3.0;5.0;5.0;1.0;4.359;4.5;14.0;5.0;4.509;2.0;5.292;-2.0;-3.0;1.732;-0.5;0.676
34;1;295;4.39;3601;0.0;-330.0;99;-134;-2;1.578;1.518;-0.06;407;411;17405;3;1.498;1.42;1.26;114.0;101.0;99.0;91.0;78.0;73.0;14.0;9.0;5.0;4.0;6.0;250.0;149.0;-1.0;1.0;0.0;-1.0;0.0;1.0;0.0;-7.0;-16.0;-7.0;4.474;12.66;32.21;99.667;1.155;99.0;101.0;14.508;86.0;24.525;43.0;8.0;6.557;1.0;14.0;6.429;4.315;1.0;14.0;10.429;10.353;1.0;41.0;8.386;16.16;43.611;-0.333;1.155;-1.0;1.0;-1.571;2.149;-5.0;1.0;-8.643;11.05;-29.0;1.0;-0.333;-2.0;1.0;4.857;15.805;-11.0;33.0;-6.071;20.265;-41.0;1.944;5.8;2.8;1.617;4.4;-2.0;-4.0;5.033;0.0;-13.0;-18.0;10.116;-4.0;1.0;-13.0;6.557;-2.0;1.155;0.0;2.0;1.528;-1.0;0.668
35;0;295;4.52;3821;0.0;-352.0;247;12;146;1.6;1.444;-0.156;406;467;17405;3;1.518;1.404;1.315;119.7;99.0;101.0;99.0;128.0;52.0;1.0;14.0;9.0;5.0;7.0;255.0;156.0;-1.0;-1.0;1.0;-4.0;0.0;-2.0;1.0;0.0;33.0;-30.0;5.75;11.961;33.487;149.0;84.876;99.0;247.0;56.84;86.0;47.641;43.0;5.0;7.81;0.0;14.0;5.714;4.957;0.0;14.0;9.929;10.695;0.0;41.0;0.577;15.313;37.845;-0.667;0.577;-1.0;0.0;-1.0;1.915;-5.0;1.0;-8.643;11.05;-29.0;1.0;48.333;-2.0;146.0;21.0;55.982;-11.0;146.0;6.5;44.445;-41.0;0.802;5.7;-0.1;1.589;5.75;148.0;150.0;85.471;73.0;-1.0;12.0;9.165;-7.0;0.0;-1.0;7.81;148.0;84.876;1.0;1.0;1.528;0.5;0.659
1;21;21;0.1;18;0.0;0.0;22;-1;8;0.321;0.318;-0.003;0;0;19979;4;0.318;0.318;0.318;17.5;22.0;22.0;22.0;22.0;22.0;21.0;21.0;21.0;21.0;21.0;21.0;21.0;0.0;0.0;0.0;0.0;0.0;8.0;8.0;8.0;8.0;8.0;1.768;1.768;1.768;22.0;6.364;22.0;22.0;6.364;22.0;6.364;22.0;21.0;2.828;21.0;21.0;21.0;2.828;21.0;21.0;21.0;2.828;21.0;21.0;17.678;17.678;17.678;0.0;4.95;0.0;0.0;0.0;4.95;0.0;0.0;0.0;4.95;0.0;0.0;8.0;8.0;8.0;8.0;8.485;8.0;8.0;8.0;8.485;8.0;0.795;-2.5;2.5;1.768;-1.25;-9.0;14.0;9.899;-2.0;4.0;-12.0;8.485;-2.0;25.0;-8.0;5.657;5.0;3.536;-7.0;3.0;2.121;-5.5;3.145
2;25;46;0.23;40;-3.0;-7.0;13;-5;-4;0.549;0.479;-0.07;0;0;19954;4;0.318;0.318;0.318;17.5;22.0;22.0;22.0;22.0;22.0;21.0;21.0;21.0;21.0;21.0;21.0;21.0;0.0;0.0;0.0;0.0;0.0;8.0;8.0;8.0;8.0;8.0;1.768;1.768;1.768;17.5;6.364;13.0;22.0;6.364;13.0;6.364;13.0;23.0;2.828;21.0;25.0;23.0;2.828;21.0;25.0;23.0;2.828;21.0;25.0;17.678;17.678;17.678;-3.5;4.95;-7.0;0.0;-3.5;4.95;-7.0;0.0;-3.5;4.95;-7.0;0.0;2.0;-4.0;8.0;2.0;8.485;-4.0;8.0;2.0;8.485;-4.0;1.154;-2.5;2.5;1.768;-1.25;-9.0;14.0;9.899;-2.0;4.0;-12.0;8.485;-2.0;25.0;-8.0;5.657;5.0;3.536;-7.0;3.0;2.121;-5.5;3.145
3;17;63;0.36;66;-4.0;-18.0;18;-8;-2;0.711;0.554;-0.157;0;0;19937;4;0.479;0.318;0.318;17.5;13.0;22.0;22.0;22.0;22.0;25.0;21.0;21.0;21.0;21.0;21.0;21.0;-7.0;0.0;0.0;0.0;0.0;-4.0;8.0;8.0;8.0;8.0;1.443;1.443;1.443;17.667;4.509;13.0;22.0;4.509;13.0;4.509;13.0;21.0;4.0;17.0;25.0;21.0;4.0;17.0;25.0;21.0;4.0;17.0;25.0;21.127;21.127;21.127;-6.0;5.568;-11.0;0.0;-6.0;5.568;-11.0;0.0;-6.0;5.568;-11.0;0.0;0.667;-4.0;8.0;0.667;6.429;-4.0;8.0;0.667;6.429;-4.0;0.833;0.0;2.5;1.768;-1.25;5.0;14.0;9.899;-2.0;-8.0;-12.0;8.485;-2.0;17.0;-8.0;5.657;5.0;3.536;-4.0;3.0;2.121;-5.5;2.088
4;12;75;0.49;96;-4.0;-28.0;12;-19;-12;0.826;0.691;-0.135;0;0;19925;4;0.554;0.318;0.318;17.5;18.0;13.0;22.0;22.0;22.0;17.0;25.0;21.0;21.0;21.0;21.0;21.0;-11.0;-7.0;0.0;0.0;0.0;-2.0;-4.0;8.0;8.0;8.0;2.944;2.437;2.437;14.333;3.215;12.0;18.0;4.646;12.0;4.646;12.0;18.0;6.557;12.0;25.0;18.75;5.56;12.0;25.0;18.75;5.56;12.0;25.0;14.572;23.415;23.415;-9.333;2.082;-11.0;-7.0;-7.0;4.967;-11.0;0.0;-7.0;4.967;-11.0;0.0;-6.0;-12.0;-2.0;-2.5;8.226;-12.0;8.0;-2.5;8.226;-12.0;1.675;5.1;5.1;3.873;2.55;-6.0;-11.0;7.371;-0.5;-5.0;3.0;6.245;-6.5;12.0;-5.0;6.557;-6.0;3.215;1.0;5.0;4.041;-1.5;1.805
5;11;86;0.62;131;-5.0;-41.0;19;-27;-8;0.914;0.773;-0.141;0;0;19914;4;0.691;0.318;0.318;17.5;12.0;18.0;13.0;22.0;22.0;12.0;17.0;25.0;21.0;21.0;21.0;21.0;-10.0;-11.0;-7.0;0.0;0.0;-12.0;-2.0;-4.0;8.0;8.0;3.873;3.31;3.31;16.333;3.786;12.0;19.0;4.207;12.0;4.207;12.0;13.333;3.215;11.0;17.0;17.2;5.933;11.0;25.0;17.2;5.933;11.0;25.0;11.504;25.548;25.548;-10.667;0.577;-11.0;-10.0;-7.8;4.658;-11.0;0.0;-7.8;4.658;-11.0;0.0;-7.333;-12.0;-2.0;-3.6;7.537;-12.0;8.0;-3.6;7.537;-12.0;1.189;2.5;-2.6;2.55;3.8;7.0;13.0;7.0;0.5;-1.0;4.0;3.512;-3.0;11.0;-1.0;3.215;7.0;3.786;-1.0;-2.0;2.517;0.0;1.447
6;12;98;0.75;170;-6.0;-57.0;19;-38;-11;0.979;0.831;-0.148;0;0;19902;4;0.773;0.318;0.318;17.5;19.0;12.0;18.0;22.0;22.0;11.0;12.0;17.0;21.0;21.0;21.0;21.0;-11.0;-10.0;-11.0;0.0;0.0;-8.0;-12.0;-2.0;8.0;8.0;1.443;3.497;3.497;16.667;4.041;12.0;19.0;3.869;12.0;3.869;12.0;11.667;0.577;11.0;12.0;16.333;5.715;11.0;25.0;16.333;5.715;11.0;25.0;11.504;28.039;28.039;-12.0;2.646;-15.0;-10.0;-9.0;5.099;-15.0;0.0;-9.0;5.099;-15.0;0.0;-10.333;-12.0;-8.0;-4.833;7.387;-12.0;8.0;-4.833;7.387;-12.0;1.189;0.0;-2.5;2.55;1.25;0.0;-7.0;6.506;3.5;1.0;2.0;3.055;0.0;12.0;1.0;0.577;0.0;4.041;-4.0;-3.0;2.517;-2.5;1.294
7;11;109;0.68;210;-3.0;-62.0;25;-44;-8;1.029;0.921;-0.108;270;248;19891;4;0.831;0.318;0.318;17.5;19.0;19.0;12.0;22.0;22.0;12.0;11.0;12.0;21.0;21.0;21.0;21.0;-15.0;-11.0;-10.0;0.0;0.0;-11.0;-8.0;-12.0;8.0;8.0;7.275;6.972;6.972;21.0;3.464;19.0;25.0;4.608;12.0;4.608;12.0;11.333;0.577;11.0;12.0;15.571;5.593;11.0;25.0;15.571;5.593;11.0;25.0;11.504;30.558;30.558;-11.333;3.512;-15.0;-8.0;-8.857;4.67;-15.0;0.0;-8.857;4.67;-15.0;0.0;-9.0;-11.0;-8.0;-5.286;6.849;-12.0;8.0;-5.286;6.849;-12.0;1.408;12.6;12.6;6.671;6.3;6.0;6.0;3.786;3.0;-1.0;-2.0;1.155;-0.0;11.0;-1.0;0.577;6.0;3.464;7.0;11.0;5.686;1.5;1.203
8;12;121;1.01;260;-3.0;-74.0;26;-57;-11;1.068;0.995;-0.073;268;234;19879;4;0.921;0.318;0.318;17.5;25.0;19.0;19.0;22.0;22.0;11.0;12.0;11.0;21.0;21.0;21.0;21.0;-8.0;-15.0;-11.0;0.0;0.0;-8.0;-11.0;-8.0;8.0;8.0;8.093;9.076;8.714;23.333;3.786;19.0;26.0;5.336;12.0;5.064;12.0;11.667;0.577;11.0;12.0;14.286;5.155;11.0;25.0;15.125;5.33;11.0;25.0;11.504;26.286;33.334;-10.0;4.359;-15.0;-7.0;-9.857;2.854;-15.0;-7.0;-8.625;4.373;-15.0;0.0;-10.0;-11.0;-8.0;-8.0;3.786;-12.0;-2.0;-6.0;6.655;-12.0;1.45;2.5;-10.1;6.671;7.55;1.0;-5.0;3.215;3.5;1.0;2.0;1.155;0.0;12.0;1.0;0.577;1.0;3.786;1.0;-6.0;5.508;4.0;1.086
9;7;128;1.14;312;-4.0;-83.0;33;-65;-8;1.099;1.041;-0.058;274;233;19872;4;0.995;0.479;0.318;17.5;26.0;25.0;19.0;13.0;22.0;12.0;11.0;12.0;25.0;21.0;46.0;21.0;-7.0;-8.0;-15.0;-7.0;0.0;-11.0;-8.0;-11.0;-4.0;8.0;3.873;10.446;10.444;28.0;4.359;25.0;33.0;6.824;12.0;6.591;12.0;10.0;2.646;7.0;12.0;11.714;2.928;7.0;17.0;14.222;5.674;7.0;25.0;9.609;23.954;35.454;-8.333;1.528;-10.0;-7.0;-10.286;2.563;-15.0;-7.0;-8.778;4.116;-15.0;0.0;-9.0;-11.0;-8.0;-8.571;3.359;-12.0;-2.0;-6.222;6.261;-12.0;1.297;5.1;2.6;5.244;3.8;7.0;6.0;3.215;4.0;-5.0;-6.0;3.055;-2.0;7.0;-5.0;2.646;7.0;4.359;-3.0;-4.0;5.033;-1.0;1.005
10;8;136;1.27;372;-6.0;-103.0;37;-73;-8;1.129;1.048;-0.081;281;244;19864;4;1.041;0.554;0.318;17.5;33.0;26.0;25.0;18.0;22.0;7.0;12.0;11.0;17.0;21.0;63.0;21.0;-10.0;-7.0;-8.0;-11.0;0.0;-8.0;-11.0;-8.0;-2.0;8.0;2.55;9.535;10.917;32.0;5.568;26.0;37.0;8.638;12.0;8.058;12.0;9.0;2.646;7.0;12.0;10.429;2.07;7.0;12.0;13.6;5.7;7.0;25.0;7.506;22.456;37.393;-11.0;4.583;-16.0;-7.0;-11.0;3.367;-16.0;-7.0;-9.5;4.503;-16.0;0.0;-9.0;-11.0;-8.0;-9.429;1.813;-12.0;-8.0;-6.4;5.929;-12.0;1.089;-2.5;-7.6;3.863;1.3;4.0;-3.0;3.0;5.5;1.0;6.0;3.464;-2.0;8.0;1.0;2.646;4.0;5.568;-6.0;-3.0;3.512;-4.5;0.961
11;11;147;1.4;435;-4.0;-113.0;35;-88;-14;1.149;1.104;-0.045;289;239;19853;4;1.048;0.691;0.318;17.5;37.0;33.0;26.0;12.0;22.0;8.0;7.0;12.0;12.0;21.0;75.0;21.0;-16.0;-10.0;-7.0;-10.0;0.0;-8.0;-8.0;-11.0;-12.0;8.0;6.671;10.896;12.993;35.0;2.0;33.0;37.0;7.41;19.0;8.537;12.0;8.667;2.082;7.0;11.0;10.286;1.976;7.0;12.0;13.364;5.464;7.0;25.0;9.539;21.521;39.644;-12.0;3.464;-16.0;-10.0;-11.0;3.367;-16.0;-7.0;-9.545;4.275;-16.0;0.0;-10.0;-14.0;-8.0;-9.714;2.36;-14.0;-8.0;-7.091;6.074;-14.0;1.511;12.6;15.1;7.55;5.05;-2.0;-6.0;4.583;1.0;3.0;2.0;4.163;2.0;11.0;3.0;2.082;-2.0;2.0;6.0;12.0;6.245;-0.0;0.954
12;11;158;1.53;506;-5.0;-129.0;43;-99;-11;1.169;1.128;-0.041;297;246;19842;4;1.104;0.773;0.318;17.5;35.0;37.0;33.0;19.0;22.0;11.0;8.0;7.0;11.0;21.0;86.0;21.0;-10.0;-16.0;-10.0;-11.0;0.0;-14.0;-8.0;-8.0;-8.0;8.0;8.093;11.074;14.508;38.333;4.163;35.0;43.0;8.214;19.0;9.889;12.0;10.0;1.732;8.0;11.0;10.286;1.976;7.0;12.0;13.167;5.254;7.0;25.0;11.0;20.956;42.119;-13.0;3.0;-16.0;-10.0;-11.286;3.45;-16.0;-7.0;-9.833;4.196;-16.0;0.0;-11.0;-14.0;-8.0;-10.143;2.268;-14.0;-8.0;-7.417;5.9;-14.0;1.288;2.5;-10.1;7.692;7.55;8.0;10.0;5.033;3.0;0.0;-3.0;1.528;1.5;11.0;0.0;1.732;8.0;4.163;-3.0;-9.0;6.245;1.5;0.906
13;10;168;1.68;584;-1.0;-136.0;51;-106;-5;1.186;1.163;-0.023;305;253;19832;4;1.128;0.831;0.318;17.5;43.0;35.0;37.0;19.0;22.0;11.0;11.0;8.0;12.0;21.0;98.0;21.0;-13.0;-10.0;-16.0;-15.0;0.0;-11.0;-14.0;-8.0;-11.0;8.0;9.579;12.554;17.635;43.0;8.0;35.0;51.0;9.178;25.0;11.873;12.0;10.667;0.577;10.0;11.0;10.0;1.826;7.0;12.0;12.923;5.107;7.0;25.0;10.504;20.876;44.636;-8.333;5.686;-13.0;-2.0;-9.429;4.467;-16.0;-2.0;-9.231;4.567;-16.0;0.0;-10.0;-14.0;-5.0;-9.286;2.928;-14.0;-5.0;-7.231;5.688;-14.0;1.384;15.2;12.7;6.709;8.85;8.0;0.0;5.774;8.0;-1.0;-1.0;2.082;-0.5;10.0;-1.0;0.577;8.0;8.0;11.0;14.0;7.095;4.0;0.887
14;16;184;1.79;668;-9.0;-165.0;45;-122;-16;1.208;1.171;-0.037;313;260;19816;4;1.163;0.921;0.318;17.5;51.0;43.0;35.0;25.0;22.0;10.0;11.0;11.0;11.0;21.0;109.0;21.0;-2.0;-13.0;-10.0;-8.0;0.0;-5.0;-11.0;-14.0;-8.0;8.0;8.747;11.442;17.854;46.333;4.163;43.0;51.0;8.364;26.0;12.364;12.0;12.333;3.215;10.0;16.0;10.714;2.928;7.0;16.0;13.143;4.975;7.0;25.0;13.115;22.601;47.883;-12.333;10.017;-22.0;-2.0;-11.429;6.425;-22.0;-2.0;-10.143;5.559;-22.0;0.0;-10.667;-16.0;-5.0;-10.429;3.78;-16.0;-5.0;-7.857;5.947;-16.0;1.233;-15.1;-30.3;15.216;0.05;-6.0;-14.0;8.083;1.0;6.0;7.0;3.786;2.5;16.0;6.0;3.215;-6.0;4.163;-20.0;-31.0;15.524;-4.5;0.86
15;15;199;1.92;752;-3.0;-173.0;57;-130;-8;1.219;1.19;-0.029;320;271;19801;4;1.171;0.995;0.318;17.5;45.0;51.0;43.0;26.0;22.0;16.0;10.0;11.0;12.0;21.0;121.0;21.0;-22.0;-2.0;-13.0;-7.0;0.0;-16.0;-5.0;-11.0;-11.0;8.0;10.545;13.14;19.903;51.0;6.0;45.0;57.0;8.794;33.0;14.344;12.0;13.667;3.215;10.0;16.0;11.143;3.338;7.0;16.0;12.714;4.48;7.0;25.0;15.503;25.606;46.029;-10.667;10.263;-22.0;-2.0;-11.571;6.321;-22.0;-2.0;-10.714;4.795;-22.0;-2.0;-9.667;-16.0;-5.0;-10.0;3.873;-16.0;-5.0;-9.0;3.823;-16.0;1.33;20.3;35.4;19.137;2.6;12.0;18.0;9.452;3.0;-1.0;-7.0;4.041;2.5;15.0;-1.0;3.215;12.0;6.0;14.0;34.0;18.824;-3.0;0.854
16;20;219;2.06;841;-4.0;-181.0;55;-142;-13;1.229;1.22;-0.009;327;275;19781;4;1.19;1.041;0.479;15.0;57.0;45.0;51.0;33.0;13.0;15.0;16.0;10.0;7.0;25.0;128.0;46.0;-8.0;-22.0;-2.0;-10.0;-7.0;-8.0;-16.0;-5.0;-8.0;-4.0;13.437;14.492;21.255;52.333;6.429;45.0;57.0;8.552;35.0;14.694;12.0;17.0;2.646;15.0;20.0;13.0;4.163;8.0;20.0;12.357;3.522;7.0;20.0;17.559;29.462;47.06;-13.0;7.81;-22.0;-8.0;-11.429;6.373;-22.0;-2.0;-10.857;4.704;-22.0;-2.0;-12.333;-16.0;-8.0;-10.714;3.904;-16.0;-5.0;-9.643;3.671;-16.0;1.471;5.1;-15.2;17.759;12.7;-2.0;-14.0;9.452;5.0;5.0;6.0;3.786;2.0;20.0;5.0;2.646;-2.0;6.429;-1.0;-15.0;17.039;6.5;0.84
17;15;234;2.18;936;-4.0;-190.0;61;-152;-10;1.239;1.24;0.001;334;283;19766;4;1.22;1.048;0.554;15.0;55.0;57.0;45.0;37.0;18.0;20.0;15.0;16.0;8.0;17.0;136.0;63.0;-9.0;-8.0;-22.0;-16.0;-11.0;-13.0;-8.0;-16.0;-8.0;-2.0;5.1;13.545;22.049;57.667;3.055;55.0;61.0;9.071;35.0;15.576;12.0;16.667;2.887;15.0;20.0;14.0;3.559;10.0;20.0;12.214;3.355;7.0;20.0;17.559;32.114;49.064;-9.0;1.0;-10.0;-8.0;-10.571;6.051;-22.0;-2.0;-10.786;4.71;-22.0;-2.0;-10.333;-13.0;-8.0;-11.0;3.742;-16.0;-5.0;-10.214;2.94;-16.0;1.41;5.1;-0.0;8.776;5.1;6.0;8.0;7.024;2.0;-5.0;-10.0;5.033;0.0;15.0;-5.0;2.887;6.0;3.055;-1.0;0.0;8.66;-1.0;0.82
18;12;246;2.31;1036;-8.0;-209.0;76;-150;2;1.249;1.221;-0.028;343;306;19754;4;1.24;1.104;0.691;20.1;61.0;55.0;57.0;35.0;12.0;15.0;20.0;15.0;11.0;12.0;147.0;75.0;-10.0;-9.0;-8.0;-10.0;-10.0;-10.0;-13.0;-8.0;-14.0;-12.0;2.916;12.384;21.726;64.0;10.817;55.0;76.0;11.103;43.0;17.001;19.0;15.667;4.041;12.0;20.0;14.143;3.436;10.0;20.0;12.214;3.355;7.0;20.0;13.528;33.339;50.934;-13.333;6.658;-21.0;-9.0;-12.143;7.198;-22.0;-2.0;-11.571;5.431;-22.0;-2.0;-7.0;-13.0;2.0;-8.714;5.88;-16.0;2.0;-9.214;4.336;-16.0;1.066;-5.0;-10.1;5.831;0.05;15.0;9.0;8.505;10.5;-3.0;2.0;5.292;-4.0;12.0;-3.0;4.041;15.0;10.817;-11.0;-10.0;5.774;-6.0;0.806
19;8;254;2.44;1142;-4.0;-219.0;62;-166;-15;1.259;1.249;-0.01;378;309;19746;4;1.221;1.128;0.773;22.6;76.0;61.0;55.0;43.0;19.0;12.0;15.0;20.0;11.0;11.0;158.0;86.0;-21.0;-10.0;-9.0;-13.0;-11.0;2.0;-10.0;-13.0;-11.0;-8.0;7.747;12.77;22.377;66.333;8.386;61.0;76.0;9.805;45.0;16.486;19.0;11.667;3.512;8.0;15.0;13.714;4.03;8.0;20.0;12.0;3.53;7.0;20.0;10.066;32.365;52.063;-13.667;6.351;-21.0;-10.0;-11.714;7.228;-22.0;-2.0;-11.5;5.446;-22.0;-2.0;-7.667;-15.0;2.0;-9.286;6.317;-16.0;2.0;-9.714;4.581;-16.0;1.552;15.2;20.2;10.1;5.1;-14.0;-29.0;14.844;0.5;-4.0;-1.0;1.0;-3.5;8.0;-4.0;3.512;-14.0;8.386;11.0;22.0;11.015;-0.0;0.819
20;14;268;2.57;1256;-5.0;-231.0;60;-165;-20;1.272;1.283;0.011;383;308;19732;4;1.249;1.163;0.831;22.6;62.0;76.0;61.0;51.0;19.0;8.0;12.0;15.0;10.0;12.0;168.0;98.0;-10.0;-21.0;-10.0;-2.0;-15.0;-15.0;2.0;-10.0;-5.0;-11.0;10.601;14.921;22.294;66.0;8.718;60.0;76.0;9.289;45.0;15.169;25.0;11.333;3.055;8.0;14.0;14.286;3.684;8.0;20.0;12.143;3.57;7.0;20.0;11.136;30.235;53.409;-14.667;5.686;-21.0;-10.0;-13.286;5.823;-22.0;-8.0;-11.357;5.372;-22.0;-2.0;-11.0;-20.0;2.0;-11.429;7.115;-20.0;2.0;-10.357;5.344;-20.0;1.69;5.2;-10.0;10.1;10.2;-2.0;12.0;14.572;-8.0;6.0;10.0;5.508;1.0;14.0;6.0;3.055;-2.0;8.718;-3.0;-14.0;11.136;4.0;0.801
21;15;283;2.7;1382;-9.0;-261.0;81;-186;-1;1.294;1.275;-0.019;387;325;19717;4;1.283;1.171;0.921;35.2;60.0;62.0;76.0;45.0;25.0;14.0;8.0;12.0;16.0;11.0;184.0;109.0;-13.0;-10.0;-21.0;-22.0;-8.0;-20.0;-15.0;2.0;-16.0;-8.0;2.946;9.74;21.973;67.667;11.59;60.0;81.0;9.914;55.0;16.114;26.0;12.333;3.786;8.0;15.0;14.143;3.625;8.0;20.0;12.429;3.631;7.0;20.0;14.503;28.715;54.927;-15.667;7.371;-24.0;-10.0;-13.571;6.347;-24.0;-8.0;-12.5;6.236;-24.0;-2.0;-12.0;-20.0;-1.0;-9.286;7.74;-20.0;2.0;-9.857;5.882;-20.0;1.19;-5.0;-10.2;10.1;0.1;21.0;23.0;17.786;9.5;1.0;-5.0;5.0;3.5;15.0;1.0;3.786;21.0;11.59;-11.0;-8.0;11.136;-7.0;0.779
22;5;288;2.83;1517;-8.0;-290.0;65;-205;-19;1.137;1.3;0.163;391;327;19712;4;1.275;1.19;0.995;37.7;81.0;60.0;62.0;57.0;26.0;15.0;14.0;8.0;15.0;12.0;199.0;121.0;-24.0;-13.0;-10.0;-8.0;-7.0;-1.0;-20.0;-15.0;-8.0;-11.0;5.05;10.108;22.009;68.667;10.97;60.0;81.0;9.34;55.0;14.658;33.0;11.333;5.508;5.0;15.0;12.714;4.957;5.0;20.0;11.929;4.141;5.0;20.0;10.408;25.344;55.501;-18.667;5.508;-24.0;-13.0;-15.143;6.094;-24.0;-9.0;-13.357;6.246;-24.0;-2.0;-13.333;-20.0;-1.0;-10.857;8.513;-20.0;2.0;-10.429;6.37;-20.0;1.638;10.1;15.1;7.703;2.55;-16.0;-37.0;18.682;2.5;-10.0;-11.0;8.185;-4.5;5.0;-10.0;5.508;-16.0;10.97;5.0;16.0;8.0;-3.0;0.784
23;11;299;2.96;1656;-8.0;-317.0;79;-212;-7;1.337;1.31;-0.027;394;336;19701;4;1.3;1.22;1.041;42.8;65.0;81.0;60.0;55.0;33.0;5.0;15.0;14.0;20.0;7.0;219.0;128.0;-19.0;-24.0;-13.0;-9.0;-10.0;-19.0;-1.0;-20.0;-13.0;-8.0;7.78;10.83;22.101;75.0;8.718;65.0;81.0;9.155;60.0;14.658;35.0;10.333;5.033;5.0;15.0;11.429;3.78;5.0;15.0;12.214;3.906;5.0;20.0;8.185;23.874;55.356;-21.0;2.646;-24.0;-19.0;-16.714;5.648;-24.0;-10.0;-14.071;6.403;-24.0;-2.0;-9.0;-19.0;-1.0;-10.0;8.563;-20.0;2.0;-10.357;6.404;-20.0;1.414;5.2;-4.9;7.703;7.65;14.0;30.0;19.655;-1.0;6.0;16.0;8.185;-2.0;11.0;6.0;5.033;14.0;8.718;-1.0;-6.0;8.083;2.0;0.769
24;11;310;3.09;1803;-8.0;-347.0;80;-220;-8;1.36;1.321;-0.039;397;344;19690;4;1.31;1.24;1.048;40.3;79.0;65.0;81.0;61.0;37.0;11.0;5.0;15.0;15.0;8.0;234.0;136.0;-20.0;-19.0;-24.0;-10.0;-16.0;-7.0;-19.0;-1.0;-10.0;-8.0;5.15;11.814;21.146;74.667;8.386;65.0;80.0;9.155;60.0;14.504;35.0;9.0;3.464;5.0;11.0;10.857;3.436;5.0;15.0;12.429;3.736;5.0;20.0;11.0;23.414;54.521;-20.0;1.0;-21.0;-19.0;-18.286;4.957;-24.0;-10.0;-14.429;6.653;-24.0;-2.0;-11.333;-19.0;-7.0;-9.714;8.597;-20.0;2.0;-10.357;6.404;-20.0;1.46;5.1;-0.1;2.858;5.15;1.0;-13.0;15.044;7.5;0.0;-6.0;8.083;3.0;11.0;0.0;3.464;1.0;8.386;-1.0;0.0;3.464;-1.0;0.763
25;11;321;3.22;1958;-9.0;-380.0;60;-251;-30;1.382;1.359;-0.023;400;338;19679;4;1.321;1.221;1.104;52.9;80.0;79.0;65.0;76.0;35.0;11.0;11.0;5.0;12.0;11.0;246.0;147.0;-21.0;-20.0;-19.0;-21.0;-10.0;-8.0;-7.0;-19.0;2.0;-14.0;5.15;10.026;21.193;73.0;11.269;60.0;80.0;9.914;60.0;12.495;43.0;11.0;0.0;11.0;11.0;10.714;3.402;5.0;15.0;12.429;3.736;5.0;20.0;11.0;23.338;53.315;-21.0;1.0;-22.0;-20.0;-18.429;5.062;-24.0;-10.0;-15.286;6.81;-24.0;-2.0;-15.0;-30.0;-7.0;-14.286;9.759;-30.0;-1.0;-11.5;8.263;-30.0;2.033;5.2;0.1;0.058;5.15;-20.0;-21.0;17.156;-9.5;0.0;0.0;3.464;0.0;11.0;0.0;0.0;-20.0;11.269;-1.0;0.0;0.0;-1.0;0.757
26;24;345;3.35;2120;-13.0;-425.0;54;-289;-38;1.405;1.396;-0.009;402;331;19655;4;1.359;1.249;1.128;55.4;60.0;80.0;79.0;62.0;43.0;11.0;11.0;11.0;8.0;11.0;254.0;158.0;-22.0;-21.0;-20.0;-10.0;-13.0;-30.0;-8.0;-7.0;-15.0;-11.0;2.946;9.245;19.871;64.667;13.614;54.0;80.0;11.297;54.0;11.479;45.0;15.333;7.506;11.0;24.0;13.0;5.802;5.0;24.0;13.357;4.814;5.0;24.0;17.898;25.807;53.248;-25.333;6.658;-33.0;-21.0;-21.714;6.047;-33.0;-13.0;-16.714;8.241;-33.0;-2.0;-25.333;-38.0;-8.0;-17.571;13.277;-38.0;-1.0;-13.429;10.875;-38.0;2.167;-5.0;-10.2;5.86;0.1;-6.0;14.0;10.693;-13.0;13.0;13.0;7.506;6.5;24.0;13.0;7.506;-6.0;13.614;-11.0;-10.0;5.774;-6.0;0.736
27;21;366;3.4;2285;-15.0;-473.0;68;-315;-26;1.426;1.415;-0.011;404;331;19634;4;1.396;1.283;1.163;70.6;54.0;60.0;80.0;60.0;51.0;24.0;11.0;11.0;14.0;10.0;268.0;168.0;-33.0;-22.0;-21.0;-13.0;-2.0;-38.0;-30.0;-8.0;-20.0;-5.0;2.858;8.622;19.519;60.667;7.024;54.0;68.0;10.69;54.0;10.967;45.0;18.667;6.807;11.0;24.0;14.0;6.557;5.0;24.0;14.143;5.112;5.0;24.0;22.517;30.452;53.675;-31.333;8.622;-39.0;-22.0;-25.429;7.591;-39.0;-19.0;-19.357;9.052;-39.0;-8.0;-31.333;-38.0;-26.0;-18.429;13.649;-38.0;-1.0;-14.929;11.069;-38.0;1.722;0.1;5.1;5.1;-2.45;14.0;20.0;17.088;4.0;-3.0;-16.0;8.505;5.0;21.0;-3.0;6.807;14.0;7.024;-6.0;5.0;5.0;-8.5;0.716
28;25;391;3.61;2455;-8.0;-500.0;93;-316;-2;1.446;1.424;-0.022;405;340;19609;4;1.415;1.275;1.171;55.5;68.0;54.0;60.0;81.0;45.0;21.0;24.0;11.0;15.0;16.0;283.0;184.0;-39.0;-33.0;-22.0;-24.0;-22.0;-26.0;-38.0;-30.0;-1.0;-16.0;14.867;11.528;19.025;71.667;19.757;54.0;93.0;13.438;54.0;11.868;54.0;23.333;2.082;21.0;25.0;15.429;7.786;5.0;25.0;14.786;5.873;5.0;25.0;23.029;37.492;55.866;-30.333;10.263;-39.0;-19.0;-24.714;7.973;-39.0;-19.0;-19.143;9.02;-39.0;-8.0;-22.0;-38.0;-2.0;-18.571;13.439;-38.0;-2.0;-13.929;11.586;-38.0;1.535;25.7;25.6;16.451;12.9;25.0;11.0;15.716;19.5;4.0;7.0;8.021;0.5;25.0;4.0;2.082;25.0;19.757;20.0;26.0;16.643;7.0;0.707
29;35;426;3.74;2635;-12.0;-542.0;67;-345;-29;1.47;1.456;-0.014;406;336;19574;4;1.424;1.3;1.19;75.8;93.0;68.0;54.0;65.0;57.0;25.0;21.0;24.0;5.0;15.0;288.0;199.0;-19.0;-39.0;-33.0;-19.0;-8.0;-2.0;-26.0;-38.0;-19.0;-8.0;13.645;11.898;19.261;76.0;14.731;67.0;93.0;13.302;54.0;11.453;54.0;27.0;7.211;21.0;35.0;19.714;9.214;11.0;35.0;16.214;7.982;5.0;35.0;30.139;46.135;60.959;-29.333;10.017;-39.0;-19.0;-26.286;7.74;-39.0;-19.0;-20.714;8.844;-39.0;-9.0;-19.0;-29.0;-2.0;-20.0;14.012;-38.0;-2.0;-15.429;12.107;-38.0;2.058;-4.9;-30.6;16.415;10.4;-26.0;-51.0;26.839;-0.5;10.0;6.0;6.506;7.0;35.0;10.0;7.211;-26.0;14.731;-11.0;-31.0;16.643;4.5;0.702
30;25;451;3.87;2818;-16.0;-592.0;82;-360;-15;1.491;1.467;-0.024;407;340;19549;4;1.456;1.31;1.22;80.9;67.0;93.0;68.0;79.0;55.0;35.0;25.0;21.0;11.0;20.0;299.0;219.0;-30.0;-19.0;-39.0;-20.0;-9.0;-29.0;-2.0;-26.0;-7.0;-13.0;4.9;11.035;18.619;80.667;13.051;67.0;93.0;13.626;54.0;11.25;54.0;28.333;5.774;25.0;35.0;21.714;8.499;11.0;35.0;16.571;8.271;5.0;35.0;30.139;52.793;67.394;-29.667;10.504;-40.0;-19.0;-29.143;8.668;-40.0;-19.0;-22.929;9.539;-40.0;-10.0;-15.333;-29.0;-2.0;-21.143;13.069;-38.0;-2.0;-15.571;12.088;-38.0;1.622;-4.9;0.0;17.667;-4.9;15.0;41.0;27.025;-5.5;-10.0;-20.0;10.263;0.0;25.0;-10.0;5.774;15.0;13.051;-10.0;1.0;17.616;-10.5;0.687
31;10;461;4.0;3004;-18.0;-645.0;80;-378;-18;1.511;1.477;-0.034;408;344;19539;4;1.467;1.321;1.24;86.0;82.0;67.0;93.0;80.0;61.0;25.0;35.0;25.0;11.0;15.0;310.0;234.0;-40.0;-30.0;-19.0;-21.0;-10.0;-15.0;-29.0;-2.0;-8.0;-10.0;2.801;10.304;17.829;76.333;8.145;67.0;82.0;13.626;54.0;11.153;54.0;23.333;12.583;10.0;35.0;21.571;8.715;10.0;35.0;16.214;8.451;5.0;35.0;18.028;53.671;72.21;-38.333;7.638;-45.0;-30.0;-32.571;9.607;-45.0;-19.0;-25.429;10.435;-45.0;-10.0;-20.667;-29.0;-15.0;-22.571;11.886;-38.0;-2.0;-16.143;11.993;-38.0;1.664;0.1;5.0;2.887;-2.4;-2.0;-17.0;20.599;6.5;-15.0;-5.0;13.229;-12.5;10.0;-15.0;12.583;-2.0;8.145;-5.0;5.0;3.215;-7.5;0.682
32;16;477;4.13;3201;-15.0;-699.0;72;-404;-27;1.534;1.5;-0.034;408;342;19523;4;1.477;1.359;1.221;81.0;80.0;82.0;67.0;60.0;76.0;10.0;25.0;35.0;11.0;12.0;321.0;246.0;-45.0;-40.0;-30.0;-22.0;-21.0;-18.0;-15.0;-29.0;-30.0;2.0;5.976;11.035;16.359;78.0;5.292;72.0;82.0;12.579;54.0;11.091;54.0;17.0;7.55;10.0;25.0;22.286;7.868;10.0;35.0;16.5;8.364;5.0;35.0;13.115;50.388;76.253;-41.667;2.887;-45.0;-40.0;-35.143;8.668;-45.0;-19.0;-26.786;11.033;-45.0;-10.0;-20.0;-27.0;-15.0;-22.143;11.625;-38.0;-2.0;-18.214;11.088;-38.0;1.992;10.3;10.2;7.747;5.2;-8.0;-6.0;11.93;-5.0;6.0;21.0;10.97;-4.5;16.0;6.0;7.55;-8.0;5.292;5.0;10.0;7.638;-0.0;0.677
33;5;482;4.26;3403;-23.0;-773.0;65;-439;-35;1.556;1.518;-0.038;408;341;19518;4;1.5;1.396;1.249;96.2;72.0;80.0;82.0;54.0;62.0;16.0;10.0;25.0;24.0;8.0;345.0;254.0;-40.0;-45.0;-40.0;-33.0;-10.0;-27.0;-18.0;-15.0;-38.0;-15.0;7.801;9.149;15.005;72.333;7.506;65.0;80.0;10.161;65.0;10.918;54.0;10.333;5.508;5.0;16.0;19.571;10.13;5.0;35.0;16.286;8.633;5.0;35.0;10.97;44.105;77.847;-48.333;10.408;-60.0;-40.0;-39.0;12.649;-60.0;-19.0;-30.357;13.083;-60.0;-13.0;-26.667;-35.0;-18.0;-21.714;10.981;-35.0;-2.0;-19.643;11.901;-38.0;1.971;-15.3;-25.6;12.888;-2.5;-7.0;1.0;3.215;-7.5;-11.0;-17.0;11.15;-2.5;5.0;-11.0;5.508;-7.0;7.506;-20.0;-25.0;12.583;-7.5;0.667
34;17;499;4.39;3601;-23.0;-837.0;94;-447;-7;1.578;1.514;-0.064;407;349;19501;4;1.518;1.415;1.283;101.4;65.0;72.0;80.0;68.0;60.0;5.0;16.0;10.0;21.0;14.0;366.0;268.0;-60.0;-40.0;-45.0;-39.0;-13.0;-35.0;-27.0;-18.0;-26.0;-20.0;7.78;5.652;14.036;77.0;15.133;65.0;94.0;11.69;65.0;11.822;54.0;12.667;6.658;5.0;17.0;19.0;10.149;5.0;35.0;16.5;8.609;5.0;35.0;11.533;36.827;79.229;-53.333;11.547;-60.0;-40.0;-42.0;14.933;-60.0;-19.0;-33.714;14.264;-60.0;-19.0;-23.0;-35.0;-7.0;-19.0;12.042;-35.0;-2.0;-18.714;12.369;-38.0;1.418;5.2;20.5;13.55;-5.05;29.0;36.0;21.079;11.0;12.0;23.0;11.93;0.5;17.0;12.0;6.658;29.0;15.133;0.0;20.0;13.229;-10.0;0.659
35;27;526;4.52;3821;-23.0;-919.0;59;-489;-42;1.6;1.542;-0.073;406;343;19474;4;1.514;1.424;1.275;96.4;94.0;65.0;72.0;93.0;81.0;17.0;5.0;16.0;25.0;15.0;391.0;283.0;-60.0;-60.0;-40.0;-19.0;-24.0;-7.0;-35.0;-27.0;-2.0;-1.0;5.25;4.987;11.983;72.667;18.717;59.0;94.0;11.964;59.0;12.313;54.0;16.333;11.015;5.0;27.0;19.286;10.372;5.0;35.0;17.357;9.035;5.0;35.0;22.189;32.664;81.595;-59.667;0.577;-60.0;-59.0;-47.714;12.038;-60.0;-30.0;-36.214;15.448;-60.0;-19.0;-28.0;-42.0;-7.0;-24.714;12.12;-42.0;-7.0;-21.643;12.701;-42.0;2.349;5.3;0.1;11.865;5.25;-35.0;-64.0;32.083;-3.0;10.0;-2.0;12.741;11.0;27.0;10.0;11.015;-35.0;18.717;1.0;1.0;11.846;0.5;0.661
1;9;9;0.1;18;0.0;0.0;22;15;8;0.321;0.255;-0.066;0;0;19991;5;0.255;0.255;0.255;17.5;22.0;22.0;22.0;22.0;22.0;9.0;9.0;9.0;9.0;9.0;9.0;9.0;0.0;0.0;0.0;0.0;0.0;8.0;8.0;8.0;8.0;8.0;3.536;3.536;3.536;22.0;1.414;22.0;22.0;1.414;22.0;1.414;22.0;9.0;2.828;9.0;9.0;9.0;2.828;9.0;9.0;9.0;2.828;9.0;9.0;9.192;9.192;9.192;0.0;0.707;0.0;0.0;0.0;0.707;0.0;0.0;0.0;0.707;0.0;0.0;8.0;8.0;8.0;8.0;3.536;8.0;8.0;8.0;3.536;8.0;0.795;5.0;-5.0;3.536;2.5;-2.0;5.0;3.536;0.5;4.0;-8.0;5.657;0.0;13.0;-4.0;2.828;2.5;1.768;1.0;-5.0;3.536;-1.5;3.922
2;13;22;0.23;40;0.0;0.0;20;18;3;0.549;0.442;-0.107;0;0;19978;5;0.255;0.255;0.255;17.5;22.0;22.0;22.0;22.0;22.0;9.0;9.0;9.0;9.0;9.0;9.0;9.0;0.0;0.0;0.0;0.0;0.0;8.0;8.0;8.0;8.0;8.0;3.536;3.536;3.536;21.0;1.414;20.0;22.0;1.414;20.0;1.414;20.0;11.0;2.828;9.0;13.0;11.0;2.828;9.0;13.0;11.0;2.828;9.0;13.0;9.192;9.192;9.192;0.5;0.707;0.0;1.0;0.5;0.707;0.0;1.0;0.5;0.707;0.0;1.0;5.5;3.0;8.0;5.5;3.536;3.0;8.0;5.5;3.536;3.0;1.125;5.0;-5.0;3.536;2.5;-2.0;5.0;3.536;0.5;4.0;-8.0;5.657;0.0;13.0;-4.0;2.828;2.5;1.768;1.0;-5.0;3.536;-1.5;3.922
3;9;31;0.36;66;-1.0;-3.0;23;19;3;0.711;0.558;-0.153;0;0;19969;5;0.442;0.255;0.255;17.5;20.0;22.0;22.0;22.0;22.0;13.0;9.0;9.0;9.0;9.0;9.0;9.0;1.0;0.0;0.0;0.0;0.0;3.0;8.0;8.0;8.0;8.0;2.887;2.887;2.887;21.667;1.528;20.0;23.0;1.528;20.0;1.528;20.0;10.333;2.309;9.0;13.0;10.333;2.309;9.0;13.0;10.333;2.309;9.0;13.0;11.06;11.06;11.06;-0.667;2.082;-3.0;1.0;-0.667;2.082;-3.0;1.0;-0.667;2.082;-3.0;1.0;4.667;3.0;8.0;4.667;2.887;3.0;8.0;4.667;2.887;3.0;0.978;0.0;-5.0;3.536;2.5;3.0;5.0;3.536;0.5;-4.0;-8.0;5.657;0.0;9.0;-4.0;2.828;2.5;1.768;-4.0;-5.0;3.536;-1.5;2.262
4;12;43;0.49;96;-2.0;-8.0;25;21;1;0.826;0.64;-0.186;0;0;19957;5;0.558;0.255;0.255;17.5;23.0;20.0;22.0;22.0;22.0;9.0;13.0;9.0;9.0;9.0;9.0;9.0;-3.0;1.0;0.0;0.0;0.0;3.0;3.0;8.0;8.0;8.0;1.501;3.179;3.179;22.667;2.517;20.0;25.0;2.082;20.0;2.082;20.0;11.333;2.082;9.0;13.0;10.75;2.062;9.0;13.0;10.75;2.062;9.0;13.0;10.536;14.361;14.361;-2.333;3.055;-5.0;1.0;-1.75;2.754;-5.0;1.0;-1.75;2.754;-5.0;1.0;2.333;1.0;3.0;3.75;2.986;1.0;8.0;3.75;2.986;1.0;1.004;2.6;2.6;2.501;1.3;2.0;-1.0;2.646;2.5;3.0;7.0;4.359;-0.5;12.0;3.0;2.082;2.0;2.255;-2.0;2.0;2.517;-3.0;1.792
5;10;53;0.62;131;0.0;-8.0;38;32;11;0.914;0.701;-0.213;0;0;19947;5;0.64;0.255;0.255;17.5;25.0;23.0;20.0;22.0;22.0;12.0;9.0;13.0;9.0;9.0;9.0;9.0;-5.0;-3.0;1.0;0.0;0.0;1.0;3.0;3.0;8.0;8.0;6.652;6.514;6.514;28.667;8.145;23.0;38.0;7.162;20.0;7.162;20.0;10.333;1.528;9.0;12.0;10.6;1.817;9.0;13.0;10.6;1.817;9.0;13.0;11.015;17.257;17.257;-2.333;3.055;-5.0;1.0;-1.2;2.683;-5.0;1.0;-1.2;2.683;-5.0;1.0;5.0;1.0;11.0;5.2;4.147;1.0;11.0;5.2;4.147;1.0;0.924;10.0;7.4;5.188;6.3;13.0;11.0;6.083;7.5;-2.0;-5.0;3.606;0.5;10.0;-2.0;1.528;13.5;8.431;6.0;8.0;5.292;2.0;1.562
6;14;67;0.75;170;1.0;-7.0;32;34;2;0.979;0.786;-0.193;0;0;19933;5;0.701;0.255;0.255;17.5;38.0;25.0;23.0;22.0;22.0;10.0;12.0;9.0;9.0;9.0;9.0;9.0;1.0;-5.0;-3.0;0.0;0.0;11.0;1.0;3.0;8.0;8.0;7.638;8.619;8.619;31.667;6.506;25.0;38.0;6.919;20.0;6.919;20.0;12.0;2.0;10.0;14.0;11.167;2.137;9.0;14.0;11.167;2.137;9.0;14.0;12.055;21.145;21.145;-0.667;3.786;-5.0;2.0;-0.667;2.733;-5.0;2.0;-0.667;2.733;-5.0;2.0;4.667;1.0;11.0;4.667;3.933;1.0;11.0;4.667;3.933;1.0;1.253;5.0;-5.0;3.775;7.5;-6.0;-19.0;9.539;3.5;4.0;6.0;3.215;1.0;14.0;4.0;2.0;-6.0;6.764;1.0;-5.0;4.041;3.5;1.427
7;6;73;0.68;210;1.0;-2.0;43;45;10;1.029;0.832;-0.197;270;351;19927;5;0.786;0.255;0.255;17.5;32.0;38.0;25.0;22.0;22.0;14.0;10.0;12.0;9.0;9.0;9.0;9.0;2.0;1.0;-5.0;0.0;0.0;2.0;11.0;1.0;8.0;8.0;5.05;10.418;10.418;37.667;5.508;32.0;43.0;8.832;20.0;8.832;20.0;10.0;4.0;6.0;14.0;10.429;2.76;6.0;14.0;10.429;2.76;6.0;14.0;10.263;23.508;23.508;1.667;0.577;1.0;2.0;-0.286;2.69;-5.0;2.0;-0.286;2.69;-5.0;2.0;7.667;2.0;11.0;5.429;4.117;1.0;11.0;5.429;4.117;1.0;1.051;5.1;0.1;2.858;5.05;11.0;17.0;10.44;2.5;-8.0;-12.0;6.0;-2.0;6.0;-8.0;4.0;10.5;5.268;0.0;-1.0;3.215;0.5;1.272
8;11;84;1.01;260;2.0;-2.0;47;53;10;1.068;0.87;-0.198;268;349;19916;5;0.832;0.255;0.255;17.5;43.0;32.0;38.0;22.0;22.0;6.0;14.0;10.0;9.0;9.0;9.0;9.0;2.0;2.0;1.0;0.0;0.0;10.0;2.0;11.0;8.0;8.0;5.05;11.321;12.062;40.667;7.767;32.0;47.0;10.438;20.0;10.361;20.0;10.333;4.041;6.0;14.0;10.714;2.69;6.0;14.0;10.5;2.563;6.0;14.0;8.622;22.736;26.234;3.0;1.732;2.0;5.0;0.429;3.359;-5.0;5.0;0.375;3.114;-5.0;5.0;7.333;2.0;10.0;5.714;4.386;1.0;11.0;6.0;4.14;1.0;1.068;5.0;-0.1;0.058;5.05;4.0;-7.0;8.544;7.5;5.0;13.0;7.234;-1.5;11.0;5.0;4.041;4.0;7.489;3.0;3.0;1.528;1.5;1.202
9;10;94;1.14;312;1.0;1.0;38;49;-4;1.099;0.937;-0.162;274;336;19906;5;0.87;0.442;0.255;17.5;47.0;43.0;32.0;20.0;22.0;11.0;6.0;14.0;13.0;9.0;22.0;9.0;5.0;2.0;2.0;1.0;0.0;10.0;10.0;2.0;3.0;8.0;5.05;12.325;13.646;42.667;4.509;38.0;47.0;8.934;23.0;9.95;20.0;9.0;2.646;6.0;11.0;10.286;2.498;6.0;14.0;10.444;2.404;6.0;14.0;10.504;22.508;28.98;3.0;1.732;2.0;5.0;0.571;3.409;-5.0;5.0;0.556;2.963;-5.0;5.0;5.333;-4.0;10.0;4.714;5.707;-4.0;11.0;4.889;5.11;-4.0;1.455;5.1;0.1;0.058;5.05;-9.0;-13.0;10.149;-2.5;-1.0;-6.0;6.506;2.0;10.0;-1.0;2.646;-9.0;4.509;-3.0;-6.0;3.0;0.0;1.149
10;15;109;1.27;372;0.0;-3.0;53;57;8;1.129;0.955;-0.174;281;344;19891;5;0.937;0.558;0.255;17.5;38.0;47.0;43.0;23.0;22.0;10.0;11.0;6.0;9.0;9.0;31.0;9.0;2.0;5.0;2.0;-3.0;0.0;-4.0;10.0;10.0;3.0;8.0;2.944;11.154;14.402;46.0;7.55;38.0;53.0;9.325;25.0;11.493;20.0;12.0;2.646;10.0;15.0;11.143;2.968;6.0;15.0;10.9;2.685;6.0;15.0;12.583;22.998;32.579;2.0;3.0;-1.0;5.0;0.857;3.132;-5.0;5.0;0.4;2.836;-5.0;5.0;4.667;-4.0;10.0;5.429;5.769;-4.0;11.0;5.2;4.917;-4.0;1.043;0.0;-5.1;2.916;2.55;15.0;24.0;12.014;3.0;5.0;6.0;3.464;2.0;15.0;5.0;2.646;15.0;7.55;-3.0;0.0;3.464;-3.0;1.067
11;13;122;1.4;435;0.0;-3.0;35;42;-14;1.149;1.025;-0.124;289;335;19878;5;0.955;0.64;0.255;17.5;53.0;38.0;47.0;25.0;22.0;15.0;10.0;11.0;12.0;9.0;43.0;9.0;-1.0;2.0;5.0;-5.0;0.0;8.0;-4.0;10.0;1.0;8.0;4.388;9.667;15.755;42.0;9.644;35.0;53.0;7.29;32.0;10.907;20.0;12.667;2.517;10.0;15.0;11.286;3.039;6.0;15.0;11.091;2.625;6.0;15.0;14.012;24.194;36.357;0.333;1.528;-1.0;2.0;1.571;1.902;-1.0;5.0;0.364;2.693;-5.0;5.0;-3.333;-14.0;8.0;3.286;9.358;-14.0;11.0;3.455;7.435;-14.0;1.797;7.6;7.6;3.873;3.8;-18.0;-33.0;17.059;-1.5;-2.0;-7.0;3.786;1.5;13.0;-2.0;2.517;-17.5;9.465;1.0;4.0;2.309;-1.0;1.047
12;12;134;1.53;506;0.0;-6.0;39;26;-16;1.169;1.087;-0.082;297;330;19866;5;1.025;0.701;0.255;17.5;35.0;53.0;38.0;38.0;22.0;13.0;15.0;10.0;10.0;9.0;53.0;9.0;0.0;-1.0;2.0;1.0;0.0;-14.0;8.0;-4.0;11.0;8.0;6.391;9.691;17.163;42.333;9.452;35.0;53.0;7.234;32.0;10.492;20.0;13.333;1.528;12.0;15.0;11.571;2.992;6.0;15.0;11.167;2.517;6.0;15.0;12.503;25.132;40.085;-0.333;0.577;-1.0;0.0;1.429;1.988;-1.0;5.0;0.333;2.57;-5.0;5.0;-7.333;-16.0;8.0;-0.571;11.058;-16.0;10.0;1.833;9.044;-16.0;1.744;5.1;-2.5;3.873;6.35;4.0;22.0;16.803;-7.0;-1.0;1.0;3.786;-1.5;12.0;-1.0;1.528;3.5;9.26;0.0;-1.0;2.082;0.5;0.976
13;12;146;1.68;584;0.0;-11.0;61;29;5;1.186;1.1;-0.086;305;342;19854;5;1.087;0.786;0.255;17.5;39.0;35.0;53.0;32.0;22.0;12.0;13.0;15.0;14.0;9.0;67.0;9.0;0.0;0.0;-1.0;2.0;0.0;-16.0;-14.0;8.0;2.0;8.0;5.05;9.883;18.592;45.0;14.0;35.0;61.0;9.245;35.0;12.433;20.0;12.333;0.577;12.0;13.0;11.286;2.812;6.0;15.0;11.231;2.421;6.0;15.0;12.0;26.798;43.775;0.0;0.0;0.0;0.0;1.143;2.035;-1.0;5.0;0.308;2.463;-5.0;5.0;-8.333;-16.0;5.0;-0.143;11.231;-16.0;10.0;2.077;8.703;-16.0;1.197;5.0;-0.1;1.473;5.05;22.0;18.0;20.033;13.0;0.0;1.0;1.0;-0.5;12.0;0.0;0.577;22.5;14.11;0.0;0.0;0.577;-0.0;0.92
14;16;162;1.79;668;0.0;-17.0;69;37;8;1.208;1.103;-0.105;313;355;19838;5;1.1;0.832;0.255;17.5;61.0;39.0;35.0;43.0;22.0;12.0;12.0;13.0;6.0;9.0;73.0;9.0;0.0;0.0;0.0;2.0;0.0;5.0;-16.0;-14.0;10.0;8.0;5.05;10.287;20.046;56.333;15.535;39.0;69.0;12.786;35.0;14.752;20.0;13.333;2.309;12.0;16.0;12.714;2.138;10.0;16.0;11.571;2.652;6.0;16.0;14.048;28.035;47.938;0.0;0.0;0.0;0.0;0.857;2.035;-1.0;5.0;0.286;2.367;-5.0;5.0;-1.0;-16.0;8.0;-0.429;10.952;-16.0;10.0;2.5;8.51;-16.0;1.132;5.1;0.1;0.058;5.05;8.0;-14.0;9.452;15.0;4.0;4.0;2.646;2.0;16.0;4.0;2.309;8.0;15.814;0.0;0.0;0.0;-0.0;0.909
15;16;178;1.92;752;0.0;-18.0;77;49;12;1.219;1.1;-0.119;320;371;19822;5;1.103;0.87;0.255;17.5;69.0;61.0;39.0;47.0;22.0;16.0;12.0;12.0;11.0;9.0;84.0;9.0;0.0;0.0;0.0;5.0;0.0;8.0;5.0;-16.0;10.0;8.0;5.1;10.852;20.425;69.0;8.0;61.0;77.0;16.537;35.0;17.042;20.0;14.667;2.309;12.0;16.0;13.429;2.299;10.0;16.0;12.071;2.786;6.0;16.0;16.0;29.513;49.379;-0.333;0.577;-1.0;0.0;0.0;1.0;-1.0;2.0;0.214;2.392;-5.0;5.0;8.333;5.0;12.0;-0.143;11.291;-16.0;12.0;2.786;8.772;-16.0;1.081;5.1;0.0;0.058;5.1;8.0;0.0;8.083;8.0;0.0;-4.0;2.309;2.0;16.0;0.0;2.309;8.0;8.0;-1.0;-1.0;0.577;-0.5;0.907
16;11;189;2.06;841;-1.0;-19.0;53;35;-15;1.229;1.142;-0.087;327;371;19811;5;1.1;0.937;0.442;22.5;77.0;69.0;61.0;38.0;20.0;16.0;16.0;12.0;10.0;13.0;94.0;22.0;-1.0;0.0;0.0;2.0;1.0;12.0;8.0;5.0;-4.0;3.0;5.1;11.574;20.884;66.333;12.22;53.0;77.0;15.163;35.0;15.88;23.0;14.333;2.887;11.0;16.0;13.571;2.07;11.0;16.0;11.929;2.786;6.0;16.0;13.577;29.359;50.763;-1.0;1.0;-2.0;0.0;-0.571;0.787;-2.0;0.0;0.0;2.449;-5.0;5.0;1.667;-15.0;12.0;-1.714;12.606;-16.0;12.0;1.5;9.975;-16.0;1.666;5.1;-0.0;0.0;5.1;-24.0;-32.0;18.475;-8.0;-5.0;-5.0;4.509;-2.5;11.0;-5.0;2.887;-24.0;12.22;-1.0;0.0;0.577;-1.0;0.909
17;11;200;2.18;936;-1.0;-20.0;57;21;-14;1.239;1.179;-0.06;334;373;19800;5;1.142;0.955;0.558;22.5;53.0;77.0;69.0;53.0;23.0;11.0;16.0;16.0;15.0;9.0;109.0;31.0;-2.0;-1.0;0.0;-1.0;-3.0;-15.0;12.0;8.0;8.0;3.0;5.1;10.979;20.763;62.333;12.858;53.0;77.0;15.137;35.0;14.784;25.0;12.667;2.887;11.0;16.0;13.0;2.16;11.0;16.0;12.071;2.674;6.0;16.0;11.0;29.062;51.624;-2.0;1.0;-3.0;-1.0;-0.857;1.215;-3.0;0.0;0.0;2.449;-5.0;5.0;-5.667;-15.0;12.0;-4.857;12.522;-16.0;12.0;0.286;10.781;-16.0;1.639;5.1;0.0;0.0;5.1;4.0;28.0;17.436;-10.0;0.0;5.0;2.887;-2.5;11.0;0.0;2.887;4.0;12.858;-1.0;0.0;0.0;-1.0;0.876
18;15;215;2.31;1036;-1.0;-22.0;80;27;6;1.249;1.183;-0.066;343;386;19785;5;1.179;1.025;0.64;25.1;57.0;53.0;77.0;35.0;25.0;11.0;11.0;16.0;13.0;12.0;122.0;43.0;-3.0;-2.0;-1.0;0.0;-5.0;-14.0;-15.0;12.0;-14.0;1.0;5.15;11.017;20.29;63.333;14.572;53.0;80.0;14.338;39.0;15.59;32.0;12.333;2.309;11.0;15.0;13.286;2.289;11.0;16.0;12.286;2.785;6.0;16.0;13.051;29.214;52.819;-2.667;0.577;-3.0;-2.0;-1.286;1.38;-3.0;0.0;0.143;2.179;-3.0;5.0;-7.667;-15.0;6.0;-2.0;12.369;-16.0;12.0;0.643;10.888;-16.0;1.232;5.2;0.1;0.058;5.15;23.0;19.0;23.643;13.5;4.0;4.0;4.509;2.0;15.0;4.0;2.309;23.0;14.572;0.0;1.0;0.577;-0.5;0.848
19;16;231;2.44;1142;-1.0;-24.0;81;30;4;1.259;1.192;-0.067;378;396;19769;5;1.183;1.087;0.701;35.1;80.0;57.0;53.0;39.0;38.0;15.0;11.0;11.0;12.0;10.0;134.0;53.0;-3.0;-3.0;-2.0;0.0;1.0;6.0;-14.0;-15.0;-16.0;11.0;5.15;11.056;20.486;72.667;13.577;57.0;81.0;11.47;53.0;16.892;32.0;14.0;2.646;11.0;16.0;13.857;2.41;11.0;16.0;12.714;2.867;6.0;16.0;15.503;29.607;54.153;-2.667;0.577;-3.0;-2.0;-1.571;1.272;-3.0;0.0;-0.071;2.235;-3.0;5.0;-1.333;-14.0;6.0;0.857;10.808;-15.0;12.0;0.143;10.531;-16.0;1.28;5.1;-0.1;0.058;5.15;1.0;-22.0;11.93;12.0;1.0;-3.0;2.082;2.5;16.0;1.0;2.646;1.0;13.577;1.0;1.0;1.0;0.5;0.845
20;7;238;2.57;1256;0.0;-24.0;100;71;20;1.272;1.187;-0.085;383;402;19762;5;1.192;1.1;0.786;40.1;81.0;80.0;57.0;61.0;32.0;16.0;15.0;11.0;12.0;14.0;146.0;67.0;-2.0;-3.0;-3.0;0.0;2.0;4.0;6.0;-14.0;5.0;2.0;7.79;12.338;21.374;87.0;11.269;80.0;100.0;15.942;53.0;19.461;35.0;12.667;4.933;7.0;16.0;13.143;3.532;7.0;16.0;12.214;3.215;6.0;16.0;11.79;27.853;54.937;-1.667;1.528;-3.0;0.0;-1.571;1.272;-3.0;0.0;-0.214;2.155;-3.0;5.0;10.0;4.0;20.0;3.0;13.026;-15.0;20.0;1.429;11.798;-16.0;1.139;10.2;5.1;2.916;7.65;19.0;18.0;11.719;10.0;-9.0;-10.0;6.807;-4.0;7.0;-9.0;4.933;19.0;11.269;2.0;1.0;1.0;1.5;0.839
21;3;241;2.7;1382;0.0;-31.0;87;56;5;1.294;1.201;-0.093;387;419;19759;5;1.187;1.103;0.832;45.2;100.0;81.0;80.0;69.0;43.0;7.0;16.0;15.0;16.0;6.0;162.0;73.0;0.0;-2.0;-3.0;0.0;2.0;20.0;4.0;6.0;8.0;10.0;7.747;13.094;22.169;89.333;9.713;81.0;100.0;16.471;53.0;20.133;35.0;8.667;6.658;3.0;16.0;11.286;4.923;3.0;16.0;12.0;3.721;3.0;16.0;5.132;24.856;53.902;-1.0;1.0;-2.0;0.0;-1.714;1.113;-3.0;0.0;-0.429;2.065;-3.0;5.0;9.667;4.0;20.0;2.571;12.882;-15.0;20.0;1.071;11.592;-16.0;1.367;5.0;-5.2;2.974;7.6;-13.0;-32.0;16.042;3.0;-4.0;5.0;5.0;-6.5;3.0;-4.0;6.658;-13.5;9.777;-1.0;-3.0;1.528;0.5;0.842
22;4;245;2.83;1517;-1.0;-42.0;110;81;26;1.137;1.195;0.058;391;433;19755;5;1.201;1.1;0.87;50.2;87.0;100.0;81.0;77.0;47.0;3.0;7.0;16.0;16.0;11.0;178.0;84.0;-1.0;0.0;-2.0;-1.0;5.0;5.0;20.0;4.0;12.0;10.0;5.05;13.446;22.883;99.0;11.533;87.0;110.0;20.812;53.0;23.178;35.0;4.667;2.082;3.0;7.0;9.571;5.094;3.0;16.0;11.5;4.292;3.0;16.0;3.512;21.777;51.887;-1.0;1.0;-2.0;0.0;-1.857;1.069;-3.0;0.0;-0.929;1.385;-3.0;2.0;17.0;5.0;26.0;4.571;15.426;-15.0;26.0;2.214;13.215;-16.0;1.127;5.1;0.1;2.974;5.05;23.0;36.0;19.732;5.0;1.0;5.0;5.0;-1.5;4.0;1.0;2.082;23.0;11.558;-1.0;0.0;1.732;-1.0;0.833
23;4;249;2.96;1656;0.0;-49.0;94;89;8;1.337;1.21;-0.127;394;440;19751;5;1.195;1.142;0.937;55.3;110.0;87.0;100.0;53.0;38.0;4.0;3.0;7.0;11.0;10.0;189.0;94.0;-2.0;-1.0;0.0;-2.0;2.0;26.0;5.0;20.0;-15.0;-4.0;6.391;13.987;23.844;97.0;11.79;87.0;110.0;16.99;57.0;22.586;35.0;3.667;0.577;3.0;4.0;8.571;5.442;3.0;16.0;11.071;4.731;3.0;16.0;4.0;17.727;48.835;-1.0;1.0;-2.0;0.0;-1.571;1.272;-3.0;0.0;-1.071;1.141;-3.0;0.0;13.0;5.0;26.0;7.857;12.786;-14.0;26.0;3.071;13.17;-16.0;1.4;7.6;2.5;1.473;6.35;-16.0;-39.0;21.703;3.5;0.0;-1.0;2.646;0.5;4.0;0.0;0.577;-15.5;11.73;2.0;3.0;1.732;0.5;0.837
24;14;263;3.09;1803;3.0;-52.0;98;99;10;1.36;1.228;-0.132;397;444;19737;5;1.21;1.179;0.955;55.3;94.0;110.0;87.0;57.0;53.0;4.0;4.0;3.0;11.0;15.0;200.0;109.0;0.0;-2.0;-1.0;-3.0;-1.0;8.0;26.0;5.0;-14.0;8.0;10.31;15.835;25.055;100.667;8.327;94.0;110.0;10.9;80.0;23.004;35.0;7.333;5.774;4.0;14.0;9.0;5.774;3.0;16.0;11.0;4.674;3.0;16.0;9.452;14.975;46.491;1.333;4.163;-2.0;6.0;-0.286;2.984;-3.0;6.0;-0.571;2.209;-3.0;6.0;14.667;8.0;26.0;11.286;8.42;4.0;26.0;3.214;13.239;-16.0;1.473;12.8;5.2;3.928;10.2;4.0;20.0;19.502;-6.0;10.0;10.0;5.508;5.0;14.0;10.0;5.774;4.0;8.047;6.0;4.0;3.512;4.0;0.826
25;14;277;3.22;1958;3.0;-55.0;90;98;0;1.382;1.255;-0.127;400;446;19723;5;1.228;1.183;1.025;62.9;98.0;94.0;110.0;80.0;35.0;14.0;4.0;4.0;15.0;13.0;215.0;122.0;6.0;0.0;-2.0;-3.0;0.0;10.0;8.0;26.0;6.0;-14.0;10.355;17.044;26.544;94.0;4.0;90.0;98.0;9.499;81.0;20.303;39.0;10.667;5.774;4.0;14.0;8.857;5.61;3.0;16.0;11.071;4.714;3.0;16.0;14.0;15.837;44.67;4.667;4.163;0.0;8.0;1.286;4.03;-2.0;8.0;0.0;3.187;-3.0;8.0;6.0;0.0;10.0;10.429;9.307;0.0;26.0;4.214;12.336;-16.0;1.69;7.7;-5.1;2.974;10.25;-8.0;-12.0;10.066;-2.0;0.0;-10.0;5.774;5.0;14.0;0.0;5.774;-8.0;4.0;2.0;-4.0;2.309;4.0;0.814
26;16;293;3.35;2120;5.0;-55.0;88;94;-4;1.405;1.287;-0.118;402;445;19707;5;1.255;1.192;1.087;68.0;90.0;98.0;94.0;81.0;39.0;14.0;14.0;4.0;16.0;12.0;231.0;134.0;8.0;6.0;0.0;-2.0;0.0;0.0;10.0;8.0;4.0;-16.0;9.031;18.11;28.329;92.0;5.292;88.0;98.0;8.139;87.0;16.958;53.0;14.667;1.155;14.0;16.0;8.857;5.61;3.0;16.0;11.357;4.893;3.0;16.0;15.011;20.616;43.511;8.667;3.055;6.0;12.0;3.286;5.376;-2.0;12.0;0.857;4.521;-3.0;12.0;2.0;-4.0;10.0;9.286;10.626;-4.0;26.0;5.071;11.187;-15.0;1.845;10.3;2.6;2.55;9.0;-2.0;6.0;6.0;-5.0;2.0;2.0;5.292;1.0;16.0;2.0;1.155;-2.0;5.292;4.0;2.0;2.0;3.0;0.797
27;5;298;3.4;2285;-5.0;-77.0;94;94;0;1.426;1.3;-0.126;404;450;19702;5;1.287;1.187;1.1;73.0;88.0;90.0;98.0;100.0;61.0;16.0;14.0;14.0;7.0;12.0;238.0;146.0;12.0;8.0;6.0;0.0;0.0;-4.0;0.0;10.0;20.0;5.0;10.15;15.496;27.033;90.667;3.055;88.0;94.0;7.871;87.0;16.119;53.0;11.667;5.859;5.0;16.0;8.571;5.769;3.0;16.0;10.857;5.172;3.0;16.0;10.97;23.223;41.647;2.0;14.0;-14.0;12.0;1.286;8.499;-14.0;12.0;-0.143;6.024;-14.0;12.0;-1.333;-4.0;0.0;6.429;9.931;-4.0;26.0;4.714;11.269;-15.0;1.512;-20.3;-30.6;16.966;-5.0;6.0;8.0;7.024;2.0;-11.0;-13.0;7.0;-4.5;5.0;-11.0;5.859;6.0;3.055;-26.0;-30.0;16.773;-11.0;0.777
28;12;310;3.61;2455;-13.0;-118.0;95;95;0;1.446;1.303;-0.143;405;458;19690;5;1.3;1.201;1.103;78.1;94.0;88.0;90.0;87.0;69.0;5.0;16.0;14.0;3.0;16.0;241.0;162.0;-14.0;12.0;8.0;-1.0;0.0;0.0;-4.0;0.0;5.0;8.0;16.599;13.561;24.774;92.333;3.786;88.0;95.0;7.161;88.0;15.733;53.0;11.0;5.568;5.0;16.0;9.857;5.305;4.0;16.0;10.571;4.972;3.0;16.0;8.737;25.125;40.679;-11.333;22.121;-32.0;12.0;-3.143;15.269;-32.0;12.0;-2.429;10.427;-32.0;12.0;-1.333;-4.0;0.0;5.714;10.226;-4.0;26.0;4.143;11.292;-15.0;1.363;-12.6;7.7;15.917;-16.45;1.0;-5.0;4.041;3.5;7.0;18.0;9.292;-2.0;12.0;7.0;5.568;1.0;3.786;-18.0;8.0;15.535;-22.0;0.769
1;23;23;0.1;18;-2.0;-5.0;22;-5;8;0.321;0.255;-0.066;0;0;19977;6;0.255;0.255;0.255;12.5;22.0;22.0;22.0;22.0;22.0;23.0;23.0;23.0;23.0;23.0;23.0;23.0;-5.0;-5.0;-5.0;-5.0;-5.0;8.0;8.0;8.0;8.0;8.0;7.071;7.071;7.071;22.0;3.536;22.0;22.0;3.536;22.0;3.536;22.0;23.0;4.95;23.0;23.0;23.0;4.95;23.0;23.0;23.0;4.95;23.0;23.0;11.314;11.314;11.314;-5.0;4.243;-5.0;-5.0;-5.0;4.243;-5.0;-5.0;-5.0;4.243;-5.0;-5.0;8.0;8.0;8.0;8.0;5.657;8.0;8.0;8.0;5.657;8.0;0.568;10.0;-9.9;7.0;5.05;-5.0;8.0;5.657;-1.0;-7.0;3.0;2.121;-5.5;16.0;-4.0;2.828;3.0;2.121;6.0;-10.0;7.071;1.0;3.922
2;16;39;0.23;40;0.0;-5.0;17;-5;0;0.549;0.515;-0.034;0;0;19961;6;0.255;0.255;0.255;12.5;22.0;22.0;22.0;22.0;22.0;23.0;23.0;23.0;23.0;23.0;23.0;23.0;-5.0;-5.0;-5.0;-5.0;-5.0;8.0;8.0;8.0;8.0;8.0;7.071;7.071;7.071;19.5;3.536;17.0;22.0;3.536;17.0;3.536;17.0;19.5;4.95;16.0;23.0;19.5;4.95;16.0;23.0;19.5;4.95;16.0;23.0;11.314;11.314;11.314;-2.0;4.243;-5.0;1.0;-2.0;4.243;-5.0;1.0;-2.0;4.243;-5.0;1.0;4.0;0.0;8.0;4.0;5.657;0.0;8.0;4.0;5.657;0.0;1.324;10.0;-9.9;7.0;5.05;-5.0;8.0;5.657;-1.0;-7.0;3.0;2.121;-5.5;16.0;-4.0;2.828;3.0;2.121;6.0;-10.0;7.071;1.0;3.922
3;12;51;0.36;66;-1.0;-8.0;20;-6;0;0.711;0.659;-0.052;0;0;19949;6;0.515;0.255;0.255;12.5;17.0;22.0;22.0;22.0;22.0;16.0;23.0;23.0;23.0;23.0;23.0;23.0;1.0;-5.0;-5.0;-5.0;-5.0;0.0;8.0;8.0;8.0;8.0;5.803;5.803;5.803;19.667;2.517;17.0;22.0;2.517;17.0;2.517;17.0;17.0;5.568;12.0;23.0;17.0;5.568;12.0;23.0;17.0;5.568;12.0;23.0;14.048;14.048;14.048;-2.333;3.055;-5.0;1.0;-2.333;3.055;-5.0;1.0;-2.333;3.055;-5.0;1.0;2.667;0.0;8.0;2.667;4.619;0.0;8.0;2.667;4.619;0.0;1.13;0.1;-9.9;7.0;5.05;3.0;8.0;5.657;-1.0;-4.0;3.0;2.121;-5.5;12.0;-4.0;2.828;3.0;2.121;-4.0;-10.0;7.071;1.0;1.942
4;16;67;0.49;96;-2.0;-13.0;11;-19;-14;0.826;0.843;0.017;0;0;19933;6;0.659;0.255;0.255;12.5;20.0;17.0;22.0;22.0;22.0;12.0;16.0;23.0;23.0;23.0;23.0;23.0;-3.0;1.0;-5.0;-5.0;-5.0;0.0;0.0;8.0;8.0;8.0;1.473;5.581;5.581;16.0;4.583;11.0;20.0;4.796;11.0;4.796;11.0;14.667;2.309;12.0;16.0;16.75;4.573;12.0;23.0;16.75;4.573;12.0;23.0;14.048;18.619;18.619;-2.333;3.055;-5.0;1.0;-3.0;2.828;-5.0;1.0;-3.0;2.828;-5.0;1.0;-4.667;-14.0;0.0;-1.5;9.147;-14.0;8.0;-1.5;9.147;-14.0;2.282;2.5;2.4;5.164;1.3;-9.0;-12.0;6.11;-3.0;4.0;8.0;5.686;-0.0;16.0;4.0;2.309;-9.5;4.856;-2.0;2.0;5.292;-3.0;1.517
5;12;79;0.62;131;-3.0;-21.0;33;-13;6;0.914;0.84;-0.074;0;0;19921;6;0.843;0.255;0.255;12.5;11.0;20.0;17.0;22.0;22.0;16.0;12.0;16.0;23.0;23.0;23.0;23.0;-5.0;-3.0;1.0;-5.0;-5.0;-14.0;0.0;0.0;8.0;8.0;2.5;5.74;5.74;21.333;11.06;11.0;33.0;8.081;11.0;8.081;11.0;13.333;2.309;12.0;16.0;15.8;4.494;12.0;23.0;15.8;4.494;12.0;23.0;14.048;22.163;22.163;-4.667;1.528;-6.0;-3.0;-3.6;2.793;-6.0;1.0;-3.6;2.793;-6.0;1.0;-2.667;-14.0;6.0;0.0;8.602;-14.0;8.0;0.0;8.602;-14.0;0.836;2.5;0.0;1.386;2.5;22.0;31.0;15.631;6.5;-4.0;-8.0;4.619;0.0;12.0;-4.0;2.309;22.0;11.034;-1.0;1.0;1.528;-1.5;1.186
6;14;93;0.75;170;-1.0;-25.0;23;-20;-7;0.979;0.942;-0.037;0;0;19907;6;0.84;0.255;0.255;12.5;33.0;11.0;20.0;22.0;22.0;12.0;16.0;12.0;23.0;23.0;23.0;23.0;-6.0;-5.0;-3.0;-5.0;-5.0;6.0;-14.0;0.0;8.0;8.0;5.26;7.426;7.426;22.333;11.015;11.0;33.0;7.294;11.0;7.294;11.0;14.0;2.0;12.0;16.0;15.5;4.087;12.0;23.0;15.5;4.087;12.0;23.0;13.013;25.997;25.997;-4.667;1.528;-6.0;-3.0;-3.5;2.51;-6.0;1.0;-3.5;2.51;-6.0;1.0;-5.0;-14.0;6.0;-1.167;8.208;-14.0;8.0;-1.167;8.208;-14.0;1.53;7.6;5.1;2.944;5.05;-10.0;-32.0;18.193;6.0;2.0;6.0;4.163;-1.0;14.0;2.0;2.0;-9.5;11.034;3.0;4.0;2.646;1.0;1.19
7;10;103;0.68;210;0.0;-22.0;36;-16;3;1.029;0.992;-0.037;270;271;19897;6;0.942;0.255;0.255;12.5;23.0;33.0;11.0;22.0;22.0;14.0;12.0;16.0;23.0;23.0;23.0;23.0;-3.0;-6.0;-5.0;-5.0;-5.0;-7.0;6.0;-14.0;8.0;8.0;7.55;9.725;9.725;30.667;6.807;23.0;36.0;8.745;11.0;8.745;11.0;12.0;2.0;10.0;14.0;14.714;4.271;10.0;23.0;14.714;4.271;10.0;23.0;12.055;29.052;29.052;-3.0;3.0;-6.0;0.0;-3.0;2.646;-6.0;1.0;-3.0;2.646;-6.0;1.0;0.667;-7.0;6.0;-0.571;7.656;-14.0;8.0;-0.571;7.656;-14.0;1.186;7.5;-0.1;2.916;7.55;13.0;23.0;16.503;1.5;-4.0;-6.0;3.464;-1.0;10.0;-4.0;2.0;12.5;6.526;3.0;0.0;2.309;3.0;1.062
8;11;114;1.01;260;1.0;-24.0;36;-19;-2;1.068;1.049;-0.019;268;267;19886;6;0.992;0.255;0.255;12.5;36.0;23.0;33.0;22.0;22.0;10.0;14.0;12.0;23.0;23.0;23.0;23.0;0.0;-3.0;-6.0;-5.0;-5.0;3.0;-7.0;6.0;8.0;8.0;6.338;10.165;11.651;31.667;7.506;23.0;36.0;9.957;11.0;9.285;11.0;11.667;2.082;10.0;14.0;13.0;2.38;10.0;16.0;14.25;4.166;10.0;23.0;10.504;27.441;31.993;0.0;3.0;-3.0;3.0;-1.857;3.288;-6.0;3.0;-2.25;3.24;-6.0;3.0;-2.0;-7.0;3.0;-2.0;6.658;-14.0;6.0;-0.75;7.106;-14.0;1.328;5.1;-2.4;1.415;6.3;0.0;-13.0;11.533;6.5;1.0;5.0;3.215;-1.5;11.0;1.0;2.082;0.0;7.217;3.0;0.0;0.0;3.0;1.008
9;15;129;1.14;312;1.0;-21.0;34;-26;-7;1.099;1.124;0.025;274;254;19871;6;1.049;0.515;0.255;12.5;36.0;36.0;23.0;17.0;22.0;11.0;10.0;14.0;16.0;23.0;39.0;23.0;3.0;0.0;-3.0;1.0;-5.0;-2.0;3.0;-7.0;0.0;8.0;6.391;12.432;13.904;35.333;1.155;34.0;36.0;9.71;11.0;9.217;11.0;12.0;2.646;10.0;15.0;12.857;2.193;10.0;16.0;14.333;3.905;10.0;23.0;13.051;27.206;35.606;1.667;1.528;0.0;3.0;-1.714;3.45;-6.0;3.0;-1.778;3.346;-6.0;3.0;-2.0;-7.0;3.0;-3.0;6.831;-14.0;6.0;-1.444;6.966;-14.0;1.629;7.6;2.5;1.415;6.35;-2.0;-2.0;8.145;-1.0;4.0;3.0;4.041;2.5;15.0;4.0;2.646;-1.5;0.866;-1.0;-4.0;2.309;1.0;0.953
10;4;133;1.27;372;1.0;-23.0;49;-22;4;1.129;1.133;0.004;281;270;19867;6;1.124;0.659;0.255;12.5;34.0;36.0;36.0;20.0;22.0;15.0;11.0;10.0;12.0;23.0;51.0;23.0;2.0;3.0;0.0;-3.0;-5.0;-7.0;-2.0;3.0;0.0;8.0;5.26;12.942;15.394;39.667;8.145;34.0;49.0;11.884;11.0;11.377;11.0;10.0;5.568;4.0;15.0;11.714;4.03;4.0;16.0;13.3;4.923;4.0;23.0;10.017;24.724;37.872;2.333;0.577;2.0;3.0;-1.0;3.651;-6.0;3.0;-1.4;3.373;-6.0;3.0;-1.667;-7.0;4.0;-2.429;7.277;-14.0;6.0;-0.9;6.79;-14.0;1.182;2.5;-5.1;2.55;5.05;15.0;17.0;9.292;6.5;-11.0;-15.0;7.937;-3.5;4.0;-11.0;5.568;15.0;8.261;0.0;1.0;2.082;-0.5;0.89
11;6;139;1.4;435;-1.0;-25.0;52;-20;3;1.149;1.139;-0.01;289;285;19861;6;1.133;0.843;0.255;12.5;49.0;34.0;36.0;11.0;22.0;4.0;15.0;11.0;16.0;23.0;67.0;23.0;2.0;2.0;3.0;-5.0;-5.0;4.0;-7.0;-2.0;-14.0;8.0;2.5;12.268;16.5;45.0;9.644;34.0;52.0;9.914;23.0;12.978;11.0;8.333;5.859;4.0;15.0;10.286;4.03;4.0;15.0;12.636;5.163;4.0;23.0;5.033;22.319;39.686;0.333;2.887;-3.0;2.0;-0.714;3.352;-6.0;3.0;-1.545;3.236;-6.0;3.0;0.0;-7.0;4.0;0.0;5.354;-7.0;6.0;-0.545;6.548;-14.0;1.162;2.5;0.0;2.944;2.5;3.0;-12.0;8.737;9.0;2.0;13.0;8.145;-4.5;6.0;2.0;5.859;3.0;9.644;-5.0;-5.0;2.646;-2.5;0.883
12;4;143;1.53;506;-1.0;-31.0;41;-33;-13;1.169;1.185;0.016;297;280;19857;6;1.139;0.84;0.255;12.5;52.0;49.0;34.0;33.0;22.0;6.0;4.0;15.0;12.0;23.0;79.0;23.0;-3.0;2.0;2.0;-6.0;-5.0;3.0;4.0;-7.0;6.0;8.0;3.873;10.688;17.721;47.333;5.686;41.0;52.0;9.759;23.0;12.755;11.0;4.667;1.155;4.0;6.0;9.143;4.562;4.0;15.0;11.917;5.518;4.0;23.0;5.033;19.0;41.015;-1.333;2.887;-3.0;2.0;-0.286;2.69;-3.0;3.0;-1.667;3.114;-6.0;3.0;-2.0;-13.0;4.0;-2.714;6.499;-13.0;4.0;-1.583;7.204;-14.0;1.598;5.1;2.6;1.501;3.8;-11.0;-14.0;13.013;-4.0;-2.0;-4.0;6.658;0.0;4.0;-2.0;1.155;-11.0;5.686;0.0;5.0;2.887;-2.5;0.878
13;9;152;1.68;584;1.0;-33.0;52;-40;-5;1.186;1.218;0.032;305;284;19848;6;1.185;0.942;0.255;12.5;41.0;52.0;49.0;23.0;22.0;4.0;6.0;4.0;14.0;23.0;93.0;23.0;-3.0;-3.0;2.0;-3.0;-5.0;-13.0;3.0;4.0;-7.0;8.0;7.736;10.929;19.686;48.333;6.351;41.0;52.0;7.967;34.0;13.51;11.0;6.333;2.517;4.0;9.0;8.429;4.036;4.0;15.0;11.692;5.345;4.0;23.0;6.658;16.969;42.568;-1.0;3.464;-3.0;3.0;0.571;2.637;-3.0;3.0;-1.308;3.25;-6.0;3.0;-5.0;-13.0;3.0;-2.429;6.321;-13.0;4.0;-1.846;6.962;-14.0;1.454;10.1;5.0;3.863;7.6;11.0;22.0;11.136;0.0;5.0;7.0;3.512;1.5;9.0;5.0;2.517;10.5;6.212;6.0;6.0;5.508;3.0;0.844
14;16;168;1.79;668;0.0;-39.0;88;-13;27;1.208;1.165;-0.043;313;328;19832;6;1.218;0.992;0.255;12.5;52.0;41.0;52.0;36.0;22.0;9.0;4.0;6.0;10.0;23.0;103.0;23.0;3.0;-3.0;-3.0;0.0;-5.0;-5.0;-13.0;3.0;3.0;8.0;6.709;10.936;21.2;60.333;24.583;41.0;88.0;18.191;34.0;19.656;11.0;9.667;6.028;4.0;16.0;9.286;4.957;4.0;16.0;12.0;5.262;4.0;23.0;12.662;17.241;45.051;0.0;3.0;-3.0;3.0;0.571;2.637;-3.0;3.0;-1.214;3.142;-6.0;3.0;3.0;-13.0;27.0;1.0;12.871;-13.0;27.0;0.214;10.207;-14.0;0.889;2.6;-7.5;3.819;6.35;36.0;25.0;23.516;23.5;7.0;2.0;4.726;6.0;16.0;7.0;6.028;36.0;24.387;-3.0;-9.0;4.583;1.5;0.821
15;14;182;1.92;752;1.0;-37.0;51;-27;-14;1.219;1.21;-0.009;320;323;19818;6;1.165;1.049;0.255;12.5;88.0;52.0;41.0;36.0;22.0;16.0;9.0;4.0;11.0;23.0;114.0;23.0;0.0;3.0;-3.0;3.0;-5.0;27.0;-5.0;-13.0;-2.0;8.0;5.3;11.564;21.622;63.667;21.079;51.0;88.0;17.077;34.0;19.514;11.0;13.0;3.606;9.0;16.0;9.714;5.251;4.0;16.0;11.357;4.272;4.0;16.0;15.011;19.364;43.523;1.667;1.528;0.0;3.0;0.429;2.507;-3.0;3.0;-0.714;3.049;-6.0;3.0;2.667;-14.0;27.0;-0.714;14.08;-14.0;27.0;-1.357;10.602;-14.0;1.682;7.6;5.0;3.819;5.1;-37.0;-73.0;37.099;-0.5;-2.0;-9.0;4.726;2.5;14.0;-2.0;3.606;-36.5;20.93;2.0;5.0;4.509;-0.5;0.858
16;8;190;2.06;841;0.0;-36.0;60;-34;-8;1.229;1.237;0.008;327;326;19810;6;1.21;1.124;0.515;22.5;51.0;88.0;52.0;34.0;17.0;14.0;16.0;9.0;15.0;16.0;129.0;39.0;2.0;0.0;3.0;2.0;1.0;-14.0;27.0;-5.0;-7.0;0.0;6.391;12.646;22.596;66.333;19.296;51.0;88.0;15.115;41.0;19.203;11.0;12.667;4.163;8.0;16.0;8.714;4.716;4.0;16.0;10.786;4.136;4.0;16.0;11.136;22.162;42.275;1.0;1.0;0.0;2.0;0.286;2.43;-3.0;3.0;-0.714;3.049;-6.0;3.0;1.667;-14.0;27.0;-0.857;14.159;-14.0;27.0;-1.929;10.738;-14.0;1.515;5.1;-2.5;2.5;6.35;9.0;46.0;36.91;-14.0;-6.0;-4.0;6.658;-4.0;8.0;-6.0;4.163;9.0;19.015;-1.0;-3.0;2.517;0.5;0.826
17;16;206;2.18;936;0.0;-35.0;66;-39;-5;1.239;1.257;0.018;334;332;19794;6;1.237;1.133;0.659;22.6;60.0;51.0;88.0;49.0;20.0;8.0;14.0;16.0;4.0;12.0;133.0;51.0;1.0;2.0;0.0;2.0;-3.0;-8.0;-14.0;27.0;4.0;0.0;5.1;13.021;23.0;59.0;7.55;51.0;66.0;15.142;41.0;19.11;11.0;12.667;4.163;8.0;16.0;10.429;4.894;4.0;16.0;11.071;4.358;4.0;16.0;12.22;25.31;41.84;1.0;1.0;0.0;2.0;0.0;2.309;-3.0;3.0;-0.5;2.981;-6.0;3.0;-9.0;-14.0;-5.0;-2.143;14.053;-14.0;27.0;-2.286;10.752;-14.0;1.455;5.1;-0.0;1.443;5.1;6.0;-3.0;25.736;7.5;8.0;14.0;7.211;1.0;16.0;8.0;4.163;6.0;7.55;-1.0;0.0;1.732;-1.0;0.808
18;6;212;2.31;1036;0.0;-33.0;71;-42;-3;1.249;1.273;0.024;343;340;19788;6;1.257;1.139;0.843;25.1;66.0;60.0;51.0;52.0;11.0;16.0;8.0;14.0;6.0;16.0;139.0;67.0;0.0;1.0;2.0;-3.0;-5.0;-5.0;-8.0;-14.0;3.0;-14.0;5.1;12.45;23.023;65.667;5.508;60.0;71.0;15.467;41.0;17.527;23.0;10.0;5.292;6.0;16.0;10.429;4.894;4.0;16.0;10.357;4.308;4.0;16.0;11.372;26.122;41.505;0.0;1.0;-1.0;1.0;0.286;1.976;-3.0;3.0;-0.214;2.694;-6.0;3.0;-5.333;-8.0;-3.0;-3.0;13.868;-14.0;27.0;-1.5;10.219;-14.0;1.424;5.1;0.0;0.0;5.1;5.0;-1.0;2.082;5.5;-10.0;-18.0;9.452;-1.0;6.0;-10.0;5.292;5.0;5.508;-1.0;0.0;0.0;-1.0;0.796
19;13;225;2.44;1142;0.0;-33.0;78;-42;1;1.259;1.281;0.022;378;352;19775;6;1.273;1.185;0.84;27.6;71.0;66.0;60.0;41.0;33.0;6.0;16.0;8.0;4.0;12.0;143.0;79.0;-1.0;0.0;1.0;-3.0;-6.0;-3.0;-5.0;-8.0;-13.0;6.0;5.1;11.436;22.591;71.667;6.028;66.0;78.0;13.587;51.0;18.387;23.0;11.667;5.132;6.0;16.0;11.714;4.03;6.0;16.0;10.429;4.345;4.0;16.0;9.713;25.669;41.737;-0.333;0.577;-1.0;0.0;0.714;1.38;-1.0;3.0;0.214;2.119;-3.0;3.0;-2.333;-5.0;1.0;-1.0;13.178;-14.0;27.0;-1.857;10.022;-14.0;1.362;5.1;0.0;0.0;5.1;7.0;2.0;1.0;6.0;7.0;17.0;10.116;-1.5;13.0;7.0;5.132;7.0;6.028;1.0;2.0;1.155;-0.0;0.786
20;8;233;2.57;1256;1.0;-31.0;82;-19;2;1.272;1.292;0.02;383;363;19767;6;1.281;1.218;0.942;35.2;78.0;71.0;66.0;52.0;23.0;13.0;6.0;16.0;9.0;14.0;152.0;93.0;0.0;-1.0;0.0;3.0;-3.0;1.0;-3.0;-5.0;-5.0;-7.0;7.79;12.859;23.02;77.0;5.568;71.0;82.0;12.941;51.0;17.823;34.0;9.0;3.606;6.0;13.0;11.571;4.158;6.0;16.0;10.0;4.261;4.0;16.0;10.599;23.471;42.158;0.333;1.528;-1.0;2.0;0.571;1.134;-1.0;2.0;0.571;1.95;-3.0;3.0;0.0;-3.0;2.0;0.0;13.089;-14.0;27.0;-1.214;9.955;-14.0;1.42;10.2;5.1;2.944;7.65;4.0;-3.0;1.528;5.5;-5.0;-12.0;8.737;1.0;8.0;-5.0;3.606;4.0;5.568;2.0;1.0;1.528;1.5;0.781
21;8;241;2.7;1382;1.0;-35.0;91;-30;9;1.294;1.296;0.002;387;377;19759;6;1.292;1.165;0.992;42.7;82.0;78.0;71.0;88.0;36.0;8.0;13.0;6.0;16.0;10.0;168.0;103.0;2.0;0.0;-1.0;0.0;0.0;2.0;1.0;-3.0;27.0;3.0;7.79;13.074;23.579;83.667;6.658;78.0;91.0;13.635;51.0;18.901;34.0;9.667;2.887;8.0;13.0;10.429;3.823;6.0;16.0;9.857;4.294;4.0;16.0;8.0;21.861;42.338;1.0;1.0;0.0;2.0;0.714;1.113;-1.0;2.0;0.643;1.946;-3.0;3.0;4.0;1.0;9.0;-2.571;7.458;-14.0;9.0;-0.786;10.275;-14.0;1.335;5.1;-5.1;2.944;7.65;9.0;5.0;2.517;6.5;0.0;5.0;6.028;-2.5;8.0;0.0;2.887;9.0;6.658;-1.0;-3.0;1.528;0.5;0.774
22;10;251;2.83;1517;0.0;-44.0;83;-31;-1;1.137;1.313;0.176;391;384;19749;6;1.296;1.21;1.049;47.8;91.0;82.0;78.0;51.0;36.0;8.0;8.0;13.0;14.0;11.0;182.0;114.0;1.0;2.0;0.0;2.0;3.0;9.0;2.0;1.0;-14.0;-2.0;5.1;13.447;23.992;85.333;4.933;82.0;91.0;10.761;60.0;18.326;34.0;8.667;1.155;8.0;10.0;9.857;3.485;6.0;16.0;9.786;4.282;4.0;16.0;9.018;21.251;42.683;1.333;0.577;1.0;2.0;0.571;0.976;-1.0;2.0;0.5;1.829;-3.0;3.0;3.333;-1.0;9.0;-0.714;5.499;-8.0;9.0;-0.714;10.269;-14.0;1.525;5.1;0.0;2.944;5.1;-8.0;-17.0;8.737;0.5;2.0;2.0;3.606;1.0;10.0;2.0;1.155;-8.0;4.933;0.0;1.0;1.528;-0.5;0.772
23;5;256;2.96;1656;2.0;-46.0;86;-31;0;1.337;1.333;-0.004;394;389;19744;6;1.313;1.237;1.124;55.4;83.0;91.0;82.0;60.0;34.0;10.0;8.0;8.0;8.0;15.0;190.0;129.0;1.0;1.0;2.0;1.0;2.0;-1.0;9.0;2.0;-8.0;-7.0;7.79;14.638;25.214;86.667;4.041;83.0;91.0;8.658;66.0;16.965;41.0;7.667;2.517;5.0;10.0;9.429;3.91;5.0;16.0;9.071;4.178;4.0;16.0;7.638;18.903;43.13;2.333;2.309;1.0;5.0;1.143;1.952;-1.0;5.0;0.714;2.164;-3.0;5.0;2.667;-1.0;9.0;0.429;4.467;-5.0;9.0;-0.214;10.108;-14.0;1.591;10.2;5.1;2.944;7.65;3.0;11.0;8.622;-2.5;-5.0;-7.0;3.606;-1.5;5.0;-5.0;2.517;3.0;4.041;4.0;4.0;2.646;2.0;0.762
24;12;268;3.09;1803;0.0;-56.0;102;-17;14;1.36;1.334;-0.026;397;404;19732;6;1.333;1.257;1.133;57.9;86.0;83.0;91.0;66.0;49.0;5.0;10.0;8.0;16.0;4.0;206.0;133.0;5.0;1.0;1.0;0.0;2.0;0.0;-1.0;9.0;-5.0;4.0;5.889;13.945;25.292;90.333;10.214;83.0;102.0;9.861;71.0;18.295;41.0;9.0;3.606;5.0;12.0;8.857;2.968;5.0;13.0;9.643;3.973;4.0;16.0;8.737;19.213;43.276;1.667;3.055;-1.0;5.0;1.0;2.082;-1.0;5.0;0.5;2.175;-3.0;5.0;4.333;-1.0;14.0;3.143;6.094;-3.0;14.0;0.5;10.761;-14.0;1.341;0.0;-10.2;5.1;5.1;16.0;13.0;12.014;9.5;7.0;12.0;6.028;1.0;12.0;7.0;3.606;16.0;10.214;-6.0;-10.0;5.033;-1.0;0.75
25;8;276;3.22;1958;0.0;-67.0;118;10;28;1.382;1.324;-0.058;400;425;19724;6;1.334;1.273;1.139;60.4;102.0;86.0;83.0;71.0;52.0;12.0;5.0;10.0;6.0;6.0;212.0;139.0;-1.0;5.0;1.0;-1.0;-3.0;14.0;0.0;-1.0;-3.0;3.0;4.446;13.377;25.191;102.0;16.0;86.0;118.0;14.07;78.0;21.128;41.0;8.333;3.512;5.0;12.0;9.143;2.734;5.0;13.0;9.786;3.867;4.0;16.0;10.066;18.403;42.76;1.333;3.215;-1.0;5.0;1.143;1.952;-1.0;5.0;0.714;1.939;-3.0;5.0;14.0;0.0;28.0;7.571;10.533;-1.0;28.0;2.286;13.041;-14.0;1.225;7.7;7.7;5.316;3.85;16.0;0.0;7.506;16.0;-4.0;-11.0;6.658;1.5;8.0;-4.0;3.512;16.0;16.0;1.0;7.0;5.132;-2.5;0.75
26;10;286;3.35;2120;1.0;-77.0;65;-17;-27;1.405;1.368;-0.037;402;414;19714;6;1.324;1.281;1.185;65.5;118.0;102.0;86.0;78.0;41.0;8.0;12.0;5.0;13.0;4.0;225.0;143.0;0.0;-1.0;5.0;0.0;-3.0;28.0;14.0;0.0;1.0;-13.0;7.7;12.757;25.165;95.0;27.185;65.0;118.0;16.742;65.0;18.894;51.0;10.0;2.0;8.0;12.0;8.714;2.215;5.0;12.0;10.214;3.49;5.0;16.0;9.018;19.024;41.425;0.333;1.528;-1.0;2.0;1.429;1.902;-1.0;5.0;1.071;1.639;-1.0;5.0;5.0;-27.0;28.0;3.571;16.861;-27.0;28.0;1.286;14.731;-27.0;2.342;7.7;0.0;4.446;7.7;-53.0;-69.0;39.837;-18.5;2.0;6.0;5.508;-1.0;10.0;2.0;2.0;-53.0;27.185;2.0;1.0;4.359;1.5;0.755
27;15;301;3.4;2285;1.0;-84.0;87;-24;-7;1.426;1.393;-0.033;404;414;19699;6;1.368;1.292;1.218;75.6;65.0;118.0;102.0;82.0;52.0;10.0;8.0;12.0;8.0;9.0;233.0;152.0;2.0;0.0;-1.0;2.0;3.0;-27.0;28.0;14.0;2.0;-5.0;6.49;12.985;25.546;90.0;26.627;65.0;118.0;16.469;65.0;17.439;51.0;11.0;3.606;8.0;15.0;9.714;3.2;5.0;15.0;10.643;3.692;5.0;16.0;12.583;20.967;40.435;1.0;1.0;0.0;2.0;1.286;1.89;-1.0;5.0;0.929;1.542;-1.0;5.0;-2.0;-27.0;28.0;2.286;17.337;-27.0;28.0;1.143;14.806;-27.0;1.809;5.2;-2.5;1.443;6.45;22.0;75.0;41.677;-15.5;5.0;3.0;4.583;3.5;15.0;5.0;3.606;22.0;26.627;-1.0;-3.0;1.528;0.5;0.731
28;15;316;3.61;2455;-1.0;-94.0;87;-31;-8;1.446;1.416;-0.03;405;414;19684;6;1.393;1.296;1.165;78.2;87.0;65.0;118.0;91.0;88.0;15.0;10.0;8.0;8.0;16.0;241.0;168.0;1.0;2.0;0.0;1.0;0.0;-7.0;-27.0;28.0;9.0;27.0;3.972;12.273;25.122;79.667;12.702;65.0;87.0;16.51;65.0;17.408;51.0;13.333;2.887;10.0;15.0;10.714;3.638;5.0;15.0;10.571;3.589;5.0;16.0;15.0;23.611;40.816;0.333;2.082;-2.0;2.0;0.857;2.268;-2.0;5.0;0.786;1.718;-2.0;5.0;-14.0;-27.0;-7.0;-0.143;17.43;-27.0;28.0;-1.357;12.941;-27.0;1.839;2.6;-2.6;2.55;3.9;0.0;-22.0;38.553;11.0;0.0;-5.0;2.517;2.5;15.0;0.0;2.887;0.0;12.702;-3.0;-2.0;2.517;-2.0;0.718
29;15;331;3.74;2635;-8.0;-127.0;164;37;68;1.47;1.37;-1468.63;406;453;19669;6;1.416;1.313;1.21;85.8;87.0;87.0;65.0;83.0;51.0;15.0;15.0;10.0;10.0;14.0;251.0;182.0;-2.0;1.0;2.0;1.0;2.0;-8.0;-7.0;-27.0;-1.0;-14.0;6.652;9.25;23.296;112.667;44.456;87.0;164.0;32.071;65.0;26.5;60.0;15.0;0.0;15.0;15.0;11.429;3.952;5.0;15.0;10.643;3.671;5.0;16.0;15.0;26.857;42.264;-7.333;11.93;-21.0;1.0;-2.286;8.558;-21.0;5.0;-0.857;6.037;-21.0;5.0;17.667;-8.0;68.0;9.714;31.052;-27.0;68.0;4.5;22.097;-27.0;0.899;-12.6;-15.2;9.615;-5.0;77.0;77.0;39.661;38.5;0.0;0.0;2.887;0.0;15.0;0.0;0.0;77.0;44.456;-19.0;-16.0;9.866;-11.0;0.706
1;19;19;0.1;18;0.0;0.0;22;8;8;0.321;0.28;-0.041;0;0;19481;7;0.28;0.28;0.28;18.0;22.0;22.0;22.0;22.0;22.0;19.0;19.0;19.0;19.0;19.0;19.0;19.0;0.0;0.0;0.0;0.0;0.0;8.0;8.0;8.0;8.0;8.0;1.768;1.768;1.768;22.0;3.536;22.0;22.0;3.536;22.0;3.536;22.0;19.0;11.314;19.0;19.0;19.0;11.314;19.0;19.0;19.0;11.314;19.0;19.0;2.121;2.121;2.121;0.0;0.707;0.0;0.0;0.0;0.707;0.0;0.0;0.0;0.707;0.0;0.0;8.0;8.0;8.0;8.0;5.657;8.0;8.0;8.0;5.657;8.0;0.818;2.5;2.7;1.909;3.85;-5.0;14.0;9.899;2.0;-16.0;28.0;19.799;-2.0;3.0;12.0;8.485;9.0;6.364;-1.0;2.0;1.414;-0.0;3.571
2;3;22;0.23;40;-1.0;-1.0;17;8;0;0.549;0.475;-0.074;0;0;19478;7;0.28;0.28;0.28;18.0;22.0;22.0;22.0;22.0;22.0;19.0;19.0;19.0;19.0;19.0;19.0;19.0;0.0;0.0;0.0;0.0;0.0;8.0;8.0;8.0;8.0;8.0;1.768;1.768;1.768;19.5;3.536;17.0;22.0;3.536;17.0;3.536;17.0;11.0;11.314;3.0;19.0;11.0;11.314;3.0;19.0;11.0;11.314;3.0;19.0;2.121;2.121;2.121;-0.5;0.707;-1.0;0.0;-0.5;0.707;-1.0;0.0;-0.5;0.707;-1.0;0.0;4.0;0.0;8.0;4.0;5.657;0.0;8.0;4.0;5.657;0.0;1.206;2.5;2.7;1.909;3.85;-5.0;14.0;9.899;2.0;-16.0;28.0;19.799;-2.0;3.0;12.0;8.485;9.0;6.364;-1.0;2.0;1.414;-0.0;3.571
3;15;37;0.36;66;0.0;-2.0;26;13;6;0.711;0.6;-0.111;0;0;19463;7;0.475;0.28;0.28;18.0;17.0;22.0;22.0;22.0;22.0;3.0;19.0;19.0;19.0;19.0;19.0;19.0;-1.0;0.0;0.0;0.0;0.0;0.0;8.0;8.0;8.0;8.0;3.928;3.928;3.928;21.667;4.509;17.0;26.0;4.509;17.0;4.509;17.0;12.333;8.327;3.0;19.0;12.333;8.327;3.0;19.0;12.333;8.327;3.0;19.0;9.644;9.644;9.644;-0.333;0.577;-1.0;0.0;-0.333;0.577;-1.0;0.0;-0.333;0.577;-1.0;0.0;4.667;0.0;8.0;4.667;4.163;0.0;8.0;4.667;4.163;0.0;0.988;5.2;2.7;1.909;3.85;9.0;14.0;9.899;2.0;12.0;28.0;19.799;-2.0;15.0;12.0;8.485;9.0;6.364;1.0;2.0;1.414;-0.0;2.105
4;10;47;0.49;96;-1.0;-4.0;24;14;0;0.826;0.706;-0.12;0;0;19453;7;0.6;0.28;0.28;18.0;26.0;17.0;22.0;22.0;22.0;15.0;3.0;19.0;19.0;19.0;19.0;19.0;0.0;-1.0;0.0;0.0;0.0;6.0;0.0;8.0;8.0;8.0;3.972;4.711;4.711;22.333;4.726;17.0;26.0;3.862;17.0;3.862;17.0;9.333;6.028;3.0;15.0;11.75;6.898;3.0;19.0;11.75;6.898;3.0;19.0;12.583;13.124;13.124;-1.0;1.0;-2.0;0.0;-0.75;0.957;-2.0;0.0;-0.75;0.957;-2.0;0.0;2.0;0.0;6.0;3.5;4.123;0.0;8.0;3.5;4.123;0.0;1.179;2.6;-2.6;1.531;3.9;-2.0;-11.0;7.371;3.5;-5.0;-17.0;14.107;3.5;10.0;-5.0;6.028;-2.0;4.726;-2.0;-3.0;1.528;-0.5;1.667
5;2;49;0.62;131;0.0;-5.0;30;17;3;0.914;0.782;-0.132;0;0;19451;7;0.706;0.28;0.28;18.0;24.0;26.0;17.0;22.0;22.0;10.0;15.0;3.0;19.0;19.0;19.0;19.0;-2.0;0.0;-1.0;0.0;0.0;0.0;6.0;0.0;8.0;8.0;3.917;6.145;6.145;26.667;3.055;24.0;30.0;4.817;17.0;4.817;17.0;9.0;6.557;2.0;15.0;9.8;7.396;2.0;19.0;9.8;7.396;2.0;19.0;6.429;13.864;13.864;-1.0;1.0;-2.0;0.0;-0.8;0.837;-2.0;0.0;-0.8;0.837;-2.0;0.0;3.0;0.0;6.0;3.4;3.578;0.0;8.0;3.4;3.578;0.0;1.113;5.1;2.5;1.473;3.85;6.0;8.0;5.686;2.0;-8.0;-3.0;10.786;-6.5;2.0;-8.0;6.557;6.0;3.055;1.0;3.0;1.732;-0.5;1.416
6;15;64;0.75;170;0.0;-6.0;24;11;-6;0.979;0.889;-0.09;0;0;19436;7;0.782;0.28;0.28;18.0;30.0;24.0;26.0;22.0;22.0;2.0;10.0;15.0;19.0;19.0;19.0;19.0;-1.0;-2.0;0.0;0.0;0.0;3.0;0.0;6.0;8.0;8.0;5.15;7.76;7.76;26.0;3.464;24.0;30.0;4.309;17.0;4.309;17.0;9.0;6.557;2.0;15.0;10.667;6.947;2.0;19.0;10.667;6.947;2.0;19.0;9.292;17.201;17.201;-0.667;1.528;-2.0;1.0;-0.5;1.049;-2.0;1.0;-0.5;1.049;-2.0;1.0;-1.0;-6.0;3.0;1.833;4.997;-6.0;8.0;1.833;4.997;-6.0;1.608;5.2;0.1;1.473;5.15;-6.0;-12.0;6.11;0.0;13.0;21.0;11.358;2.5;15.0;13.0;6.557;-6.0;3.464;2.0;1.0;2.082;1.5;1.279
7;10;74;0.68;210;0.0;-2.0;37;17;4;1.029;0.938;-0.091;270;337;19426;7;0.889;0.28;0.28;18.0;24.0;30.0;24.0;22.0;22.0;15.0;2.0;10.0;19.0;19.0;19.0;19.0;1.0;-1.0;-2.0;0.0;0.0;-6.0;3.0;0.0;8.0;8.0;5.2;9.409;9.409;30.333;6.506;24.0;37.0;6.343;17.0;6.343;17.0;9.0;6.557;2.0;15.0;10.571;6.347;2.0;19.0;10.571;6.347;2.0;19.0;12.583;20.37;20.37;0.333;1.155;-1.0;1.0;-0.286;1.113;-2.0;1.0;-0.286;1.113;-2.0;1.0;0.333;-6.0;4.0;2.143;4.634;-6.0;8.0;2.143;4.634;-6.0;1.184;5.2;-0.0;0.058;5.2;13.0;19.0;9.609;3.5;-5.0;-18.0;11.358;4.0;10.0;-5.0;6.557;13.0;6.506;0.0;-2.0;1.0;1.0;1.125
8;3;77;1.01;260;1.0;-5.0;34;12;-3;1.068;0.994;-0.074;268;321;19423;7;0.938;0.28;0.28;18.0;37.0;24.0;30.0;22.0;22.0;10.0;15.0;2.0;19.0;19.0;19.0;19.0;1.0;1.0;-1.0;0.0;0.0;4.0;-6.0;3.0;8.0;8.0;3.928;9.593;10.492;31.667;6.807;24.0;37.0;6.779;17.0;6.563;17.0;9.333;6.028;3.0;15.0;8.286;5.648;2.0;15.0;9.625;6.457;2.0;19.0;6.807;20.029;22.071;1.0;0.0;1.0;1.0;-0.143;1.215;-2.0;1.0;-0.125;1.126;-2.0;1.0;-1.667;-6.0;4.0;0.571;4.158;-6.0;6.0;1.5;4.66;-6.0;1.362;2.5;-2.7;1.559;3.85;-3.0;-16.0;10.214;5.0;-7.0;-2.0;11.015;-6.0;3.0;-7.0;6.028;-3.0;6.807;0.0;0.0;1.155;0.0;1.066
9;3;80;1.14;312;-1.0;-6.0;42;13;1;1.099;1.027;-0.072;274;321;19420;7;0.994;0.475;0.28;18.0;34.0;37.0;24.0;17.0;22.0;3.0;10.0;15.0;3.0;19.0;22.0;19.0;1.0;1.0;1.0;-1.0;0.0;-3.0;4.0;-6.0;0.0;8.0;3.928;9.586;11.804;37.667;4.041;34.0;42.0;6.952;24.0;7.97;17.0;5.333;4.041;3.0;10.0;8.286;5.648;2.0;15.0;8.889;6.431;2.0;19.0;3.0;16.886;23.143;0.0;1.732;-2.0;1.0;-0.286;1.38;-2.0;1.0;-0.333;1.225;-2.0;1.0;0.667;-3.0;4.0;0.714;4.152;-6.0;6.0;1.444;4.362;-6.0;1.226;5.2;2.7;1.559;3.85;8.0;11.0;8.185;2.5;0.0;7.0;3.606;-3.5;3.0;0.0;4.041;8.0;4.041;-3.0;-3.0;1.732;-1.5;1.006
10;2;82;1.27;372;0.0;-9.0;47;15;2;1.129;1.051;-0.078;281;327;19418;7;1.027;0.6;0.28;18.0;42.0;34.0;37.0;26.0;22.0;3.0;3.0;10.0;15.0;19.0;37.0;19.0;-2.0;1.0;1.0;0.0;0.0;1.0;-3.0;4.0;6.0;8.0;5.15;9.962;13.224;41.0;6.557;34.0;47.0;8.737;24.0;9.534;17.0;2.667;0.577;2.0;3.0;6.429;5.192;2.0;15.0;8.2;6.443;2.0;19.0;2.517;14.57;23.779;0.0;1.732;-2.0;1.0;-0.143;1.464;-2.0;1.0;-0.2;1.229;-2.0;1.0;0.0;-3.0;2.0;0.143;3.532;-6.0;4.0;1.5;4.116;-6.0;1.204;5.1;-0.1;1.531;5.15;5.0;-3.0;5.686;6.5;-1.0;-1.0;3.786;-0.5;2.0;-1.0;0.577;5.0;6.557;3.0;6.0;3.0;-0.0;0.974
11;2;84;1.4;435;0.0;-10.0;49;14;0;1.149;1.077;-0.072;289;331;19416;7;1.051;0.706;0.28;18.0;47.0;42.0;34.0;24.0;22.0;2.0;3.0;3.0;10.0;19.0;47.0;19.0;1.0;-2.0;1.0;-2.0;0.0;2.0;1.0;-3.0;0.0;8.0;5.15;9.97;14.719;46.0;3.606;42.0;49.0;9.071;24.0;10.658;17.0;2.333;0.577;2.0;3.0;5.286;5.155;2.0;15.0;7.636;6.392;2.0;19.0;2.0;12.415;24.183;-0.667;1.528;-2.0;1.0;0.0;1.291;-2.0;1.0;-0.273;1.191;-2.0;1.0;1.0;0.0;2.0;0.143;3.532;-6.0;4.0;1.364;3.931;-6.0;1.261;5.2;0.1;0.058;5.15;2.0;-3.0;3.0;3.5;0.0;1.0;0.577;-0.5;2.0;0.0;0.577;2.0;3.606;-2.0;-5.0;3.215;0.5;0.951
12;4;88;1.53;506;0.0;-15.0;54;14;0;1.169;1.097;-0.072;297;339;19412;7;1.077;0.782;0.28;18.0;49.0;47.0;42.0;30.0;22.0;2.0;2.0;3.0;2.0;19.0;49.0;19.0;-1.0;1.0;-2.0;-1.0;0.0;0.0;2.0;1.0;3.0;8.0;5.2;10.177;16.255;50.0;3.606;47.0;54.0;10.198;24.0;11.984;17.0;2.667;1.155;2.0;4.0;5.571;4.995;2.0;15.0;7.333;6.184;2.0;19.0;3.055;7.829;24.658;-0.333;1.155;-1.0;1.0;0.0;1.291;-2.0;1.0;-0.333;1.155;-2.0;1.0;0.667;0.0;2.0;-0.286;3.302;-6.0;4.0;1.25;3.769;-6.0;1.241;5.2;0.0;0.058;5.2;5.0;3.0;1.732;3.5;2.0;2.0;1.528;1.0;4.0;2.0;1.155;5.0;3.606;0.0;2.0;2.517;-1.0;0.929
13;6;94;1.68;584;0.0;-20.0;58;14;2;1.186;1.114;-0.072;305;348;19406;7;1.097;0.889;0.28;18.0;54.0;49.0;47.0;24.0;22.0;4.0;2.0;2.0;15.0;19.0;64.0;19.0;-1.0;-1.0;1.0;1.0;0.0;0.0;0.0;2.0;-6.0;8.0;5.15;10.569;17.799;53.667;4.509;49.0;58.0;8.745;34.0;13.288;17.0;4.0;2.0;2.0;6.0;4.286;2.87;2.0;10.0;7.231;5.932;2.0;19.0;5.033;6.751;25.396;-1.0;0.0;-1.0;-1.0;-0.286;1.254;-2.0;1.0;-0.385;1.121;-2.0;1.0;0.667;0.0;2.0;0.857;2.193;-3.0;4.0;1.308;3.614;-6.0;1.243;5.1;-0.1;0.058;5.15;4.0;-1.0;1.528;4.5;2.0;0.0;1.155;2.0;6.0;2.0;2.0;4.0;4.509;0.0;0.0;1.155;-0.0;0.912
14;13;107;1.79;668;0.0;-27.0;53;6;-8;1.208;1.147;-0.061;313;346;19393;7;1.114;0.938;0.28;18.0;58.0;54.0;49.0;37.0;22.0;6.0;4.0;2.0;10.0;19.0;74.0;19.0;-1.0;-1.0;-1.0;1.0;0.0;2.0;0.0;0.0;4.0;8.0;5.15;11.156;19.358;55.0;2.646;53.0;58.0;8.112;34.0;13.579;17.0;7.667;4.726;4.0;13.0;4.714;3.904;2.0;13.0;7.643;5.904;2.0;19.0;9.713;10.261;27.104;-1.0;0.0;-1.0;-1.0;-0.571;1.134;-2.0;1.0;-0.429;1.089;-2.0;1.0;-2.0;-8.0;2.0;-0.857;3.579;-8.0;2.0;0.643;4.272;-8.0;1.458;5.2;0.1;0.058;5.15;-5.0;-9.0;5.508;-0.5;7.0;5.0;2.887;4.5;13.0;7.0;4.726;-5.0;2.646;0.0;0.0;0.0;-0.0;0.898
15;6;113;1.92;752;-1.0;-29.0;67;8;2;1.219;1.156;-0.063;320;359;19387;7;1.147;0.994;0.28;18.0;53.0;58.0;54.0;34.0;22.0;13.0;6.0;4.0;3.0;19.0;77.0;19.0;-1.0;-1.0;-1.0;1.0;0.0;-8.0;2.0;0.0;-3.0;8.0;5.2;11.164;19.906;59.333;7.095;53.0;67.0;8.112;42.0;15.022;17.0;8.333;4.041;6.0;13.0;5.143;3.848;2.0;13.0;6.714;4.921;2.0;15.0;9.713;12.856;26.193;-1.0;0.0;-1.0;-1.0;-0.857;0.9;-2.0;1.0;-0.5;1.092;-2.0;1.0;-1.333;-8.0;2.0;-0.143;3.579;-8.0;2.0;0.214;3.745;-8.0;1.231;5.2;0.0;0.058;5.2;14.0;19.0;9.504;4.5;-7.0;-14.0;7.095;0.0;6.0;-7.0;4.041;14.0;7.095;0.0;0.0;0.0;-0.0;0.872
16;11;124;2.06;841;-1.0;-30.0;76;17;8;1.229;1.156;-0.073;327;377;19376;7;1.156;1.027;0.475;20.5;67.0;53.0;58.0;42.0;17.0;6.0;13.0;6.0;3.0;3.0;80.0;22.0;-1.0;-1.0;-1.0;-2.0;-1.0;2.0;-8.0;2.0;1.0;0.0;5.2;11.187;20.244;65.333;11.59;53.0;76.0;10.388;47.0;16.256;24.0;10.0;3.606;6.0;13.0;6.286;4.271;2.0;13.0;7.286;4.921;2.0;15.0;8.622;16.046;25.167;-1.333;0.577;-2.0;-1.0;-0.857;0.9;-2.0;1.0;-0.571;1.158;-2.0;1.0;0.667;-8.0;8.0;0.857;4.741;-8.0;8.0;0.786;4.282;-8.0;1.154;5.2;0.0;0.0;5.2;9.0;-5.0;9.849;11.5;5.0;12.0;7.572;-1.0;11.0;5.0;3.606;9.0;11.59;-1.0;-1.0;0.577;-0.5;0.865
17;10;134;2.18;936;0.0;-29.0;71;17;0;1.239;1.173;-0.066;334;385;19366;7;1.156;1.051;0.6;25.7;76.0;67.0;53.0;47.0;26.0;11.0;6.0;13.0;2.0;15.0;82.0;37.0;-2.0;-1.0;-1.0;1.0;0.0;8.0;2.0;-8.0;2.0;6.0;6.543;11.823;21.005;71.333;4.509;67.0;76.0;10.221;49.0;16.787;24.0;9.0;2.646;6.0;11.0;7.429;3.994;2.0;13.0;6.929;4.48;2.0;15.0;10.504;18.75;25.764;-1.0;1.0;-2.0;0.0;-1.0;0.577;-2.0;0.0;-0.571;1.158;-2.0;1.0;3.333;0.0;8.0;0.571;4.721;-8.0;8.0;0.357;4.012;-8.0;1.345;7.8;2.6;1.501;6.5;-5.0;-14.0;9.849;2.0;-1.0;-6.0;6.0;2.0;10.0;-1.0;2.646;-5.0;4.509;2.0;3.0;1.528;0.5;0.865
18;12;146;2.31;1036;1.0;-26.0;74;17;0;1.249;1.193;-0.056;343;391;19354;7;1.173;1.077;0.706;28.3;71.0;76.0;67.0;49.0;24.0;10.0;11.0;6.0;2.0;10.0;84.0;47.0;0.0;-2.0;-1.0;-1.0;-2.0;0.0;8.0;2.0;0.0;0.0;7.8;12.879;21.8;73.667;2.517;71.0;76.0;9.621;53.0;16.705;24.0;11.0;1.0;10.0;12.0;8.857;3.485;4.0;13.0;7.071;4.615;2.0;15.0;11.015;20.98;27.49;-0.333;1.528;-2.0;1.0;-0.714;0.951;-2.0;1.0;-0.357;1.151;-2.0;1.0;2.667;0.0;8.0;0.571;4.721;-8.0;8.0;0.357;4.012;-8.0;1.396;7.8;0.0;1.501;7.8;3.0;8.0;7.024;-1.0;2.0;3.0;3.0;0.5;12.0;2.0;1.0;3.0;2.517;1.0;-1.0;1.528;1.5;0.853
19;19;165;2.44;1142;0.0;-26.0;79;18;2;1.259;1.205;-0.054;378;401;19335;7;1.193;1.097;0.782;33.4;74.0;71.0;76.0;54.0;30.0;12.0;10.0;11.0;4.0;2.0;88.0;49.0;1.0;0.0;-2.0;-1.0;-1.0;0.0;0.0;8.0;0.0;3.0;5.453;12.922;22.201;74.667;4.041;71.0;79.0;9.621;53.0;17.064;24.0;13.667;4.726;10.0;19.0;11.0;4.472;6.0;19.0;8.286;5.355;2.0;19.0;15.631;24.3;30.228;0.333;0.577;0.0;1.0;-0.571;0.976;-2.0;1.0;-0.286;1.139;-2.0;1.0;0.667;0.0;2.0;0.857;4.741;-8.0;8.0;0.286;3.97;-8.0;1.342;2.7;-5.1;2.944;5.25;5.0;2.0;5.292;4.0;7.0;5.0;4.041;4.5;19.0;7.0;4.726;5.0;4.041;-1.0;-2.0;1.528;0.0;0.838
20;11;176;2.57;1256;1.0;-23.0;85;44;5;1.272;1.219;-0.053;383;411;19324;7;1.205;1.114;0.889;38.6;79.0;74.0;71.0;58.0;24.0;19.0;12.0;10.0;6.0;15.0;94.0;64.0;0.0;1.0;0.0;-1.0;1.0;2.0;0.0;0.0;2.0;-6.0;6.917;13.958;23.256;79.333;5.508;74.0;85.0;10.205;53.0;16.413;34.0;14.0;4.359;11.0;19.0;11.714;3.904;6.0;19.0;8.0;5.069;2.0;19.0;15.177;25.932;33.913;1.0;1.0;0.0;2.0;-0.143;1.345;-2.0;2.0;-0.214;1.251;-2.0;2.0;2.333;0.0;5.0;1.286;4.99;-8.0;8.0;1.071;3.71;-8.0;1.369;10.4;7.7;3.917;6.55;6.0;1.0;1.528;5.5;-8.0;-15.0;7.638;-0.5;11.0;-8.0;4.359;6.0;5.508;2.0;3.0;1.528;0.5;0.83
21;10;186;2.7;1382;0.0;-30.0;71;13;-11;1.294;1.249;-0.045;387;409;19314;7;1.219;1.147;0.938;43.8;85.0;79.0;74.0;53.0;37.0;11.0;19.0;12.0;13.0;10.0;107.0;74.0;2.0;0.0;1.0;-1.0;1.0;5.0;2.0;0.0;-8.0;4.0;6.917;13.8;23.868;78.333;7.024;71.0;85.0;5.964;67.0;15.391;34.0;13.333;4.933;10.0;19.0;11.286;3.904;6.0;19.0;8.0;5.069;2.0;19.0;10.504;27.413;37.694;0.333;1.528;-1.0;2.0;-0.143;1.345;-2.0;2.0;-0.357;1.216;-2.0;2.0;-1.333;-11.0;5.0;0.857;5.956;-11.0;8.0;0.0;4.804;-11.0;1.677;2.7;-7.7;4.446;6.55;-14.0;-20.0;11.269;-4.0;-1.0;7.0;7.506;-4.5;10.0;-1.0;4.933;-14.0;7.024;-3.0;-5.0;2.517;-0.5;0.82
22;16;202;2.83;1517;0.0;-38.0;76;5;-8;1.137;1.277;0.14;391;408;19298;7;1.249;1.156;0.994;46.3;71.0;85.0;79.0;67.0;34.0;10.0;11.0;19.0;6.0;3.0;113.0;77.0;-1.0;2.0;0.0;-1.0;1.0;-11.0;5.0;2.0;2.0;-3.0;5.508;13.839;24.412;77.333;7.095;71.0;85.0;4.899;71.0;13.625;42.0;12.333;3.215;10.0;16.0;12.714;3.45;10.0;19.0;8.929;5.269;2.0;19.0;13.115;28.475;41.749;0.667;1.528;-1.0;2.0;0.143;1.345;-2.0;2.0;-0.357;1.216;-2.0;2.0;-4.667;-11.0;5.0;-0.571;6.779;-11.0;8.0;-0.357;5.213;-11.0;1.671;7.9;5.2;3.928;5.3;5.0;19.0;11.269;-4.5;6.0;7.0;7.0;2.5;16.0;6.0;3.215;5.0;7.095;2.0;5.0;2.887;-0.5;0.801
23;10;212;2.96;1656;0.0;-45.0;97;16;11;1.337;1.284;-0.053;394;420;19288;7;1.277;1.156;1.027;51.5;76.0;71.0;85.0;76.0;42.0;16.0;10.0;11.0;11.0;3.0;124.0;80.0;1.0;-1.0;2.0;-2.0;-2.0;-8.0;-11.0;5.0;8.0;1.0;6.596;13.244;24.804;81.333;13.796;71.0;97.0;9.327;71.0;14.558;47.0;12.0;3.464;10.0;16.0;12.571;3.552;10.0;19.0;9.429;4.988;2.0;19.0;13.115;28.401;45.041;0.0;1.0;-1.0;1.0;0.429;0.976;-1.0;2.0;-0.214;1.122;-2.0;2.0;-2.667;-11.0;11.0;-0.143;7.471;-11.0;11.0;0.357;6.033;-11.0;1.363;5.2;-2.7;2.601;6.55;21.0;16.0;17.521;13.0;-6.0;-12.0;6.028;0.0;10.0;-6.0;3.464;21.0;13.796;-1.0;-3.0;2.517;0.5;0.783
24;7;219;3.09;1803;1.0;-52.0;89;17;1;1.36;1.303;-0.057;397;425;19281;7;1.284;1.173;1.051;56.6;97.0;76.0;71.0;71.0;47.0;10.0;16.0;10.0;10.0;2.0;134.0;82.0;0.0;1.0;-1.0;0.0;1.0;11.0;-8.0;-11.0;0.0;2.0;6.543;13.443;25.353;87.333;10.599;76.0;97.0;9.235;71.0;14.14;49.0;11.0;4.583;7.0;16.0;12.143;4.059;7.0;19.0;9.786;4.577;2.0;19.0;8.544;26.33;47.092;1.0;1.0;0.0;2.0;0.714;1.113;-1.0;2.0;-0.143;1.231;-2.0;2.0;1.333;-8.0;11.0;0.0;7.483;-11.0;11.0;0.286;6.018;-11.0;1.573;7.8;2.6;1.531;6.5;-8.0;-29.0;14.526;6.5;-3.0;3.0;6.245;-4.5;7.0;-3.0;4.583;-8.0;10.599;2.0;3.0;1.732;0.5;0.779
25;7;226;3.22;1958;-1.0;-64.0;84;10;-6;1.382;1.326;-0.056;400;426;19274;7;1.303;1.193;1.077;61.8;89.0;97.0;76.0;74.0;49.0;7.0;10.0;16.0;12.0;2.0;146.0;84.0;2.0;0.0;1.0;1.0;-1.0;1.0;11.0;-8.0;0.0;0.0;5.453;13.253;25.408;90.0;6.557;84.0;97.0;8.622;71.0;12.925;53.0;8.0;1.732;7.0;10.0;11.429;4.504;7.0;19.0;10.143;4.092;4.0;19.0;7.0;22.927;47.897;0.333;1.528;-1.0;2.0;0.429;1.272;-1.0;2.0;-0.143;1.231;-2.0;2.0;2.0;-6.0;11.0;-0.857;7.819;-11.0;11.0;-0.143;6.249;-11.0;1.699;2.7;-5.1;2.55;5.25;-5.0;3.0;15.948;-6.5;0.0;3.0;3.0;-1.5;7.0;0.0;1.732;-5.0;6.557;-3.0;-5.0;2.517;-0.5;0.767
26;7;233;3.35;2120;1.0;-73.0;85;3;-7;1.405;1.353;-0.052;402;425;19267;7;1.326;1.205;1.097;67.0;84.0;89.0;97.0;79.0;54.0;7.0;7.0;10.0;19.0;4.0;165.0;88.0;-1.0;2.0;0.0;0.0;-1.0;-6.0;1.0;11.0;2.0;0.0;6.917;13.244;25.939;86.0;2.646;84.0;89.0;8.454;71.0;11.874;53.0;7.0;0.0;7.0;7.0;9.714;3.251;7.0;16.0;10.357;3.815;6.0;19.0;7.0;20.934;47.605;1.333;2.082;-1.0;3.0;0.857;1.574;-1.0;3.0;0.143;1.46;-2.0;3.0;-4.0;-7.0;1.0;-2.143;8.009;-11.0;11.0;-0.643;6.512;-11.0;1.801;10.4;7.7;3.917;6.55;1.0;6.0;4.583;-2.0;0.0;0.0;1.732;0.0;7.0;0.0;0.0;1.0;2.646;4.0;7.0;3.606;0.5;0.754
27;4;237;3.4;2285;0.0;-83.0;94;3;0;1.426;1.37;-0.056;404;429;19263;7;1.353;1.219;1.114;72.1;85.0;84.0;89.0;85.0;58.0;7.0;7.0;7.0;11.0;6.0;176.0;94.0;3.0;-1.0;2.0;2.0;-1.0;-7.0;-6.0;1.0;5.0;2.0;6.879;13.399;25.902;87.667;5.508;84.0;94.0;9.299;71.0;11.553;53.0;6.0;1.732;4.0;7.0;8.714;3.817;4.0;16.0;10.214;4.023;4.0;19.0;5.568;18.026;46.07;0.667;2.082;-1.0;3.0;0.571;1.512;-1.0;3.0;0.214;1.424;-2.0;3.0;-4.333;-7.0;0.0;-2.857;7.471;-11.0;11.0;-0.786;6.471;-11.0;1.656;2.6;-7.8;4.475;6.5;9.0;8.0;7.024;5.0;-3.0;-3.0;1.732;-1.5;4.0;-3.0;1.732;9.0;5.508;-3.0;-7.0;4.041;0.5;0.739
28;5;242;3.61;2455;-7.0;-110.0;96;5;1;1.446;1.377;-0.069;405;436;19258;7;1.37;1.249;1.147;77.3;94.0;85.0;84.0;71.0;53.0;4.0;7.0;7.0;10.0;13.0;186.0;107.0;0.0;3.0;-1.0;-1.0;-1.0;0.0;-7.0;-6.0;-11.0;-8.0;6.822;10.304;24.02;91.667;5.859;85.0;96.0;7.61;76.0;9.793;67.0;5.333;1.528;4.0;7.0;8.0;4.0;4.0;16.0;9.643;4.162;4.0;19.0;4.509;14.316;44.356;-5.333;11.93;-19.0;3.0;-2.0;7.616;-19.0;3.0;-1.071;5.342;-19.0;3.0;-2.0;-7.0;1.0;-1.143;6.619;-8.0;11.0;-0.143;6.138;-11.0;1.487;-12.9;-15.5;11.86;-5.15;2.0;-7.0;4.359;5.5;1.0;4.0;2.082;-1.0;5.0;1.0;1.528;2.0;5.859;-19.0;-16.0;11.79;-11.0;0.73
29;0;242;3.74;2635;-8.0;-142.0;95;4;-1;1.47;1.387;-0.083;406;441;19258;7;1.377;1.277;1.156;82.5;96.0;94.0;85.0;76.0;67.0;5.0;4.0;7.0;16.0;6.0;202.0;113.0;-19.0;0.0;3.0;1.0;-1.0;1.0;0.0;-7.0;-8.0;2.0;6.49;8.042;22.096;95.0;1.0;94.0;96.0;5.381;84.0;9.409;71.0;3.0;2.646;0.0;5.0;5.714;3.147;0.0;10.0;9.214;4.823;0.0;19.0;2.887;11.596;41.13;-13.0;11.269;-20.0;0.0;-5.0;10.0;-20.0;3.0;-2.429;7.356;-20.0;3.0;0.0;-1.0;1.0;-0.143;5.9;-7.0;11.0;-0.357;6.109;-11.0;1.558;5.2;18.1;9.786;-3.85;-1.0;-3.0;5.132;0.5;-5.0;-6.0;3.055;-2.0;0.0;-5.0;2.646;-1.0;1.0;-1.0;18.0;9.866;-10.0;0.726
30;13;255;3.87;2818;-14.0;-187.0;79;-14;-18;1.491;1.402;-0.089;407;440;19245;7;1.387;1.284;1.156;87.7;95.0;96.0;94.0;97.0;76.0;0.0;5.0;4.0;10.0;11.0;212.0;124.0;-20.0;-19.0;0.0;0.0;-2.0;-1.0;1.0;0.0;11.0;8.0;5.15;6.757;19.214;90.0;9.539;79.0;96.0;6.466;79.0;9.253;71.0;6.0;6.557;0.0;13.0;6.143;3.934;0.0;13.0;9.357;4.909;0.0;19.0;7.506;11.772;38.294;-24.667;8.963;-35.0;-19.0;-10.0;14.72;-35.0;3.0;-4.786;11.389;-35.0;3.0;-6.0;-18.0;1.0;-4.286;6.873;-18.0;1.0;-2.214;7.224;-18.0;1.743;-10.3;-15.5;9.786;-2.55;-16.0;-15.0;9.644;-8.5;13.0;18.0;9.165;4.0;13.0;13.0;6.557;-16.0;9.539;-15.0;-14.0;9.452;-8.0;0.721
31;7;262;4.0;3004;-13.0;-230.0;100;-12;2;1.511;1.403;-0.108;408;448;19238;7;1.402;1.303;1.173;95.5;79.0;95.0;96.0;89.0;71.0;13.0;0.0;5.0;7.0;10.0;219.0;134.0;-35.0;-20.0;-19.0;2.0;0.0;-18.0;-1.0;1.0;1.0;0.0;5.15;6.429;16.683;91.333;10.97;79.0;100.0;7.721;79.0;9.381;71.0;6.667;6.506;0.0;13.0;6.143;3.934;0.0;13.0;9.143;4.944;0.0;19.0;10.149;12.448;35.093;-30.0;8.66;-35.0;-20.0;-15.286;16.255;-35.0;3.0;-7.286;13.837;-35.0;3.0;-5.667;-18.0;2.0;-4.143;7.01;-18.0;2.0;-2.071;7.29;-18.0;1.429;5.2;15.5;8.949;-2.55;21.0;37.0;18.61;2.5;-6.0;-19.0;10.693;3.5;7.0;-6.0;6.506;21.0;10.97;0.0;15.0;8.386;-7.5;0.713
32;3;265;4.13;3201;-13.0;-279.0;203;93;104;1.534;1.34;-0.194;408;501;19235;7;1.403;1.326;1.193;103.3;100.0;79.0;95.0;84.0;74.0;7.0;13.0;0.0;7.0;12.0;226.0;146.0;-35.0;-35.0;-20.0;-1.0;1.0;2.0;-18.0;-1.0;-6.0;0.0;5.25;6.275;14.655;127.333;66.365;79.0;203.0;42.751;79.0;32.226;71.0;7.667;5.033;3.0;13.0;5.571;4.077;0.0;13.0;8.5;5.125;0.0;19.0;5.132;12.596;31.447;-35.0;0.0;-35.0;-35.0;-20.143;16.355;-35.0;3.0;-9.857;15.432;-35.0;3.0;29.333;-18.0;104.0;11.571;41.348;-18.0;104.0;5.357;29.306;-18.0;0.73;5.3;0.1;8.978;5.25;103.0;82.0;60.902;62.0;-4.0;2.0;10.44;-5.0;3.0;-4.0;5.033;103.0;66.365;0.0;0.0;8.66;0.0;0.713
33;9;274;4.26;3403;-10.0;-320.0;99;92;-1;1.556;1.353;-0.203;408;503;19226;7;1.34;1.353;1.205;106.0;203.0;100.0;79.0;85.0;79.0;3.0;7.0;13.0;7.0;19.0;233.0;165.0;-35.0;-35.0;-35.0;3.0;0.0;104.0;2.0;-18.0;-7.0;2.0;9.416;8.09;13.149;134.0;59.758;99.0;203.0;41.844;79.0;31.893;71.0;6.333;3.055;3.0;9.0;5.857;4.259;0.0;13.0;7.786;4.154;0.0;16.0;6.245;13.922;29.41;-32.333;4.619;-35.0;-27.0;-24.429;12.83;-35.0;0.0;-11.786;15.788;-35.0;3.0;35.0;-1.0;104.0;12.429;40.959;-18.0;104.0;5.143;29.344;-18.0;1.628;13.0;7.7;4.475;9.15;-104.0;-207.0;104.242;-0.5;6.0;10.0;6.429;1.0;9.0;6.0;3.055;-104.0;59.758;8.0;8.0;4.619;4.0;0.746
1;8;8;0.1;18;0.0;1.0;22;4;8;0.321;0.317;-0.004;0;0;20992;8;0.317;0.317;0.317;19.0;22.0;22.0;22.0;22.0;22.0;8.0;8.0;8.0;8.0;8.0;8.0;8.0;1.0;1.0;1.0;1.0;1.0;8.0;8.0;8.0;8.0;8.0;3.394;3.394;3.394;22.0;2.828;22.0;22.0;2.828;22.0;2.828;22.0;8.0;4.243;8.0;8.0;8.0;4.243;8.0;8.0;8.0;4.243;8.0;8.0;1.414;1.414;1.414;1.0;0.707;1.0;1.0;1.0;0.707;1.0;1.0;1.0;0.707;1.0;1.0;8.0;8.0;8.0;8.0;4.95;8.0;8.0;8.0;4.95;8.0;0.864;4.8;-2.4;1.697;3.6;-4.0;5.0;3.536;-1.5;-6.0;15.0;10.607;1.5;2.0;9.0;6.364;1.0;0.707;1.0;-3.0;2.121;-0.5;3.155
2;2;10;0.23;40;1.0;3.0;18;5;1;0.549;0.549;0.0;0;0;20990;8;0.317;0.317;0.317;19.0;22.0;22.0;22.0;22.0;22.0;8.0;8.0;8.0;8.0;8.0;8.0;8.0;1.0;1.0;1.0;1.0;1.0;8.0;8.0;8.0;8.0;8.0;3.394;3.394;3.394;20.0;2.828;18.0;22.0;2.828;18.0;2.828;18.0;5.0;4.243;2.0;8.0;5.0;4.243;2.0;8.0;5.0;4.243;2.0;8.0;1.414;1.414;1.414;1.5;0.707;1.0;2.0;1.5;0.707;1.0;2.0;1.5;0.707;1.0;2.0;4.5;1.0;8.0;4.5;4.95;1.0;8.0;4.5;4.95;1.0;1.322;4.8;-2.4;1.697;3.6;-4.0;5.0;3.536;-1.5;-6.0;15.0;10.607;1.5;2.0;9.0;6.364;1.0;0.707;1.0;-3.0;2.121;-0.5;3.155
3;11;21;0.36;66;0.0;3.0;19;3;-1;0.711;0.712;0.001;0;0;20979;8;0.549;0.317;0.317;19.0;18.0;22.0;22.0;22.0;22.0;2.0;8.0;8.0;8.0;8.0;8.0;8.0;2.0;1.0;1.0;1.0;1.0;1.0;8.0;8.0;8.0;8.0;3.666;3.666;3.666;19.667;2.082;18.0;22.0;2.082;18.0;2.082;18.0;7.0;4.583;2.0;11.0;7.0;4.583;2.0;11.0;7.0;4.583;2.0;11.0;7.0;7.0;7.0;1.0;1.0;0.0;2.0;1.0;1.0;0.0;2.0;1.0;1.0;0.0;2.0;2.667;-1.0;8.0;2.667;4.726;-1.0;8.0;2.667;4.726;-1.0;1.379;2.4;-2.4;1.697;3.6;1.0;5.0;3.536;-1.5;9.0;15.0;10.607;1.5;11.0;9.0;6.364;1.0;0.707;-2.0;-3.0;2.121;-0.5;1.821
4;4;25;0.49;96;0.0;4.0;24;4;0;0.826;0.827;0.001;0;0;20975;8;0.712;0.317;0.317;19.0;19.0;18.0;22.0;22.0;22.0;11.0;2.0;8.0;8.0;8.0;8.0;8.0;0.0;2.0;1.0;1.0;1.0;-1.0;1.0;8.0;8.0;8.0;3.666;4.996;4.996;20.333;3.215;18.0;24.0;2.754;18.0;2.754;18.0;5.667;4.726;2.0;11.0;6.25;4.031;2.0;11.0;6.25;4.031;2.0;11.0;7.767;8.287;8.287;1.0;1.0;0.0;2.0;1.0;0.816;0.0;2.0;1.0;0.816;0.0;2.0;0.0;-1.0;1.0;2.0;4.082;-1.0;8.0;2.0;4.082;-1.0;1.292;4.8;2.4;1.386;3.6;5.0;4.0;4.509;3.0;-7.0;-16.0;8.963;1.0;4.0;-7.0;4.726;5.0;3.215;1.0;3.0;1.732;-0.5;1.404
5;7;32;0.62;131;0.0;2.0;27;4;0;0.914;0.901;-0.013;0;0;20968;8;0.827;0.317;0.317;19.0;24.0;19.0;18.0;22.0;22.0;4.0;11.0;2.0;8.0;8.0;8.0;8.0;1.0;0.0;2.0;1.0;1.0;0.0;-1.0;1.0;8.0;8.0;3.666;5.73;5.73;23.333;4.041;19.0;27.0;3.674;18.0;3.674;18.0;7.333;3.512;4.0;11.0;6.4;3.507;2.0;11.0;6.4;3.507;2.0;11.0;5.568;10.134;10.134;0.0;1.0;-1.0;1.0;0.6;1.14;-1.0;2.0;0.6;1.14;-1.0;2.0;-0.333;-1.0;0.0;1.6;3.647;-1.0;8.0;1.6;3.647;-1.0;1.237;2.4;-2.4;1.386;3.6;3.0;-2.0;2.0;4.0;3.0;10.0;8.083;-2.0;7.0;3.0;3.512;3.0;4.041;-2.0;-3.0;1.732;-0.5;1.209
6;10;42;0.75;170;0.0;2.0;30;4;0;0.979;0.964;-0.015;0;0;20958;8;0.901;0.317;0.317;19.0;27.0;24.0;19.0;22.0;22.0;7.0;4.0;11.0;8.0;8.0;8.0;8.0;-1.0;1.0;0.0;1.0;1.0;0.0;0.0;-1.0;8.0;8.0;3.666;6.956;6.956;27.0;3.0;24.0;30.0;4.633;18.0;4.633;18.0;7.0;3.0;4.0;10.0;7.0;3.464;2.0;11.0;7.0;3.464;2.0;11.0;8.544;12.992;12.992;0.0;1.0;-1.0;1.0;0.5;1.049;-1.0;2.0;0.5;1.049;-1.0;2.0;0.0;0.0;0.0;1.333;3.327;-1.0;8.0;1.333;3.327;-1.0;1.273;4.8;2.4;1.386;3.6;3.0;0.0;1.155;3.0;3.0;0.0;5.774;3.0;10.0;3.0;3.0;3.0;3.0;1.0;3.0;1.732;-0.5;1.11
7;3;45;0.68;210;0.0;5.0;34;7;1;1.029;1.012;-0.017;270;299;20955;8;0.964;0.317;0.317;19.0;30.0;27.0;24.0;22.0;22.0;10.0;7.0;4.0;8.0;8.0;8.0;8.0;0.0;-1.0;1.0;1.0;1.0;0.0;0.0;0.0;8.0;8.0;4.75;8.339;8.339;30.333;3.512;27.0;34.0;5.843;18.0;5.843;18.0;6.667;3.512;3.0;10.0;6.429;3.505;2.0;11.0;6.429;3.505;2.0;11.0;6.807;14.485;14.485;-0.333;0.577;-1.0;0.0;0.429;0.976;-1.0;2.0;0.429;0.976;-1.0;2.0;0.333;0.0;1.0;1.286;3.039;-1.0;8.0;1.286;3.039;-1.0;1.262;4.7;-0.1;1.358;4.75;4.0;1.0;0.577;3.5;-7.0;-10.0;5.774;-2.0;3.0;-7.0;3.512;4.0;3.512;0.0;-1.0;1.528;0.5;1.037
8;4;49;1.01;260;1.0;2.0;38;6;1;1.068;1.049;-0.019;268;297;20951;8;1.012;0.317;0.317;19.0;34.0;30.0;27.0;22.0;22.0;3.0;10.0;7.0;8.0;8.0;8.0;8.0;0.0;0.0;-1.0;1.0;1.0;1.0;0.0;0.0;8.0;8.0;4.75;8.707;9.796;34.0;4.0;30.0;38.0;7.448;18.0;7.131;18.0;5.667;3.786;3.0;10.0;5.857;3.532;2.0;11.0;6.125;3.357;2.0;11.0;3.512;14.213;15.657;1.0;1.732;0.0;3.0;0.714;1.38;-1.0;3.0;0.75;1.282;-1.0;3.0;0.667;0.0;1.0;0.286;0.756;-1.0;1.0;1.25;2.816;-1.0;1.255;4.8;0.1;0.058;4.75;4.0;0.0;0.577;4.0;1.0;8.0;5.292;-3.0;4.0;1.0;3.786;4.0;4.0;3.0;3.0;1.528;1.5;0.988
9;4;53;1.14;312;0.0;3.0;43;8;2;1.099;1.074;-0.025;274;302;20947;8;1.049;0.549;0.317;19.0;38.0;34.0;30.0;18.0;22.0;4.0;3.0;10.0;2.0;8.0;10.0;8.0;3.0;0.0;0.0;2.0;1.0;1.0;1.0;0.0;1.0;8.0;4.8;9.424;11.278;38.333;4.509;34.0;43.0;8.281;19.0;8.646;18.0;3.667;0.577;3.0;4.0;6.143;3.237;3.0;11.0;5.889;3.219;2.0;11.0;4.0;12.28;16.688;1.0;1.732;0.0;3.0;0.429;1.272;-1.0;3.0;0.667;1.225;-1.0;3.0;1.333;1.0;2.0;0.429;0.976;-1.0;2.0;1.333;2.646;-1.0;1.221;4.8;-0.0;0.058;4.8;5.0;1.0;0.577;4.5;0.0;-1.0;4.359;0.5;4.0;0.0;0.577;5.0;4.509;-3.0;-6.0;3.0;0.0;0.953
10;4;57;1.27;372;1.0;0.0;42;5;-3;1.129;1.111;-0.018;281;301;20943;8;1.074;0.712;0.317;19.0;43.0;38.0;34.0;19.0;22.0;4.0;4.0;3.0;11.0;8.0;21.0;8.0;0.0;3.0;0.0;0.0;1.0;2.0;1.0;1.0;-1.0;8.0;4.8;9.793;12.765;41.0;2.646;38.0;43.0;7.371;24.0;9.226;18.0;4.0;0.0;4.0;4.0;5.143;2.478;3.0;10.0;5.7;3.093;2.0;11.0;4.0;11.412;17.656;1.333;1.528;0.0;3.0;0.571;1.272;-1.0;3.0;0.7;1.16;-1.0;3.0;0.0;-3.0;2.0;0.143;1.574;-3.0;2.0;0.9;2.846;-3.0;1.364;4.8;0.0;0.0;4.8;-1.0;-6.0;3.215;2.0;0.0;0.0;0.577;0.0;4.0;0.0;0.0;-1.0;2.646;1.0;4.0;3.055;-1.0;0.931
11;1;58;1.4;435;0.0;-1.0;49;4;0;1.149;1.131;-0.018;289;308;20942;8;1.111;0.827;0.317;19.0;42.0;43.0;38.0;24.0;22.0;4.0;4.0;4.0;4.0;8.0;25.0;8.0;1.0;0.0;3.0;1.0;1.0;-3.0;2.0;1.0;0.0;8.0;4.8;10.331;14.248;44.667;3.786;42.0;49.0;7.764;27.0;10.511;18.0;3.0;1.732;1.0;4.0;4.714;2.928;1.0;10.0;5.273;3.259;1.0;11.0;2.646;9.201;18.222;0.0;1.0;-1.0;1.0;0.286;1.38;-1.0;3.0;0.545;1.214;-1.0;3.0;-0.333;-3.0;2.0;0.143;1.574;-3.0;2.0;0.818;2.714;-3.0;1.267;4.8;0.0;0.0;4.8;7.0;8.0;4.163;3.0;-3.0;-3.0;1.732;-1.5;1.0;-3.0;1.732;7.0;3.786;-2.0;-3.0;2.082;-0.5;0.9
12;7;65;1.53;506;0.0;-5.0;40;-10;-14;1.169;1.182;0.013;297;298;20935;8;1.131;0.901;0.317;19.0;49.0;42.0;43.0;27.0;22.0;1.0;4.0;4.0;7.0;8.0;32.0;8.0;-1.0;1.0;0.0;-1.0;1.0;0.0;-3.0;2.0;0.0;8.0;4.8;10.346;15.725;43.667;4.726;40.0;49.0;6.214;30.0;10.321;18.0;4.0;3.0;1.0;7.0;4.714;2.928;1.0;10.0;5.417;3.147;1.0;11.0;4.359;8.015;19.241;-0.333;1.155;-1.0;1.0;0.286;1.38;-1.0;3.0;0.417;1.24;-1.0;3.0;-5.667;-14.0;0.0;-1.857;5.581;-14.0;2.0;-0.417;4.999;-14.0;1.672;4.8;0.0;0.0;4.8;-9.0;-16.0;8.0;-1.0;6.0;9.0;4.583;1.5;7.0;6.0;3.0;-9.0;4.726;0.0;2.0;1.528;-1.0;0.884
13;3;68;1.68;584;-1.0;-11.0;58;-10;2;1.186;1.188;0.002;305;311;20932;8;1.182;0.964;0.317;19.0;40.0;49.0;42.0;30.0;22.0;7.0;1.0;4.0;10.0;8.0;42.0;8.0;-1.0;-1.0;1.0;0.0;1.0;-14.0;0.0;-3.0;0.0;8.0;4.8;10.369;17.195;49.0;9.0;40.0;58.0;7.913;34.0;12.206;18.0;3.667;3.055;1.0;7.0;3.714;1.799;1.0;7.0;5.231;3.086;1.0;11.0;5.132;8.243;20.129;-1.0;0.0;-1.0;-1.0;0.143;1.464;-1.0;3.0;0.308;1.251;-1.0;3.0;-4.0;-14.0;2.0;-1.571;5.74;-14.0;2.0;-0.231;4.833;-14.0;1.236;4.8;-0.0;0.0;4.8;18.0;27.0;13.577;4.5;-4.0;-10.0;5.508;1.0;3.0;-4.0;3.055;18.0;9.0;0.0;0.0;1.155;-0.0;0.846
14;8;76;1.79;668;-1.0;-19.0;70;-1;9;1.208;1.176;-0.032;313;334;20924;8;1.188;1.012;0.317;19.0;58.0;40.0;49.0;34.0;22.0;3.0;7.0;1.0;3.0;8.0;45.0;8.0;-1.0;-1.0;-1.0;0.0;1.0;2.0;-14.0;0.0;1.0;8.0;4.8;10.369;18.658;56.0;15.1;40.0;70.0;11.603;38.0;15.143;18.0;6.0;2.646;3.0;8.0;4.429;2.37;1.0;8.0;5.429;3.056;1.0;11.0;5.686;9.335;21.483;-1.333;0.577;-2.0;-1.0;-0.143;1.676;-2.0;3.0;0.143;1.351;-2.0;3.0;-1.0;-14.0;9.0;-0.429;6.997;-14.0;9.0;0.429;5.258;-14.0;1.093;4.8;0.0;0.0;4.8;12.0;-6.0;14.177;15.0;5.0;9.0;5.508;0.5;8.0;5.0;2.646;12.0;15.1;-1.0;-1.0;0.577;-0.5;0.842
15;4;80;1.92;752;-1.0;-22.0;70;4;5;1.219;1.174;-0.045;320;352;20920;8;1.176;1.049;0.317;19.0;70.0;58.0;40.0;38.0;22.0;8.0;3.0;7.0;4.0;8.0;49.0;8.0;-2.0;-1.0;-1.0;3.0;1.0;9.0;2.0;-14.0;1.0;8.0;4.8;10.369;19.053;66.0;6.928;58.0;70.0;12.967;40.0;16.888;18.0;5.0;2.646;3.0;8.0;4.429;2.37;1.0;8.0;5.143;2.983;1.0;11.0;6.11;10.095;20.942;-2.0;1.0;-3.0;-1.0;-1.0;1.291;-3.0;1.0;-0.143;1.562;-3.0;3.0;5.333;2.0;9.0;0.143;7.29;-14.0;9.0;0.214;4.98;-14.0;1.161;4.8;0.0;0.0;4.8;0.0;-12.0;9.165;6.0;-4.0;-9.0;5.196;0.5;4.0;-4.0;2.646;0.0;6.928;-1.0;0.0;0.577;-1.0;0.85
16;6;86;2.06;841;-2.0;-24.0;73;10;5;1.229;1.175;-0.054;327;368;20914;8;1.174;1.074;0.549;23.8;70.0;70.0;58.0;43.0;18.0;4.0;8.0;3.0;4.0;2.0;53.0;10.0;-3.0;-2.0;-1.0;0.0;2.0;5.0;9.0;2.0;2.0;1.0;4.8;10.369;19.526;71.0;1.732;70.0;73.0;13.974;40.0;17.718;19.0;6.0;2.0;4.0;8.0;4.714;2.43;1.0;8.0;5.429;2.848;1.0;11.0;5.033;11.06;19.983;-3.0;1.0;-4.0;-2.0;-1.571;1.618;-4.0;1.0;-0.571;1.742;-4.0;3.0;6.333;5.0;9.0;0.571;7.502;-14.0;9.0;0.5;5.14;-14.0;1.179;4.8;0.0;0.0;4.8;3.0;3.0;6.245;1.5;2.0;6.0;4.583;-1.0;6.0;2.0;2.0;3.0;1.732;-1.0;0.0;0.0;-1.0;0.852
17;5;91;2.18;936;0.0;-24.0;69;8;-2;1.239;1.194;-0.045;334;375;20909;8;1.175;1.111;0.712;26.2;73.0;70.0;70.0;42.0;19.0;6.0;4.0;8.0;4.0;11.0;57.0;21.0;-4.0;-3.0;-2.0;1.0;0.0;5.0;5.0;9.0;-3.0;-1.0;7.332;11.569;20.383;70.667;2.082;69.0;73.0;12.672;40.0;17.31;24.0;5.0;1.0;4.0;6.0;4.857;2.41;1.0;8.0;5.0;2.353;1.0;10.0;5.508;11.838;19.828;-2.333;2.082;-4.0;0.0;-1.714;1.38;-4.0;0.0;-0.571;1.742;-4.0;3.0;2.667;-2.0;5.0;0.714;7.432;-14.0;9.0;0.429;5.17;-14.0;1.387;9.6;4.8;2.771;7.2;-4.0;-7.0;3.512;-0.5;-1.0;-3.0;3.0;0.5;5.0;-1.0;1.0;-4.0;2.082;4.0;5.0;2.887;1.5;0.851
18;8;99;2.31;1036;-1.0;-23.0;72;6;-2;1.249;1.211;-0.038;343;382;20901;8;1.194;1.131;0.827;31.0;69.0;73.0;70.0;49.0;24.0;5.0;6.0;4.0;1.0;4.0;58.0;25.0;0.0;-4.0;-3.0;-1.0;1.0;-2.0;5.0;5.0;0.0;0.0;7.332;12.305;21.163;71.333;2.082;69.0;73.0;11.914;40.0;17.018;27.0;6.333;1.528;5.0;8.0;5.857;1.952;3.0;8.0;5.286;2.463;1.0;10.0;6.557;12.244;19.91;-2.0;2.0;-4.0;0.0;-1.857;1.345;-4.0;0.0;-0.786;1.718;-4.0;3.0;0.333;-2.0;5.0;0.429;7.502;-14.0;9.0;0.286;5.21;-14.0;1.396;4.8;-4.8;2.771;7.2;3.0;7.0;4.041;-0.5;3.0;4.0;2.082;1.0;8.0;3.0;1.528;3.0;2.082;-2.0;-6.0;3.215;1.0;0.838
19;4;103;2.44;1142;0.0;-24.0;77;5;0;1.259;1.224;-0.035;378;391;20897;8;1.211;1.182;0.901;33.4;72.0;69.0;73.0;40.0;27.0;8.0;5.0;6.0;7.0;7.0;65.0;32.0;-2.0;0.0;-4.0;-1.0;-1.0;-2.0;-2.0;5.0;-14.0;0.0;4.8;12.656;21.572;72.667;4.041;69.0;77.0;5.872;58.0;16.823;30.0;5.667;2.082;4.0;8.0;5.429;1.988;3.0;8.0;5.071;2.433;1.0;10.0;6.11;12.536;20.076;-1.0;1.0;-2.0;0.0;-1.857;1.345;-4.0;0.0;-0.786;1.718;-4.0;3.0;-1.333;-2.0;0.0;2.429;4.117;-2.0;9.0;0.286;5.21;-14.0;1.368;4.8;0.0;2.771;4.8;5.0;2.0;4.726;4.0;-4.0;-7.0;3.512;-0.5;4.0;-4.0;2.082;5.0;4.041;1.0;3.0;3.0;-0.5;0.826
20;7;110;2.57;1256;-2.0;-28.0;79;25;-1;1.272;1.238;-0.034;383;399;20890;8;1.224;1.188;0.964;38.2;77.0;72.0;69.0;58.0;30.0;4.0;8.0;5.0;3.0;10.0;68.0;42.0;-1.0;-2.0;0.0;-1.0;0.0;0.0;-2.0;-2.0;2.0;0.0;4.8;12.656;21.89;76.0;3.606;72.0;79.0;3.805;69.0;16.394;34.0;6.333;2.082;4.0;8.0;6.0;1.732;4.0;8.0;4.857;2.07;1.0;8.0;5.568;12.456;21.128;-2.333;1.528;-4.0;-1.0;-2.286;1.496;-4.0;0.0;-1.071;1.9;-4.0;3.0;-1.0;-2.0;0.0;2.0;4.32;-2.0;9.0;0.214;5.221;-14.0;1.394;4.8;0.0;0.0;4.8;2.0;-3.0;1.528;3.5;3.0;7.0;4.041;-0.5;7.0;3.0;2.082;2.0;3.606;-3.0;-4.0;2.082;-1.0;0.817
21;4;114;2.7;1382;0.0;-34.0;72;-5;-10;1.294;1.267;-0.027;387;398;20886;8;1.238;1.176;1.012;42.9;79.0;77.0;72.0;70.0;34.0;7.0;4.0;8.0;8.0;3.0;76.0;45.0;-4.0;-1.0;-2.0;-2.0;0.0;-1.0;0.0;-2.0;9.0;1.0;7.332;13.414;22.707;76.0;3.606;72.0;79.0;3.625;69.0;15.19;38.0;5.0;1.732;4.0;7.0;5.429;1.618;4.0;8.0;4.929;2.018;1.0;8.0;5.568;12.528;21.807;-1.667;2.082;-4.0;0.0;-2.0;1.732;-4.0;0.0;-1.071;1.9;-4.0;3.0;-3.667;-10.0;0.0;-0.714;5.09;-10.0;5.0;-0.571;5.88;-14.0;1.662;9.6;4.8;2.771;7.2;-7.0;-9.0;6.245;-2.5;-3.0;-6.0;3.786;0.0;4.0;-3.0;1.732;-7.0;3.606;4.0;7.0;3.512;0.5;0.808
22;6;120;2.83;1517;-1.0;-45.0;78;-11;-6;1.137;1.289;0.152;391;400;20880;8;1.267;1.174;1.049;47.7;72.0;79.0;77.0;70.0;38.0;4.0;7.0;4.0;4.0;4.0;80.0;49.0;0.0;-4.0;-1.0;-3.0;3.0;-10.0;-1.0;0.0;5.0;1.0;7.332;13.414;23.323;76.333;3.786;72.0;79.0;3.729;69.0;14.296;40.0;5.667;1.528;4.0;7.0;5.714;1.496;4.0;8.0;5.071;2.018;1.0;8.0;5.033;12.298;22.486;-1.667;2.082;-4.0;0.0;-1.714;1.704;-4.0;0.0;-1.357;1.499;-4.0;1.0;-5.667;-10.0;-1.0;-2.286;4.716;-10.0;5.0;-1.071;6.032;-14.0;1.596;4.8;-4.8;2.771;7.2;6.0;13.0;6.658;-0.5;2.0;5.0;3.215;-0.5;6.0;2.0;1.528;6.0;3.786;-1.0;-5.0;3.606;1.5;0.789
23;7;127;2.96;1656;-1.0;-54.0;103;6;17;1.337;1.286;-0.051;394;418;20873;8;1.289;1.175;1.074;52.5;78.0;72.0;79.0;73.0;43.0;6.0;4.0;7.0;6.0;4.0;86.0;53.0;-1.0;0.0;-4.0;-4.0;0.0;-6.0;-10.0;-1.0;5.0;2.0;4.85;12.679;23.766;84.333;16.442;72.0;103.0;11.385;69.0;16.441;40.0;5.667;1.528;4.0;7.0;5.857;1.574;4.0;8.0;5.286;2.054;1.0;8.0;6.506;12.456;23.25;-1.333;1.528;-3.0;0.0;-1.571;1.512;-4.0;0.0;-1.571;1.505;-4.0;1.0;0.333;-10.0;17.0;-0.571;8.482;-10.0;17.0;0.0;7.716;-14.0;1.256;4.9;0.1;2.743;4.85;25.0;19.0;16.093;15.5;1.0;-1.0;2.646;1.5;7.0;1.0;1.528;25.0;16.442;-2.0;-1.0;3.215;-1.5;0.776
24;10;137;3.09;1803;-1.0;-65.0;93;11;5;1.36;1.299;-0.061;397;426;20863;8;1.286;1.194;1.111;57.3;103.0;78.0;72.0;69.0;42.0;7.0;6.0;4.0;5.0;4.0;91.0;57.0;-3.0;-1.0;0.0;0.0;1.0;17.0;-6.0;-10.0;-2.0;-3.0;6.086;13.235;24.319;91.333;12.583;78.0;103.0;11.633;72.0;15.877;40.0;7.667;2.082;6.0;10.0;6.571;2.149;4.0;10.0;5.714;2.367;1.0;10.0;8.544;13.388;24.43;-1.667;1.155;-3.0;-1.0;-1.714;1.38;-4.0;0.0;-1.714;1.326;-4.0;0.0;5.333;-6.0;17.0;0.429;8.696;-10.0;17.0;0.571;7.773;-14.0;1.469;7.2;2.3;1.358;6.05;-10.0;-35.0;17.521;7.5;3.0;2.0;1.0;2.0;10.0;3.0;2.082;-10.0;12.583;2.0;4.0;2.082;-0.0;0.778
25;7;144;3.22;1958;0.0;-76.0;93;13;3;1.382;1.315;-0.067;400;432;20856;8;1.299;1.211;1.131;62.1;93.0;103.0;78.0;72.0;49.0;10.0;7.0;6.0;8.0;1.0;99.0;58.0;-1.0;-3.0;-1.0;-2.0;-1.0;5.0;17.0;-6.0;-2.0;0.0;7.2;13.792;24.94;96.333;5.774;93.0;103.0;11.328;72.0;15.398;40.0;8.0;1.732;7.0;10.0;6.429;2.07;4.0;10.0;6.143;1.956;3.0;10.0;8.544;14.758;25.136;-1.333;1.528;-3.0;0.0;-1.429;1.512;-4.0;0.0;-1.643;1.393;-4.0;0.0;8.333;3.0;17.0;1.143;8.668;-10.0;17.0;0.786;7.797;-14.0;1.546;7.2;0.0;1.328;7.2;0.0;10.0;18.028;-5.0;-3.0;-6.0;3.055;0.0;7.0;-3.0;1.732;0.0;5.774;1.0;-1.0;2.082;1.5;0.77
26;6;150;3.35;2120;-1.0;-89.0;80;1;-12;1.405;1.344;-0.061;402;429;20850;8;1.315;1.224;1.182;66.9;93.0;93.0;103.0;77.0;40.0;7.0;10.0;7.0;4.0;7.0;103.0;65.0;0.0;-1.0;-3.0;-1.0;-1.0;3.0;5.0;17.0;0.0;-14.0;6.086;13.634;25.301;88.667;7.506;80.0;93.0;11.028;72.0;11.719;58.0;7.667;2.082;6.0;10.0;6.714;1.799;4.0;10.0;6.071;1.94;3.0;10.0;6.506;15.28;25.913;-0.667;0.577;-1.0;0.0;-1.429;1.512;-4.0;0.0;-1.643;1.393;-4.0;0.0;-1.333;-12.0;5.0;-0.571;10.014;-12.0;17.0;0.929;7.519;-12.0;1.859;4.9;-2.3;1.328;6.05;-13.0;-13.0;6.807;-6.5;-1.0;2.0;3.055;-2.0;6.0;-1.0;2.082;-13.0;7.506;-1.0;-2.0;1.528;0.0;0.76
27;6;156;3.4;2285;-1.0;-101.0;102;9;8;1.426;1.354;-0.072;404;438;20844;8;1.344;1.238;1.188;71.7;80.0;93.0;93.0;79.0;58.0;6.0;7.0;10.0;7.0;3.0;110.0;68.0;-1.0;0.0;-1.0;-4.0;-1.0;-12.0;3.0;5.0;-1.0;2.0;4.85;12.7;25.401;91.667;11.06;80.0;102.0;12.162;72.0;11.943;69.0;6.333;0.577;6.0;7.0;6.571;1.813;4.0;10.0;6.286;1.729;4.0;10.0;6.0;15.704;26.265;-1.0;1.0;-2.0;0.0;-1.143;1.069;-3.0;0.0;-1.714;1.383;-4.0;0.0;-0.333;-12.0;8.0;0.714;10.515;-12.0;17.0;1.357;7.752;-12.0;1.505;4.8;-0.1;1.358;4.85;22.0;35.0;17.692;4.5;0.0;1.0;1.528;-0.5;6.0;0.0;0.577;22.0;11.06;-1.0;0.0;1.155;-1.0;0.744
28;9;165;3.61;2455;-1.0;-110.0;98;13;3;1.446;1.371;-0.075;405;442;20835;8;1.354;1.267;1.176;76.5;102.0;80.0;93.0;72.0;70.0;6.0;6.0;7.0;4.0;8.0;114.0;76.0;-2.0;-1.0;0.0;0.0;-2.0;8.0;-12.0;3.0;-10.0;9.0;6.093;13.079;25.532;93.333;11.719;80.0;102.0;9.981;78.0;12.336;69.0;7.0;1.732;6.0;9.0;7.286;1.604;6.0;10.0;6.357;1.823;4.0;10.0;7.55;15.934;27.171;-1.333;0.577;-2.0;-1.0;-1.286;0.951;-3.0;0.0;-1.643;1.393;-4.0;0.0;-0.333;-12.0;8.0;2.571;9.396;-12.0;17.0;0.929;7.457;-12.0;1.641;7.3;2.5;1.415;6.05;-4.0;-26.0;18.175;9.0;3.0;3.0;2.082;1.5;9.0;3.0;1.732;-4.0;11.719;1.0;2.0;1.155;-0.0;0.739
29;9;174;3.74;2635;0.0;-122.0;88;5;-8;1.47;1.397;-0.073;406;440;20826;8;1.371;1.289;1.174;81.3;98.0;102.0;80.0;78.0;70.0;9.0;6.0;6.0;6.0;4.0;120.0;80.0;-1.0;-2.0;-1.0;-1.0;-3.0;3.0;8.0;-12.0;-6.0;5.0;7.3;13.47;25.652;96.0;7.211;88.0;102.0;8.112;80.0;11.829;69.0;8.0;1.732;6.0;9.0;7.714;1.604;6.0;10.0;6.714;1.816;4.0;10.0;9.0;16.175;28.087;-1.0;1.0;-2.0;0.0;-1.143;1.069;-3.0;0.0;-1.429;1.399;-4.0;0.0;1.0;-8.0;8.0;2.286;9.725;-12.0;17.0;0.0;7.716;-12.0;1.91;7.3;-0.0;1.443;7.3;-10.0;-6.0;17.01;-7.0;0.0;-3.0;1.732;1.5;9.0;0.0;1.732;-10.0;7.211;1.0;0.0;1.155;1.0;0.729
30;7;181;3.87;2818;0.0;-132.0;91;-1;-6;1.491;1.421;-0.07;407;439;20819;8;1.397;1.286;1.175;86.1;88.0;98.0;102.0;103.0;73.0;9.0;9.0;6.0;7.0;6.0;127.0;86.0;0.0;-1.0;-2.0;-3.0;-4.0;-8.0;3.0;8.0;17.0;5.0;6.093;13.112;25.405;92.333;5.132;88.0;98.0;7.058;80.0;11.507;69.0;8.333;1.155;7.0;9.0;7.714;1.604;6.0;10.0;6.786;1.805;4.0;10.0;8.021;16.015;28.921;-0.333;0.577;-1.0;0.0;-0.714;0.756;-2.0;0.0;-1.143;1.231;-4.0;0.0;-3.667;-8.0;3.0;-1.0;7.572;-12.0;8.0;-0.786;7.728;-12.0;1.9;4.8;-2.5;1.443;6.05;3.0;13.0;6.506;-3.5;-2.0;-2.0;2.517;-1.0;7.0;-2.0;1.155;3.0;5.132;0.0;-1.0;0.577;0.5;0.716
31;9;190;4.0;3004;0.0;-140.0;106;7;8;1.511;1.435;-0.076;408;445;20810;8;1.421;1.299;1.194;95.7;91.0;88.0;98.0;93.0;69.0;7.0;9.0;9.0;10.0;5.0;137.0;91.0;0.0;0.0;-1.0;-1.0;0.0;-6.0;-8.0;3.0;5.0;-2.0;4.85;12.763;25.473;95.0;9.644;88.0;106.0;8.813;80.0;11.708;72.0;8.333;1.155;7.0;9.0;7.571;1.397;6.0;9.0;7.071;1.817;4.0;10.0;8.021;16.859;29.782;0.0;0.0;0.0;0.0;-0.571;0.787;-2.0;0.0;-1.143;1.231;-4.0;0.0;-2.0;-8.0;8.0;-0.571;8.039;-12.0;8.0;-0.071;8.062;-12.0;1.677;4.9;0.1;1.415;4.85;15.0;12.0;12.503;9.0;2.0;4.0;2.0;-0.0;9.0;2.0;1.155;15.0;9.644;0.0;0.0;0.577;-0.0;0.704
32;9;199;4.13;3201;-3.0;-162.0;109;18;10;1.534;1.444;-0.09;408;451;20801;8;1.435;1.315;1.211;100.5;106.0;91.0;88.0;93.0;72.0;9.0;7.0;9.0;7.0;8.0;144.0;99.0;0.0;0.0;0.0;0.0;-2.0;8.0;-6.0;-8.0;3.0;-2.0;2.452;11.262;24.531;102.0;9.644;91.0;109.0;10.436;80.0;11.991;72.0;8.333;1.155;7.0;9.0;7.857;1.464;6.0;9.0;7.143;1.875;4.0;10.0;9.0;17.841;30.976;-2.667;4.619;-8.0;0.0;-1.714;2.87;-8.0;0.0;-1.571;2.209;-8.0;0.0;4.0;-6.0;10.0;0.429;8.942;-12.0;10.0;0.786;8.469;-12.0;1.61;-2.3;-7.2;4.128;1.3;3.0;-12.0;6.928;9.0;0.0;-2.0;2.0;1.0;9.0;0.0;1.155;3.0;9.644;-8.0;-8.0;4.619;-4.0;0.697
33;11;210;4.26;3403;-4.0;-186.0;97;15;-3;1.556;1.461;-0.095;408;452;20790;8;1.444;1.344;1.224;105.3;109.0;106.0;91.0;80.0;77.0;9.0;9.0;7.0;6.0;4.0;150.0;103.0;-8.0;0.0;0.0;-1.0;-1.0;10.0;8.0;-6.0;-12.0;0.0;1.389;9.33;23.192;104.0;6.245;97.0;109.0;7.61;88.0;11.418;72.0;9.667;1.155;9.0;11.0;8.571;1.618;6.0;11.0;7.643;1.906;4.0;11.0;10.017;19.004;32.232;-6.0;5.292;-10.0;0.0;-3.0;4.203;-10.0;0.0;-2.214;3.142;-10.0;0.0;5.0;-3.0;10.0;1.714;7.365;-8.0;10.0;0.571;8.528;-12.0;1.835;2.5;4.8;3.666;0.1;-12.0;-15.0;13.528;-4.5;2.0;2.0;1.155;1.0;11.0;2.0;1.155;-12.0;6.245;-2.0;6.0;4.163;-5.0;0.693
1;20;20;0.1;18;0.0;1.0;22;4;8;0.321;0.317;-0.004;0;0;20980;9;0.317;0.317;0.317;19.0;22.0;22.0;22.0;22.0;22.0;20.0;20.0;20.0;20.0;20.0;20.0;20.0;1.0;1.0;1.0;1.0;1.0;8.0;8.0;8.0;8.0;8.0;3.465;3.465;3.465;22.0;1.414;22.0;22.0;1.414;22.0;1.414;22.0;20.0;5.657;20.0;20.0;20.0;5.657;20.0;20.0;20.0;5.657;20.0;20.0;19.799;19.799;19.799;1.0;0.707;1.0;1.0;1.0;0.707;1.0;1.0;1.0;0.707;1.0;1.0;8.0;8.0;8.0;8.0;3.536;8.0;8.0;8.0;3.536;8.0;0.864;4.9;-2.5;1.768;3.65;-2.0;1.0;0.707;-1.5;8.0;-23.0;16.263;-3.5;28.0;-15.0;10.607;-1.0;0.707;1.0;-3.0;2.121;-0.5;3.155
2;28;48;0.23;40;1.0;3.0;20;7;3;0.549;0.536;-0.013;0;0;20952;9;0.317;0.317;0.317;19.0;22.0;22.0;22.0;22.0;22.0;20.0;20.0;20.0;20.0;20.0;20.0;20.0;1.0;1.0;1.0;1.0;1.0;8.0;8.0;8.0;8.0;8.0;3.465;3.465;3.465;21.0;1.414;20.0;22.0;1.414;20.0;1.414;20.0;24.0;5.657;20.0;28.0;24.0;5.657;20.0;28.0;24.0;5.657;20.0;28.0;19.799;19.799;19.799;1.5;0.707;1.0;2.0;1.5;0.707;1.0;2.0;1.5;0.707;1.0;2.0;5.5;3.0;8.0;5.5;3.536;3.0;8.0;5.5;3.536;3.0;1.195;4.9;-2.5;1.768;3.65;-2.0;1.0;0.707;-1.5;8.0;-23.0;16.263;-3.5;28.0;-15.0;10.607;-1.0;0.707;1.0;-3.0;2.121;-0.5;3.155
3;13;61;0.36;66;0.0;3.0;19;5;-1;0.711;0.699;-0.012;0;0;20939;9;0.536;0.317;0.317;19.0;20.0;22.0;22.0;22.0;22.0;28.0;20.0;20.0;20.0;20.0;20.0;20.0;2.0;1.0;1.0;1.0;1.0;3.0;8.0;8.0;8.0;8.0;3.721;3.721;3.721;20.333;1.528;19.0;22.0;1.528;19.0;1.528;19.0;20.333;7.506;13.0;28.0;20.333;7.506;13.0;28.0;20.333;7.506;13.0;28.0;20.952;20.952;20.952;1.0;1.0;0.0;2.0;1.0;1.0;0.0;2.0;1.0;1.0;0.0;2.0;3.333;-1.0;8.0;3.333;4.509;-1.0;8.0;3.333;4.509;-1.0;1.384;2.4;-2.5;1.768;3.65;-1.0;1.0;0.707;-1.5;-15.0;-23.0;16.263;-3.5;13.0;-15.0;10.607;-1.0;0.707;-2.0;-3.0;2.121;-0.5;1.866
4;12;73;0.49;96;-1.0;2.0;22;4;-2;0.826;0.809;-0.017;0;0;20927;9;0.699;0.317;0.317;19.0;19.0;20.0;22.0;22.0;22.0;13.0;28.0;20.0;20.0;20.0;20.0;20.0;0.0;2.0;1.0;1.0;1.0;-1.0;3.0;8.0;8.0;8.0;2.4;4.143;4.143;20.333;1.528;19.0;22.0;1.5;19.0;1.5;19.0;17.667;8.963;12.0;28.0;18.25;7.411;12.0;28.0;18.25;7.411;12.0;28.0;12.503;22.752;22.752;0.333;1.528;-1.0;2.0;0.5;1.291;-1.0;2.0;0.5;1.291;-1.0;2.0;0.0;-2.0;3.0;2.0;4.546;-2.0;8.0;2.0;4.546;-2.0;1.305;2.4;-0.0;1.443;2.4;3.0;4.0;2.646;1.0;-1.0;14.0;11.59;-8.0;12.0;-1.0;8.963;3.0;1.528;-1.0;1.0;1.528;-1.5;1.431
5;8;81;0.62;131;0.0;0.0;29;6;2;0.914;0.875;-0.039;0;0;20919;9;0.809;0.317;0.317;19.0;22.0;19.0;20.0;22.0;22.0;12.0;13.0;28.0;20.0;20.0;20.0;20.0;-1.0;0.0;2.0;1.0;1.0;-2.0;-1.0;3.0;8.0;8.0;3.666;5.4;5.4;23.333;5.132;19.0;29.0;3.912;19.0;3.912;19.0;11.0;2.646;8.0;13.0;16.2;7.887;8.0;28.0;16.2;7.887;8.0;28.0;10.066;23.965;23.965;-0.667;0.577;-1.0;0.0;0.2;1.304;-1.0;2.0;0.2;1.304;-1.0;2.0;-0.333;-2.0;2.0;2.0;3.937;-2.0;8.0;2.0;3.937;-2.0;1.155;4.8;2.4;1.386;3.6;7.0;4.0;4.0;5.0;-4.0;-3.0;7.371;-2.5;8.0;-4.0;2.646;7.0;5.132;0.0;1.0;1.0;-0.5;1.236
6;8;89;0.75;170;0.0;0.0;31;7;1;0.979;0.937;-0.042;0;0;20911;9;0.875;0.317;0.317;19.0;29.0;22.0;19.0;22.0;22.0;8.0;12.0;13.0;20.0;20.0;20.0;20.0;-1.0;-1.0;0.0;1.0;1.0;2.0;-2.0;-1.0;8.0;8.0;4.8;6.885;6.885;27.333;4.726;22.0;31.0;4.956;19.0;4.956;19.0;9.333;2.309;8.0;12.0;14.833;7.808;8.0;28.0;14.833;7.808;8.0;28.0;8.0;25.187;25.187;-0.667;0.577;-1.0;0.0;0.167;1.169;-1.0;2.0;0.167;1.169;-1.0;2.0;0.333;-2.0;2.0;1.833;3.545;-2.0;8.0;1.833;3.545;-2.0;1.235;4.8;-0.0;1.386;4.8;2.0;-5.0;2.646;4.5;0.0;4.0;2.082;-2.0;8.0;0.0;2.309;2.0;4.726;1.0;1.0;1.0;0.5;1.143
7;17;106;0.68;210;0.0;3.0;35;11;2;1.029;0.984;-0.045;270;312;20894;9;0.937;0.317;0.317;19.0;31.0;29.0;22.0;22.0;22.0;8.0;8.0;12.0;20.0;20.0;20.0;20.0;0.0;-1.0;-1.0;1.0;1.0;1.0;2.0;-2.0;8.0;8.0;4.8;8.418;8.418;31.667;3.055;29.0;35.0;6.188;19.0;6.188;19.0;11.0;5.196;8.0;17.0;15.143;7.175;8.0;28.0;15.143;7.175;8.0;28.0;12.767;28.377;28.377;-0.333;0.577;-1.0;0.0;0.143;1.069;-1.0;2.0;0.143;1.069;-1.0;2.0;1.667;1.0;2.0;1.857;3.237;-2.0;8.0;1.857;3.237;-2.0;1.231;4.8;0.0;0.0;4.8;4.0;2.0;2.517;3.0;9.0;9.0;6.658;4.5;17.0;9.0;5.196;4.0;3.055;0.0;-1.0;0.577;0.5;1.067
8;4;110;1.01;260;1.0;1.0;37;9;0;1.068;1.03;-0.038;268;305;20890;9;0.984;0.317;0.317;19.0;35.0;31.0;29.0;22.0;22.0;17.0;8.0;8.0;20.0;20.0;20.0;20.0;0.0;0.0;-1.0;1.0;1.0;2.0;1.0;2.0;8.0;8.0;4.8;8.965;9.951;34.333;3.055;31.0;37.0;7.3;19.0;7.039;19.0;9.667;6.658;4.0;17.0;12.857;7.883;4.0;28.0;13.75;7.723;4.0;28.0;11.15;22.667;30.128;1.0;1.732;0.0;3.0;0.429;1.512;-1.0;3.0;0.5;1.414;-1.0;3.0;1.0;0.0;2.0;0.714;1.799;-2.0;3.0;1.625;3.068;-2.0;1.295;4.8;-0.0;0.0;4.8;2.0;-2.0;1.155;3.0;-13.0;-22.0;11.06;-2.0;4.0;-13.0;6.658;2.0;3.055;3.0;3.0;1.528;1.5;1.016
9;4;114;1.14;312;-1.0;-1.0;40;8;-1;1.099;1.061;-0.038;274;305;20886;9;1.03;0.536;0.317;19.0;37.0;35.0;31.0;20.0;22.0;4.0;17.0;8.0;28.0;20.0;48.0;20.0;3.0;0.0;0.0;2.0;1.0;0.0;2.0;1.0;3.0;8.0;3.666;9.295;11.023;37.333;2.517;35.0;40.0;7.743;19.0;7.906;19.0;8.333;7.506;4.0;17.0;9.429;4.826;4.0;17.0;12.667;7.921;4.0;28.0;4.0;20.173;31.249;0.0;3.0;-3.0;3.0;-0.286;1.799;-3.0;3.0;0.111;1.764;-3.0;3.0;0.333;-1.0;2.0;0.143;1.574;-2.0;2.0;1.333;3.0;-2.0;1.257;2.4;-2.4;1.386;3.6;3.0;1.0;1.0;2.5;0.0;13.0;11.06;-6.5;4.0;0.0;7.506;3.0;2.517;-6.0;-9.0;4.583;-1.5;0.971
10;1;115;1.27;372;1.0;-4.0;44;7;-1;1.129;1.093;-0.036;281;307;20885;9;1.061;0.699;0.317;19.0;40.0;37.0;35.0;19.0;22.0;4.0;4.0;17.0;13.0;20.0;61.0;20.0;-3.0;3.0;0.0;0.0;1.0;-1.0;0.0;2.0;-1.0;8.0;4.996;10.033;12.675;40.333;3.512;37.0;44.0;7.348;22.0;8.95;19.0;3.0;1.732;1.0;4.0;7.714;5.438;1.0;17.0;11.5;8.33;1.0;28.0;2.646;17.066;31.7;0.333;3.055;-3.0;3.0;-0.143;1.864;-3.0;3.0;0.2;1.687;-3.0;3.0;-0.667;-1.0;0.0;0.143;1.574;-2.0;2.0;1.1;2.923;-2.0;1.307;7.2;4.8;2.4;4.8;4.0;1.0;1.0;3.5;-3.0;-3.0;6.807;-1.5;1.0;-3.0;1.732;4.0;3.512;4.0;10.0;5.508;-1.0;0.943
11;3;118;1.4;435;0.0;-4.0;48;5;-1;1.149;1.118;-0.031;289;311;20882;9;1.093;0.809;0.317;19.0;44.0;40.0;37.0;22.0;22.0;1.0;4.0;4.0;12.0;20.0;73.0;20.0;1.0;-3.0;3.0;-1.0;1.0;-1.0;-1.0;0.0;-2.0;8.0;6.04;10.223;14.264;44.0;4.0;40.0;48.0;6.824;29.0;10.093;19.0;2.667;1.528;1.0;4.0;6.429;5.318;1.0;17.0;10.727;8.308;1.0;28.0;2.082;14.186;32.003;-1.0;2.0;-3.0;1.0;-0.143;1.864;-3.0;3.0;0.091;1.64;-3.0;3.0;-1.0;-1.0;-1.0;0.286;1.38;-1.0;2.0;0.909;2.844;-2.0;1.298;4.8;-2.4;2.4;6.0;4.0;0.0;0.577;4.0;2.0;5.0;2.517;-0.5;3.0;2.0;1.528;4.0;4.0;-2.0;-6.0;5.033;1.0;0.915
12;3;121;1.53;506;1.0;-6.0;52;3;-2;1.169;1.144;-0.025;297;316;20879;9;1.118;0.875;0.317;19.0;48.0;44.0;40.0;29.0;22.0;3.0;1.0;4.0;8.0;20.0;81.0;20.0;-1.0;1.0;-3.0;-1.0;1.0;-1.0;-1.0;-1.0;2.0;8.0;5.987;10.973;16.16;48.0;4.0;44.0;52.0;7.439;31.0;11.291;19.0;2.333;1.155;1.0;3.0;5.714;5.407;1.0;17.0;10.083;8.229;1.0;28.0;3.0;10.659;32.235;0.333;1.155;-1.0;1.0;0.143;1.864;-3.0;3.0;0.167;1.586;-3.0;3.0;-1.333;-2.0;-1.0;-0.286;1.38;-2.0;2.0;0.667;2.839;-2.0;1.335;7.1;2.3;1.358;5.95;4.0;0.0;0.0;4.0;0.0;-2.0;2.517;1.0;3.0;0.0;1.155;4.0;4.0;2.0;4.0;3.055;-0.0;0.894
13;4;125;1.68;584;1.0;-10.0;52;-3;-4;1.186;1.174;-0.012;305;318;20875;9;1.144;0.937;0.317;19.0;52.0;48.0;44.0;31.0;22.0;3.0;3.0;1.0;8.0;20.0;89.0;20.0;1.0;-1.0;1.0;0.0;1.0;-2.0;-1.0;-1.0;1.0;8.0;6.034;11.529;17.923;50.667;2.309;48.0;52.0;6.952;35.0;11.996;19.0;3.333;0.577;3.0;4.0;5.143;5.336;1.0;17.0;9.615;8.057;1.0;28.0;3.512;6.451;32.524;0.333;1.155;-1.0;1.0;0.286;1.89;-3.0;3.0;0.231;1.536;-3.0;3.0;-2.333;-4.0;-1.0;-1.0;1.826;-4.0;2.0;0.308;3.011;-4.0;1.429;4.9;-2.2;1.3;6.0;0.0;-4.0;2.309;2.0;1.0;1.0;1.0;0.5;4.0;1.0;0.577;0.0;2.309;0.0;-2.0;2.0;1.0;0.874
14;5;130;1.79;668;-1.0;-17.0;61;-3;0;1.208;1.183;-0.025;313;330;20870;9;1.174;0.984;0.317;19.0;52.0;52.0;48.0;35.0;22.0;4.0;3.0;3.0;17.0;20.0;106.0;20.0;1.0;1.0;-1.0;0.0;1.0;-4.0;-2.0;-1.0;2.0;8.0;3.721;11.368;19.287;55.0;5.196;52.0;61.0;8.18;37.0;13.501;19.0;4.0;1.0;3.0;5.0;3.429;1.272;1.0;5.0;9.286;7.839;1.0;28.0;4.509;6.88;32.954;0.333;1.155;-1.0;1.0;0.143;1.952;-3.0;3.0;0.143;1.512;-3.0;3.0;-2.0;-4.0;0.0;-1.286;1.38;-4.0;0.0;0.286;2.894;-4.0;1.257;2.4;-2.5;2.352;3.65;9.0;9.0;4.509;4.5;1.0;0.0;0.577;1.0;5.0;1.0;1.0;9.0;5.196;-2.0;-2.0;2.0;-1.0;0.852
15;6;136;1.92;752;0.0;-17.0;70;2;5;1.219;1.185;-0.034;320;347;20864;9;1.183;1.03;0.317;19.0;61.0;52.0;52.0;37.0;22.0;5.0;4.0;3.0;4.0;20.0;110.0;20.0;-1.0;1.0;1.0;3.0;1.0;0.0;-4.0;-2.0;0.0;8.0;4.996;11.732;19.953;61.0;9.0;52.0;70.0;10.228;40.0;15.467;19.0;5.0;1.0;4.0;6.0;3.714;1.604;1.0;6.0;8.286;7.237;1.0;28.0;5.508;8.118;27.071;0.0;1.0;-1.0;1.0;-0.286;1.496;-3.0;1.0;0.071;1.492;-3.0;3.0;0.333;-4.0;5.0;-0.571;2.76;-4.0;5.0;0.071;2.336;-4.0;1.199;7.2;4.8;2.401;4.8;9.0;0.0;5.196;9.0;1.0;0.0;0.0;1.0;6.0;1.0;1.0;9.0;9.0;1.0;3.0;1.528;-0.5;0.845
16;6;142;2.06;841;0.0;-15.0;67;2;-1;1.229;1.202;-0.027;327;355;20858;9;1.185;1.061;0.536;23.9;70.0;61.0;52.0;40.0;20.0;6.0;5.0;4.0;4.0;28.0;114.0;48.0;0.0;-1.0;1.0;-3.0;2.0;5.0;0.0;-4.0;-1.0;3.0;7.2;11.74;20.952;66.0;4.583;61.0;70.0;9.844;44.0;15.887;19.0;5.667;0.577;5.0;6.0;4.0;1.826;1.0;6.0;6.714;4.497;1.0;17.0;6.0;9.827;24.168;0.0;1.0;-1.0;1.0;0.286;0.951;-1.0;1.0;0.0;1.414;-3.0;3.0;1.333;-1.0;5.0;-0.571;2.76;-4.0;5.0;-0.214;2.19;-4.0;1.36;7.2;-0.0;2.771;7.2;-3.0;-12.0;6.928;3.0;0.0;-1.0;0.577;0.5;6.0;0.0;0.577;-3.0;4.583;1.0;0.0;1.732;1.0;0.844
17;5;147;2.18;936;0.0;-14.0;73;4;2;1.239;1.213;-0.026;334;366;20853;9;1.202;1.093;0.699;26.3;67.0;70.0;61.0;44.0;19.0;6.0;6.0;5.0;1.0;13.0;115.0;61.0;1.0;0.0;-1.0;1.0;0.0;-1.0;5.0;0.0;-1.0;-1.0;6.04;11.933;21.622;70.0;3.0;67.0;73.0;9.914;48.0;16.073;22.0;5.667;0.577;5.0;6.0;4.571;1.272;3.0;6.0;6.143;4.13;1.0;17.0;5.508;10.858;21.955;0.333;0.577;0.0;1.0;0.143;0.9;-1.0;1.0;0.0;1.414;-3.0;3.0;2.0;-1.0;5.0;-0.143;2.911;-4.0;5.0;0.0;2.253;-4.0;1.314;4.8;-2.4;1.386;6.0;6.0;9.0;6.245;1.5;-1.0;-1.0;1.0;-0.5;5.0;-1.0;0.577;6.0;3.0;-1.0;-2.0;1.155;0.0;0.832
18;5;152;2.31;1036;0.0;-11.0;74;4;0;1.249;1.229;-0.02;343;374;20848;9;1.213;1.118;0.809;28.7;73.0;67.0;70.0;48.0;22.0;5.0;6.0;6.0;3.0;12.0;118.0;73.0;0.0;1.0;0.0;-1.0;-1.0;2.0;-1.0;5.0;-1.0;-2.0;6.04;12.326;22.228;71.333;3.786;67.0;74.0;9.335;52.0;15.804;29.0;5.333;0.577;5.0;6.0;4.857;1.069;3.0;6.0;5.643;3.775;1.0;17.0;5.0;11.51;20.493;0.667;0.577;0.0;1.0;0.429;0.787;-1.0;1.0;0.143;1.406;-3.0;3.0;0.333;-1.0;2.0;0.0;2.887;-4.0;5.0;0.143;2.179;-4.0;1.393;7.2;2.4;1.386;6.0;1.0;-5.0;4.509;3.5;0.0;1.0;0.577;-0.5;5.0;0.0;0.577;1.0;3.786;1.0;2.0;1.155;-0.0;0.824
19;5;157;2.44;1142;1.0;-9.0;79;5;2;1.259;1.241;-0.018;378;384;20843;9;1.229;1.144;0.875;33.5;74.0;73.0;67.0;52.0;29.0;5.0;5.0;6.0;3.0;8.0;121.0;81.0;1.0;0.0;1.0;1.0;-1.0;0.0;2.0;-1.0;-2.0;2.0;6.04;12.829;22.688;75.333;3.215;73.0;79.0;9.055;52.0;16.114;31.0;5.0;0.0;5.0;5.0;5.143;0.69;4.0;6.0;5.429;3.715;1.0;17.0;5.0;11.658;19.275;1.0;1.0;0.0;2.0;0.571;0.976;-1.0;2.0;0.357;1.447;-3.0;3.0;1.333;0.0;2.0;0.571;2.82;-4.0;5.0;0.143;2.179;-4.0;1.366;4.8;-2.4;1.386;6.0;5.0;4.0;2.646;3.0;0.0;0.0;0.577;0.0;5.0;0.0;0.0;5.0;3.215;1.0;0.0;1.155;1.0;0.814
20;5;162;2.57;1256;0.0;-8.0;85;31;5;1.272;1.25;-0.022;383;396;20838;9;1.241;1.174;0.937;38.3;79.0;74.0;73.0;52.0;31.0;5.0;5.0;5.0;4.0;8.0;125.0;89.0;2.0;1.0;0.0;1.0;0.0;2.0;0.0;2.0;-4.0;1.0;6.093;13.559;23.319;79.333;5.508;74.0;85.0;7.847;61.0;16.514;35.0;5.0;0.0;5.0;5.0;5.286;0.488;5.0;6.0;5.214;3.641;1.0;17.0;5.0;11.429;18.391;1.333;0.577;1.0;2.0;0.571;0.976;-1.0;2.0;0.429;1.453;-3.0;3.0;2.333;0.0;5.0;1.857;2.41;-1.0;5.0;0.429;2.533;-4.0;1.355;7.3;2.5;1.415;6.05;6.0;1.0;2.646;5.5;0.0;0.0;0.0;0.0;5.0;0.0;0.0;6.0;5.508;-1.0;-2.0;1.155;0.0;0.806
21;5;167;2.7;1382;0.0;-14.0;83;12;1;1.294;1.265;-0.029;387;404;20833;9;1.25;1.183;0.984;43.1;85.0;79.0;74.0;61.0;35.0;5.0;5.0;5.0;5.0;17.0;130.0;106.0;1.0;2.0;1.0;-1.0;0.0;5.0;2.0;0.0;0.0;2.0;6.093;13.016;23.762;82.333;3.055;79.0;85.0;6.694;67.0;16.273;37.0;5.0;0.0;5.0;5.0;5.286;0.488;5.0;6.0;4.357;1.336;1.0;6.0;5.0;11.037;19.202;1.0;1.0;0.0;2.0;0.714;0.756;0.0;2.0;0.429;1.453;-3.0;3.0;2.667;1.0;5.0;2.0;2.309;-1.0;5.0;0.357;2.499;-4.0;1.446;4.8;-2.5;1.443;6.05;-2.0;-8.0;4.359;2.0;0.0;0.0;0.0;0.0;5.0;0.0;0.0;-2.0;3.055;-1.0;0.0;1.155;-1.0;0.8
22;7;174;2.83;1517;0.0;-24.0;84;12;0;1.137;1.281;0.144;391;410;20826;9;1.265;1.185;1.03;47.9;83.0;85.0;79.0;70.0;37.0;5.0;5.0;5.0;6.0;4.0;136.0;110.0;0.0;1.0;2.0;0.0;3.0;1.0;5.0;2.0;5.0;0.0;4.8;12.474;24.026;84.0;1.0;83.0;85.0;6.744;67.0;15.6;40.0;5.667;1.155;5.0;7.0;5.429;0.787;5.0;7.0;4.571;1.505;1.0;7.0;6.028;11.28;20.271;0.0;1.0;-1.0;1.0;0.571;0.976;-1.0;2.0;0.143;1.292;-3.0;2.0;2.0;0.0;5.0;1.286;1.976;-1.0;5.0;0.357;2.499;-4.0;1.486;4.8;0.0;1.443;4.8;1.0;3.0;4.041;-0.5;2.0;2.0;1.155;1.0;7.0;2.0;1.155;1.0;1.0;-1.0;0.0;0.0;-1.0;0.791
23;5;179;2.96;1656;0.0;-31.0;89;15;3;1.337;1.296;-0.041;394;417;20821;9;1.281;1.202;1.061;50.3;84.0;83.0;85.0;67.0;40.0;7.0;5.0;5.0;6.0;4.0;142.0;114.0;-1.0;0.0;1.0;1.0;-3.0;0.0;1.0;5.0;-1.0;-1.0;6.093;12.683;24.091;85.333;3.215;83.0;89.0;5.916;73.0;15.011;44.0;5.667;1.155;5.0;7.0;5.286;0.756;5.0;7.0;4.643;1.499;1.0;7.0;6.028;11.588;21.277;-0.333;0.577;-1.0;0.0;0.429;0.976;-1.0;2.0;0.357;0.929;-1.0;2.0;1.333;0.0;3.0;1.857;1.773;0.0;5.0;0.643;2.56;-4.0;1.484;7.3;2.5;1.443;6.05;5.0;4.0;3.512;3.0;-2.0;-4.0;2.0;-0.0;5.0;-2.0;1.155;5.0;3.215;1.0;2.0;1.155;-0.0;0.781
24;4;183;3.09;1803;-2.0;-46.0;89;16;1;1.36;1.308;-0.052;397;424;20817;9;1.296;1.213;1.093;57.5;89.0;84.0;83.0;73.0;44.0;5.0;7.0;5.0;5.0;1.0;147.0;115.0;0.0;-1.0;0.0;0.0;1.0;3.0;0.0;1.0;2.0;-1.0;4.215;11.311;23.674;87.333;2.887;84.0;89.0;5.376;74.0;14.12;48.0;5.333;1.528;4.0;7.0;5.143;0.9;4.0;7.0;4.857;1.099;3.0;7.0;4.509;11.514;21.746;-2.333;3.215;-6.0;0.0;-0.429;2.637;-6.0;2.0;-0.143;1.916;-6.0;2.0;1.333;0.0;3.0;1.714;1.799;0.0;5.0;0.786;2.517;-4.0;1.484;0.0;-7.3;3.71;3.65;0.0;-5.0;2.646;2.5;-1.0;1.0;2.082;-1.5;4.0;-1.0;1.528;0.0;2.887;-6.0;-7.0;3.606;-2.5;0.772
25;6;189;3.22;1958;2.0;-52.0;94;19;4;1.382;1.326;-0.056;400;429;20811;9;1.308;1.229;1.118;62.3;89.0;89.0;84.0;74.0;48.0;4.0;5.0;7.0;5.0;3.0;152.0;118.0;-6.0;0.0;-1.0;1.0;-1.0;1.0;3.0;0.0;0.0;-1.0;9.757;13.447;24.601;90.667;2.887;89.0;94.0;4.914;79.0;13.479;52.0;5.0;1.0;4.0;6.0;5.286;0.951;4.0;7.0;5.071;0.997;3.0;7.0;5.033;11.59;22.111;-0.333;5.508;-6.0;5.0;0.143;3.338;-6.0;5.0;0.286;2.335;-6.0;5.0;2.667;1.0;4.0;2.286;1.799;0.0;5.0;1.143;2.598;-4.0;1.585;16.9;16.9;8.476;8.45;5.0;5.0;2.887;2.5;2.0;3.0;2.082;0.5;6.0;2.0;1.0;5.0;2.887;11.0;17.0;8.544;2.5;0.765
26;7;196;3.35;2120;0.0;-65.0;100;27;8;1.405;1.337;-0.068;402;438;20804;9;1.326;1.241;1.144;69.4;94.0;89.0;89.0;79.0;52.0;6.0;4.0;5.0;5.0;3.0;157.0;121.0;5.0;-6.0;0.0;2.0;1.0;4.0;1.0;3.0;2.0;-2.0;9.757;13.264;24.84;94.333;5.508;89.0;100.0;6.094;83.0;13.242;52.0;5.667;1.528;4.0;7.0;5.571;1.134;4.0;7.0;5.357;0.929;4.0;7.0;6.506;11.984;22.434;-0.667;5.508;-6.0;5.0;-0.286;3.251;-6.0;5.0;0.143;2.349;-6.0;5.0;4.333;1.0;8.0;3.143;2.795;0.0;8.0;1.857;3.009;-4.0;1.49;0.0;-16.9;9.757;8.45;6.0;1.0;3.215;5.5;1.0;-1.0;1.528;1.5;7.0;1.0;1.528;6.0;5.508;-6.0;-17.0;9.815;2.5;0.754
27;15;211;3.4;2285;0.0;-74.0;97;30;3;1.426;1.353;-0.073;404;443;20789;9;1.337;1.25;1.174;74.3;100.0;94.0;89.0;85.0;52.0;7.0;6.0;4.0;5.0;4.0;162.0;125.0;-1.0;5.0;-6.0;1.0;1.0;8.0;4.0;1.0;5.0;-4.0;4.215;13.806;25.166;97.0;3.0;94.0;100.0;6.414;83.0;11.663;61.0;9.333;4.933;6.0;15.0;7.0;3.697;4.0;15.0;6.143;2.685;4.0;15.0;11.24;14.695;23.863;1.333;3.215;-1.0;5.0;-0.429;3.207;-6.0;5.0;0.071;2.336;-6.0;5.0;5.0;3.0;8.0;2.857;2.673;0.0;8.0;2.357;2.499;-1.0;1.611;7.3;7.3;8.476;3.65;-3.0;-9.0;4.933;1.5;8.0;7.0;3.786;4.5;15.0;8.0;4.933;-3.0;3.0;1.0;7.0;8.544;-2.5;0.748
28;8;219;3.61;2455;-5.0;-94.0;99;35;4;1.446;1.362;-0.084;405;450;20781;9;1.353;1.265;1.183;76.7;97.0;100.0;94.0;83.0;61.0;15.0;7.0;6.0;5.0;5.0;167.0;130.0;0.0;-1.0;5.0;0.0;-1.0;3.0;8.0;4.0;1.0;0.0;4.158;11.873;23.664;98.667;1.528;97.0;100.0;5.984;84.0;10.847;67.0;10.0;4.359;7.0;15.0;7.429;3.599;4.0;15.0;6.357;2.706;4.0;15.0;11.676;16.743;25.325;-4.667;7.234;-13.0;0.0;-2.286;5.707;-13.0;5.0;-0.786;4.209;-13.0;5.0;5.0;3.0;8.0;3.286;2.563;0.0;8.0;2.643;2.437;-1.0;1.507;-7.1;-14.4;7.2;0.1;2.0;5.0;4.509;-0.5;-7.0;-15.0;7.506;0.5;8.0;-7.0;4.359;2.0;1.528;-13.0;-14.0;7.0;-6.0;0.739
29;3;222;3.74;2635;-9.0;-128.0;100;39;4;1.47;1.368;-0.102;406;457;20778;9;1.362;1.281;1.185;83.9;99.0;97.0;100.0;84.0;70.0;8.0;15.0;7.0;7.0;6.0;174.0;136.0;-13.0;0.0;-1.0;-1.0;0.0;4.0;3.0;8.0;0.0;5.0;4.94;9.25;21.744;98.667;1.528;97.0;100.0;4.86;89.0;10.725;67.0;8.667;6.028;3.0;15.0;6.857;3.976;3.0;15.0;6.143;2.852;3.0;15.0;5.686;17.478;26.223;-11.333;10.599;-21.0;0.0;-5.143;9.008;-21.0;5.0;-2.286;6.832;-21.0;5.0;3.667;3.0;4.0;3.857;2.116;1.0;8.0;2.571;2.377;-1.0;1.468;-2.4;4.7;7.343;-4.75;1.0;-1.0;2.646;1.5;-5.0;2.0;8.145;-6.0;3.0;-5.0;6.028;1.0;1.528;-8.0;5.0;7.095;-10.5;0.734
30;8;230;3.87;2818;-9.0;-159.0;98;40;1;1.491;1.377;-0.114;407;462;20770;9;1.368;1.296;1.202;91.1;100.0;99.0;97.0;89.0;67.0;3.0;8.0;15.0;5.0;6.0;179.0;142.0;-21.0;-13.0;0.0;0.0;1.0;4.0;4.0;3.0;3.0;-1.0;2.45;7.525;20.102;99.0;1.0;98.0;100.0;3.988;89.0;9.486;73.0;6.333;2.887;3.0;8.0;7.286;3.904;3.0;15.0;6.286;2.894;3.0;15.0;5.686;17.958;27.307;-18.333;4.619;-21.0;-13.0;-8.143;10.399;-21.0;5.0;-3.857;8.374;-21.0;5.0;3.0;1.0;4.0;3.571;2.37;1.0;8.0;2.714;2.199;0.0;1.548;4.9;7.3;6.047;1.25;-2.0;-3.0;2.082;-0.5;5.0;10.0;6.429;-0.0;8.0;5.0;2.887;-2.0;1.0;0.0;8.0;6.557;-4.0;0.731
31;9;239;4.0;3004;-9.0;-188.0;102;44;4;1.511;1.385;-0.126;408;468;20761;9;1.377;1.308;1.213;95.9;98.0;100.0;99.0;89.0;73.0;8.0;3.0;8.0;4.0;5.0;183.0;147.0;-21.0;-21.0;-13.0;-6.0;0.0;1.0;4.0;4.0;1.0;2.0;4.85;3.816;18.432;100.0;2.0;98.0;102.0;2.573;94.0;8.905;74.0;6.667;3.215;3.0;9.0;8.0;3.651;3.0;15.0;6.571;2.954;3.0;15.0;8.505;17.883;28.538;-21.0;0.0;-21.0;-21.0;-10.286;11.383;-21.0;5.0;-5.357;9.443;-21.0;5.0;3.0;1.0;4.0;4.0;2.082;1.0;8.0;2.857;2.214;0.0;1.534;4.8;-0.1;4.186;4.85;4.0;6.0;3.0;1.0;1.0;-4.0;5.033;3.0;9.0;1.0;3.215;4.0;2.0;0.0;0.0;4.619;0.0;0.726
32;10;249;4.13;3201;-18.0;-246.0;100;46;1;1.534;1.396;-0.138;408;475;20751;9;1.385;1.326;1.229;103.1;102.0;98.0;100.0;94.0;74.0;9.0;8.0;3.0;6.0;5.0;189.0;152.0;-21.0;-21.0;-21.0;5.0;1.0;4.0;1.0;4.0;4.0;0.0;4.85;5.232;17.147;100.0;2.0;98.0;102.0;1.618;97.0;7.738;79.0;9.0;1.0;8.0;10.0;8.571;3.599;3.0;15.0;6.929;3.05;3.0;15.0;9.504;17.642;29.968;-28.333;12.702;-43.0;-21.0;-17.143;14.634;-43.0;0.0;-8.5;13.58;-43.0;5.0;2.0;1.0;4.0;3.571;2.37;1.0;8.0;2.929;2.129;0.0;1.614;4.9;0.1;0.058;4.85;-2.0;-6.0;3.464;1.0;1.0;0.0;2.309;1.0;10.0;1.0;1.0;-2.0;2.0;-22.0;-22.0;12.702;-11.0;0.722
33;10;259;4.26;3403;-34.0;-342.0;100;46;0;1.556;1.408;-0.148;408;487;20741;9;1.396;1.337;1.241;107.9;100.0;102.0;98.0;100.0;79.0;10.0;9.0;8.0;7.0;5.0;196.0;157.0;-43.0;-21.0;-21.0;-1.0;2.0;1.0;4.0;1.0;8.0;2.0;4.9;6.867;15.949;100.667;1.155;100.0;102.0;1.618;97.0;6.844;83.0;9.667;0.577;9.0;10.0;9.0;3.559;3.0;15.0;7.286;3.099;3.0;15.0;10.0;17.212;31.5;-48.667;30.892;-82.0;-21.0;-28.714;26.75;-82.0;0.0;-14.5;23.51;-82.0;5.0;1.667;0.0;4.0;2.429;1.718;0.0;4.0;2.786;2.259;0.0;1.663;4.9;0.0;0.058;4.9;0.0;2.0;3.055;-1.0;0.0;-1.0;0.577;0.5;10.0;0.0;0.577;0.0;1.155;-39.0;-17.0;19.553;-30.5;0.716
34;10;269;4.39;3504;-46.0;-361.0;100;44;-1;1.578;1.42;-0.158;407;503;20731;9;1.408;1.353;1.25;115.2;100.0;100.0;102.0;97.0;85.0;10.0;10.0;9.0;15.0;5.0;211.0;162.0;-82.0;-43.0;-21.0;0.0;1.0;0.0;1.0;4.0;3.0;5.0;3.764;8.543;15.013;100.0;0.0;100.0;100.0;1.215;98.0;6.44;83.0;10.0;0.0;10.0;10.0;8.286;2.498;3.0;10.0;7.643;3.104;3.0;15.0;10.0;18.894;33.039;-78.333;33.65;-110.0;-43.0;-44.429;37.3;-110.0;-13.0;-22.429;34.178;-110.0;5.0;0.0;-1.0;1.0;1.857;2.116;-1.0;4.0;2.357;2.373;-1.0;1.688;2.5;-2.4;1.386;3.7;0.0;0.0;1.155;-0.0;0.0;0.0;0.577;0.0;10.0;0.0;0.0;0.0;0.0;-28.0;11.0;8.622;-33.5;0.71
35;0;269;4.52;3601;-83.0;-458.0;100;0;-1;1.6;1.494;-0.106;407;488;20731;9;1.42;1.362;1.265;120.0;100.0;100.0;100.0;99.0;83.0;10.0;10.0;10.0;8.0;5.0;219.0;167.0;-110.0;-82.0;-43.0;-13.0;0.0;-1.0;0.0;1.0;4.0;1.0;3.764;9.646;14.31;100.0;0.0;100.0;100.0;1.155;98.0;5.459;84.0;6.667;5.774;0.0;10.0;7.143;4.018;0.0;10.0;7.286;3.667;0.0;15.0;5.774;18.641;33.293;-130.333;61.093;-199.0;-82.0;-71.0;66.219;-199.0;-21.0;-36.643;57.533;-199.0;5.0;-0.667;-1.0;0.0;1.143;2.116;-1.0;4.0;2.214;2.517;-1.0;1.737;4.9;2.4;1.386;3.7;0.0;0.0;0.0;-0.0;-10.0;-10.0;5.774;-5.0;0.0;-10.0;5.774;-100.0;57.735;-89.0;-61.0;32.512;-58.5;0.704
1;12;12;0.1;18;0.0;-1.0;22;7;8;0.321;0.276;-0.045;0;0;20088;10;0.276;0.276;0.276;17.4;22.0;22.0;22.0;22.0;22.0;12.0;12.0;12.0;12.0;12.0;12.0;12.0;-1.0;-1.0;-1.0;-1.0;-1.0;8.0;8.0;8.0;8.0;8.0;3.536;3.536;3.536;22.0;2.121;22.0;22.0;2.121;22.0;2.121;22.0;12.0;2.121;12.0;12.0;12.0;2.121;12.0;12.0;12.0;2.121;12.0;12.0;6.364;6.364;6.364;-1.0;0.707;-1.0;-1.0;-1.0;0.707;-1.0;-1.0;-1.0;0.707;-1.0;-1.0;8.0;8.0;8.0;8.0;4.243;8.0;8.0;8.0;4.243;8.0;0.791;5.0;-2.5;1.768;3.75;-3.0;7.0;4.95;0.5;-3.0;0.0;0.0;-3.0;9.0;-3.0;2.121;4.0;2.828;1.0;-2.0;1.414;0.0;3.623
2;9;21;0.23;40;0.0;0.0;19;9;2;0.549;0.486;-0.063;0;0;20079;10;0.276;0.276;0.276;17.4;22.0;22.0;22.0;22.0;22.0;12.0;12.0;12.0;12.0;12.0;12.0;12.0;-1.0;-1.0;-1.0;-1.0;-1.0;8.0;8.0;8.0;8.0;8.0;3.536;3.536;3.536;20.5;2.121;19.0;22.0;2.121;19.0;2.121;19.0;10.5;2.121;9.0;12.0;10.5;2.121;9.0;12.0;10.5;2.121;9.0;12.0;6.364;6.364;6.364;-0.5;0.707;-1.0;0.0;-0.5;0.707;-1.0;0.0;-0.5;0.707;-1.0;0.0;5.0;2.0;8.0;5.0;4.243;2.0;8.0;5.0;4.243;2.0;1.179;5.0;-2.5;1.768;3.75;-3.0;7.0;4.95;0.5;-3.0;0.0;0.0;-3.0;9.0;-3.0;2.121;4.0;2.828;1.0;-2.0;1.414;0.0;3.623
3;6;27;0.36;66;0.0;-1.0;23;11;3;0.711;0.617;-0.094;0;0;20073;10;0.486;0.276;0.276;17.4;19.0;22.0;22.0;22.0;22.0;9.0;12.0;12.0;12.0;12.0;12.0;12.0;0.0;-1.0;-1.0;-1.0;-1.0;2.0;8.0;8.0;8.0;8.0;3.819;3.819;3.819;21.333;2.082;19.0;23.0;2.082;19.0;2.082;19.0;9.0;3.0;6.0;12.0;9.0;3.0;6.0;12.0;9.0;3.0;6.0;12.0;7.55;7.55;7.55;-0.667;0.577;-1.0;0.0;-0.667;0.577;-1.0;0.0;-0.667;0.577;-1.0;0.0;4.333;2.0;8.0;4.333;3.215;2.0;8.0;4.333;3.215;2.0;1.083;2.5;-2.5;1.768;3.75;4.0;7.0;4.95;0.5;-3.0;0.0;0.0;-3.0;6.0;-3.0;2.121;4.0;2.828;-1.0;-2.0;1.414;0.0;2.058
4;6;33;0.49;96;0.0;-1.0;25;13;1;0.826;0.728;-0.098;0;0;20067;10;0.617;0.276;0.276;17.4;23.0;19.0;22.0;22.0;22.0;6.0;9.0;12.0;12.0;12.0;12.0;12.0;-1.0;0.0;-1.0;-1.0;-1.0;3.0;2.0;8.0;8.0;8.0;3.819;5.204;5.204;22.333;3.055;19.0;25.0;2.5;19.0;2.5;19.0;7.0;1.732;6.0;9.0;8.25;2.872;6.0;12.0;8.25;2.872;6.0;12.0;6.0;8.958;8.958;-0.333;0.577;-1.0;0.0;-0.5;0.577;-1.0;0.0;-0.5;0.577;-1.0;0.0;2.0;1.0;3.0;3.5;3.109;1.0;8.0;3.5;3.109;1.0;1.196;5.0;2.5;1.443;3.75;2.0;-2.0;3.606;3.0;0.0;3.0;1.732;-1.5;6.0;0.0;1.732;2.0;3.055;1.0;2.0;1.155;-0.0;1.621
5;3;36;0.62;131;0.0;-1.0;29;15;2;0.914;0.815;-0.099;0;0;20064;10;0.728;0.276;0.276;17.4;25.0;23.0;19.0;22.0;22.0;6.0;6.0;9.0;12.0;12.0;12.0;12.0;0.0;-1.0;0.0;-1.0;-1.0;1.0;3.0;2.0;8.0;8.0;5.0;6.755;6.755;25.667;3.055;23.0;29.0;3.715;19.0;3.715;19.0;5.0;1.732;3.0;6.0;7.2;3.421;3.0;12.0;7.2;3.421;3.0;12.0;4.583;9.628;9.628;0.0;1.0;-1.0;1.0;-0.2;0.837;-1.0;1.0;-0.2;0.837;-1.0;1.0;2.0;1.0;3.0;3.2;2.775;1.0;8.0;3.2;2.775;1.0;1.203;5.0;0.0;1.443;5.0;4.0;2.0;1.155;3.0;-3.0;-3.0;1.732;-1.5;3.0;-3.0;1.732;4.0;3.055;1.0;0.0;1.155;1.0;1.374
6;5;41;0.75;170;0.0;-3.0;32;17;2;0.979;0.874;-0.105;0;0;20059;10;0.815;0.276;0.276;17.4;29.0;25.0;23.0;22.0;22.0;3.0;6.0;6.0;12.0;12.0;12.0;12.0;1.0;0.0;-1.0;-1.0;-1.0;2.0;1.0;3.0;8.0;8.0;3.819;7.651;7.651;28.667;3.512;25.0;32.0;4.775;19.0;4.775;19.0;4.667;1.528;3.0;6.0;6.833;3.189;3.0;12.0;6.833;3.189;3.0;12.0;4.041;10.614;10.614;0.0;1.0;-1.0;1.0;-0.333;0.816;-1.0;1.0;-0.333;0.816;-1.0;1.0;1.667;1.0;2.0;3.0;2.53;1.0;8.0;3.0;2.53;1.0;1.169;2.5;-2.5;1.443;3.75;3.0;-1.0;1.0;3.5;2.0;5.0;2.517;-0.5;5.0;2.0;1.528;3.0;3.512;-2.0;-3.0;1.732;-0.5;1.227
7;2;43;0.68;210;0.0;-1.0;35;21;2;1.029;0.926;-0.103;270;348;20057;10;0.874;0.276;0.276;17.4;32.0;29.0;25.0;22.0;22.0;5.0;3.0;6.0;12.0;12.0;12.0;12.0;-1.0;1.0;0.0;-1.0;-1.0;2.0;2.0;1.0;8.0;8.0;3.819;8.898;8.898;32.0;3.0;29.0;35.0;5.769;19.0;5.769;19.0;3.333;1.528;2.0;5.0;6.143;3.436;2.0;12.0;6.143;3.436;2.0;12.0;3.606;11.163;11.163;-0.333;1.155;-1.0;1.0;-0.429;0.787;-1.0;1.0;-0.429;0.787;-1.0;1.0;2.0;2.0;2.0;2.857;2.34;1.0;8.0;2.857;2.34;1.0;1.211;5.0;2.5;1.443;3.75;3.0;0.0;0.577;3.0;-3.0;-5.0;2.887;-0.5;2.0;-3.0;1.528;3.0;3.0;0.0;2.0;1.528;-1.0;1.144
8;0;43;1.01;260;0.0;-6.0;39;21;2;1.068;0.959;-0.109;268;345;20057;10;0.926;0.276;0.276;17.4;35.0;32.0;29.0;22.0;22.0;2.0;5.0;3.0;12.0;12.0;12.0;12.0;-1.0;-1.0;1.0;-1.0;-1.0;2.0;2.0;2.0;8.0;8.0;3.819;8.522;9.797;35.333;3.512;32.0;39.0;7.034;19.0;6.949;19.0;2.333;2.517;0.0;5.0;4.429;2.992;0.0;9.0;5.375;3.852;0.0;12.0;1.155;8.454;11.25;-0.667;0.577;-1.0;0.0;-0.286;0.756;-1.0;1.0;-0.375;0.744;-1.0;1.0;2.0;2.0;2.0;2.0;0.577;1.0;3.0;2.75;2.188;1.0;1.151;2.5;-2.5;1.443;3.75;4.0;1.0;0.577;3.5;-2.0;1.0;2.646;-2.5;0.0;-2.0;2.517;4.0;3.512;1.0;1.0;1.528;0.5;1.08
9;0;43;1.14;312;0.0;-5.0;41;21;0;1.099;1.002;-0.097;274;339;20057;10;0.959;0.486;0.276;17.4;39.0;35.0;32.0;19.0;22.0;0.0;2.0;5.0;9.0;12.0;21.0;12.0;0.0;-1.0;-1.0;0.0;-1.0;2.0;2.0;2.0;2.0;8.0;5.204;9.322;11.456;38.333;3.055;35.0;41.0;6.807;23.0;7.812;19.0;0.667;1.155;0.0;2.0;3.143;2.61;0.0;6.0;4.778;4.024;0.0;12.0;0.0;6.245;11.144;-0.667;0.577;-1.0;0.0;-0.429;0.787;-1.0;1.0;-0.444;0.726;-1.0;1.0;1.333;0.0;2.0;1.714;0.951;0.0;3.0;2.444;2.242;0.0;1.278;7.5;5.0;2.5;5.0;2.0;-2.0;1.0;3.0;0.0;2.0;1.528;-1.0;0.0;0.0;1.155;2.0;3.055;-1.0;-2.0;1.0;0.0;1.043
10;3;46;1.27;372;0.0;-11.0;45;21;0;1.129;1.03;-0.099;281;340;20054;10;1.002;0.617;0.276;17.4;41.0;39.0;35.0;23.0;22.0;0.0;0.0;2.0;6.0;12.0;27.0;12.0;-1.0;0.0;-1.0;-1.0;-1.0;0.0;2.0;2.0;3.0;8.0;5.204;9.129;12.652;41.667;3.055;39.0;45.0;7.034;25.0;8.857;19.0;1.0;1.732;0.0;3.0;2.714;2.289;0.0;6.0;4.6;3.836;0.0;12.0;1.732;4.572;11.257;-0.667;0.577;-1.0;0.0;-0.429;0.787;-1.0;1.0;-0.5;0.707;-1.0;1.0;0.667;0.0;2.0;1.286;0.951;0.0;2.0;2.2;2.251;0.0;1.22;2.5;-5.0;2.887;5.0;4.0;2.0;1.155;3.0;3.0;3.0;2.517;1.5;3.0;3.0;1.732;4.0;3.055;0.0;1.0;1.0;-0.5;0.998
11;4;50;1.4;435;0.0;-11.0;51;22;2;1.149;1.054;-0.095;289;346;20050;10;1.03;0.728;0.276;17.4;45.0;41.0;39.0;25.0;22.0;3.0;0.0;0.0;6.0;12.0;33.0;12.0;-1.0;-1.0;0.0;0.0;-1.0;0.0;0.0;2.0;1.0;8.0;5.148;9.915;14.361;45.667;5.033;41.0;51.0;7.625;29.0;10.342;19.0;2.333;2.082;0.0;4.0;2.429;1.902;0.0;5.0;4.545;3.643;0.0;12.0;3.512;4.298;11.657;-1.0;0.0;-1.0;-1.0;-0.571;0.787;-1.0;1.0;-0.545;0.688;-1.0;1.0;0.667;0.0;2.0;1.429;0.976;0.0;2.0;2.182;2.136;0.0;1.222;7.4;4.9;2.858;4.95;6.0;2.0;2.0;5.0;1.0;-2.0;1.528;2.0;4.0;1.0;2.082;6.0;5.033;0.0;0.0;0.577;-0.0;0.971
12;5;55;1.53;506;0.0;-15.0;49;17;-5;1.169;1.089;-0.08;297;344;20045;10;1.054;0.815;0.276;17.4;51.0;45.0;41.0;29.0;22.0;4.0;3.0;0.0;3.0;12.0;36.0;12.0;-1.0;-1.0;-1.0;1.0;-1.0;2.0;0.0;0.0;2.0;8.0;6.239;10.829;16.015;48.333;3.055;45.0;51.0;7.041;32.0;10.911;19.0;4.0;1.0;3.0;5.0;2.714;2.138;0.0;5.0;4.583;3.476;0.0;12.0;4.509;4.981;12.406;-1.0;0.0;-1.0;-1.0;-0.857;0.378;-1.0;0.0;-0.583;0.669;-1.0;1.0;-1.0;-5.0;2.0;0.429;2.573;-5.0;2.0;1.583;2.906;-5.0;1.373;5.0;-2.4;2.45;6.2;-2.0;-8.0;4.163;2.0;1.0;0.0;1.155;1.0;5.0;1.0;1.0;-2.0;3.055;0.0;0.0;0.0;-0.0;0.949
13;6;61;1.68;584;0.0;-21.0;44;3;-12;1.186;1.138;-0.048;305;334;20039;10;1.089;0.874;0.276;17.4;49.0;51.0;45.0;32.0;22.0;5.0;4.0;3.0;5.0;12.0;41.0;12.0;-1.0;-1.0;-1.0;-1.0;-1.0;-5.0;2.0;0.0;2.0;8.0;5.05;11.222;17.644;48.0;3.606;44.0;51.0;5.593;35.0;10.797;19.0;5.0;1.0;4.0;6.0;2.857;2.34;0.0;6.0;4.692;3.351;0.0;12.0;5.508;7.041;13.549;-1.0;0.0;-1.0;-1.0;-0.857;0.378;-1.0;0.0;-0.615;0.65;-1.0;1.0;-5.0;-12.0;2.0;-1.571;5.224;-12.0;2.0;0.538;4.684;-12.0;1.645;5.1;0.1;1.358;5.05;-5.0;-3.0;5.686;-3.5;1.0;0.0;0.0;1.0;6.0;1.0;1.0;-5.0;3.606;0.0;0.0;0.0;-0.0;0.918
14;7;68;1.79;668;0.0;-27.0;62;4;1;1.208;1.15;-0.058;313;345;20032;10;1.138;0.926;0.276;17.4;44.0;49.0;51.0;35.0;22.0;6.0;5.0;4.0;2.0;12.0;43.0;12.0;-1.0;-1.0;-1.0;-1.0;-1.0;-12.0;-5.0;2.0;2.0;8.0;5.05;11.602;19.24;51.667;9.292;44.0;62.0;7.718;39.0;12.648;19.0;6.0;1.0;5.0;7.0;3.571;2.76;0.0;7.0;4.857;3.278;0.0;12.0;6.506;9.552;15.108;-1.0;0.0;-1.0;-1.0;-0.857;0.378;-1.0;0.0;-0.643;0.633;-1.0;1.0;-5.333;-12.0;1.0;-1.714;5.122;-12.0;2.0;0.571;4.502;-12.0;1.248;5.0;-0.1;0.058;5.05;18.0;23.0;12.503;6.5;1.0;0.0;0.0;1.0;7.0;1.0;1.0;18.0;9.292;0.0;0.0;0.0;-0.0;0.879
15;4;72;1.92;752;-1.0;-29.0;66;5;1;1.219;1.161;-0.058;320;357;20028;10;1.15;0.959;0.276;17.4;62.0;44.0;49.0;39.0;22.0;7.0;6.0;5.0;0.0;12.0;43.0;12.0;-1.0;-1.0;-1.0;0.0;-1.0;1.0;-12.0;-5.0;2.0;8.0;5.0;11.227;19.703;57.333;11.719;44.0;66.0;9.442;41.0;14.06;19.0;5.667;1.528;4.0;7.0;4.143;2.268;0.0;7.0;4.286;2.555;0.0;9.0;5.568;11.028;14.642;-1.333;0.577;-2.0;-1.0;-1.143;0.378;-2.0;-1.0;-0.714;0.726;-2.0;1.0;-3.333;-12.0;1.0;-1.857;5.014;-12.0;2.0;0.071;3.97;-12.0;1.248;5.0;0.0;0.058;5.0;4.0;-14.0;11.59;11.0;-3.0;-4.0;2.309;-1.0;4.0;-3.0;1.528;4.0;11.719;-1.0;-1.0;0.577;-0.5;0.87
16;7;79;2.06;841;0.0;-28.0;77;15;9;1.229;1.162;-0.067;327;375;20021;10;1.161;1.002;0.486;22.4;66.0;62.0;44.0;41.0;19.0;4.0;7.0;6.0;0.0;9.0;43.0;21.0;-2.0;-1.0;-1.0;-1.0;0.0;1.0;1.0;-12.0;0.0;2.0;6.292;12.011;20.558;68.333;7.767;62.0;77.0;12.352;44.0;15.83;23.0;6.0;1.732;4.0;7.0;5.143;1.574;3.0;7.0;4.143;2.316;0.0;7.0;5.568;12.067;15.323;-1.0;1.0;-2.0;0.0;-1.0;0.577;-2.0;0.0;-0.714;0.726;-2.0;1.0;3.667;1.0;9.0;-0.571;6.503;-12.0;9.0;0.571;4.62;-12.0;1.168;7.5;2.5;1.443;6.25;11.0;7.0;7.0;7.5;3.0;6.0;3.055;-0.0;7.0;3.0;1.732;11.0;7.767;2.0;3.0;1.528;0.5;0.861
17;4;83;2.18;936;0.0;-28.0;68;12;-3;1.239;1.182;-0.057;334;381;20017;10;1.162;1.03;0.617;24.9;77.0;66.0;62.0;45.0;23.0;7.0;4.0;7.0;3.0;6.0;46.0;27.0;0.0;-2.0;-1.0;-1.0;-1.0;9.0;1.0;1.0;0.0;3.0;6.292;11.827;21.116;70.333;5.859;66.0;77.0;11.9;44.0;15.775;25.0;5.0;1.732;4.0;7.0;5.286;1.38;4.0;7.0;4.0;2.253;0.0;7.0;5.568;12.212;16.202;-1.0;1.0;-2.0;0.0;-1.0;0.577;-2.0;0.0;-0.714;0.726;-2.0;1.0;2.333;-3.0;9.0;-1.0;6.557;-12.0;9.0;0.143;4.655;-12.0;1.396;5.0;-2.5;1.443;6.25;-9.0;-20.0;10.149;1.0;-3.0;-6.0;3.464;0.0;4.0;-3.0;1.732;-9.0;5.859;-1.0;-3.0;1.732;0.5;0.861
18;3;86;2.31;1036;-1.0;-28.0;74;12;0;1.249;1.197;-0.052;343;389;20014;10;1.182;1.054;0.728;29.9;68.0;77.0;66.0;51.0;25.0;4.0;7.0;4.0;4.0;6.0;50.0;33.0;-1.0;0.0;-2.0;-1.0;0.0;-3.0;9.0;1.0;2.0;1.0;5.0;12.0;21.659;73.0;4.583;68.0;77.0;12.308;44.0;15.869;29.0;4.667;2.082;3.0;7.0;5.143;1.574;3.0;7.0;3.786;2.19;0.0;7.0;3.512;11.489;17.136;-1.0;1.0;-2.0;0.0;-1.143;0.69;-2.0;0.0;-0.857;0.77;-2.0;1.0;2.0;-3.0;9.0;-1.286;6.448;-12.0;9.0;0.071;4.649;-12.0;1.35;5.0;0.0;1.443;5.0;6.0;15.0;10.408;-1.5;-1.0;2.0;3.055;-2.0;3.0;-1.0;2.082;6.0;4.583;-1.0;0.0;1.732;-1.0;0.846
19;7;93;2.44;1142;0.0;-29.0;80;14;3;1.259;1.207;-0.052;378;400;20007;10;1.197;1.089;0.815;34.9;74.0;68.0;77.0;49.0;29.0;3.0;4.0;7.0;5.0;3.0;55.0;36.0;-2.0;-1.0;0.0;-1.0;1.0;0.0;-3.0;9.0;-5.0;2.0;5.05;12.0;22.201;74.0;6.0;68.0;80.0;12.065;44.0;16.313;32.0;4.667;2.082;3.0;7.0;5.429;1.718;3.0;7.0;4.071;2.336;0.0;7.0;5.132;11.088;18.345;-1.333;0.577;-2.0;-1.0;-1.143;0.69;-2.0;0.0;-1.0;0.555;-2.0;0.0;0.0;-3.0;3.0;-0.143;6.388;-12.0;9.0;0.143;4.688;-12.0;1.312;5.1;0.1;0.058;5.05;6.0;0.0;8.66;6.0;4.0;5.0;3.606;1.5;7.0;4.0;2.082;6.0;6.0;1.0;2.0;1.155;-0.0;0.835
20;5;98;2.57;1256;-1.0;-31.0;79;34;-1;1.272;1.224;-0.048;383;407;20002;10;1.207;1.138;0.874;37.4;80.0;74.0;68.0;44.0;32.0;7.0;3.0;4.0;6.0;5.0;61.0;41.0;-1.0;-2.0;-1.0;-1.0;-1.0;3.0;0.0;-3.0;-12.0;2.0;6.338;12.406;22.72;77.667;3.215;74.0;80.0;6.993;62.0;16.162;35.0;5.0;2.0;3.0;7.0;5.286;1.704;3.0;7.0;4.071;2.336;0.0;7.0;6.028;10.766;19.688;-1.667;0.577;-2.0;-1.0;-1.286;0.756;-2.0;0.0;-1.071;0.616;-2.0;0.0;0.667;-1.0;3.0;1.429;3.823;-3.0;9.0;-0.071;4.665;-12.0;1.424;7.5;2.4;1.415;6.3;-1.0;-7.0;4.041;2.5;-2.0;-6.0;3.215;1.0;5.0;-2.0;2.0;-1.0;3.215;-1.0;-2.0;1.155;0.0;0.829
21;7;105;2.7;1382;0.0;-37.0;81;13;-1;1.294;1.243;-0.051;387;412;19995;10;1.224;1.15;0.926;42.4;79.0;80.0;74.0;62.0;35.0;5.0;7.0;3.0;7.0;2.0;68.0;43.0;-2.0;-1.0;-2.0;-1.0;-1.0;-1.0;3.0;0.0;1.0;2.0;7.5;13.013;23.447;80.0;1.0;79.0;81.0;5.944;66.0;15.83;39.0;6.333;1.155;5.0;7.0;5.286;1.704;3.0;7.0;4.429;2.377;0.0;7.0;6.028;11.402;21.107;-1.0;1.0;-2.0;0.0;-1.143;0.9;-2.0;0.0;-1.0;0.679;-2.0;0.0;0.333;-1.0;3.0;1.143;3.934;-3.0;9.0;-0.286;4.631;-12.0;1.481;7.5;0.0;1.386;7.5;2.0;3.0;3.512;0.5;2.0;4.0;3.055;-0.0;7.0;2.0;1.155;2.0;1.0;2.0;3.0;1.528;0.5;0.817
22;2;107;2.83;1517;0.0;-47.0;81;10;-3;1.137;1.264;0.127;391;416;19993;10;1.243;1.161;0.959;44.9;81.0;79.0;80.0;66.0;39.0;7.0;5.0;7.0;4.0;0.0;72.0;43.0;0.0;-2.0;-1.0;-2.0;0.0;-1.0;-1.0;3.0;1.0;2.0;6.292;13.013;23.691;80.333;1.155;79.0;81.0;4.741;68.0;15.281;41.0;4.667;2.517;2.0;7.0;5.0;2.082;2.0;7.0;4.571;2.138;0.0;7.0;4.726;10.878;21.699;-1.0;1.0;-2.0;0.0;-1.0;0.816;-2.0;0.0;-1.071;0.616;-2.0;0.0;-1.667;-3.0;-1.0;0.571;4.237;-3.0;9.0;-0.643;4.634;-12.0;1.543;5.0;-2.5;1.443;6.25;0.0;-2.0;1.528;1.0;-5.0;-7.0;3.512;-1.5;2.0;-5.0;2.517;0.0;1.155;-1.0;-3.0;1.732;0.5;0.805
23;1;108;2.96;1656;-1.0;-55.0;86;10;0;1.337;1.281;-0.056;394;421;19992;10;1.264;1.162;1.002;52.4;81.0;81.0;79.0;77.0;41.0;2.0;7.0;5.0;7.0;0.0;79.0;43.0;-1.0;0.0;-2.0;0.0;-1.0;-3.0;-1.0;-1.0;9.0;0.0;5.05;13.21;24.091;82.667;2.887;81.0;86.0;5.798;68.0;14.763;44.0;3.333;3.215;1.0;7.0;4.143;2.34;1.0;7.0;4.643;1.985;1.0;7.0;1.528;10.156;21.342;-1.0;1.0;-2.0;0.0;-1.286;0.756;-2.0;0.0;-1.143;0.663;-2.0;0.0;-1.333;-3.0;0.0;-0.714;2.059;-3.0;3.0;-0.643;4.634;-12.0;1.513;5.1;0.1;1.415;5.05;5.0;5.0;2.517;2.5;-1.0;4.0;3.512;-3.0;1.0;-1.0;3.215;5.0;2.887;-1.0;0.0;1.732;-1.0;0.791
24;2;110;3.09;1803;0.0;-65.0;88;10;0;1.36;1.3;-0.06;397;426;19990;10;1.281;1.182;1.03;54.9;86.0;81.0;81.0;68.0;45.0;1.0;2.0;7.0;4.0;3.0;83.0;46.0;-2.0;-1.0;0.0;-1.0;-1.0;0.0;-3.0;-1.0;-3.0;0.0;6.338;13.589;24.319;85.0;3.606;81.0;88.0;4.608;74.0;14.217;44.0;1.667;0.577;1.0;2.0;3.857;2.478;1.0;7.0;4.571;2.065;1.0;7.0;1.528;8.944;20.484;-1.0;1.0;-2.0;0.0;-1.143;0.9;-2.0;0.0;-1.071;0.73;-2.0;0.0;-1.0;-3.0;0.0;-0.286;1.799;-3.0;3.0;-0.643;4.634;-12.0;1.564;7.5;2.4;1.415;6.3;2.0;-3.0;2.517;3.5;1.0;2.0;3.055;-0.0;2.0;1.0;0.577;2.0;3.606;2.0;3.0;1.732;0.5;0.781
25;3;113;3.22;1958;-5.0;-87.0;90;9;0;1.382;1.311;-0.071;400;433;19987;10;1.3;1.197;1.054;62.3;88.0;86.0;81.0;74.0;51.0;2.0;1.0;2.0;3.0;4.0;86.0;50.0;0.0;-2.0;-1.0;-2.0;-1.0;0.0;0.0;-3.0;0.0;2.0;3.819;11.565;23.551;88.0;2.0;86.0;90.0;4.353;79.0;13.935;44.0;2.0;1.0;1.0;3.0;3.857;2.478;1.0;7.0;4.5;2.103;1.0;7.0;2.517;7.01;19.346;-4.333;5.859;-11.0;0.0;-2.429;3.867;-11.0;0.0;-1.786;2.751;-11.0;0.0;0.0;0.0;0.0;-0.286;1.799;-3.0;3.0;-0.786;4.577;-12.0;1.473;-5.0;-12.5;6.634;1.25;2.0;0.0;1.732;2.0;1.0;0.0;1.155;1.0;3.0;1.0;1.0;2.0;2.0;-11.0;-13.0;6.807;-4.5;0.769
26;5;118;3.35;2120;-5.0;-112.0;92;9;0;1.405;1.322;-0.083;402;439;19982;10;1.311;1.207;1.089;67.3;90.0;88.0;86.0;80.0;49.0;3.0;2.0;1.0;7.0;5.0;93.0;55.0;-11.0;0.0;-2.0;-1.0;-1.0;0.0;0.0;0.0;3.0;-5.0;2.887;9.337;22.753;90.0;2.0;88.0;92.0;5.024;79.0;12.887;44.0;3.333;1.528;2.0;5.0;3.571;2.149;1.0;7.0;4.5;2.103;1.0;7.0;4.041;6.294;18.269;-7.667;6.658;-12.0;0.0;-4.0;5.196;-12.0;0.0;-2.571;3.857;-12.0;0.0;0.0;0.0;0.0;-0.714;1.113;-3.0;0.0;-0.429;4.415;-12.0;1.496;5.0;10.0;6.614;-0.0;2.0;0.0;0.0;2.0;2.0;1.0;0.577;1.5;5.0;2.0;1.528;2.0;2.0;-1.0;10.0;6.807;-6.0;0.763
27;5;123;3.4;2285;-5.0;-134.0;95;10;1;1.426;1.333;-0.093;404;446;19977;10;1.322;1.224;1.138;72.4;92.0;90.0;88.0;79.0;44.0;5.0;3.0;2.0;5.0;6.0;98.0;61.0;-12.0;-11.0;0.0;-2.0;-1.0;0.0;0.0;0.0;-1.0;-12.0;5.05;7.893;21.945;92.333;2.517;90.0;95.0;5.318;81.0;9.926;62.0;4.333;1.155;3.0;5.0;3.571;2.149;1.0;7.0;4.429;2.065;1.0;7.0;5.0;6.481;17.429;-12.0;1.0;-13.0;-11.0;-5.571;6.079;-13.0;0.0;-3.429;4.718;-13.0;0.0;0.333;0.0;1.0;-0.429;1.272;-3.0;1.0;0.5;2.902;-3.0;1.502;5.1;0.1;5.803;5.05;3.0;1.0;0.577;2.5;0.0;-2.0;1.0;1.0;5.0;0.0;1.155;3.0;2.517;-1.0;0.0;5.774;-1.0;0.756
28;3;126;3.61;2455;-6.0;-156.0;96;12;1;1.446;1.344;-0.102;405;451;19974;10;1.333;1.243;1.15;77.4;95.0;92.0;90.0;81.0;62.0;5.0;5.0;3.0;7.0;7.0;105.0;68.0;-13.0;-12.0;-11.0;0.0;-1.0;1.0;0.0;0.0;-1.0;1.0;5.05;7.681;21.101;94.333;2.082;92.0;96.0;5.251;81.0;9.345;66.0;4.333;1.155;3.0;5.0;3.0;1.528;1.0;5.0;4.143;1.956;1.0;7.0;4.041;7.483;16.796;-13.0;1.0;-14.0;-12.0;-7.571;6.241;-14.0;0.0;-4.357;5.429;-14.0;0.0;0.667;0.0;1.0;-0.143;1.345;-3.0;1.0;0.5;2.902;-3.0;1.539;5.0;-0.1;0.058;5.05;1.0;-2.0;1.0;2.0;-2.0;-2.0;2.0;-1.0;3.0;-2.0;1.155;1.0;2.082;-1.0;0.0;0.0;-1.0;0.75
29;3;129;3.74;2635;-6.0;-184.0;96;12;0;1.47;1.357;-0.113;406;456;19971;10;1.344;1.264;1.161;82.4;96.0;95.0;92.0;81.0;66.0;3.0;5.0;5.0;2.0;4.0;107.0;72.0;-14.0;-13.0;-12.0;-1.0;-2.0;1.0;1.0;0.0;-3.0;1.0;5.0;8.083;20.215;95.667;0.577;95.0;96.0;4.018;86.0;8.724;68.0;3.667;1.155;3.0;5.0;3.143;1.464;1.0;5.0;4.071;1.979;1.0;7.0;3.0;8.153;15.984;-14.0;1.0;-15.0;-13.0;-9.571;6.024;-15.0;0.0;-5.286;6.069;-15.0;0.0;0.667;0.0;1.0;0.286;0.488;0.0;1.0;0.429;2.901;-3.0;1.591;5.0;0.0;0.058;5.0;0.0;-1.0;1.528;0.5;0.0;2.0;1.155;-1.0;3.0;0.0;1.155;0.0;0.577;-1.0;0.0;0.0;-1.0;0.744
30;0;129;3.87;2818;-6.0;-209.0;106;21;9;1.491;1.365;-0.126;407;464;19971;10;1.357;1.281;1.162;89.9;96.0;96.0;95.0;86.0;77.0;3.0;3.0;5.0;1.0;7.0;108.0;79.0;-15.0;-14.0;-13.0;-2.0;0.0;0.0;1.0;1.0;0.0;9.0;5.0;9.042;19.675;99.333;5.774;96.0;106.0;5.851;88.0;10.135;68.0;2.0;1.732;0.0;3.0;3.0;1.732;0.0;5.0;3.571;2.065;0.0;7.0;1.732;7.647;15.155;-14.667;0.577;-15.0;-14.0;-11.429;5.255;-15.0;0.0;-6.357;6.38;-15.0;0.0;3.333;0.0;9.0;1.571;3.309;0.0;9.0;0.429;2.901;-3.0;1.488;5.0;0.0;0.0;5.0;10.0;10.0;5.508;5.0;-3.0;-3.0;1.528;-1.5;0.0;-3.0;1.732;10.0;5.774;0.0;1.0;0.577;-0.5;0.737
31;0;129;4.0;3004;-6.0;-232.0;99;22;1;1.511;1.378;-0.133;408;468;19971;10;1.365;1.3;1.182;94.9;106.0;96.0;96.0;88.0;68.0;0.0;3.0;3.0;2.0;4.0;110.0;83.0;-15.0;-15.0;-14.0;0.0;-1.0;9.0;0.0;1.0;0.0;-3.0;5.0;10.84;19.163;100.333;5.132;96.0;106.0;5.187;90.0;9.099;74.0;1.0;1.732;0.0;3.0;2.714;2.059;0.0;5.0;3.286;2.268;0.0;7.0;0.0;6.283;13.993;-15.0;0.0;-15.0;-15.0;-13.571;1.618;-15.0;-11.0;-7.357;6.57;-15.0;0.0;3.333;0.0;9.0;1.714;3.251;0.0;9.0;0.714;2.73;-3.0;1.643;5.0;0.0;0.0;5.0;-7.0;-17.0;8.544;1.5;0.0;3.0;1.732;-1.5;0.0;0.0;1.732;-7.0;5.132;0.0;0.0;0.577;0.0;0.733
32;0;129;4.13;3201;-5.0;-259.0;107;31;8;1.534;1.389;-0.145;408;473;19971;10;1.378;1.311;1.197;99.9;99.0;106.0;96.0;90.0;74.0;0.0;0.0;3.0;3.0;3.0;113.0;86.0;-15.0;-15.0;-15.0;-11.0;-2.0;1.0;9.0;0.0;0.0;0.0;6.292;11.427;18.996;104.0;4.359;99.0;107.0;5.707;92.0;9.248;79.0;0.0;0.0;0.0;0.0;2.286;2.289;0.0;5.0;3.071;2.433;0.0;7.0;0.0;4.259;12.371;-14.333;1.155;-15.0;-13.0;-13.857;1.215;-15.0;-12.0;-8.143;6.538;-15.0;0.0;6.0;1.0;9.0;2.857;3.891;0.0;9.0;1.286;3.338;-3.0;1.591;7.5;2.5;1.443;6.25;8.0;15.0;9.292;0.5;0.0;0.0;1.732;-0.0;0.0;0.0;0.0;8.0;4.359;2.0;2.0;1.155;1.0;0.726
33;0;129;4.26;3403;-10.0;-298.0;83;14;-17;1.556;1.411;-0.145;408;470;19971;10;1.389;1.322;1.207;105.0;107.0;99.0;106.0;92.0;80.0;0.0;0.0;0.0;5.0;7.0;118.0;93.0;-13.0;-15.0;-15.0;-12.0;-1.0;8.0;1.0;9.0;0.0;3.0;4.33;9.559;17.447;96.333;12.22;83.0;107.0;8.018;83.0;9.001;79.0;0.0;0.0;0.0;0.0;1.571;2.07;0.0;5.0;2.571;2.277;0.0;7.0;0.0;2.36;11.0;-17.667;6.429;-25.0;-13.0;-15.714;4.192;-25.0;-13.0;-9.857;7.584;-25.0;0.0;-2.667;-17.0;8.0;0.429;8.522;-17.0;9.0;-0.143;5.869;-17.0;1.96;-7.5;-15.0;8.036;-0.0;-24.0;-32.0;16.01;-8.0;0.0;0.0;0.0;-0.0;0.0;0.0;0.0;-24.0;12.22;-12.0;-14.0;7.572;-5.0;0.72
34;0;129;4.39;3504;-7.0;-224.0;109;21;8;1.578;1.42;-0.158;407;475;19971;10;1.411;1.333;1.224;112.5;83.0;107.0;99.0;95.0;79.0;0.0;0.0;0.0;5.0;5.0;123.0;98.0;-25.0;-13.0;-15.0;-13.0;-2.0;-17.0;8.0;1.0;1.0;-1.0;6.338;9.583;17.276;99.667;14.468;83.0;109.0;8.997;83.0;9.395;81.0;0.0;0.0;0.0;0.0;0.857;1.464;0.0;3.0;2.214;2.259;0.0;7.0;0.0;1.134;9.691;-18.333;6.11;-25.0;-13.0;-16.286;4.03;-25.0;-13.0;-10.929;7.447;-25.0;0.0;-0.333;-17.0;8.0;1.429;8.997;-17.0;9.0;0.5;6.248;-17.0;1.608;12.6;20.1;10.448;2.55;26.0;50.0;25.325;1.0;0.0;0.0;0.0;-0.0;0.0;0.0;0.0;26.0;14.468;8.0;20.0;10.263;-2.0;0.709
35;0;129;4.52;3601;-7.0;-141.0;90;10;-11;1.6;1.442;-0.158;407;473;19971;10;1.42;1.344;1.243;120.0;109.0;83.0;107.0;96.0;81.0;0.0;0.0;0.0;3.0;7.0;126.0;105.0;-17.0;-25.0;-13.0;-14.0;0.0;8.0;-17.0;8.0;1.0;-1.0;9.069;9.799;17.605;94.0;13.454;83.0;109.0;9.641;83.0;8.761;81.0;0.0;0.0;0.0;0.0;0.429;1.134;0.0;3.0;1.714;1.858;0.0;5.0;0.0;0.0;8.867;-20.333;4.163;-25.0;-17.0;-17.0;4.0;-25.0;-13.0;-12.286;7.021;-25.0;0.0;-6.667;-17.0;8.0;-0.286;10.161;-17.0;9.0;-0.214;6.963;-17.0;2.003;5.0;-7.6;10.149;8.8;-19.0;-45.0;27.538;3.5;0.0;0.0;0.0;-0.0;0.0;0.0;0.0;-19.0;13.454;-2.0;-10.0;10.0;3.0;0.704
1;15;15;0.1;18;0.0;0.0;21;-2;7;0.321;0.324;0.003;0;0;19985;11;0.324;0.324;0.324;17.5;21.0;21.0;21.0;21.0;21.0;15.0;15.0;15.0;15.0;15.0;15.0;15.0;0.0;0.0;0.0;0.0;0.0;7.0;7.0;7.0;7.0;7.0;1.768;1.768;1.768;21.0;4.243;21.0;21.0;4.243;21.0;4.243;21.0;15.0;1.414;15.0;15.0;15.0;1.414;15.0;15.0;15.0;1.414;15.0;15.0;9.192;9.192;9.192;0.0;1.414;0.0;0.0;0.0;1.414;0.0;0.0;0.0;1.414;0.0;0.0;7.0;7.0;7.0;7.0;6.364;7.0;7.0;7.0;6.364;7.0;0.833;2.5;2.6;1.838;3.8;-6.0;12.0;8.485;-0.0;-2.0;3.0;2.121;-0.5;13.0;1.0;0.707;6.0;4.243;-2.0;3.0;2.121;-0.5;3.086
2;13;28;0.23;40;-1.0;-2.0;15;-4;-2;0.549;0.544;-0.005;0;0;19972;11;0.324;0.324;0.324;17.5;21.0;21.0;21.0;21.0;21.0;15.0;15.0;15.0;15.0;15.0;15.0;15.0;0.0;0.0;0.0;0.0;0.0;7.0;7.0;7.0;7.0;7.0;1.768;1.768;1.768;18.0;4.243;15.0;21.0;4.243;15.0;4.243;15.0;14.0;1.414;13.0;15.0;14.0;1.414;13.0;15.0;14.0;1.414;13.0;15.0;9.192;9.192;9.192;-1.0;1.414;-2.0;0.0;-1.0;1.414;-2.0;0.0;-1.0;1.414;-2.0;0.0;2.5;-2.0;7.0;2.5;6.364;-2.0;7.0;2.5;6.364;-2.0;1.333;2.5;2.6;1.838;3.8;-6.0;12.0;8.485;-0.0;-2.0;3.0;2.121;-0.5;13.0;1.0;0.707;6.0;4.243;-2.0;3.0;2.121;-0.5;3.086
3;14;42;0.36;66;0.0;-3.0;21;-4;1;0.711;0.695;-0.016;0;0;19958;11;0.544;0.324;0.324;17.5;15.0;21.0;21.0;21.0;21.0;13.0;15.0;15.0;15.0;15.0;15.0;15.0;-2.0;0.0;0.0;0.0;0.0;-2.0;7.0;7.0;7.0;7.0;3.873;3.873;3.873;19.0;3.464;15.0;21.0;3.464;15.0;3.464;15.0;14.0;1.0;13.0;15.0;14.0;1.0;13.0;15.0;14.0;1.0;13.0;15.0;13.503;13.503;13.503;-1.0;1.0;-2.0;0.0;-1.0;1.0;-2.0;0.0;-1.0;1.0;-2.0;0.0;2.0;-2.0;7.0;2.0;4.583;-2.0;7.0;2.0;4.583;-2.0;1.195;5.1;2.6;1.838;3.8;6.0;12.0;8.485;-0.0;1.0;3.0;2.121;-0.5;14.0;1.0;0.707;6.0;4.243;1.0;3.0;2.121;-0.5;1.838
4;15;57;0.49;96;-2.0;-8.0;20;-7;-4;0.826;0.797;-0.029;0;0;19943;11;0.695;0.324;0.324;17.5;21.0;15.0;21.0;21.0;21.0;14.0;13.0;15.0;15.0;15.0;15.0;15.0;-1.0;-2.0;0.0;0.0;0.0;1.0;-2.0;7.0;7.0;7.0;2.944;3.806;3.806;18.667;3.215;15.0;21.0;2.872;15.0;2.872;15.0;14.0;1.0;13.0;15.0;14.25;0.957;13.0;15.0;14.25;0.957;13.0;15.0;14.503;18.083;18.083;-2.667;2.082;-5.0;-1.0;-2.0;2.16;-5.0;0.0;-2.0;2.16;-5.0;0.0;-1.667;-4.0;1.0;0.5;4.796;-4.0;7.0;0.5;4.796;-4.0;1.255;0.0;-5.1;2.55;2.55;-1.0;-7.0;6.028;2.5;1.0;0.0;1.732;1.0;15.0;1.0;1.0;-1.0;3.215;-4.0;-5.0;2.517;-1.5;1.439
5;15;72;0.62;131;-2.0;-13.0;25;-9;-2;0.914;0.872;-0.042;0;0;19928;11;0.797;0.324;0.324;17.5;20.0;21.0;15.0;21.0;21.0;15.0;14.0;13.0;15.0;15.0;15.0;15.0;-5.0;-1.0;-2.0;0.0;0.0;-4.0;1.0;-2.0;7.0;7.0;2.887;4.922;4.922;22.0;2.646;20.0;25.0;3.578;15.0;3.578;15.0;14.667;0.577;14.0;15.0;14.4;0.894;13.0;15.0;14.4;0.894;13.0;15.0;15.0;22.621;22.621;-3.333;2.082;-5.0;-1.0;-2.4;2.074;-5.0;0.0;-2.4;2.074;-5.0;0.0;-1.667;-4.0;1.0;0.0;4.301;-4.0;7.0;0.0;4.301;-4.0;1.204;5.0;5.0;2.916;2.5;5.0;6.0;3.786;2.0;0.0;-1.0;0.577;0.5;15.0;0.0;0.577;5.0;2.646;1.0;5.0;2.887;-1.5;1.255
6;10;82;0.75;170;-1.0;-17.0;31;-8;1;0.979;0.921;-0.058;0;0;19918;11;0.872;0.324;0.324;17.5;25.0;20.0;21.0;21.0;21.0;15.0;15.0;14.0;15.0;15.0;15.0;15.0;-4.0;-5.0;-1.0;0.0;0.0;-2.0;-4.0;1.0;7.0;7.0;5.0;6.448;6.448;25.333;5.508;20.0;31.0;5.382;15.0;5.382;15.0;13.333;2.887;10.0;15.0;13.667;1.966;10.0;15.0;13.667;1.966;10.0;15.0;12.583;25.797;25.797;-4.0;1.0;-5.0;-3.0;-2.5;1.871;-5.0;0.0;-2.5;1.871;-5.0;0.0;-1.667;-4.0;1.0;0.167;3.869;-4.0;7.0;0.167;3.869;-4.0;1.132;5.0;0.0;2.887;5.0;6.0;1.0;3.786;5.5;-5.0;-5.0;3.215;-2.5;10.0;-5.0;2.887;6.0;5.508;1.0;0.0;2.887;1.0;1.147
7;0;82;0.68;210;-1.0;-17.0;35;-4;2;1.029;0.961;-0.068;270;298;19918;11;0.921;0.324;0.324;17.5;31.0;25.0;20.0;21.0;21.0;10.0;15.0;15.0;15.0;15.0;15.0;15.0;-3.0;-4.0;-5.0;0.0;0.0;1.0;-2.0;-4.0;7.0;7.0;5.05;8.099;8.099;30.333;5.033;25.0;35.0;6.904;15.0;6.904;15.0;8.333;7.638;0.0;15.0;11.714;5.469;0.0;15.0;11.714;5.469;0.0;15.0;5.774;26.589;26.589;-3.333;0.577;-4.0;-3.0;-2.571;1.718;-5.0;0.0;-2.571;1.718;-5.0;0.0;0.333;-2.0;2.0;0.429;3.599;-4.0;7.0;0.429;3.599;-4.0;1.149;5.1;0.1;0.058;5.05;4.0;-2.0;1.0;5.0;-10.0;-5.0;5.0;-7.5;0.0;-10.0;7.638;4.0;5.033;0.0;-1.0;0.577;0.5;1.086
8;1;83;1.01;260;0.0;-22.0;36;-7;-1;1.068;1.005;-0.063;268;293;19917;11;0.961;0.324;0.324;17.5;35.0;31.0;25.0;21.0;21.0;0.0;10.0;15.0;15.0;15.0;15.0;15.0;-3.0;-3.0;-4.0;0.0;0.0;2.0;1.0;-2.0;7.0;7.0;5.05;9.06;9.747;34.0;2.646;31.0;36.0;8.05;15.0;7.672;15.0;3.667;5.508;0.0;10.0;9.714;6.525;0.0;15.0;10.375;6.323;0.0;15.0;0.577;21.99;26.667;-2.0;1.732;-3.0;0.0;-2.571;1.718;-5.0;0.0;-2.25;1.832;-5.0;0.0;0.667;-1.0;2.0;-0.714;2.138;-4.0;2.0;0.25;3.37;-4.0;1.256;5.0;-0.1;0.058;5.05;1.0;-3.0;2.517;2.5;1.0;11.0;5.508;-4.5;1.0;1.0;5.508;1.0;2.646;3.0;3.0;1.528;1.5;1.041
9;0;83;1.14;312;-1.0;-24.0;41;-7;0;1.099;1.038;-0.061;274;296;19917;11;1.005;0.544;0.324;17.5;36.0;35.0;31.0;15.0;21.0;1.0;0.0;10.0;13.0;15.0;28.0;15.0;0.0;-3.0;-3.0;-2.0;0.0;-1.0;2.0;1.0;-2.0;7.0;5.0;9.807;11.376;37.333;3.215;35.0;41.0;8.05;20.0;8.843;15.0;0.333;0.577;0.0;1.0;7.857;7.244;0.0;15.0;9.222;6.852;0.0;15.0;0.577;16.154;26.34;-2.0;1.732;-3.0;0.0;-2.714;1.704;-5.0;0.0;-2.333;1.732;-5.0;0.0;0.333;-1.0;2.0;-0.429;2.07;-4.0;2.0;0.222;3.153;-4.0;1.224;5.0;0.0;0.058;5.0;5.0;4.0;2.082;3.0;-1.0;-2.0;5.859;0.0;0.0;-1.0;0.577;5.0;3.215;-3.0;-6.0;3.0;0.0;0.995
10;3;86;1.27;372;0.0;-28.0;45;-7;0;1.129;1.064;-0.065;281;302;19914;11;1.038;0.695;0.324;17.5;41.0;36.0;35.0;21.0;21.0;0.0;1.0;0.0;14.0;15.0;42.0;15.0;-3.0;0.0;-3.0;-1.0;0.0;0.0;-1.0;2.0;1.0;7.0;5.0;10.848;12.985;40.667;4.509;36.0;45.0;8.731;20.0;10.055;15.0;1.333;1.528;0.0;3.0;6.286;6.873;0.0;15.0;8.6;6.753;0.0;15.0;1.732;10.189;26.115;-1.333;1.528;-3.0;0.0;-2.714;1.704;-5.0;0.0;-2.2;1.687;-5.0;0.0;-0.333;-1.0;0.0;-0.571;1.988;-4.0;2.0;0.2;2.974;-4.0;1.227;5.0;0.0;0.0;5.0;4.0;-1.0;2.082;4.5;3.0;4.0;2.0;1.0;3.0;3.0;1.528;4.0;4.509;2.0;5.0;3.215;-0.5;0.963
11;2;88;1.4;435;-1.0;-31.0;50;-7;1;1.149;1.083;-0.066;289;312;19912;11;1.064;0.797;0.324;17.5;45.0;41.0;36.0;20.0;21.0;3.0;0.0;1.0;15.0;15.0;57.0;15.0;-1.0;-3.0;0.0;-5.0;0.0;0.0;0.0;-1.0;-4.0;7.0;5.05;10.863;14.59;45.333;4.509;41.0;50.0;8.482;25.0;11.449;15.0;1.667;1.528;0.0;3.0;4.429;5.798;0.0;15.0;8.0;6.708;0.0;15.0;2.517;5.057;25.896;-2.333;1.155;-3.0;-1.0;-2.429;1.397;-4.0;0.0;-2.273;1.618;-5.0;0.0;0.333;0.0;1.0;0.143;1.345;-2.0;2.0;0.273;2.832;-4.0;1.206;5.1;0.1;0.058;5.05;5.0;1.0;0.577;4.5;-1.0;-4.0;2.309;1.0;2.0;-1.0;1.528;5.0;4.509;-2.0;-4.0;2.646;0.0;0.94
12;4;92;1.53;506;-2.0;-39.0;42;-19;-12;1.169;1.125;-0.044;297;306;19908;11;1.083;0.872;0.324;17.5;50.0;45.0;41.0;25.0;21.0;2.0;3.0;0.0;15.0;15.0;72.0;15.0;-3.0;-1.0;-3.0;-4.0;0.0;1.0;0.0;0.0;-2.0;7.0;3.873;10.311;15.817;45.667;4.041;42.0;50.0;6.481;31.0;11.376;15.0;3.0;1.0;2.0;4.0;2.857;3.485;0.0;10.0;7.667;6.499;0.0;15.0;3.055;3.761;25.869;-3.0;2.0;-5.0;-1.0;-2.571;1.618;-5.0;0.0;-2.5;1.732;-5.0;0.0;-3.667;-12.0;1.0;-1.286;4.821;-12.0;2.0;-0.75;4.454;-12.0;1.495;2.5;-2.6;1.473;3.8;-8.0;-13.0;7.234;-1.5;2.0;3.0;2.082;0.5;4.0;2.0;1.0;-8.0;4.041;-2.0;0.0;2.309;-2.0;0.923
13;4;96;1.68;584;-2.0;-49.0;39;-38;-17;1.186;1.177;-0.009;305;295;19904;11;1.125;0.921;0.324;17.5;42.0;50.0;45.0;31.0;21.0;4.0;2.0;3.0;10.0;15.0;82.0;15.0;-5.0;-3.0;-1.0;-3.0;0.0;-12.0;1.0;0.0;1.0;7.0;3.819;9.911;17.134;43.667;5.686;39.0;50.0;5.21;35.0;11.072;15.0;3.333;1.155;2.0;4.0;2.0;1.732;0.0;4.0;7.385;6.305;0.0;15.0;4.0;5.242;25.998;-4.333;1.155;-5.0;-3.0;-2.857;1.864;-5.0;0.0;-2.692;1.797;-5.0;0.0;-9.333;-17.0;1.0;-3.857;7.471;-17.0;2.0;-2.0;6.205;-17.0;1.738;5.0;2.5;1.473;3.75;-3.0;5.0;6.557;-5.5;0.0;-2.0;1.528;1.0;4.0;0.0;1.155;-3.0;5.686;0.0;2.0;1.155;-1.0;0.889
14;5;101;1.79;668;-1.0;-58.0;61;-38;0;1.208;1.184;-0.024;313;309;19899;11;1.177;0.961;0.324;17.5;39.0;42.0;50.0;35.0;21.0;4.0;4.0;2.0;0.0;15.0;82.0;15.0;-5.0;-5.0;-3.0;-3.0;0.0;-17.0;-12.0;1.0;2.0;7.0;6.345;10.35;18.839;47.333;11.93;39.0;61.0;8.395;36.0;13.101;15.0;4.333;0.577;4.0;5.0;2.714;1.799;0.0;5.0;7.214;6.091;0.0;15.0;4.509;6.817;26.342;-4.333;1.155;-5.0;-3.0;-2.857;1.864;-5.0;0.0;-2.714;1.729;-5.0;0.0;-9.667;-17.0;0.0;-4.143;7.244;-17.0;1.0;-1.857;5.985;-17.0;1.236;7.6;2.6;2.55;6.3;22.0;25.0;16.073;9.5;1.0;1.0;1.0;0.5;5.0;1.0;0.577;22.0;11.93;2.0;2.0;2.0;1.0;0.85
15;3;104;1.92;752;-1.0;-62.0;62;-41;-3;1.219;1.197;-0.022;320;320;19896;11;1.184;1.005;0.324;17.5;61.0;39.0;42.0;36.0;21.0;5.0;4.0;4.0;1.0;15.0;83.0;15.0;-3.0;-5.0;-5.0;0.0;0.0;0.0;-17.0;-12.0;-1.0;7.0;6.345;10.755;19.627;54.0;13.0;39.0;62.0;9.502;39.0;14.388;15.0;4.0;1.0;3.0;5.0;3.0;1.633;0.0;5.0;6.357;5.746;0.0;15.0;4.041;7.841;21.914;-4.0;1.0;-5.0;-3.0;-3.429;1.397;-5.0;-1.0;-3.0;1.569;-5.0;0.0;-6.667;-17.0;0.0;-4.429;7.138;-17.0;1.0;-2.571;5.417;-17.0;1.297;5.0;-2.6;1.501;6.3;1.0;-21.0;13.429;11.5;-2.0;-3.0;1.528;-0.5;3.0;-2.0;1.0;1.0;13.0;-1.0;-3.0;1.528;0.5;0.845
16;5;109;2.06;841;-2.0;-65.0;65;-43;-3;1.229;1.208;-0.021;327;330;19891;11;1.197;1.038;0.544;20.0;62.0;61.0;39.0;41.0;15.0;3.0;5.0;4.0;0.0;13.0;83.0;28.0;-4.0;-3.0;-5.0;-3.0;-2.0;-3.0;0.0;-17.0;0.0;-2.0;5.05;11.154;20.22;62.667;2.082;61.0;65.0;10.583;39.0;14.615;20.0;4.333;1.155;3.0;5.0;3.714;1.113;2.0;5.0;5.786;5.423;0.0;15.0;4.041;8.522;17.951;-4.0;1.0;-5.0;-3.0;-3.714;1.496;-5.0;-1.0;-3.214;1.626;-5.0;0.0;-2.0;-3.0;0.0;-4.857;6.914;-17.0;1.0;-2.643;5.415;-17.0;1.315;5.1;0.1;1.473;5.05;3.0;2.0;11.59;2.0;2.0;4.0;2.082;0.0;5.0;2.0;1.155;3.0;2.082;-1.0;0.0;1.732;-1.0;0.835
17;7;116;2.18;936;0.0;-65.0;72;-42;1;1.239;1.22;-0.019;334;342;19884;11;1.208;1.064;0.695;25.1;65.0;62.0;61.0;45.0;21.0;5.0;3.0;5.0;3.0;14.0;86.0;42.0;-5.0;-4.0;-3.0;-1.0;-1.0;-3.0;-3.0;0.0;0.0;1.0;7.736;12.777;21.542;66.333;5.132;62.0;72.0;12.375;39.0;15.59;20.0;5.0;2.0;3.0;7.0;4.286;1.604;2.0;7.0;5.286;4.906;0.0;15.0;6.028;9.771;15.31;-3.0;2.646;-5.0;0.0;-3.571;1.813;-5.0;0.0;-3.143;1.748;-5.0;0.0;-1.667;-3.0;1.0;-4.714;7.041;-17.0;1.0;-2.643;5.415;-17.0;1.328;10.1;5.0;2.916;7.6;7.0;4.0;3.055;5.0;2.0;0.0;2.309;2.0;7.0;2.0;2.0;7.0;5.132;5.0;6.0;3.464;2.0;0.828
18;17;133;2.31;1036;-1.0;-64.0;67;-49;-7;1.249;1.245;-0.004;343;346;19867;11;1.22;1.083;0.797;25.1;72.0;65.0;62.0;50.0;20.0;7.0;5.0;3.0;2.0;15.0;88.0;57.0;0.0;-5.0;-4.0;-3.0;-5.0;1.0;-3.0;-3.0;1.0;-4.0;7.736;13.895;22.186;68.0;3.606;65.0;72.0;12.698;39.0;14.938;25.0;9.667;6.429;5.0;17.0;6.429;4.826;3.0;17.0;5.429;5.229;0.0;17.0;12.342;13.853;16.39;-2.0;2.646;-5.0;0.0;-3.286;2.059;-5.0;0.0;-2.857;1.748;-5.0;0.0;-3.0;-7.0;1.0;-5.857;6.594;-17.0;1.0;-2.857;5.531;-17.0;1.503;5.1;-5.0;2.887;7.6;-5.0;-12.0;6.11;1.0;10.0;8.0;4.619;6.0;17.0;10.0;6.429;-5.0;3.606;-1.0;-6.0;3.464;2.0;0.82
19;38;171;2.44;1142;-2.0;-69.0;66;-61;-11;1.259;1.267;0.008;378;349;19829;11;1.245;1.125;0.872;30.1;67.0;72.0;65.0;42.0;25.0;17.0;7.0;5.0;4.0;15.0;92.0;72.0;-1.0;0.0;-5.0;-5.0;-4.0;-7.0;1.0;-3.0;-12.0;-2.0;3.004;12.928;22.135;68.333;3.215;66.0;72.0;10.641;39.0;14.092;31.0;20.667;15.822;7.0;38.0;11.286;12.685;3.0;38.0;7.071;9.95;0.0;38.0;28.16;26.095;24.933;-2.0;2.646;-5.0;0.0;-3.286;2.059;-5.0;0.0;-2.929;1.817;-5.0;0.0;-5.667;-11.0;1.0;-5.714;6.448;-17.0;1.0;-3.5;5.932;-17.0;1.529;0.2;-4.9;4.95;2.65;-1.0;4.0;6.11;-3.0;21.0;11.0;9.539;15.5;38.0;21.0;15.822;-1.0;3.215;-4.0;-3.0;4.583;-2.5;0.803
20;56;227;2.57;1256;-7.0;-87.0;59;-61;-21;1.272;1.29;0.018;383;347;19773;11;1.267;1.177;0.921;35.1;66.0;67.0;72.0;39.0;31.0;38.0;17.0;7.0;4.0;10.0;96.0;82.0;-5.0;-1.0;0.0;-5.0;-3.0;-11.0;-7.0;1.0;-17.0;1.0;2.715;10.201;21.09;64.0;4.359;59.0;67.0;4.353;59.0;13.002;35.0;37.0;19.519;17.0;56.0;18.714;20.516;3.0;56.0;10.357;16.458;0.0;56.0;47.286;46.335;40.994;-8.0;8.888;-18.0;-1.0;-5.143;5.984;-18.0;0.0;-4.0;4.42;-18.0;0.0;-13.0;-21.0;-7.0;-6.286;7.675;-21.0;1.0;-5.071;7.385;-21.0;1.629;-4.8;-5.0;4.95;-2.3;-7.0;-6.0;3.055;-4.0;18.0;-3.0;5.686;19.5;56.0;18.0;19.519;-7.0;4.359;-13.0;-9.0;6.245;-8.5;0.789
21;45;272;2.7;1382;-9.0;-117.0;67;-96;-15;1.294;1.3;0.006;387;351;19728;11;1.29;1.184;0.961;40.2;59.0;66.0;67.0;61.0;35.0;56.0;38.0;17.0;5.0;0.0;101.0;82.0;-18.0;-5.0;-1.0;-3.0;-3.0;-21.0;-11.0;-7.0;0.0;2.0;2.715;7.758;19.749;64.0;4.359;59.0;67.0;4.117;59.0;12.421;36.0;46.333;9.074;38.0;56.0;24.429;21.601;3.0;56.0;13.571;18.542;0.0;56.0;50.6;65.237;58.102;-15.667;9.713;-24.0;-5.0;-8.143;9.155;-24.0;0.0;-5.5;6.914;-24.0;0.0;-15.667;-21.0;-11.0;-8.429;7.721;-21.0;1.0;-6.286;7.529;-21.0;1.437;0.2;5.0;2.887;-2.3;8.0;15.0;7.55;0.5;-11.0;-29.0;17.673;3.5;45.0;-11.0;9.074;8.0;4.359;-6.0;7.0;4.726;-9.5;0.775
22;16;288;2.83;1517;-10.0;-150.0;81;-99;-3;1.137;1.297;0.16;391;364;19712;11;1.3;1.197;1.005;45.2;67.0;59.0;66.0;62.0;36.0;45.0;56.0;38.0;3.0;1.0;104.0;83.0;-24.0;-18.0;-5.0;-4.0;0.0;-15.0;-21.0;-11.0;-3.0;-1.0;3.062;5.535;18.559;69.0;11.136;59.0;81.0;6.842;59.0;12.9;39.0;39.0;20.664;16.0;56.0;26.286;19.948;5.0;56.0;14.643;18.19;0.0;56.0;31.628;74.516;70.91;-22.333;3.786;-25.0;-18.0;-11.143;10.854;-25.0;0.0;-7.286;8.444;-25.0;0.0;-13.0;-21.0;-3.0;-8.429;7.721;-21.0;1.0;-6.429;7.439;-21.0;1.253;5.2;5.0;5.0;2.7;14.0;6.0;10.817;11.0;-29.0;-18.0;23.714;-20.0;16.0;-29.0;20.664;14.0;11.136;-1.0;5.0;6.028;-3.5;0.769
23;18;306;2.96;1656;-8.0;-177.0;69;-116;-17;1.337;1.317;-0.02;394;365;19694;11;1.297;1.208;1.038;50.2;81.0;67.0;59.0;65.0;41.0;16.0;45.0;56.0;5.0;0.0;109.0;83.0;-25.0;-24.0;-18.0;-5.0;-3.0;-3.0;-15.0;-21.0;-3.0;0.0;7.834;5.591;18.077;72.333;7.572;67.0;81.0;6.701;59.0;12.15;39.0;26.333;16.197;16.0;45.0;28.143;18.161;7.0;56.0;15.929;17.705;2.0;56.0;17.01;76.871;81.302;-23.0;2.646;-25.0;-20.0;-13.286;10.92;-25.0;0.0;-8.5;8.985;-25.0;0.0;-11.667;-17.0;-3.0;-10.429;7.892;-21.0;1.0;-7.643;7.692;-21.0;1.619;10.2;5.0;5.0;7.7;-12.0;-26.0;13.614;1.0;2.0;31.0;15.567;-13.5;18.0;2.0;16.197;-12.0;7.572;5.0;6.0;5.508;2.0;0.771
24;26;332;3.09;1803;-8.0;-208.0;84;-120;-4;1.36;1.322;-0.038;397;374;19668;11;1.317;1.22;1.064;55.2;69.0;81.0;67.0;72.0;45.0;18.0;16.0;45.0;7.0;3.0;116.0;86.0;-20.0;-25.0;-24.0;0.0;-1.0;-17.0;-3.0;-15.0;1.0;0.0;7.834;7.874;17.768;78.0;7.937;69.0;84.0;8.867;59.0;12.811;39.0;20.0;5.292;16.0;26.0;30.857;15.731;16.0;56.0;17.571;17.478;2.0;56.0;22.121;73.239;90.939;-22.0;2.646;-25.0;-20.0;-16.286;9.447;-25.0;-1.0;-9.929;9.286;-25.0;0.0;-8.0;-17.0;-3.0;-11.143;6.842;-21.0;-3.0;-7.929;7.457;-21.0;1.392;5.2;-5.0;2.887;7.7;15.0;27.0;15.308;1.5;8.0;6.0;19.858;5.0;26.0;8.0;5.292;15.0;7.937;-1.0;-6.0;3.464;2.0;0.759
25;20;352;3.22;1958;-11.0;-245.0;91;-120;1;1.382;1.319;-0.063;400;387;19648;11;1.322;1.245;1.083;60.3;84.0;69.0;81.0;67.0;50.0;26.0;18.0;16.0;17.0;2.0;133.0;88.0;-21.0;-20.0;-25.0;-1.0;-3.0;-4.0;-17.0;-3.0;-7.0;1.0;3.062;9.243;17.078;81.333;11.24;69.0;91.0;11.553;59.0;14.188;39.0;21.333;4.163;18.0;26.0;31.286;15.327;16.0;56.0;18.857;16.897;3.0;56.0;23.065;62.398;98.784;-22.667;3.786;-27.0;-20.0;-20.0;7.303;-27.0;-5.0;-11.643;10.089;-27.0;0.0;-6.667;-17.0;1.0;-10.0;8.185;-21.0;1.0;-7.929;7.457;-21.0;1.287;0.2;-5.0;5.0;2.7;7.0;-8.0;13.868;11.0;-6.0;-14.0;7.024;1.0;20.0;-6.0;4.163;7.0;11.24;-6.0;-5.0;5.508;-3.5;0.756
26;18;370;3.35;2120;-11.0;-285.0;99;-113;7;1.405;1.313;-0.092;402;402;19630;11;1.319;1.267;1.125;62.8;91.0;84.0;69.0;66.0;42.0;20.0;26.0;18.0;38.0;4.0;171.0;92.0;-27.0;-21.0;-20.0;-5.0;-5.0;1.0;-4.0;-17.0;-11.0;-12.0;3.062;10.77;16.239;91.333;7.506;84.0;99.0;14.234;59.0;14.909;39.0;21.333;4.163;18.0;26.0;28.429;15.725;16.0;56.0;19.857;16.356;3.0;56.0;19.009;49.338;104.728;-25.333;3.786;-28.0;-21.0;-23.286;3.729;-28.0;-18.0;-13.286;10.773;-28.0;0.0;1.333;-4.0;7.0;-7.429;10.358;-21.0;7.0;-6.571;8.336;-21.0;1.235;5.2;5.0;2.887;2.7;8.0;1.0;4.359;7.5;-2.0;4.0;7.211;-4.0;18.0;-2.0;4.163;8.0;7.506;-1.0;5.0;2.887;-3.5;0.758
27;19;389;3.4;2285;-11.0;-323.0;92;-115;-2;1.426;1.318;-0.108;404;410;19611;11;1.313;1.29;1.177;67.8;99.0;91.0;84.0;59.0;39.0;18.0;20.0;26.0;56.0;4.0;227.0;96.0;-28.0;-27.0;-21.0;-18.0;-5.0;7.0;1.0;-4.0;-21.0;-17.0;5.2;11.112;15.601;94.0;4.359;91.0;99.0;11.954;67.0;13.0;59.0;19.0;1.0;18.0;20.0;23.143;10.14;16.0;45.0;20.929;15.716;3.0;56.0;18.502;43.345;108.821;-28.0;1.0;-29.0;-27.0;-24.857;3.436;-29.0;-20.0;-15.0;11.252;-29.0;0.0;2.0;-2.0;7.0;-4.714;8.538;-17.0;7.0;-5.5;7.842;-21.0;1.386;5.2;0.0;2.887;5.2;-7.0;-15.0;8.386;0.5;1.0;3.0;3.512;-0.5;19.0;1.0;1.0;-7.0;4.359;-1.0;0.0;2.887;-1.0;0.762
28;13;402;3.61;2455;-11.0;-360.0;95;-114;0;1.446;1.323;-0.123;405;419;19598;11;1.318;1.3;1.184;75.4;92.0;99.0;91.0;67.0;61.0;19.0;18.0;20.0;45.0;5.0;272.0;101.0;-29.0;-28.0;-27.0;-24.0;-3.0;-2.0;7.0;1.0;-15.0;0.0;5.2;10.302;15.604;95.333;3.512;92.0;99.0;10.144;69.0;13.562;59.0;16.667;3.215;13.0;19.0;18.571;3.994;13.0;26.0;21.5;15.23;3.0;56.0;16.093;42.261;110.338;-28.667;0.577;-29.0;-28.0;-25.571;3.735;-29.0;-20.0;-16.857;11.265;-29.0;0.0;1.667;-2.0;7.0;-2.571;7.323;-17.0;7.0;-5.5;7.842;-21.0;1.397;5.2;-0.0;0.0;5.2;3.0;10.0;7.638;-2.0;-6.0;-7.0;3.512;-2.5;13.0;-6.0;3.215;3.0;3.512;0.0;1.0;0.577;-0.5;0.759
29;13;415;3.74;2635;-10.0;-397.0;96;-114;0;1.47;1.332;-0.138;406;426;19585;11;1.323;1.297;1.197;80.4;95.0;92.0;99.0;81.0;62.0;13.0;19.0;18.0;16.0;3.0;288.0;104.0;-29.0;-29.0;-28.0;-25.0;-4.0;0.0;-2.0;7.0;-3.0;-3.0;7.889;10.799;16.614;94.333;2.082;92.0;96.0;10.179;69.0;13.835;59.0;15.0;3.464;13.0;19.0;18.143;4.451;13.0;26.0;22.214;14.514;5.0;56.0;13.0;39.14;108.881;-27.667;2.309;-29.0;-25.0;-25.571;3.735;-29.0;-20.0;-18.357;10.81;-29.0;0.0;-0.667;-2.0;0.0;-2.143;7.381;-17.0;7.0;-5.286;7.956;-21.0;1.49;10.3;5.1;2.944;7.75;1.0;-2.0;5.292;2.0;0.0;6.0;3.786;-3.0;13.0;0.0;3.464;1.0;2.082;4.0;4.0;2.646;2.0;0.756
30;11;426;3.87;2818;-9.0;-429.0;70;-141;-27;1.491;1.365;-0.126;407;418;19574;11;1.332;1.317;1.208;85.5;96.0;95.0;92.0;69.0;65.0;13.0;13.0;19.0;18.0;5.0;306.0;109.0;-25.0;-29.0;-29.0;-20.0;-5.0;0.0;0.0;-2.0;-17.0;-3.0;9.031;12.964;18.12;87.0;14.731;70.0;96.0;9.846;70.0;13.513;59.0;12.333;1.155;11.0;13.0;17.143;5.21;11.0;26.0;22.643;14.047;7.0;56.0;12.014;34.15;104.046;-25.333;3.512;-29.0;-22.0;-25.857;3.288;-29.0;-21.0;-19.571;10.128;-29.0;0.0;-9.0;-27.0;0.0;-3.571;10.876;-27.0;7.0;-7.0;9.798;-27.0;2.153;7.7;-2.6;2.55;9.0;-26.0;-27.0;16.197;-12.5;-2.0;-2.0;3.055;-1.0;11.0;-2.0;1.155;-26.0;14.731;3.0;-1.0;2.082;3.5;0.751
31;0;426;4.0;3004;-9.0;-460.0;80;-159;-18;1.511;1.39;-0.121;408;416;19574;11;1.365;1.322;1.22;95.6;70.0;96.0;95.0;84.0;72.0;11.0;13.0;13.0;26.0;7.0;332.0;116.0;-22.0;-25.0;-29.0;-21.0;0.0;-27.0;0.0;0.0;-4.0;1.0;6.444;14.629;20.138;82.0;13.115;70.0;96.0;10.328;70.0;13.356;59.0;8.0;7.0;0.0;13.0;13.429;6.852;0.0;20.0;22.143;14.754;0.0;56.0;6.351;28.428;94.435;-23.0;1.732;-25.0;-22.0;-26.0;3.055;-29.0;-22.0;-21.143;8.42;-29.0;-1.0;-15.0;-27.0;0.0;-5.571;12.177;-27.0;7.0;-8.357;9.92;-27.0;1.947;5.1;-2.6;2.6;6.4;10.0;36.0;18.735;-8.0;-11.0;-9.0;5.859;-6.5;0.0;-11.0;7.0;10.0;13.115;0.0;-3.0;2.082;1.5;0.733
32;0;426;4.13;3201;-9.0;-496.0;113;-144;14;1.534;1.392;-0.142;408;427;19574;11;1.39;1.319;1.245;100.7;80.0;70.0;96.0;91.0;67.0;0.0;11.0;13.0;20.0;17.0;352.0;133.0;-22.0;-22.0;-25.0;-27.0;-1.0;-18.0;-27.0;0.0;1.0;-7.0;5.1;14.77;22.139;87.667;22.502;70.0;113.0;13.801;70.0;15.477;59.0;3.667;6.351;0.0;11.0;10.571;7.764;0.0;19.0;20.929;15.867;0.0;56.0;0.0;21.838;80.791;-22.0;0.0;-22.0;-22.0;-25.286;3.352;-29.0;-22.0;-22.643;6.109;-29.0;-5.0;-10.333;-27.0;14.0;-3.714;14.174;-27.0;14.0;-6.857;11.588;-27.0;1.424;5.1;-0.0;1.501;5.1;33.0;23.0;29.738;21.5;0.0;11.0;5.859;-5.5;0.0;0.0;6.351;33.0;22.502;0.0;0.0;1.732;-0.0;0.719
33;0;426;4.26;3403;-9.0;-532.0;69;-175;-31;1.556;1.427;-0.129;408;418;19574;11;1.392;1.313;1.267;100.9;113.0;80.0;70.0;99.0;66.0;0.0;0.0;11.0;18.0;38.0;370.0;171.0;-22.0;-22.0;-22.0;-28.0;-5.0;14.0;-18.0;-27.0;7.0;-11.0;5.1;14.363;23.735;87.333;22.898;69.0;113.0;15.826;69.0;15.243;59.0;0.0;0.0;0.0;0.0;8.0;7.874;0.0;19.0;18.214;15.972;0.0;56.0;0.0;14.863;66.515;-22.0;0.0;-22.0;-22.0;-24.429;3.309;-29.0;-22.0;-23.857;3.439;-29.0;-18.0;-11.667;-31.0;14.0;-9.143;16.477;-31.0;14.0;-8.286;13.252;-31.0;2.406;5.1;0.0;0.0;5.1;-44.0;-77.0;39.526;-5.5;0.0;0.0;6.351;-0.0;0.0;0.0;0.0;-44.0;22.898;0.0;0.0;0.0;-0.0;0.718
34;0;426;4.39;3504;-7.0;-459.0;81;-196;-20;1.578;1.455;-0.123;407;414;19574;11;1.427;1.318;1.29;96.1;69.0;113.0;80.0;92.0;59.0;0.0;0.0;0.0;19.0;56.0;389.0;227.0;-22.0;-22.0;-22.0;-29.0;-18.0;-31.0;14.0;-18.0;-2.0;-21.0;6.444;13.936;24.64;87.667;22.745;69.0;113.0;15.892;69.0;13.6;67.0;0.0;0.0;0.0;0.0;5.286;6.626;0.0;13.0;14.214;12.392;0.0;45.0;0.0;9.327;56.07;-20.667;2.309;-22.0;-18.0;-22.857;3.388;-29.0;-18.0;-23.857;3.439;-29.0;-18.0;-12.333;-31.0;14.0;-11.714;16.58;-31.0;14.0;-8.214;13.18;-31.0;2.144;7.7;2.6;1.501;6.4;12.0;56.0;39.804;-16.0;0.0;0.0;0.0;-0.0;0.0;0.0;0.0;12.0;22.745;4.0;4.0;2.309;2.0;0.701
35;0;426;4.52;3601;-13.0;-390.0;96;-201;-5;1.6;1.467;-0.133;407;417;19574;11;1.455;1.323;1.3;96.3;81.0;69.0;113.0;95.0;67.0;0.0;0.0;0.0;13.0;45.0;402.0;272.0;-18.0;-22.0;-22.0;-29.0;-24.0;-20.0;-31.0;14.0;0.0;-15.0;4.446;10.42;23.448;82.0;13.528;69.0;96.0;15.988;69.0;12.871;69.0;0.0;0.0;0.0;0.0;3.429;5.884;0.0;13.0;11.0;9.224;0.0;26.0;0.0;4.158;48.86;-24.333;7.767;-33.0;-18.0;-23.429;4.685;-33.0;-18.0;-24.5;4.22;-33.0;-18.0;-18.667;-31.0;-5.0;-12.429;16.092;-31.0;14.0;-7.5;13.055;-31.0;1.729;-7.7;-15.4;8.244;0.0;15.0;3.0;33.232;13.5;0.0;0.0;0.0;-0.0;0.0;0.0;0.0;15.0;13.528;-15.0;-19.0;10.017;-5.5;0.687
1;46;46;0.1;18;1.0;2.0;26;11;12;0.321;0.28;-0.041;0;0;19954;12;0.28;0.28;0.28;20.0;26.0;26.0;26.0;26.0;26.0;46.0;46.0;46.0;46.0;46.0;46.0;46.0;2.0;2.0;2.0;2.0;2.0;12.0;12.0;12.0;12.0;12.0;1.838;1.838;1.838;26.0;5.657;26.0;26.0;5.657;26.0;5.657;26.0;46.0;8.485;46.0;46.0;46.0;8.485;46.0;46.0;46.0;8.485;46.0;46.0;24.042;24.042;24.042;2.0;0.707;2.0;2.0;2.0;0.707;2.0;2.0;2.0;0.707;2.0;2.0;12.0;12.0;12.0;12.0;7.778;12.0;12.0;12.0;7.778;12.0;0.769;2.6;-2.6;1.838;1.3;-8.0;8.0;5.657;-4.0;-12.0;12.0;8.485;-6.0;34.0;0.0;0.0;0.0;0.0;-1.0;-3.0;2.121;-2.5;3.571
2;34;80;0.23;40;0.0;3.0;18;12;1;0.549;0.475;-0.074;0;0;19920;12;0.28;0.28;0.28;20.0;26.0;26.0;26.0;26.0;26.0;46.0;46.0;46.0;46.0;46.0;46.0;46.0;2.0;2.0;2.0;2.0;2.0;12.0;12.0;12.0;12.0;12.0;1.838;1.838;1.838;22.0;5.657;18.0;26.0;5.657;18.0;5.657;18.0;40.0;8.485;34.0;46.0;40.0;8.485;34.0;46.0;40.0;8.485;34.0;46.0;24.042;24.042;24.042;1.5;0.707;1.0;2.0;1.5;0.707;1.0;2.0;1.5;0.707;1.0;2.0;6.5;1.0;12.0;6.5;7.778;1.0;12.0;6.5;7.778;1.0;1.256;2.6;-2.6;1.838;1.3;-8.0;8.0;5.657;-4.0;-12.0;12.0;8.485;-6.0;34.0;0.0;0.0;0.0;0.0;-1.0;-3.0;2.121;-2.5;3.571
3;34;114;0.36;66;-1.0;-1.0;18;9;-2;0.711;0.6;-0.111;0;0;19886;12;0.475;0.28;0.28;20.0;18.0;26.0;26.0;26.0;26.0;34.0;46.0;46.0;46.0;46.0;46.0;46.0;1.0;2.0;2.0;2.0;2.0;1.0;12.0;12.0;12.0;12.0;1.501;1.501;1.501;20.667;4.619;18.0;26.0;4.619;18.0;4.619;18.0;38.0;6.928;34.0;46.0;38.0;6.928;34.0;46.0;38.0;6.928;34.0;46.0;34.0;34.0;34.0;0.0;2.646;-3.0;2.0;0.0;2.646;-3.0;2.0;0.0;2.646;-3.0;2.0;3.667;-2.0;12.0;3.667;7.371;-2.0;12.0;3.667;7.371;-2.0;1.256;0.0;-2.6;1.838;1.3;0.0;8.0;5.657;-4.0;0.0;12.0;8.485;-6.0;34.0;0.0;0.0;0.0;0.0;-4.0;-3.0;2.121;-2.5;2.105
4;15;129;0.49;96;-2.0;-6.0;28;14;4;0.826;0.706;-0.12;0;0;19871;12;0.6;0.28;0.28;20.0;18.0;18.0;26.0;26.0;26.0;34.0;34.0;46.0;46.0;46.0;46.0;46.0;-3.0;1.0;2.0;2.0;2.0;-2.0;1.0;12.0;12.0;12.0;1.501;2.123;2.123;21.333;5.774;18.0;28.0;5.26;18.0;5.26;18.0;27.667;10.97;15.0;34.0;32.25;12.816;15.0;46.0;32.25;12.816;15.0;46.0;25.106;37.026;37.026;-2.333;3.055;-5.0;1.0;-1.25;3.304;-5.0;2.0;-1.25;3.304;-5.0;2.0;1.0;-2.0;4.0;3.75;6.021;-2.0;12.0;3.75;6.021;-2.0;0.9;2.6;2.6;1.501;1.3;10.0;10.0;9.018;5.0;-19.0;-19.0;9.609;-9.5;15.0;-19.0;10.97;10.0;5.774;-2.0;2.0;1.528;-3.0;1.667
5;11;140;0.62;131;-3.0;-13.0;27;14;0;0.914;0.782;-0.132;0;0;19860;12;0.706;0.28;0.28;20.0;28.0;18.0;18.0;26.0;26.0;15.0;34.0;34.0;46.0;46.0;46.0;46.0;-5.0;-3.0;1.0;2.0;2.0;4.0;-2.0;1.0;12.0;12.0;2.55;2.93;2.93;24.333;5.508;18.0;28.0;4.98;18.0;4.98;18.0;20.0;12.288;11.0;34.0;28.0;14.612;11.0;46.0;28.0;14.612;11.0;46.0;13.051;38.525;38.525;-4.667;1.528;-6.0;-3.0;-2.2;3.564;-6.0;2.0;-2.2;3.564;-6.0;2.0;0.667;-2.0;4.0;3.0;5.477;-2.0;12.0;3.0;5.477;-2.0;1.026;2.5;-0.1;1.473;2.55;-1.0;-11.0;6.083;4.5;-4.0;15.0;10.017;-11.5;11.0;-4.0;12.288;-1.0;5.508;-1.0;1.0;1.528;-1.5;1.416
6;14;154;0.75;170;-1.0;-17.0;30;14;0;0.979;0.889;-0.09;0;0;19846;12;0.782;0.28;0.28;20.0;27.0;28.0;18.0;26.0;26.0;11.0;15.0;34.0;46.0;46.0;46.0;46.0;-6.0;-5.0;-3.0;2.0;2.0;0.0;4.0;-2.0;12.0;12.0;5.26;5.441;5.441;28.333;1.528;27.0;30.0;5.206;18.0;5.206;18.0;13.333;2.082;11.0;15.0;25.667;14.264;11.0;46.0;25.667;14.264;11.0;46.0;12.53;40.515;40.515;-4.667;1.528;-6.0;-3.0;-2.333;3.204;-6.0;2.0;-2.333;3.204;-6.0;2.0;1.333;0.0;4.0;2.5;5.05;-2.0;12.0;2.5;5.05;-2.0;1.177;7.6;5.1;2.916;5.05;3.0;4.0;5.568;1.0;3.0;7.0;11.24;-0.5;14.0;3.0;2.082;3.0;1.528;3.0;4.0;2.646;1.0;1.279
7;14;168;0.68;210;-2.0;-19.0;34;17;1;1.029;0.938;-0.091;270;306;19832;12;0.889;0.28;0.28;20.0;30.0;27.0;28.0;26.0;26.0;14.0;11.0;15.0;46.0;46.0;46.0;46.0;-3.0;-6.0;-5.0;2.0;2.0;0.0;0.0;4.0;12.0;12.0;5.26;6.786;6.786;30.333;3.512;27.0;34.0;5.956;18.0;5.956;18.0;13.0;1.732;11.0;14.0;24.0;13.748;11.0;46.0;24.0;13.748;11.0;46.0;14.0;42.898;42.898;-4.667;1.528;-6.0;-3.0;-2.714;3.094;-6.0;2.0;-2.714;3.094;-6.0;2.0;0.333;0.0;1.0;2.286;4.645;-2.0;12.0;2.286;4.645;-2.0;1.112;2.5;-5.1;2.944;5.05;4.0;1.0;2.646;3.5;0.0;-3.0;3.512;1.5;14.0;0.0;1.732;4.0;3.512;-2.0;-5.0;2.646;0.5;1.125
8;11;179;1.01;260;0.0;-23.0;38;16;1;1.068;0.994;-0.074;268;302;19821;12;0.938;0.28;0.28;20.0;34.0;30.0;27.0;26.0;26.0;14.0;14.0;11.0;46.0;46.0;46.0;46.0;-5.0;-3.0;-6.0;2.0;2.0;1.0;0.0;0.0;12.0;12.0;5.26;8.734;8.964;34.0;4.0;30.0;38.0;7.525;18.0;6.989;18.0;13.0;1.732;11.0;14.0;19.0;10.36;11.0;34.0;22.375;13.532;11.0;46.0;12.53;33.817;45.074;-2.667;2.517;-5.0;0.0;-3.0;2.646;-6.0;1.0;-2.375;3.021;-6.0;2.0;0.667;0.0;1.0;0.714;1.799;-2.0;4.0;2.125;4.324;-2.0;1.195;7.6;5.1;2.944;5.05;4.0;0.0;0.577;4.0;-3.0;-3.0;3.0;-1.5;11.0;-3.0;1.732;4.0;4.0;5.0;7.0;3.606;1.5;1.066
9;13;192;1.14;312;0.0;-22.0;40;15;-1;1.099;1.027;-0.072;274;300;19808;12;0.994;0.475;0.28;20.0;38.0;34.0;30.0;18.0;26.0;11.0;14.0;14.0;34.0;46.0;80.0;46.0;0.0;-5.0;-3.0;1.0;2.0;1.0;1.0;0.0;1.0;12.0;7.6;11.125;11.458;37.333;3.055;34.0;40.0;7.455;18.0;7.775;18.0;12.667;1.528;11.0;14.0;16.0;8.083;11.0;34.0;21.333;13.038;11.0;46.0;12.014;27.945;47.519;-1.667;2.887;-5.0;0.0;-3.143;2.41;-6.0;0.0;-2.111;2.934;-6.0;2.0;0.333;-1.0;1.0;0.429;1.902;-2.0;4.0;1.778;4.177;-2.0;1.325;7.6;0.0;2.944;7.6;2.0;-2.0;1.155;3.0;2.0;5.0;2.517;-0.5;13.0;2.0;1.528;2.0;3.055;0.0;-5.0;3.606;2.5;1.006
10;4;196;1.27;372;0.0;-27.0;45;15;0;1.129;1.051;-0.078;281;303;19804;12;1.027;0.6;0.28;20.0;40.0;38.0;34.0;18.0;26.0;13.0;11.0;14.0;34.0;46.0;114.0;46.0;0.0;0.0;-5.0;-3.0;2.0;-1.0;1.0;1.0;-2.0;12.0;5.26;11.802;13.08;41.0;3.606;38.0;45.0;6.729;27.0;8.947;18.0;9.333;4.726;4.0;13.0;11.714;3.729;4.0;15.0;19.6;13.459;4.0;46.0;8.888;25.612;48.96;0.0;0.0;0.0;0.0;-2.714;2.69;-6.0;0.0;-1.9;2.846;-6.0;2.0;0.0;-1.0;1.0;0.714;1.604;-1.0;4.0;1.6;3.978;-2.0;1.233;2.5;-5.1;2.944;5.05;5.0;3.0;1.528;3.5;-9.0;-11.0;5.508;-3.5;4.0;-9.0;4.726;5.0;3.606;0.0;0.0;2.887;-0.0;0.974
11;10;206;1.4;435;0.0;-27.0;49;14;0;1.149;1.077;-0.072;289;309;19794;12;1.051;0.706;0.28;20.0;45.0;40.0;38.0;28.0;26.0;4.0;13.0;11.0;15.0;46.0;129.0;46.0;0.0;0.0;0.0;-5.0;2.0;0.0;-1.0;1.0;4.0;12.0;5.316;12.581;15.126;44.667;4.509;40.0;49.0;7.892;27.0;10.173;18.0;9.0;4.583;4.0;13.0;11.0;3.464;4.0;14.0;18.727;13.093;4.0;46.0;7.211;23.832;50.555;0.0;0.0;0.0;0.0;-2.0;2.646;-6.0;0.0;-1.727;2.76;-6.0;2.0;-0.333;-1.0;0.0;0.143;0.69;-1.0;1.0;1.455;3.804;-2.0;1.29;7.7;5.2;2.974;5.1;4.0;-1.0;1.528;4.5;6.0;15.0;7.767;-1.5;10.0;6.0;4.583;4.0;4.509;0.0;0.0;0.0;-0.0;0.951
12;8;214;1.53;506;1.0;-27.0;50;10;-4;1.169;1.097;-0.072;297;313;19786;12;1.077;0.782;0.28;20.0;49.0;45.0;40.0;27.0;26.0;10.0;4.0;13.0;11.0;46.0;140.0;46.0;0.0;0.0;0.0;-6.0;2.0;0.0;0.0;-1.0;0.0;12.0;7.65;13.006;17.394;48.0;2.646;45.0;50.0;7.537;30.0;10.991;18.0;7.333;3.055;4.0;10.0;10.571;3.645;4.0;14.0;17.833;12.862;4.0;46.0;9.018;21.252;52.066;1.0;1.732;0.0;3.0;-0.714;2.563;-5.0;3.0;-1.333;2.964;-6.0;3.0;-1.333;-4.0;0.0;-0.429;1.718;-4.0;1.0;1.0;3.954;-4.0;1.416;7.6;-0.1;2.974;7.65;1.0;-3.0;2.082;2.5;-2.0;-8.0;7.506;2.0;8.0;-2.0;3.055;1.0;2.646;3.0;3.0;1.732;1.5;0.929
13;14;228;1.68;584;1.0;-29.0;53;5;-3;1.186;1.114;-0.072;305;319;19772;12;1.097;0.889;0.28;20.0;50.0;49.0;45.0;30.0;26.0;8.0;10.0;4.0;14.0;46.0;154.0;46.0;3.0;0.0;0.0;-3.0;2.0;-4.0;0.0;0.0;0.0;12.0;6.391;13.58;19.414;50.667;2.082;49.0;53.0;7.01;34.0;11.821;18.0;10.667;3.055;8.0;14.0;10.571;3.645;4.0;14.0;17.538;12.36;4.0;46.0;11.136;20.493;54.176;2.0;1.732;0.0;3.0;0.143;2.673;-5.0;3.0;-1.0;3.082;-6.0;3.0;-2.333;-4.0;0.0;-0.857;1.952;-4.0;1.0;0.692;3.945;-4.0;1.432;5.1;-2.5;1.473;6.35;3.0;2.0;1.528;2.0;6.0;8.0;4.619;2.0;14.0;6.0;3.055;3.0;2.082;0.0;-3.0;1.732;1.5;0.912
14;2;230;1.79;668;1.0;-32.0;64;8;3;1.208;1.147;-0.061;313;328;19770;12;1.114;0.938;0.28;20.0;53.0;50.0;49.0;34.0;26.0;14.0;8.0;10.0;14.0;46.0;168.0;46.0;3.0;3.0;0.0;-5.0;2.0;-3.0;-4.0;0.0;1.0;12.0;5.05;12.986;21.264;55.667;7.371;50.0;64.0;8.734;38.0;13.739;18.0;8.0;6.0;2.0;14.0;8.857;4.488;2.0;14.0;16.429;12.58;2.0;46.0;8.718;18.92;55.551;3.0;0.0;3.0;3.0;1.286;1.604;0.0;3.0;-0.714;3.148;-6.0;3.0;-1.333;-4.0;3.0;-0.571;2.37;-4.0;3.0;0.857;3.84;-4.0;1.264;5.0;-0.1;1.473;5.05;11.0;8.0;5.292;7.0;-12.0;-18.0;9.018;-3.0;2.0;-12.0;6.0;11.0;7.371;0.0;0.0;1.732;0.0;0.898
15;5;235;1.92;752;1.0;-30.0;65;8;0;1.219;1.156;-0.063;320;338;19765;12;1.147;0.994;0.28;20.0;64.0;53.0;50.0;38.0;26.0;2.0;14.0;8.0;11.0;46.0;179.0;46.0;3.0;3.0;3.0;0.0;2.0;3.0;-3.0;-4.0;1.0;12.0;5.05;12.6;22.476;60.667;6.658;53.0;65.0;9.304;40.0;15.183;18.0;7.0;6.245;2.0;14.0;8.0;4.583;2.0;14.0;13.5;9.582;2.0;34.0;3.606;17.145;47.412;2.667;0.577;2.0;3.0;1.571;1.512;0.0;3.0;-0.714;3.148;-6.0;3.0;0.0;-3.0;3.0;-0.714;2.289;-4.0;3.0;0.0;2.112;-4.0;1.323;5.1;0.1;0.058;5.05;1.0;-10.0;5.292;6.0;3.0;15.0;9.644;-4.5;5.0;3.0;6.245;1.0;6.658;-1.0;-1.0;0.577;-0.5;0.872
16;9;244;2.06;841;0.0;-28.0;59;0;-9;1.229;1.156;-0.073;327;344;19756;12;1.156;1.027;0.475;22.6;65.0;64.0;53.0;40.0;18.0;5.0;2.0;14.0;13.0;34.0;192.0;80.0;2.0;3.0;3.0;0.0;1.0;0.0;3.0;-3.0;-1.0;1.0;5.1;12.6;23.456;62.667;3.215;59.0;65.0;7.767;45.0;14.57;18.0;5.333;3.512;2.0;9.0;7.429;4.077;2.0;14.0;11.714;7.59;2.0;34.0;7.095;17.073;41.774;2.0;1.0;1.0;3.0;1.714;1.38;0.0;3.0;-0.714;3.148;-6.0;3.0;-2.0;-9.0;3.0;-1.857;3.891;-9.0;3.0;-0.714;3.173;-9.0;1.544;5.1;0.0;0.058;5.1;-6.0;-7.0;8.544;-2.5;4.0;1.0;8.963;3.5;9.0;4.0;3.512;-6.0;3.215;-1.0;0.0;0.577;-1.0;0.865
17;8;252;2.18;936;0.0;-27.0;69;-2;-2;1.239;1.173;-0.066;334;353;19748;12;1.156;1.051;0.6;22.6;59.0;65.0;64.0;45.0;18.0;9.0;5.0;2.0;4.0;34.0;196.0;114.0;1.0;2.0;3.0;0.0;-3.0;-9.0;0.0;3.0;0.0;-2.0;5.1;11.574;23.873;64.333;5.033;59.0;69.0;7.913;49.0;14.249;27.0;7.333;2.082;5.0;9.0;8.0;3.786;2.0;14.0;9.857;4.092;2.0;15.0;8.505;16.025;39.228;1.0;1.0;0.0;2.0;1.714;1.38;0.0;3.0;-0.5;3.082;-6.0;3.0;-3.667;-9.0;0.0;-2.143;3.805;-9.0;3.0;-0.714;3.173;-9.0;1.394;5.1;0.0;0.0;5.1;10.0;16.0;8.021;2.0;-1.0;-5.0;2.646;1.5;8.0;-1.0;2.082;10.0;5.033;-1.0;0.0;0.0;-1.0;0.865
18;10;262;2.31;1036;0.0;-25.0;72;-4;-2;1.249;1.193;-0.056;343;363;19738;12;1.173;1.077;0.706;25.2;69.0;59.0;65.0;49.0;28.0;8.0;9.0;5.0;10.0;15.0;206.0;129.0;0.0;1.0;2.0;0.0;-5.0;-2.0;-9.0;0.0;0.0;4.0;5.1;10.979;23.933;66.667;6.807;59.0;72.0;8.118;50.0;14.7;27.0;9.0;1.0;8.0;10.0;8.0;3.786;2.0;14.0;9.5;3.818;2.0;14.0;9.018;16.108;37.387;0.0;1.0;-1.0;1.0;1.571;1.618;-1.0;3.0;-0.214;2.806;-6.0;3.0;-4.333;-9.0;-2.0;-2.429;3.69;-9.0;3.0;-1.143;2.878;-9.0;1.407;5.1;-0.0;0.0;5.1;3.0;-7.0;8.021;6.5;2.0;3.0;2.517;0.5;10.0;2.0;1.0;3.0;6.807;-1.0;0.0;0.0;-1.0;0.853
19;6;268;2.44;1142;0.0;-25.0;73;-9;-4;1.259;1.205;-0.054;378;371;19732;12;1.193;1.097;0.782;27.7;72.0;69.0;59.0;50.0;27.0;10.0;8.0;9.0;8.0;11.0;214.0;140.0;-1.0;0.0;1.0;3.0;-6.0;-2.0;-2.0;-9.0;-4.0;0.0;5.1;10.994;23.555;71.333;2.082;69.0;73.0;7.188;53.0;14.387;30.0;8.0;2.0;6.0;10.0;7.714;3.861;2.0;14.0;9.143;3.9;2.0;14.0;8.083;15.704;35.297;-0.333;0.577;-1.0;0.0;1.143;1.574;-1.0;3.0;0.214;2.259;-5.0;3.0;-2.667;-4.0;-2.0;-2.429;3.69;-9.0;3.0;-1.429;2.954;-9.0;1.458;5.1;0.0;0.0;5.1;1.0;-2.0;4.726;2.0;-4.0;-6.0;3.0;-1.0;6.0;-4.0;2.0;1.0;2.082;1.0;2.0;1.155;-0.0;0.838
20;10;278;2.57;1256;0.0;-25.0;73;5;-7;1.272;1.219;-0.053;383;377;19722;12;1.205;1.114;0.889;35.3;73.0;72.0;69.0;53.0;30.0;6.0;10.0;8.0;14.0;14.0;228.0;154.0;0.0;-1.0;0.0;3.0;-3.0;-4.0;-2.0;-2.0;-3.0;0.0;6.444;11.645;23.694;72.667;0.577;72.0;73.0;5.367;59.0;13.689;34.0;8.667;2.309;6.0;10.0;7.143;2.968;2.0;10.0;8.857;3.655;2.0;14.0;8.083;17.632;34.0;-0.333;0.577;-1.0;0.0;0.714;1.38;-1.0;3.0;0.429;2.065;-5.0;3.0;-4.333;-7.0;-2.0;-3.0;4.082;-9.0;3.0;-1.929;3.269;-9.0;1.563;7.7;2.6;1.501;6.4;0.0;-1.0;1.528;0.5;4.0;8.0;4.163;0.0;10.0;4.0;2.309;0.0;0.577;0.0;-1.0;1.0;0.5;0.83
21;3;281;2.7;1382;0.0;-32.0;77;-20;-5;1.294;1.249;-0.045;387;381;19719;12;1.219;1.147;0.938;37.8;73.0;73.0;72.0;64.0;34.0;10.0;6.0;10.0;2.0;14.0;230.0;168.0;0.0;0.0;-1.0;3.0;-5.0;-7.0;-4.0;-2.0;3.0;1.0;6.444;12.045;23.327;74.333;2.309;73.0;77.0;6.02;59.0;13.188;38.0;6.333;3.512;3.0;10.0;7.286;2.69;3.0;10.0;8.071;3.647;2.0;14.0;6.807;17.214;32.782;-0.333;0.577;-1.0;0.0;0.143;1.069;-1.0;2.0;0.714;1.437;-1.0;3.0;-5.333;-7.0;-4.0;-4.143;3.132;-9.0;0.0;-2.357;3.249;-9.0;1.548;5.1;-2.6;1.501;6.4;4.0;4.0;2.082;2.0;-7.0;-11.0;5.686;-1.5;3.0;-7.0;3.512;4.0;2.309;-1.0;-1.0;1.0;-0.5;0.82
22;7;288;2.83;1517;1.0;-37.0;82;-22;-2;1.137;1.277;0.14;391;446;19712;12;1.249;1.156;0.994;45.4;77.0;73.0;73.0;65.0;38.0;3.0;10.0;6.0;5.0;11.0;235.0;179.0;-1.0;0.0;0.0;2.0;0.0;-5.0;-7.0;-4.0;0.0;1.0;7.79;13.494;23.77;77.333;4.509;73.0;82.0;7.128;59.0;13.022;40.0;6.667;3.512;3.0;10.0;7.571;2.507;3.0;10.0;7.786;3.556;2.0;14.0;5.132;15.999;31.846;0.667;2.082;-1.0;3.0;0.286;1.38;-1.0;3.0;0.929;1.542;-1.0;3.0;-4.667;-7.0;-2.0;-4.429;2.76;-9.0;-2.0;-2.571;3.106;-9.0;1.578;10.2;5.1;2.55;7.65;5.0;1.0;2.646;4.5;4.0;11.0;6.351;-1.5;7.0;4.0;3.512;5.0;4.509;4.0;5.0;2.646;1.5;0.801
23;10;298;2.96;1656;2.0;-39.0;82;-26;-4;1.337;1.284;-0.053;394;389;19702;12;1.277;1.156;1.027;53.0;82.0;77.0;73.0;59.0;40.0;7.0;3.0;10.0;9.0;13.0;244.0;192.0;3.0;-1.0;0.0;1.0;0.0;-2.0;-5.0;-7.0;-9.0;-1.0;8.932;14.858;24.628;80.333;2.887;77.0;82.0;5.062;69.0;12.33;45.0;6.667;3.512;3.0;10.0;7.714;2.628;3.0;10.0;7.571;3.298;2.0;14.0;8.544;15.756;31.901;2.333;3.055;-1.0;5.0;0.857;2.268;-1.0;5.0;1.286;1.858;-1.0;5.0;-3.667;-5.0;-2.0;-3.714;1.89;-7.0;-2.0;-2.786;3.093;-9.0;1.671;7.6;-2.6;2.55;8.9;0.0;-5.0;2.646;2.5;3.0;-1.0;6.083;3.5;10.0;3.0;3.512;0.0;2.887;2.0;-2.0;2.517;3.0;0.783
24;9;307;3.09;1803;3.0;-42.0;86;-28;-2;1.36;1.303;-0.057;397;392;19693;12;1.284;1.173;1.051;55.5;82.0;82.0;77.0;69.0;45.0;10.0;7.0;3.0;8.0;4.0;252.0;196.0;5.0;3.0;-1.0;0.0;0.0;-4.0;-2.0;-5.0;-2.0;0.0;7.65;16.003;25.214;83.333;2.309;82.0;86.0;5.521;72.0;12.025;49.0;8.667;1.528;7.0;10.0;7.857;2.673;3.0;10.0;7.929;3.149;2.0;14.0;9.504;15.921;31.622;5.0;2.0;3.0;7.0;1.857;3.185;-1.0;7.0;1.786;2.359;-1.0;7.0;-2.667;-4.0;-2.0;-3.714;1.89;-7.0;-2.0;-2.929;2.999;-9.0;1.683;7.7;0.1;1.473;7.65;4.0;4.0;2.646;2.0;-1.0;-4.0;2.646;1.0;9.0;-1.0;1.528;4.0;2.309;2.0;0.0;1.155;2.0;0.779
25;11;318;3.22;1958;1.0;-49.0;90;-29;0;1.382;1.326;-0.056;400;396;19682;12;1.303;1.193;1.077;63.2;86.0;82.0;82.0;72.0;49.0;9.0;10.0;7.0;10.0;10.0;262.0;206.0;7.0;5.0;3.0;-1.0;0.0;-2.0;-4.0;-2.0;-2.0;0.0;5.356;15.657;25.492;86.0;4.0;82.0;90.0;6.451;73.0;11.997;50.0;10.0;1.0;9.0;11.0;8.0;2.828;3.0;11.0;8.0;3.211;2.0;14.0;10.017;17.516;32.028;5.0;2.0;3.0;7.0;2.429;2.936;-1.0;7.0;2.0;2.32;-1.0;7.0;-2.0;-4.0;0.0;-3.429;2.299;-7.0;0.0;-2.929;2.999;-9.0;1.637;2.6;-5.1;2.916;5.15;4.0;0.0;2.309;4.0;2.0;3.0;2.082;0.5;11.0;2.0;1.0;4.0;4.0;-4.0;-6.0;3.464;-1.0;0.767
26;14;332;3.35;2120;0.0;-61.0;91;-30;-1;1.405;1.353;-0.052;402;398;19668;12;1.326;1.205;1.097;70.8;90.0;86.0;82.0;73.0;50.0;11.0;9.0;10.0;6.0;8.0;268.0;214.0;3.0;7.0;5.0;0.0;3.0;0.0;-2.0;-4.0;-4.0;-4.0;2.65;14.087;25.589;89.0;2.646;86.0;91.0;6.583;73.0;11.449;53.0;11.333;2.517;9.0;14.0;9.143;3.436;3.0;14.0;8.429;3.589;2.0;14.0;12.53;19.956;33.221;3.333;3.512;0.0;7.0;2.429;2.936;-1.0;7.0;1.786;2.359;-1.0;7.0;-1.0;-2.0;0.0;-3.0;2.449;-7.0;0.0;-2.714;3.024;-9.0;1.648;2.7;0.1;2.916;2.65;1.0;-3.0;1.732;2.5;3.0;1.0;2.082;2.5;14.0;3.0;2.517;1.0;2.646;-3.0;1.0;3.215;-3.5;0.754
27;7;339;3.4;2285;-3.0;-79.0;94;-30;0;1.426;1.37;-0.056;404;402;19661;12;1.353;1.219;1.114;75.9;91.0;90.0;86.0;73.0;53.0;14.0;11.0;9.0;10.0;14.0;278.0;228.0;0.0;3.0;7.0;0.0;3.0;-1.0;0.0;-2.0;-7.0;-3.0;1.504;11.418;24.785;91.667;2.082;90.0;94.0;6.028;77.0;10.894;59.0;10.667;3.512;7.0;14.0;8.714;3.498;3.0;14.0;7.929;3.222;2.0;14.0;10.693;21.833;34.877;-1.667;5.686;-8.0;3.0;1.286;4.923;-8.0;7.0;1.0;3.486;-8.0;7.0;-0.333;-1.0;0.0;-2.0;1.915;-5.0;0.0;-2.5;3.107;-9.0;1.569;-2.5;-5.2;2.974;0.1;3.0;2.0;1.528;2.0;-7.0;-10.0;5.508;-2.0;7.0;-7.0;3.512;3.0;2.082;-8.0;-5.0;2.646;-5.5;0.739
28;7;346;3.61;2455;-6.0;-101.0;98;-26;3;1.446;1.377;-0.069;405;406;19654;12;1.37;1.249;1.147;80.9;94.0;91.0;90.0;77.0;64.0;7.0;14.0;11.0;3.0;2.0;281.0;230.0;-8.0;0.0;3.0;-1.0;3.0;0.0;-1.0;0.0;-5.0;3.0;1.415;7.437;23.495;94.333;3.512;91.0;98.0;6.028;82.0;11.56;59.0;9.333;4.041;7.0;14.0;9.286;2.628;7.0;14.0;8.286;2.758;3.0;14.0;7.0;21.762;35.637;-7.333;7.024;-14.0;0.0;-0.571;7.635;-14.0;7.0;-0.214;5.25;-14.0;7.0;0.667;-1.0;3.0;-0.857;2.193;-4.0;3.0;-2.5;3.107;-9.0;1.506;0.1;2.6;2.6;-1.2;4.0;1.0;1.528;3.5;0.0;7.0;5.132;-3.5;7.0;0.0;4.041;4.0;3.512;-6.0;2.0;2.517;-7.0;0.73
29;0;346;3.74;2635;-6.0;-129.0;100;1;4;1.47;1.387;-0.083;406;414;19654;12;1.377;1.277;1.156;86.0;98.0;94.0;91.0;82.0;65.0;7.0;7.0;14.0;7.0;5.0;288.0;235.0;-14.0;-8.0;0.0;3.0;2.0;3.0;0.0;-1.0;-2.0;0.0;2.916;4.926;22.2;97.333;3.055;94.0;100.0;6.373;82.0;11.993;59.0;4.667;4.041;0.0;7.0;8.286;4.386;0.0;14.0;7.929;3.452;0.0;14.0;4.041;19.199;35.007;-12.333;3.786;-15.0;-8.0;-3.143;9.118;-15.0;7.0;-1.429;6.513;-15.0;7.0;2.333;0.0;4.0;0.0;2.769;-4.0;4.0;-2.214;3.512;-9.0;1.526;5.0;4.9;3.808;2.55;2.0;-2.0;1.0;3.0;-7.0;-7.0;4.041;-3.5;0.0;-7.0;4.041;25.0;15.716;-1.0;5.0;3.606;-3.5;0.726
30;0;346;3.87;2818;-7.0;-156.0;100;4;3;1.491;1.402;-0.089;407;416;19654;12;1.387;1.284;1.156;91.1;100.0;98.0;94.0;82.0;59.0;0.0;7.0;7.0;10.0;9.0;298.0;244.0;-15.0;-14.0;-8.0;5.0;1.0;4.0;3.0;0.0;-4.0;-9.0;3.863;3.593;20.683;99.333;1.155;98.0;100.0;5.429;86.0;10.942;69.0;2.333;4.041;0.0;7.0;6.857;5.273;0.0;14.0;7.286;4.027;0.0;14.0;0.0;15.512;33.701;-15.667;2.082;-18.0;-14.0;-6.429;9.813;-18.0;7.0;-2.786;7.817;-18.0;7.0;3.333;3.0;4.0;1.0;2.309;-2.0;4.0;-1.357;3.177;-7.0;1.552;2.6;-2.4;2.45;3.8;0.0;-2.0;2.0;1.0;0.0;7.0;4.041;-3.5;0.0;0.0;4.041;-23.0;13.892;-3.0;-2.0;2.517;-2.0;0.721
31;0;346;4.0;3004;-7.0;-182.0;102;8;4;1.511;1.403;-0.108;408;419;19654;12;1.402;1.303;1.173;96.2;100.0;100.0;98.0;86.0;69.0;0.0;0.0;7.0;9.0;8.0;307.0;252.0;-18.0;-15.0;-14.0;7.0;0.0;3.0;4.0;3.0;-2.0;-2.0;3.917;4.889;19.18;100.667;1.155;100.0;102.0;4.756;90.0;10.833;72.0;0.0;0.0;0.0;0.0;5.571;5.74;0.0;14.0;6.714;4.462;0.0;14.0;0.0;10.693;31.777;-17.0;1.732;-18.0;-15.0;-10.0;8.583;-18.0;3.0;-4.071;8.748;-18.0;7.0;3.667;3.0;4.0;1.857;2.116;-1.0;4.0;-0.929;3.474;-7.0;1.572;5.1;2.5;1.415;3.85;2.0;2.0;1.155;1.0;0.0;0.0;4.041;-0.0;0.0;0.0;0.0;2.0;12.741;0.0;3.0;1.528;-1.5;0.713
32;0;346;4.13;3201;-7.0;-214.0;93;3;-6;1.534;1.34;-0.194;408;418;19654;12;1.403;1.326;1.193;101.3;102.0;100.0;100.0;90.0;72.0;0.0;0.0;0.0;11.0;10.0;318.0;262.0;-18.0;-18.0;-15.0;3.0;-1.0;4.0;3.0;4.0;0.0;-2.0;5.1;6.736;17.695;98.333;4.726;93.0;102.0;4.18;91.0;9.997;73.0;0.0;0.0;0.0;0.0;4.0;5.508;0.0;14.0;6.0;4.69;0.0;14.0;0.0;5.508;29.658;-18.0;0.0;-18.0;-18.0;-13.0;6.758;-18.0;0.0;-5.286;9.442;-18.0;7.0;0.333;-6.0;4.0;1.0;3.651;-6.0;4.0;-1.214;3.725;-7.0;1.778;5.1;-0.0;1.443;5.1;-9.0;-11.0;5.859;-3.5;0.0;0.0;0.0;-0.0;0.0;0.0;0.0;-9.0;4.726;0.0;0.0;1.732;0.0;0.713
33;0;346;4.26;3403;-8.0;-248.0;105;8;5;1.556;1.353;-0.203;408;420;19654;12;1.34;1.353;1.205;106.4;93.0;102.0;100.0;91.0;73.0;0.0;0.0;0.0;14.0;6.0;332.0;268.0;-18.0;-18.0;-18.0;0.0;0.0;-6.0;4.0;3.0;-1.0;-4.0;3.873;8.171;15.939;100.0;6.245;93.0;105.0;4.259;93.0;9.802;73.0;0.0;0.0;0.0;0.0;2.0;3.416;0.0;7.0;5.571;4.957;0.0;14.0;0.0;2.646;26.932;-18.667;1.155;-20.0;-18.0;-15.857;4.018;-20.0;-8.0;-6.714;10.072;-20.0;7.0;1.0;-6.0;5.0;1.857;3.805;-6.0;5.0;-0.571;3.975;-7.0;1.599;2.5;-2.6;1.501;3.8;12.0;21.0;10.504;1.5;0.0;0.0;0.0;-0.0;0.0;0.0;0.0;12.0;6.245;-2.0;-2.0;1.155;-1.0;0.746
34;0;346;4.39;3504;-8.0;-178.0;92;-2;-9;1.578;1.454;-0.124;407;419;19654;12;1.353;1.37;1.219;114.1;105.0;93.0;102.0;94.0;73.0;0.0;0.0;0.0;7.0;10.0;339.0;278.0;-20.0;-18.0;-18.0;-8.0;0.0;5.0;-6.0;4.0;0.0;-7.0;2.5;8.479;14.414;96.667;7.234;92.0;105.0;4.685;92.0;8.334;77.0;0.0;0.0;0.0;0.0;1.0;2.646;0.0;7.0;4.857;4.99;0.0;14.0;0.0;0.0;24.261;-20.0;2.0;-22.0;-18.0;-17.857;2.734;-22.0;-14.0;-8.286;10.644;-22.0;7.0;-3.333;-9.0;5.0;0.571;5.623;-9.0;5.0;-0.714;4.25;-9.0;1.852;2.5;0.0;1.501;2.5;-13.0;-25.0;13.429;-0.5;0.0;0.0;0.0;-0.0;0.0;0.0;0.0;-13.0;7.234;-2.0;0.0;1.155;-2.0;0.739
35;0;346;4.52;3601;-8.0;-97.0;120;17;19;1.6;1.456;-0.144;407;422;19654;12;1.454;1.377;1.249;119.2;92.0;105.0;93.0;98.0;77.0;0.0;0.0;0.0;7.0;3.0;346.0;281.0;-22.0;-20.0;-18.0;-14.0;-1.0;-9.0;5.0;-6.0;3.0;-5.0;5.316;8.921;13.417;105.667;14.012;92.0;120.0;9.322;92.0;10.02;82.0;0.0;0.0;0.0;0.0;0.0;0.0;0.0;0.0;4.643;5.138;0.0;14.0;0.0;0.0;20.624;-21.0;1.0;-22.0;-20.0;-18.857;2.34;-22.0;-15.0;-9.714;10.929;-22.0;7.0;5.0;-9.0;19.0;2.857;9.008;-9.0;19.0;1.0;6.587;-9.0;1.484;7.7;5.2;3.002;5.1;28.0;41.0;20.664;7.5;0.0;0.0;0.0;-0.0;0.0;0.0;0.0;28.0;14.012;1.0;3.0;1.732;-0.5;0.688
1;52;52;0.1;18;0.0;1.0;21;6;7;0.321;0.307;-0.014;0;0;20948;13;0.307;0.307;0.307;19.0;21.0;21.0;21.0;21.0;21.0;52.0;52.0;52.0;52.0;52.0;52.0;52.0;1.0;1.0;1.0;1.0;1.0;7.0;7.0;7.0;7.0;7.0;3.465;3.465;3.465;21.0;0.707;21.0;21.0;0.707;21.0;0.707;21.0;52.0;29.698;52.0;52.0;52.0;29.698;52.0;52.0;52.0;29.698;52.0;52.0;7.071;7.071;7.071;1.0;0.707;1.0;1.0;1.0;0.707;1.0;1.0;1.0;0.707;1.0;1.0;7.0;7.0;7.0;7.0;2.828;7.0;7.0;7.0;2.828;7.0;0.905;4.9;-4.9;3.465;2.45;-1.0;2.0;1.414;0.0;-42.0;48.0;33.941;-18.0;10.0;6.0;4.243;1.0;0.707;1.0;-5.0;3.536;-1.5;3.257
2;10;62;0.23;40;1.0;3.0;20;9;3;0.549;0.524;-0.025;0;0;20938;13;0.307;0.307;0.307;19.0;21.0;21.0;21.0;21.0;21.0;52.0;52.0;52.0;52.0;52.0;52.0;52.0;1.0;1.0;1.0;1.0;1.0;7.0;7.0;7.0;7.0;7.0;3.465;3.465;3.465;20.5;0.707;20.0;21.0;0.707;20.0;0.707;20.0;31.0;29.698;10.0;52.0;31.0;29.698;10.0;52.0;31.0;29.698;10.0;52.0;7.071;7.071;7.071;1.5;0.707;1.0;2.0;1.5;0.707;1.0;2.0;1.5;0.707;1.0;2.0;5.0;3.0;7.0;5.0;2.828;3.0;7.0;5.0;2.828;3.0;1.195;4.9;-4.9;3.465;2.45;-1.0;2.0;1.414;0.0;-42.0;48.0;33.941;-18.0;10.0;6.0;4.243;1.0;0.707;1.0;-5.0;3.536;-1.5;3.257
3;16;78;0.36;66;-1.0;1.0;21;9;1;0.711;0.649;-0.062;0;0;20922;13;0.524;0.307;0.307;19.0;20.0;21.0;21.0;21.0;21.0;10.0;52.0;52.0;52.0;52.0;52.0;52.0;2.0;1.0;1.0;1.0;1.0;3.0;7.0;7.0;7.0;7.0;2.829;2.829;2.829;20.667;0.577;20.0;21.0;0.577;20.0;0.577;20.0;26.0;22.716;10.0;52.0;26.0;22.716;10.0;52.0;26.0;22.716;10.0;52.0;13.115;13.115;13.115;0.333;2.082;-2.0;2.0;0.333;2.082;-2.0;2.0;0.333;2.082;-2.0;2.0;3.667;1.0;7.0;3.667;3.055;1.0;7.0;3.667;3.055;1.0;1.138;0.0;-4.9;3.465;2.45;1.0;2.0;1.414;0.0;6.0;48.0;33.941;-18.0;16.0;6.0;4.243;1.0;0.707;-4.0;-5.0;3.536;-1.5;1.908
4;11;89;0.49;96;-2.0;-3.0;23;9;-1;0.826;0.739;-0.087;0;0;20911;13;0.649;0.307;0.307;19.0;21.0;20.0;21.0;21.0;21.0;16.0;10.0;52.0;52.0;52.0;52.0;52.0;-2.0;2.0;1.0;1.0;1.0;1.0;3.0;7.0;7.0;7.0;1.386;3.066;3.066;21.333;1.528;20.0;23.0;1.258;20.0;1.258;20.0;12.333;3.215;10.0;16.0;22.25;20.006;10.0;52.0;22.25;20.006;10.0;52.0;13.577;16.46;16.46;-1.333;3.055;-4.0;2.0;-0.75;2.754;-4.0;2.0;-0.75;2.754;-4.0;2.0;1.0;-1.0;3.0;2.5;3.416;-1.0;7.0;2.5;3.416;-1.0;1.143;2.4;2.4;2.45;1.2;2.0;1.0;1.528;1.5;-5.0;-11.0;25.146;0.5;11.0;-5.0;3.215;2.0;1.528;-2.0;2.0;2.517;-3.0;1.541
5;10;99;0.62;131;-3.0;-12.0;28;10;1;0.914;0.776;-0.138;0;0;20901;13;0.739;0.307;0.307;19.0;23.0;21.0;20.0;21.0;21.0;11.0;16.0;10.0;52.0;52.0;52.0;52.0;-4.0;-2.0;2.0;1.0;1.0;-1.0;1.0;3.0;7.0;7.0;1.386;2.98;2.98;24.0;3.606;21.0;28.0;3.209;20.0;3.209;20.0;12.333;3.215;10.0;16.0;19.8;18.171;10.0;52.0;19.8;18.171;10.0;52.0;10.504;19.196;19.196;-4.667;3.055;-8.0;-2.0;-2.2;4.025;-8.0;2.0;-2.2;4.025;-8.0;2.0;0.333;-1.0;1.0;2.2;3.033;-1.0;7.0;2.2;3.033;-1.0;0.939;0.0;-2.4;1.386;1.2;5.0;3.0;2.082;3.5;-1.0;4.0;5.568;-3.0;10.0;-1.0;3.215;5.0;3.606;-4.0;-2.0;1.155;-3.0;1.353
6;12;111;0.75;170;-4.0;-22.0;28;8;-2;0.979;0.814;-0.165;0;0;20889;13;0.776;0.307;0.307;19.0;28.0;23.0;21.0;21.0;21.0;10.0;11.0;16.0;52.0;52.0;52.0;52.0;-8.0;-4.0;-2.0;1.0;1.0;1.0;-1.0;1.0;7.0;7.0;1.386;3.313;3.313;26.333;2.887;23.0;28.0;3.619;20.0;3.619;20.0;11.0;1.0;10.0;12.0;18.5;16.562;10.0;52.0;18.5;16.562;10.0;52.0;11.015;22.338;22.338;-7.0;2.646;-9.0;-4.0;-3.333;4.546;-9.0;2.0;-3.333;4.546;-9.0;2.0;-0.667;-2.0;1.0;1.5;3.209;-2.0;7.0;1.5;3.209;-2.0;1.025;2.4;2.4;1.386;1.2;0.0;-5.0;2.517;2.5;2.0;3.0;3.512;0.5;12.0;2.0;1.0;0.0;2.887;-1.0;3.0;1.528;-2.5;1.289
7;7;118;0.68;210;-4.0;-28.0;33;10;0;1.029;0.845;-0.184;270;297;20882;13;0.814;0.307;0.307;19.0;28.0;28.0;23.0;21.0;21.0;12.0;10.0;11.0;52.0;52.0;52.0;52.0;-9.0;-8.0;-4.0;1.0;1.0;-2.0;1.0;-1.0;7.0;7.0;3.666;4.5;4.5;29.667;2.887;28.0;33.0;4.88;20.0;4.88;20.0;9.667;2.517;7.0;12.0;16.857;15.731;7.0;52.0;16.857;15.731;7.0;52.0;9.609;24.549;24.549;-8.667;0.577;-9.0;-8.0;-4.143;4.67;-9.0;2.0;-4.143;4.67;-9.0;2.0;-0.333;-2.0;1.0;1.286;2.984;-2.0;7.0;1.286;2.984;-2.0;1.015;4.8;2.4;2.4;3.6;5.0;5.0;2.887;2.5;-5.0;-7.0;3.512;-1.5;7.0;-5.0;2.517;5.0;2.887;0.0;1.0;2.082;-0.5;1.229
8;3;121;1.01;260;-1.0;-35.0;39;10;2;1.068;0.885;-0.183;268;295;20879;13;0.845;0.307;0.307;19.0;33.0;28.0;28.0;21.0;21.0;7.0;12.0;10.0;52.0;52.0;52.0;52.0;-9.0;-9.0;-8.0;1.0;1.0;0.0;-2.0;1.0;7.0;7.0;7.332;6.888;7.359;33.333;5.508;28.0;39.0;6.852;20.0;6.739;20.0;7.333;4.509;3.0;12.0;9.857;4.059;3.0;16.0;15.125;15.366;3.0;52.0;5.132;21.859;25.711;-6.667;4.041;-9.0;-2.0;-4.571;4.237;-9.0;2.0;-3.875;4.39;-9.0;2.0;0.0;-2.0;2.0;0.571;1.718;-2.0;3.0;1.375;2.774;-2.0;1.105;9.6;4.8;3.666;7.2;6.0;1.0;3.215;5.5;-4.0;1.0;3.786;-4.5;3.0;-4.0;4.509;6.0;5.508;7.0;7.0;4.359;3.5;1.183
9;6;127;1.14;312;1.0;-32.0;42;11;1;1.099;0.946;-0.153;274;297;20873;13;0.885;0.524;0.307;19.0;39.0;33.0;28.0;20.0;21.0;3.0;7.0;12.0;10.0;52.0;62.0;52.0;-2.0;-9.0;-9.0;2.0;1.0;2.0;0.0;-2.0;3.0;7.0;10.822;11.378;11.334;38.0;4.583;33.0;42.0;7.85;21.0;8.124;20.0;5.333;2.082;3.0;7.0;9.286;4.309;3.0;16.0;14.111;14.692;3.0;52.0;4.583;18.059;26.841;-3.0;5.568;-9.0;2.0;-4.571;4.237;-9.0;2.0;-3.222;4.549;-9.0;2.0;1.0;0.0;2.0;0.286;1.38;-2.0;2.0;1.333;2.598;-2.0;1.312;12.0;2.4;3.666;10.8;3.0;-3.0;1.528;4.5;3.0;7.0;4.359;-0.5;6.0;3.0;2.082;3.0;4.583;4.0;-3.0;3.512;5.5;1.13
10;6;133;1.27;372;2.0;-32.0;47;13;2;1.129;0.991;-0.138;281;302;20867;13;0.946;0.649;0.307;19.0;42.0;39.0;33.0;21.0;21.0;6.0;3.0;7.0;16.0;52.0;78.0;52.0;2.0;-2.0;-9.0;-2.0;1.0;1.0;2.0;0.0;1.0;7.0;8.653;13.975;14.043;42.667;4.041;39.0;47.0;8.674;23.0;9.67;20.0;5.0;1.732;3.0;6.0;7.857;3.237;3.0;12.0;13.3;14.087;3.0;52.0;6.0;15.567;27.984;1.333;3.055;-2.0;4.0;-3.714;5.314;-9.0;4.0;-2.5;4.859;-9.0;4.0;1.667;1.0;2.0;0.429;1.512;-2.0;2.0;1.4;2.459;-2.0;1.274;4.8;-7.2;3.666;8.4;5.0;2.0;1.528;4.0;0.0;-3.0;3.512;1.5;6.0;0.0;1.732;5.0;4.041;2.0;-2.0;2.517;3.0;1.057
11;5;138;1.4;435;0.0;-33.0;47;10;-2;1.149;1.031;-0.118;289;306;20862;13;0.991;0.739;0.307;19.0;47.0;42.0;39.0;23.0;21.0;6.0;6.0;3.0;11.0;52.0;89.0;52.0;4.0;2.0;-2.0;-4.0;1.0;2.0;1.0;2.0;-1.0;7.0;3.666;15.106;15.825;45.333;2.887;42.0;47.0;8.2;28.0;10.479;20.0;5.667;0.577;5.0;6.0;7.0;3.055;3.0;12.0;12.545;13.597;3.0;52.0;5.508;13.304;29.036;1.667;2.517;-1.0;4.0;-3.286;5.407;-9.0;4.0;-2.364;4.632;-9.0;4.0;0.333;-2.0;2.0;0.286;1.704;-2.0;2.0;1.091;2.548;-2.0;1.326;2.4;-2.4;4.996;3.6;0.0;-5.0;2.517;2.5;-1.0;-1.0;2.082;-0.5;5.0;-1.0;0.577;0.0;2.887;-5.0;-7.0;4.726;-1.5;1.009
12;16;154;1.53;506;-2.0;-41.0;48;4;-6;1.169;1.06;-0.109;297;310;20846;13;1.031;0.776;0.307;19.0;47.0;47.0;42.0;28.0;21.0;5.0;6.0;6.0;10.0;52.0;99.0;52.0;-1.0;4.0;2.0;-8.0;1.0;-2.0;2.0;1.0;1.0;7.0;1.415;14.137;16.834;47.333;0.577;47.0;48.0;7.721;28.0;11.041;20.0;9.0;6.083;5.0;16.0;7.857;4.525;3.0;16.0;12.833;13.002;3.0;52.0;10.97;14.346;31.418;-1.0;5.0;-6.0;4.0;-3.0;5.164;-9.0;4.0;-2.667;4.539;-9.0;4.0;-2.0;-6.0;2.0;-0.714;2.87;-6.0;2.0;0.5;3.177;-6.0;1.3;0.1;-2.3;2.35;1.25;1.0;1.0;2.646;0.5;11.0;12.0;6.658;5.0;16.0;11.0;6.083;1.0;0.577;-5.0;0.0;4.041;-5.0;0.97
13;6;160;1.68;584;0.0;-48.0;56;2;0;1.186;1.086;-0.1;305;318;20840;13;1.06;0.814;0.307;19.0;48.0;47.0;47.0;28.0;21.0;16.0;5.0;6.0;12.0;52.0;111.0;52.0;-6.0;-1.0;4.0;-9.0;1.0;-6.0;-2.0;2.0;-2.0;7.0;5.572;13.06;18.576;50.333;4.933;47.0;56.0;7.368;33.0;12.335;20.0;9.0;6.083;5.0;16.0;7.0;4.163;3.0;16.0;12.308;12.592;3.0;52.0;11.372;16.036;33.5;-2.667;2.887;-6.0;-1.0;-1.857;4.451;-9.0;4.0;-2.538;4.371;-9.0;4.0;-2.667;-6.0;0.0;-0.429;2.82;-6.0;2.0;0.462;3.045;-6.0;1.286;9.6;9.5;4.956;4.85;8.0;7.0;4.359;4.5;-10.0;-21.0;10.536;0.5;6.0;-10.0;6.083;8.0;4.933;5.0;10.0;5.774;-0.0;0.943
14;4;164;1.79;668;-1.0;-55.0;61;2;0;1.208;1.105;-0.103;313;325;20836;13;1.086;0.845;0.307;19.0;56.0;48.0;47.0;33.0;21.0;6.0;16.0;5.0;7.0;52.0;118.0;52.0;-1.0;-6.0;-1.0;-9.0;1.0;0.0;-6.0;-2.0;0.0;7.0;7.332;11.013;20.217;55.0;6.557;48.0;61.0;7.635;39.0;13.759;20.0;8.667;6.429;4.0;16.0;6.571;4.315;3.0;16.0;11.714;12.3;3.0;52.0;5.033;16.9;35.173;-2.667;2.887;-6.0;-1.0;-0.714;3.147;-6.0;4.0;-2.429;4.219;-9.0;4.0;-2.0;-6.0;0.0;-0.429;2.82;-6.0;2.0;0.429;2.928;-6.0;1.259;4.8;-4.8;4.75;7.2;5.0;-3.0;3.512;6.5;-2.0;8.0;10.599;-6.0;4.0;-2.0;6.429;5.0;6.557;0.0;-5.0;5.0;2.5;0.921
15;5;169;1.92;752;1.0;-52.0;66;3;1;1.219;1.127;-0.092;320;337;20831;13;1.105;0.885;0.307;19.0;61.0;56.0;48.0;39.0;21.0;4.0;6.0;16.0;3.0;52.0;121.0;52.0;-1.0;-1.0;-6.0;-2.0;1.0;0.0;0.0;-6.0;2.0;7.0;7.332;11.013;21.819;61.0;5.0;56.0;66.0;8.734;42.0;15.005;20.0;5.0;1.0;4.0;6.0;6.857;4.1;4.0;16.0;8.357;4.217;3.0;16.0;4.509;16.49;32.956;0.0;1.732;-1.0;2.0;-0.143;3.237;-6.0;4.0;-2.357;4.29;-9.0;4.0;0.333;0.0;1.0;-0.571;2.699;-6.0;2.0;0.0;2.253;-6.0;1.309;9.6;4.8;2.771;7.2;5.0;0.0;1.732;5.0;1.0;3.0;5.686;-0.5;5.0;1.0;1.0;5.0;5.0;3.0;3.0;2.517;1.5;0.905
16;9;178;2.06;841;1.0;-50.0;70;6;2;1.229;1.145;-0.084;327;348;20822;13;1.127;0.946;0.524;23.9;66.0;61.0;56.0;42.0;20.0;5.0;4.0;6.0;6.0;10.0;127.0;62.0;2.0;-1.0;-1.0;2.0;2.0;1.0;0.0;0.0;1.0;3.0;7.332;12.414;23.317;65.667;4.509;61.0;70.0;9.537;47.0;15.825;21.0;6.0;2.646;4.0;9.0;7.286;4.152;4.0;16.0;8.286;4.196;3.0;16.0;7.095;16.267;30.941;0.667;1.528;-1.0;2.0;-0.286;3.147;-6.0;4.0;-2.429;4.219;-9.0;4.0;1.0;0.0;2.0;-0.429;2.82;-6.0;2.0;-0.071;2.165;-6.0;1.303;4.8;-4.8;2.771;7.2;4.0;-1.0;0.577;4.5;4.0;3.0;3.0;2.5;9.0;4.0;2.646;4.0;4.509;-1.0;-4.0;2.082;1.0;0.887
17;12;190;2.18;936;0.0;-49.0;70;5;-1;1.239;1.166;-0.073;334;358;20810;13;1.145;0.991;0.649;23.9;70.0;66.0;61.0;47.0;21.0;9.0;5.0;4.0;6.0;16.0;133.0;78.0;1.0;2.0;-1.0;4.0;-2.0;2.0;1.0;0.0;2.0;1.0;4.85;13.537;24.251;68.667;2.309;66.0;70.0;9.708;47.0;15.884;23.0;8.667;3.512;5.0;12.0;8.143;4.451;4.0;16.0;8.0;3.742;3.0;16.0;10.536;16.76;30.56;1.0;1.0;0.0;2.0;-0.857;2.545;-6.0;2.0;-2.286;4.268;-9.0;4.0;0.667;-1.0;2.0;-0.857;2.61;-6.0;2.0;-0.214;2.155;-6.0;1.373;4.9;0.1;2.743;4.85;0.0;-4.0;2.646;2.0;3.0;-1.0;1.528;3.5;12.0;3.0;3.512;0.0;2.309;-1.0;0.0;2.309;-1.0;0.873
18;8;198;2.31;1036;0.0;-48.0;74;5;0;1.249;1.183;-0.066;343;368;20802;13;1.166;1.031;0.739;26.3;70.0;70.0;66.0;47.0;23.0;12.0;9.0;5.0;5.0;11.0;138.0;89.0;0.0;1.0;2.0;-1.0;-4.0;-1.0;2.0;1.0;-2.0;-1.0;4.9;13.873;24.814;71.333;2.309;70.0;74.0;9.163;48.0;15.805;28.0;9.667;2.082;8.0;12.0;8.571;4.237;4.0;16.0;7.786;3.641;3.0;16.0;10.066;16.153;30.629;0.0;1.0;-1.0;1.0;-0.857;2.545;-6.0;2.0;-2.071;4.251;-9.0;4.0;0.333;-1.0;2.0;-0.571;2.573;-6.0;2.0;-0.143;2.143;-6.0;1.365;4.9;0.0;0.058;4.9;4.0;4.0;2.309;2.0;-4.0;-7.0;4.359;-0.5;8.0;-4.0;2.082;4.0;2.309;-1.0;0.0;0.0;-1.0;0.858
19;4;202;2.44;1142;1.0;-46.0;75;2;-2;1.259;1.205;-0.054;378;377;20798;13;1.183;1.06;0.776;26.3;74.0;70.0;70.0;48.0;28.0;8.0;12.0;9.0;16.0;10.0;154.0;99.0;-1.0;0.0;1.0;-6.0;-8.0;0.0;-1.0;2.0;-6.0;1.0;6.086;12.921;24.918;73.0;2.646;70.0;75.0;6.925;56.0;15.616;28.0;8.0;4.0;4.0;12.0;6.857;2.968;4.0;12.0;7.357;3.713;3.0;16.0;6.11;16.777;30.546;0.333;1.528;-1.0;2.0;0.286;1.38;-1.0;2.0;-1.357;4.012;-9.0;4.0;-1.0;-2.0;0.0;0.0;1.291;-2.0;2.0;-0.357;2.17;-6.0;1.443;7.2;2.3;1.328;6.05;1.0;-3.0;2.082;2.5;-4.0;0.0;4.041;-4.0;4.0;-4.0;4.0;1.0;2.646;3.0;4.0;2.309;1.0;0.845
20;11;213;2.57;1256;1.0;-44.0;79;22;-1;1.272;1.225;-0.047;383;385;20787;13;1.205;1.086;0.814;28.7;75.0;74.0;70.0;56.0;28.0;4.0;8.0;12.0;6.0;12.0;160.0;111.0;2.0;-1.0;0.0;-1.0;-9.0;-2.0;0.0;-1.0;0.0;-2.0;7.25;13.143;24.713;76.0;2.646;74.0;79.0;5.992;61.0;15.021;33.0;7.667;3.512;4.0;11.0;7.571;3.309;4.0;12.0;7.286;3.625;3.0;16.0;7.767;18.081;31.521;0.667;1.528;-1.0;2.0;0.571;1.272;-1.0;2.0;-0.643;3.388;-9.0;4.0;-1.0;-2.0;0.0;-0.143;1.345;-2.0;2.0;-0.286;2.128;-6.0;1.462;7.3;0.1;1.358;7.25;4.0;3.0;1.732;2.5;7.0;11.0;6.351;1.5;11.0;7.0;3.512;4.0;2.646;-1.0;-4.0;2.309;1.0;0.83
21;6;219;2.7;1382;1.0;-48.0;86;6;4;1.294;1.241;-0.053;387;391;20781;13;1.225;1.105;0.845;33.5;79.0;75.0;74.0;61.0;33.0;11.0;4.0;8.0;4.0;7.0;164.0;118.0;1.0;2.0;-1.0;-1.0;-9.0;-1.0;-2.0;0.0;0.0;0.0;7.25;13.152;24.419;80.0;5.568;75.0;86.0;6.651;66.0;15.011;39.0;7.0;3.606;4.0;11.0;7.857;3.024;4.0;12.0;7.214;3.641;3.0;16.0;8.622;18.008;32.278;2.0;1.0;1.0;3.0;1.143;1.345;-1.0;3.0;0.214;2.517;-6.0;4.0;0.333;-2.0;4.0;0.429;2.07;-2.0;4.0;0.0;2.418;-6.0;1.427;7.2;-0.1;0.058;7.25;7.0;3.0;3.0;5.5;-5.0;-12.0;6.658;1.0;6.0;-5.0;3.606;7.0;5.568;2.0;3.0;2.082;0.5;0.816
22;10;229;2.83;1517;1.0;-55.0;81;3;-3;1.137;1.265;0.128;391;457;20771;13;1.241;1.127;0.885;43.1;86.0;79.0;75.0;66.0;39.0;6.0;11.0;4.0;5.0;3.0;169.0;121.0;3.0;1.0;2.0;2.0;-2.0;4.0;-1.0;-2.0;1.0;2.0;6.086;13.685;24.418;82.0;3.606;79.0;86.0;5.912;70.0;14.367;42.0;9.0;2.646;6.0;11.0;8.571;2.82;4.0;12.0;7.714;3.496;4.0;16.0;8.083;17.525;32.825;2.0;1.0;1.0;3.0;1.143;1.345;-1.0;3.0;0.5;2.473;-6.0;4.0;0.0;-3.0;4.0;-0.143;2.41;-3.0;4.0;-0.357;2.468;-6.0;1.575;4.9;-2.3;1.358;6.05;-5.0;-12.0;6.245;1.0;4.0;9.0;6.245;-0.5;10.0;4.0;2.646;-5.0;3.606;-1.0;-3.0;1.732;0.5;0.806
23;4;233;2.96;1656;2.0;-57.0;93;10;7;1.337;1.28;-0.057;394;401;20767;13;1.265;1.145;0.946;55.1;81.0;86.0;79.0;70.0;42.0;10.0;6.0;11.0;9.0;6.0;178.0;127.0;2.0;3.0;1.0;1.0;2.0;-3.0;4.0;-1.0;2.0;1.0;7.376;14.771;25.641;86.667;6.028;81.0;93.0;7.825;70.0;14.705;47.0;6.667;3.055;4.0;10.0;7.857;3.288;4.0;12.0;7.571;3.61;4.0;16.0;7.211;16.125;32.7;3.333;1.528;2.0;5.0;1.714;1.976;-1.0;5.0;0.714;2.73;-6.0;5.0;2.667;-3.0;7.0;0.571;3.599;-3.0;7.0;0.071;3.149;-6.0;1.475;9.6;4.7;2.35;7.25;12.0;17.0;8.737;3.5;-6.0;-10.0;5.508;-1.0;4.0;-6.0;3.055;12.0;6.028;3.0;4.0;2.082;1.0;0.791
24;7;240;3.09;1803;2.0;-62.0;88;10;0;1.36;1.302;-0.058;397;405;20760;13;1.28;1.166;0.991;59.9;93.0;81.0;86.0;70.0;47.0;4.0;10.0;6.0;12.0;6.0;190.0;133.0;5.0;2.0;3.0;0.0;4.0;7.0;-3.0;4.0;-1.0;2.0;7.376;14.948;26.569;87.333;6.028;81.0;93.0;7.017;74.0;14.261;47.0;7.0;3.0;4.0;10.0;7.143;2.734;4.0;11.0;7.643;3.586;4.0;16.0;5.568;15.826;32.293;3.667;1.528;2.0;5.0;2.286;1.976;-1.0;5.0;0.714;2.73;-6.0;5.0;1.333;-3.0;7.0;0.714;3.546;-3.0;7.0;-0.071;3.1;-6.0;1.615;4.9;-4.7;2.714;7.25;-5.0;-17.0;9.815;3.5;3.0;9.0;5.508;-1.5;7.0;3.0;3.0;-5.0;6.028;-1.0;-4.0;2.309;1.0;0.781
25;13;253;3.22;1958;2.0;-67.0;87;6;-3;1.382;1.328;-0.054;400;407;20747;13;1.302;1.183;1.031;62.3;88.0;93.0;81.0;74.0;47.0;7.0;4.0;10.0;8.0;5.0;198.0;138.0;4.0;5.0;2.0;-1.0;-1.0;0.0;7.0;-3.0;0.0;-2.0;6.139;14.785;27.224;89.333;3.215;87.0;93.0;6.122;75.0;13.038;48.0;8.0;4.583;4.0;13.0;7.857;3.532;4.0;13.0;8.214;3.766;4.0;16.0;10.149;17.176;32.146;4.667;0.577;4.0;5.0;3.143;1.574;1.0;5.0;1.143;2.905;-6.0;5.0;1.333;-3.0;7.0;0.286;3.817;-3.0;7.0;-0.143;3.159;-6.0;1.717;7.3;2.4;2.35;6.1;-1.0;4.0;8.888;-3.0;6.0;3.0;6.245;4.5;13.0;6.0;4.583;-1.0;3.215;1.0;2.0;2.0;-0.0;0.768
26;5;258;3.35;2120;-1.0;-82.0;96;10;4;1.405;1.341;-0.064;402;411;20742;13;1.328;1.205;1.06;62.4;87.0;88.0;93.0;75.0;48.0;13.0;7.0;4.0;4.0;16.0;202.0;154.0;5.0;4.0;5.0;2.0;-6.0;-3.0;0.0;7.0;-2.0;-6.0;3.721;12.853;26.089;90.333;4.933;87.0;96.0;6.04;79.0;11.984;56.0;8.333;4.163;5.0;13.0;8.0;3.367;4.0;13.0;7.429;3.106;4.0;13.0;9.292;16.623;32.675;2.0;4.359;-3.0;5.0;2.429;2.82;-3.0;5.0;1.357;2.405;-3.0;5.0;0.333;-3.0;4.0;1.143;3.891;-3.0;7.0;0.571;2.848;-3.0;1.531;-2.4;-9.7;5.052;2.45;9.0;10.0;7.211;4.0;-8.0;-14.0;7.371;-1.0;5.0;-8.0;4.163;9.0;4.933;-8.0;-9.0;4.726;-3.5;0.753
27;13;271;3.4;2285;-7.0;-107.0;95;11;1;1.426;1.348;-0.078;404;414;20729;13;1.341;1.225;1.086;72.0;96.0;87.0;88.0;79.0;56.0;5.0;13.0;7.0;11.0;6.0;213.0;160.0;-3.0;5.0;4.0;1.0;-1.0;4.0;-3.0;0.0;-1.0;0.0;4.94;9.783;24.253;92.667;4.933;87.0;96.0;5.442;81.0;11.159;61.0;10.333;4.619;5.0;13.0;8.286;3.729;4.0;13.0;7.929;3.407;4.0;13.0;9.292;18.209;33.695;-4.667;10.599;-16.0;5.0;0.0;7.572;-16.0;5.0;0.286;5.225;-16.0;5.0;0.667;-3.0;4.0;1.429;3.78;-3.0;7.0;0.643;2.845;-3.0;1.473;-7.1;-4.7;7.343;-4.75;-1.0;-10.0;5.774;4.0;8.0;16.0;8.718;-0.0;13.0;8.0;4.619;-1.0;4.933;-13.0;-5.0;7.095;-10.5;0.746
28;11;282;3.61;2455;-4.0;-125.0;90;7;-5;1.446;1.366;-0.08;405;415;20718;13;1.348;1.241;1.105;76.8;95.0;96.0;87.0;86.0;61.0;13.0;5.0;13.0;6.0;4.0;219.0;164.0;-16.0;-3.0;5.0;3.0;-1.0;1.0;4.0;-3.0;4.0;0.0;6.08;8.31;22.902;93.667;3.215;90.0;96.0;5.228;81.0;9.976;66.0;9.667;4.163;5.0;13.0;9.0;3.697;4.0;13.0;8.429;3.298;4.0;13.0;12.014;19.712;34.569;-9.667;6.506;-16.0;-3.0;-1.857;8.275;-16.0;5.0;-0.357;5.904;-16.0;5.0;0.0;-5.0;4.0;0.143;4.259;-5.0;7.0;0.286;3.221;-5.0;1.689;12.1;19.2;10.008;2.5;-5.0;-4.0;7.211;-3.0;-2.0;-10.0;8.083;3.0;11.0;-2.0;4.163;-5.0;3.215;6.0;19.0;9.849;-3.5;0.742
29;13;295;3.74;2635;-5.0;-148.0;103;14;7;1.47;1.375;-0.095;406;418;20705;13;1.366;1.265;1.127;86.4;90.0;95.0;96.0;81.0;66.0;11.0;13.0;5.0;10.0;5.0;229.0;169.0;-10.0;-16.0;-3.0;2.0;2.0;-5.0;1.0;4.0;-3.0;1.0;8.792;7.053;22.078;96.0;6.557;90.0;103.0;5.521;87.0;10.267;70.0;12.333;1.155;11.0;13.0;9.429;3.994;4.0;13.0;9.0;3.351;4.0;13.0;12.014;22.329;35.556;-12.333;3.215;-16.0;-10.0;-3.714;8.712;-16.0;5.0;-1.286;6.498;-16.0;5.0;1.0;-5.0;7.0;1.571;4.685;-5.0;7.0;0.714;3.688;-5.0;1.524;5.0;-7.1;9.708;8.55;13.0;18.0;9.452;4.0;2.0;4.0;5.033;0.0;13.0;2.0;1.155;13.0;6.557;-1.0;-7.0;9.609;2.5;0.732
30;13;308;3.87;2818;-5.0;-169.0;96;13;-1;1.491;1.391;-0.1;407;419;20692;13;1.375;1.28;1.145;91.2;103.0;90.0;95.0;93.0;70.0;13.0;11.0;13.0;4.0;9.0;233.0;178.0;-11.0;-10.0;-16.0;5.0;1.0;7.0;-5.0;1.0;7.0;2.0;4.95;7.835;21.17;96.333;6.506;90.0;103.0;5.623;87.0;9.724;70.0;12.333;1.155;11.0;13.0;10.714;3.352;5.0;13.0;9.286;3.518;4.0;13.0;13.0;24.172;37.051;-10.667;0.577;-11.0;-10.0;-6.0;8.124;-16.0;5.0;-2.143;6.949;-16.0;5.0;0.333;-5.0;7.0;0.429;4.077;-5.0;7.0;0.5;3.695;-5.0;1.686;4.9;-0.1;4.128;4.95;-7.0;-20.0;11.015;3.0;0.0;-2.0;2.0;1.0;13.0;0.0;1.155;-7.0;6.506;0.0;1.0;3.786;-0.5;0.727
31;0;308;4.0;3004;-5.0;-189.0;106;21;8;1.511;1.401;-0.11;408;423;20692;13;1.391;1.302;1.166;96.1;96.0;103.0;90.0;88.0;70.0;13.0;13.0;11.0;7.0;12.0;240.0;190.0;-11.0;-11.0;-10.0;4.0;0.0;-1.0;7.0;-5.0;0.0;-1.0;4.85;9.158;20.169;101.667;5.132;96.0;106.0;6.669;87.0;9.744;74.0;8.667;7.506;0.0;13.0;9.714;5.187;0.0;13.0;8.429;4.201;0.0;13.0;7.506;22.579;37.676;-11.0;0.0;-11.0;-11.0;-8.143;6.939;-16.0;5.0;-2.929;7.301;-16.0;5.0;4.667;-1.0;8.0;1.571;4.962;-5.0;8.0;1.143;4.167;-5.0;1.573;4.8;-0.1;0.1;4.85;10.0;17.0;10.786;1.5;-13.0;-13.0;8.145;-6.5;0.0;-13.0;7.506;10.0;5.132;0.0;0.0;0.577;-0.0;0.719
32;0;308;4.13;3201;-5.0;-214.0;78;1;-21;1.534;1.43;-0.104;408;419;20692;13;1.401;1.328;1.183;101.0;106.0;96.0;103.0;87.0;74.0;0.0;13.0;13.0;13.0;8.0;253.0;198.0;-11.0;-11.0;-11.0;5.0;-1.0;8.0;-1.0;7.0;-3.0;0.0;4.85;11.161;19.076;93.333;14.189;78.0;106.0;9.137;78.0;9.313;75.0;4.333;7.506;0.0;13.0;7.857;6.067;0.0;13.0;7.857;4.769;0.0;13.0;0.0;20.191;37.321;-11.0;0.0;-11.0;-11.0;-10.429;3.823;-16.0;-3.0;-3.643;7.581;-16.0;5.0;-4.667;-21.0;8.0;-1.0;9.916;-21.0;8.0;-0.357;7.249;-21.0;2.2;4.9;0.1;0.058;4.85;-28.0;-38.0;19.035;-9.0;0.0;13.0;7.506;-6.5;0.0;0.0;7.506;-28.0;14.189;0.0;0.0;0.0;-0.0;0.714
33;0;308;4.26;3403;-6.0;-242.0;105;6;5;1.556;1.441;-0.115;408;421;20692;13;1.43;1.341;1.205;108.2;78.0;106.0;96.0;96.0;75.0;0.0;0.0;13.0;5.0;4.0;258.0;202.0;-11.0;-11.0;-11.0;-3.0;2.0;-21.0;8.0;-1.0;4.0;-2.0;3.721;11.935;17.977;96.333;15.885;78.0;106.0;9.924;78.0;9.17;78.0;0.0;0.0;0.0;0.0;7.143;6.719;0.0;13.0;7.571;5.125;0.0;13.0;0.0;15.214;35.694;-12.0;1.732;-14.0;-11.0;-12.0;2.16;-16.0;-10.0;-4.786;7.866;-16.0;5.0;-2.667;-21.0;8.0;-0.857;10.007;-21.0;8.0;0.143;7.368;-21.0;1.657;2.4;-2.5;1.415;3.65;27.0;55.0;28.16;-0.5;0.0;0.0;7.506;-0.0;0.0;0.0;0.0;27.0;15.885;-3.0;-3.0;1.732;-1.5;0.699
34;0;308;4.39;3504;-5.0;-164.0;101;5;0;1.578;1.456;-0.122;407;421;20692;13;1.441;1.348;1.225;115.5;105.0;78.0;106.0;95.0;79.0;0.0;0.0;0.0;13.0;11.0;271.0;213.0;-14.0;-11.0;-11.0;-16.0;1.0;5.0;-21.0;8.0;1.0;-1.0;3.666;9.605;17.264;94.667;14.572;78.0;105.0;10.066;78.0;8.711;78.0;0.0;0.0;0.0;0.0;5.286;6.626;0.0;13.0;6.786;5.395;0.0;13.0;0.0;10.228;33.809;-12.667;1.528;-14.0;-11.0;-11.571;1.397;-14.0;-10.0;-5.786;7.963;-16.0;5.0;-5.333;-21.0;5.0;-1.0;9.983;-21.0;8.0;0.214;7.361;-21.0;1.77;4.8;2.4;1.415;3.6;-4.0;-31.0;27.574;11.5;0.0;0.0;0.0;-0.0;0.0;0.0;0.0;-4.0;14.572;1.0;4.0;2.082;-1.0;0.694
35;0;308;4.52;3601;-6.0;-78.0;107;11;6;1.6;1.467;-0.133;407;422;20692;13;1.456;1.366;1.241;122.7;101.0;105.0;78.0;90.0;86.0;0.0;0.0;0.0;11.0;6.0;282.0;219.0;-13.0;-14.0;-11.0;-10.0;3.0;0.0;5.0;-21.0;-5.0;4.0;4.8;9.351;16.986;104.333;3.055;101.0;107.0;10.147;78.0;9.169;78.0;0.0;0.0;0.0;0.0;3.714;6.343;0.0;13.0;6.357;5.692;0.0;13.0;0.0;4.914;31.167;-14.0;1.0;-15.0;-13.0;-12.286;1.704;-15.0;-11.0;-7.071;7.888;-16.0;5.0;3.667;0.0;6.0;0.571;10.114;-21.0;8.0;0.357;7.459;-21.0;1.716;4.8;-0.0;1.386;4.8;6.0;10.0;15.822;1.0;0.0;0.0;0.0;-0.0;0.0;0.0;0.0;6.0;3.055;-2.0;-3.0;2.082;-0.5;0.687
1;45;45;0.1;18;2.0;4.0;20;8;6;0.321;0.343;0.022;0;0;20455;14;0.343;0.343;0.343;22.0;20.0;20.0;20.0;20.0;20.0;45.0;45.0;45.0;45.0;45.0;45.0;45.0;4.0;4.0;4.0;4.0;4.0;6.0;6.0;6.0;6.0;6.0;1.768;1.768;1.768;20.0;0.707;20.0;20.0;0.707;20.0;0.707;20.0;45.0;14.142;45.0;45.0;45.0;14.142;45.0;45.0;45.0;14.142;45.0;45.0;17.678;17.678;17.678;4.0;1.061;4.0;4.0;4.0;1.061;4.0;4.0;4.0;1.061;4.0;4.0;6.0;6.0;6.0;6.0;2.828;6.0;6.0;6.0;2.828;6.0;1.1;2.5;-2.5;1.768;1.25;-1.0;2.0;1.414;0.0;-20.0;10.0;7.071;-15.0;25.0;-10.0;7.071;1.0;0.707;-1.5;-2.5;1.768;-2.75;2.915
2;25;70;0.23;40;1.0;6.3;19;10;2;0.549;0.558;0.009;0;0;20430;14;0.343;0.343;0.343;22.0;20.0;20.0;20.0;20.0;20.0;45.0;45.0;45.0;45.0;45.0;45.0;45.0;4.0;4.0;4.0;4.0;4.0;6.0;6.0;6.0;6.0;6.0;1.768;1.768;1.768;19.5;0.707;19.0;20.0;0.707;19.0;0.707;19.0;35.0;14.142;25.0;45.0;35.0;14.142;25.0;45.0;35.0;14.142;25.0;45.0;17.678;17.678;17.678;3.25;1.061;2.5;4.0;3.25;1.061;2.5;4.0;3.25;1.061;2.5;4.0;4.0;2.0;6.0;4.0;2.828;2.0;6.0;4.0;2.828;2.0;1.289;2.5;-2.5;1.768;1.25;-1.0;2.0;1.414;0.0;-20.0;10.0;7.071;-15.0;25.0;-10.0;7.071;1.0;0.707;-1.5;-2.5;1.768;-2.75;2.915
3;15;85;0.36;66;-1.0;4.7;20;9;0;0.711;0.687;-0.024;0;0;20415;14;0.558;0.343;0.343;22.0;19.0;20.0;20.0;20.0;20.0;25.0;45.0;45.0;45.0;45.0;45.0;45.0;2.5;4.0;4.0;4.0;4.0;2.0;6.0;6.0;6.0;6.0;1.443;1.443;1.443;19.667;0.577;19.0;20.0;0.577;19.0;0.577;19.0;28.333;15.275;15.0;45.0;28.333;15.275;15.0;45.0;28.333;15.275;15.0;45.0;20.207;20.207;20.207;1.667;2.843;-1.5;4.0;1.667;2.843;-1.5;4.0;1.667;2.843;-1.5;4.0;2.667;0.0;6.0;2.667;3.055;0.0;6.0;2.667;3.055;0.0;1.225;0.0;-2.5;1.768;1.25;1.0;2.0;1.414;0.0;-10.0;10.0;7.071;-15.0;15.0;-10.0;7.071;1.0;0.707;-4.0;-2.5;1.768;-2.75;1.792
4;12;97;0.49;96;0.0;4.0;24;10;0;0.826;0.787;-0.039;0;0;20403;14;0.687;0.343;0.343;22.0;20.0;19.0;20.0;20.0;20.0;15.0;25.0;45.0;45.0;45.0;45.0;45.0;-1.5;2.5;4.0;4.0;4.0;0.0;2.0;6.0;6.0;6.0;2.829;3.099;3.099;21.0;2.646;19.0;24.0;2.217;19.0;2.217;19.0;17.333;6.807;12.0;25.0;24.25;14.908;12.0;45.0;24.25;14.908;12.0;45.0;13.528;22.411;22.411;0.133;2.098;-1.5;2.5;1.1;2.583;-1.5;4.0;1.1;2.583;-1.5;4.0;0.667;0.0;2.0;2.0;2.828;0.0;6.0;2.0;2.828;0.0;1.225;4.9;4.9;2.45;2.45;4.0;3.0;2.517;2.5;-3.0;7.0;8.544;-6.5;12.0;-3.0;6.807;4.0;2.646;0.9;4.9;2.45;-1.55;1.456
5;13;110;0.62;131;-1.0;0.7;30;13;3;0.914;0.839;-0.075;0;0;20390;14;0.787;0.343;0.343;22.0;24.0;20.0;19.0;20.0;20.0;12.0;15.0;25.0;45.0;45.0;45.0;45.0;-0.6;-1.5;2.5;4.0;4.0;0.0;0.0;2.0;6.0;6.0;3.764;4.056;4.056;24.667;5.033;20.0;30.0;4.561;19.0;4.561;19.0;13.333;1.528;12.0;15.0;22.0;13.856;12.0;45.0;22.0;13.856;12.0;45.0;12.503;25.146;25.146;-1.4;0.755;-2.1;-0.6;0.46;2.656;-2.1;4.0;0.46;2.656;-2.1;4.0;1.0;0.0;3.0;2.2;2.49;0.0;6.0;2.2;2.49;0.0;1.063;2.5;-2.4;2.45;3.7;6.0;2.0;2.517;5.0;1.0;4.0;5.568;-1.0;13.0;1.0;1.528;6.0;5.033;-1.5;-2.4;2.45;-0.3;1.271
6;6;116;0.75;170;-2.0;-4.1;31;14;1;0.979;0.882;-0.097;0;0;20384;14;0.839;0.343;0.343;22.0;30.0;24.0;20.0;20.0;20.0;13.0;12.0;15.0;45.0;45.0;45.0;45.0;-2.1;-0.6;-1.5;4.0;4.0;3.0;0.0;0.0;6.0;6.0;2.45;4.838;4.838;28.333;3.786;24.0;31.0;5.329;19.0;5.329;19.0;10.333;3.786;6.0;13.0;19.333;14.01;6.0;45.0;19.333;14.01;6.0;45.0;9.713;26.559;26.559;-2.133;1.55;-3.7;-0.6;-0.233;2.92;-3.7;4.0;-0.233;2.92;-3.7;4.0;1.333;0.0;3.0;2.0;2.28;0.0;6.0;2.0;2.28;0.0;1.106;2.4;-0.1;1.415;2.45;1.0;-5.0;2.517;3.5;-7.0;-8.0;4.0;-3.0;6.0;-7.0;3.786;1.0;3.786;-1.6;-0.1;1.415;-1.55;1.192
7;12;128;0.68;210;-2.0;-5.1;35;18;2;1.029;0.919;-0.11;270;345;20372;14;0.882;0.343;0.343;22.0;31.0;30.0;24.0;20.0;20.0;6.0;13.0;12.0;45.0;45.0;45.0;45.0;-3.7;-2.1;-0.6;4.0;4.0;1.0;3.0;0.0;6.0;6.0;3.775;6.205;6.205;32.0;2.646;30.0;35.0;6.399;19.0;6.399;19.0;10.333;3.786;6.0;13.0;18.286;13.086;6.0;45.0;18.286;13.086;6.0;45.0;9.165;28.74;28.74;-3.167;0.924;-3.7;-2.1;-0.729;2.97;-3.7;4.0;-0.729;2.97;-3.7;4.0;2.0;1.0;3.0;2.0;2.082;0.0;6.0;2.0;2.082;0.0;1.123;5.0;2.6;1.473;3.7;4.0;3.0;2.517;2.5;6.0;13.0;6.557;-0.5;12.0;6.0;3.786;4.0;2.646;0.0;1.6;0.896;-0.8;1.134
8;11;139;1.01;260;0.0;-11.2;40;19;3;1.068;0.946;-0.122;268;345;20361;14;0.919;0.343;0.343;22.0;35.0;31.0;30.0;20.0;20.0;12.0;6.0;13.0;45.0;45.0;45.0;45.0;-3.7;-3.7;-2.1;4.0;4.0;2.0;1.0;3.0;6.0;6.0;4.95;7.352;7.768;35.333;4.509;31.0;40.0;7.807;19.0;7.818;19.0;9.667;3.215;6.0;12.0;13.429;5.798;6.0;25.0;17.375;12.386;6.0;45.0;11.504;24.172;31.185;-2.733;1.674;-3.7;-0.8;-1.414;2.133;-3.7;2.5;-0.738;2.75;-3.7;4.0;2.0;1.0;3.0;1.571;1.272;0.0;3.0;2.125;1.959;0.0;1.105;4.9;-0.1;1.473;4.95;5.0;1.0;2.082;4.5;-1.0;-7.0;6.506;2.5;11.0;-1.0;3.215;5.0;4.509;2.9;2.9;2.281;1.45;1.088
9;3;142;1.14;312;0.0;-9.6;43;21;2;1.099;0.988;-0.111;274;342;20358;14;0.946;0.558;0.343;22.0;40.0;35.0;31.0;19.0;20.0;11.0;12.0;6.0;25.0;45.0;70.0;45.0;-0.8;-3.7;-3.7;2.5;4.0;3.0;2.0;1.0;2.0;6.0;7.485;9.943;10.499;39.333;4.041;35.0;43.0;8.235;20.0;8.978;19.0;8.667;4.933;3.0;12.0;10.286;4.231;3.0;15.0;15.778;12.538;3.0;45.0;7.371;21.227;32.539;-1.167;2.371;-3.7;1.0;-1.629;1.707;-3.7;1.0;-0.544;2.637;-3.7;4.0;2.333;2.0;3.0;1.571;1.272;0.0;3.0;2.111;1.833;0.0;1.256;9.8;4.9;2.801;7.35;3.0;-2.0;1.0;4.0;-8.0;-7.0;7.0;-4.5;3.0;-8.0;4.933;3.0;4.041;1.8;-1.1;1.464;2.35;1.057
10;6;148;1.27;372;0.0;-13.5;46;22;1;1.129;1.019;-0.11;281;343;20352;14;0.988;0.687;0.343;22.0;43.0;40.0;35.0;20.0;20.0;3.0;11.0;12.0;15.0;45.0;85.0;45.0;1.0;-0.8;-3.7;-1.5;4.0;2.0;3.0;2.0;0.0;6.0;6.501;10.675;12.23;43.0;3.0;40.0;46.0;7.85;24.0;10.009;19.0;6.667;4.041;3.0;11.0;9.0;3.916;3.0;13.0;14.8;12.218;3.0;45.0;4.583;18.75;33.744;0.233;0.929;-0.8;1.0;-1.343;1.889;-3.7;1.0;-0.44;2.508;-3.7;4.0;2.0;1.0;3.0;1.714;1.113;0.0;3.0;2.0;1.764;0.0;1.228;2.5;-7.3;3.721;6.15;3.0;0.0;1.155;3.0;3.0;11.0;5.568;-2.5;6.0;3.0;4.041;3.0;3.0;-0.5;-2.3;1.735;0.65;1.012
11;7;155;1.4;435;0.0;-13.0;50;22;1;1.149;1.05;-0.099;289;346;20345;14;1.019;0.787;0.343;22.0;46.0;43.0;40.0;24.0;20.0;6.0;3.0;11.0;12.0;45.0;97.0;45.0;0.5;1.0;-0.8;-0.6;4.0;1.0;2.0;3.0;0.0;6.0;5.148;12.096;14.32;46.333;3.512;43.0;50.0;7.61;30.0;11.121;19.0;5.333;2.082;3.0;7.0;8.286;3.729;3.0;13.0;14.091;11.828;3.0;45.0;6.506;16.643;35.009;0.8;0.265;0.5;1.0;-1.129;2.065;-3.7;1.0;-0.318;2.413;-3.7;4.0;1.333;1.0;2.0;1.857;0.9;1.0;3.0;1.909;1.7;0.0;1.278;7.4;4.9;3.721;4.95;4.0;1.0;0.577;3.5;1.0;-2.0;5.859;2.0;7.0;1.0;2.082;4.0;3.512;0.4;0.9;1.159;-0.05;0.981
12;7;162;1.53;506;0.0;-15.8;49;17;-5;1.169;1.087;-0.082;297;343;20338;14;1.05;0.839;0.343;22.0;50.0;46.0;43.0;30.0;20.0;7.0;6.0;3.0;13.0;45.0;110.0;45.0;0.9;0.5;1.0;-2.1;4.0;1.0;1.0;2.0;3.0;6.0;6.192;12.795;16.201;48.333;2.082;46.0;50.0;7.118;31.0;11.619;19.0;6.667;0.577;6.0;7.0;7.429;3.101;3.0;12.0;13.5;11.461;3.0;45.0;7.0;15.725;36.335;0.733;0.208;0.5;0.9;-0.714;2.127;-3.7;1.0;-0.225;2.323;-3.7;4.0;-1.0;-5.0;1.0;0.714;2.628;-5.0;3.0;1.333;2.57;-5.0;1.404;4.9;-2.5;2.45;6.15;-1.0;-5.0;2.646;1.5;0.0;-1.0;1.528;0.5;7.0;0.0;0.577;-1.0;2.082;-0.1;-0.5;0.451;0.15;0.952
13;6;168;1.68;584;1.0;-18.1;59;18;3;1.186;1.11;-0.076;305;351;20332;14;1.087;0.882;0.343;22.0;49.0;50.0;46.0;31.0;20.0;7.0;7.0;6.0;6.0;45.0;116.0;45.0;0.8;0.9;0.5;-3.7;4.0;-5.0;1.0;1.0;1.0;6.0;6.192;13.164;18.312;52.667;5.508;49.0;59.0;7.746;35.0;13.12;19.0;6.667;0.577;6.0;7.0;7.429;3.101;3.0;12.0;12.923;11.169;3.0;45.0;6.506;13.886;37.615;1.633;1.358;0.8;3.2;0.271;2.112;-3.7;3.2;0.038;2.419;-3.7;4.0;-0.333;-5.0;3.0;1.0;2.769;-5.0;3.0;1.462;2.504;-5.0;1.292;7.4;2.5;1.443;6.15;10.0;11.0;5.508;4.5;-1.0;-1.0;1.0;-0.5;6.0;-1.0;0.577;10.0;5.508;2.4;2.5;1.323;1.15;0.92
14;2;170;1.79;668;1.0;-21.7;65;22;4;1.208;1.124;-0.084;313;362;20330;14;1.11;0.919;0.343;22.0;59.0;49.0;50.0;35.0;20.0;6.0;7.0;7.0;12.0;45.0;128.0;45.0;3.2;0.8;0.9;-3.7;4.0;3.0;-5.0;1.0;2.0;6.0;6.239;13.004;20.234;57.667;8.083;49.0;65.0;8.864;40.0;14.819;19.0;5.0;2.646;2.0;7.0;6.0;2.944;2.0;11.0;12.143;11.121;2.0;45.0;4.163;12.362;38.496;2.4;1.386;0.8;3.2;1.257;1.458;-0.8;3.2;0.264;2.473;-3.7;4.0;0.667;-5.0;4.0;1.286;2.984;-5.0;4.0;1.643;2.499;-5.0;1.249;5.0;-2.4;1.415;6.2;6.0;-4.0;5.568;8.0;-4.0;-3.0;2.082;-2.5;2.0;-4.0;2.646;6.0;8.083;0.0;-2.4;1.415;1.2;0.901
15;6;176;1.92;752;2.0;-17.9;69;26;4;1.219;1.14;-0.079;320;373;20324;14;1.124;0.946;0.343;22.0;65.0;59.0;49.0;40.0;20.0;2.0;6.0;7.0;11.0;45.0;139.0;45.0;3.2;3.2;0.8;-0.8;4.0;4.0;3.0;-5.0;3.0;6.0;6.239;12.823;21.804;64.333;5.033;59.0;69.0;9.964;43.0;15.999;19.0;4.667;2.309;2.0;6.0;5.286;1.976;2.0;7.0;9.357;5.93;2.0;25.0;4.163;12.362;33.421;3.667;0.808;3.2;4.6;2.029;1.609;0.5;4.6;0.307;2.547;-3.7;4.6;3.667;3.0;4.0;1.429;3.101;-5.0;4.0;1.5;2.279;-5.0;1.284;7.4;2.4;1.386;6.2;4.0;-2.0;3.055;5.0;4.0;8.0;4.041;-0.0;6.0;4.0;2.309;4.0;5.033;1.4;1.4;1.206;0.7;0.89
16;3;179;2.06;841;0.0;-16.6;69;28;1;1.229;1.156;-0.073;327;382;20321;14;1.14;0.988;0.558;24.5;69.0;65.0;59.0;43.0;19.0;6.0;2.0;6.0;3.0;25.0;142.0;70.0;4.6;3.2;3.2;1.0;2.5;4.0;4.0;3.0;2.0;2.0;5.108;12.81;22.755;67.667;2.309;65.0;69.0;9.839;46.0;16.186;20.0;3.667;2.082;2.0;6.0;5.286;1.976;2.0;7.0;7.786;4.098;2.0;15.0;4.583;11.163;30.073;2.933;1.815;1.0;4.6;2.029;1.609;0.5;4.6;0.2;2.478;-3.7;4.6;3.0;1.0;4.0;1.286;3.094;-5.0;4.0;1.429;2.277;-5.0;1.319;2.4;-5.0;2.501;4.9;0.0;-4.0;3.055;2.0;-3.0;-7.0;4.359;0.5;3.0;-3.0;2.082;0.0;2.309;-3.6;-5.0;2.579;-1.1;0.877
17;4;183;2.18;936;1.0;-14.0;73;30;2;1.239;1.173;-0.066;334;391;20317;14;1.156;1.019;0.687;24.5;69.0;69.0;65.0;46.0;20.0;3.0;6.0;2.0;6.0;15.0;148.0;85.0;1.0;4.6;3.2;0.5;-1.5;1.0;4.0;4.0;1.0;0.0;5.108;12.414;23.45;70.333;2.309;69.0;73.0;9.574;49.0;16.087;24.0;4.333;1.528;3.0;6.0;5.0;2.0;2.0;7.0;7.0;3.637;2.0;13.0;3.512;9.813;27.295;2.667;1.815;1.0;4.6;2.3;1.462;0.8;4.6;0.479;2.491;-3.7;4.6;2.333;1.0;4.0;1.429;3.101;-5.0;4.0;1.571;2.243;-5.0;1.348;7.4;5.0;2.887;4.9;4.0;4.0;2.309;2.0;1.0;4.0;3.512;-1.0;4.0;1.0;1.528;4.0;2.309;1.4;5.0;2.887;-1.1;0.865
18;11;194;2.31;1036;1.0;-9.2;79;35;5;1.249;1.187;-0.062;343;401;20306;14;1.173;1.05;0.787;29.4;73.0;69.0;69.0;50.0;24.0;4.0;3.0;6.0;7.0;12.0;155.0;97.0;2.4;1.0;4.6;0.9;-0.6;2.0;1.0;4.0;1.0;0.0;7.45;12.826;24.349;73.667;5.033;69.0;79.0;9.788;49.0;16.283;30.0;6.0;4.359;3.0;11.0;5.571;2.992;2.0;11.0;6.929;3.54;2.0;13.0;7.767;10.63;25.591;2.433;1.45;1.0;3.9;2.729;1.422;0.8;4.6;0.8;2.628;-3.7;4.6;2.667;1.0;5.0;2.0;3.367;-5.0;5.0;1.929;2.369;-5.0;1.341;7.5;0.1;2.916;7.45;6.0;2.0;3.055;5.0;7.0;6.0;5.033;4.0;11.0;7.0;4.359;6.0;5.033;1.5;0.1;2.916;1.45;0.853
19;6;200;2.44;1142;2.0;-5.4;85;42;8;1.259;1.196;-0.063;378;414;20300;14;1.187;1.087;0.839;31.9;79.0;73.0;69.0;49.0;30.0;11.0;4.0;3.0;7.0;13.0;162.0;110.0;3.9;2.4;1.0;0.8;-2.1;5.0;2.0;1.0;-5.0;3.0;6.245;12.63;24.795;79.0;6.0;73.0;85.0;8.674;59.0;17.0;31.0;7.0;3.606;4.0;11.0;5.429;2.936;2.0;11.0;6.429;3.081;2.0;12.0;8.622;11.914;24.707;3.7;1.212;2.4;4.8;3.3;1.318;1.0;4.8;1.293;2.689;-3.7;4.8;5.0;2.0;8.0;3.857;2.268;1.0;8.0;2.286;2.867;-5.0;1.304;4.9;-2.6;1.473;6.2;6.0;0.0;1.155;6.0;-5.0;-12.0;6.0;1.0;6.0;-5.0;3.606;6.0;6.0;0.9;-0.6;0.321;1.2;0.842
20;8;208;2.57;1256;0.0;-4.8;82;65;2;1.272;1.212;-0.06;383;421;20292;14;1.196;1.11;0.882;34.3;85.0;79.0;73.0;59.0;31.0;6.0;11.0;4.0;6.0;6.0;168.0;116.0;4.8;3.9;2.4;3.2;-3.7;8.0;5.0;2.0;3.0;1.0;4.95;12.637;24.738;82.0;3.0;79.0;85.0;7.525;65.0;16.541;35.0;8.333;2.517;6.0;11.0;5.714;3.094;2.0;11.0;6.571;3.106;2.0;12.0;7.024;13.837;23.917;3.5;1.539;1.8;4.8;3.1;1.436;1.0;4.8;1.686;2.273;-3.7;4.8;5.0;2.0;8.0;3.714;2.36;1.0;8.0;2.357;2.845;-5.0;1.412;5.0;0.1;1.473;4.95;-3.0;-9.0;5.196;1.5;2.0;7.0;6.028;-1.5;8.0;2.0;2.517;-3.0;3.0;-3.0;-3.9;2.443;-1.05;0.836
21;9;217;2.7;1382;1.0;-8.8;86;49;4;1.294;1.228;-0.066;387;429;20283;14;1.212;1.124;0.919;39.3;82.0;85.0;79.0;65.0;35.0;8.0;6.0;11.0;2.0;12.0;170.0;128.0;1.8;4.8;3.9;3.2;-3.7;2.0;8.0;5.0;4.0;2.0;6.292;12.873;24.768;84.333;2.082;82.0;86.0;7.254;69.0;16.155;40.0;7.667;1.528;6.0;9.0;6.714;2.812;3.0;11.0;6.357;2.79;2.0;11.0;8.505;15.443;24.292;3.3;1.5;1.8;4.8;3.114;1.438;1.0;4.8;2.186;1.692;-0.8;4.8;4.667;2.0;8.0;3.714;2.36;1.0;8.0;2.5;2.876;-5.0;1.434;7.5;2.5;1.473;6.25;4.0;7.0;4.726;0.5;1.0;-1.0;3.786;1.5;9.0;1.0;1.528;4.0;2.082;1.5;4.5;2.443;-0.75;0.825
22;8;225;2.83;1517;0.0;-17.0;90;55;6;1.137;1.242;0.105;391;437;20275;14;1.228;1.14;0.946;44.2;86.0;82.0;85.0;69.0;40.0;9.0;8.0;6.0;6.0;11.0;176.0;139.0;3.3;1.8;4.8;4.6;-0.8;4.0;2.0;8.0;4.0;3.0;6.245;13.248;24.509;86.0;4.0;82.0;90.0;7.458;69.0;15.984;43.0;8.333;0.577;8.0;9.0;7.0;2.828;3.0;11.0;6.143;2.507;2.0;11.0;8.505;17.024;25.506;2.433;0.777;1.8;3.3;2.771;1.305;1.0;4.8;2.4;1.459;0.5;4.8;4.0;2.0;6.0;4.0;2.517;1.0;8.0;2.714;3.024;-5.0;1.424;4.9;-2.6;1.473;6.2;4.0;0.0;4.041;4.0;-1.0;-2.0;1.528;-0.0;8.0;-1.0;0.577;4.0;4.0;-1.1;-2.6;2.259;0.2;0.814
23;5;230;2.96;1656;1.0;-21.9;93;62;7;1.337;1.256;-0.081;394;445;20270;14;1.242;1.156;0.988;54.0;90.0;86.0;82.0;69.0;43.0;8.0;9.0;8.0;3.0;3.0;179.0;142.0;2.2;3.3;1.8;1.0;1.0;6.0;4.0;2.0;1.0;2.0;6.245;13.062;24.953;89.667;3.512;86.0;93.0;6.733;73.0;15.672;46.0;7.333;2.082;5.0;9.0;7.286;2.43;4.0;11.0;6.286;2.367;2.0;11.0;6.557;17.024;26.124;3.067;0.777;2.2;3.7;3.157;1.072;1.8;4.8;2.593;1.438;0.5;4.8;5.667;4.0;7.0;4.857;2.34;2.0;8.0;3.071;3.222;-5.0;1.459;7.5;2.6;1.501;6.2;3.0;-1.0;0.577;3.5;-3.0;-2.0;2.0;-2.0;5.0;-3.0;2.082;3.0;3.512;1.5;2.6;1.501;0.2;0.805
24;4;234;3.09;1803;1.0;-27.4;105;79;17;1.36;1.263;-0.097;397;459;20266;14;1.256;1.173;1.019;56.5;93.0;90.0;86.0;73.0;46.0;5.0;8.0;9.0;4.0;6.0;183.0;148.0;3.7;2.2;3.3;2.4;0.5;7.0;6.0;4.0;2.0;1.0;7.45;13.448;25.135;96.0;7.937;90.0;105.0;8.619;79.0;16.33;49.0;5.667;2.082;4.0;8.0;7.286;2.43;4.0;11.0;6.143;2.445;2.0;11.0;4.509;15.296;26.412;3.667;1.45;2.2;5.1;3.543;1.229;1.8;5.1;2.921;1.449;0.8;5.1;10.0;6.0;17.0;7.0;4.83;2.0;17.0;4.214;4.854;-5.0;1.363;7.4;-0.1;1.473;7.45;12.0;9.0;4.933;7.5;-1.0;2.0;1.155;-2.0;4.0;-1.0;2.082;12.0;7.937;1.4;-0.1;1.473;1.45;0.796
25;9;243;3.22;1958;3.0;-31.2;106;94;16;1.382;1.274;-0.108;400;469;20257;14;1.263;1.187;1.05;63.9;105.0;93.0;90.0;79.0;50.0;4.0;5.0;8.0;11.0;7.0;194.0;155.0;5.1;3.7;2.2;3.9;0.9;17.0;7.0;6.0;5.0;1.0;8.68;15.008;25.956;101.333;7.234;93.0;106.0;9.607;82.0;16.518;49.0;6.0;2.646;4.0;9.0;7.0;2.0;4.0;9.0;6.286;2.555;2.0;11.0;6.658;15.065;27.152;5.933;2.747;3.7;9.0;4.271;2.415;1.8;9.0;3.5;2.065;0.8;9.0;13.333;7.0;17.0;8.571;5.769;2.0;17.0;5.286;5.676;-5.0;1.443;9.9;2.5;1.415;8.65;1.0;-11.0;5.859;6.5;5.0;6.0;4.163;2.0;9.0;5.0;2.646;1.0;7.234;3.9;2.5;1.415;2.65;0.792
26;3;246;3.35;2120;4.0;-34.6;108;110;16;1.405;1.287;-0.118;402;478;20254;14;1.274;1.196;1.087;68.8;106.0;105.0;93.0;85.0;49.0;9.0;4.0;5.0;6.0;7.0;200.0;162.0;9.0;5.1;3.7;4.8;0.8;16.0;17.0;7.0;8.0;-5.0;8.728;16.133;26.707;106.333;1.528;105.0;108.0;10.531;82.0;15.703;59.0;5.333;3.215;3.0;9.0;6.571;2.507;3.0;9.0;6.0;2.689;2.0;11.0;6.245;13.614;27.574;8.2;2.787;5.1;10.5;5.086;3.388;1.8;10.5;4.193;2.638;1.0;10.5;16.333;16.0;17.0;9.714;6.396;2.0;17.0;6.786;5.522;1.0;1.486;7.5;-2.4;1.415;8.7;2.0;1.0;6.083;1.5;-6.0;-11.0;5.508;-0.5;3.0;-6.0;3.215;2.0;1.528;1.5;-2.4;1.415;2.7;0.785
27;8;254;3.4;2285;6.0;-28.9;111;127;17;1.426;1.303;-0.123;404;486;20246;14;1.287;1.212;1.11;76.2;108.0;106.0;105.0;82.0;59.0;3.0;9.0;4.0;8.0;6.0;208.0;168.0;10.5;9.0;5.1;1.8;3.2;16.0;16.0;17.0;2.0;3.0;10.05;17.914;28.323;108.333;2.517;106.0;111.0;9.924;86.0;15.612;65.0;6.667;3.215;3.0;9.0;6.571;2.507;3.0;9.0;6.143;2.742;2.0;11.0;5.686;12.869;28.218;12.133;4.196;9.0;16.9;7.243;5.245;2.2;16.9;5.171;4.275;1.0;16.9;16.333;16.0;17.0;11.857;5.872;4.0;17.0;7.786;6.028;1.0;1.558;12.4;4.9;2.45;9.95;3.0;1.0;1.0;2.5;5.0;11.0;6.351;-0.5;8.0;5.0;3.215;3.0;2.517;6.4;4.9;2.45;3.95;0.777
28;3;257;3.61;2455;4.0;-28.2;107;140;12;1.446;1.32;-0.126;405;491;20243;14;1.303;1.228;1.124;81.2;111.0;108.0;106.0;86.0;65.0;8.0;3.0;9.0;9.0;2.0;217.0;170.0;16.9;10.5;9.0;3.3;3.2;17.0;16.0;16.0;4.0;4.0;7.159;17.595;28.754;108.667;2.082;107.0;111.0;8.03;90.0;15.039;69.0;4.667;2.887;3.0;8.0;5.714;2.563;3.0;9.0;6.214;2.636;3.0;11.0;5.686;12.107;27.988;12.767;3.585;10.5;16.9;8.329;5.077;2.2;16.9;5.721;4.491;1.0;16.9;15.0;12.0;17.0;13.0;4.761;6.0;17.0;8.357;6.021;1.0;1.616;0.0;-12.4;6.245;6.2;-4.0;-7.0;3.786;-0.5;-5.0;-10.0;6.083;0.0;3.0;-5.0;2.887;-4.0;2.082;-6.0;-12.4;6.245;0.2;0.767
29;5;262;3.74;2635;2.0;-35.0;119;163;23;1.47;1.329;-0.141;406;501;20238;14;1.32;1.242;1.14;88.6;107.0;111.0;108.0;90.0;69.0;3.0;8.0;3.0;8.0;6.0;225.0;176.0;10.9;16.9;10.5;2.2;4.6;12.0;17.0;16.0;6.0;4.0;1.443;15.755;28.829;112.333;6.11;107.0;119.0;7.767;93.0;15.542;69.0;5.333;2.517;3.0;8.0;5.286;2.36;3.0;9.0;6.143;2.656;3.0;11.0;4.041;11.886;27.597;11.733;4.805;7.4;16.9;9.071;4.361;3.7;16.9;5.921;4.5;1.0;16.9;17.333;12.0;23.0;15.429;4.928;7.0;23.0;9.714;7.021;1.0;1.474;2.5;2.5;6.558;1.25;12.0;16.0;8.021;4.0;2.0;7.0;5.132;-1.5;5.0;2.0;2.517;12.0;6.11;-3.5;2.5;6.558;-4.75;0.758
30;7;269;3.87;2818;1.0;-42.4;141;207;44;1.491;1.323;-0.168;407;522;20231;14;1.329;1.256;1.156;91.0;119.0;107.0;111.0;93.0;69.0;5.0;3.0;8.0;5.0;3.0;230.0;179.0;7.4;10.9;16.9;3.7;1.0;23.0;12.0;17.0;7.0;1.0;2.5;13.186;28.022;122.333;17.243;107.0;141.0;12.864;105.0;18.366;73.0;5.0;2.0;3.0;7.0;5.571;2.44;3.0;9.0;6.429;2.503;3.0;11.0;6.028;11.964;26.852;7.733;3.014;4.9;10.9;9.243;4.132;4.9;16.9;6.2;4.287;1.8;16.9;26.333;12.0;44.0;20.714;10.766;12.0;44.0;12.786;11.123;2.0;1.262;2.5;0.0;1.443;2.5;22.0;10.0;13.115;17.0;2.0;0.0;4.041;2.0;7.0;2.0;2.0;22.0;17.243;-2.5;1.0;1.803;-3.0;0.752
31;4;273;4.0;3004;-1.0;-52.8;103;212;5;1.511;1.341;-0.17;408;522;20227;14;1.323;1.263;1.173;98.4;141.0;119.0;107.0;105.0;73.0;7.0;5.0;3.0;4.0;4.0;234.0;183.0;4.9;7.4;10.9;5.1;2.4;44.0;23.0;12.0;17.0;2.0;1.473;9.588;26.764;121.0;19.079;103.0;141.0;13.113;103.0;16.79;79.0;5.333;1.528;4.0;7.0;5.571;2.44;3.0;9.0;6.429;2.503;3.0;11.0;5.568;11.161;25.434;4.1;3.764;0.0;7.4;8.514;5.276;0.0;16.9;6.029;4.494;0.0;16.9;24.0;5.0;44.0;19.0;12.302;5.0;44.0;13.0;10.926;2.0;1.728;0.1;-2.4;1.386;1.3;-38.0;-60.0;32.146;-8.0;-3.0;-5.0;2.887;-0.5;4.0;-3.0;1.528;-38.0;19.079;-4.9;-2.4;1.206;-3.7;0.756
32;8;281;4.13;3201;-1.0;-69.3;198;312;99;1.534;1.305;-0.229;408;566;20219;14;1.341;1.274;1.187;105.9;103.0;141.0;119.0;106.0;79.0;4.0;7.0;5.0;9.0;11.0;243.0;194.0;0.0;4.9;7.4;9.0;3.9;5.0;44.0;23.0;16.0;5.0;2.916;7.046;25.638;147.333;47.816;103.0;198.0;33.895;103.0;29.822;82.0;6.333;2.082;4.0;8.0;5.429;2.225;3.0;8.0;6.214;2.19;3.0;9.0;6.11;12.02;24.854;1.633;2.829;0.0;4.9;7.229;6.16;0.0;16.9;5.75;4.75;0.0;16.9;49.333;5.0;99.0;30.857;32.442;5.0;99.0;19.714;25.196;2.0;0.924;5.0;4.9;2.45;2.55;95.0;133.0;66.606;28.5;4.0;7.0;3.606;0.5;8.0;4.0;2.082;95.0;47.816;0.0;4.9;2.45;-2.45;0.746
33;11;292;4.26;3403;-1.0;-85.9;101;313;1;1.556;1.327;-0.229;408;563;20208;14;1.305;1.287;1.196;110.8;198.0;103.0;141.0;108.0;85.0;8.0;4.0;7.0;3.0;6.0;246.0;200.0;0.0;0.0;4.9;10.5;4.8;99.0;5.0;44.0;16.0;8.0;5.0;5.525;24.322;134.0;55.435;101.0;198.0;34.635;101.0;29.106;82.0;7.667;3.512;4.0;11.0;6.571;2.76;3.0;11.0;6.571;2.533;3.0;11.0;9.539;13.561;24.834;0.0;0.0;0.0;0.0;5.729;6.5;0.0;16.9;5.407;4.991;0.0;16.9;35.0;1.0;99.0;28.714;34.043;1.0;99.0;19.214;25.514;1.0;1.861;5.0;0.0;2.829;5.0;-97.0;-192.0;98.348;-1.0;3.0;-1.0;3.786;3.5;11.0;3.0;3.512;-97.0;55.435;0.0;0.0;2.829;-0.0;0.766
34;9;301;4.39;3504;-2.0;0.9;129;340;28;1.578;1.333;-0.245;407;571;20199;14;1.327;1.303;1.212;115.8;101.0;198.0;103.0;111.0;82.0;11.0;8.0;4.0;8.0;8.0;254.0;208.0;0.0;0.0;0.0;16.9;1.8;1.0;99.0;5.0;17.0;2.0;3.863;6.59;22.563;142.667;49.923;101.0;198.0;34.023;101.0;28.237;86.0;9.333;1.528;8.0;11.0;6.714;2.87;3.0;11.0;6.643;2.59;3.0;11.0;10.017;15.915;25.353;-0.467;0.808;-1.4;0.0;3.114;4.684;-1.4;10.9;5.179;5.236;-1.4;16.9;42.667;1.0;99.0;30.286;33.664;1.0;99.0;21.071;25.107;1.0;1.478;2.6;-2.4;1.386;3.8;28.0;125.0;97.449;-34.5;-2.0;-5.0;3.215;0.5;9.0;-2.0;1.528;28.0;49.923;-1.4;-1.4;0.808;-0.7;0.754
35;0;301;4.52;3601;-4.0;94.1;172;411;71;1.6;1.319;-0.281;407;598;20199;14;1.333;1.32;1.228;123.3;129.0;101.0;198.0;107.0;86.0;9.0;11.0;8.0;3.0;9.0;257.0;217.0;-1.4;0.0;0.0;10.9;3.3;28.0;1.0;99.0;12.0;4.0;2.55;6.952;20.746;134.0;35.763;101.0;172.0;36.055;101.0;30.89;90.0;6.667;5.859;0.0;11.0;6.286;3.638;0.0;11.0;6.0;3.038;0.0;11.0;5.196;15.649;25.353;-2.433;3.083;-5.9;0.0;0.714;4.32;-5.9;7.4;4.521;6.01;-5.9;16.9;33.333;1.0;71.0;38.714;35.65;1.0;99.0;25.857;27.84;1.0;1.123;2.5;-0.1;1.415;2.55;43.0;15.0;76.866;35.5;-9.0;-7.0;6.028;-5.5;0.0;-9.0;5.859;43.0;35.763;-4.5;-3.1;2.303;-2.95;0.75
