,temporal_0,temporal_1,temporal_2,temporal_3,temporal_4,temporal_5,temporal_6,temporal_7,temporal_8,temporal_9,temporal_10,temporal_11,temporal_12,temporal_13,temporal_14,temporal_15,temporal_16,temporal_17,temporal_18,temporal_19,temporal_20,temporal_21,temporal_22,temporal_23,temporal_24,temporal_25,temporal_26,temporal_27,temporal_28,temporal_29,temporal_30,temporal_31,AGE,MATI,JML_DEPLESI,STD_CUM_DEPLESI_%,PAKAN_STD_CUM_GR/EK,DELTA_PAKAN_ZAK,DELTA_PAKAN_CUM_GR/EKOR,DG_ACT,DELTA_ABW,DELTA_DG,FCR_STD,DELTA_FCR,IP_STD,IP_ACT,JUMLAH_AYAM_AKHIR,FCR_ACT_lag_1,FCR_ACT_lag_7,FCR_ACT_lag_14,PAKAN_ACT_GR/EK_lag_14,DG_ACT_lag_1,DG_ACT_lag_2,DG_ACT_lag_3,DG_ACT_lag_7,DG_ACT_lag_14,MATI_lag_1,MATI_lag_2,MATI_lag_3,MATI_lag_7,MATI_lag_14,JML_DEPLESI_lag_7,JML_DEPLESI_lag_14,DELTA_PAKAN_GR/EKOR_lag_1,DELTA_PAKAN_GR/EKOR_lag_2,DELTA_PAKAN_GR/EKOR_lag_3,DELTA_PAKAN_GR/EKOR_lag_7,DELTA_PAKAN_GR/EKOR_lag_14,DELTA_DG_lag_1,DELTA_DG_lag_2,DELTA_DG_lag_3,DELTA_DG_lag_7,DELTA_DG_lag_14,PAKAN_ACT_GR/EK_rolling_std_3,PAKAN_ACT_GR/EK_rolling_std_7,PAKAN_ACT_GR/EK_rolling_std_14,DG_ACT_rolling_mean_3,DG_ACT_rolling_std_3,DG_ACT_rolling_min_3,DG_ACT_rolling_max_3,DG_ACT_rolling_std_7,DG_ACT_rolling_min_7,DG_ACT_rolling_std_14,DG_ACT_rolling_min_14,MATI_rolling_mean_3,MATI_rolling_std_3,MATI_rolling_min_3,MATI_rolling_max_3,MATI_rolling_mean_7,MATI_rolling_std_7,MATI_rolling_min_7,MATI_rolling_max_7,MATI_rolling_mean_14,MATI_rolling_std_14,MATI_rolling_min_14,MATI_rolling_max_14,JML_DEPLESI_rolling_std_3,JML_DEPLESI_rolling_std_7,JML_DEPLESI_rolling_std_14,DELTA_PAKAN_GR/EKOR_rolling_mean_3,DELTA_PAKAN_GR/EKOR_rolling_std_3,DELTA_PAKAN_GR/EKOR_rolling_min_3,DELTA_PAKAN_GR/EKOR_rolling_max_3,DELTA_PAKAN_GR/EKOR_rolling_mean_7,DELTA_PAKAN_GR/EKOR_rolling_std_7,DELTA_PAKAN_GR/EKOR_rolling_min_7,DELTA_PAKAN_GR/EKOR_rolling_max_7,DELTA_PAKAN_GR/EKOR_rolling_mean_14,DELTA_PAKAN_GR/EKOR_rolling_std_14,DELTA_PAKAN_GR/EKOR_rolling_min_14,DELTA_PAKAN_GR/EKOR_rolling_max_14,DELTA_DG_rolling_mean_3,DELTA_DG_rolling_min_3,DELTA_DG_rolling_max_3,DELTA_DG_rolling_mean_7,DELTA_DG_rolling_std_7,DELTA_DG_rolling_min_7,DELTA_DG_rolling_max_7,DELTA_DG_rolling_mean_14,DELTA_DG_rolling_std_14,DELTA_DG_rolling_min_14,PAKAN_DG_RATIO,PAKAN_ACT_GR/EK_momentum_1,PAKAN_ACT_GR/EK_acceleration,PAKAN_ACT_GR/EK_volatility_3,PAKAN_ACT_GR/EK_trend_slope_3,DG_ACT_momentum_1,DG_ACT_acceleration,DG_ACT_volatility_3,DG_ACT_trend_slope_3,MATI_momentum_1,MATI_acceleration,MATI_volatility_3,MATI_trend_slope_3,JML_DEPLESI_momentum_1,JML_DEPLESI_acceleration,JML_DEPLESI_volatility_3,ABW_ACT_acceleration,ABW_ACT_volatility_3,DELTA_PAKAN_GR/EKOR_momentum_1,DELTA_PAKAN_GR/EKOR_acceleration,DELTA_PAKAN_GR/EKOR_volatility_3,DELTA_PAKAN_GR/EKOR_trend_slope_3,FEED_EFFICIENCY_lag_1,FCR_NEXT_1D,FCR_NEXT_3D
temporal_0,1.0,-0.006392439523212783,0.10178312622823403,0.27459727068447876,0.03369022921241655,0.10625263668295273,0.2303544659149076,0.2430315686924072,0.11512796744552056,0.09753660911018133,0.045446857648555654,0.19839846505231584,0.3089949777248377,0.20586698391888297,0.1902391068513104,0.11706884623881242,0.15664037650880636,0.21266229581372106,0.13982839670745384,0.2866016659787433,0.02142818231101612,0.3384362105660813,0.29650851785013366,0.023300731928706,0.08671874533580835,0.05671471804241486,0.19533751715833772,0.04377589043100485,0.3741796560048034,0.19408996025003286,0.16340081669383208,0.27228429436845686,0.1390294622372763,0.10438822371395279,0.12902957575620616,0.1402150451180845,0.1390294622372763,-0.09901719784665558,-0.18354104779625083,0.13322837346089156,-0.17944039925322655,-0.0063554619276732244,0.15332184609786925,0.12720158116995137,0.14851254116011656,0.07905860818920572,-0.28767197885527646,0.1725183686966101,0.17573956102429167,0.14758009292871724,0.10407881944045327,0.12060925818157273,0.10942869281781939,0.10551041227819742,0.11119520880344025,0.048116947464067195,0.05385326148978951,-0.034350659254513596,-0.03585963283213559,-0.11959591578586928,-0.09411282265497016,0.10842262059876477,0.06896306684848656,-0.16619213273088437,-0.17419064174947732,-0.22230777422883113,-0.15817430953667824,-0.0634019607023445,-0.05107677799782284,-0.07173274980257524,-0.14396825260958537,-0.1953758744347377,-0.1422482005836808,0.14524784120445386,0.1383482939951838,0.12013670239093747,0.12469734304760188,0.29892088868078265,0.09048678291118907,0.15507213364773692,0.3374168498580017,0.08393547243398239,0.2774453987833748,0.03182274903055733,0.03593431326249991,-0.005890444581052481,0.08009859934643587,0.0259651656852134,0.01402612629642192,-0.017248090344758316,0.03518394451195451,0.026253997678016425,-0.030090547735204948,-0.023901869007092073,-0.01900431247673495,0.018439435238244158,0.07355349660559324,0.021430129924680255,0.15165730702392569,-0.17347351616036316,0.14084851908303908,-0.18654925547349593,-0.144321853008468,-0.22586754656010385,0.17518058550513002,-0.22774109503151854,-0.2344194071277302,-0.21252879312208053,0.185975990436423,-0.23914861906528145,-0.10360883441928524,-0.04553479233252506,-0.1842187679357862,0.1186337842490324,-0.18265000427335953,0.30544058150041786,-0.265758267016957,0.03987694695552867,-0.19886216464627748,0.28969760431122793,-0.276767712827102,-0.014217032170522196,0.16063537671358782,0.06063118120763294,0.19160034334138318,0.1258309256119687,0.027272819071216533,0.015965986576929908,0.33508082244849613,0.019487331686413357,0.025601720141989345,-0.034169318478521685,-0.029358710313702654,0.12385299602631242,0.09692616075471448,0.04332404306048752,-0.024797867207035335,0.04295908005276035,0.25674912127809485,0.0884921587498107,0.04616592508477671,0.1828022477728253,0.0691542891508513,-0.17273183018706925,0.10617552569156406,0.10250069393750896
temporal_1,-0.006392439523212783,1.0,0.042059302552949825,0.02548521752392354,-0.05686466033906995,0.009047121087372404,0.08932378775479835,-0.049940055220024676,0.03975465520083496,0.018387671676550175,0.08629968078441061,0.0359287568572281,-0.09584277248724195,0.010199719507736954,-0.032770578401005945,0.0764316149703284,-0.002561256096075483,-0.05426308445379721,0.1448349093306763,0.09969766647766606,-0.022395022181463567,-0.08062707155521608,-0.09169339679914548,0.125190996023407,0.19114594978065447,0.36264686394676793,-0.0016987834543175104,0.06984991318626105,-0.01439748049448814,0.23415840758310458,-0.08169072808048626,0.00814707187390952,-0.08784405040339668,0.018684243972311956,-0.060653367670057655,-0.08938334187349312,-0.08784405040339668,0.06662386739801686,0.2147520770487009,-0.08071377523155722,0.14340024526838344,0.06249250341644156,-0.07687391885397678,0.02095362940039452,-0.09180182839365107,-0.0578423127931767,0.12080791204297389,-0.07466784358352276,-0.09679143209447574,-0.08887353024332598,-0.037100209148633496,-0.10684162728619019,-0.09841479760999292,-0.09958387880785403,-0.07739378590931681,-0.0572214715900982,0.1238745598213017,-0.059623699223433115,0.11907191126264523,0.09323939404998666,0.06163512195411039,-0.08925731203516254,-0.07305753730536764,0.1276107802534003,0.13352563158664052,0.12922641945647062,0.2675499317731827,0.1949778573448355,0.0010287435754698549,-0.021344246087874056,-0.0048802100162120944,0.20411081438001172,0.11340978441825131,-0.11505148852976493,-0.1368057620261199,-0.09630596587377412,-0.09735584569947453,-0.019271215899300295,-0.09732055552273668,-0.08705565505192696,-0.045117336290812084,-0.0965285661648152,-0.08824991900400034,-0.044774542184784404,0.032609949796578795,-0.01337195665784234,0.05018754288942608,0.023239280493161308,0.06204523314784464,0.11673131652041512,0.025478131252238755,0.10085579458119898,0.06142198395062761,0.0749424043896473,0.024975434509218127,0.03326938987162204,0.08760141441867826,0.03770931090838812,-0.04944726376200951,0.13482581783319647,-0.10589738891132379,0.12683094286403834,0.12109129591180794,0.2004571572793553,-0.09437316148566308,0.16960653764308387,0.21926865429347484,0.2444657444773197,-0.11282558233540745,0.20212968016487767,0.22731196234967785,0.022892130134522702,0.08046897899569289,-0.0031833885408779753,0.05836274629126268,-0.021524994160437936,0.06514237517384962,0.08338633345908868,0.15251173105396498,-0.005141904794559078,0.07089475300010949,-0.06526170497091867,-0.09413077573612437,-0.03067729085505234,-0.14235477513209246,-0.10652136932034227,0.08803220837484559,0.04985613033915197,-0.07359066905175182,0.07702408215989838,-0.1287527107575423,-0.16976883392120182,-0.04134394533541375,0.054795808819178164,0.01894072126185574,-0.12372834461858652,-0.04133786915415107,0.08040738778170793,-0.009034278473480036,-0.03969137549020358,-0.004912304078748382,-0.12663280871986182,-0.0776689900518087,0.07465183318744166,0.03756160701643139,0.030550283683117692
temporal_2,0.10178312622823403,0.042059302552949825,1.0,0.27009194268271947,0.2094600409207133,0.3366746052388368,0.13183185694075017,0.4093419985866745,0.3725392449675371,0.14138101930325947,0.41042478441197466,0.4013706532474726,0.3421821016428033,0.3785188306407856,0.4112503093658295,0.3116849026117141,0.37427992568179486,0.15119403444992113,0.13345202071436543,0.3142247671127708,0.307999346197709,0.35409444064800094,0.2854695480710495,0.28572392828559523,0.4157805736388853,0.13968473689631955,0.33271411566870546,0.1467661539355901,0.337080484928924,0.25960388623173974,0.5453015840892265,0.16514648213744276,0.2751648349698514,0.029300730896711435,0.19934267106085762,0.27527202773946896,0.2751648349698514,-0.22015022458716324,-0.279685941467084,0.1920570736735509,-0.13886990343981598,-0.02738268332100461,0.27847280384025097,0.035137364539477,0.28288392060579076,0.1283557167267109,-0.16698322759151907,0.30042806848412784,0.3181628389294097,0.3981468923142225,0.3834207863586756,0.21148936254155026,0.22289299390421274,0.21217675108827802,0.2566097719552309,0.2340680776775826,-0.02397383427400829,-0.03866222072659516,-0.11014395787802375,-0.1576924970511448,-0.1519584546795863,0.25048058686109925,0.28993159128821,-0.11039500442946126,-0.07444997320527878,-0.05917112610397677,0.005318598873959574,0.0462346365854938,-0.018195206573714696,-0.00024573839213799776,-0.06646005842630442,-0.1610438677326951,-0.23280462012448427,0.015702989535639734,0.05031857823550463,0.155909911979001,0.2214258978647939,0.0767607147270952,0.20680380474603727,0.21767082070991875,0.09384212272335708,0.23418382289488412,0.07747525780191383,0.26288464944872825,-0.005361266527475524,0.04491456284178588,-0.02042077017654698,0.002016418983019949,-0.05037659070048624,0.015878755599520834,-0.025001109188455533,-0.022873258584814586,-0.1159463757619031,-0.0706117917239042,0.021398612293424,-0.05924343515260887,0.020080935204698603,-0.05959204295609357,0.0072943180618322044,-0.1640830296171486,0.3313235198693371,-0.21494989821033217,-0.0844075236163031,-0.13709065457100034,0.45020796674055974,-0.23202700723058,0.053954827492099455,-0.14678780791163284,0.4303836452321388,-0.2663867458181102,0.10638460476281533,0.003358159589521915,-0.07365781143453773,0.03216457210609256,-0.03643289776038557,0.13475597808365525,-0.04102386555452915,0.04846133693127423,-0.13505848247866964,0.11648234895882875,-0.0623486374627534,0.20147094702653312,-0.07939297516555721,-0.011632669164225756,0.26183350172707276,-0.12054016489927988,-0.05872113470842,-0.009113153826802067,0.09593686652073596,-0.09319626514816086,0.03135369078081737,0.008571721067227797,0.07785787840711987,0.06090369028111156,0.03154837179797711,0.009668055654299849,0.053553294436137155,-0.05579467099691325,0.06795383279271763,-0.12188666357582563,-0.02894809917191188,0.2925423973223955,-0.1439729156587252,-0.3003317438362712,0.10063770976292587,0.11196631927892395
temporal_3,0.27459727068447876,0.02548521752392354,0.27009194268271947,1.0,0.03861962121254139,0.008012530584961234,0.14116094503557688,0.11233075182822387,0.12871436851842658,0.03220024360521961,0.05595431930629866,0.358090201509843,0.20670458697117192,0.17346587838391117,0.21032728570647982,0.2518299547237464,0.1228988569267411,0.20366484104579707,0.0547688999598207,0.30605383585313106,0.043575440165614855,0.2346532062488305,0.2480323414902854,0.0035910160010052764,0.26123509787420723,0.01787151105367744,0.10991529365620742,-0.009896127554609377,0.0811890285912151,0.03403322585182551,0.24256180058298896,0.22594427175398527,0.11558841359912328,0.022504564541050515,0.10119607517469022,0.11552409793735272,0.11558841359912328,-0.21712019384938921,-0.20141101489130356,0.0828281843303075,-0.23732457812710392,-0.032336450537047194,0.13438573767926834,0.1356490280105448,0.12004199400705214,-0.02891076605180219,-0.284586624548177,0.16422414976178804,0.18826714515018328,0.13618901234180095,0.12421359889853863,0.07460982568043004,0.06630255207907237,0.020958723997245937,0.07107046258338402,0.022918403557675483,-0.06115924455338506,-0.03213941884821839,-0.03648000039508827,-0.04714790414565453,0.004002313882950751,0.12033526794675035,0.02973970166654161,-0.26203666484721255,-0.20863739792813943,-0.14894151092911243,-0.15535401143342878,0.09736384984466517,-0.056989312764509095,-0.09593649831101018,-0.26206721480210393,-0.2282279975012356,-0.051994873744592114,0.031214022773456793,0.05302846575878443,0.0018998275462021007,0.0805033344211255,0.2870819273836636,0.0375481655082502,0.11608602680891289,0.26900051913750933,0.05101991482831457,0.18508084967664587,-0.0017058363144007106,-0.015114334253737725,0.10584446113970862,-0.04530394342704465,0.020524245480386255,0.007073401030576634,0.09897358427331088,-0.010414844871314517,0.06415281035820261,0.05533192226098557,0.16613933302048808,0.036448990967991146,0.1715357087572213,-0.0017417258729111843,0.0158850381491946,0.16483842528803747,-0.24161806424998464,0.2170211535559205,-0.26248413861443576,-0.2066099921140454,-0.24347285556718923,0.26967216589075244,-0.27911746285066175,-0.14256872314246663,-0.22836210927596814,0.27072726128533864,-0.25123381997085303,-0.06725240344379206,-0.06706817626296295,-0.21298837283474958,0.05966066526889298,-0.19014868164523868,0.2946579535394306,-0.2379031704205185,0.05886416395794326,-0.23435350616475586,0.2699206867008854,-0.24154527387797214,0.0012835430072980802,0.0998249773068798,0.1675519236965263,0.19854138680837918,-0.001023493155977295,0.012395835312840301,-0.02797079557928807,0.2608964709259218,0.04572384602779503,0.046234844066044126,0.008733260887356504,0.16862728731492654,0.012364447538156388,0.019075203209203046,0.002470702316340608,0.12087857190621411,0.008973440834854868,0.2520353864798227,0.041346136795599946,0.14828092632441175,0.20841776459730035,-0.04032235442268172,-0.16435034262709605,0.06541278870135697,0.07376440513951404
temporal_4,0.03369022921241655,-0.05686466033906995,0.2094600409207133,0.03861962121254139,1.0,0.14864360857945946,0.16188463720688281,0.29588736512701,0.3346192818349672,0.3067553280006481,0.35637718718836137,0.39000549206429247,0.2587438245850949,0.1717439910726516,0.1613388774112547,0.34021220195795593,0.3416875739196109,0.1894832924320923,0.01972238974517757,0.04715078281143184,0.1594596608157588,0.23107210388052465,0.055376825495256625,0.25963231984566987,0.33827311717850483,0.20025167910125197,0.2335673846084194,0.25636119159458826,0.3018956351100431,0.08410445627828357,0.43777031422928075,0.20457148030484165,0.3191770823064859,-0.011673041450082945,0.3129621563954906,0.31949437332948505,0.3191770823064859,0.007422573198167918,-0.1852637627256078,0.3139359527355483,0.0068848840630477024,0.060913631846602784,0.3124292884220949,0.0245421716536325,0.321626455086093,0.26780246777065475,-0.12256514561290682,0.32298950159917345,0.34604454059141626,0.3801350737696239,0.3987447688126152,0.29506057089835375,0.32659347886972856,0.30839211451965165,0.2915053606413242,0.24104691155796004,-0.07485843765320052,-0.001835829718384274,-0.05959701815341796,-0.1129934673766755,-0.20555927270228497,0.3230752359711809,0.35165483053317964,0.04147641367969611,0.013419091406421932,0.10644011250238039,0.0713571733994982,0.017840621803375065,0.04613979075354289,0.16365665953613512,0.05389247596633065,-0.13008836861366005,-0.27274116872098725,0.09768751739573174,0.15925458631727823,0.2762526672267052,0.3284530463613583,0.08205374460215836,0.3102709507315815,0.32412022013568836,0.14788480657583933,0.30588670690316505,0.23226629259503864,0.2970471643822975,-0.031530977594672605,0.12144741517208389,-0.06103953756357707,0.020939571954059988,0.00899043332973339,0.12633563083622285,-0.03965034801987965,0.059294159972246116,-0.06704086403104362,0.03759113095673643,-0.07942297916482463,0.010664616619662616,-0.04761193182125034,0.05305266998837806,0.1507879102343151,0.05115879784153365,0.09177919586502306,0.006050313728551991,0.07318229681736461,0.07245561958566538,0.18340713096567618,-0.01192931346717463,0.1460934753614692,0.0463990028683117,0.2228622440397364,-0.09919041968675782,0.17589522991508835,0.14460038954719653,0.009433858318221185,0.20925325710471374,0.06410767668304415,0.14614947693176158,-0.038801456212179654,0.17027708421251067,-0.042720791490770564,0.10694929914179166,-0.0882015722229884,0.21887919653515428,0.08444417695230916,0.0036003883974648873,0.08920394786517957,0.1129389082688761,0.06946440758736204,0.07576310270505304,0.12486843430818488,-0.06325814379037492,0.04936090372503553,0.09876978339444216,0.19926540917395744,-0.014568313383302585,-0.014822462660520291,0.04175279210511636,0.13739514669622274,0.07024948517993038,0.13222530234370303,0.006916387792293431,-0.0011825111910990851,0.11810387464475244,0.021182487143126396,-0.3232568111810292,0.1007400759210245,0.12373589637122509
temporal_5,0.10625263668295273,0.009047121087372404,0.3366746052388368,0.008012530584961234,0.14864360857945946,1.0,0.18878055616722375,0.3965623285853324,0.19892461958429225,0.2105506133312173,0.24411672773554308,0.17072382659625418,0.20579653746001128,0.39764373780807205,0.41554982345616115,-0.0687568914624191,0.32076005750965286,0.3098400504982322,0.15252916953745563,0.1701456974194265,0.2536872954765419,0.20367436575327624,0.21765300715476163,0.2935605874371284,0.24991582385785294,0.14972826271012168,0.3330609783718444,0.118893224767794,0.25970593861892166,0.25355288510127666,0.3262621097184634,0.09645879441993402,0.31078914191183654,0.0414843377400263,0.16073517559159384,0.3114387683772721,0.31078914191183654,-0.14519850985955168,-0.2587836360915269,0.2587752214440345,-0.047423759343968364,0.026766640139275127,0.3123049369978527,0.004156246838254489,0.3247814234874284,0.22386965001954462,0.046823087839507775,0.31928716170396376,0.32190683805374676,0.3328399609465118,0.2976040662368104,0.2942469600973312,0.28754514217262395,0.2815099457075687,0.36320016374121933,0.31370447953750213,0.06526714346333097,-0.020468335535785663,-0.08124243262923585,-0.24766238906432447,-0.36034308893689393,0.20884927590922753,0.23600487290531486,-0.07281002044188009,-0.05995141504496202,-0.09772318805136784,-0.10714385246834708,-0.22731452865649643,0.10736632533658438,0.06398676398335437,-0.026247027555228584,-0.08516204575493362,-0.2639132740479428,-0.03589426908572074,0.06301483539327332,0.19847567862236046,0.2851792958265022,0.007989542831255305,0.2950042969600158,0.26178800228641796,-0.02301562847591198,0.350245747874116,0.04163933322079149,0.38974369244751533,0.02075412012115006,-0.0054083191470548075,0.05657488545849455,0.011212913317289979,-0.09780934765028221,-0.19335721726410446,0.015153141167287245,-0.1495266893973737,-0.2406923528702133,-0.26584172087311736,-0.10431252047968254,-0.23751007740542826,0.02139547430833977,-0.1404787131891572,-0.05187792986322537,-0.10942531269412142,0.1225035580388332,-0.12427793766434854,-0.06209582321752265,-0.12771827379208517,0.11977363060306558,-0.10805681451358562,-0.14718378899791026,-0.11880335987005759,0.11970223727706825,-0.1230380848470535,-0.14012177831809416,0.09258495675180217,0.05261172742284164,0.07079654337687864,0.0608558574820065,0.11255104372858038,0.02540794080061433,0.0022078236018932946,-0.049193171543146307,0.08385923530243428,-0.04130153493719646,0.22936065688667664,-0.09680343178979106,-0.05736028423096853,0.11779360294839844,-0.07667295902890714,-0.12613955077358688,-0.018755693918609314,0.09540650374101799,-0.16312643707798824,-0.01662005742978327,-0.03606364960557235,-0.04335556423170226,0.06458552176332413,0.04208180319600883,-0.004586897976796611,-0.031071848197857153,-0.08937864442651137,0.017537471872000634,-0.10080428401876602,-0.04845110139997496,0.13549117547463946,-0.11728804338585418,-0.3190629977695227,0.08184744512307493,0.08134206021089214
temporal_6,0.2303544659149076,0.08932378775479835,0.13183185694075017,0.14116094503557688,0.16188463720688281,0.18878055616722375,1.0,0.1570512055371063,0.17402610761695222,0.047692246237389574,0.09319875380374532,0.23190890676008305,0.15173792168411268,0.09034419255920693,0.2977863409374055,0.09289735410956415,0.11902680305974253,0.2928901514691876,0.08070624284639671,0.26898694655774813,0.0748779019459521,0.19242218768605424,0.172534329579312,0.041021600276791116,0.27786375647378597,0.10115504308362491,0.14621617891303282,0.06895147986824138,0.1819974348217048,0.18292074799782598,0.14571081123069424,0.0588688708418216,0.06822746369335432,0.14213039207056757,0.03750329369348404,0.06633870078551947,0.06822746369335432,-0.10737812159960844,-0.07185034166748984,0.038588808997860935,-0.06524785761185502,0.05421550726591912,0.07177559378696009,0.06891265130636676,0.076576765363567,0.0053791989063218006,-0.15331404835201629,0.08925404247940438,0.10246737133883721,0.16995147512155467,0.16300416601758633,0.008662187897281518,0.01939944284065646,-0.011458598897810595,0.08575832198243592,0.1371278405458113,0.13308881294142946,0.15303929302794178,0.11226160871074946,0.027561645502545962,-0.13427712083391738,0.010689150535478415,0.06943404117621263,-0.10334554992608051,-0.15239626502458886,-0.14975820254698943,0.05084798782720536,-0.02985329224064735,-0.0006657511362648069,0.06212207398914763,-0.0683800370617701,0.05751199665890345,-0.06654574160903959,0.0012061728195752663,-0.06710818831518373,-0.06552831802437685,0.029269693024802604,0.17158118396684355,-0.002971570903295705,0.05528784958228009,0.07314639055041122,0.011420505590947583,0.008107407654518898,0.12316542825954879,0.16400162666675702,0.06827038778990745,0.1563740175233518,0.16336901603256154,0.181636860544336,0.05236729419844591,0.17015144311050065,0.14894831476936946,0.08585508995396175,-0.020253980810618154,0.10091276345819997,0.04393154099134528,0.1277915114976331,0.03483958735109561,-0.0030865156514978584,-0.12146862749051354,0.008545862944532813,-0.1122327452039057,-0.14667130631358044,-0.136241155352982,0.14869454523106374,-0.11740525379223604,-0.1203562367515526,-0.08359683056846866,0.18996926683144305,-0.10678743078232111,-0.019085127856052018,0.06488831673291656,-0.06426479611908531,0.14278650479371613,0.006378090371458284,0.266823303443465,-0.12002607683480124,0.1523812639303746,-0.051105350677807575,0.2395320627128748,-0.13784386438335408,0.03734946360976966,0.04927330956847405,0.09582848569106003,0.058231663735949395,0.010934993956793834,0.06494715391930458,0.11613960589089588,0.1586287265095482,-0.0489506949655433,-0.060561981621817355,0.042150684438623076,0.0283206588513122,-0.08993742405514896,0.13131952036417602,-0.0376142467616209,0.08195588101263981,0.10311613004570436,0.15541944906199828,0.02886266553185677,0.08462672153587353,0.05486919674381441,0.015201465107122707,-0.08914025090618485,0.15558225421786936,0.15633515608345394
temporal_7,0.2430315686924072,-0.049940055220024676,0.4093419985866745,0.11233075182822387,0.29588736512701,0.3965623285853324,0.1570512055371063,1.0,0.45568165242907377,0.3793073628589183,0.36464062437342837,0.3533116186708955,0.34760918566648613,0.41623016174877675,0.32635818295386243,0.07839174418909811,0.4119920220732232,0.2597638054281808,0.18637556050584234,0.21788843912330966,0.28812802545124755,0.2796006766177243,0.34032261594694563,0.3738356021181209,0.37672027592142354,0.14818795422441813,0.43409280734675376,0.27183002108276777,0.36875155281033467,0.22196035923628998,0.4993798057127179,0.23401831813046767,0.4898682007669988,0.05181035724491966,0.3928480386175098,0.4897995973944435,0.4898682007669988,-0.037730715984371686,-0.3833149074725535,0.44380423183622714,-0.007931138841931753,0.04318068895188572,0.4905156450954892,-0.045732934688027665,0.5125669205568142,0.4565063152618486,-0.12846557299647787,0.45978941608414503,0.5085488960369279,0.4939615580506134,0.4801940632021111,0.5108974868658314,0.5256146380418126,0.4913034013918605,0.535759072086318,0.3987371789738736,0.046196687817695675,-0.04399168312516545,-0.15506392439866995,-0.3673123042323992,-0.36238767115843257,0.4803030772543928,0.4725380143546825,-0.05352252341313752,0.0064834045564143095,0.0013362736940679236,-0.14389311059630608,-0.16912480528142965,0.17088146238126997,0.17167192066626183,-0.03583662405417184,-0.2431298024404988,-0.3804814155615919,0.14760941808171307,0.3106848163646324,0.44468752544189394,0.502411894356165,0.14959359596971783,0.506639046836439,0.4892498163041884,0.21655457687079183,0.534697983011159,0.35117623616618093,0.49969640970687934,0.02105675937791838,0.09687098602927556,0.019193434294278985,0.05245748602113038,-0.11993019563842545,-0.14086239740399564,-0.06336062729869711,-0.14463311238396664,-0.25237917680574967,-0.25255093060658385,-0.14743760998245029,-0.19100944952558488,0.0326737579185643,-0.10559850212185388,0.11054364346307649,-0.039214634354045874,0.18064258249673948,-0.052379779398234586,-0.003142403685424627,-0.05481544378318762,0.2058335186784667,-0.0690148505773003,-0.009433950087577764,-0.08238577082758464,0.24143687066901015,-0.18011267203656367,0.014842152415152339,0.1578728544392966,0.011322531100593102,0.26742639615226094,0.001613921476307244,0.22160330615742788,-0.0751783122171741,0.08540169046235553,-0.07679972835942549,0.14407450293558535,-0.15298336097953766,0.36293272894876016,0.12514334956483134,0.09214302505721957,0.1746397312589114,0.10392619933145997,-0.16167508880661255,-0.007232856211662631,0.2306981620661099,-0.24323739310209655,0.0031562223337165307,-0.047458928521027614,0.058896232771921464,0.07126080523979535,0.0409684770962835,-0.015094593221153528,0.13645513689721173,-0.11921765165817058,0.12259434283183235,0.007828222430922613,0.09450653310301191,0.1283836453377171,-0.04407260532150641,-0.45975029737699374,0.11257186498840141,0.12498699095544286
temporal_8,0.11512796744552056,0.03975465520083496,0.3725392449675371,0.12871436851842658,0.3346192818349672,0.19892461958429225,0.17402610761695222,0.45568165242907377,1.0,0.3641680702009177,0.48516433428243105,0.3369452238030374,0.2640761562736557,0.2534764987846205,0.24870877275421824,0.18665575955198468,0.3510099390642163,0.14250749827398823,0.10632395402631406,0.22146018535561526,0.22421346025949448,0.22013609753852323,0.13748866804153637,0.21547320714035956,0.29592243468175394,0.15262615992380965,0.15884765575077,0.26457396917890347,0.30188546980751363,0.17562940488564643,0.3642878112213314,0.11756921582642654,0.317970345609229,0.009448420164243264,0.2924507949632542,0.3167033243573808,0.317970345609229,0.027158930878484762,-0.12355223519984959,0.31427406892715914,0.09324957906848391,0.16566003462317105,0.3087538915285262,-0.015405266175416064,0.33084046040575393,0.3111844751516851,-0.0409576300300985,0.31500903790145407,0.34469249300654226,0.3535408565723517,0.3933609458775211,0.3311203288717677,0.33751293732684523,0.33181331972540024,0.35121592595493295,0.2515301158480346,-0.0701995078668239,0.01889194946520908,-0.13423243053237757,-0.2098624694488473,-0.25605473293744213,0.3314079797195247,0.31993351614753457,0.12577215878178494,0.08635573174588455,0.07679452113134268,0.12110234921347278,0.07491477710687092,0.1651285615095121,0.16100085554349047,0.08631587231424256,-0.12021014514494589,-0.2116837921996281,-0.0002992626526171058,0.13811900036397032,0.27376164173206596,0.3351314448103602,0.10768520044958654,0.32654817359780197,0.33059749596668053,0.17023788373689006,0.34526122243416113,0.25460915019415276,0.3563908214945583,-0.012262158774299122,0.08283922629961815,-0.03516180191250493,0.019545175212456477,-0.08465896459841184,0.0019280157457681041,-0.08957812599786313,-0.06488969807412419,-0.161602026664396,-0.08201527699484873,-0.10989648270209629,-0.10964336913172876,-0.040545631403910064,-0.09242682990763346,0.08284645770044967,0.11240481307185247,0.027409041170761803,0.08350881021996683,0.10277312966672582,0.1410393439822649,0.10159556412339202,0.07906023004866299,0.1685525709445281,0.14226215961283956,0.16078769719224956,-0.019027396762024935,0.23549596902794054,0.21550004221651156,0.08174775360296295,0.2662836751750207,0.10920716023664902,0.1578662579027503,0.010492890489196476,0.1843819511507484,0.06718173953747036,0.08976074940293127,-0.04283212040632214,0.18135815855371698,-0.057501700363810394,-0.06113686651118887,0.0076534644228560805,0.06884617634724659,-0.011959100842347914,0.005684928445305855,0.10874953539029925,-0.06596714837679109,0.05617248443257032,0.12095720162062804,0.05864123401334964,-0.029872763207115238,-0.00077216406436765,0.08531421971677652,0.0923356882153771,-0.01605073776470301,0.1381442734725753,-0.09884421389832328,-0.08349374476684135,-0.012360554351264584,0.006218271788685471,-0.31495743136908666,0.11095625982192261,0.12543735176473184
temporal_9,0.09753660911018133,0.018387671676550175,0.14138101930325947,0.03220024360521961,0.3067553280006481,0.2105506133312173,0.047692246237389574,0.3793073628589183,0.3641680702009177,1.0,0.3150869186768338,0.3325707022951229,0.24141282450728135,0.3592722271388521,0.028867431685399576,0.05097018256346456,0.3657955081502289,0.16384979708159964,0.11901219908831634,0.04883782437712667,0.2641683738963044,0.21850558621012892,0.14625909272216114,0.24762662465978896,0.28696185177626377,0.1187353467242059,0.2192846476963615,0.14341842218725345,0.3413846294718033,0.08246532268509355,0.3526600342453467,0.1799785781696831,0.34418866658401304,-0.02914659816596207,0.2558828623515648,0.34375131974927875,0.34418866658401304,0.03479124720063723,-0.1676296356695006,0.36501637327553094,0.08564001548240761,0.10253673490491462,0.348767945206525,0.030961181829147293,0.35544804111929024,0.3802970384957326,0.06473918811462229,0.3404831957127438,0.3490172500526545,0.3193856288659922,0.3149653033106124,0.3885152106801533,0.4109948903503805,0.34918092246436394,0.36965785175582616,0.269257522206513,-0.10234525478333739,-0.07679385446978698,-0.23977545458303431,-0.2780008456207099,-0.30527511334068524,0.3175481195873883,0.31933387424435444,0.08121227486489328,0.07381242628149322,0.16018436304062209,0.101911011553479,-0.09559766258679749,0.16077869965574437,0.21450095127513305,-0.08963315663249923,-0.12807551707059683,-0.24839148574222214,0.0989732939707335,0.16832761241601307,0.3548328799110787,0.39221207586264084,-0.007324884265847366,0.4087946476456171,0.3781346113752508,0.1303985694938659,0.40280081062109496,0.25069871690171447,0.3596765675439876,-0.0829733724919107,0.059840270075089096,-0.07862257203946105,-0.05738168964946871,-0.20571382386104395,-0.10997388807626612,-0.16688454464615224,-0.1912028760634233,-0.310324324080961,-0.17373708061027363,-0.23941097407405165,-0.22471766328208495,-0.09247555831704372,-0.1283389159706108,0.019491528666499038,0.07427586677513856,0.06422971520168673,0.06046154690889844,0.088727296195764,0.11855051568461947,-0.014206539023407728,0.1004507929492867,0.14506293809675028,0.13514485900602852,-0.02796551485240187,0.04012297361066469,0.14657338983479987,0.22378049656175983,0.14747026453248538,0.21162605589298103,0.06353461198695,0.03394732523372541,0.015391375313323786,0.058079069007205344,0.016976830496794482,-0.006390466095678249,-0.03947460096709775,0.21001946438458025,0.02001933955265342,-0.015870641597346906,0.0901078090279168,0.10256534578662821,-0.05330254633692871,-0.008392554314649097,0.039604136423159374,-0.11995917573640433,0.09501051291567826,0.07970973674048856,0.024767448151095228,0.049805745457065204,-0.0380163731465718,0.10346206218291697,0.07033347856798784,-0.06211689633092893,0.03646854274595209,-0.052882521267320896,-0.04229841522458262,0.07516069611987078,-0.02032924447367333,-0.34082750089159913,0.053073407413670094,0.07485596761428348
temporal_10,0.045446857648555654,0.08629968078441061,0.41042478441197466,0.05595431930629866,0.35637718718836137,0.24411672773554308,0.09319875380374532,0.36464062437342837,0.48516433428243105,0.3150869186768338,1.0,0.35752210980717414,0.21336273858862984,0.28901193628065797,0.2543646416957734,0.3326235736939699,0.4254117914277884,0.22122439531821628,-0.05326274155128174,0.21295315883031862,0.08431071116745124,0.3059322143178227,0.010896719474293182,0.2895860520031637,0.34904193956838925,0.31912171161483466,0.21640826557030873,0.2870888677564787,0.20040782780529448,0.20680425852748052,0.4277703842259347,0.13311464590483152,0.30770937258538045,0.07691977020003479,0.34674062606270073,0.30701690718766417,0.30770937258538045,0.01483736189034654,-0.1865609745111797,0.29171677575276034,0.049411698322388314,0.13932711050232494,0.2924708461241816,-0.03891293109038403,0.3194812137226187,0.25924534162588975,-0.06344022683779557,0.3045312144290215,0.31911699131078614,0.34803417317345603,0.38557414554950864,0.27527771195396483,0.31809885239607205,0.291375440037781,0.3246165725540366,0.3224707916484253,0.10339821945871083,0.09873432565407303,0.04672958939079718,-0.11088217449097738,-0.20760200225899078,0.34926248219647166,0.38869140383504264,0.05130377015159429,0.011626027282455325,0.03323069981951051,0.07831842963946682,0.0026694814932407746,0.052296852583291885,0.16826856553158837,0.0355745780825389,-0.07846022101123805,-0.2351884637349272,0.0942204773756745,0.15537966326271996,0.24253007018452363,0.30643791530245273,0.11913554979702598,0.28589326797860865,0.31787377332419947,0.1507479561190886,0.30320509816081587,0.16905783735972163,0.3698958787048906,0.11924616765260951,0.17550939707233496,0.07255516588342677,0.14555995613227207,0.07801506379855949,0.11439501615967787,0.07057529220286418,0.0703708970844752,-0.018127598967364142,0.0068973782341086,0.05180567096468478,0.010981353117280488,0.11966378780590271,0.13219924587250245,0.191934456660848,0.03438746067724801,0.15791026928706287,-0.010686721454544397,0.07810960074632109,0.062115163077624436,0.23043658481857238,-0.029762424745216298,0.18140929304730194,0.0676925434905311,0.25614585514382293,-0.10528424837600732,0.19457871249445677,0.17625597422700098,0.04499625061210211,0.23397782478424822,0.1091825278515696,0.13644805663986573,0.036369901892227254,0.1908073395056032,0.06295605546433258,0.11463679788021847,-0.004439908423608545,0.1641985576790049,0.04632202930610935,-0.06025729684316801,0.14338285282168808,0.11896391178553432,0.080865290012152,0.11199666503436723,0.09857739006151224,-0.04398692150346279,-0.01195256931319164,0.01660076585804902,0.2243281842764076,-0.03703611648090547,0.07903759921200665,-0.015896603334277035,0.15013705935593946,0.08704423594968659,0.14651071006815775,0.0071696417971739215,-0.07616085918879556,0.1476587978046244,0.07592875751110881,-0.30447999421033467,0.03265166372185624,0.04128648205326092
temporal_11,0.19839846505231584,0.0359287568572281,0.4013706532474726,0.358090201509843,0.39000549206429247,0.17072382659625418,0.23190890676008305,0.3533116186708955,0.3369452238030374,0.3325707022951229,0.35752210980717414,1.0,0.3400429813789703,0.33885541454102813,0.2033084121332934,0.3673833833918296,0.37601451712069145,0.25924353753335566,-0.011774579541294496,0.17349205107746551,0.08355099894573129,0.26613911085616987,0.202881537031989,0.20008993610954695,0.6008293300398598,0.21164081819819525,0.23853935853553487,0.27563414963491123,0.2519477924472739,0.07209306703714548,0.5251255235886283,0.14422776549327798,0.2505429620537411,0.10831952871910645,0.24389666013689645,0.24811397389420595,0.2505429620537411,-0.18993292100313028,-0.24264051686481278,0.1866804987288959,-0.12523402717169768,0.0321223993404645,0.24874212352416517,0.037349220229516894,0.26570368761419605,0.15383262523352895,-0.22687052379144698,0.27315514258316587,0.28582587748379584,0.33624333882002483,0.3332678072066333,0.19146947313429194,0.2518373574102101,0.19588727832213365,0.239664523849677,0.27875086471828275,-0.005500650134153696,0.16439742816976832,0.03944112701720541,0.045596134024166055,-0.19098919812251472,0.25006062844785465,0.2765520454963096,-0.11617118612174905,-0.2206017750240779,-0.054747418869941916,-0.03503005201837649,-0.04442402261682145,-0.012819057372590188,0.1616234822944536,-0.06897090518609031,-0.10129922015916579,-0.19451040987462676,0.08602474033611848,-0.009433102397472852,0.10122717380344586,0.22298696519215094,0.18730222102015578,0.19190107601540288,0.24043170309574433,0.1422794871845112,0.2028953270812199,0.09368770446397069,0.26477779959430847,0.102080496027421,0.18121972167822542,0.05171645026679051,0.13189077685597644,0.12617823898977965,0.12901002004676698,0.10339532186570505,0.12442325354182913,0.054429548833241456,0.015156888392860227,0.1190334725012406,0.06293365038091746,0.03062198540017422,0.08960134959732292,0.1552566690803923,-0.18519721737914308,0.2952807547832883,-0.21043518811014025,-0.1408211369745796,-0.15861375799123414,0.38426229885490487,-0.22468687735936335,0.00014261971955873857,-0.14835855197121306,0.4041632017562949,-0.2571726423086504,0.03676490239485616,0.07780179175677879,-0.055331047541675754,0.16883372912257216,0.003751581021679337,0.2804452047987608,-0.08274560043492941,0.13686712285096966,-0.08828385925558833,0.269141546952733,-0.10886039758618214,0.1354413376803116,0.00864730380310163,-0.004659739445090972,0.26287648556575716,0.022153536154143106,-0.020319189014029918,0.12181624359786242,0.20568711292779548,-0.17242983332208425,0.08596881228055271,0.15062925676293443,0.1723952139026838,-0.11768983625215722,0.09122054289478637,0.057668364918790044,0.19554443345732242,0.01891412568295468,0.16942976548224659,-0.05143905195748029,-0.04860778662552861,0.2697617585275887,0.015908843541908496,-0.2734981367859438,0.08307713243174654,0.10279072057919088
temporal_12,0.3089949777248377,-0.09584277248724195,0.3421821016428033,0.20670458697117192,0.2587438245850949,0.20579653746001128,0.15173792168411268,0.34760918566648613,0.2640761562736557,0.24141282450728135,0.21336273858862984,0.3400429813789703,1.0,0.27690464889790767,0.26739064520587424,0.14879299645322958,0.3375068320678862,0.19398030209445935,0.10530415551882678,0.24116315735742733,0.2644741340861372,0.36479815438116964,0.35855289187601125,0.17067351217803187,0.26151488550957586,0.09882150942362372,0.2275432833765561,0.1536559657852854,0.4557303410000684,0.10621950441162943,0.4579366814475894,0.3087794693432812,0.3418237306842618,-0.00488686803458097,0.18090750614673687,0.34111840226017787,0.3418237306842618,-0.1801777000912724,-0.3048434432949926,0.3015583506356986,-0.18801981770675813,-0.06558737194545484,0.3368585615955738,0.20946711913901808,0.35307401547106365,0.24507638727890615,-0.24513677398917286,0.3952274560871285,0.38208264805810827,0.38062031428467635,0.33439205123722865,0.2925847362796995,0.30026279892889995,0.3205887651439461,0.32865091926496376,0.25403420581845854,-0.09121480731620898,-0.0771278264662848,-0.1857113050724338,-0.3114697351343651,-0.32850295696750786,0.2191008839852462,0.20668825759658624,-0.169595287745107,-0.16889047586286013,-0.16863355206617997,-0.17672687808119675,-0.1645886114853,-0.09967245845255626,-0.11343629211593759,-0.06616027528690299,-0.1990577706649589,-0.26685847721703443,0.19052336089769897,0.16988454012258478,0.27043427150098864,0.29720026511795955,0.22023306245371277,0.28625333771665157,0.3081231833556272,0.2644322097918564,0.2963740500466949,0.2881896166303852,0.2530574589336067,-0.05924165826945219,0.03537476365316265,-0.06529446897886479,-0.04656655848383281,-0.18160310421933787,-0.09754661231433233,-0.10835484165583383,-0.14116616808316199,-0.2827225260443685,-0.1596575831216717,-0.1614661098933885,-0.16917063858657533,-0.07069430888900606,-0.0981959687348835,0.015794649430451523,-0.2057612309773207,0.2099275498016508,-0.21405229685678354,-0.1609120880647335,-0.19813949561978866,0.24293655243856832,-0.19988633481137352,-0.1567940148232071,-0.190563918311541,0.21801071123348575,-0.20692167106644982,-0.1028534121636486,-0.1056640041564808,-0.19640312406631963,-0.003380990511960776,-0.16822714756054571,0.2629342828565174,-0.20850821248411208,0.0009497579352070669,-0.22960111156630977,0.25819027517583387,-0.2643994812276595,0.21183732462846347,0.08910807539367466,0.04559762447336334,0.25474683116551183,0.09156428517342007,0.05311243331255939,0.0678196453386308,0.2307888577912294,-0.0036615105240227494,0.07048853069049849,0.04440445486190359,0.022753836981276015,0.09821506611518176,-0.017916192647367556,0.09446481180063464,0.055897535103080036,0.08216800720469747,0.19424066565747689,-0.014421045930655435,0.019259954007036707,0.25332059618443387,0.014566809261686034,-0.39530658497244714,0.14478827399428265,0.15776633491779288
temporal_13,0.20586698391888297,0.010199719507736954,0.3785188306407856,0.17346587838391117,0.1717439910726516,0.39764373780807205,0.09034419255920693,0.41623016174877675,0.2534764987846205,0.3592722271388521,0.28901193628065797,0.33885541454102813,0.27690464889790767,1.0,0.2207666701308497,0.14354843011741222,0.2819510809398966,0.3263098165765303,0.196556419901749,0.2871280703362824,0.2128484231856384,0.3831361063915445,0.2843340205068411,0.21611175709536365,0.29972196869018736,0.07953345872757547,0.33259488425369155,0.11753574373198256,0.18326297626873145,0.2690174847368045,0.42381390133286495,0.12508496559362195,0.37083905239567805,0.12281639103070212,0.24312524067675367,0.37036526035396816,0.37083905239567805,-0.03445512581908917,-0.3172181180737648,0.32951439737141425,-0.08938036861792968,0.020701326683832205,0.3786555491561946,0.022479252927081656,0.38522958476103225,0.30247088532817645,-0.11399705900363352,0.37814902734980094,0.37394873553270586,0.38822934490541655,0.31930339192006557,0.3523119987327968,0.3531902802366588,0.32554842812107226,0.3840987406351784,0.3030399116767065,0.0014482862251274649,-0.06769115060685374,-0.15442851549845285,-0.2505489801094921,-0.3242537324140665,0.3090615326870398,0.31282191700084944,-0.02594141358435467,-0.0921643262113673,-0.038818608385621615,-0.13261211046196486,-0.23462781459832097,0.07813412990923446,0.06819520239904728,-0.12317758661977686,-0.18648293319684578,-0.3372124626106049,0.18447352293713462,0.20076378880567852,0.3674832787500559,0.35338399506386514,0.12998060440915454,0.34873008252820886,0.3540847830351606,0.21605124704591228,0.3802094607339379,0.2649576538169816,0.3581158292962536,0.025157407086615527,-0.011817811556703766,0.03686893293025398,-0.0019515537615425213,-0.09442676580708084,-0.17032279445948373,-0.0012202893849962732,-0.13250923699901684,-0.23514752546227874,-0.2762390070399928,-0.044342666621815637,-0.23836086999174005,0.08560708566798068,-0.06852966320645797,0.04129304156585255,-0.06602779311127804,0.19855343690232152,-0.09039632108787116,-0.01220559815514787,-0.04101491669362816,0.08695051572736784,-0.04812716714202269,-0.06543877160617236,-0.05884596237943867,0.08106882898527612,-0.09922541122537698,-0.10511012498277165,0.0942534125998631,-0.012756138379301377,0.16255376006963423,-0.009085780162914855,0.2819789238310075,-0.10926149298841022,0.17122318133759254,-0.12100847024037913,0.24805786159608936,-0.20073928287166923,0.2731335438873732,0.047882518046870465,-0.015875000617617336,0.149202348423224,0.15737007236014033,-0.07028543273194639,-0.013078170842675724,0.20073474365388602,-0.1273682698843663,0.1162901211341376,-0.01989406161318579,-0.02855081787047095,0.18075076654099628,0.12561605266834705,0.07113623214432052,0.009497303879017718,-0.049839500394453666,0.13786676326131525,-0.038007187471915616,-0.0340544656534492,0.16547411236367326,0.07606037807675452,-0.37813153362598123,0.13844170492352947,0.1531632967574171
temporal_14,0.1902391068513104,-0.032770578401005945,0.4112503093658295,0.21032728570647982,0.1613388774112547,0.41554982345616115,0.2977863409374055,0.32635818295386243,0.24870877275421824,0.028867431685399576,0.2543646416957734,0.2033084121332934,0.26739064520587424,0.2207666701308497,1.0,0.2056709593464612,0.29527879811317836,0.3857102482113756,0.12025760367128285,0.2484630430087761,0.16732235816514524,0.21131672874837484,0.3187849380587239,0.27476461029394994,0.2844901492138226,0.1715323132513266,0.19064735923887496,0.030222658330870348,0.32751618930610915,0.16606543448890623,0.34512651539231737,-0.03481473329795683,0.25443160947041216,0.1250181237562118,0.11494915253211098,0.2550061627155626,0.25443160947041216,-0.2295025083681318,-0.25443108923829344,0.21177766175667356,-0.1429624191511526,0.07406731062841165,0.22812007224007225,0.09130484573078894,0.2693208981922353,0.14170872835052734,-0.14631191027619497,0.283026075371427,0.31462624208185574,0.3640689879153066,0.35817951904280987,0.20605414935916244,0.21332430308582281,0.19071445787046679,0.3139740064822756,0.31411814439794217,0.1424091370948727,0.12871433858251785,0.028401175324197003,-0.14325363823981405,-0.29994004544287906,0.15361040915028748,0.22561661354097814,-0.2093543818739526,-0.10414148000530978,-0.11868369219373398,-0.049539008997610934,-0.12473887726543424,0.026093339893215762,0.07152628022944832,-0.01448399668886504,-0.0777130846391585,-0.23947721251795245,-0.11154352384431093,-0.0034898698344141502,0.11662706492619504,0.22194347303563985,0.15296117416655153,0.19167008291642412,0.23413156176381886,0.05651130443142047,0.25026073102210183,0.0841764146668186,0.3207825649272692,0.15521972107532542,0.12082880027928093,0.12881610236349567,0.15972217387591744,0.07725184091780851,-0.004716522676812632,0.1136310530224054,0.047914814443584024,-0.0809243224689092,-0.1598704859189196,0.06499450056980564,-0.09585039476567699,0.12786312944533482,-0.041163041622645336,-0.05649673758840953,-0.21224023450552662,0.17359518564437273,-0.21946607045264663,-0.17497012446654306,-0.18351122162223868,0.26404410711053306,-0.19191893216515848,-0.1435257378314427,-0.16173773414855167,0.2664288454930352,-0.1655851520734714,-0.09193841697081795,0.09139965453734172,-0.06677897999541899,0.17207297849293018,0.04306247419504833,0.31429163874281163,-0.056724507731799954,0.2020918570484811,-0.08506523827176869,0.2609305420417698,-0.1075084278890437,0.13719155402761107,-0.03982817046686282,0.09169931338351524,0.15597734114530137,-0.14602131690960676,-0.020834475526645115,0.09366851215845841,0.19862715868965328,-0.1015630686800239,-0.0339199148222912,-0.011009831078852672,0.1294032672175971,-0.07300683551597409,0.12488630243701666,-0.06483180575368046,0.12769382178818345,0.027807116088951245,0.12352035458244656,-0.04611619638557842,0.09689618553658878,0.16237555645458435,-0.15850894678221453,-0.28305506134434805,0.1724820785143497,0.16487597902621332
temporal_15,0.11706884623881242,0.0764316149703284,0.3116849026117141,0.2518299547237464,0.34021220195795593,-0.0687568914624191,0.09289735410956415,0.07839174418909811,0.18665575955198468,0.05097018256346456,0.3326235736939699,0.3673833833918296,0.14879299645322958,0.14354843011741222,0.2056709593464612,1.0,0.11409306281250156,0.1778305193306284,-0.1251512614177249,0.20216266782851108,-0.009161683659416862,0.1510324951991978,0.10758574419686442,0.09817261821060376,0.2885252071997338,0.17477841631511526,0.05010731790305486,0.1396334447015478,0.06671686634309018,0.16357322143789269,0.29183385429941094,0.0691476076587949,0.006303987357415313,0.2132337803432852,0.1112009098942083,0.00642619787070611,0.006303987357415313,-0.1845043303027207,-0.09055807816974357,-0.04209417388998578,-0.17934217294789737,-0.017404806428968484,-0.005533280079049475,0.030918151326855575,0.00725407328823831,-0.13162822601525961,-0.15165134799223606,0.03657678417476689,0.03139813501477265,0.0750873550670317,0.084193085331341,-0.07566502129570332,-0.04706333312718104,-0.0780374723680338,-0.018230988444062225,0.07423120894512772,0.14812056809855084,0.19308834849701412,0.171828094613639,0.18945434846094433,0.0856939769308379,0.0646895067450669,0.11934840624975525,-0.12888663571958284,-0.15350617935483188,-0.01552568409612732,0.016541062206773215,0.04565981814516373,-0.07709588296342017,0.05641722271061266,-0.06506848440614207,0.022548567445249683,0.020287543193349692,-0.02353730665027615,-0.14064138267062698,-0.08130768343510401,-0.04039121664152178,0.1224441987613621,-0.08411797599300594,-0.015751701387042363,0.06660017793303598,-0.07021778904083649,-0.047773211970063297,0.005813681027350925,0.22478074604978562,0.22496547760194865,0.16961105745599178,0.23893206046268836,0.29428110503047783,0.2928183232413895,0.22710166741021284,0.30751127328808125,0.2734506006074253,0.2097347167241062,0.284646817073194,0.24961093829228678,0.22914988153075988,0.23160161796432835,0.153130178648516,-0.1567022522008547,0.22505206314695858,-0.17802327581899827,-0.12008608096724321,-0.11952037282099451,0.3389454189305432,-0.19375957602695626,0.038828289102957325,-0.13911079836258824,0.3328388391573375,-0.2080621972407843,0.017319555316731433,0.009176620216754043,-0.11679956461668616,0.0727231362110146,-0.018952100235033353,0.22964590666895146,-0.08416595008844542,0.11941954410307441,-0.04756429345880646,0.2377161711247579,-0.06667897642678676,-0.03272193857660308,-0.019172277866599335,0.013849033829729348,0.23876876593091678,-0.08177695153102783,0.060286932915063735,0.09817228797969213,0.12287049605991789,-0.023724204813748605,0.016036437148452185,0.061884389100158685,0.2763348163970989,-0.05618923672648125,0.2151105312104993,-0.016722906111977742,0.20619615571834424,0.0677959499997019,0.1259218929765062,-0.013487022247962803,0.0022859490184553364,0.24902845926963466,-0.018272424382653057,-0.03676508838055073,-0.060994271386844615,-0.04466621435861633
temporal_16,0.15664037650880636,-0.002561256096075483,0.37427992568179486,0.1228988569267411,0.3416875739196109,0.32076005750965286,0.11902680305974253,0.4119920220732232,0.3510099390642163,0.3657955081502289,0.4254117914277884,0.37601451712069145,0.3375068320678862,0.2819510809398966,0.29527879811317836,0.11409306281250156,1.0,0.29112739947378535,0.25148634498574834,0.11224519313993804,0.15490056225109577,0.34072509154416514,0.23562128081815534,0.13696032785966905,0.3740961189146431,0.2113411332041637,0.35829851413862257,0.1334970569131667,0.34756824931223484,0.09077394185407055,0.5005283590927048,0.2325763710779798,0.4228444668045684,-0.001085527553186005,0.33071333882105,0.42262150584376373,0.4228444668045684,-0.04124237270472546,-0.27345658727731725,0.4150250525235753,0.0026196784974001778,0.09561441553599039,0.4160463013554192,0.011737735966970628,0.43817698954221923,0.3846891087038718,-0.08842453831288509,0.41037345245866846,0.45477652068245117,0.4412520201485474,0.4313389195135702,0.42496114318453304,0.4313854158459983,0.4426802979455927,0.4436774816746173,0.31592093881267536,-0.02110686407331117,-0.11221194582626574,-0.15717886149227303,-0.24408780636827843,-0.32007794481260593,0.4115471521367513,0.352289670121436,-0.0323956206009177,-0.09110116639492817,0.050881332789685596,-0.0485788959884672,-0.048680495408914164,0.06746271101711972,0.049429683359357296,0.04014087800630937,-0.19131759302371212,-0.3116951100778088,0.17945862638771787,0.2434509839874148,0.37955806989073315,0.4347893169112202,0.2077745768388624,0.4247067590133818,0.4370869730826676,0.266628509418467,0.46189224997965184,0.3681016239610487,0.4152514549223237,-0.07364269326808497,-0.008217635846331547,-0.02585637858994149,-0.05478719022277535,-0.19225751975780944,-0.19944033865772498,-0.06722616375430754,-0.19727233630487925,-0.2320673180396814,-0.19542884990744283,-0.1535925861366027,-0.16303096858860325,-0.04143703386541396,-0.1501047714584546,0.10962017353649485,-0.05207015873870675,0.12359509622453438,-0.059045223605849136,-0.06563943382105777,-0.014136753827127866,0.19692725992283439,-0.054007532117602355,0.05623086177949046,-0.001488701688119017,0.22855823042500822,-0.12505000634576605,0.13799556186006343,0.08482023121899566,-0.042025933311970236,0.19285482370710788,0.027368930449974516,0.2152240727174304,-0.11024672477963948,0.11886738945513826,-0.06662536252691799,0.1452626891382977,-0.17663738660910544,0.24665048233809328,0.10602710317914879,-0.07389126054345319,0.13120695347973935,0.15485007451409571,-0.01403462416079624,0.01399569544139029,0.22414128209059261,-0.041610371867361405,0.009150190679810263,-0.04536526828233721,-0.05740184514829963,0.11582251444881828,-0.0002291638141056414,0.021357050971117914,-0.016292024515529413,0.006833919143960401,0.22492618009257537,0.011611641281576822,-0.07940683045697401,0.12305580783614213,0.0451661118923002,-0.41048054355429164,0.12991981293966665,0.13907529675419428
temporal_17,0.21266229581372106,-0.05426308445379721,0.15119403444992113,0.20366484104579707,0.1894832924320923,0.3098400504982322,0.2928901514691876,0.2597638054281808,0.14250749827398823,0.16384979708159964,0.22122439531821628,0.25924353753335566,0.19398030209445935,0.3263098165765303,0.3857102482113756,0.1778305193306284,0.29112739947378535,1.0,0.08882766237868485,0.2824942016992198,-0.007942613744996956,0.214344250153564,0.43751847766501295,0.22458437704953338,0.25704369316523007,0.17210514071902336,0.26118109694215363,0.03192356487515187,0.1638842998156555,0.21628147160472128,0.3564536882257692,0.0397619087596842,0.2863395034559414,0.17329494466349726,0.22666332128906994,0.28662180947950017,0.2863395034559414,-0.15820546323954549,-0.2933030417901545,0.2478241940592954,-0.1533723836079687,0.03776810586372427,0.2728757602867484,0.06373939802163545,0.3006380557813868,0.1965316094856905,-0.3402174261424234,0.3023152624108448,0.3257220611883394,0.3539915126111627,0.34108398375755256,0.2575894362453596,0.25449818977390753,0.24278163669753974,0.34755841670673654,0.34447333525417895,0.15023641467984794,0.13960671589643486,0.09737579081262697,-0.0076646331291715265,-0.3258183559793589,0.22147036613088614,0.2673479258574657,-0.14627582925669677,-0.12466393953105623,-0.1705759728111209,-0.10891309728856474,-0.17563591826043415,0.04597647212959493,0.027396104333322985,-0.03688408447541507,-0.06067932876444821,-0.2294374523119909,0.10941927017822776,0.12159540076433524,0.20908223992526723,0.26263455795583174,0.2509689394744336,0.21676895500049437,0.29078204561230253,0.1712826602514212,0.2704110375434868,0.18527552465853994,0.3286630218650108,0.17408977875026246,0.10150844934145438,0.17737573396369882,0.1679953233800683,0.17652260229751882,0.04217422554208147,0.21799750363178658,0.14409094432901465,0.038771993200176574,-0.05307940081871067,0.11969654603597112,0.036612153152292166,0.17092847668722327,0.08028542773366662,0.15051613898572003,-0.16267944033176468,0.2467563913062262,-0.20557420750030678,-0.10433031844748973,-0.17834656301966337,0.2811293826520243,-0.2076846605821346,-0.11615288674952733,-0.17843036527144154,0.25692397111206133,-0.20034266992013083,-0.10142417943527927,0.04841591945571859,-0.1514027412767081,0.21053210956875373,-0.02369378006151525,0.44386171822700243,-0.2081465732119398,0.2478053141587077,-0.15306183027758552,0.43445366047691,-0.28233380092354643,0.1955291612682109,0.03254914254145419,-0.06851243955777828,0.3048337861159288,0.039180176939739464,-0.059214406674655315,0.03372381475636712,0.3075245692266866,-0.11630677731912302,-0.01871204529721632,-0.008200926135324518,0.1011634742564647,-0.06159249542228553,0.18353320228390407,-0.07204727060789108,0.10948903282231828,-0.023532190991517186,0.25465297639760903,-0.031105264685191383,-0.01227896930174235,0.26464243114054953,-0.028053481547218605,-0.3024500997823748,0.1483697087098727,0.1503376610177329
temporal_18,0.13982839670745384,0.1448349093306763,0.13345202071436543,0.0547688999598207,0.01972238974517757,0.15252916953745563,0.08070624284639671,0.18637556050584234,0.10632395402631406,0.11901219908831634,-0.05326274155128174,-0.011774579541294496,0.10530415551882678,0.196556419901749,0.12025760367128285,-0.1251512614177249,0.25148634498574834,0.08882766237868485,1.0,0.16128319296130558,0.13054167643523165,0.23560701138457243,0.16798333817106942,0.22605202865089308,0.10386166826652517,0.16864779640686742,0.17105573345599764,-0.002372587312003684,0.21250676347407507,0.12587679885542927,0.13428090503017756,0.1217512188440349,0.16561485531164738,0.03262020758619671,0.11569134402404058,0.16561271132991326,0.16561485531164738,-0.04181888122645005,-0.0901174182394573,0.13875717953836234,0.030973811464898648,-0.017636343241177438,0.18842467698085028,0.03459434115627789,0.17521299423719872,0.1647420300024552,-0.09520018228995801,0.16052118996945536,0.19105323308107483,0.18177778703127007,0.15450632317054996,0.18774508571717638,0.12719498019773642,0.1855875641163478,0.19892092547237478,0.020036177531472566,0.01296915701211298,-0.13076518389954206,-0.12468811478643588,-0.1554428715135059,-0.024906176472371425,0.18987265016045926,0.18020836888956418,-0.03722648427035132,0.026282369927750602,0.07395017332233873,-0.018755734235569213,-0.11990120598943836,0.08917817324377521,-0.14191327507495355,0.006674230125527158,-0.07636145573775574,-0.1965634094887042,0.011628277249295648,0.08005032540176692,0.17157858133637605,0.1528636574781544,0.14315312603619174,0.15035299174828734,0.1530694248081758,0.20352560605140388,0.19563756687672554,0.2374558383149107,0.1548097812174751,-0.02989127403794001,-0.08553338164581631,0.002854462753036933,-0.04340597837816812,-0.13332730716499297,-0.12180121638730511,-0.09148764377018567,-0.10474450152880471,-0.11546368954412384,-0.06886318982511694,-0.13003843490786302,-0.04256656041022485,0.010550856241795975,-0.12091915039840156,-0.012251946828965346,-0.0032034233137057454,-0.008185244433584602,-0.008195866522361792,-0.020507682118067333,0.010798160387705865,-0.01524520940459939,0.02728293527545785,-0.015813922316965368,-0.015026195790999732,0.02063255552804628,-0.009279064199994386,-0.005429920241649544,-0.02322336249987955,-0.046544121268982164,-0.024529953433597238,-0.033527335043723155,0.16043710794506488,-0.12163275638120402,-0.005530706512000212,-0.03053951471917429,0.08334470183597265,-0.12805622147562845,0.13159838703307178,0.004972739916031896,0.02701286588632333,0.01693312041385564,-0.015567505723864145,-0.1143942179962004,-0.14055300705578172,0.16920410901695784,0.031884501326419366,-0.012350105552579474,-0.09084588105886192,-0.08520807922961429,0.1384231172337832,0.021234337072907512,-0.007972363224910028,-0.06381937989931985,-0.0919123692886594,0.13879789272312937,-0.040300586009083574,0.06662803470652116,-0.04330406848685766,-0.09706975984321077,-0.16026017897535672,0.007644093199729893,0.005035419811418445
temporal_19,0.2866016659787433,0.09969766647766606,0.3142247671127708,0.30605383585313106,0.04715078281143184,0.1701456974194265,0.26898694655774813,0.21788843912330966,0.22146018535561526,0.04883782437712667,0.21295315883031862,0.17349205107746551,0.24116315735742733,0.2871280703362824,0.2484630430087761,0.20216266782851108,0.11224519313993804,0.2824942016992198,0.16128319296130558,1.0,0.06385853907464252,0.29542582036570086,0.3634569811986696,0.21149694491199011,0.24496685499910154,0.08557139199088028,0.1342899294762273,0.038351861023899314,0.1435981295377634,0.4005821051937185,0.315491266800492,0.1943706668695178,0.14365025562479083,0.1501485391073501,0.10648718615041963,0.14372314670813083,0.14365025562479083,-0.07220278775756367,-0.14174999008415154,0.09076538657636213,-0.09922094499955887,0.005437682385394292,0.14529030499994036,0.17419850196093278,0.1596106747324774,0.04540452445178542,-0.22756532776130328,0.17102887387840665,0.18452145068776793,0.19394221334483885,0.1846172862850981,0.11618741170293023,0.08476524777881593,0.07343573602146039,0.1772167302486867,0.15924655301523324,0.13409604318343019,0.07342258483122699,0.04432235858432519,-0.07720671467036674,-0.16389801524201777,0.1039389801767211,0.0698477050579911,-0.05324018600367596,-0.08330691880414225,-0.11031036733838942,-0.06040854314393584,-0.048349543734800826,0.06885598515662714,-0.09535623367709431,-0.1770232859001857,-0.03175190103835578,-0.05916314577360345,0.06881288857748187,0.040702724880517176,0.07886744717770355,0.09735073913944972,0.3301705339475867,0.05968806569913484,0.14164077176048717,0.2788156420446252,0.12151593205887821,0.1447575849017865,0.1330070814442621,0.1493106756307869,0.17119755501762013,0.12011588206315825,0.17149720506787489,0.09021831414652774,0.0457178213910931,0.1187067651144714,0.07919300493159248,0.02405283221149173,-0.06073102035141186,0.10996697188183066,-0.025021644587407254,0.1774005624379261,0.08104231625125137,0.12013374128189243,-0.048358417129551204,0.09836021760037567,-0.07683372162364215,-0.0644762641470628,-0.044281895590306396,0.16319931648620736,-0.07025570458174837,-0.06632567589584284,-0.03762071311049193,0.15687419173597153,-0.07752998436769906,-0.03209273592054889,-0.009557291106925096,-0.13935416996791983,0.14241423935746783,-0.044549192299912374,0.410373193631014,-0.20461816763306115,0.1792678902419951,-0.060987342048103806,0.38445667860100086,-0.22666149223598359,0.13706612313153657,0.06965472695665198,0.02613036911476224,0.14210641403985577,0.03307498129826941,-0.07355174859060665,-0.04179682859488134,0.33498194368396234,-0.02872653606622743,0.009642674299824032,-0.044910904027712514,0.13814011111250038,0.04178834506807378,0.15269895126937408,-0.027551530264704503,0.17506314064017423,-0.05262392804696748,0.2811707362734681,0.03269749737534925,0.01704925691948107,0.14772754521029796,0.000658084181791672,-0.1708719550686878,-0.0007452221459980503,0.0007480777948314322
temporal_20,0.02142818231101612,-0.022395022181463567,0.307999346197709,0.043575440165614855,0.1594596608157588,0.2536872954765419,0.0748779019459521,0.28812802545124755,0.22421346025949448,0.2641683738963044,0.08431071116745124,0.08355099894573129,0.2644741340861372,0.2128484231856384,0.16732235816514524,-0.009161683659416862,0.15490056225109577,-0.007942613744996956,0.13054167643523165,0.06385853907464252,1.0,0.12858849386697055,0.17012180650648848,0.22950377026454621,0.07790057554815848,0.04226752001445176,0.18601080867288652,0.16115438780076294,0.3028848361428571,0.06780174758564236,0.22352116957197607,0.1784512410905201,0.2700760121899391,0.056285148869630146,0.17672742017013315,0.268192752532705,0.2700760121899391,-0.14203712126209028,-0.24478829426524212,0.22642059021180463,-0.09390120682951206,-0.08283763716091,0.2931255660357675,0.07292251123116454,0.27910781164587284,0.19401342656579784,0.03744212066086157,0.28993039354624117,0.28013220062551225,0.25035680048634396,0.22266352276738996,0.21288847638858052,0.2514923135475143,0.2692029797402352,0.293192048702989,0.18708607666423802,-0.01346618663709446,-0.02098295263304468,-0.1918696760142277,-0.22228399971911547,-0.15921290724917797,0.22642077131386798,0.22539097998537833,-0.046326048265483595,-0.010783765569024576,-0.05107836779636369,-0.06505701837695525,-0.18571050401480996,-0.15686064810630643,0.005840953571926582,-0.015476470946137563,-0.14088378446404912,-0.20481308285772437,-0.04778536784949142,0.07383713186148037,0.2207373147928509,0.23176883912564086,0.0120984624005826,0.24478235717920338,0.22112193238376635,0.0024335479657665126,0.2900135080255365,0.10633501123144955,0.23105153485085514,0.018837525457656865,0.011899833493319023,0.018077129340988506,0.020676110898173054,-0.12873073969937252,-0.0640401822360006,-0.08395717871218754,-0.08581148802829375,-0.1878649730799472,-0.14939382642676904,-0.12464491225690603,-0.14053062733476246,0.024243992107675475,-0.07594206987491817,0.02746723688198198,-0.060610543842609096,0.07259706326433196,-0.08770703567098712,-0.03905945841980124,-0.033170392951688395,0.08762548560190386,-0.07253888789781866,-0.013263082817185837,-0.06931662836136565,0.07644824659424564,-0.10953487304061635,-0.014997382781796098,-0.07343476662278463,-0.07789655613810655,-0.06050103042139927,-0.10037990121078211,0.0176436895441967,-0.061950427535617796,-0.08727833512335179,-0.15508778617037325,0.00799212770931486,-0.13194703452258003,0.23785252257492998,-0.07521909094392644,-0.012021508270400239,0.05899144890179196,-0.06618994454769,0.0532121104566864,0.10583097124360027,0.0673635914179221,-0.11235164764516313,0.059139981164747966,-0.003736841906698581,-0.0014996639557863962,0.10131789180737188,0.0546418524264663,0.04711684148222881,0.026913235182283845,0.029815867974111815,0.0018491340146147754,-0.13857797478679995,-0.03615226460521645,0.1090868472980883,-0.14614551309745052,-0.2900367752757129,0.043393959709620504,0.05127781922897661
temporal_21,0.3384362105660813,-0.08062707155521608,0.35409444064800094,0.2346532062488305,0.23107210388052465,0.20367436575327624,0.19242218768605424,0.2796006766177243,0.22013609753852323,0.21850558621012892,0.3059322143178227,0.26613911085616987,0.36479815438116964,0.3831361063915445,0.21131672874837484,0.1510324951991978,0.34072509154416514,0.214344250153564,0.23560701138457243,0.29542582036570086,0.12858849386697055,1.0,0.3390636611382974,0.17618011589223245,0.08858133505695584,0.061244564430688264,0.4002243662883785,-0.011360061703303316,0.263151337457317,0.11616696908756063,0.4072219582562906,0.27861935362857454,0.3416551448440575,-0.02783299962110084,0.3223383225220506,0.3408319043418936,0.3416551448440575,-0.11191677305555238,-0.34596604143897086,0.33164766662295264,-0.21458087823904712,0.010325440655464806,0.3291896971882449,0.09217061921345604,0.3595873129606052,0.25903578795676213,-0.1447490469226841,0.36789466036464513,0.3837267042184105,0.38902506865451253,0.3529796069246431,0.35463571461372695,0.3045172971229219,0.2948813265371448,0.30904472753643436,0.1929767218135851,-0.06823939971289249,-0.10502388536166626,-0.12154517028959894,-0.1586191578443956,-0.1657081121329327,0.37217122417186327,0.34610027830899964,-0.11377643981233848,-0.12068284439079031,-0.1526185598085865,-0.1854988758335364,-0.07499088592190402,0.058083066618370434,-0.10163134567493771,-0.17864491322261955,-0.2938515983615871,-0.33233416484597295,0.21242777923672518,0.2577297516604009,0.3110301351362812,0.336746985331234,0.19986878538475236,0.31895674515923716,0.3387849175090625,0.2973104416387624,0.3281730002506666,0.3451060714287615,0.2862289245539191,-0.09148585811264691,-0.019096758122375598,-0.08553481974503607,-0.08965723393206342,-0.10903366455595559,-0.09980860316504288,-0.06633704426921122,-0.10962509280864334,-0.09182861076923386,-0.02818899723379917,-0.10189644985814991,-0.013029596293048595,-0.0725426902161715,-0.07018214760293563,0.18390666670451492,-0.13794053254605726,0.1806836153059089,-0.16359816489389584,-0.10987019461239793,-0.193748120084453,0.21254693351502804,-0.21127609349750395,-0.1488976626836299,-0.19908929161170497,0.26813410983344266,-0.29889972512433644,-0.04578469427280021,0.011489797123721576,-0.1172943057944048,0.06318604691433052,-0.11595177080426249,0.18433453765396401,-0.1925372653817069,0.0008405265479203537,-0.25009128354981697,0.18704068845647467,-0.2776120205703486,0.15134202454849188,0.14682124756823758,0.0249994267758115,0.198588632242375,0.1503557817302486,-0.05996059029511219,-0.12173134048044641,0.20586518291855047,0.035192007053464786,0.04483162422544586,-0.029697898348116397,0.004213916068726399,0.083811988165282,-0.028697822005589766,0.03678221577951355,-0.005562008601100961,-0.035598779795763556,0.22109222131309517,0.0811007555049923,0.028411579546489932,0.1810508702304268,0.044902427092312916,-0.3677381942198926,0.046350302132081994,0.05095262192690468
temporal_22,0.29650851785013366,-0.09169339679914548,0.2854695480710495,0.2480323414902854,0.055376825495256625,0.21765300715476163,0.172534329579312,0.34032261594694563,0.13748866804153637,0.14625909272216114,0.010896719474293182,0.202881537031989,0.35855289187601125,0.2843340205068411,0.3187849380587239,0.10758574419686442,0.23562128081815534,0.43751847766501295,0.16798333817106942,0.3634569811986696,0.17012180650648848,0.3390636611382974,1.0,0.1357585267497938,0.16841386621704743,-0.03776780902566103,0.20618861552783208,-0.02187358595553407,0.26499015289374184,0.19276066357420732,0.3319196821106613,0.21533223938616922,0.252562626965865,0.10090275412829074,0.15083255524150319,0.2525133182918409,0.252562626965865,-0.2394998367538846,-0.3077934971883846,0.20386540987975713,-0.22307498141509502,-0.07660625528357967,0.24264300806545086,0.13872554394023281,0.26759660613692915,0.15439442727300173,-0.2974088533775068,0.2838972043413593,0.29281748331014734,0.2776816017331124,0.22750540648941625,0.22649262664321065,0.21413707994984046,0.19695597517186006,0.2680690887088494,0.20484435448105323,-0.004641878137914493,0.039812617775564246,-0.05039865267332068,-0.19141124689573616,-0.2127856380904206,0.17487421928356014,0.15429541384047485,-0.21445269214624943,-0.16477191495808505,-0.19665049286105976,-0.21736307707497823,-0.13465583683949578,-0.030707458449094106,-0.08609101454887103,-0.19877784814234156,-0.2088163761020879,-0.15708749862681962,0.12404119527926656,0.13115365827863432,0.19691687644523645,0.21712863874633012,0.24981905735989351,0.19291911418953026,0.2372747049917093,0.22748327014157232,0.2205843663100707,0.21812845682618703,0.17499045192596555,0.05458128845556321,0.05526864918733614,0.07162080379076836,0.054420387362789514,-0.02211076892587608,-0.08554745107759487,0.05778301078477482,-0.010517169712366206,-0.10991904779575574,-0.13081575903266818,-0.023013466418191592,-0.05457681340039559,0.0540354436948363,-0.018980466308652244,0.08932954874209663,-0.2500234815877628,0.19247492663254853,-0.25947935959774676,-0.19917552862512955,-0.2617977102547185,0.22911176919725026,-0.24622552455856633,-0.22217289079023758,-0.2519478369618723,0.20903306355048304,-0.2449998760741641,-0.16594212913741482,-0.0716015117841684,-0.21925437797898129,0.0895070368305701,-0.18915018875483683,0.32578301386007474,-0.2739893058902963,0.03295872943867448,-0.26584748595733104,0.3225339329729402,-0.3307875422166692,0.16797883149386367,0.044116295583330384,0.02627975562364161,0.23151913779265265,-0.0054354605869118815,-0.07697787528264712,-0.006987014131683286,0.2924072272915136,-0.09509319505546268,0.07849892753031427,0.032860600252497416,-0.03769763667251548,0.013376207601526722,0.10523144055746207,0.018441419683519023,0.09783832396310135,-0.05516539540432923,0.21787849515730726,-0.017786403196094605,0.0646158488045225,0.19114201926565658,-0.07704796487021305,-0.2839886444342829,0.08231050464347525,0.08318097071579453
temporal_23,0.023300731928706,0.125190996023407,0.28572392828559523,0.0035910160010052764,0.25963231984566987,0.2935605874371284,0.041021600276791116,0.3738356021181209,0.21547320714035956,0.24762662465978896,0.2895860520031637,0.20008993610954695,0.17067351217803187,0.21611175709536365,0.27476461029394994,0.09817261821060376,0.13696032785966905,0.22458437704953338,0.22605202865089308,0.21149694491199011,0.22950377026454621,0.17618011589223245,0.1357585267497938,1.0,0.19269049445615277,0.3550933515695274,0.23115435754141261,0.16244630971814436,0.215114880868552,0.30118188843483773,0.4051901633775528,0.11482083107638492,0.33190120226581515,0.06480792761521018,0.24655384814043,0.3300553427729998,0.33190120226581515,-0.05389621475656926,-0.18085416137174012,0.3054728798697807,0.10427407327897063,0.11589553641449674,0.3143173003377415,-0.023447384634600586,0.35150114153297773,0.34360737296286287,-0.0363379644673347,0.3273753637282277,0.3552357235860031,0.39626186525374024,0.41375222966036335,0.31863331672574147,0.3372698660595895,0.34715052936636603,0.39518363616217905,0.3845652552468723,0.053710214232014615,-0.004789077916228924,-0.0395799094607185,-0.13854628283151108,-0.28946163492398097,0.30068632049711513,0.3723359367361372,0.04546871221819413,0.21813841225529962,0.18099829880715865,0.12661986712186768,-0.1205105311157364,0.09714917106245242,0.11010437087763843,0.043119153324461014,-0.005440511163297071,-0.2932066123294974,-0.11647024907989527,0.07411194169781331,0.2854071319003619,0.33356445529675,0.06265077715303939,0.32133198952756925,0.3262037201780089,0.010839460706418415,0.3922901088409615,0.1312905279132438,0.450601017514691,0.048797799604174,0.08896519994925163,0.02413909317794164,0.059188977888282604,0.011109035773503223,0.0265281632998159,-0.03235527125711332,0.0033024469657040997,-0.12381480266378453,-0.14711361356649508,-0.07570743434037715,-0.13723382953622484,0.04540886073955053,0.002980405697935076,0.03644266251996339,0.08231978053837334,0.07435964659997435,0.0591651962147468,0.10609971525349012,0.12983020822927163,0.0883245831121221,0.08182244533136927,0.13267727561482848,0.11323959546584773,0.048304562899015,0.0454883357624203,0.07309664372368839,0.1590568351942353,0.0493636754487111,0.16205171862493198,0.15546693499112285,0.15520661107752748,0.07040188826297711,0.1797994677218125,0.11223754438317324,0.1476037817653216,-0.01846490645682256,0.22772082496364768,-0.05234218349778533,0.12695621659567682,0.07254307456017589,-0.18367882231431693,-0.058458052061331,0.06249510860485206,0.08969286766276173,-0.10669359505667513,-0.008566867270717775,-0.050898600736541996,0.15018071284293827,0.041476178575970815,0.04651442546496059,-0.016321888241716983,0.10451132455844805,-0.012377643267401824,0.04231703024531788,-0.10132473180753908,0.14455678269559075,0.06857457036854857,-0.26979678448490113,-0.32703762318948404,0.0877567116275644,0.09914900162893299
temporal_24,0.08671874533580835,0.19114594978065447,0.4157805736388853,0.26123509787420723,0.33827311717850483,0.24991582385785294,0.27786375647378597,0.37672027592142354,0.29592243468175394,0.28696185177626377,0.34904193956838925,0.6008293300398598,0.26151488550957586,0.29972196869018736,0.2844901492138226,0.2885252071997338,0.3740961189146431,0.25704369316523007,0.10386166826652517,0.24496685499910154,0.07790057554815848,0.08858133505695584,0.16841386621704743,0.19269049445615277,1.0,0.3168785526132577,0.24740259365126052,0.2768863448838541,0.26261609748399745,0.1726520825831165,0.3772574789975965,0.10614604126324279,0.17455041573643207,0.0970213871204135,0.12000363824146984,0.17346348101091877,0.17455041573643207,-0.16942130143401768,-0.1570131154304012,0.09711816756341364,-0.0662818487478183,0.008163577153388609,0.1786044464384944,0.07465765167937491,0.18770596402049447,0.06318906308286318,-0.167593550301253,0.19838430557204795,0.21814274058518524,0.25624001265064783,0.25606316134113827,0.09971737173671147,0.149634193651161,0.11158108960754458,0.17685625292071153,0.21989526237616186,0.08999141727242574,0.05353590881747779,0.13508416492619085,0.002928396135340736,-0.17615340743224656,0.14792494173424878,0.18712877215197402,-0.13220736350647688,-0.130466793681859,-0.01791486016940683,0.007188548588565283,-0.05852041803960753,0.024504614263786195,0.1505290322052155,-0.033594885521836176,-0.035650061258361655,-0.1363038722369351,-0.019210019585899674,-0.07823983577090085,-0.00024825944796387804,0.12644006806471025,0.1201536776852245,0.09998580298810097,0.1433076106997581,0.06505322041668715,0.13565220945234954,-0.00826119421325277,0.20616191954627203,0.0978699517651818,0.13758749401709974,0.0645971704788947,0.11456409982134108,0.10516101178445793,0.11098292820091778,0.09191529433881031,0.09334407389109566,0.015479558198630176,0.0015668483241000751,0.11651483727624802,0.026119987856352014,0.07497978246164938,0.010872952023324568,-0.013417979517102288,-0.13723211530592758,0.16602079084487695,-0.13740042479779108,-0.11511824217323442,-0.09390458008244222,0.28358152857282093,-0.11259977487328109,0.0038462442715509904,-0.06671353753346852,0.29284563934246893,-0.11675666507075712,0.008287552998826978,0.07594895359529293,-0.025236601705553585,0.14900666622790534,0.04690609194185157,0.2531083429808322,-0.019659961292242893,0.1387612441726619,-0.0106250619536785,0.20289447251925055,-0.03172547456096951,0.15717016102619857,-0.01645388430443683,0.03513267142281654,0.1694629839644861,-0.05960466107603743,-0.017913638279191908,0.11394233421397966,0.175950593633928,-0.16868790867689096,-0.023687396582192766,-0.022800323934243184,0.17230799749241768,0.013219472756322695,0.08217187325467909,-0.019893520067082695,0.1773022140093002,0.015279490820977808,0.1247383950613139,-0.035506479932092855,0.005016198349475018,0.15458111783211953,-0.04619963740045916,-0.19848548161401486,0.0901522114558411,0.11226055126477405
temporal_25,0.05671471804241486,0.36264686394676793,0.13968473689631955,0.01787151105367744,0.20025167910125197,0.14972826271012168,0.10115504308362491,0.14818795422441813,0.15262615992380965,0.1187353467242059,0.31912171161483466,0.21164081819819525,0.09882150942362372,0.07953345872757547,0.1715323132513266,0.17477841631511526,0.2113411332041637,0.17210514071902336,0.16864779640686742,0.08557139199088028,0.04226752001445176,0.061244564430688264,-0.03776780902566103,0.3550933515695274,0.3168785526132577,1.0,0.17994117406710589,0.20878564559107665,0.17156376658181144,0.20205962262037028,0.1774325179143786,0.14063108639483696,0.07646994365245473,0.17911342676855202,0.14098356442572174,0.0744118424757965,0.07646994365245473,-0.039780784163357064,-0.05215700793917112,0.06290210010873076,-0.11550099347199243,0.05041741337847254,0.0587724173885864,0.17118550771640212,0.0869351256072214,0.014503185345416102,-0.048881858453799894,0.11548791621721624,0.09207757358972458,0.11097613404682531,0.1135490302941793,0.009429210471567882,0.023434504900611094,0.05359149485446361,0.10893377073081882,0.10580946015664439,0.2680945369848979,0.13006901890961342,0.1693270791734241,-0.013773923972905852,-0.06528238404984169,0.12941140580616545,0.17086173642913072,0.05573782168067077,0.12367889848683283,0.09790935943995807,0.12222768361148152,-0.09956437325708628,-0.140017611324902,-0.09861569850959928,-0.014768748491524937,0.03793715253447781,-0.11001713348906715,-0.056807583515689423,-0.01178315114259784,0.06080749137505753,0.028550129075130166,0.04053309238373539,0.02089109853318504,0.04460412800247405,-0.02762949368945747,0.06739669557045755,-0.001636030006143327,0.1291113677936694,0.23576726137763981,0.14888279299987514,0.20472481087183408,0.22827995926156397,0.1877950471275476,0.1574264760697319,0.10947893462341234,0.1709583609663949,0.10954443004248567,0.07212468726624574,0.07722423134162311,0.0940174078484725,0.2458399727169348,0.13012002054397356,0.05693126665471686,0.06522593130966332,0.09689073066194924,0.03527633344228058,0.09469288408418862,0.10500537814571811,0.11552589780281738,0.05952368659782735,0.12434172178303843,0.07875118662696465,0.10033853682916516,0.029717911814704078,0.032399490817652955,-0.09945331152332519,-0.09718643194731406,-0.05980255989305294,-0.07534228137503556,0.09021062751138446,-0.04906035920572125,-0.02464356477397011,-0.053341969234673735,0.056668354510449805,-0.023957206674400204,0.06483108996646388,-0.05046941987332109,-0.02643474029224798,0.12742838602951326,-0.11559310269195926,0.12137249739538179,0.15182061485025275,0.05943608493460279,0.045482048163001075,-0.10783780099610102,-0.11038332248634508,0.15473322546471305,0.014927066691686813,0.17403258380721462,-0.09993209040624296,0.14301507343921702,0.14043319594266507,0.011044406450854052,-0.07401992091712853,-0.027736236897311816,0.08346067286913998,-0.11672159903344723,-0.11537147734647468,0.09062792177781377,0.09346752457098036
temporal_26,0.19533751715833772,-0.0016987834543175104,0.33271411566870546,0.10991529365620742,0.2335673846084194,0.3330609783718444,0.14621617891303282,0.43409280734675376,0.15884765575077,0.2192846476963615,0.21640826557030873,0.23853935853553487,0.2275432833765561,0.33259488425369155,0.19064735923887496,0.05010731790305486,0.35829851413862257,0.26118109694215363,0.17105573345599764,0.1342899294762273,0.18601080867288652,0.4002243662883785,0.20618861552783208,0.23115435754141261,0.24740259365126052,0.17994117406710589,1.0,0.0503847395530195,0.2916808388087626,0.14508167351961743,0.4656764862596198,0.20310038412765788,0.3832926874589554,0.05994342930103975,0.4031553113796405,0.3816033257898245,0.3832926874589554,-0.09116252450864083,-0.3579541347987894,0.348012015062372,-0.13943485870748867,-0.024024001661182088,0.3925198608395892,0.027231804779164093,0.39314926439142545,0.28768265437400925,-0.17628130537151293,0.3878385757812363,0.40903354362026983,0.41674380891858703,0.403515031809733,0.38030171613287667,0.3645141345931439,0.3704700924623258,0.35048113424147703,0.26432140631977813,0.1285993497201917,-0.07342458255501595,-0.0023747950558212776,-0.11115894728380198,-0.19988837592856237,0.4044944472790578,0.38639523617015403,-0.054853682155743246,-0.05024100899414612,-0.0699610875173536,-0.1428405387508213,-0.06731701291399911,0.03157642503781215,-0.005499337973570752,-0.07125873530248775,-0.2434352492501342,-0.3374903745378976,0.1684629070855019,0.3256025227070809,0.3480053011641747,0.37162612101045367,0.1664055911277009,0.36773154539300923,0.3682300993340074,0.294467557677319,0.3586015631569326,0.2955826903865649,0.3189209976624454,0.03849159975871514,0.03702831320257462,0.06301758511626722,0.04148753186121923,0.015303284642755067,-0.06978846087226147,0.07221424942577416,-0.010088041171766282,-0.025807430230949318,-0.0717676051554172,0.0238632944826601,0.024325523770145692,0.09504201410305158,0.09911628428444978,0.26667958471240877,-0.0667717397958972,0.25299967899920395,-0.12250145380710746,-0.015496066398135756,-0.15528588229576823,0.32719512068758466,-0.23832493659553053,-0.04479143237411898,-0.15165151587291026,0.34806114955704615,-0.2917859439258942,0.04338264383082342,0.03306761820163554,-0.07228023775794981,0.07924605353374017,-0.11210115794271504,0.21382894684295858,-0.16509882594029332,0.051033398796620326,-0.21525369884390483,0.2097587060803963,-0.21078634465991625,0.2530744028012897,0.09682284568093565,0.03880537607276546,0.32808423499824335,0.05399554207257708,-0.07294713657990722,-0.05663490908745417,0.2274479156574526,-0.0375735692440604,-0.07529652597360909,-0.1453539794875481,0.033230772543946636,0.15294288273392984,0.04836524931540157,-0.06571727773282778,0.061203173971539335,-0.05459010026479636,0.16195918228450273,-0.0016734047928826294,0.058328977808135424,0.24434196253785564,-0.06341891179211501,-0.38789637813192657,-0.049573876154194715,-0.04723331215661394
temporal_27,0.04377589043100485,0.06984991318626105,0.1467661539355901,-0.009896127554609377,0.25636119159458826,0.118893224767794,0.06895147986824138,0.27183002108276777,0.26457396917890347,0.14341842218725345,0.2870888677564787,0.27563414963491123,0.1536559657852854,0.11753574373198256,0.030222658330870348,0.1396334447015478,0.1334970569131667,0.03192356487515187,-0.002372587312003684,0.038351861023899314,0.16115438780076294,-0.011360061703303316,-0.02187358595553407,0.16244630971814436,0.2768863448838541,0.20878564559107665,0.0503847395530195,1.0,0.16114492765559,0.1888610090146011,0.23063486441559733,-0.0013909247219412882,0.09857694593033071,0.12837520465749308,0.15333326213734622,0.09839667076107705,0.09857694593033071,-0.05639306246426061,-0.09361550645906355,0.044291202620310596,0.011333401577012507,-0.03083992454822681,0.0957826808068991,-0.0236273601484376,0.11412366777343846,0.050587841025469316,-0.005782598754170764,0.08547642676839619,0.11461490110845192,0.12542411163665365,0.1384935230171591,0.043636315995676564,0.10083316414828519,0.12153326038495957,0.12206554244233035,0.123837349606426,0.1266916601596448,0.21691325671517872,0.19311361097910223,-0.004965722071939316,-0.059049633030676014,0.140333679764664,0.17349642437976381,-0.012442976767994576,-0.015433080765759133,0.07632751511467402,0.026811836164662785,-0.013885111039520845,-0.008129313333673194,0.14212958330454845,0.14335798393354093,0.01116542009038567,-0.10406452796321104,-0.04900277338030237,-0.0959550152046764,-0.02533174431002299,0.060289206106935084,-0.035523212566080015,0.07464299092323984,0.0572353749753347,-0.11636651019186192,0.11963979311068951,-0.08641061435750039,0.17687103405762117,0.18644499256452093,0.1778067105672315,0.12944249895128263,0.19507794560569106,0.15722605412694585,0.1681640421876984,0.08740018920310337,0.14677419385893034,0.11073467752763799,0.05471546448716335,0.07223241535960558,0.05934822695217365,0.1178512576015104,0.11435266532748227,0.08756819354092492,-0.017849012228751807,0.09115150241353107,-0.03921625329613908,0.0010222463610941414,0.016811114890575195,0.15859765301375633,-0.025335170362553925,0.08122939588110192,-0.0005934471528543648,0.18816856011095645,-0.07150228525201123,0.05298198051092489,0.0567378554415578,0.03385144203945916,0.06212084191327298,0.042922348240531975,0.013661697356557666,0.0735479756956031,-0.008008775064853304,0.05999824363114448,-0.0036650274537180405,0.08150256642668002,0.11167295560794484,-0.08701032450100316,-0.028816702360947497,0.12387560361316163,-0.03618110196176156,0.022227411754126014,0.1235144033247043,0.00825748201673713,-0.1612331482908444,-0.04238460826704961,0.04201667954124921,0.2193781801718396,-0.10733922909039315,0.10916999154513533,-0.031379272203558295,0.19439358121270411,0.03537144277496215,-0.051126036377086265,-0.09023484355648795,-0.050150051705107654,0.13135755160207066,-0.0598251161118252,-0.08559071244591096,0.04703074065671872,0.0625792656108766
temporal_28,0.3741796560048034,-0.01439748049448814,0.337080484928924,0.0811890285912151,0.3018956351100431,0.25970593861892166,0.1819974348217048,0.36875155281033467,0.30188546980751363,0.3413846294718033,0.20040782780529448,0.2519477924472739,0.4557303410000684,0.18326297626873145,0.32751618930610915,0.06671686634309018,0.34756824931223484,0.1638842998156555,0.21250676347407507,0.1435981295377634,0.3028848361428571,0.263151337457317,0.26499015289374184,0.215114880868552,0.26261609748399745,0.17156376658181144,0.2916808388087626,0.16114492765559,1.0,0.0692688047516215,0.3764381091401748,0.2784930615295414,0.3344714437247176,-0.010140385545360897,0.19441878041140578,0.3339665651036615,0.3344714437247176,-0.1878194001258285,-0.2806118348840018,0.28258925426924597,-0.1975588120021051,-0.09801223453049455,0.33324622872712284,0.22863930310802827,0.3468245454410902,0.24257167862250448,-0.21676707563124564,0.3812351084122256,0.3844044755023647,0.38118147004220043,0.34568205027407267,0.27356843880947807,0.32812633614034203,0.32293013987043717,0.31349296178801694,0.22796610857991598,-0.044654171328608744,-0.09837211552648444,-0.24096306545476454,-0.27609265880353434,-0.2946606451762319,0.23277215468496665,0.21334094274794801,-0.1632667313746757,-0.13760091157302431,-0.19206228939160933,-0.06865677001400013,-0.1155907257245299,-0.1420490655452078,0.012778298494304754,-0.08435601311230169,-0.24335991812763835,-0.29054373239039283,0.0836702114325123,0.14421610620705594,0.2502573284490263,0.3003217305518673,0.1350401124676492,0.29799259484624036,0.3052965085730488,0.22294311584986728,0.2951862470283053,0.24774783461935496,0.2409976232223384,-0.05382767647017467,-0.024701391855135705,-0.029906273132481176,-0.055261907439627264,-0.17187641302714007,-0.07277057814357861,-0.15101375438664338,-0.14240426834691283,-0.27738851675011617,-0.12641690655631938,-0.19811480047739738,-0.1745266861072718,-0.05189495911434003,-0.11451764102944859,0.01669464745263299,-0.18403947859719352,0.14475547984512382,-0.19728998662251043,-0.16278740848772918,-0.1922270838027718,0.23078274798245274,-0.21381288441193286,-0.11539018672641464,-0.15179848883527008,0.23054427778704614,-0.22991808271164718,-0.006206373712432552,-0.06412836994362328,-0.179165238700705,0.05071530930612609,-0.2179627713877723,0.21488292606619383,-0.23933118430195807,-0.01513370172680817,-0.270746533669893,0.17568725636257612,-0.2657468994944884,0.2527833509021781,0.03194705395857047,-0.022485077000121246,0.18714143285593451,0.010185684329874255,0.022543738507409216,0.1108348460546893,0.2378545646652223,-0.1408570570584501,0.007804636756417404,0.004474253053769352,-0.010655879059984307,0.12790062903449922,-0.027391171351801122,0.07529406723800249,-0.015414917827399666,0.016247943611142842,0.15728524667883448,-0.05002598610640864,-0.030690384141149534,0.1901540305653977,-0.08932495422615701,-0.3814300440016081,0.14582349691670543,0.15274366099334166
temporal_29,0.19408996025003286,0.23415840758310458,0.25960388623173974,0.03403322585182551,0.08410445627828357,0.25355288510127666,0.18292074799782598,0.22196035923628998,0.17562940488564643,0.08246532268509355,0.20680425852748052,0.07209306703714548,0.10621950441162943,0.2690174847368045,0.16606543448890623,0.16357322143789269,0.09077394185407055,0.21628147160472128,0.12587679885542927,0.4005821051937185,0.06780174758564236,0.11616696908756063,0.19276066357420732,0.30118188843483773,0.1726520825831165,0.20205962262037028,0.14508167351961743,0.1888610090146011,0.0692688047516215,1.0,0.1857422342727031,0.10323199092924848,0.10343658183768631,0.12769206173429784,0.07913937140214908,0.10336583460973868,0.10343658183768631,0.0621204942408231,-0.027429853048494462,0.07828691100765911,0.07741037059137214,0.0634113636673006,0.10897416031613233,0.024241482231218487,0.11556682425442343,0.08744253695571871,-0.09732911048125173,0.10220624145127412,0.10268062892370855,0.16295440550970602,0.18602126926938312,0.09680118275132071,0.05493852611577092,0.09513913300627182,0.16741059532194613,0.16349199455935745,0.16566438826433008,0.004359960339503754,0.11554780885673759,-0.022386573907750555,-0.129659914465883,0.08708928733286991,0.1479151973553892,0.06901245095817611,0.09856783792122664,0.03279463699275195,0.09726628760008638,-0.009592807747560146,0.1441403197765522,0.014191794681557117,0.054335981605861235,0.11347976976209988,-0.09460075232461773,-0.011785259465205448,-0.05603283639953331,0.0789141297478217,0.07674377797164937,0.0671289160361627,0.06679037637727754,0.0932831970632684,0.013430189695569587,0.11576813117657642,0.009870132752470919,0.17108645751656512,0.11748353388650387,0.10172553165448128,0.10252417033639777,0.11467634447338877,0.09929242688820916,0.0678283103193528,0.09342586795111857,0.08683795147774835,0.006963374899803396,-0.09186472545119208,0.09584064647837126,-0.06908812604035353,0.15204309407287053,-0.01231543888421877,-0.011503234861545237,0.09197896383571127,0.09729684481139893,0.03703421304782857,0.14683049946544877,0.11409268449177654,0.10365790162251062,0.04910049757670444,0.15119934425080442,0.11389524564897109,0.055504864707993304,0.0483883426937441,0.12086027189335202,0.09558133307410373,0.04948639401007623,0.1402818294485804,0.13957868283633093,0.18430786022069728,0.03327389143879682,0.21488844126223675,0.12300916430921623,0.17248796403120764,-0.018806656056422493,0.11864048520891932,-0.0050956217310351845,-0.002872162688428685,0.12468598853251002,-0.03984343263499675,-0.0744110191117919,-0.03800055525520652,0.11551076434049373,-0.014053610520487184,-0.07373513247652476,-0.07365304311923296,0.04197787880424145,0.08424912545275667,0.1204731350369943,-0.024289178159530828,0.08005877177017548,-0.04133834188672505,0.060789965872373695,0.04662218178853114,0.045511751704762425,0.09810868411342637,-0.02373247741389225,-0.10205580752516775,0.035977788079807387,0.034646123732692415
temporal_30,0.16340081669383208,-0.08169072808048626,0.5453015840892265,0.24256180058298896,0.43777031422928075,0.3262621097184634,0.14571081123069424,0.4993798057127179,0.3642878112213314,0.3526600342453467,0.4277703842259347,0.5251255235886283,0.4579366814475894,0.42381390133286495,0.34512651539231737,0.29183385429941094,0.5005283590927048,0.3564536882257692,0.13428090503017756,0.315491266800492,0.22352116957197607,0.4072219582562906,0.3319196821106613,0.4051901633775528,0.3772574789975965,0.1774325179143786,0.4656764862596198,0.23063486441559733,0.3764381091401748,0.1857422342727031,1.0,0.2557286855128091,0.499180404677221,0.07126955017206114,0.4168999388474338,0.49929831836613237,0.499180404677221,-0.16421540794424908,-0.3971672327780454,0.43908079835149183,-0.09971006472576811,0.036293836547603424,0.48602981253572386,0.08237813506386439,0.5129334427814368,0.38632836902560347,-0.33572601063429586,0.5229176193952503,0.5509838693000656,0.6072467024089876,0.6071427686102671,0.4662074592150893,0.46870933313038415,0.46722939280430936,0.5000606422235283,0.4855590268122802,-0.013018499120802813,0.021411394238898856,-0.08054447137909215,-0.18563422650604844,-0.39567414960065583,0.4549268423776411,0.459802212847867,-0.09324482496938208,-0.08264868458385309,0.0405755685348985,-0.01641183020538961,-0.021471358790267528,0.057526218662553474,0.041168232990911095,-0.03558105007806904,-0.2430039110904542,-0.37114907784367007,0.1743120638281525,0.21658563039119044,0.3831246740186905,0.4739846167544971,0.26451137996711777,0.4417943086837667,0.48539420495174534,0.27223543277177026,0.47556103024172325,0.2918751703638815,0.49714618976200403,0.0372785779671838,0.09441358280722544,0.025860201046406208,0.05857004711225437,-0.01328121867858031,-0.0360121432828397,0.027435893757601054,-0.029007150885413637,-0.1357668086611689,-0.1835187215573724,0.013491458323052619,-0.12347311162096461,0.03847104094681517,0.05294512495342426,0.2217385721155991,-0.12303721632983958,0.3690529112651409,-0.1951602141774975,-0.03718148399358441,-0.090803454996271,0.4416932784795431,-0.20322774880701372,0.09023751952305886,-0.06262001833364363,0.4220189159891155,-0.25533084435824016,0.15862227270993945,0.07886613005521509,-0.11101225092001404,0.2123792282334711,-0.04529942000469562,0.355922821966506,-0.16461240199967817,0.2192163953632213,-0.1610777082112547,0.3569876573121271,-0.24191745996345773,0.3461751921395033,0.05637531630125456,0.02874564689382368,0.4028014058143905,0.049637812888937316,-0.05877289971900156,0.008817209577137232,0.29884190789014276,-0.1131046137127584,0.07663286895751426,0.023811561565041942,0.15431200448329316,0.03290498537452908,0.06516165940548771,0.03345231138030284,0.13124337916057546,-0.034386141524845336,0.25392776067460193,-0.04934881544564734,0.026181409001863463,0.39598634886891726,-0.06447165682398184,-0.5231859037476623,0.10010800323461044,0.1182343536937317
temporal_31,0.27228429436845686,0.00814707187390952,0.16514648213744276,0.22594427175398527,0.20457148030484165,0.09645879441993402,0.0588688708418216,0.23401831813046767,0.11756921582642654,0.1799785781696831,0.13311464590483152,0.14422776549327798,0.3087794693432812,0.12508496559362195,-0.03481473329795683,0.0691476076587949,0.2325763710779798,0.0397619087596842,0.1217512188440349,0.1943706668695178,0.1784512410905201,0.27861935362857454,0.21533223938616922,0.11482083107638492,0.10614604126324279,0.14063108639483696,0.20310038412765788,-0.0013909247219412882,0.2784930615295414,0.10323199092924848,0.2557286855128091,1.0,0.2672452800179739,-0.10689662404945406,0.2183704055067131,0.26661069882183763,0.2672452800179739,-0.005609895342946247,-0.23368489225034803,0.2697144853371561,-0.18207779749483188,0.0163625733284581,0.2948795760253952,0.10212090500577138,0.27301984843375626,0.19165435796992644,-0.18355360203508525,0.30146962741242256,0.2842981331608642,0.18960086928395156,0.1644069516095195,0.2509245654484489,0.22146852934756323,0.2545163795118709,0.16433498141921293,0.1163614734975768,-0.16928552562086005,-0.25524735504432017,-0.2510178758174708,-0.21317649955849854,-0.11120891860898319,0.2494618031106529,0.14055109388109596,-0.028340011854432877,-0.011286827261426527,-0.16532916748226056,-0.2435193900560699,-0.12889567047321546,-0.04499560971050243,-0.16577381588772344,-0.1129132542686314,-0.31313631657651925,-0.11529955022168158,0.19941534605258038,0.3450682457820797,0.26899369330442435,0.2560255263528857,0.26201440667981185,0.22778384098002194,0.2729440453527561,0.430357408186894,0.1886330425413329,0.3791025444097856,0.09724892474368538,-0.19584570043793592,-0.05925398348896228,-0.17135276960714432,-0.16687712983079997,-0.2127675509369369,-0.07721482564235171,-0.19563741801243617,-0.1555811194057011,-0.16530270480673326,0.04005189869233568,-0.19520733446618008,0.010092014476137858,-0.12830145014112787,-0.08453316760344827,0.20204966396385232,-0.03271801422307262,0.1587991523120883,-0.07048510052752963,0.019950564549137986,-0.15298768127255022,0.13925132865629622,-0.1661124456133147,-0.12399767008843281,-0.14639596374943,0.15817169095868122,-0.20984440327910348,-0.01647208202062025,-0.06474645921609529,-0.1791047892414376,0.04259371186993189,-0.2138325411395893,0.15409119992563908,-0.2528520723884124,-0.031260936846409015,-0.25516892868860985,0.18484223836216612,-0.3009463689673306,0.10245798639236656,0.14955680440165467,-0.003310046141047375,0.11885498690864733,0.13425191113056942,0.061120978598944976,-0.05679549234761682,0.20457985971656859,0.14211878213806864,0.07921828045464036,-0.016339725997608502,-0.0202306082958757,0.2091640547810458,-0.10090071997811025,0.08708930273388393,-0.06923235245109875,0.02041195942938413,0.2372502721761486,0.06270631212107057,-0.011890477701523296,0.18878882913257822,0.02849856038013154,-0.3014656045675176,0.054706705752585634,0.06189332078689605
AGE,0.1390294622372763,-0.08784405040339668,0.2751648349698514,0.11558841359912328,0.3191770823064859,0.31078914191183654,0.06822746369335432,0.4898682007669988,0.317970345609229,0.34418866658401304,0.30770937258538045,0.2505429620537411,0.3418237306842618,0.37083905239567805,0.25443160947041216,0.006303987357415313,0.4228444668045684,0.2863395034559414,0.16561485531164738,0.14365025562479083,0.2700760121899391,0.3416551448440575,0.252562626965865,0.33190120226581515,0.17455041573643207,0.07646994365245473,0.3832926874589554,0.09857694593033071,0.3344714437247176,0.10343658183768631,0.499180404677221,0.2672452800179739,1.0,-0.17481061155808683,0.8460206972947047,0.9995795961334488,1.0,-0.23966042538627882,-0.7985910786677655,0.9309910703212106,-0.08171439121873193,-0.02707363505617217,0.9722533448076216,-0.13400321730386822,0.9962363747082691,0.898046006689287,-0.20707489368367624,0.9802164661001012,0.9732735856491672,0.8853282953294316,0.8590406740563782,0.9385312330709882,0.9409796046001159,0.9423660315722838,0.9219856634353093,0.7744714867675814,-0.2254496167402311,-0.252592008307616,-0.30885211880011776,-0.4712490478942701,-0.6686387279178841,0.8833452498430074,0.8109148806052967,-0.23948894397177845,-0.2423921027850365,-0.23697840313924867,-0.2461902330699641,-0.3627982056180988,-0.08590496163686223,-0.15625329684846745,-0.22033830114590036,-0.5249567791970642,-0.6965537868451559,0.3616477819520757,0.6124290602238904,0.8421701837719926,0.9583158883477828,0.3295384392124008,0.9325967963094863,0.9605574064431055,0.5031244983751664,0.9257130496885733,0.6790283982993921,0.8259341917212374,-0.24308958801525926,-0.07283384151015383,-0.22452547161673764,-0.21508033072385999,-0.29499659752334034,-0.12223025877974375,-0.30669629320969777,-0.21827033328766682,-0.43340490158164285,-0.19298222014551195,-0.43261015105692685,-0.21266122900402706,-0.1435818754985912,0.09811848215310134,0.5370387427497912,-0.2555709143542209,0.13723353850030684,-0.28022415110875953,-0.2012482167990943,-0.2759238613613192,0.2993507027060172,-0.3422127908781558,-0.09590253531852858,-0.27501090229954767,0.35993073547553545,-0.4372694417586881,0.006036183065624198,-0.099246014158322,-0.2657108897462058,0.06884566049790385,-0.23353338736526422,0.31048127887660854,-0.4128587739189025,0.09493243937220366,-0.3997702778256154,0.28483139074935754,-0.5567540416121323,0.6354446524986812,0.22147191045563533,0.025560934868653285,0.0880373527151547,0.31228344451362894,0.04616383614695239,-0.096965770041608,0.33352034049348617,0.02490514517103911,0.10857083716429808,-0.020543271798002482,-0.07132468674032391,0.19735908019167359,-0.1523639410662347,0.10093673274243838,-0.06857877862866406,-0.03633025176614657,0.41195814811866643,0.007249413729344259,0.037569876893047534,0.11178487309498922,0.06085138418504971,-0.9802337057497955,0.14919170815689178,0.15646868197959296
MATI,0.10438822371395279,0.018684243972311956,0.029300730896711435,0.022504564541050515,-0.011673041450082945,0.0414843377400263,0.14213039207056757,0.05181035724491966,0.009448420164243264,-0.02914659816596207,0.07691977020003479,0.10831952871910645,-0.00488686803458097,0.12281639103070212,0.1250181237562118,0.2132337803432852,-0.001085527553186005,0.17329494466349726,0.03262020758619671,0.1501485391073501,0.056285148869630146,-0.02783299962110084,0.10090275412829074,0.06480792761521018,0.0970213871204135,0.17911342676855202,0.05994342930103975,0.12837520465749308,-0.010140385545360897,0.12769206173429784,0.07126955017206114,-0.10689662404945406,-0.17481061155808683,1.0,0.05569483016072367,-0.17254179829664834,-0.17481061155808683,-0.10504828324112583,0.03508632508789628,-0.21892742276785454,-0.13188408486148154,-0.09767797374665559,-0.17686027808404547,0.1324324362559875,-0.16421875007349054,-0.26080311625839686,-0.09564312470306051,-0.15256283735999077,-0.1382378916536798,-0.08084041932689386,-0.10251175099259564,-0.2349229053032156,-0.223334728292453,-0.20438237306653131,-0.08977028030353529,-0.04577931492686116,0.5715296926187601,0.5449856713029011,0.43216432584746456,0.2659269039079493,0.14384200256230026,-0.03646078353580121,0.05746734389638378,-0.05157876445516478,-0.04257427536007316,0.025828210023339116,-0.01961933333774908,-0.12747243739387712,-0.10377125372748151,-0.023416250231902157,-0.0009715436333130445,0.12003275888525256,0.028459386718325135,-0.1075137054997188,-0.229815928379276,-0.2093645042631343,-0.23062964220494706,0.05617115381743895,-0.24465259349511878,-0.20455758758511947,-0.07303896310703419,-0.16398093183062576,-0.16872909200512584,-0.05415416979546544,0.8257861497104866,0.3060337187741905,0.8045301403026948,0.7287451237778181,0.6616428565198538,0.24381731871964724,0.686178034660501,0.5284419399564501,0.5356936299231528,0.1380141209430393,0.576655770475672,0.3626947564552651,0.8495858676564249,0.4717655886565175,0.15951870434190904,-0.03635584557046894,0.1815337519647244,-0.06489702810301799,-0.03651986812875041,-0.004391802190789963,0.1477801258041364,-0.04081125553694008,-0.029383872061174213,-0.03250700976562447,0.12759817438303195,-0.0531574236470863,-0.1165060782097458,-0.07513371850844143,-0.1402249701778467,-0.004666897504298026,-0.016715830283070887,0.28995367655721993,-0.10520368387033104,0.0266188754024115,0.020103565773947035,0.26632758654159094,-0.073847192451219,-0.05915686358861225,-0.06064767451323474,0.04988035711426812,0.24443145161293706,-0.13140049469138018,-0.02604990583880282,0.1350015047511561,0.15576203107528927,-0.11562822930446096,0.33582600582262656,0.22698986321371206,0.2991804726692756,0.22761807510674079,0.9842954593369225,0.28823023479996707,0.29605207946321865,0.026079225235585608,-0.037627748991917294,-0.07394139027611918,0.037057712368600414,0.1881190796763153,-0.11609548668679055,0.15244137929169516,0.03262405609429466,0.023232631973577122
JML_DEPLESI,0.12902957575620616,-0.060653367670057655,0.19934267106085762,0.10119607517469022,0.3129621563954906,0.16073517559159384,0.03750329369348404,0.3928480386175098,0.2924507949632542,0.2558828623515648,0.34674062606270073,0.24389666013689645,0.18090750614673687,0.24312524067675367,0.11494915253211098,0.1112009098942083,0.33071333882105,0.22666332128906994,0.11569134402404058,0.10648718615041963,0.17672742017013315,0.3223383225220506,0.15083255524150319,0.24655384814043,0.12000363824146984,0.14098356442572174,0.4031553113796405,0.15333326213734622,0.19441878041140578,0.07913937140214908,0.4168999388474338,0.2183704055067131,0.8460206972947047,0.05569483016072367,1.0,0.8456187172408266,0.8460206972947047,-0.19888550021891885,-0.7360646585639833,0.7760729900935665,-0.16646288932385034,-0.08573370959168158,0.8211568910288285,-0.1313447528640173,0.840136893660756,0.6963058782894428,-0.24885070993780223,0.8272193206380829,0.8154707471651044,0.7241531606838171,0.71200247977534,0.77924209245287,0.7758801959485452,0.7753731058934279,0.7512812943341428,0.6294662148325304,0.021770503707492693,0.005850397058267175,-0.04244472189076139,-0.19007457209855338,-0.36455680558038944,0.9522319638570261,0.8802608708304865,-0.19762458942320904,-0.20461207633727216,-0.20033892243767634,-0.21463905296251884,-0.3117545407054174,-0.14307986131999315,-0.2147281574250355,-0.2676582764205448,-0.5135594887842334,-0.6144885047572823,0.34763013741102955,0.5547374132952945,0.7236936444305855,0.7941050328549057,0.32858372193380353,0.766848919411455,0.8055719598786293,0.496240590319222,0.7528817115627258,0.6096757158764711,0.6660398628417055,0.049964797398494624,0.10489293377518807,0.011925690380044396,0.0725145151464893,0.05236396227636379,0.13591113279153105,-0.07024594564461611,0.10351779485851761,-0.015733116483600835,0.10416531623953598,-0.1680794696636548,0.1533272106778964,0.13079957759628888,0.4330281064356199,0.8280398617697491,-0.1937493967471995,0.20587875277391737,-0.2438090047825718,-0.13623150540928916,-0.22595398388685498,0.397148067000063,-0.35134093848195025,-0.002125327087695698,-0.26331279851888995,0.47562260929194966,-0.5066209281041811,0.08409127405148596,-0.16480308348703798,-0.3072384487370305,-0.01621000399103268,-0.29318343587512646,0.285492451335235,-0.43660194669227337,-0.013220207408365103,-0.4187544881070466,0.2783062419921571,-0.5354863915762154,0.5300939646742093,0.22289515334283674,0.021916304224712378,0.17798147908812062,0.302769104245754,0.07361327756260816,-0.08902788760594449,0.29529271343204666,0.06414991826724047,0.0815937304529398,-0.0071649817599962915,0.11726333434344145,0.1382942933558426,0.07762698321639183,0.07659198666162073,0.09368458411061971,-0.006863463399307133,0.40317972487790626,0.011897875312162291,0.036517901513525894,0.15845435617280876,0.07030792361940741,-0.8275284498658438,0.03795132980126964,0.04543202041637331
STD_CUM_DEPLESI_%,0.1402150451180845,-0.08938334187349312,0.27527202773946896,0.11552409793735272,0.31949437332948505,0.3114387683772721,0.06633870078551947,0.4897995973944435,0.3167033243573808,0.34375131974927875,0.30701690718766417,0.24811397389420595,0.34111840226017787,0.37036526035396816,0.2550061627155626,0.00642619787070611,0.42262150584376373,0.28662180947950017,0.16561271132991326,0.14372314670813083,0.268192752532705,0.3408319043418936,0.2525133182918409,0.3300553427729998,0.17346348101091877,0.0744118424757965,0.3816033257898245,0.09839667076107705,0.3339665651036615,0.10336583460973868,0.49929831836613237,0.26661069882183763,0.9995795961334488,-0.17254179829664834,0.8456187172408266,1.0,0.9995795961334488,-0.23941427332830234,-0.7987872542276507,0.9303317785288845,-0.08221829262990264,-0.028673678197441228,0.9718329409410704,-0.13405574437392215,0.9943834083152405,0.8949676253185748,-0.2069966426085375,0.9797019367698728,0.9732735856491672,0.8853282953294316,0.8590406740563782,0.9386480883666906,0.9399385080202652,0.9413386304817517,0.9219856634353093,0.7744714867675814,-0.22651843452013568,-0.2513310234458824,-0.3079413775966624,-0.4712490478942701,-0.6686387279178841,0.8833452498430074,0.8109148806052967,-0.24072956522135489,-0.24254519110752276,-0.23636050262658,-0.2461902330699641,-0.3627982056180988,-0.08366820620548478,-0.15825301060043717,-0.21953587455343096,-0.5249567791970642,-0.6965537868451559,0.36077834345615317,0.611402146339419,0.8416127780213698,0.9578420835062966,0.32969603165823985,0.9319288969997099,0.9601049469527914,0.5019110692120146,0.9257130496885733,0.6785074391864958,0.8259341917212374,-0.2423196366430256,-0.07407097569023673,-0.22290894549230839,-0.21479251168778496,-0.29454741844650806,-0.12302135498088515,-0.30544079454922174,-0.21827033328766682,-0.4329353828240017,-0.19377759402646394,-0.4313718561320023,-0.21266122900402706,-0.14303835499597303,0.0973949286879126,0.5362819598271666,-0.25597108602039464,0.13940096343527347,-0.28153595750502547,-0.20085450706137148,-0.2757748466925749,0.299456829533808,-0.3422127908781558,-0.09590253531852858,-0.2748736888863209,0.3601258319824133,-0.4372694417586881,0.006036183065624198,-0.09978437033156415,-0.26609525589138866,0.06885963433130692,-0.23343583177227298,0.3107728459656551,-0.4125528687528552,0.09493243937220366,-0.3996855917235295,0.28516261839732376,-0.5564092842168828,0.635924879708179,0.22137528493259218,0.026237650413901054,0.08831724344060067,0.31129697301714265,0.043134510453208076,-0.10083822685073333,0.33433723620560063,0.025415800667016316,0.11222357713882467,-0.016994225260098146,-0.07123140875904027,0.19815749868207921,-0.15008866246381783,0.10461107709903542,-0.06980516580824779,-0.039441469874687544,0.41226903915241214,0.008423801421920512,0.039145648529909434,0.11227615569258578,0.06003647285421242,-0.9797191728362504,0.15012056368479987,0.1573382875611714
PAKAN_STD_CUM_GR/EK,0.1390294622372763,-0.08784405040339668,0.2751648349698514,0.11558841359912328,0.3191770823064859,0.31078914191183654,0.06822746369335432,0.4898682007669988,0.317970345609229,0.34418866658401304,0.30770937258538045,0.2505429620537411,0.3418237306842618,0.37083905239567805,0.25443160947041216,0.006303987357415313,0.4228444668045684,0.2863395034559414,0.16561485531164738,0.14365025562479083,0.2700760121899391,0.3416551448440575,0.252562626965865,0.33190120226581515,0.17455041573643207,0.07646994365245473,0.3832926874589554,0.09857694593033071,0.3344714437247176,0.10343658183768631,0.499180404677221,0.2672452800179739,1.0,-0.17481061155808683,0.8460206972947047,0.9995795961334488,1.0,-0.23966042538627882,-0.7985910786677655,0.9309910703212106,-0.08171439121873193,-0.02707363505617217,0.9722533448076216,-0.13400321730386822,0.9962363747082691,0.898046006689287,-0.20707489368367624,0.9802164661001012,0.9732735856491672,0.8853282953294316,0.8590406740563782,0.9385312330709882,0.9409796046001159,0.9423660315722838,0.9219856634353093,0.7744714867675814,-0.2254496167402311,-0.252592008307616,-0.30885211880011776,-0.4712490478942701,-0.6686387279178841,0.8833452498430074,0.8109148806052967,-0.23948894397177845,-0.2423921027850365,-0.23697840313924867,-0.2461902330699641,-0.3627982056180988,-0.08590496163686223,-0.15625329684846745,-0.22033830114590036,-0.5249567791970642,-0.6965537868451559,0.3616477819520757,0.6124290602238904,0.8421701837719926,0.9583158883477828,0.3295384392124008,0.9325967963094863,0.9605574064431055,0.5031244983751664,0.9257130496885733,0.6790283982993921,0.8259341917212374,-0.24308958801525926,-0.07283384151015383,-0.22452547161673764,-0.21508033072385999,-0.29499659752334034,-0.12223025877974375,-0.30669629320969777,-0.21827033328766682,-0.43340490158164285,-0.19298222014551195,-0.43261015105692685,-0.21266122900402706,-0.1435818754985912,0.09811848215310134,0.5370387427497912,-0.2555709143542209,0.13723353850030684,-0.28022415110875953,-0.2012482167990943,-0.2759238613613192,0.2993507027060172,-0.3422127908781558,-0.09590253531852858,-0.27501090229954767,0.35993073547553545,-0.4372694417586881,0.006036183065624198,-0.099246014158322,-0.2657108897462058,0.06884566049790385,-0.23353338736526422,0.31048127887660854,-0.4128587739189025,0.09493243937220366,-0.3997702778256154,0.28483139074935754,-0.5567540416121323,0.6354446524986812,0.22147191045563533,0.025560934868653285,0.0880373527151547,0.31228344451362894,0.04616383614695239,-0.096965770041608,0.33352034049348617,0.02490514517103911,0.10857083716429808,-0.020543271798002482,-0.07132468674032391,0.19735908019167359,-0.1523639410662347,0.10093673274243838,-0.06857877862866406,-0.03633025176614657,0.41195814811866643,0.007249413729344259,0.037569876893047534,0.11178487309498922,0.06085138418504971,-0.9802337057497955,0.14919170815689178,0.15646868197959296
DELTA_PAKAN_ZAK,-0.09901719784665558,0.06662386739801686,-0.22015022458716324,-0.21712019384938921,0.007422573198167918,-0.14519850985955168,-0.10737812159960844,-0.037730715984371686,0.027158930878484762,0.03479124720063723,0.01483736189034654,-0.18993292100313028,-0.1801777000912724,-0.03445512581908917,-0.2295025083681318,-0.1845043303027207,-0.04124237270472546,-0.15820546323954549,-0.04181888122645005,-0.07220278775756367,-0.14203712126209028,-0.11191677305555238,-0.2394998367538846,-0.05389621475656926,-0.16942130143401768,-0.039780784163357064,-0.09116252450864083,-0.05639306246426061,-0.1878194001258285,0.0621204942408231,-0.16421540794424908,-0.005609895342946247,-0.23966042538627882,-0.10504828324112583,-0.19888550021891885,-0.23941427332830234,-0.23966042538627882,1.0,0.49518726165232224,-0.09471211561816961,0.3940783920382414,0.24313895207489059,-0.22969126703823117,0.05307222960641749,-0.23283421238928495,-0.012967348473260556,0.18689329980837605,-0.2884009048437764,-0.25679841632369144,-0.2738365061635521,-0.1900660642544963,-0.06752219603631417,-0.07602893833082137,-0.1025330140072412,-0.16273551846489576,-0.18192921164570036,-0.12100922398657431,-0.17553242221740237,-0.14647760623313663,-0.019877183690484104,0.1170399858018901,-0.14431249663986107,-0.16028121483271696,0.6965672331042005,0.5370263623960687,0.42437242676470754,0.25372464080105106,0.24521452165901675,0.3357543451805317,0.3381277488310739,0.28160129279523033,0.2095838281260757,0.20728994657496308,0.19255850788481294,0.2790838810197757,0.12650728916591603,-0.08262631094892034,-0.15009369388110227,-0.046131695254617806,-0.10944476422316968,-0.025950799632252237,-0.08697014194163741,0.10172908135914155,-0.13802645556375126,-0.16221555375831317,-0.06331984281512135,-0.1446552328189099,-0.15025564477912098,-0.17690761684220405,-0.1630769676975961,-0.08268223849993138,-0.19988200410695303,-0.11263141045155897,-0.1271954839096563,-0.026380267930502767,-0.15223827993227335,-0.1454275738176354,-0.2454966504673423,-0.18794124051758213,0.8428092400036805,-0.2762300002304108,0.8160779672624858,0.7513706624205535,0.7309964769318684,-0.4800884237954133,0.6987001066987564,0.5171759350896182,0.6522351823216436,-0.4925263757489062,0.5936885179489565,0.39049674262112116,0.40610862088057664,0.4286070708315571,0.28386647652089164,0.43476115070714266,-0.21178857415207883,0.40708004586747887,0.22311022492053648,0.43039601586171533,-0.22817048356400066,0.3650879794689327,-0.048303078456995704,0.27345990408768106,0.04360494166630343,-0.2715156147159464,0.3620424347719402,-0.059321285982549356,-0.02777165467727525,-0.214883450265977,-0.0039686796198623465,0.032392619085801544,-0.010998028723835259,-0.03276235490468813,0.05732849049354014,-0.11015693241798181,0.03282282233063345,-0.05232674407197346,-0.04873049401068506,-0.19634493401275027,0.3623963377675915,0.06897497073938658,-0.301394460338756,0.4029779209641272,0.28835662509776266,-0.006176055389123094,-0.027771337643828557
DELTA_PAKAN_CUM_GR/EKOR,-0.18354104779625083,0.2147520770487009,-0.279685941467084,-0.20141101489130356,-0.1852637627256078,-0.2587836360915269,-0.07185034166748984,-0.3833149074725535,-0.12355223519984959,-0.1676296356695006,-0.1865609745111797,-0.24264051686481278,-0.3048434432949926,-0.3172181180737648,-0.25443108923829344,-0.09055807816974357,-0.27345658727731725,-0.2933030417901545,-0.0901174182394573,-0.14174999008415154,-0.24478829426524212,-0.34596604143897086,-0.3077934971883846,-0.18085416137174012,-0.1570131154304012,-0.05215700793917112,-0.3579541347987894,-0.09361550645906355,-0.2806118348840018,-0.027429853048494462,-0.3971672327780454,-0.23368489225034803,-0.7985910786677655,0.03508632508789628,-0.7360646585639833,-0.7987872542276507,-0.7985910786677655,0.49518726165232224,1.0,-0.6633840633251075,0.4625731119985943,0.22195746537894293,-0.7794462736186288,0.12214030453445239,-0.7944319978968644,-0.5609348630190273,0.2470340333750092,-0.8042516833190027,-0.773927892168246,-0.6749572532450545,-0.5855219602631145,-0.6716626093644161,-0.6754301923593278,-0.6820230138558374,-0.6749294385739597,-0.5643253002307258,0.0839039978785767,0.10139169662342025,0.15341904318143398,0.2816081483875251,0.43705624525139647,-0.7267500229742934,-0.6661545335666298,0.5236016643309586,0.5220690247461056,0.5072253503483074,0.47830287341832256,0.4746586903986831,0.2704745398493696,0.3285847730698595,0.3662858320554157,0.5678479661141572,0.6006137781034866,-0.3338061374275236,-0.4588930868695065,-0.585712396902569,-0.6850979608388319,-0.32909578251451266,-0.6527183448450065,-0.6983930304695387,-0.4095989358017252,-0.6560818771762447,-0.4611974901984958,-0.5492643496359958,0.07186853340256356,-0.010066907944569376,0.09846153960102487,0.05343452354893095,0.08876981504588281,-0.031319890518159484,0.1724320111121294,0.02236972187085481,0.16458949463358782,-0.0459048209714698,0.268045081886652,-0.04605229219635159,0.00028986008659622706,-0.22474470547673261,-0.5718147826234469,0.5837745757707598,-0.297044932841243,0.5946982114493716,0.49227881743821145,0.6497623457048631,-0.496774626869493,0.6642331077634163,0.41506244236615725,0.6959195878184289,-0.5445702331141072,0.7186698907766258,0.3363967757920212,0.3489855021557407,0.47384852712495606,0.17060437729334124,0.49762406227517497,-0.30461905660420163,0.5703621416414529,0.16269464665086,0.6446739375623607,-0.30830444906315807,0.6410956934415228,-0.510404135089085,-0.17688422004607834,-0.011465280239898656,-0.27303740804578464,-0.22499354686445502,-0.04222885905481873,0.0752782927326637,-0.3402116305561973,-0.011884370226565582,-0.08915655013871969,0.005322927130155307,-0.00281432138360268,-0.16349798353378797,0.01844559189411732,-0.08447154042181566,-0.007944531692087258,0.01846798718048291,-0.3977198528617224,-0.001992543685346833,-0.019348122503869518,-0.29685650942375247,-0.04949620053703055,0.8042983068123783,-0.0464389052202828,-0.058312163650183685
DG_ACT,0.13322837346089156,-0.08071377523155722,0.1920570736735509,0.0828281843303075,0.3139359527355483,0.2587752214440345,0.038588808997860935,0.44380423183622714,0.31427406892715914,0.36501637327553094,0.29171677575276034,0.1866804987288959,0.3015583506356986,0.32951439737141425,0.21177766175667356,-0.04209417388998578,0.4150250525235753,0.2478241940592954,0.13875717953836234,0.09076538657636213,0.22642059021180463,0.33164766662295264,0.20386540987975713,0.3054728798697807,0.09711816756341364,0.06290210010873076,0.348012015062372,0.044291202620310596,0.28258925426924597,0.07828691100765911,0.43908079835149183,0.2697144853371561,0.9309910703212106,-0.21892742276785454,0.7760729900935665,0.9303317785288845,0.9309910703212106,-0.09471211561816961,-0.6633840633251075,1.0,0.08241377495285945,0.26861128850766514,0.9094831496229355,-0.18648278668333365,0.9288583647876953,0.9254032866926801,-0.12160573992638486,0.9012543923503542,0.8974633883396161,0.7955453999940918,0.7982112872621856,0.9329589892850023,0.9164711061711942,0.9130307240706402,0.8751266087787378,0.7071243945681503,-0.26970410944932377,-0.3055061000193438,-0.34077137635069055,-0.5117856485778041,-0.640830303118536,0.826161034314602,0.7438640806309051,-0.10736848142186788,-0.1265806203020621,-0.14119802184804828,-0.18907781600383827,-0.26832517958747876,0.0055213985135033885,-0.0834820020073424,-0.14568878543547092,-0.4732451146620571,-0.6266455096930158,0.35562039461276995,0.6442684796158887,0.8572704825100701,0.9707419186227264,0.3001412432643421,0.9548316764916209,0.9633413203151611,0.5090627206575365,0.9175074384906562,0.744666541424066,0.7855108423142418,-0.30344297082896626,-0.08616161470589957,-0.2769342885222271,-0.2685732156726065,-0.3556094955084696,-0.17767845122887854,-0.333750914029001,-0.28467032698069866,-0.48601000988044957,-0.24492883491528789,-0.46404011554575886,-0.275800842891949,-0.19976641569215825,0.030161952996370398,0.4693899902831192,-0.10290678362788527,0.05359352667641907,-0.12459522197862113,-0.06960283738087279,-0.13278928286094024,0.16421326672928108,-0.18948008383370732,-0.0003204380594492432,-0.13410434240048535,0.2246868574324287,-0.30097109395650595,0.10695472640235777,0.10358395636519271,-0.06685436079669642,0.21378080549162123,-0.08012827665618169,0.2165804735378178,-0.258216788006438,0.18917815513691494,-0.24817317397131403,0.18282244078116636,-0.4281657436143714,0.41254543173520186,0.2550979531906904,0.0409240075535586,0.014968512644163963,0.3610560403686076,0.2064855172836922,-0.024437609016198975,0.24931967622718829,0.22613139595089476,0.11123897791438639,-0.03228011869152819,-0.09105423336663299,0.19374579968081318,-0.19954941650858485,0.10389064977375184,-0.08426476752257568,0.12904760017643988,0.3813234074301896,0.039973524700342315,0.041139220800750456,0.026573527488334796,0.10509401302156765,-0.9013316178008703,0.11310198872588091,0.11537856986540669
DELTA_ABW,-0.17944039925322655,0.14340024526838344,-0.13886990343981598,-0.23732457812710392,0.0068848840630477024,-0.047423759343968364,-0.06524785761185502,-0.007931138841931753,0.09324957906848391,0.08564001548240761,0.049411698322388314,-0.12523402717169768,-0.18801981770675813,-0.08938036861792968,-0.1429624191511526,-0.17934217294789737,0.0026196784974001778,-0.1533723836079687,0.030973811464898648,-0.09922094499955887,-0.09390120682951206,-0.21458087823904712,-0.22307498141509502,0.10427407327897063,-0.0662818487478183,-0.11550099347199243,-0.13943485870748867,0.011333401577012507,-0.1975588120021051,0.07741037059137214,-0.09971006472576811,-0.18207779749483188,-0.08171439121873193,-0.13188408486148154,-0.16646288932385034,-0.08221829262990264,-0.08171439121873193,0.3940783920382414,0.4625731119985943,0.08241377495285945,1.0,0.5041829869223975,-0.07534593508606366,-0.5011316512879741,-0.08229607687959323,0.25584924388480074,0.3131308766160737,-0.20174239211125358,-0.15598076007065037,-0.12202670075555715,0.017103986771317668,0.07036712082933229,0.0561242252161338,0.044451557187614454,0.03181900424630936,0.043928460717699236,-0.13380537380323615,-0.14227124343395284,-0.11573944054082955,-0.08360633827266767,-0.04200767986091064,-0.11890889536854615,-0.07083676932780748,0.42058394763033674,0.41186097902644553,0.40442919484057366,0.4149979048170792,0.31607765478615285,0.48059454151014536,0.439482765675016,0.4140700456836594,0.3912292747097984,0.21634477370409758,-0.12859656584485124,-0.06235674295168524,0.0314417653962103,0.07643486866360023,-0.17051226178559223,0.10073581191458589,0.053267309420148685,-0.1464529296923976,0.09722099921091996,-0.009217327937917588,0.16023384258361917,-0.15823834529039538,-0.10558017582601495,-0.1386625785284013,-0.1656410854509868,-0.196680269745089,-0.2200510635649347,-0.08803538432988335,-0.2520630421803147,-0.2142047759140671,-0.32341400707286866,-0.03836396659999915,-0.3350382950253747,-0.15313306174889046,-0.21403521712107113,-0.26919488260168895,0.4824480479642752,-0.32933867888500473,0.49835470988429936,0.3989824594004276,0.5253236140898767,-0.4119199719087457,0.5347725140402423,0.4481243742292888,0.5774438568120235,-0.42902478858051923,0.5382918824439106,0.4422543545024221,0.6112112895167782,0.6335997530313161,0.4712938712079557,0.7240611030304819,-0.26484652641720013,0.6066654019436017,0.4117817429184211,0.8318184145490558,-0.30425840700188744,0.5369809609934768,-0.20550018298706482,-0.01656229641927341,0.02786965594465561,-0.3020372133204297,-0.00822410342374191,0.018406130965066377,0.00582080642735425,-0.20264882496798062,0.07591975421683927,-0.0016138626196570177,-0.02480170868189996,-0.12408770780528393,0.0030055071036491276,-0.13056088873045268,-0.006882625523599605,-0.10626198754851328,0.010815389612660656,-0.17277090414710572,0.005070784329007406,0.0057949682248755584,-0.3579469884949518,-0.01731628790941553,0.20177900732308027,-0.048188639959846444,-0.050740149171548087
DELTA_DG,-0.0063554619276732244,0.06249250341644156,-0.02738268332100461,-0.032336450537047194,0.060913631846602784,0.026766640139275127,0.05421550726591912,0.04318068895188572,0.16566003462317105,0.10253673490491462,0.13932711050232494,0.0321223993404645,-0.06558737194545484,0.020701326683832205,0.07406731062841165,-0.017404806428968484,0.09561441553599039,0.03776810586372427,-0.017636343241177438,0.005437682385394292,-0.08283763716091,0.010325440655464806,-0.07660625528357967,0.11589553641449674,0.008163577153388609,0.05041741337847254,-0.024024001661182088,-0.03083992454822681,-0.09801223453049455,0.0634113636673006,0.036293836547603424,0.0163625733284581,-0.02707363505617217,-0.09767797374665559,-0.08573370959168158,-0.028673678197441228,-0.02707363505617217,0.24313895207489059,0.22195746537894293,0.26861128850766514,0.5041829869223975,1.0,-0.01650905490596746,-0.3129496770666448,-0.013374565714978552,0.18040662723821846,0.2125044631955228,-0.061401933712620246,-0.0513882413600341,-0.04556800315310428,0.04634799741290745,0.08020950512429194,0.04644659997537355,0.040422035006557264,0.033358539938905724,0.06651403995265058,-0.09045103161961321,-0.051266633241239604,-0.03291753090691152,-0.07314534017840485,-0.06621140487305928,-0.03723803219813382,-0.0033440704777449827,0.259230283331521,0.23595154650634192,0.18391017373553373,0.179513949517116,0.19434936782724974,0.3059620764942825,0.27091897280250615,0.2669215993834187,0.17783567617164764,0.12225081569803334,-0.1059780089595372,-0.017262827896385866,0.03562118507691196,0.14419309766617266,0.05101203684315274,0.13196625871534065,0.1371129778585444,0.05307706850606506,0.10175517809331958,0.10047730811341002,0.15882631171222958,-0.1079488433851158,0.022557236724248385,-0.10967530695459013,-0.09099389722822378,-0.07621687427993093,-0.07853206897506128,-0.038937152953318024,-0.12395269599691008,-0.10968766541367911,-0.14355565916621318,-0.022200047410228543,-0.17325341301324115,-0.14266995354384696,-0.1636786863303229,-0.17744990034257,0.29123386924052513,-0.18636921305078286,0.3195929087241,0.2342494524821654,0.28313421571620323,-0.22693508957991573,0.3186997715477142,0.2240620899318115,0.3142743222867458,-0.22998077028188027,0.312736473783353,0.22380034089537382,0.679632323947821,0.5928770582928029,0.5478029133446609,0.5499110132639996,-0.1253787984190381,0.4630386953841376,0.3743019806352619,0.5275571123576198,-0.16865606794656102,0.38812964840031994,-0.5727988963330207,-0.001713610779048695,0.03216492167966733,-0.15795860219557248,-0.0018776935185783605,0.44475229945959677,0.2790955807379843,-0.14373861637897514,0.510614349257368,-0.016985946124967864,0.010362503069126264,0.0072617623610592074,-0.09718039082169345,-0.1159050105526093,-0.00774690963966199,0.011359802952559013,0.48820535364891277,0.061107480216483406,0.03772919302898924,0.010114044940258287,-0.2003737508759316,0.034735969961477216,0.06128452409637338,-0.04578339372671934,-0.0483138067291401
FCR_STD,0.15332184609786925,-0.07687391885397678,0.27847280384025097,0.13438573767926834,0.3124292884220949,0.3123049369978527,0.07177559378696009,0.4905156450954892,0.3087538915285262,0.348767945206525,0.2924708461241816,0.24874212352416517,0.3368585615955738,0.3786555491561946,0.22812007224007225,-0.005533280079049475,0.4160463013554192,0.2728757602867484,0.18842467698085028,0.14529030499994036,0.2931255660357675,0.3291896971882449,0.24264300806545086,0.3143173003377415,0.1786044464384944,0.0587724173885864,0.3925198608395892,0.0957826808068991,0.33324622872712284,0.10897416031613233,0.48602981253572386,0.2948795760253952,0.9722533448076216,-0.17686027808404547,0.8211568910288285,0.9718329409410704,0.9722533448076216,-0.22969126703823117,-0.7794462736186288,0.9094831496229355,-0.07534593508606366,-0.01650905490596746,1.0,-0.19376294330989335,0.9683966845105714,0.8669438139165694,-0.20096487822763745,0.9512484648082465,0.9476282109960721,0.8474441905334094,0.820965669885969,0.9169483815748468,0.9118128175129112,0.9151710035412657,0.8868746542831669,0.7265256213805864,-0.22573212837451745,-0.26870339921562714,-0.3238331672045972,-0.46911145969859097,-0.6215978435064428,0.8613950532409631,0.7706910715582149,-0.2423474388057287,-0.2504087560667808,-0.23833174544884583,-0.2638789221490547,-0.3583996166032851,-0.07813806195603978,-0.15733477469392046,-0.21608447342678552,-0.5391326308939016,-0.666314343012295,0.356516915563068,0.6001328919892651,0.817656122020085,0.9334915161325413,0.3241374137556841,0.9083015568902999,0.9333648055109994,0.5172772415210088,0.8962466322252505,0.6776734758329294,0.783139964565949,-0.2489307093586531,-0.06621790971970189,-0.23465246894424538,-0.21436830079506247,-0.3089468775396149,-0.12132553629496956,-0.323505484577863,-0.22419225607693744,-0.42441972754842733,-0.17459429082765407,-0.4282377262696168,-0.1959900826599004,-0.14483293748390755,0.08314038945816452,0.530327385981303,-0.25583268884898336,0.12706943367135115,-0.2765635968591958,-0.20674176558451773,-0.27617364853986187,0.2987536053011741,-0.34406375845282566,-0.09506683263053321,-0.27726849173904417,0.364709527935215,-0.4421430502299079,0.021264324181891146,-0.09718481781375747,-0.2651418560675833,0.07432877774321808,-0.23546520251438752,0.29908443589593725,-0.41356181912508155,0.09264932851622876,-0.3932558798208572,0.2669869031904785,-0.5447111610110992,0.6095595483581651,0.2275528767058167,0.02412801655538261,0.07200958726490357,0.32444921146920874,0.05271825390727482,-0.11292209373669965,0.3223700356356089,0.04039109492824711,0.10831507014048598,-0.02513407292729288,-0.07446397328283538,0.214722264536188,-0.15436528385957868,0.10090234285667905,-0.06208203814539242,-0.03021620914304966,0.4062624099728352,0.013563499992001706,0.03433234335264643,0.09647788037074688,0.07548108522731081,-0.9512826538143292,0.14661706096128704,0.1526942041820323
DELTA_FCR,0.12720158116995137,0.02095362940039452,0.035137364539477,0.1356490280105448,0.0245421716536325,0.004156246838254489,0.06891265130636676,-0.045732934688027665,-0.015405266175416064,0.030961181829147293,-0.03891293109038403,0.037349220229516894,0.20946711913901808,0.022479252927081656,0.09130484573078894,0.030918151326855575,0.011737735966970628,0.06373939802163545,0.03459434115627789,0.17419850196093278,0.07292251123116454,0.09217061921345604,0.13872554394023281,-0.023447384634600586,0.07465765167937491,0.17118550771640212,0.027231804779164093,-0.0236273601484376,0.22863930310802827,0.024241482231218487,0.08237813506386439,0.10212090500577138,-0.13400321730386822,0.1324324362559875,-0.1313447528640173,-0.13405574437392215,-0.13400321730386822,0.05307222960641749,0.12214030453445239,-0.18648278668333365,-0.5011316512879741,-0.3129496770666448,-0.19376294330989335,1.0,-0.12187125810893285,-0.2757996991335435,-0.22139060333697252,0.007781123073675749,-0.01599638058911342,0.026445721867158725,-0.04453056364083327,-0.18309208983265177,-0.1625395755915328,-0.1593025188383315,-0.12765903233608683,-0.1705274704403518,0.11483049920110239,0.10497224277220907,0.05536399088491029,-0.08467130387890305,0.0024681179609683376,-0.13234813118916552,-0.14449689318527342,0.0714879022850721,0.06960248507505606,0.05350145696510649,0.0015963607855990468,0.0102402685568248,-0.2740886121707395,-0.22003655287487559,-0.2170553240799582,-0.12332599001522333,-0.06278171298768817,0.08055083655671591,0.02655622900794939,-0.04123929107042518,-0.19255944283777748,0.08857690205445888,-0.1899309331069783,-0.1726088826117262,0.059073786545783706,-0.17651753791727887,0.04822667548448767,-0.23068355125617507,0.13259998558598343,0.034087426664644295,0.1883921574010093,0.11072181518675125,0.07005502906911765,-0.03586258571740535,0.1627349894368505,0.06155957551824529,-0.00487291350292602,-0.015945659193002105,0.0860853881940564,0.026959535514534283,0.10791924254146693,0.016950049546347257,-0.06351454159971377,0.06243565670271972,0.15847706315616572,0.018442723631632168,0.0924517617313687,0.08533086817361465,0.032843979569471146,0.047787909506407704,-0.014974383835196581,0.10197425042497522,0.004414808805261428,0.045761050655642815,-0.018230250705163164,-0.3439701044623506,-0.33212613852303685,-0.24384058274506132,-0.3712611251340362,0.20391441942204064,-0.29153188392691354,-0.1720662888179507,-0.3967445430449729,0.215696103904332,-0.2752395886142784,0.14816586277158986,-0.016720418987341744,-0.010357110705905942,0.20769690991649528,-0.010243249356692385,-0.02788355098094983,0.07680290335203166,0.11572290154690988,-0.09125841808677677,0.02711146328791467,0.03156782224244683,0.10346230685994458,0.0017453882767081168,0.12296960627088477,0.019559126768192908,0.08313444241308246,0.0022693130064739436,0.031793809778258214,-0.022861868805288843,-0.017935602061629127,0.23538896272924792,-0.017379498496614517,-0.007660713874239983,-0.011616020616215613,-0.012558661919142155
IP_STD,0.14851254116011656,-0.09180182839365107,0.28288392060579076,0.12004199400705214,0.321626455086093,0.3247814234874284,0.076576765363567,0.5125669205568142,0.33084046040575393,0.35544804111929024,0.3194812137226187,0.26570368761419605,0.35307401547106365,0.38522958476103225,0.2693208981922353,0.00725407328823831,0.43817698954221923,0.3006380557813868,0.17521299423719872,0.1596106747324774,0.27910781164587284,0.3595873129606052,0.26759660613692915,0.35150114153297773,0.18770596402049447,0.0869351256072214,0.39314926439142545,0.11412366777343846,0.3468245454410902,0.11556682425442343,0.5129334427814368,0.27301984843375626,0.9962363747082691,-0.16421875007349054,0.840136893660756,0.9943834083152405,0.9962363747082691,-0.23283421238928495,-0.7944319978968644,0.9288583647876953,-0.08229607687959323,-0.013374565714978552,0.9683966845105714,-0.12187125810893285,1.0,0.9012550513087828,-0.20429818721664375,0.976206558750109,0.9760025126464674,0.8873247667674636,0.8607025798360105,0.9374129539154366,0.9448574222740246,0.9479222948728874,0.9249189971946936,0.7768304195196943,-0.21017161034362658,-0.24510818515044672,-0.30154709426973336,-0.47308684162196885,-0.670935743828076,0.8864394255657072,0.8138603030396263,-0.2247123381963276,-0.23042160691242444,-0.22941113614814543,-0.24840251988051223,-0.3650763154720887,-0.07107036791858756,-0.1304657909151586,-0.20401843916963852,-0.5272945422350982,-0.6994026262724825,0.35408457134909116,0.608834940482925,0.8402731934594059,0.957777347190504,0.32388333643188755,0.9346169123168572,0.9584207023256553,0.4981061033956846,0.9335031528893102,0.6776873512271595,0.8368094658630378,-0.23269187563047053,-0.0641456588334474,-0.21332390812572677,-0.2063753764018037,-0.2896335312971669,-0.12749658601262023,-0.29629710283928457,-0.21923380378041177,-0.42890676280259665,-0.19897642724761483,-0.4245103678431702,-0.21444497522719422,-0.14132476138322744,0.08090696405007364,0.5282671887391142,-0.24312615798126458,0.1322621934928191,-0.2634661681410217,-0.19524524906558885,-0.26742963674721804,0.29005442166897244,-0.3266967101452141,-0.10119535034798649,-0.266148481996059,0.3508217288356213,-0.4237784080980025,-0.0004595411611667216,-0.07815045559397346,-0.250469950953433,0.08854368706152438,-0.21799103139463374,0.317834126134458,-0.40078767777240254,0.09763223404530182,-0.3850433453930645,0.29089431142073285,-0.5470329802870394,0.6320823856578792,0.21651118529307814,0.021840247380480706,0.09393179666111146,0.3062868896680436,0.034146848876783174,-0.07889661476012598,0.3362911243636642,0.003261039166691793,0.0984735730521783,-0.026062258093273706,-0.06435681446336568,0.18911724624242257,-0.14549317217387303,0.09174534862139955,-0.059321107482395684,-0.03575860698893048,0.39916987350580446,-0.0017992146760214384,0.02913162044004292,0.11429980638324255,0.050959769520130045,-0.9762255723442649,0.15191153269724386,0.15890116527808718
IP_ACT,0.07905860818920572,-0.0578423127931767,0.1283557167267109,-0.02891076605180219,0.26780246777065475,0.22386965001954462,0.0053791989063218006,0.4565063152618486,0.3111844751516851,0.3802970384957326,0.25924534162588975,0.15383262523352895,0.24507638727890615,0.30247088532817645,0.14170872835052734,-0.13162822601525961,0.3846891087038718,0.1965316094856905,0.1647420300024552,0.04540452445178542,0.19401342656579784,0.25903578795676213,0.15439442727300173,0.34360737296286287,0.06318906308286318,0.014503185345416102,0.28768265437400925,0.050587841025469316,0.24257167862250448,0.08744253695571871,0.38632836902560347,0.19165435796992644,0.898046006689287,-0.26080311625839686,0.6963058782894428,0.8949676253185748,0.898046006689287,-0.012967348473260556,-0.5609348630190273,0.9254032866926801,0.25584924388480074,0.18040662723821846,0.8669438139165694,-0.2757996991335435,0.9012550513087828,1.0,-0.06019061038320824,0.8309528560423991,0.8468505945743452,0.773693138854696,0.7863059536352005,0.9268782317351523,0.9269246083146738,0.92347907590502,0.8714332235509302,0.7039724758792764,-0.30919012754393554,-0.34262626173435884,-0.3905893841790188,-0.5234471419948341,-0.6759688071240175,0.7613122790341827,0.7041723672148157,-0.016946932249816964,-0.031020813474107095,-0.04841290769192438,-0.09281879054170886,-0.23778445355934713,0.10929131924826957,0.037865016601935926,-0.04964991167787893,-0.36539631635591757,-0.5967433550556702,0.32737025026651306,0.6168681570542919,0.8551725458783476,0.946012610887449,0.21181648270469602,0.9416249597174026,0.9290012418801947,0.42836067281033413,0.9171948816542568,0.6975442532837567,0.8134670827515785,-0.35270959549126607,-0.1396628984933242,-0.3082647852909062,-0.32601369046464196,-0.42489828050970985,-0.25560568789245375,-0.3744392686285094,-0.3665072228093454,-0.558382766638555,-0.331945617928998,-0.5057297373682613,-0.3723261360933565,-0.2558188036276873,-0.05323148619428379,0.361186127935721,-0.008837365470472182,-0.0395528952734527,-0.015381221273372239,0.001846472897817348,-0.02866928853324725,0.03946755231109181,-0.06910688898728023,0.06796263199262473,-0.020071460773727307,0.09712646015971778,-0.1680814535598364,0.15640625786271256,0.14651645942033398,0.005501130485243335,0.24188489021617637,0.029551365371388905,0.16578008770545577,-0.17066395666409115,0.23383316321686853,-0.10069368985942105,0.12797406697390587,-0.3416770832650533,0.4977807282089102,0.23762535314806252,0.025948106006550713,-0.07891224253825274,0.3401364354745473,0.046254058031416634,-0.09359357867711493,0.20551901971846398,0.0476417677163873,0.10207337990349355,-0.03157331787664656,-0.15952597551421302,0.1855416093914511,-0.24194764755562095,0.09614598568991863,-0.1365852357647034,-0.027936951857546855,0.28215814200838446,0.034577497152930035,0.02912236751350806,-0.07525602943667771,0.08654339237091242,-0.8309143724203532,0.13390008273132722,0.13345038912069648
JUMLAH_AYAM_AKHIR,-0.28767197885527646,0.12080791204297389,-0.16698322759151907,-0.284586624548177,-0.12256514561290682,0.046823087839507775,-0.15331404835201629,-0.12846557299647787,-0.0409576300300985,0.06473918811462229,-0.06344022683779557,-0.22687052379144698,-0.24513677398917286,-0.11399705900363352,-0.14631191027619497,-0.15165134799223606,-0.08842453831288509,-0.3402174261424234,-0.09520018228995801,-0.22756532776130328,0.03744212066086157,-0.1447490469226841,-0.2974088533775068,-0.0363379644673347,-0.167593550301253,-0.048881858453799894,-0.17628130537151293,-0.005782598754170764,-0.21676707563124564,-0.09732911048125173,-0.33572601063429586,-0.18355360203508525,-0.20707489368367624,-0.09564312470306051,-0.24885070993780223,-0.2069966426085375,-0.20707489368367624,0.18689329980837605,0.2470340333750092,-0.12160573992638486,0.3131308766160737,0.2125044631955228,-0.20096487822763745,-0.22139060333697252,-0.20429818721664375,-0.06019061038320824,1.0,-0.26433235752258155,-0.2565055342835822,-0.2808611105005163,-0.27236545992162187,-0.12417122156338757,-0.12696228243473345,-0.13476674199328587,-0.15382032148503377,-0.20197911602611393,-0.0784646828094351,-0.08034603428834391,-0.07363235464936803,-0.05157461015006377,0.0866430012650732,-0.19011167711053864,-0.12851305442474892,0.19343481896329245,0.19766256804886653,0.18924025192160215,0.14725162632280736,0.03322351000322801,0.22295626252541487,0.22513004658933788,0.21176070261692886,0.22450688606289496,0.11657575612515986,-0.23887132717544735,-0.16643001280230735,-0.13251546376698192,-0.13118963544221313,-0.4720317150217144,-0.061019957496368966,-0.1862670206575659,-0.42233825654197993,-0.04419221320423906,-0.2704317082383195,0.0013435975199950596,-0.12479451515428262,-0.04838388972116315,-0.07979965893612848,-0.13021249797819523,-0.17330924871159592,-0.109497021116699,-0.09586213149860608,-0.20570879582581336,-0.1236417510466673,-0.11448340953966522,-0.11903551556981709,-0.19559801648181668,-0.13909397455260686,-0.2436610322499812,-0.34339920353387543,0.23633365264883296,-0.3067649387841109,0.2934636764198315,0.14516809951304188,0.25308378399169607,-0.44024000656837187,0.35683805548370384,0.11586852101063985,0.24763660293639136,-0.47462967758296687,0.36623806494035777,-0.026740658951666434,0.2782953051802489,0.4812696477034844,-0.01107615712407738,0.3635917376094524,-0.5246594795153163,0.513913498885681,-0.14714630181775232,0.4321371376771613,-0.5814548137663894,0.4995541385461759,-0.21163674130226307,-0.1711056643753837,-0.028445183222829972,-0.4032169380091974,-0.12266226618568021,-0.032123539859115195,-0.029718238373360163,-0.4938588218928567,-0.015735658766502656,-0.020009011622028377,0.012510315984605802,-0.08704408989587759,-0.019966547448068597,-0.10290345358016234,0.006145096062494618,-0.08732835740554673,-0.045581694863021716,-0.45909338831631585,-0.010704157212114351,-0.029573310218392174,-0.3014812172697372,-0.04942093293338696,0.26465164410611103,-0.06987195544802931,-0.07688881590669837
FCR_ACT_lag_1,0.1725183686966101,-0.07466784358352276,0.30042806848412784,0.16422414976178804,0.32298950159917345,0.31928716170396376,0.08925404247940438,0.45978941608414503,0.31500903790145407,0.3404831957127438,0.3045312144290215,0.27315514258316587,0.3952274560871285,0.37814902734980094,0.283026075371427,0.03657678417476689,0.41037345245866846,0.3023152624108448,0.16052118996945536,0.17102887387840665,0.28993039354624117,0.36789466036464513,0.2838972043413593,0.3273753637282277,0.19838430557204795,0.11548791621721624,0.3878385757812363,0.08547642676839619,0.3812351084122256,0.10220624145127412,0.5229176193952503,0.30146962741242256,0.9802164661001012,-0.15256283735999077,0.8272193206380829,0.9797019367698728,0.9802164661001012,-0.2884009048437764,-0.8042516833190027,0.9012543923503542,-0.20174239211125358,-0.061401933712620246,0.9512484648082465,0.007781123073675749,0.976206558750109,0.8309528560423991,-0.26433235752258155,1.0,0.9742820975809424,0.8869918716140833,0.847768463186276,0.8926528822575016,0.8964949759983549,0.9014723881834422,0.891121446669719,0.7494512532588321,-0.20622446217125592,-0.23363400012649846,-0.29350485780038227,-0.4716446249724032,-0.6602169070479921,0.8540074397222357,0.7821062274930543,-0.27196412395191266,-0.2684090505773679,-0.26038952633792944,-0.25732028594002343,-0.3744984790906118,-0.16690173644094358,-0.23027964997699518,-0.2856822286482236,-0.5541032665233294,-0.6995303753183408,0.3645438654732939,0.5896127459233979,0.8103289516947062,0.9168705231282313,0.36729113149849235,0.8838269801767278,0.9270054590968777,0.5242911159495678,0.8790389482743363,0.665360860407455,0.7791004987645319,-0.21570554573908943,-0.05530638855672255,-0.1978432951282262,-0.18981069804581066,-0.2656806569608206,-0.09751975007170594,-0.27922908379070704,-0.18204077421511955,-0.4184732772944344,-0.160616178589974,-0.409371743019684,-0.17603390652493442,-0.11862465461675255,0.1251305348741854,0.5405405291720142,-0.30171690541783336,0.1874241479843702,-0.33388169534655376,-0.22876552408074685,-0.3141662070155669,0.35112817146920405,-0.39225466520433355,-0.1239528307458487,-0.30506512706240946,0.4021392145683438,-0.47960017217196144,-0.018955556299293134,-0.17425773879870884,-0.3505970325215113,0.014224644761082778,-0.3224037982204741,0.350412586743004,-0.48243927074025866,0.05838866303021146,-0.4933838516853819,0.33143093990484984,-0.6149655543248772,0.6233578343861039,0.1940380146940541,0.018014252437434066,0.14525185532089485,0.2840631847521851,0.08855052902676998,-0.0659762324249245,0.3556867409778537,0.05597970845603151,0.1115732733201518,-0.017103784959490487,-0.04509839726803232,0.19765368904493483,-0.13054896883653502,0.10170458630592105,-0.04722058412364998,0.008000742980089983,0.4466380895817532,-0.01649700893857649,0.03014024573242609,0.17630523962887087,0.04194859043405456,-0.9999930357872144,0.15008372486060648,0.16009480563828715
FCR_ACT_lag_7,0.17573956102429167,-0.09679143209447574,0.3181628389294097,0.18826714515018328,0.34604454059141626,0.32190683805374676,0.10246737133883721,0.5085488960369279,0.34469249300654226,0.3490172500526545,0.31911699131078614,0.28582587748379584,0.38208264805810827,0.37394873553270586,0.31462624208185574,0.03139813501477265,0.45477652068245117,0.3257220611883394,0.19105323308107483,0.18452145068776793,0.28013220062551225,0.3837267042184105,0.29281748331014734,0.3552357235860031,0.21814274058518524,0.09207757358972458,0.40903354362026983,0.11461490110845192,0.3844044755023647,0.10268062892370855,0.5509838693000656,0.2842981331608642,0.9732735856491672,-0.1382378916536798,0.8154707471651044,0.9732735856491672,0.9732735856491672,-0.25679841632369144,-0.773927892168246,0.8974633883396161,-0.15598076007065037,-0.0513882413600341,0.9476282109960721,-0.01599638058911342,0.9760025126464674,0.8468505945743452,-0.2565055342835822,0.9742820975809424,1.0,0.9176944381929428,0.8802933734792602,0.9090108592069744,0.9156821915898745,0.9205311052398761,0.8926306903819999,0.7473627994101734,-0.195572247069789,-0.2257495685682197,-0.2764443865174085,-0.46371204473618893,-0.6588324598217793,0.8662875745264856,0.7877389709333775,-0.2392373822439408,-0.23159328903279694,-0.21680459156571258,-0.2285273199524365,-0.3187523663918545,-0.09082478961387812,-0.14687927078881222,-0.21098872537650892,-0.5745302872982968,-0.7101014096930671,0.3271675374868314,0.5892120981579304,0.8014053290461642,0.9279586476020502,0.34095943107072624,0.9017318630454851,0.930432845443528,0.4978918508841266,0.9090303781021049,0.6764787507847168,0.8003206327832081,-0.21203609146743735,-0.0628474968018062,-0.1849179348985851,-0.18756959515790866,-0.26494453717086697,-0.11839234136379971,-0.2616489661131163,-0.19370630476373166,-0.4003653132410617,-0.17785901400727736,-0.3938603033915327,-0.17974211371246224,-0.12319851903188715,0.076745035298569,0.5155131803064877,-0.2554739667631986,0.17025073324628978,-0.28743049119442,-0.20098747153297397,-0.27398225318830116,0.3372373344670635,-0.3482875972217301,-0.10409821001984257,-0.2609697201402298,0.39700646605632395,-0.4388743075420826,0.015927593463807867,-0.09771377520634107,-0.2895683745793336,0.07482604089345066,-0.2417557519613354,0.36141015952643785,-0.4262800001534154,0.10359114748619855,-0.4330573350541484,0.33603214167902057,-0.5704612955953106,0.6368839660598647,0.19423438482965125,0.03774112138090257,0.1395904749824844,0.2749308509212473,0.02074458939876407,-0.07746811081158751,0.35946903922256757,-0.013415077203788373,0.10365482121171525,-0.020540408213219532,-0.03801684321846896,0.18600452153007846,-0.11969158070273679,0.08915599050272709,-0.043155213154310895,-0.04276516511776992,0.40437296291786534,-0.03060508496998367,0.03884360786941432,0.15954855730157202,0.014107477912161612,-0.9743004399129785,0.17131115195503238,0.17759402667253466
FCR_ACT_lag_14,0.14758009292871724,-0.08887353024332598,0.3981468923142225,0.13618901234180095,0.3801350737696239,0.3328399609465118,0.16995147512155467,0.4939615580506134,0.3535408565723517,0.3193856288659922,0.34803417317345603,0.33624333882002483,0.38062031428467635,0.38822934490541655,0.3640689879153066,0.0750873550670317,0.4412520201485474,0.3539915126111627,0.18177778703127007,0.19394221334483885,0.25035680048634396,0.38902506865451253,0.2776816017331124,0.39626186525374024,0.25624001265064783,0.11097613404682531,0.41674380891858703,0.12542411163665365,0.38118147004220043,0.16295440550970602,0.6072467024089876,0.18960086928395156,0.8853282953294316,-0.08084041932689386,0.7241531606838171,0.8853282953294316,0.8853282953294316,-0.2738365061635521,-0.6749572532450545,0.7955453999940918,-0.12202670075555715,-0.04556800315310428,0.8474441905334094,0.026445721867158725,0.8873247667674636,0.773693138854696,-0.2808611105005163,0.8869918716140833,0.9176944381929428,1.0,0.9498265088817223,0.8110188940595662,0.8250936335865497,0.8306577720088975,0.8397080480488862,0.7340694330406735,-0.1089954826838204,-0.11006693963823047,-0.1535440480246339,-0.34714595108137597,-0.6570442994412615,0.7680230687948413,0.7961297830685727,-0.22324030305335085,-0.2076489072289859,-0.17144324211874512,-0.11088942186679045,-0.2144143773316054,-0.061756857723383976,-0.08470803974212306,-0.13091238508934158,-0.42773771957661655,-0.7407465271231811,0.2573090116348434,0.4497891597614169,0.7017799945171767,0.8330931569949228,0.2627397481097054,0.8073075864651954,0.8338731027555369,0.37190033605156,0.82360939255096,0.5318336798554448,0.8173314855882963,-0.11770038472450449,-0.04407973182612996,-0.08470969710895761,-0.11066160039085687,-0.1433357189335103,-0.08870638352832373,-0.12462344021100379,-0.11067890211419654,-0.3340866462874316,-0.20717113703952295,-0.2636558900890313,-0.1926695967605016,-0.05755313514991334,0.10415877402101692,0.380860963699573,-0.24723853304405816,0.2217673233685887,-0.2899991643854142,-0.17755670665288747,-0.22924443670424352,0.3579415687279668,-0.3015403217709269,-0.0698229221514965,-0.18860487854016947,0.406388180207839,-0.35592374785309877,0.042998578950454634,-0.050658661324004005,-0.2093197730269946,0.08514099261359614,-0.16588784765332135,0.3593837482874966,-0.3264834772739022,0.16939261201916303,-0.3664923400254759,0.3344004105180189,-0.45998940570659,0.6164604702173154,0.12758944564912159,0.02885984915001808,0.17492328987916345,0.19681393422270452,-0.024336142162346405,-0.044364469422378136,0.30233226679581615,-0.08000226020669979,0.05460184565310443,-0.012624201417451027,-0.006885463584855371,0.08288152044830824,-0.06639263666989659,0.0348638182999191,-0.012363221375566015,-0.06849027599123199,0.3063296674514588,-0.042593370086555477,0.04228055443291655,0.18933495112816406,-0.018595080513891415,-0.8869198590896348,0.12955676709651853,0.13661351502891667
PAKAN_ACT_GR/EK_lag_14,0.10407881944045327,-0.037100209148633496,0.3834207863586756,0.12421359889853863,0.3987447688126152,0.2976040662368104,0.16300416601758633,0.4801940632021111,0.3933609458775211,0.3149653033106124,0.38557414554950864,0.3332678072066333,0.33439205123722865,0.31930339192006557,0.35817951904280987,0.084193085331341,0.4313389195135702,0.34108398375755256,0.15450632317054996,0.1846172862850981,0.22266352276738996,0.3529796069246431,0.22750540648941625,0.41375222966036335,0.25606316134113827,0.1135490302941793,0.403515031809733,0.1384935230171591,0.34568205027407267,0.18602126926938312,0.6071427686102671,0.1644069516095195,0.8590406740563782,-0.10251175099259564,0.71200247977534,0.8590406740563782,0.8590406740563782,-0.1900660642544963,-0.5855219602631145,0.7982112872621856,0.017103986771317668,0.04634799741290745,0.820965669885969,-0.04453056364083327,0.8607025798360105,0.7863059536352005,-0.27236545992162187,0.847768463186276,0.8802933734792602,0.9498265088817223,1.0,0.8085967320748949,0.8169400718957484,0.8222774023008466,0.8375857228426842,0.8047668502151131,-0.12246560643012526,-0.11208057425176139,-0.1451077497461661,-0.3096995613179117,-0.631072215370089,0.7517265379789045,0.7945223077083527,-0.14270045416451657,-0.12048238104246489,-0.08209987047011488,-0.0011485234484633594,-0.06686044681279125,0.019354157458409748,-0.01871688648349593,-0.0665791557425584,-0.35528318873275105,-0.6271346595202685,0.22920159244289795,0.4147430563253251,0.6671577688057557,0.8314256764634245,0.23113783827545836,0.8085195397212003,0.8280239811990676,0.3167962321673564,0.8245490517191186,0.48614977658866526,0.8473004479022166,-0.12955455440481595,-0.0026110441966324355,-0.11731864394518497,-0.1093550531116187,-0.1344207403129298,-0.04277937215354595,-0.13462517603601698,-0.09865547600769549,-0.312106446598753,-0.1659306942794433,-0.2558197651220122,-0.16446493327884842,-0.0765022910250281,0.09569665877678937,0.3679634075268615,-0.15262815149311904,0.1905633074406657,-0.20397163444046917,-0.08029870265291489,-0.12785286226098994,0.3458145973327321,-0.22881701746066085,0.06570834233476097,-0.06943879804525754,0.39317696930154605,-0.280982985689901,0.19394139406726604,0.04392261814173015,-0.10744362159256662,0.16571559983172457,-0.05599758340710754,0.3039145289087044,-0.21419897260925524,0.23964236941756747,-0.24508818965310422,0.2902662396384531,-0.3497310369981545,0.5784952979354355,0.12153074644348688,0.03174704812617036,0.15915763232936125,0.18205515534116087,-0.014586177520199537,-0.04505579135752491,0.2511653631372873,-0.053952340967647436,0.03999655143236616,0.0009359912814893114,0.044968574421632025,0.05000828481812932,-0.0893238115815469,0.029293402437213373,0.017345242054122894,-0.06472813106771093,0.2698092845786182,-0.024213311015991074,0.045574254896823506,0.15010050843605757,-0.013391255167609011,-0.847774942081945,0.14278011970799492,0.1515148082112956
DG_ACT_lag_1,0.12060925818157273,-0.10684162728619019,0.21148936254155026,0.07460982568043004,0.29506057089835375,0.2942469600973312,0.008662187897281518,0.5108974868658314,0.3311203288717677,0.3885152106801533,0.27527771195396483,0.19146947313429194,0.2925847362796995,0.3523119987327968,0.20605414935916244,-0.07566502129570332,0.42496114318453304,0.2575894362453596,0.18774508571717638,0.11618741170293023,0.21288847638858052,0.35463571461372695,0.22649262664321065,0.31863331672574147,0.09971737173671147,0.009429210471567882,0.38030171613287667,0.043636315995676564,0.27356843880947807,0.09680118275132071,0.4662074592150893,0.2509245654484489,0.9385312330709882,-0.2349229053032156,0.77924209245287,0.9386480883666906,0.9385312330709882,-0.06752219603631417,-0.6716626093644161,0.9329589892850023,0.07036712082933229,0.08020950512429194,0.9169483815748468,-0.18309208983265177,0.9374129539154366,0.9268782317351523,-0.12417122156338757,0.8926528822575016,0.9090108592069744,0.8110188940595662,0.8085967320748949,1.0,0.9422924349691644,0.9254329229216794,0.8811454401377555,0.7134382415831458,-0.2625209233765496,-0.3025792289010575,-0.3528830954311322,-0.5069250081940178,-0.6506404220939803,0.8364743790052407,0.7581266772648318,-0.10024495453613569,-0.12146094491304506,-0.13798331031009292,-0.18105154611944174,-0.27319683530928285,0.19237677613060924,-0.0618637616145554,-0.14801952977596078,-0.49971364386201894,-0.6404713349397292,0.368489028876799,0.6561150813739565,0.8678323303248883,0.9796635399210717,0.27375286724268744,0.9651896867732158,0.9642275805623064,0.4870262496069966,0.9313234194486916,0.7331515701080641,0.7976279213986741,-0.30719722176652825,-0.09808665640620085,-0.2757527190313305,-0.27165617332228487,-0.36298716203720416,-0.18694409888693214,-0.3315325158970265,-0.2929183014211447,-0.4942959454969865,-0.2646078384583968,-0.4564552392215432,-0.2946322656088853,-0.2155585557503431,0.011470254619465065,0.46303168693231134,-0.09289636913493284,0.07175370884005515,-0.11955434177958844,-0.06125478875169947,-0.1285860009290197,0.16865565213137657,-0.1900713761366205,0.00460579125259207,-0.13393361954284777,0.22737467516529913,-0.299750305429144,0.10524120914117427,0.10309570489684476,-0.08301601477113643,0.22226808029039097,-0.06428619518136651,0.23164331674199035,-0.2683748837600445,0.1854076571038428,-0.24725015308363327,0.19680124076413505,-0.4368099211531754,0.5732851951954735,0.2694315766269321,0.021683606923331364,0.012575931619157155,0.3676727911652375,-0.1116016810971784,-0.2801818229104981,0.2700344463463467,0.02098265352119144,0.09493538286825168,-0.0331981787695892,-0.10441241554063695,0.18236401487719356,-0.216158502982346,0.08837948204982654,-0.0953814572442219,-0.1816388248507451,0.3483558114958842,0.06007374359614707,0.03290255080842135,0.03085118354511813,0.10382023839544395,-0.8926602852863861,0.11927378571633926,0.12048918100798957
DG_ACT_lag_2,0.10942869281781939,-0.09841479760999292,0.22289299390421274,0.06630255207907237,0.32659347886972856,0.28754514217262395,0.01939944284065646,0.5256146380418126,0.33751293732684523,0.4109948903503805,0.31809885239607205,0.2518373574102101,0.30026279892889995,0.3531902802366588,0.21332430308582281,-0.04706333312718104,0.4313854158459983,0.25449818977390753,0.12719498019773642,0.08476524777881593,0.2514923135475143,0.3045172971229219,0.21413707994984046,0.3372698660595895,0.149634193651161,0.023434504900611094,0.3645141345931439,0.10083316414828519,0.32812633614034203,0.05493852611577092,0.46870933313038415,0.22146852934756323,0.9409796046001159,-0.223334728292453,0.7758801959485452,0.9399385080202652,0.9409796046001159,-0.07602893833082137,-0.6754301923593278,0.9164711061711942,0.0561242252161338,0.04644659997537355,0.9118128175129112,-0.1625395755915328,0.9448574222740246,0.9269246083146738,-0.12696228243473345,0.8964949759983549,0.9156821915898745,0.8250936335865497,0.8169400718957484,0.9422924349691644,1.0,0.9449580107689973,0.8939998823402694,0.7154705628133973,-0.2800204543244982,-0.2924838829518977,-0.3515750831547441,-0.4906872408753484,-0.6640551733556797,0.8421742371109501,0.764630672259153,-0.07349239123447954,-0.10927759418176793,-0.12688462971794592,-0.17315134451747263,-0.2921608476377385,0.031954038316113056,0.11141530429084325,-0.13367748012595665,-0.48643186673423017,-0.6771568944375796,0.3648636618999873,0.6601205635403542,0.8744125800035019,0.9734636884713603,0.23572433006987062,0.9714350204074066,0.9550753628047576,0.46424746198573486,0.9392139597200214,0.717303255626727,0.8104335911495777,-0.30690173559635925,-0.10045039607351229,-0.27231908780671515,-0.27651047813191426,-0.36864024146578195,-0.19622134704134364,-0.33474659496030357,-0.2993409202434887,-0.49674842135067493,-0.2773545997842939,-0.4544554259422174,-0.30139574410107195,-0.22163618241664687,-0.006809993802876215,0.4536247850698333,-0.08753239385101123,0.08526745883006451,-0.1159758682399635,-0.04703107831332989,-0.12792708307724937,0.16855939647946666,-0.1875627716254118,0.0032848492915898337,-0.13713103115226138,0.22852725728834894,-0.2984683101320406,0.08836599430705108,0.10094279323810497,-0.08369035688392702,0.2226872017662587,-0.07096033951449174,0.24107103131912977,-0.26891355106202913,0.17427251060677268,-0.25053677726535484,0.20692452650717943,-0.4342614176882149,0.5919933545672714,0.22846708003905705,-0.012431608813691155,0.032744713807723584,0.34701519236891654,-0.00815694541440438,-0.031408595527246924,0.28887963868587885,-0.12741067159717048,0.11067113677383178,-0.013725703399547042,-0.09266257753547336,0.17770423732938656,-0.20539542398160174,0.10369570744914028,-0.10190346419620264,-0.07512376397248123,0.3039969794424856,0.004675811945411528,-0.008885365942887913,0.051278712517910906,0.0832783146062772,-0.8966012679348546,0.11356337365737643,0.12013729587427772
DG_ACT_lag_3,0.10551041227819742,-0.09958387880785403,0.21217675108827802,0.020958723997245937,0.30839211451965165,0.2815099457075687,-0.011458598897810595,0.4913034013918605,0.33181331972540024,0.34918092246436394,0.291375440037781,0.19588727832213365,0.3205887651439461,0.32554842812107226,0.19071445787046679,-0.0780374723680338,0.4426802979455927,0.24278163669753974,0.1855875641163478,0.07343573602146039,0.2692029797402352,0.2948813265371448,0.19695597517186006,0.34715052936636603,0.11158108960754458,0.05359149485446361,0.3704700924623258,0.12153326038495957,0.32293013987043717,0.09513913300627182,0.46722939280430936,0.2545163795118709,0.9423660315722838,-0.20438237306653131,0.7753731058934279,0.9413386304817517,0.9423660315722838,-0.1025330140072412,-0.6820230138558374,0.9130307240706402,0.044451557187614454,0.040422035006557264,0.9151710035412657,-0.1593025188383315,0.9479222948728874,0.92347907590502,-0.13476674199328587,0.9014723881834422,0.9205311052398761,0.8306577720088975,0.8222774023008466,0.9254329229216794,0.9449580107689973,1.0,0.9038408351331217,0.7338734713510726,-0.26780309832612914,-0.30762245746761535,-0.337628876200474,-0.4867184978777922,-0.6719781988037372,0.8456917481477351,0.7713432940716068,-0.07839947517117996,-0.08097357154151946,-0.112179212019913,-0.18903539243140494,-0.31696463988397494,0.005114084130865191,-0.0361975842814015,0.03572639337255149,-0.4696207888906078,-0.6731458007371244,0.3125591549051039,0.6461113347554631,0.8735033696767729,0.9457614688744836,0.2647719461211317,0.9403689488681747,0.9327807609318931,0.45191418198440886,0.9436485537882093,0.7028022971108091,0.8176799575555824,-0.29937216859397625,-0.09651871094370218,-0.26510169819996066,-0.26857306743710235,-0.36603420902800193,-0.1961012708108114,-0.3380745917159775,-0.2977348156992457,-0.48869988815798904,-0.272221755496072,-0.4520302168735605,-0.2941790342023109,-0.20340213862191894,-0.017271360605470267,0.4493526299823538,-0.08921418777656147,0.07720190608901684,-0.11654189999481117,-0.043910725868024164,-0.12875149181204107,0.17885051044950284,-0.19020663178128192,-0.002259864919307992,-0.1382357031894356,0.23399436490892972,-0.29852804619349,0.07926567634183075,0.018229013169887284,-0.13444672910288338,0.14889186032292814,-0.0752960439035463,0.2555971010159242,-0.27727505106967265,0.16475999106197683,-0.25413397387296216,0.223305502317471,-0.44325398927290977,0.5980835498280231,0.17335206546034096,-0.02307302786032455,0.035568638622376594,0.29156619065884254,0.0014013174022134164,-0.06707982814267076,0.3163047134414387,-0.015927338048812,0.10881835381435358,-0.026775336460934114,-0.09188046494436684,0.2099268373751191,-0.1871337328273127,0.10172461589144682,-0.09840748550407015,-0.06281232080967308,0.3270112933519281,-0.03650125131915343,-0.001964696346988669,0.05294058520405425,0.023820692748309894,-0.9015231130206669,0.1197797399582797,0.12346407476450014
DG_ACT_lag_7,0.11119520880344025,-0.07739378590931681,0.2566097719552309,0.07107046258338402,0.2915053606413242,0.36320016374121933,0.08575832198243592,0.535759072086318,0.35121592595493295,0.36965785175582616,0.3246165725540366,0.239664523849677,0.32865091926496376,0.3840987406351784,0.3139740064822756,-0.018230988444062225,0.4436774816746173,0.34755841670673654,0.19892092547237478,0.1772167302486867,0.293192048702989,0.30904472753643436,0.2680690887088494,0.39518363616217905,0.17685625292071153,0.10893377073081882,0.35048113424147703,0.12206554244233035,0.31349296178801694,0.16741059532194613,0.5000606422235283,0.16433498141921293,0.9219856634353093,-0.08977028030353529,0.7512812943341428,0.9219856634353093,0.9219856634353093,-0.16273551846489576,-0.6749294385739597,0.8751266087787378,0.03181900424630936,0.033358539938905724,0.8868746542831669,-0.12765903233608683,0.9249189971946936,0.8714332235509302,-0.15382032148503377,0.891121446669719,0.8926306903819999,0.8397080480488862,0.8375857228426842,0.8811454401377555,0.8939998823402694,0.9038408351331217,1.0,0.7805843259053001,-0.1362818128454236,-0.1774247013111029,-0.26310310302569323,-0.4709235858299994,-0.6889808916142045,0.8183044301999849,0.7861246084176997,-0.13312650894369585,-0.12375305492198785,-0.11365667983139471,-0.13598944543130584,-0.34382009785547024,-0.012805690605284253,-0.046468101537854675,-0.08983391414007448,-0.2673052217041406,-0.6522472418247904,0.26507133218819967,0.5160809793773928,0.8024528983638763,0.9005747225298821,0.2713017456988192,0.8856760038387629,0.9018862956571719,0.3825201038374646,0.916538497160349,0.6214703563593346,0.8517966819759146,-0.15539902764829058,-0.02932698273073665,-0.1297671056663687,-0.13596353931651986,-0.2742888121713256,-0.15509590145295435,-0.23047189315227906,-0.23581251546445328,-0.448551790724489,-0.3003789961947257,-0.37228561856223247,-0.3009115416434826,-0.07604969411511896,0.02498083141916375,0.40101600607936616,-0.14191623545375384,0.07555124804057228,-0.15970542389767461,-0.10333406599965622,-0.12467364220970906,0.18465521404368626,-0.17445594996491998,-0.012633594216529263,-0.12979559409065783,0.23647475902858142,-0.27844983538557144,0.039540829867613356,-0.011202638018590524,-0.15021484393535456,0.14790197867961877,-0.10445625392960273,0.34673868020932064,-0.29565633420306403,0.19416071680474925,-0.23965919200050245,0.2869785471544562,-0.4408856298978789,0.6070712107909393,0.16443790358336796,0.0021949393740488916,0.04143168951640804,0.24379787416051654,0.015044863642353735,-0.03014939302816597,0.3184517952503692,-0.042285960631969766,0.07676057776828522,-0.01959004234036303,-0.0313049163524456,0.15139117614266856,-0.07542050946200075,0.0677554595220631,-0.03288632510735777,-0.035628048638681416,0.3228223377173582,-0.021571215987026413,0.03221282383036509,0.03329725370992592,0.003875946562607469,-0.8911078025245734,0.167746200707887,0.172335956843108
DG_ACT_lag_14,0.048116947464067195,-0.0572214715900982,0.2340680776775826,0.022918403557675483,0.24104691155796004,0.31370447953750213,0.1371278405458113,0.3987371789738736,0.2515301158480346,0.269257522206513,0.3224707916484253,0.27875086471828275,0.25403420581845854,0.3030399116767065,0.31411814439794217,0.07423120894512772,0.31592093881267536,0.34447333525417895,0.020036177531472566,0.15924655301523324,0.18708607666423802,0.1929767218135851,0.20484435448105323,0.3845652552468723,0.21989526237616186,0.10580946015664439,0.26432140631977813,0.123837349606426,0.22796610857991598,0.16349199455935745,0.4855590268122802,0.1163614734975768,0.7744714867675814,-0.04577931492686116,0.6294662148325304,0.7744714867675814,0.7744714867675814,-0.18192921164570036,-0.5643253002307258,0.7071243945681503,0.043928460717699236,0.06651403995265058,0.7265256213805864,-0.1705274704403518,0.7768304195196943,0.7039724758792764,-0.20197911602611393,0.7494512532588321,0.7473627994101734,0.7340694330406735,0.8047668502151131,0.7134382415831458,0.7154705628133973,0.7338734713510726,0.7805843259053001,1.0,-0.05948618455079585,-0.04783686335313887,-0.08215436657865025,-0.2031600442308471,-0.633985905813005,0.6411411459289454,0.694872417763943,-0.18122294314606877,-0.1534790333606003,-0.11738613969512582,-0.07777330305417728,-0.25653154420870977,0.026489457858871794,-0.02281056926309308,-0.017919682154381625,-0.23197313647815992,-0.3456236029231844,0.17448677139720856,0.30466760834773354,0.5626603221723381,0.7370602354168392,0.22230928333877867,0.7012301979205464,0.7443314243134769,0.20100628219883113,0.7244749588566551,0.3219096804836423,0.7788598367472641,-0.051069726877016434,0.029213318388827417,-0.06315961491116831,-0.032860405185098834,-0.046551655316071784,-0.0011669138274341794,-0.06498757430732473,-0.04574540107014913,-0.2488676620992739,-0.1722965645111764,-0.18909884683109968,-0.16393798072659121,-0.018365201353014577,0.1381719942836431,0.35784474430255,-0.18021285506734078,0.11811775860621018,-0.19639152295095266,-0.135379955248342,-0.15838753911998624,0.25261085910231734,-0.19760344640662794,-0.027957920532687863,-0.121217050260624,0.2643112208730106,-0.22835555622579268,0.009893325548248856,0.05584298379449577,-0.08890738376108571,0.16500952614711734,0.017920014161654577,0.2903506654517296,-0.14828918696265878,0.2550076326922188,-0.14930836517432874,0.35314826852275494,-0.2965202800317536,0.5203510533287099,0.10432596217986935,0.0439918576219815,0.08926154454968235,0.12798494700839574,-0.02138465129083838,-0.01513339977558125,0.241727311079968,-0.04131436753143602,0.0394789778742834,-0.003902130275925425,0.04046425658582429,0.04231368642406297,-0.036415210353108206,0.028214337212515633,0.02141146024421205,-0.04941432786020271,0.25329247110644,-0.0008640168440463981,0.06359422006938036,0.09841793983223447,-0.003451248228535384,-0.7493954290289532,0.21753284345115775,0.22780882984748174
MATI_lag_1,0.05385326148978951,0.1238745598213017,-0.02397383427400829,-0.06115924455338506,-0.07485843765320052,0.06526714346333097,0.13308881294142946,0.046196687817695675,-0.0701995078668239,-0.10234525478333739,0.10339821945871083,-0.005500650134153696,-0.09121480731620898,0.0014482862251274649,0.1424091370948727,0.14812056809855084,-0.02110686407331117,0.15023641467984794,0.01296915701211298,0.13409604318343019,-0.01346618663709446,-0.06823939971289249,-0.004641878137914493,0.053710214232014615,0.08999141727242574,0.2680945369848979,0.1285993497201917,0.1266916601596448,-0.044654171328608744,0.16566438826433008,-0.013018499120802813,-0.16928552562086005,-0.2254496167402311,0.5715296926187601,0.021770503707492693,-0.22651843452013568,-0.2254496167402311,-0.12100922398657431,0.0839039978785767,-0.26970410944932377,-0.13380537380323615,-0.09045103161961321,-0.22573212837451745,0.11483049920110239,-0.21017161034362658,-0.30919012754393554,-0.0784646828094351,-0.20622446217125592,-0.195572247069789,-0.1089954826838204,-0.12246560643012526,-0.2625209233765496,-0.2800204543244982,-0.26780309832612914,-0.1362818128454236,-0.05948618455079585,1.0,0.5930611140063305,0.5785783683581989,0.36142293755957305,0.1922176188589086,-0.08636579667738811,0.034936772888947094,-0.06128609859257726,-0.03553841476157282,-0.025435656071453913,0.01614372981493898,-0.09353084449206506,-0.03245442309867128,-0.04841261334404063,0.028248353758669534,0.17691629625159558,0.04317244667037673,-0.1912843385525148,-0.29416761655018814,-0.29175569593987066,-0.27939829565588237,0.04940116723965427,-0.29433763870494556,-0.241791492836404,-0.13194074945204742,-0.23524734489471721,-0.2477857043475627,-0.0776665883871398,0.8384381101949682,0.37989580476503426,0.7724335839809074,0.7714874575749967,0.7357253088456983,0.319849698723991,0.6914983567153624,0.5972167979121557,0.5964569899639851,0.16999378159781067,0.5934022599721928,0.3827754951165193,0.8330115128132242,0.5531635968319057,0.16199662324642639,-0.05130286751363882,0.12134728440616879,-0.06217028167588479,-0.08007853542893915,-0.010299939290371362,0.12402312737902091,-0.03427736072180956,-0.04714823274146381,-0.02120632594459566,0.1130277007128506,-0.02471613290829126,-0.12063260191184988,-0.06958106557908854,-0.10287502254819356,0.020760582042888852,-0.012607079808362419,0.2579724689817033,-0.06660003436062707,0.056792790016600994,0.03771776384364936,0.2416833433830612,-0.012010093861247101,-0.07764897011717242,-0.11574392522968177,-0.025712519742413297,0.19693310007683476,-0.1683445926334697,-0.06258766656035925,0.09395347663836144,0.10794380332543449,-0.10346681277391144,-0.47676253280727376,-0.41031451986397127,0.35076108104519294,-0.16627703080148176,0.5557058538489267,-0.47531390012719243,0.36625326380131706,0.01276784738370137,-0.0350319249382547,-0.06097185065153963,0.009176003518450233,0.11065529750264576,-0.12095301649677166,0.20602880275580127,0.00892071667487192,0.004896049291951883
MATI_lag_2,-0.034350659254513596,-0.059623699223433115,-0.03866222072659516,-0.03213941884821839,-0.001835829718384274,-0.020468335535785663,0.15303929302794178,-0.04399168312516545,0.01889194946520908,-0.07679385446978698,0.09873432565407303,0.16439742816976832,-0.0771278264662848,-0.06769115060685374,0.12871433858251785,0.19308834849701412,-0.11221194582626574,0.13960671589643486,-0.13076518389954206,0.07342258483122699,-0.02098295263304468,-0.10502388536166626,0.039812617775564246,-0.004789077916228924,0.05353590881747779,0.13006901890961342,-0.07342458255501595,0.21691325671517872,-0.09837211552648444,0.004359960339503754,0.021411394238898856,-0.25524735504432017,-0.252592008307616,0.5449856713029011,0.005850397058267175,-0.2513310234458824,-0.252592008307616,-0.17553242221740237,0.10139169662342025,-0.3055061000193438,-0.14227124343395284,-0.051266633241239604,-0.26870339921562714,0.10497224277220907,-0.24510818515044672,-0.34262626173435884,-0.08034603428834391,-0.23363400012649846,-0.2257495685682197,-0.11006693963823047,-0.11208057425176139,-0.3025792289010575,-0.2924838829518977,-0.30762245746761535,-0.1774247013111029,-0.04783686335313887,0.5930611140063305,1.0,0.6302113315505049,0.4520363758706423,0.20108256033521932,-0.11197992563945171,0.02374067491010664,-0.0854894674960405,-0.05732564015565106,-0.023692109118461792,0.062065579692028965,-0.02758401098376714,-0.036886334396569444,0.017824359257167285,0.005546853909633245,0.2065589280912095,0.09934467750221522,-0.23270226833985921,-0.3665265135774952,-0.36027462766124335,-0.30884900248880465,0.04822727315940331,-0.33099508152999957,-0.27182677439533276,-0.16738994910438995,-0.2843663730426635,-0.3125228667474175,-0.08645044766720915,0.8319646600628445,0.45374014412095803,0.7215428741271617,0.8066461637054803,0.7822818884908918,0.3762108227372947,0.6867012696760667,0.6249089709199396,0.6646843265284957,0.2381102411518615,0.6018936777285826,0.4308205107807556,0.5852291057972482,0.5954129731313367,0.17083344773851242,-0.0982881662832158,0.10340883005075333,-0.09954451156228313,-0.11000071985063871,-0.041468521902995124,0.12917328669373523,-0.055170025062344814,-0.08011741044983114,-0.039958148361989576,0.14149324601298635,-0.0378295088351489,-0.12065456936330521,-0.048605198721408276,-0.08511503829209649,0.03719223014063722,-0.022266170152439185,0.22748461631316796,-0.04942965468426899,0.07227038593839795,0.039298886839318946,0.2280103025930037,0.024661508423247207,-0.1402218912452661,-0.1608370860074879,-0.001911944439958076,0.16782224136496676,-0.21243036970698648,-0.031134549431562426,0.11294338069080752,0.08051506987384072,-0.12334242067658034,-0.09652113745707867,0.25985893209800065,0.39789744604459387,-0.5862974490522376,0.5295161395446607,-0.09411218066239645,0.4361794052878765,0.038655161430994206,-0.02461560152734882,-0.1108460290578343,-0.004940016140179991,0.08674407123374071,-0.12413537075649575,0.2332755956104245,-0.01699249260411598,-0.010416778611408398
MATI_lag_3,-0.03585963283213559,0.11907191126264523,-0.11014395787802375,-0.03648000039508827,-0.05959701815341796,-0.08124243262923585,0.11226160871074946,-0.15506392439866995,-0.13423243053237757,-0.23977545458303431,0.04672958939079718,0.03944112701720541,-0.1857113050724338,-0.15442851549845285,0.028401175324197003,0.171828094613639,-0.15717886149227303,0.09737579081262697,-0.12468811478643588,0.04432235858432519,-0.1918696760142277,-0.12154517028959894,-0.05039865267332068,-0.0395799094607185,0.13508416492619085,0.1693270791734241,-0.0023747950558212776,0.19311361097910223,-0.24096306545476454,0.11554780885673759,-0.08054447137909215,-0.2510178758174708,-0.30885211880011776,0.43216432584746456,-0.04244472189076139,-0.3079413775966624,-0.30885211880011776,-0.14647760623313663,0.15341904318143398,-0.34077137635069055,-0.11573944054082955,-0.03291753090691152,-0.3238331672045972,0.05536399088491029,-0.30154709426973336,-0.3905893841790188,-0.07363235464936803,-0.29350485780038227,-0.2764443865174085,-0.1535440480246339,-0.1451077497461661,-0.3528830954311322,-0.3515750831547441,-0.337628876200474,-0.26310310302569323,-0.08215436657865025,0.5785783683581989,0.6302113315505049,1.0,0.5115928157685837,0.2452027358725166,-0.16245712564268225,-0.016329129886326763,-0.12520715502982624,-0.053270113621242794,-0.022990240920727385,0.11046826514264194,0.017980515194600248,0.0045718283077672795,0.023213429444546827,0.09043345593833073,0.22576307470061635,0.1185758219796773,-0.21661969821465935,-0.3834507025902846,-0.42046552268696,-0.3530111159171799,-0.0057340574703723685,-0.37401594715054204,-0.3270158467586692,-0.20667620072394446,-0.34745958161188745,-0.37209432354001065,-0.13794871924289875,0.6226544057565466,0.33502574216370057,0.5481296480392533,0.6076704006913145,0.7960076526458257,0.4279698757662611,0.6752547484947891,0.6556200429169752,0.7007032256850535,0.2855137494754841,0.6153083365184583,0.4589009524441988,0.5155821972681099,0.5918536573340792,0.14866011484232983,-0.09834965492548847,0.09661847427481547,-0.09945925430974502,-0.09187593661944224,-0.04741723653761337,0.11829363235799391,-0.03789286910507248,-0.06819427597730175,-0.03112539243309676,0.12573241786982814,-0.0051354740190284,-0.10556665450543909,-0.007418853710203132,-0.022186540199612026,0.014303955915244042,-0.0005735149940776672,0.1794498491081682,0.0020054979071346558,0.09241845786283509,0.06522581720105627,0.19537729583396612,0.0751987686766694,-0.19131376161499497,-0.0928133701494157,0.054831301742428534,0.14108612465695072,-0.20126548093899632,-0.05154890292527217,0.07484453169567513,0.029426308500359728,-0.05452969348040688,-0.22835578981207308,-0.023074627445334703,0.4017140332712461,-0.33888403241425624,0.4170425016958417,-0.2237683465027508,0.3153250368259737,0.01741954743039087,-0.05876070784185645,-0.035177240972261985,0.06549790801362379,0.0792209627955847,-0.11016185653832603,0.2931752759019182,-0.04511918364797264,-0.03853195578833364
MATI_lag_7,-0.11959591578586928,0.09323939404998666,-0.1576924970511448,-0.04714790414565453,-0.1129934673766755,-0.24766238906432447,0.027561645502545962,-0.3673123042323992,-0.2098624694488473,-0.2780008456207099,-0.11088217449097738,0.045596134024166055,-0.3114697351343651,-0.2505489801094921,-0.14325363823981405,0.18945434846094433,-0.24408780636827843,-0.0076646331291715265,-0.1554428715135059,-0.07720671467036674,-0.22228399971911547,-0.1586191578443956,-0.19141124689573616,-0.13854628283151108,0.002928396135340736,-0.013773923972905852,-0.11115894728380198,-0.004965722071939316,-0.27609265880353434,-0.022386573907750555,-0.18563422650604844,-0.21317649955849854,-0.4712490478942701,0.2659269039079493,-0.19007457209855338,-0.4712490478942701,-0.4712490478942701,-0.019877183690484104,0.2816081483875251,-0.5117856485778041,-0.08360633827266767,-0.07314534017840485,-0.46911145969859097,-0.08467130387890305,-0.47308684162196885,-0.5234471419948341,-0.05157461015006377,-0.4716446249724032,-0.46371204473618893,-0.34714595108137597,-0.3096995613179117,-0.5069250081940178,-0.4906872408753484,-0.4867184978777922,-0.4709235858299994,-0.2031600442308471,0.36142293755957305,0.4520363758706423,0.5115928157685837,1.0,0.49800751869944826,-0.27231564443492684,-0.17589626547313658,-0.009825704201082334,0.01103469571404009,0.028749593594034468,0.10466780836972538,0.1753941340969535,0.00998589600112132,0.09560540246440398,0.16965591090428345,0.3281612144967711,0.35518657805628584,-0.2500258423382299,-0.42144231473998256,-0.5396050681131227,-0.5051142069428612,-0.09095389751819208,-0.5207677892138725,-0.4810927704183157,-0.26733098893448837,-0.520604251503663,-0.5010886294240858,-0.35578338167000656,0.41582066832457654,0.21580757337412818,0.3160048424255683,0.41344673403152626,0.6073925559663871,0.43574812245318584,0.46255746846379314,0.5749126247744127,0.7634879205997256,0.4666559853404098,0.5799531921176425,0.5756392208365644,0.3158644796634608,0.3333162473856536,0.08932631390057115,0.0017025411951488811,0.05574520714298129,-0.011338372281951692,0.01169316015650412,0.0077755128025687945,0.09779723363152859,-0.0017842992560079248,0.00991033011891863,1.02715387418004e-05,0.09642433068135489,0.04592552163793,-0.03748259669249109,0.022216317809100616,0.06109996779644755,-0.029450258975279926,0.1433582669392675,-0.008669490863868392,0.14414868097098626,0.0441863281743637,0.15095218074295824,0.09496280828435003,0.21234044705100377,-0.2613458794000496,-0.15792956229731198,-0.02671425329363556,0.08077672684992587,-0.25413664982694695,-0.06745770500360138,0.08088518893217038,-0.08205669661644013,-0.08917969375554677,-0.17730533126528092,0.023401760021139913,0.20590527858487057,-0.3104765003821869,0.2528011071865675,-0.170383057365049,0.19013439937904514,-0.019643612635734782,-0.13918676031534702,-0.018922803047577333,0.0006911299591236513,0.04169195989783632,-0.07168872714810312,0.4712428490883216,-0.1340625380959314,-0.13957913000304012
MATI_lag_14,-0.09411282265497016,0.06163512195411039,-0.1519584546795863,0.004002313882950751,-0.20555927270228497,-0.36034308893689393,-0.13427712083391738,-0.36238767115843257,-0.25605473293744213,-0.30527511334068524,-0.20760200225899078,-0.19098919812251472,-0.32850295696750786,-0.3242537324140665,-0.29994004544287906,0.0856939769308379,-0.32007794481260593,-0.3258183559793589,-0.024906176472371425,-0.16389801524201777,-0.15921290724917797,-0.1657081121329327,-0.2127856380904206,-0.28946163492398097,-0.17615340743224656,-0.06528238404984169,-0.19988837592856237,-0.059049633030676014,-0.2946606451762319,-0.129659914465883,-0.39567414960065583,-0.11120891860898319,-0.6686387279178841,0.14384200256230026,-0.36455680558038944,-0.6686387279178841,-0.6686387279178841,0.1170399858018901,0.43705624525139647,-0.640830303118536,-0.04200767986091064,-0.06621140487305928,-0.6215978435064428,0.0024681179609683376,-0.670935743828076,-0.6759688071240175,0.0866430012650732,-0.6602169070479921,-0.6588324598217793,-0.6570442994412615,-0.631072215370089,-0.6506404220939803,-0.6640551733556797,-0.6719781988037372,-0.6889808916142045,-0.633985905813005,0.1922176188589086,0.20108256033521932,0.2452027358725166,0.49800751869944826,1.0,-0.38944445886783824,-0.3695229870266435,0.11937956023331477,0.09111213057200372,0.07764460257730643,0.08012521457854757,0.30171334603210487,-0.040036221136016195,-0.011696272087871034,0.021839972466487043,0.2296263370745931,0.5288278867627931,-0.17287259324500112,-0.33707082793084914,-0.5810836453781085,-0.6663165634358061,-0.18043416148753522,-0.6500644609575995,-0.666348237928056,-0.22840227542174388,-0.6798833827626651,-0.42475491933090154,-0.6928349443909508,0.20657772506165345,0.12411339391539464,0.15012095617629498,0.21987836790786158,0.31002781520294764,0.2993830936388906,0.1912784617712128,0.33850191743741254,0.5808550393644166,0.49187951476277186,0.38160021511884773,0.5275036099876416,0.16350220820897868,0.10564341136577181,-0.0698276461549091,0.12822948603158535,-0.029812276873987884,0.11396615906051509,0.11671738972754435,0.0916264423222812,-0.03718794834096441,0.08104694297150145,0.08426285625626789,0.044177194788053424,-0.043504455297074036,0.09936903929701447,0.05737711552175445,-0.05437242533651319,0.07542818455422634,-0.1656454247758912,0.019045498450363504,-0.2773601142123566,0.1932876790792815,-0.24012233235299668,0.1639782625139378,-0.23678151142204373,0.3302400942270508,-0.43492069330207656,-0.11403878470153095,-0.0287758030536431,0.020906771182923826,-0.1520562878093377,0.008142018208222352,0.03494818480506758,-0.2561788759499708,0.055454790120507254,-0.07637870579167334,0.02260381486202913,0.10299812356505751,-0.15107756656756122,0.13433823289048483,-0.06617232209800586,0.0915318302101229,0.03571197512409836,-0.2277148629683264,0.005368326071895732,-0.039307443566270715,-0.04527977938016362,0.0005584325613643006,0.6599365684441759,-0.258566325167202,-0.27204581913190445
JML_DEPLESI_lag_7,0.10842262059876477,-0.08925731203516254,0.25048058686109925,0.12033526794675035,0.3230752359711809,0.20884927590922753,0.010689150535478415,0.4803030772543928,0.3314079797195247,0.3175481195873883,0.34926248219647166,0.25006062844785465,0.2191008839852462,0.3090615326870398,0.15361040915028748,0.0646895067450669,0.4115471521367513,0.22147036613088614,0.18987265016045926,0.1039389801767211,0.22642077131386798,0.37217122417186327,0.17487421928356014,0.30068632049711513,0.14792494173424878,0.12941140580616545,0.4044944472790578,0.140333679764664,0.23277215468496665,0.08708928733286991,0.4549268423776411,0.2494618031106529,0.8833452498430074,-0.03646078353580121,0.9522319638570261,0.8833452498430074,0.8833452498430074,-0.14431249663986107,-0.7267500229742934,0.826161034314602,-0.11890889536854615,-0.03723803219813382,0.8613950532409631,-0.13234813118916552,0.8864394255657072,0.7613122790341827,-0.19011167711053864,0.8540074397222357,0.8662875745264856,0.7680230687948413,0.7517265379789045,0.8364743790052407,0.8421742371109501,0.8456917481477351,0.8183044301999849,0.6411411459289454,-0.08636579667738811,-0.11197992563945171,-0.16245712564268225,-0.27231564443492684,-0.38944445886783824,1.0,0.9088152810035716,-0.1284256863544602,-0.13043525016560195,-0.1276911383128306,-0.20996388134904995,-0.30969374943501793,-0.07836038906552217,-0.1353235066985996,-0.19546425275880003,-0.5282202007450675,-0.6568551272771261,0.33859473893459946,0.5995394312210954,0.7908643578980731,0.850865810933744,0.2776411172232007,0.8383464418011268,0.8497489271971511,0.47200165683258116,0.8444354062920745,0.6537587550307198,0.7245865560840999,-0.08140607118392947,0.04626374040771617,-0.09910093667506079,-0.051327485099907186,-0.11927190401862606,0.01896948009835614,-0.18577825393740324,-0.0571825823491674,-0.15943387889738758,0.009782770687811434,-0.2579524287532891,0.03151970874174646,-0.0035320679031496335,0.21225072481254323,0.6922804375043662,-0.12525883635227197,0.15359717784334492,-0.16661365931147756,-0.07904094368458046,-0.15755305555179352,0.31177440573736614,-0.26109823948817157,0.02156060699966439,-0.19925312391293665,0.3942502233483336,-0.4296318845721443,0.10244929147614032,-0.08779790036741947,-0.2212194987197865,0.03527853188357784,-0.21722893917823696,0.24045506079507586,-0.3531855668944134,-0.0055144561788557445,-0.36198987897311885,0.21100189849101433,-0.4756176393550565,0.5593705092736057,0.21413087586887355,0.011559165300973801,0.132777263827067,0.29893373358615105,0.031947346872763335,-0.07581431682640212,0.2699008304514531,0.014962902687307473,0.08644557909239751,0.003914776038746465,0.05235723927246732,0.14511633287331516,-0.020224071460986193,0.0902370060811423,0.029784172271183133,-0.03333391460518914,0.3451993685677919,-0.005229824586120305,0.021466243733677635,0.11124888099135888,0.03790271894480221,-0.8542017858211146,0.05467885000257553,0.06166770013572017
JML_DEPLESI_lag_14,0.06896306684848656,-0.07305753730536764,0.28993159128821,0.02973970166654161,0.35165483053317964,0.23600487290531486,0.06943404117621263,0.4725380143546825,0.31993351614753457,0.31933387424435444,0.38869140383504264,0.2765520454963096,0.20668825759658624,0.31282191700084944,0.22561661354097814,0.11934840624975525,0.352289670121436,0.2673479258574657,0.18020836888956418,0.0698477050579911,0.22539097998537833,0.34610027830899964,0.15429541384047485,0.3723359367361372,0.18712877215197402,0.17086173642913072,0.38639523617015403,0.17349642437976381,0.21334094274794801,0.1479151973553892,0.459802212847867,0.14055109388109596,0.8109148806052967,0.05746734389638378,0.8802608708304865,0.8109148806052967,0.8109148806052967,-0.16028121483271696,-0.6661545335666298,0.7438640806309051,-0.07083676932780748,-0.0033440704777449827,0.7706910715582149,-0.14449689318527342,0.8138603030396263,0.7041723672148157,-0.12851305442474892,0.7821062274930543,0.7877389709333775,0.7961297830685727,0.7945223077083527,0.7581266772648318,0.764630672259153,0.7713432940716068,0.7861246084176997,0.694872417763943,0.034936772888947094,0.02374067491010664,-0.016329129886326763,-0.17589626547313658,-0.3695229870266435,0.9088152810035716,1.0,-0.11873070135479172,-0.11001446442637249,-0.09102505653131433,-0.11091872153468149,-0.31691860702050184,-0.018061212303652572,-0.06116292255061362,-0.10054328484707539,-0.37279291693648825,-0.6834865767326341,0.24081303997843018,0.4488951126950694,0.7002314916134614,0.7755315202072328,0.15676755795868502,0.7648630905945281,0.7660567257750223,0.28018310223731147,0.785515344257945,0.4784113540679896,0.7883593810984167,0.056257371996993794,0.12407402950571597,0.025075901691686563,0.07356477489691302,0.04686573500991954,0.13957591783074325,-0.033618749943335816,0.08938671506430813,-0.08900372581381757,0.024876322451626375,-0.14141601639467005,0.06274206909158142,0.101375509969446,0.2763202856794434,0.5452901294647778,-0.12391296134444697,0.2198788243744805,-0.18313913648673066,-0.049174036036286596,-0.13775082642684527,0.3393464610542121,-0.23327767144257605,0.06186980048407436,-0.17814270997221726,0.3821314529375523,-0.3603737163198422,0.06266534197664106,-0.000853014061813126,-0.10828079725692732,0.04879817409140586,-0.09057885787099515,0.20043339042315894,-0.1997759790699549,0.040565066280387314,-0.26337341147680965,0.1742735711829913,-0.33229898532128327,0.5383101906592742,0.13421498086265565,0.004338406805738989,0.1696129813391835,0.20176678587291333,-0.0194204944477341,-0.05533688701647509,0.1686187135314125,-0.05481152810666988,0.030161005704770007,0.020401039502416063,0.1397615490896682,0.0418406425949282,0.06815763463933548,0.04001019439450075,0.09498580762658998,-0.06643657855248804,0.21029725917180567,-0.03214386571237432,0.017979733300584735,0.15866524291490644,-0.008736205273278824,-0.7822357437586593,0.07788788477270932,0.08584382842010975
DELTA_PAKAN_GR/EKOR_lag_1,-0.16619213273088437,0.1276107802534003,-0.11039500442946126,-0.26203666484721255,0.04147641367969611,-0.07281002044188009,-0.10334554992608051,-0.05352252341313752,0.12577215878178494,0.08121227486489328,0.05130377015159429,-0.11617118612174905,-0.169595287745107,-0.02594141358435467,-0.2093543818739526,-0.12888663571958284,-0.0323956206009177,-0.14627582925669677,-0.03722648427035132,-0.05324018600367596,-0.046326048265483595,-0.11377643981233848,-0.21445269214624943,0.04546871221819413,-0.13220736350647688,0.05573782168067077,-0.054853682155743246,-0.012442976767994576,-0.1632667313746757,0.06901245095817611,-0.09324482496938208,-0.028340011854432877,-0.23948894397177845,-0.05157876445516478,-0.19762458942320904,-0.24072956522135489,-0.23948894397177845,0.6965672331042005,0.5236016643309586,-0.10736848142186788,0.42058394763033674,0.259230283331521,-0.2423474388057287,0.0714879022850721,-0.2247123381963276,-0.016946932249816964,0.19343481896329245,-0.27196412395191266,-0.2392373822439408,-0.22324030305335085,-0.14270045416451657,-0.10024495453613569,-0.07349239123447954,-0.07839947517117996,-0.13312650894369585,-0.18122294314606877,-0.06128609859257726,-0.0854894674960405,-0.12520715502982624,-0.009825704201082334,0.11937956023331477,-0.1284256863544602,-0.11873070135479172,1.0,0.7004929663181747,0.5482766228294509,0.36062800724862387,0.274570104186057,0.292489538876704,0.3759633460910634,0.36149499651382894,0.2880188053658137,0.16372621911978782,-0.06889196363277013,0.18968788963469194,0.11109339689492809,-0.10277624837992604,-0.17684053584149978,-0.061822987735448975,-0.12847842327237796,-0.08451187020553978,-0.07217595137360731,0.04172393967797925,-0.09902335519112282,-0.08554740215163037,-0.025520108005054037,-0.05462263079185973,-0.07372257399296821,-0.14075774002677102,-0.1680618961800674,-0.030336111698160972,-0.18059388685242558,-0.09894025532541285,-0.18231243845328102,0.0338365026976609,-0.18004023502479788,-0.09441058227290682,-0.25049409083031204,-0.2311331705419577,0.8937379022101871,-0.2200822944084988,0.8276858421280489,0.8316882408312352,0.7988582512975932,-0.4264732417057505,0.721758328952372,0.5821937787110456,0.7278024038212771,-0.4488723421694868,0.6099597908240693,0.45270883768384435,0.41197544330692176,0.4189525258556626,0.30170497576142613,0.45975368946725875,-0.18947727970842573,0.4439144372786003,0.23505461336142042,0.4801426610274878,-0.2112867267080797,0.41326540920889554,-0.0942763923686064,-0.2422365228504138,-0.32798176623059505,-0.21809743755397615,0.04534816902442453,-0.05013320969182762,0.06539672064691607,-0.18930014648939664,-0.06445137738785726,0.02572654925670223,0.013066687915640019,0.0012757590111522007,-0.014594468532257173,-0.05873747908372628,0.019042126442201136,-0.01586047321298252,-0.02831989902708956,-0.24676802027320266,-0.24581428365271285,-0.37031819751316997,-0.2469684523134794,0.03810086785619323,0.2718259245318393,-0.002245586801803028,-0.013627973742222946
DELTA_PAKAN_GR/EKOR_lag_2,-0.17419064174947732,0.13352563158664052,-0.07444997320527878,-0.20863739792813943,0.013419091406421932,-0.05995141504496202,-0.15239626502458886,0.0064834045564143095,0.08635573174588455,0.07381242628149322,0.011626027282455325,-0.2206017750240779,-0.16889047586286013,-0.0921643262113673,-0.10414148000530978,-0.15350617935483188,-0.09110116639492817,-0.12466393953105623,0.026282369927750602,-0.08330691880414225,-0.010783765569024576,-0.12068284439079031,-0.16477191495808505,0.21813841225529962,-0.130466793681859,0.12367889848683283,-0.05024100899414612,-0.015433080765759133,-0.13760091157302431,0.09856783792122664,-0.08264868458385309,-0.011286827261426527,-0.2423921027850365,-0.04257427536007316,-0.20461207633727216,-0.24254519110752276,-0.2423921027850365,0.5370263623960687,0.5220690247461056,-0.1265806203020621,0.41186097902644553,0.23595154650634192,-0.2504087560667808,0.06960248507505606,-0.23042160691242444,-0.031020813474107095,0.19766256804886653,-0.2684090505773679,-0.23159328903279694,-0.2076489072289859,-0.12048238104246489,-0.12146094491304506,-0.10927759418176793,-0.08097357154151946,-0.12375305492198785,-0.1534790333606003,-0.03553841476157282,-0.05732564015565106,-0.053270113621242794,0.01103469571404009,0.09111213057200372,-0.13043525016560195,-0.11001446442637249,0.7004929663181747,1.0,0.6975941074967712,0.4089959530398867,0.269836510931036,0.2847084975833635,0.31520372670198815,0.39130047447460464,0.2960207053973015,0.18298430092618997,-0.33870246143011545,0.04440895583990988,0.059673965002520785,-0.12825873030701956,-0.1924138071299032,-0.08501642722231742,-0.1551903827435156,-0.1466116479546036,-0.07011851843892697,-0.0195862239517761,-0.07462869802534042,-0.05660073281114841,0.0017208684435113333,-0.021851498138945123,-0.048388225216968984,-0.11513053895861557,-0.1472565857552744,-0.01647177449988186,-0.14944606483134953,-0.09368039675644807,-0.18684337405612664,0.04541906851964584,-0.17529963596496548,-0.07006810763089943,-0.2416057698077706,-0.25986682200044026,0.8133839435558715,-0.14123019500400255,0.755913549385254,0.8271327181548559,0.7888211637891573,-0.3613906987682047,0.689279958059037,0.6071177478688125,0.7394847935392236,-0.403869530112722,0.5892324677463704,0.4783470690465054,0.35227699358130665,0.38648937443694187,0.23305475786737964,0.44165191548735017,-0.19924121146907195,0.4524732451139713,0.19291263171212664,0.4813629955233327,-0.2145246651562077,0.43231546819277633,-0.13270174339211976,-0.22846797944647373,0.038573206647943004,-0.19157371445742394,-0.3243808670118615,-0.036191317917077845,0.047737740436768206,-0.19330577486237682,-0.027935059289373492,-0.017107215052604364,-0.010658601534161033,0.053967223851040115,-0.03732148096693628,-0.049059804629685094,-0.024817693971372574,0.017887603637289022,-0.018344445956869126,-0.2680195606700463,-0.18159237990446964,0.07435691591811909,-0.20351759052900456,-0.37559491345924445,0.2685018204733883,0.030144120119875824,0.02908228598313836
DELTA_PAKAN_GR/EKOR_lag_3,-0.22230777422883113,0.12922641945647062,-0.05917112610397677,-0.14894151092911243,0.10644011250238039,-0.09772318805136784,-0.14975820254698943,0.0013362736940679236,0.07679452113134268,0.16018436304062209,0.03323069981951051,-0.054747418869941916,-0.16863355206617997,-0.038818608385621615,-0.11868369219373398,-0.01552568409612732,0.050881332789685596,-0.1705759728111209,0.07395017332233873,-0.11031036733838942,-0.05107836779636369,-0.1526185598085865,-0.19665049286105976,0.18099829880715865,-0.01791486016940683,0.09790935943995807,-0.0699610875173536,0.07632751511467402,-0.19206228939160933,0.03279463699275195,0.0405755685348985,-0.16532916748226056,-0.23697840313924867,0.025828210023339116,-0.20033892243767634,-0.23636050262658,-0.23697840313924867,0.42437242676470754,0.5072253503483074,-0.14119802184804828,0.40442919484057366,0.18391017373553373,-0.23833174544884583,0.05350145696510649,-0.22941113614814543,-0.04841290769192438,0.18924025192160215,-0.26038952633792944,-0.21680459156571258,-0.17144324211874512,-0.08209987047011488,-0.13798331031009292,-0.12688462971794592,-0.112179212019913,-0.11365667983139471,-0.11738613969512582,-0.025435656071453913,-0.023692109118461792,-0.022990240920727385,0.028749593594034468,0.07764460257730643,-0.1276911383128306,-0.09102505653131433,0.5482766228294509,0.6975941074967712,1.0,0.43861037014878956,0.30264483405571885,0.24777435651398957,0.30802788918287627,0.3289239869288179,0.2807749124200068,0.16656794023716454,-0.2667866183336003,-0.10401408380313658,0.006014037628549186,-0.14070417488016607,-0.17648124079831157,-0.10511044126157687,-0.16391184891720298,-0.2339626125103065,-0.05473285863559901,-0.08507350851050512,-0.054316438095299464,-0.012279032883816463,0.042576343665806315,0.007317106231876812,-0.0041997738344864664,-0.08472222039713799,-0.11200397429448349,0.011999511450178834,-0.114092301168507,-0.07428715150710725,-0.18131425232028872,0.0715412633216311,-0.1721532689367299,-0.0235168523747539,-0.21430938662706048,-0.27280690867402907,0.6215492733840722,-0.08898931517758867,0.5817542249714354,0.6243769103495115,0.7603343476529074,-0.29507325777164933,0.6578125143203452,0.6453591205422015,0.7223863478643909,-0.357025907760889,0.5676901691923838,0.4864206992199785,0.3068601296797743,0.3488160596380358,0.20678141468965885,0.4329826212227938,-0.18551737633672213,0.4361921544727718,0.17893987563349936,0.4765976230599836,-0.2064940970306582,0.4271312296803481,-0.10820626101738434,-0.16073088024106777,0.07310140982262367,-0.15511410843148463,-0.25409591002495624,-0.034039667154263945,0.04319870829016672,-0.19097020135929998,-0.03569606481964064,-0.011996818417552407,0.01841478479835809,0.08097505877307926,-0.031969894678374904,0.019700402085154202,-0.020401144977049215,0.059143510227841575,-0.011090587079329426,-0.24156239842368887,-0.12298733259226002,0.06775731954054388,-0.15437314260877194,-0.26232849119513135,0.2605112882085619,0.043444407259259216,0.04815893459063172
DELTA_PAKAN_GR/EKOR_lag_7,-0.15817430953667824,0.2675499317731827,0.005318598873959574,-0.15535401143342878,0.0713571733994982,-0.10714385246834708,0.05084798782720536,-0.14389311059630608,0.12110234921347278,0.101911011553479,0.07831842963946682,-0.03503005201837649,-0.17672687808119675,-0.13261211046196486,-0.049539008997610934,0.016541062206773215,-0.0485788959884672,-0.10891309728856474,-0.018755734235569213,-0.06040854314393584,-0.06505701837695525,-0.1854988758335364,-0.21736307707497823,0.12661986712186768,0.007188548588565283,0.12222768361148152,-0.1428405387508213,0.026811836164662785,-0.06865677001400013,0.09726628760008638,-0.01641183020538961,-0.2435193900560699,-0.2461902330699641,-0.01961933333774908,-0.21463905296251884,-0.2461902330699641,-0.2461902330699641,0.25372464080105106,0.47830287341832256,-0.18907781600383827,0.4149979048170792,0.179513949517116,-0.2638789221490547,0.0015963607855990468,-0.24840251988051223,-0.09281879054170886,0.14725162632280736,-0.25732028594002343,-0.2285273199524365,-0.11088942186679045,-0.0011485234484633594,-0.18105154611944174,-0.17315134451747263,-0.18903539243140494,-0.13598944543130584,-0.07777330305417728,0.01614372981493898,0.062065579692028965,0.11046826514264194,0.10466780836972538,0.08012521457854757,-0.20996388134904995,-0.11091872153468149,0.36062800724862387,0.4089959530398867,0.43861037014878956,1.0,0.4347592772106154,0.25248392740239733,0.26921280425021615,0.2096067795976081,0.4123063850209544,0.20981691345317102,-0.2173437088316835,-0.3155375429757244,-0.1881831646342453,-0.18390250467143218,-0.23135601632725503,-0.1633990982714065,-0.1980232994388083,-0.2801685092936534,-0.15990695205066088,-0.2512614117089385,-0.05454097487121724,0.01596243709497578,-0.041832881363291934,0.0406187044789452,7.772045419571432e-05,0.03241325759026412,-0.0088014823899091,0.07917872363886046,-0.011780412647446626,-0.014444434522974009,-0.13519593967260052,0.15106839224087593,-0.17254131094568592,-0.018941780139873885,-0.07448394411466973,-0.30190042120576527,0.3823944041585803,-0.14086393462941202,0.38266196707745553,0.35790651825292263,0.5213548253228952,-0.13369203817815029,0.4537483786324997,0.5465578026092591,0.6195768225607243,-0.18700153169599734,0.47473377681344425,0.5687899606778547,0.30717767782558825,0.36199702769914505,0.17896362154857823,0.327938235216723,-0.18125113133106305,0.413294603898352,0.21720794021406745,0.4390871812194962,-0.20007025402123887,0.45552426614595193,-0.11426980446418343,-0.1975064092453711,-0.0030993519404650567,-0.17050654177452684,-0.21999958269762884,-0.052825674150610465,0.014035078595758864,-0.22485196341068656,-0.047466932899372385,-0.0608355097919636,0.00815804573251952,0.022963342966514585,-0.1244964644161096,-0.023444465140485888,-0.06904778686653862,-0.02252325710384554,-0.04221258344237121,-0.24436227067339583,-0.12014913384390653,-0.02937062624026907,-0.18587866759208643,-0.1550635323130677,0.2573248154780235,0.07594263315869801,0.08463650901503328
DELTA_PAKAN_GR/EKOR_lag_14,-0.0634019607023445,0.1949778573448355,0.0462346365854938,0.09736384984466517,0.017840621803375065,-0.22731452865649643,-0.02985329224064735,-0.16912480528142965,0.07491477710687092,-0.09559766258679749,0.0026694814932407746,-0.04442402261682145,-0.1645886114853,-0.23462781459832097,-0.12473887726543424,0.04565981814516373,-0.048680495408914164,-0.17563591826043415,-0.11990120598943836,-0.048349543734800826,-0.18571050401480996,-0.07499088592190402,-0.13465583683949578,-0.1205105311157364,-0.05852041803960753,-0.09956437325708628,-0.06731701291399911,-0.013885111039520845,-0.1155907257245299,-0.009592807747560146,-0.021471358790267528,-0.12889567047321546,-0.3627982056180988,-0.12747243739387712,-0.3117545407054174,-0.3627982056180988,-0.3627982056180988,0.24521452165901675,0.4746586903986831,-0.26832517958747876,0.31607765478615285,0.19434936782724974,-0.3583996166032851,0.0102402685568248,-0.3650763154720887,-0.23778445355934713,0.03322351000322801,-0.3744984790906118,-0.3187523663918545,-0.2144143773316054,-0.06686044681279125,-0.27319683530928285,-0.2921608476377385,-0.31696463988397494,-0.34382009785547024,-0.25653154420870977,-0.09353084449206506,-0.02758401098376714,0.017980515194600248,0.1753941340969535,0.30171334603210487,-0.30969374943501793,-0.31691860702050184,0.274570104186057,0.269836510931036,0.30264483405571885,0.4347592772106154,1.0,0.22759113781350318,0.19024693867386525,0.1529207545587655,0.25647422306937856,0.3978218116335449,-0.133987495138065,-0.18208086480612204,-0.3001561174836547,-0.2814357937294769,-0.13504551714552138,-0.26875096456701975,-0.2905738313687324,-0.20184826776398945,-0.29584772382338037,-0.21061096804646223,-0.2964526352251089,-0.11781995740777775,-0.060746905303026386,-0.09452150597797658,-0.1111190208609554,-0.024895298780377106,-0.033586143535176326,0.01387882293862808,-0.03756322379396963,0.10634372761929133,0.07559907089735339,0.12265840491755889,0.05710004839657915,-0.14198226450943352,-0.12725166568941196,-0.21453447539717505,0.293052587848132,-0.010090876237047505,0.2698904281105286,0.29275601793233236,0.33493729863503413,-0.0011269837649319364,0.2428589603800556,0.41971679358667474,0.4326547618601872,-0.061683479605334164,0.3164876152945981,0.5390193118410488,0.25601330823612634,0.3050985919000917,0.1862727720900935,0.26680446524364765,-0.25045431572542387,0.35172453994708347,0.1381176628803937,0.33911903737249577,-0.19222844235405034,0.41439244404018877,-0.2621990677440954,-0.09511516667940544,0.03079663966065236,0.02710101355289024,-0.08243190841702511,-0.012130167128334023,-0.020631742199502014,-0.21365015472367094,0.07234336204181606,-0.04563465060467559,0.011240222144798428,-0.008696190517808242,-0.12724906920340348,-0.1286930585388307,-0.05540379844453305,-0.04081059997380703,-0.00694123974005677,-0.16719926872088267,0.01684634005846796,0.011216849662529938,-0.033809851254563004,0.007537406995206778,0.37437814722134977,-0.10562190600772221,-0.10768206751415652
DELTA_DG_lag_1,-0.05107677799782284,0.0010287435754698549,-0.018195206573714696,-0.056989312764509095,0.04613979075354289,0.10736632533658438,-0.0006657511362648069,0.17088146238126997,0.1651285615095121,0.16077869965574437,0.052296852583291885,-0.012819057372590188,-0.09967245845255626,0.07813412990923446,0.026093339893215762,-0.07709588296342017,0.06746271101711972,0.04597647212959493,0.08917817324377521,0.06885598515662714,-0.15686064810630643,0.058083066618370434,-0.030707458449094106,0.09714917106245242,0.024504614263786195,-0.140017611324902,0.03157642503781215,-0.008129313333673194,-0.1420490655452078,0.1441403197765522,0.057526218662553474,-0.04499560971050243,-0.08590496163686223,-0.10377125372748151,-0.14307986131999315,-0.08366820620548478,-0.08590496163686223,0.3357543451805317,0.2704745398493696,0.0055213985135033885,0.48059454151014536,0.3059620764942825,-0.07813806195603978,-0.2740886121707395,-0.07107036791858756,0.10929131924826957,0.22295626252541487,-0.16690173644094358,-0.09082478961387812,-0.061756857723383976,0.019354157458409748,0.19237677613060924,0.031954038316113056,0.005114084130865191,-0.012805690605284253,0.026489457858871794,-0.03245442309867128,-0.036886334396569444,0.0045718283077672795,0.00998589600112132,-0.040036221136016195,-0.07836038906552217,-0.018061212303652572,0.292489538876704,0.2847084975833635,0.24777435651398957,0.25248392740239733,0.22759113781350318,1.0,0.3535330878384166,0.32298441222054136,0.17984235888977096,0.12246882268577063,-0.11561238071961083,-0.038379856399769256,-0.013098074540341438,0.08581831515569735,-0.11320484471710253,0.08852666855292454,0.04685592973171384,-0.07355524137009659,0.06707503619126472,0.0071739669051015306,0.12010910016071508,-0.0813109156672035,0.017612385674715958,-0.08947289745188775,-0.05158499640305784,-0.05201426399422242,-0.06110252749760562,0.0004832594646022466,-0.08808941422393557,-0.08515126140656305,-0.16956836380934412,0.040146523524245054,-0.18861419162239834,-0.14865846854471676,-0.2220448889397169,-0.2409898287480293,0.34866882009748784,-0.1070697928960785,0.35248193676560724,0.3044454867968236,0.3201086802472807,-0.23013358568230663,0.3518997432608245,0.23443496589476565,0.34145830035272934,-0.24027961066303138,0.351600682716944,0.23413917339813137,0.6976849208634386,0.5741541560461202,0.5738999986300094,0.6173091927537426,-0.09392921439880657,0.47341831076142793,0.37633604772692736,0.5590860114424486,-0.13244080182446308,0.4034830318151529,-0.08034262809544489,0.01661053603149111,0.01932601997771155,-0.15807143680564714,-0.012021675354349035,-0.561986885458003,-0.5355659889645444,-0.10573217819537144,-0.1105482696284321,-0.08774125160043755,-0.010289338026001663,0.00901266441279443,-0.11708353106420058,-0.12126355623847386,-0.08197079002287101,0.015545316565080689,-0.49383922302891586,-0.13429389620589144,0.08248446639570306,0.022059052532403773,-0.1777105605793218,0.003924930175670196,0.16690999022471498,-0.013514150549976076,-0.014312179002162057
DELTA_DG_lag_2,-0.07173274980257524,-0.021344246087874056,-0.00024573839213799776,-0.09593649831101018,0.16365665953613512,0.06398676398335437,0.06212207398914763,0.17167192066626183,0.16100085554349047,0.21450095127513305,0.16826856553158837,0.1616234822944536,-0.11343629211593759,0.06819520239904728,0.07152628022944832,0.05641722271061266,0.049429683359357296,0.027396104333322985,-0.14191327507495355,-0.09535623367709431,0.005840953571926582,-0.10163134567493771,-0.08609101454887103,0.11010437087763843,0.1505290322052155,-0.09861569850959928,-0.005499337973570752,0.14212958330454845,0.012778298494304754,0.014191794681557117,0.041168232990911095,-0.16577381588772344,-0.15625329684846745,-0.023416250231902157,-0.2147281574250355,-0.15825301060043717,-0.15625329684846745,0.3381277488310739,0.3285847730698595,-0.0834820020073424,0.439482765675016,0.27091897280250615,-0.15733477469392046,-0.22003655287487559,-0.1304657909151586,0.037865016601935926,0.22513004658933788,-0.23027964997699518,-0.14687927078881222,-0.08470803974212306,-0.01871688648349593,-0.0618637616145554,0.11141530429084325,-0.0361975842814015,-0.046468101537854675,-0.02281056926309308,-0.04841261334404063,0.017824359257167285,0.023213429444546827,0.09560540246440398,-0.011696272087871034,-0.1353235066985996,-0.06116292255061362,0.3759633460910634,0.31520372670198815,0.30802788918287627,0.26921280425021615,0.19024693867386525,0.3535330878384166,1.0,0.37724645574935234,0.26522539423509,0.0652022496752525,-0.15115747200098645,-0.07217816214005954,-0.06263437701467381,-0.002676703948981898,-0.2834592713327776,0.03641159216758815,-0.0463055463612669,-0.18397826657255612,0.003477815767928328,-0.09104152250077473,0.08180324469966029,-0.039888641265688286,0.01444542908543199,-0.040750932234601134,-0.03219985241785489,-0.01927586942748792,-0.04786728572163996,0.04016764839138944,-0.05345155191344642,-0.03832586253505065,-0.17003297541963255,0.1034770396246407,-0.16564722861865225,-0.11193754036595259,-0.26147210514545777,-0.2994044873391215,0.38567654586345923,-0.09655212748381452,0.38266706427446345,0.3553587898956457,0.3419316967525369,-0.24597335364761666,0.38198829035300624,0.23428655522570974,0.34799179033636607,-0.25572141763555434,0.3890895526302689,0.1823826915545008,0.7128386882965682,0.5891030586808579,0.5979071149299039,0.621166564952226,-0.07682345456397707,0.4946834686320222,0.3729605898401424,0.5680614554375173,-0.11097899984928576,0.45415554279968695,-0.11288647005850554,-0.05843180256995298,-0.030278083497745852,-0.12972459642213757,-0.03469555476867981,-0.11568486106490336,0.3266383212073287,-0.0665885707840751,-0.5170051562006095,-0.03167133944558961,0.05843868501523565,0.06919921361078267,-0.13477591596293234,-0.0404584051890207,-0.027486618554645476,0.004632251181499923,-0.0501383846689662,-0.3203288153579951,-0.02195872336444556,-0.05161729332959675,-0.13400037740001783,-0.0033655996559470635,0.2301851037804381,-0.02206442551820852,-0.009998179133339611
DELTA_DG_lag_3,-0.14396825260958537,-0.0048802100162120944,-0.06646005842630442,-0.26206721480210393,0.05389247596633065,-0.026247027555228584,-0.0683800370617701,-0.03583662405417184,0.08631587231424256,-0.08963315663249923,0.0355745780825389,-0.06897090518609031,-0.06616027528690299,-0.12317758661977686,-0.01448399668886504,-0.06506848440614207,0.04014087800630937,-0.03688408447541507,0.006674230125527158,-0.1770232859001857,-0.015476470946137563,-0.17864491322261955,-0.19877784814234156,0.043119153324461014,-0.033594885521836176,-0.014768748491524937,-0.07125873530248775,0.14335798393354093,-0.08435601311230169,0.054335981605861235,-0.03558105007806904,-0.1129132542686314,-0.22033830114590036,-0.0009715436333130445,-0.2676582764205448,-0.21953587455343096,-0.22033830114590036,0.28160129279523033,0.3662858320554157,-0.14568878543547092,0.4140700456836594,0.2669215993834187,-0.21608447342678552,-0.2170553240799582,-0.20401843916963852,-0.04964991167787893,0.21176070261692886,-0.2856822286482236,-0.21098872537650892,-0.13091238508934158,-0.0665791557425584,-0.14801952977596078,-0.13367748012595665,0.03572639337255149,-0.08983391414007448,-0.017919682154381625,0.028248353758669534,0.005546853909633245,0.09043345593833073,0.16965591090428345,0.021839972466487043,-0.19546425275880003,-0.10054328484707539,0.36149499651382894,0.39130047447460464,0.3289239869288179,0.2096067795976081,0.1529207545587655,0.32298441222054136,0.37724645574935234,1.0,0.3725670066330988,0.1771881467043531,-0.31907061417897536,-0.15277401051425799,-0.1239079643519221,-0.1406481446120437,-0.17662183062278763,-0.12183854502947701,-0.16034232341229013,-0.2541868563376653,-0.07062033693848666,-0.16933556603079203,0.0239718800816938,-0.010710382436159276,-0.01544033032125975,0.008326550603557383,-0.014707158999556207,0.010377984907211606,-0.04802391184085493,0.0709241171545991,-0.036259329700100394,0.024452633283412184,-0.1322309494807614,0.15624322392400572,-0.12948823652307095,-0.0483832046031778,-0.2661816513765909,-0.3273197127961941,0.39424635702245464,-0.14535136308394933,0.38858203211066955,0.3580746613148851,0.36012060077829755,-0.22112431747918632,0.3837082452340771,0.23812096098636357,0.35667130493251814,-0.2536876719118642,0.412571305610637,0.1782943136820282,0.40844210832476846,0.41147400015074287,0.32406837301996827,0.6240547437203233,-0.05606519191030631,0.4825682717151507,0.3722174825130259,0.5701786234021181,-0.07621382152748572,0.44682341538077786,-0.14926125795228243,-0.22928529304129605,-0.10978112205439439,-0.1453535497804762,-0.1827794836980598,-0.10810340816486619,0.10019216229229388,-0.051422682555017286,-0.09682894073974116,-0.07208832551559491,-0.010013508992166926,0.02511407891732517,-0.09514304752709331,-0.017449970492150683,-0.06824820191905251,-0.024499028272134588,-0.044505341258022114,-0.22839127274358145,-0.11818879867683914,-0.06159129517915317,-0.1600458555336564,-0.12667433709668796,0.28579058950368585,0.010924830190047738,0.008298911312405389
DELTA_DG_lag_7,-0.1953758744347377,0.20411081438001172,-0.1610438677326951,-0.2282279975012356,-0.13008836861366005,-0.08516204575493362,0.05751199665890345,-0.2431298024404988,-0.12021014514494589,-0.12807551707059683,-0.07846022101123805,-0.10129922015916579,-0.1990577706649589,-0.18648293319684578,-0.0777130846391585,0.022548567445249683,-0.19131759302371212,-0.06067932876444821,-0.07636145573775574,-0.03175190103835578,-0.14088378446404912,-0.2938515983615871,-0.2088163761020879,-0.005440511163297071,-0.035650061258361655,0.03793715253447781,-0.2434352492501342,0.01116542009038567,-0.24335991812763835,0.11347976976209988,-0.2430039110904542,-0.31313631657651925,-0.5249567791970642,0.12003275888525256,-0.5135594887842334,-0.5249567791970642,-0.5249567791970642,0.2095838281260757,0.5678479661141572,-0.4732451146620571,0.3912292747097984,0.17783567617164764,-0.5391326308939016,-0.12332599001522333,-0.5272945422350982,-0.36539631635591757,0.22450688606289496,-0.5541032665233294,-0.5745302872982968,-0.42773771957661655,-0.35528318873275105,-0.49971364386201894,-0.48643186673423017,-0.4696207888906078,-0.2673052217041406,-0.23197313647815992,0.17691629625159558,0.2065589280912095,0.22576307470061635,0.3281612144967711,0.2296263370745931,-0.5282202007450675,-0.37279291693648825,0.2880188053658137,0.2960207053973015,0.2807749124200068,0.4123063850209544,0.25647422306937856,0.17984235888977096,0.26522539423509,0.3725670066330988,1.0,0.4467717884015864,-0.35384889441917416,-0.5165669202379439,-0.4604737760926746,-0.4923839455065328,-0.22483651143337202,-0.4858275342832528,-0.4849652222154278,-0.42059411014326414,-0.4518911048764883,-0.4818165481661961,-0.2585013410062418,0.17905696503500942,0.0324042207658235,0.17659161483871122,0.15474769315777545,0.18309197944847916,0.04097111058244998,0.22402989193726064,0.09053822478192042,0.18158967644363463,-0.09019680645429211,0.3086540051776411,-0.073781800478435,0.10995039246687002,-0.08717172957114964,-0.4607908997929096,0.29639826853309487,-0.17544152191845166,0.3213771609019657,0.258509034990095,0.37990887468074686,-0.26053092319406235,0.4204456393181389,0.28036674706122894,0.39097318319493746,-0.32146434237470434,0.48765804479635455,0.14298564167920308,0.23357416841507947,0.3650089682883127,0.12936598987818793,0.4065420686399679,-0.10391267660519997,0.4425770308930142,0.22406903659702385,0.5666013385553988,-0.10564171247456414,0.5156233491868963,-0.3291308993169903,-0.23360378180245037,-0.06129586112090429,-0.17969042351049486,-0.2768011831586632,-0.00808040575700887,0.1406692307337614,-0.21233827392469273,-0.03226942009581993,-0.10606192750575565,0.013270836071576137,0.035622848698300014,-0.19551175900316783,0.10500904555680378,-0.10477437819311788,0.02327826629658364,0.04839468778580182,-0.28711099471567963,-0.05553137010147154,-0.03805553805597768,-0.21477500178596248,-0.10900137922514123,0.554269934058705,-0.0006839421842864361,-0.008206145384740156
DELTA_DG_lag_14,-0.1422482005836808,0.11340978441825131,-0.23280462012448427,-0.051994873744592114,-0.27274116872098725,-0.2639132740479428,-0.06654574160903959,-0.3804814155615919,-0.2116837921996281,-0.24839148574222214,-0.2351884637349272,-0.19451040987462676,-0.26685847721703443,-0.3372124626106049,-0.23947721251795245,0.020287543193349692,-0.3116951100778088,-0.2294374523119909,-0.1965634094887042,-0.05916314577360345,-0.20481308285772437,-0.33233416484597295,-0.15708749862681962,-0.2932066123294974,-0.1363038722369351,-0.11001713348906715,-0.3374903745378976,-0.10406452796321104,-0.29054373239039283,-0.09460075232461773,-0.37114907784367007,-0.11529955022168158,-0.6965537868451559,0.028459386718325135,-0.6144885047572823,-0.6965537868451559,-0.6965537868451559,0.20728994657496308,0.6006137781034866,-0.6266455096930158,0.21634477370409758,0.12225081569803334,-0.666314343012295,-0.06278171298768817,-0.6994026262724825,-0.5967433550556702,0.11657575612515986,-0.6995303753183408,-0.7101014096930671,-0.7407465271231811,-0.6271346595202685,-0.6404713349397292,-0.6771568944375796,-0.6731458007371244,-0.6522472418247904,-0.3456236029231844,0.04317244667037673,0.09934467750221522,0.1185758219796773,0.35518657805628584,0.5288278867627931,-0.6568551272771261,-0.6834865767326341,0.16372621911978782,0.18298430092618997,0.16656794023716454,0.20981691345317102,0.3978218116335449,0.12246882268577063,0.0652022496752525,0.1771881467043531,0.4467717884015864,1.0,-0.25416278341109594,-0.4543445286709828,-0.6464307460734039,-0.6575305301841972,-0.12476645894167603,-0.6631444641386437,-0.645266189539083,-0.3021186793978815,-0.688422591982752,-0.5049481676096361,-0.6556970053020679,0.0638023090170591,0.02666121009318547,0.03640556006666545,0.07468591283905697,0.130311171104871,0.05001387461660149,0.12508207521354534,0.0883209073260118,0.30522801302940405,0.17824812854291075,0.27768670877332124,0.1774489914798852,0.00478262032880465,-0.08917782671217005,-0.30129398831069065,0.20341916218515066,-0.18774323322804165,0.24102829588623467,0.13987488050431982,0.21391078164007327,-0.21947843669861197,0.2595134427977261,0.12997283790107944,0.24889311467416408,-0.2584958952663994,0.34541345765503056,0.12951569777906943,0.11228403702364184,0.1932638405119133,0.05443882612798155,0.24099478864387622,-0.22479080170665852,0.31660303093335457,0.04510570127117565,0.39225742585222634,-0.12742283712747074,0.42607535376204964,-0.4955482450719343,-0.15577624093738593,0.011075018630488848,-0.13265332858408294,-0.2233819750066937,0.035215442042863525,0.05130223563395721,-0.21030156113058981,0.12453078603025859,-0.032762075900106054,0.03812436705432254,-0.013675932426571297,-0.13028839175526616,0.018114164644202298,-0.036975747355557226,0.014768421828273513,0.07965027916116993,-0.19371061700895414,0.02965447840339217,0.01759284524773114,-0.17060700179500904,-0.009407142957505199,0.6994832096943736,-0.10477684465893446,-0.11008525544330762
PAKAN_ACT_GR/EK_rolling_std_3,0.14524784120445386,-0.11505148852976493,0.015702989535639734,0.031214022773456793,0.09768751739573174,-0.03589426908572074,0.0012061728195752663,0.14760941808171307,-0.0002992626526171058,0.0989732939707335,0.0942204773756745,0.08602474033611848,0.19052336089769897,0.18447352293713462,-0.11154352384431093,-0.02353730665027615,0.17945862638771787,0.10941927017822776,0.011628277249295648,0.06881288857748187,-0.04778536784949142,0.21242777923672518,0.12404119527926656,-0.11647024907989527,-0.019210019585899674,-0.056807583515689423,0.1684629070855019,-0.04900277338030237,0.0836702114325123,-0.011785259465205448,0.1743120638281525,0.19941534605258038,0.3616477819520757,-0.1075137054997188,0.34763013741102955,0.36077834345615317,0.3616477819520757,0.19255850788481294,-0.3338061374275236,0.35562039461276995,-0.12859656584485124,-0.1059780089595372,0.356516915563068,0.08055083655671591,0.35408457134909116,0.32737025026651306,-0.23887132717544735,0.3645438654732939,0.3271675374868314,0.2573090116348434,0.22920159244289795,0.368489028876799,0.3648636618999873,0.3125591549051039,0.26507133218819967,0.17448677139720856,-0.1912843385525148,-0.23270226833985921,-0.21661969821465935,-0.2500258423382299,-0.17287259324500112,0.33859473893459946,0.24081303997843018,-0.06889196363277013,-0.33870246143011545,-0.2667866183336003,-0.2173437088316835,-0.133987495138065,-0.11561238071961083,-0.15115747200098645,-0.31907061417897536,-0.35384889441917416,-0.25416278341109594,1.0,0.56190469484714,0.4363906578756643,0.3694432697015183,0.23669178233057417,0.35321673254413316,0.38316948271117635,0.41338310774128795,0.2832929561657956,0.43346785806901805,0.15326003148347106,-0.1877806869800261,-0.11892991312562783,-0.17273390549401338,-0.18867108185166395,-0.19367882049370794,-0.12924222721298428,-0.13888805821388692,-0.16036606418930296,-0.19603932625860498,-0.0019215997539113008,-0.19259462402121294,-0.012540799377277272,-0.09643532601138394,0.07850937715697198,0.3287554824078112,-0.10009750078637311,0.15575267257302589,-0.13480964464546613,-0.03482416585995051,-0.1848201562714849,0.12166379647052342,-0.21359043967116495,-0.0867007546254397,-0.20632194603021087,0.16984481125396556,-0.28391670358428217,0.009061091925799215,-0.1426545829060193,-0.220376831874377,-0.014349207844927669,-0.2776696678149702,0.1134337734918781,-0.327803619142803,-0.03398225475143896,-0.3308104010896978,0.13474701256656565,-0.38248613596648257,0.3179039414342338,0.602130444434227,-0.03491039610911472,0.24013263724870296,0.8410499155560046,0.046921951612959145,-0.08820013771261033,0.17590132889492238,0.05920371095859835,0.1635646198882249,0.04023092256274239,-0.13988460815418727,0.22030758882017634,-0.08957265921850303,0.16027245338174795,-0.12727859633878816,-0.01648080747571133,0.2643853256928807,0.48475271346499904,-0.042815601178289205,0.18376641069120392,0.7360408388571994,-0.36455930102840317,-0.12010583817268213,-0.12262348148453053
PAKAN_ACT_GR/EK_rolling_std_7,0.1383482939951838,-0.1368057620261199,0.05031857823550463,0.05302846575878443,0.15925458631727823,0.06301483539327332,-0.06710818831518373,0.3106848163646324,0.13811900036397032,0.16832761241601307,0.15537966326271996,-0.009433102397472852,0.16988454012258478,0.20076378880567852,-0.0034898698344141502,-0.14064138267062698,0.2434509839874148,0.12159540076433524,0.08005032540176692,0.040702724880517176,0.07383713186148037,0.2577297516604009,0.13115365827863432,0.07411194169781331,-0.07823983577090085,-0.01178315114259784,0.3256025227070809,-0.0959550152046764,0.14421610620705594,-0.05603283639953331,0.21658563039119044,0.3450682457820797,0.6124290602238904,-0.229815928379276,0.5547374132952945,0.611402146339419,0.6124290602238904,0.2790838810197757,-0.4588930868695065,0.6442684796158887,-0.06235674295168524,-0.017262827896385866,0.6001328919892651,0.02655622900794939,0.608834940482925,0.6168681570542919,-0.16643001280230735,0.5896127459233979,0.5892120981579304,0.4497891597614169,0.4147430563253251,0.6561150813739565,0.6601205635403542,0.6461113347554631,0.5160809793773928,0.30466760834773354,-0.29416761655018814,-0.3665265135774952,-0.3834507025902846,-0.42144231473998256,-0.33707082793084914,0.5995394312210954,0.4488951126950694,0.18968788963469194,0.04440895583990988,-0.10401408380313658,-0.3155375429757244,-0.18208086480612204,-0.038379856399769256,-0.07217816214005954,-0.15277401051425799,-0.5165669202379439,-0.4543445286709828,0.56190469484714,1.0,0.8077188177491604,0.6643495521596683,0.29705585139286994,0.6579338524321621,0.6602855121629256,0.6002321134245258,0.5807270763979451,0.7743205708279358,0.3578364688122338,-0.327081758239625,-0.10541139390257938,-0.29530124716462597,-0.27853366079835723,-0.37317191684680756,-0.2286630964431734,-0.3116569456723735,-0.29635889067210663,-0.382933605096698,-0.11916524991992868,-0.3692489851570389,-0.11639183592686889,-0.21165675671901266,-0.007425620203496305,0.44734879940463557,0.185277437710191,0.032083932043208536,0.1295327268322456,0.20304174240404005,-0.02344977781531266,0.010004419038807626,-0.08274312419144367,-0.024632446601368447,-0.08672329371971124,0.062333776859002855,-0.21477659408272248,0.07881834508864176,-0.03955433609705364,-0.19782791443032183,0.1142994098453283,-0.18044061665314864,0.17921586930085454,-0.3341661379187756,0.1086194462497603,-0.3243021622464214,0.1596460120238267,-0.46016106605769874,0.42549628392126176,0.35723611577864867,-0.06291340070576576,0.04498114456097873,0.5704582559385044,0.05437831308795175,-0.09902727288875121,0.2812807441510962,0.08388755496418646,0.1451474957654259,-0.02222884596554546,-0.1013615669896158,0.28139415988507793,-0.20812199714912966,0.13706570130394746,-0.10462867923403393,-0.028860030089663504,0.3258103076032449,0.15614605011544483,-0.06442790324419394,0.03307178738967308,0.3476079504465982,-0.5896715328327373,-0.05797375115871796,-0.06905772943779864
PAKAN_ACT_GR/EK_rolling_std_14,0.12013670239093747,-0.09630596587377412,0.155909911979001,0.0018998275462021007,0.2762526672267052,0.19847567862236046,-0.06552831802437685,0.44468752544189394,0.27376164173206596,0.3548328799110787,0.24253007018452363,0.10122717380344586,0.27043427150098864,0.3674832787500559,0.11662706492619504,-0.08130768343510401,0.37955806989073315,0.20908223992526723,0.17157858133637605,0.07886744717770355,0.2207373147928509,0.3110301351362812,0.19691687644523645,0.2854071319003619,-0.00024825944796387804,0.06080749137505753,0.3480053011641747,-0.02533174431002299,0.2502573284490263,0.0789141297478217,0.3831246740186905,0.26899369330442435,0.8421701837719926,-0.2093645042631343,0.7236936444305855,0.8416127780213698,0.8421701837719926,0.12650728916591603,-0.585712396902569,0.8572704825100701,0.0314417653962103,0.03562118507691196,0.817656122020085,-0.04123929107042518,0.8402731934594059,0.8551725458783476,-0.13251546376698192,0.8103289516947062,0.8014053290461642,0.7017799945171767,0.6671577688057557,0.8678323303248883,0.8744125800035019,0.8735033696767729,0.8024528983638763,0.5626603221723381,-0.29175569593987066,-0.36027462766124335,-0.42046552268696,-0.5396050681131227,-0.5810836453781085,0.7908643578980731,0.7002314916134614,0.11109339689492809,0.059673965002520785,0.006014037628549186,-0.1881831646342453,-0.3001561174836547,-0.013098074540341438,-0.06263437701467381,-0.1239079643519221,-0.4604737760926746,-0.6464307460734039,0.4363906578756643,0.8077188177491604,1.0,0.8826558663147244,0.2945030609455648,0.8757810389077538,0.8744059674988245,0.5260164231761306,0.8584536766600582,0.8281818001638594,0.6629134581927786,-0.3263289816959147,-0.13226707381105657,-0.2662203465128319,-0.3054999304043738,-0.4248445878725292,-0.277989521743426,-0.33974728963731887,-0.36315738843374135,-0.5434850024321376,-0.3302516833067409,-0.4331482491881678,-0.34314125510880555,-0.2076105781134978,-0.040506210542509385,0.4336564910796348,0.10883882142341354,0.05452335883728466,0.06482499912292856,0.14716443479315944,0.05265141048491059,0.04606650955930372,-0.029333466451954775,0.09490168934465307,-0.024883937495344906,0.08537923727771186,-0.20173921563220618,0.11454917900103728,0.0009890938482519298,-0.16212503260330519,0.14186807979499713,-0.10884139204696766,0.23320012348942729,-0.30374793540668577,0.17042043622831446,-0.2782593614263469,0.18375510268428685,-0.46969164009100917,0.5526052035008395,0.2783710111800893,-0.036809233299464346,0.01720815002821647,0.419878494524529,0.03861986825094186,-0.09320529494770391,0.2943236702131314,0.04567759138813696,0.15125191948153394,-0.027671117850698413,-0.1387859894057948,0.2774890625920487,-0.18798060902083288,0.14391064289301686,-0.13155828506029074,-0.041229789946801834,0.35356085737329873,0.05206788146778864,-0.033233020836675335,0.029387905140880008,0.14963384511926292,-0.8103243400257285,0.06406576717132857,0.06251723934802114
DG_ACT_rolling_mean_3,0.12469734304760188,-0.09735584569947453,0.2214258978647939,0.0805033344211255,0.3284530463613583,0.2851792958265022,0.029269693024802604,0.502411894356165,0.3351314448103602,0.39221207586264084,0.30643791530245273,0.22298696519215094,0.29720026511795955,0.35338399506386514,0.22194347303563985,-0.04039121664152178,0.4347893169112202,0.26263455795583174,0.1528636574781544,0.09735073913944972,0.23176883912564086,0.336746985331234,0.21712863874633012,0.33356445529675,0.12644006806471025,0.028550129075130166,0.37162612101045367,0.060289206106935084,0.3003217305518673,0.07674377797164937,0.4739846167544971,0.2560255263528857,0.9583158883477828,-0.23062964220494706,0.7941050328549057,0.9578420835062966,0.9583158883477828,-0.08262631094892034,-0.6850979608388319,0.9707419186227264,0.07643486866360023,0.14419309766617266,0.9334915161325413,-0.19255944283777748,0.957777347190504,0.946012610887449,-0.13118963544221313,0.9168705231282313,0.9279586476020502,0.8330931569949228,0.8314256764634245,0.9796635399210717,0.9734636884713603,0.9457614688744836,0.9005747225298821,0.7370602354168392,-0.27939829565588237,-0.30884900248880465,-0.3530111159171799,-0.5051142069428612,-0.6663165634358061,0.850865810933744,0.7755315202072328,-0.10277624837992604,-0.12825873030701956,-0.14070417488016607,-0.18390250467143218,-0.2814357937294769,0.08581831515569735,-0.002676703948981898,-0.1406481446120437,-0.4923839455065328,-0.6575305301841972,0.3694432697015183,0.6643495521596683,0.8826558663147244,1.0,0.28232562406385703,0.9831705785212165,0.985849983366279,0.49918531004588274,0.9474456763995953,0.745092131534342,0.8216809120095456,-0.3143942021595777,-0.0984887772232888,-0.2823041120478618,-0.2804156724973821,-0.3603062577581824,-0.17877515876037903,-0.3364787578797268,-0.2879187978884916,-0.4960912996097062,-0.25804259754087516,-0.46008819128057843,-0.28946820579581994,-0.21843357135489302,0.01642401348632151,0.4731869268454266,-0.10172530173430851,0.07135014290342788,-0.12621309357113972,-0.06760535899984835,-0.13702359785307247,0.1756229391869591,-0.19675605546364042,-0.00041556624221983173,-0.14120206498495408,0.2342644408379432,-0.30598682824128937,0.09919671824803757,0.11913113709025412,-0.07576929918726905,0.23793938563256337,-0.058332855461415534,0.24208982807379525,-0.26806538635693156,0.2030983617430673,-0.24387020244296567,0.20752428568272763,-0.44061462554216047,0.5300588072752268,0.2579865014418421,0.017061811279641566,0.019794642334010456,0.3670166475965512,0.028292070011007777,-0.11681435776156708,0.2802332903632628,0.04288320942933852,0.10877833054280524,-0.024499527483901256,-0.09552095470419777,0.1889184983983089,-0.21235856751534715,0.10224454718130122,-0.09861029840054374,-0.045953990068747584,0.36084631093015873,0.04139414262304598,0.023777914288356322,0.03786775634834043,0.10501953319234432,-0.9169325851527369,0.12249051181300148,0.1259782703363401
DG_ACT_rolling_std_3,0.29892088868078265,-0.019271215899300295,0.0767607147270952,0.2870819273836636,0.08205374460215836,0.007989542831255305,0.17158118396684355,0.14959359596971783,0.10768520044958654,-0.007324884265847366,0.11913554979702598,0.18730222102015578,0.22023306245371277,0.12998060440915454,0.15296117416655153,0.1224441987613621,0.2077745768388624,0.2509689394744336,0.14315312603619174,0.3301705339475867,0.0120984624005826,0.19986878538475236,0.24981905735989351,0.06265077715303939,0.1201536776852245,0.04053309238373539,0.1664055911277009,-0.035523212566080015,0.1350401124676492,0.0671289160361627,0.26451137996711777,0.26201440667981185,0.3295384392124008,0.05617115381743895,0.32858372193380353,0.32969603165823985,0.3295384392124008,-0.15009369388110227,-0.32909578251451266,0.3001412432643421,-0.17051226178559223,0.05101203684315274,0.3241374137556841,0.08857690205445888,0.32388333643188755,0.21181648270469602,-0.4720317150217144,0.36729113149849235,0.34095943107072624,0.2627397481097054,0.23113783827545836,0.27375286724268744,0.23572433006987062,0.2647719461211317,0.2713017456988192,0.22230928333877867,0.04940116723965427,0.04822727315940331,-0.0057340574703723685,-0.09095389751819208,-0.18043416148753522,0.2776411172232007,0.15676755795868502,-0.17684053584149978,-0.1924138071299032,-0.17648124079831157,-0.23135601632725503,-0.13504551714552138,-0.11320484471710253,-0.2834592713327776,-0.17662183062278763,-0.22483651143337202,-0.12476645894167603,0.23669178233057417,0.29705585139286994,0.2945030609455648,0.28232562406385703,1.0,0.1502058674851734,0.3991917214862717,0.6917331758108342,0.19336801480331106,0.484884104964919,0.12219136698811513,0.0705480703646185,0.044432900623062155,0.0488619146729979,0.09632934438884758,0.06741395177706869,-0.01898195823360485,0.04746937443705219,0.07475889997289803,0.028220091685974568,-0.019158328402189218,0.04194248690181368,0.07790776817220482,0.10679085498738383,0.26728363500846014,0.43022911473106823,-0.18945295825945807,0.14388195167739917,-0.21338837841712363,-0.16941497536418312,-0.20736230497940075,0.2569829681599078,-0.2619283167532243,-0.16355377272842192,-0.22486732098348952,0.31052190115826506,-0.31322119368415413,-0.031197121999401903,-0.1709079115748231,-0.541750322298756,0.28590684212340634,-0.2363720146595432,0.687200858997691,-0.5608172241546642,0.30276793804633567,-0.2593482276449545,0.6456440621550324,-0.5660784281411326,0.08237440931660249,0.1602511373195378,0.017316590485092292,0.18131153121185467,0.19674543698154703,0.20274806794730635,0.032059053808966655,0.7579113469478992,0.3191319621284002,0.029926739788245286,-0.027064182859215382,0.09283254804934228,0.06029271568078483,0.06948070844696888,0.007638756823703875,0.059878570445632766,0.20970379434743092,0.9333182029950287,0.05613560432657982,0.041981889436126754,0.12371709003597256,0.11025898622708372,-0.3674636436843195,-0.014448511231794655,-0.01012832263678521
DG_ACT_rolling_min_3,0.09048678291118907,-0.09732055552273668,0.20680380474603727,0.0375481655082502,0.3102709507315815,0.2950042969600158,-0.002971570903295705,0.506639046836439,0.32654817359780197,0.4087946476456171,0.28589326797860865,0.19190107601540288,0.28625333771665157,0.34873008252820886,0.19167008291642412,-0.08411797599300594,0.4247067590133818,0.21676895500049437,0.15035299174828734,0.05968806569913484,0.24478235717920338,0.31895674515923716,0.19291911418953026,0.32133198952756925,0.09998580298810097,0.02089109853318504,0.36773154539300923,0.07464299092323984,0.29799259484624036,0.06679037637727754,0.4417943086837667,0.22778384098002194,0.9325967963094863,-0.24465259349511878,0.766848919411455,0.9319288969997099,0.9325967963094863,-0.046131695254617806,-0.6527183448450065,0.9548316764916209,0.10073581191458589,0.13196625871534065,0.9083015568902999,-0.1899309331069783,0.9346169123168572,0.9416249597174026,-0.061019957496368966,0.8838269801767278,0.9017318630454851,0.8073075864651954,0.8085195397212003,0.9651896867732158,0.9714350204074066,0.9403689488681747,0.8856760038387629,0.7012301979205464,-0.29433763870494556,-0.33099508152999957,-0.37401594715054204,-0.5207677892138725,-0.6500644609575995,0.8383464418011268,0.7648630905945281,-0.061822987735448975,-0.08501642722231742,-0.10511044126157687,-0.1633990982714065,-0.26875096456701975,0.08852666855292454,0.03641159216758815,-0.12183854502947701,-0.4858275342832528,-0.6631444641386437,0.35321673254413316,0.6579338524321621,0.8757810389077538,0.9831705785212165,0.1502058674851734,1.0,0.9485363019916926,0.4165201234997106,0.9557689378579822,0.710324492820951,0.8155175382845191,-0.3358536530264721,-0.10812187750038295,-0.2978869044221574,-0.30481964956939506,-0.40277597715704544,-0.20684650003813673,-0.3598662135081008,-0.32802427715088167,-0.5247309157988512,-0.2781297841550081,-0.4927348625858673,-0.3190216254420511,-0.2409084551989924,-0.036077209335290086,0.42473824994045434,-0.05680190965401498,0.051768019363761165,-0.08071518967892947,-0.023655442950570198,-0.09626657422746183,0.13214174368918247,-0.1496396592074333,0.030170151218162602,-0.10343788892156017,0.1898212218573263,-0.2650347584397537,0.11122304863994667,0.13285517795869187,0.009946961568913353,0.1830581133372022,-0.038211069657492554,0.13947840329986938,-0.19152816664574202,0.13955878465681038,-0.22423585803164695,0.10712843860981455,-0.3690549261371793,0.5340417190847819,0.2431462863240209,0.01859789811862145,-0.001121606737361924,0.35111650475125866,0.009955095625018432,-0.10242530406611779,0.17993339226881574,-0.006094120030813158,0.10834231531963243,-0.027878115389739496,-0.11952173618766122,0.19522140786499367,-0.22823689538668632,0.10290445423495637,-0.1077833367886406,-0.06294339462039152,0.23289352745979217,0.028241255354477246,0.02134033200073752,0.01952610437680401,0.08375279051899003,-0.8838956682338052,0.11424288488589868,0.11632017400020066
DG_ACT_rolling_max_3,0.15507213364773692,-0.08705565505192696,0.21767082070991875,0.11608602680891289,0.32412022013568836,0.26178800228641796,0.05528784958228009,0.4892498163041884,0.33059749596668053,0.3781346113752508,0.31787377332419947,0.24043170309574433,0.3081231833556272,0.3540847830351606,0.23413156176381886,-0.015751701387042363,0.4370869730826676,0.29078204561230253,0.1530694248081758,0.14164077176048717,0.22112193238376635,0.3387849175090625,0.2372747049917093,0.3262037201780089,0.1433076106997581,0.04460412800247405,0.3682300993340074,0.0572353749753347,0.3052965085730488,0.0932831970632684,0.48539420495174534,0.2729440453527561,0.9605574064431055,-0.20455758758511947,0.8055719598786293,0.9601049469527914,0.9605574064431055,-0.10944476422316968,-0.6983930304695387,0.9633413203151611,0.053267309420148685,0.1371129778585444,0.9333648055109994,-0.1726088826117262,0.9584207023256553,0.9290012418801947,-0.1862670206575659,0.9270054590968777,0.930432845443528,0.8338731027555369,0.8280239811990676,0.9642275805623064,0.9550753628047576,0.9327807609318931,0.9018862956571719,0.7443314243134769,-0.241791492836404,-0.27182677439533276,-0.3270158467586692,-0.4810927704183157,-0.666348237928056,0.8497489271971511,0.7660567257750223,-0.12847842327237796,-0.1551903827435156,-0.16391184891720298,-0.1980232994388083,-0.2905738313687324,0.04685592973171384,-0.0463055463612669,-0.16034232341229013,-0.4849652222154278,-0.645266189539083,0.38316948271117635,0.6602855121629256,0.8744059674988245,0.985849983366279,0.3991917214862717,0.9485363019916926,1.0,0.5660735145571355,0.9227555272392721,0.7669234893301401,0.8020746648854328,-0.2729855178995025,-0.07421882644673311,-0.24867779429509929,-0.23515882006388808,-0.3190620611422482,-0.15727425587885244,-0.30328714169594195,-0.24993196181640523,-0.4603722969007624,-0.24567456779250202,-0.42347377526962526,-0.263354267090983,-0.1756185082021805,0.06574898032010736,0.5128157306554595,-0.13049066791179909,0.08779956031868429,-0.15892798735371494,-0.09341121231374794,-0.15784794284988155,0.20150684803668348,-0.22493548757513665,-0.018772743047287196,-0.16199502734994067,0.26020182483275606,-0.33025313792797517,0.08973089379945637,0.07907573234383762,-0.1579127387775603,0.2739393747276817,-0.09359137199317549,0.3307197464903479,-0.33822742728060595,0.2481251144308419,-0.2662406313986571,0.294342526522957,-0.503116156618199,0.5292578651190465,0.27003969799743527,0.019419734473489467,0.04581573895000695,0.3768706872338905,0.06473211766950361,-0.08910865622557335,0.3672688351946886,0.07953290730473954,0.09906255441416419,-0.029582926249726842,-0.07202663992389942,0.17918216122891167,-0.183799690989583,0.09088827247642503,-0.07397110250167147,-0.009083717336768653,0.4690258095345772,0.051450759417734054,0.029066871178712914,0.05723870847192447,0.11763305105396306,-0.9271114266388654,0.11785938480879006,0.12382823274127222
DG_ACT_rolling_std_7,0.3374168498580017,-0.045117336290812084,0.09384212272335708,0.26900051913750933,0.14788480657583933,-0.02301562847591198,0.07314639055041122,0.21655457687079183,0.17023788373689006,0.1303985694938659,0.1507479561190886,0.1422794871845112,0.2644322097918564,0.21605124704591228,0.05651130443142047,0.06660017793303598,0.266628509418467,0.1712826602514212,0.20352560605140388,0.2788156420446252,0.0024335479657665126,0.2973104416387624,0.22748327014157232,0.010839460706418415,0.06505322041668715,-0.02762949368945747,0.294467557677319,-0.11636651019186192,0.22294311584986728,0.013430189695569587,0.27223543277177026,0.430357408186894,0.5031244983751664,-0.07303896310703419,0.496240590319222,0.5019110692120146,0.5031244983751664,-0.025950799632252237,-0.4095989358017252,0.5090627206575365,-0.1464529296923976,0.05307706850606506,0.5172772415210088,0.059073786545783706,0.4981061033956846,0.42836067281033413,-0.42233825654197993,0.5242911159495678,0.4978918508841266,0.37190033605156,0.3167962321673564,0.4870262496069966,0.46424746198573486,0.45191418198440886,0.3825201038374646,0.20100628219883113,-0.13194074945204742,-0.16738994910438995,-0.20667620072394446,-0.26733098893448837,-0.22840227542174388,0.47200165683258116,0.28018310223731147,-0.08451187020553978,-0.1466116479546036,-0.2339626125103065,-0.2801685092936534,-0.20184826776398945,-0.07355524137009659,-0.18397826657255612,-0.2541868563376653,-0.42059411014326414,-0.3021186793978815,0.41338310774128795,0.6002321134245258,0.5260164231761306,0.49918531004588274,0.6917331758108342,0.4165201234997106,0.5660735145571355,1.0,0.33106422716887834,0.7731093060791729,0.20467382277442736,-0.1260284647899166,-0.02566608880861636,-0.11176926664246489,-0.08585893246016515,-0.14666248325424358,-0.09714409190759443,-0.1378516137267051,-0.0771079770133879,-0.14687014055764402,0.00827406120670107,-0.1622660585875607,0.05139028759014659,-0.03767115296149407,0.20937886172712894,0.5464172592174099,-0.09559451965370673,0.10175344367437192,-0.11644301649449296,-0.07660435100237241,-0.20370739495084822,0.17294131620756142,-0.25942244279677745,-0.16484520429153396,-0.21219899833047445,0.2639984207775558,-0.34036940709266283,0.03290241168627186,-0.0801806292033916,-0.3817611389238107,0.24731650683167355,-0.3119105153381927,0.5830885855893715,-0.624239289489059,0.24069239917898685,-0.3361647328286797,0.5426595443448857,-0.6443802609193884,0.15996759899986066,0.28850667881122777,0.02973383860030449,0.07744197833471021,0.3798504365483658,0.18792667454041767,-0.03709863406470568,0.5761699653832723,0.26668061273270366,0.12356350387865549,-0.008578013159983366,0.004513194579422448,0.19025449308767997,-0.05172559348113945,0.10176145997377342,-0.014049783538421987,0.13902960292296168,0.6897186074091227,0.10623260331097299,0.03768624142737864,0.06419575461630493,0.19947146467892232,-0.5243388484833391,-0.010082222131526718,-0.004294262343246817
DG_ACT_rolling_min_7,0.08393547243398239,-0.0965285661648152,0.23418382289488412,0.05101991482831457,0.30588670690316505,0.350245747874116,0.011420505590947583,0.534697983011159,0.34526122243416113,0.40280081062109496,0.30320509816081587,0.2028953270812199,0.2963740500466949,0.3802094607339379,0.25026073102210183,-0.07021778904083649,0.46189224997965184,0.2704110375434868,0.19563756687672554,0.12151593205887821,0.2900135080255365,0.3281730002506666,0.2205843663100707,0.3922901088409615,0.13565220945234954,0.06739669557045755,0.3586015631569326,0.11963979311068951,0.2951862470283053,0.11576813117657642,0.47556103024172325,0.1886330425413329,0.9257130496885733,-0.16398093183062576,0.7528817115627258,0.9257130496885733,0.9257130496885733,-0.08697014194163741,-0.6560818771762447,0.9175074384906562,0.09722099921091996,0.10175517809331958,0.8962466322252505,-0.17651753791727887,0.9335031528893102,0.9171948816542568,-0.04419221320423906,0.8790389482743363,0.9090303781021049,0.82360939255096,0.8245490517191186,0.9313234194486916,0.9392139597200214,0.9436485537882093,0.916538497160349,0.7244749588566551,-0.23524734489471721,-0.2843663730426635,-0.34745958161188745,-0.520604251503663,-0.6798833827626651,0.8444354062920745,0.785515344257945,-0.07217595137360731,-0.07011851843892697,-0.05473285863559901,-0.15990695205066088,-0.29584772382338037,0.06707503619126472,0.003477815767928328,-0.07062033693848666,-0.4518911048764883,-0.688422591982752,0.2832929561657956,0.5807270763979451,0.8584536766600582,0.9474456763995953,0.19336801480331106,0.9557689378579822,0.9227555272392721,0.33106422716887834,1.0,0.6521695264526508,0.8745677154696075,-0.26841636680996667,-0.07548304448352963,-0.2270154054223009,-0.24999860936934465,-0.3736272694326977,-0.21347116129419133,-0.3161033830840238,-0.32743020013648666,-0.5069459833615617,-0.3083382077123582,-0.4576586855696907,-0.3379793193213426,-0.18234180066164943,-0.07031988950014693,0.3823554213811464,-0.06564562861162268,0.04859223983230563,-0.08503921584913454,-0.04408538936733393,-0.07116725098861393,0.13706031012624334,-0.12127560320260439,0.033428153326562036,-0.08787222888428894,0.18423397114046486,-0.24081992487760992,0.07717181265329373,0.08308970392554213,-0.03812973674661,0.16257323827645637,-0.0016427719709177478,0.18083993936419207,-0.16499549423075713,0.1323426641495541,-0.18489939310662082,0.1257537949392054,-0.34709705705804617,0.5583759155580069,0.19185033188904635,0.011617149300402672,0.019461235517628125,0.2771124612830648,-0.01584414989298689,-0.07892008315754193,0.23304320284196495,-0.041375132402023417,0.10854665297633785,-0.022129885673194943,-0.08411949690921758,0.2004486294140334,-0.15394843335823974,0.1050262637565643,-0.07775283447583985,-0.06988505823326563,0.2632919083041367,-0.009953938277304841,0.013711777708722589,0.03260887178770224,0.014877147109668571,-0.8790616066244902,0.130491559433347,0.13341291780925044
DG_ACT_rolling_std_14,0.2774453987833748,-0.08824991900400034,0.07747525780191383,0.18508084967664587,0.23226629259503864,0.04163933322079149,0.008107407654518898,0.35117623616618093,0.25460915019415276,0.25069871690171447,0.16905783735972163,0.09368770446397069,0.2881896166303852,0.2649576538169816,0.0841764146668186,-0.047773211970063297,0.3681016239610487,0.18527552465853994,0.2374558383149107,0.1447575849017865,0.10633501123144955,0.3451060714287615,0.21812845682618703,0.1312905279132438,-0.00826119421325277,-0.001636030006143327,0.2955826903865649,-0.08641061435750039,0.24774783461935496,0.009870132752470919,0.2918751703638815,0.3791025444097856,0.6790283982993921,-0.16872909200512584,0.6096757158764711,0.6785074391864958,0.6790283982993921,0.10172908135914155,-0.4611974901984958,0.744666541424066,-0.009217327937917588,0.10047730811341002,0.6776734758329294,0.04822667548448767,0.6776873512271595,0.6975442532837567,-0.2704317082383195,0.665360860407455,0.6764787507847168,0.5318336798554448,0.48614977658866526,0.7331515701080641,0.717303255626727,0.7028022971108091,0.6214703563593346,0.3219096804836423,-0.2477857043475627,-0.3125228667474175,-0.37209432354001065,-0.5010886294240858,-0.42475491933090154,0.6537587550307198,0.4784113540679896,0.04172393967797925,-0.0195862239517761,-0.08507350851050512,-0.2512614117089385,-0.21061096804646223,0.0071739669051015306,-0.09104152250077473,-0.16933556603079203,-0.4818165481661961,-0.5049481676096361,0.43346785806901805,0.7743205708279358,0.8281818001638594,0.745092131534342,0.484884104964919,0.710324492820951,0.7669234893301401,0.7731093060791729,0.6521695264526508,1.0,0.40231496888124885,-0.280596657088369,-0.1057175278861529,-0.2223481058464546,-0.24776873595408502,-0.3791153081922741,-0.2565823154641396,-0.2919406358649587,-0.30099054957986,-0.42656851883557345,-0.21416629349206204,-0.3814986793830757,-0.19978669523962114,-0.16493144594274464,0.004398996813071233,0.4726958944983015,0.052629024091816974,0.02364268487180723,0.02674973645222005,0.057040271224987345,-0.03441520940931615,0.02785024073976782,-0.08699753344484576,-0.0390588967535654,-0.08411552955745753,0.11768205823953909,-0.23907256718563616,0.1124820279806144,0.024585622871020753,-0.22487457267578986,0.25346395600336413,-0.16224179005381825,0.4027535200897461,-0.44961569429424325,0.265283765953825,-0.30727585546479247,0.3427341977099841,-0.5975108512495018,0.3047122999622122,0.33132672138769814,0.019205145137240334,0.0025956805014082577,0.4584418291573902,0.13066668289120084,-0.07576011319213932,0.43577574758189563,0.17971441682562964,0.1486418125928496,-0.02957214044296399,-0.08650132872253737,0.2586086935302251,-0.14718723160379676,0.13352564905887948,-0.0987521491731864,0.06722413268559374,0.5113592706134512,0.09613329223175046,0.021370790952522135,-0.008197374191858753,0.19416664319992558,-0.6654262588218133,0.07935462728349205,0.07771862704088166
DG_ACT_rolling_min_14,0.03182274903055733,-0.044774542184784404,0.26288464944872825,-0.0017058363144007106,0.2970471643822975,0.38974369244751533,0.12316542825954879,0.49969640970687934,0.3563908214945583,0.3596765675439876,0.3698958787048906,0.26477779959430847,0.2530574589336067,0.3581158292962536,0.3207825649272692,0.005813681027350925,0.4152514549223237,0.3286630218650108,0.1548097812174751,0.1330070814442621,0.23105153485085514,0.2862289245539191,0.17499045192596555,0.450601017514691,0.20616191954627203,0.1291113677936694,0.3189209976624454,0.17687103405762117,0.2409976232223384,0.17108645751656512,0.49714618976200403,0.09724892474368538,0.8259341917212374,-0.05415416979546544,0.6660398628417055,0.8259341917212374,0.8259341917212374,-0.13802645556375126,-0.5492643496359958,0.7855108423142418,0.16023384258361917,0.15882631171222958,0.783139964565949,-0.23068355125617507,0.8368094658630378,0.8134670827515785,0.0013435975199950596,0.7791004987645319,0.8003206327832081,0.8173314855882963,0.8473004479022166,0.7976279213986741,0.8104335911495777,0.8176799575555824,0.8517966819759146,0.7788598367472641,-0.0776665883871398,-0.08645044766720915,-0.13794871924289875,-0.35578338167000656,-0.6928349443909508,0.7245865560840999,0.7883593810984167,-0.09902335519112282,-0.07462869802534042,-0.054316438095299464,-0.05454097487121724,-0.2964526352251089,0.12010910016071508,0.08180324469966029,0.0239718800816938,-0.2585013410062418,-0.6556970053020679,0.15326003148347106,0.3578364688122338,0.6629134581927786,0.8216809120095456,0.12219136698811513,0.8155175382845191,0.8020746648854328,0.20467382277442736,0.8745677154696075,0.40231496888124885,1.0,-0.08306205662747182,0.0010895562916871855,-0.060014483926829634,-0.08647216130201078,-0.12913644992402248,-0.07660971829702115,-0.12088618184865561,-0.13295749024564524,-0.34503163767067885,-0.2567550373036829,-0.2765575385895619,-0.2630187422268824,-0.06077628643425035,0.04469066710988883,0.287398820206468,-0.09880362555767216,0.06483605844177595,-0.10990336135405782,-0.08138275471175589,-0.07233851248596217,0.14078172198820915,-0.09720348167340416,0.016822479475069825,-0.03868007733531832,0.177491565518066,-0.15571215134230648,0.03394993187287899,0.16050546155753279,0.05309844296276693,0.20039974411232644,0.10089998972229289,0.20697338867138595,-0.06900116553449845,0.1925841816203265,-0.03197889385262707,0.15422480715123052,-0.21321784907764266,0.48623278228395367,0.08954248827637101,0.0033811028786646696,0.0322729806621861,0.1417264841872877,-0.0470302157484244,-0.029651162637740387,0.1491210679859657,-0.09352206323602272,0.03627813318517907,0.0013674083330225252,0.012458233859044638,0.05258473722672285,-0.05506612283146318,0.03634526471928594,-0.0037942639923928987,-0.07084029541918367,0.17770378598901404,-0.035585717412946506,0.014250088325045675,0.03651863269253047,-0.04456906830808547,-0.7789724720856798,0.1731134621129615,0.1835192915907268
MATI_rolling_mean_3,0.03593431326249991,0.032609949796578795,-0.005361266527475524,-0.015114334253737725,-0.031530977594672605,0.02075412012115006,0.16400162666675702,0.02105675937791838,-0.012262158774299122,-0.0829733724919107,0.11924616765260951,0.102080496027421,-0.05924165826945219,0.025157407086615527,0.15521972107532542,0.22478074604978562,-0.07364269326808497,0.17408977875026246,-0.02989127403794001,0.1493106756307869,0.018837525457656865,-0.09148585811264691,0.05458128845556321,0.048797799604174,0.0978699517651818,0.23576726137763981,0.03849159975871514,0.18644499256452093,-0.05382767647017467,0.11748353388650387,0.0372785779671838,-0.19584570043793592,-0.24308958801525926,0.8257861497104866,0.049964797398494624,-0.2423196366430256,-0.24308958801525926,-0.16221555375831317,0.07186853340256356,-0.30344297082896626,-0.15823834529039538,-0.1079488433851158,-0.2489307093586531,0.13259998558598343,-0.23269187563047053,-0.35270959549126607,-0.12479451515428262,-0.21570554573908943,-0.21203609146743735,-0.11770038472450449,-0.12955455440481595,-0.30719722176652825,-0.30690173559635925,-0.29937216859397625,-0.15539902764829058,-0.051069726877016434,0.8384381101949682,0.8319646600628445,0.6226544057565466,0.41582066832457654,0.20657772506165345,-0.08140607118392947,0.056257371996993794,-0.08554740215163037,-0.05660073281114841,-0.012279032883816463,0.01596243709497578,-0.11781995740777775,-0.0813109156672035,-0.039888641265688286,-0.010710382436159276,0.17905696503500942,0.0638023090170591,-0.1877806869800261,-0.327081758239625,-0.3263289816959147,-0.3143942021595777,0.0705480703646185,-0.3358536530264721,-0.2729855178995025,-0.1260284647899166,-0.26841636680996667,-0.280596657088369,-0.08306205662747182,1.0,0.498513893517244,0.8750534811832255,0.9401866043027757,0.8595684849874824,0.40865283357886656,0.7881046692089808,0.7131029326992682,0.7005611304686812,0.23842016676020722,0.6879397432638074,0.47717845291852573,0.9060224619239241,0.6614163697915953,0.21270934650848458,-0.08091310275977065,0.1709725592883358,-0.10447646725156311,-0.08724489997728883,-0.03257288171972748,0.16930305426011727,-0.07206748273306454,-0.05658801805594733,-0.050091208292487525,0.15833180689561954,-0.06572432782881285,-0.1377688708912748,-0.09027130121865139,-0.14290642148419583,0.006773509567955605,-0.03327971882341241,0.2998905463517772,-0.09653330955915583,0.05451199581121489,0.02576736395470063,0.28676429205255566,-0.03603649213549834,-0.09667849792649705,-0.1223878778206949,0.01580753637146483,0.25072070295338356,-0.1983849930608528,-0.027402559126210643,0.1300681851754859,0.14162604404198087,-0.11929045159788837,-0.08406081377287863,0.04074528320613453,0.45475230651611676,-0.19190270566907439,0.8107687678148577,-0.10150338147879966,0.48306082651662363,0.039741363052116535,-0.018519551564699758,-0.08964627759485669,0.02470416236321193,0.16506062716334463,-0.13798046305572723,0.21542798665227067,-0.008447170592922288,-0.008419348775609025
MATI_rolling_std_3,-0.005890444581052481,-0.01337195665784234,0.04491456284178588,0.10584446113970862,0.12144741517208389,-0.0054083191470548075,0.06827038778990745,0.09687098602927556,0.08283922629961815,0.059840270075089096,0.17550939707233496,0.18121972167822542,0.03537476365316265,-0.011817811556703766,0.12082880027928093,0.22496547760194865,-0.008217635846331547,0.10150844934145438,-0.08553338164581631,0.17119755501762013,0.011899833493319023,-0.019096758122375598,0.05526864918733614,0.08896519994925163,0.13758749401709974,0.14888279299987514,0.03702831320257462,0.1778067105672315,-0.024701391855135705,0.10172553165448128,0.09441358280722544,-0.05925398348896228,-0.07283384151015383,0.3060337187741905,0.10489293377518807,-0.07407097569023673,-0.07283384151015383,-0.06331984281512135,-0.010066907944569376,-0.08616161470589957,-0.10558017582601495,0.022557236724248385,-0.06621790971970189,0.034087426664644295,-0.0641456588334474,-0.1396628984933242,-0.04838388972116315,-0.05530638855672255,-0.0628474968018062,-0.04407973182612996,-0.0026110441966324355,-0.09808665640620085,-0.10045039607351229,-0.09651871094370218,-0.02932698273073665,0.029213318388827417,0.37989580476503426,0.45374014412095803,0.33502574216370057,0.21580757337412818,0.12411339391539464,0.04626374040771617,0.12407402950571597,-0.025520108005054037,0.0017208684435113333,0.042576343665806315,-0.041832881363291934,-0.060746905303026386,0.017612385674715958,0.01444542908543199,-0.01544033032125975,0.0324042207658235,0.02666121009318547,-0.11892991312562783,-0.10541139390257938,-0.13226707381105657,-0.0984887772232888,0.044432900623062155,-0.10812187750038295,-0.07421882644673311,-0.02566608880861636,-0.07548304448352963,-0.1057175278861529,0.0010895562916871855,0.498513893517244,1.0,0.1275102198457922,0.7128951148390505,0.43226224954582465,0.5488356582639121,0.16559674510677602,0.4724847246955274,0.359190305617986,0.39523866205264346,0.15711069856586218,0.3683536238348554,0.41369171194331705,0.36994238732649604,0.18550183805902676,-0.010553901952258209,0.1067356474761922,-0.04675045753018478,0.008313003410459605,-0.012560850299785388,0.10498603561556698,-0.05156063315172668,0.02703640607767606,-0.0395234972475142,0.09571093611804098,-0.0744178430501856,-0.05233370848235396,0.02269932802784035,-0.014890043927317659,0.07453598932991724,0.03820155820781456,0.11999569222253045,0.009709139128689094,0.014153468151626153,0.014774576821422615,0.09824697849591447,0.008520270866529277,-0.09012770969099394,-0.0705659798173282,-0.031131502511403748,0.15067360562455986,-0.14827014281483136,0.0488338612874958,0.0681941182537643,0.043620092225171346,-0.03438071329856981,-0.14489285459929224,0.1350361652377862,0.7746623395145967,-0.22047597962375318,0.28653703035227224,-0.08084667127774524,0.9284316864121827,0.06601645955401751,0.03809072806660644,-0.014482576900407681,-0.013228877134488453,0.1145794942573624,-0.07301713819729481,0.0547443863599063,-0.0777993038799673,-0.07085488838027228
MATI_rolling_min_3,0.08009859934643587,0.05018754288942608,-0.02042077017654698,-0.04530394342704465,-0.06103953756357707,0.05657488545849455,0.1563740175233518,0.019193434294278985,-0.03516180191250493,-0.07862257203946105,0.07255516588342677,0.05171645026679051,-0.06529446897886479,0.03686893293025398,0.12881610236349567,0.16961105745599178,-0.02585637858994149,0.17737573396369882,0.002854462753036933,0.12011588206315825,0.018077129340988506,-0.08553481974503607,0.07162080379076836,0.02413909317794164,0.0645971704788947,0.20472481087183408,0.06301758511626722,0.12944249895128263,-0.029906273132481176,0.10252417033639777,0.025860201046406208,-0.17135276960714432,-0.22452547161673764,0.8045301403026948,0.011925690380044396,-0.22290894549230839,-0.22452547161673764,-0.1446552328189099,0.09846153960102487,-0.2769342885222271,-0.1386625785284013,-0.10967530695459013,-0.23465246894424538,0.1883921574010093,-0.21332390812572677,-0.3082647852909062,-0.07979965893612848,-0.1978432951282262,-0.1849179348985851,-0.08470969710895761,-0.11731864394518497,-0.2757527190313305,-0.27231908780671515,-0.26510169819996066,-0.1297671056663687,-0.06315961491116831,0.7724335839809074,0.7215428741271617,0.5481296480392533,0.3160048424255683,0.15012095617629498,-0.09910093667506079,0.025075901691686563,-0.05462263079185973,-0.021851498138945123,0.007317106231876812,0.0406187044789452,-0.09452150597797658,-0.08947289745188775,-0.040750932234601134,0.008326550603557383,0.17659161483871122,0.03640556006666545,-0.17273390549401338,-0.29530124716462597,-0.2662203465128319,-0.2823041120478618,0.0488619146729979,-0.2978869044221574,-0.24867779429509929,-0.11176926664246489,-0.2270154054223009,-0.2223481058464546,-0.060014483926829634,0.8750534811832255,0.1275102198457922,1.0,0.7102015240493856,0.7429764502341878,0.18027035617127532,0.8678142480199992,0.5512647426336439,0.5876779725101208,0.06514618833152296,0.7209760736832881,0.3400254413714477,0.8177326535781092,0.5500395106926321,0.14375462825269686,-0.05399003225327374,0.14490183160873737,-0.06836667483539441,-0.06695013586790817,0.007581719385461358,0.11634626297615305,-0.027695863919994543,-0.05948359231896639,0.005391591853618546,0.10838643904440987,-0.016171926694433885,-0.11469617826936823,-0.10045189299037954,-0.14378142140163613,-0.0009213271941459787,-0.052766826850997095,0.2979622603878126,-0.11265282134266678,0.07502958501954148,0.01827594826407277,0.28335071763501307,-0.054266130047148996,-0.07465057972186315,-0.1257670296185197,-0.011308563982840907,0.21186404436184245,-0.17019658555811243,-0.06884506517639072,0.11759994506923073,0.13600052884622782,-0.13338508827358098,-0.039324789611303035,0.00968163952580548,0.14170234112166394,-0.12445716885618226,0.7858009159593283,-0.07565468343151485,0.11666903047525752,-0.004628402358788629,-0.049875656324091786,-0.11411057920779018,-0.006697679629579769,0.14099603241212222,-0.15249932437481492,0.19777638831131067,0.03222996948097115,0.02697869885768288
MATI_rolling_max_3,0.0259651656852134,0.023239280493161308,0.002016418983019949,0.020524245480386255,0.020939571954059988,0.011212913317289979,0.16336901603256154,0.05245748602113038,0.019545175212456477,-0.05738168964946871,0.14555995613227207,0.13189077685597644,-0.04656655848383281,-0.0019515537615425213,0.15972217387591744,0.23893206046268836,-0.05478719022277535,0.1679953233800683,-0.04340597837816812,0.17149720506787489,0.020676110898173054,-0.08965723393206342,0.054420387362789514,0.059188977888282604,0.11456409982134108,0.22827995926156397,0.04148753186121923,0.19507794560569106,-0.055261907439627264,0.11467634447338877,0.05857004711225437,-0.16687712983079997,-0.21508033072385999,0.7287451237778181,0.0725145151464893,-0.21479251168778496,-0.21508033072385999,-0.15025564477912098,0.05343452354893095,-0.2685732156726065,-0.1656410854509868,-0.09099389722822378,-0.21436830079506247,0.11072181518675125,-0.2063753764018037,-0.32601369046464196,-0.13021249797819523,-0.18981069804581066,-0.18756959515790866,-0.11066160039085687,-0.1093550531116187,-0.27165617332228487,-0.27651047813191426,-0.26857306743710235,-0.13596353931651986,-0.032860405185098834,0.7714874575749967,0.8066461637054803,0.6076704006913145,0.41344673403152626,0.21987836790786158,-0.051327485099907186,0.07356477489691302,-0.07372257399296821,-0.048388225216968984,-0.0041997738344864664,7.772045419571432e-05,-0.1111190208609554,-0.05158499640305784,-0.03219985241785489,-0.014707158999556207,0.15474769315777545,0.07468591283905697,-0.18867108185166395,-0.27853366079835723,-0.3054999304043738,-0.2804156724973821,0.09632934438884758,-0.30481964956939506,-0.23515882006388808,-0.08585893246016515,-0.24999860936934465,-0.24776873595408502,-0.08647216130201078,0.9401866043027757,0.7128951148390505,0.7102015240493856,1.0,0.8196556959805167,0.5064437450491781,0.6574141966339083,0.7356850262996961,0.6813859630770934,0.32093387705467247,0.5772874599136314,0.5123706330302289,0.8400289300309847,0.6485504730226261,0.23777003014029466,-0.06975441545233749,0.17685997986141627,-0.10736608199005353,-0.06448682812629994,-0.03487253441948641,0.1788454965260321,-0.08077250246096372,-0.03501292277865929,-0.060115155271504045,0.16804601907886227,-0.0833164586877811,-0.11339661386893143,-0.07327689065981259,-0.13779714761671777,0.04258313923356557,-0.03251834822807754,0.29102271353951237,-0.09793466163482557,0.05167470948301536,0.012363515345857945,0.27774983156694744,-0.04645838152098759,-0.0943029316647065,-0.1300474233321888,0.006196224971419215,0.2332706539881311,-0.19723157106982753,-0.014075092806247936,0.1138976602520886,0.1483532489006967,-0.10465743444992763,-0.10746521203545163,0.08199458757866052,0.6167118086175364,-0.2346752640680401,0.716932025279026,-0.11584230095979457,0.6941419616907377,0.04345194799586044,0.015920261840194867,-0.09247168057571162,0.020577473893479366,0.1589317797644839,-0.1272359856070727,0.18941381365292798,-0.022344738327010102,-0.020167324307850506
MATI_rolling_mean_7,0.01402612629642192,0.06204523314784464,-0.05037659070048624,0.007073401030576634,0.00899043332973339,-0.09780934765028221,0.181636860544336,-0.11993019563842545,-0.08465896459841184,-0.20571382386104395,0.07801506379855949,0.12617823898977965,-0.18160310421933787,-0.09442676580708084,0.07725184091780851,0.29428110503047783,-0.19225751975780944,0.17652260229751882,-0.13332730716499297,0.09021831414652774,-0.12873073969937252,-0.10903366455595559,-0.02211076892587608,0.011109035773503223,0.10516101178445793,0.1877950471275476,0.015303284642755067,0.15722605412694585,-0.17187641302714007,0.09929242688820916,-0.01328121867858031,-0.2127675509369369,-0.29499659752334034,0.6616428565198538,0.05236396227636379,-0.29454741844650806,-0.29499659752334034,-0.17690761684220405,0.08876981504588281,-0.3556094955084696,-0.196680269745089,-0.07621687427993093,-0.3089468775396149,0.07005502906911765,-0.2896335312971669,-0.42489828050970985,-0.17330924871159592,-0.2656806569608206,-0.26494453717086697,-0.1433357189335103,-0.1344207403129298,-0.36298716203720416,-0.36864024146578195,-0.36603420902800193,-0.2742888121713256,-0.046551655316071784,0.7357253088456983,0.7822818884908918,0.7960076526458257,0.6073925559663871,0.31002781520294764,-0.11927190401862606,0.04686573500991954,-0.14075774002677102,-0.11513053895861557,-0.08472222039713799,0.03241325759026412,-0.024895298780377106,-0.05201426399422242,-0.01927586942748792,0.010377984907211606,0.18309197944847916,0.130311171104871,-0.19367882049370794,-0.37317191684680756,-0.4248445878725292,-0.3603062577581824,0.06741395177706869,-0.40277597715704544,-0.3190620611422482,-0.14666248325424358,-0.3736272694326977,-0.3791153081922741,-0.12913644992402248,0.8595684849874824,0.43226224954582465,0.7429764502341878,0.8196556959805167,1.0,0.6025525084559072,0.7958975442456254,0.8854279520859212,0.8740134779534613,0.4318689066649303,0.7389818814226771,0.654948101542914,0.7506441179119676,0.7619514152111736,0.3027769076542097,-0.13230375808934178,0.1935248079318945,-0.15606110743542073,-0.12097047930229113,-0.1026510663606624,0.24662104941177526,-0.1420628314622982,-0.08561852607422975,-0.10958032045895728,0.236508619256462,-0.1066319278766219,-0.14843195445665616,-0.04090933072343779,-0.1203804816784899,0.016872586982897824,-0.0240828802493677,0.27564168548015006,-0.08485882544687465,0.09006744115323669,0.011664021752401927,0.3054417691349132,-0.009213979276232227,-0.15798508408824666,-0.1074944837284445,0.026904511324916437,0.24332915065827304,-0.19044452861490557,-0.04639109104183619,0.09983700506216465,0.08647214099694772,-0.0783322603188949,-0.14377664582745114,0.022679323065482378,0.4384626212837581,-0.29159147339296476,0.6464341398205427,-0.1615844437871816,0.4151835151428735,0.020665519453270935,-0.0015504605207742532,-0.05376690220767249,0.040188922679729074,0.17795368807991835,-0.09050373759108259,0.26525478285208864,-0.05447747710238651,-0.04805263457253035
MATI_rolling_std_7,-0.017248090344758316,0.11673131652041512,0.015878755599520834,0.09897358427331088,0.12633563083622285,-0.19335721726410446,0.05236729419844591,-0.14086239740399564,0.0019280157457681041,-0.10997388807626612,0.11439501615967787,0.12901002004676698,-0.09754661231433233,-0.17032279445948373,-0.004716522676812632,0.2928183232413895,-0.19944033865772498,0.04217422554208147,-0.12180121638730511,0.0457178213910931,-0.0640401822360006,-0.09980860316504288,-0.08554745107759487,0.0265281632998159,0.11098292820091778,0.1574264760697319,-0.06978846087226147,0.1681640421876984,-0.07277057814357861,0.0678283103193528,-0.0360121432828397,-0.07721482564235171,-0.12223025877974375,0.24381731871964724,0.13591113279153105,-0.12302135498088515,-0.12223025877974375,-0.1630769676975961,-0.031319890518159484,-0.17767845122887854,-0.2200510635649347,-0.07853206897506128,-0.12132553629496956,-0.03586258571740535,-0.12749658601262023,-0.25560568789245375,-0.109497021116699,-0.09751975007170594,-0.11839234136379971,-0.08870638352832373,-0.04277937215354595,-0.18694409888693214,-0.19622134704134364,-0.1961012708108114,-0.15509590145295435,-0.0011669138274341794,0.319849698723991,0.3762108227372947,0.4279698757662611,0.43574812245318584,0.2993830936388906,0.01896948009835614,0.13957591783074325,-0.1680618961800674,-0.1472565857552744,-0.11200397429448349,-0.0088014823899091,-0.033586143535176326,-0.06110252749760562,-0.04786728572163996,-0.04802391184085493,0.04097111058244998,0.05001387461660149,-0.12924222721298428,-0.2286630964431734,-0.277989521743426,-0.17877515876037903,-0.01898195823360485,-0.20684650003813673,-0.15727425587885244,-0.09714409190759443,-0.21347116129419133,-0.2565823154641396,-0.07660971829702115,0.40865283357886656,0.5488356582639121,0.18027035617127532,0.5064437450491781,0.6025525084559072,1.0,0.17071891009353,0.828829583165321,0.5696341965738198,0.7650107464036757,0.20763975015161787,0.6614088114878457,0.3367096938816359,0.5085920114460972,0.3007708622997921,-0.15592772194466503,0.11518438277778861,-0.1812446267926418,-0.1261649525904577,-0.14093384679674342,0.21872712846929315,-0.193155905436576,-0.037131676647505954,-0.1878679677759583,0.19633400059041772,-0.168688163733476,-0.15052493183621823,-0.03550092858440537,-0.06106219262244427,-0.08818257431743416,-0.03481811896337393,0.0712609562346519,-0.05144025739833123,-0.04123518201168413,-0.07664093767053444,0.07706689761892467,-0.0051609521524342925,-0.08825883166912867,-0.05634552725769826,-0.016827014571795706,0.09236012581008718,-0.12829641573504183,0.0009504540682819817,-0.011452869446865724,-0.06807936827339313,-0.016950458759070853,-0.1400238026060604,0.10965317942701563,0.5441380367251858,-0.18880331851883167,0.22677866122639484,-0.06256925712963142,0.475184648956795,-0.009570776942356382,0.012530610276051622,-0.006297401177612582,0.00027235137677094495,0.14957897336059564,-0.030177906175529096,0.0969269329565761,-0.02574015994740207,-0.01684424973568249
MATI_rolling_min_7,0.03518394451195451,0.025478131252238755,-0.025001109188455533,-0.010414844871314517,-0.03965034801987965,0.015153141167287245,0.17015144311050065,-0.06336062729869711,-0.08957812599786313,-0.16688454464615224,0.07057529220286418,0.10339532186570505,-0.10835484165583383,-0.0012202893849962732,0.1136310530224054,0.22710166741021284,-0.06722616375430754,0.21799750363178658,-0.09148764377018567,0.1187067651144714,-0.08395717871218754,-0.06633704426921122,0.05778301078477482,-0.03235527125711332,0.09191529433881031,0.10947893462341234,0.07221424942577416,0.08740018920310337,-0.15101375438664338,0.09342586795111857,0.027435893757601054,-0.19563741801243617,-0.30669629320969777,0.686178034660501,-0.07024594564461611,-0.30544079454922174,-0.30669629320969777,-0.08268223849993138,0.1724320111121294,-0.333750914029001,-0.08803538432988335,-0.038937152953318024,-0.323505484577863,0.1627349894368505,-0.29629710283928457,-0.3744392686285094,-0.09586213149860608,-0.27922908379070704,-0.2616489661131163,-0.12462344021100379,-0.13462517603601698,-0.3315325158970265,-0.33474659496030357,-0.3380745917159775,-0.23047189315227906,-0.06498757430732473,0.6914983567153624,0.6867012696760667,0.6752547484947891,0.46255746846379314,0.1912784617712128,-0.18577825393740324,-0.033618749943335816,-0.030336111698160972,-0.01647177449988186,0.011999511450178834,0.07917872363886046,0.01387882293862808,0.0004832594646022466,0.04016764839138944,0.0709241171545991,0.22402989193726064,0.12508207521354534,-0.13888805821388692,-0.3116569456723735,-0.33974728963731887,-0.3364787578797268,0.04746937443705219,-0.3598662135081008,-0.30328714169594195,-0.1378516137267051,-0.3161033830840238,-0.2919406358649587,-0.12088618184865561,0.7881046692089808,0.16559674510677602,0.8678142480199992,0.6574141966339083,0.7958975442456254,0.17071891009353,1.0,0.5848213497957615,0.6522656060343817,0.06102504687787813,0.8662627568135685,0.3736641262330196,0.7069654321065967,0.5493493539152021,0.1117803348777372,-0.02672441342620518,0.17811052808571484,-0.05595476442236316,-0.01337367817348477,0.020003919210117616,0.13360876447991582,-0.02152927884951339,-0.029875980562345507,0.03218355047231697,0.12876642747297795,0.005330482764183257,-0.05805769230544338,0.009921572814022039,-0.055269424868263965,0.08948967039096067,0.041162732372216036,0.276832474282913,-0.009899822798778962,0.17958076615335905,0.08359879927297091,0.3053012378590744,0.03494356271302797,-0.15486426878271406,-0.10028753133300589,-0.005222868304778645,0.2637175894391277,-0.15245206309118983,-0.07941030364512501,0.11041305852877788,0.11177563181107568,-0.11168503583282083,-0.08404289291620012,0.018258266729937037,0.1760027285507323,-0.21458197265293755,0.6663414607367971,-0.11585098405862113,0.1543995091448929,-0.007027877747295675,-0.05197040725737766,-0.048806484605983844,0.003751187641187701,0.1868227675817667,-0.08721435030752507,0.27915092788449036,-0.05228203885322104,-0.05126028163414491
MATI_rolling_max_7,0.026253997678016425,0.10085579458119898,-0.022873258584814586,0.06415281035820261,0.059294159972246116,-0.1495266893973737,0.14894831476936946,-0.14463311238396664,-0.06488969807412419,-0.1912028760634233,0.0703708970844752,0.12442325354182913,-0.14116616808316199,-0.13250923699901684,0.047914814443584024,0.30751127328808125,-0.19727233630487925,0.14409094432901465,-0.10474450152880471,0.07919300493159248,-0.08581148802829375,-0.10962509280864334,-0.010517169712366206,0.0033024469657040997,0.09334407389109566,0.1709583609663949,-0.010088041171766282,0.14677419385893034,-0.14240426834691283,0.08683795147774835,-0.029007150885413637,-0.1555811194057011,-0.21827033328766682,0.5284419399564501,0.10351779485851761,-0.21827033328766682,-0.21827033328766682,-0.19988200410695303,0.02236972187085481,-0.28467032698069866,-0.2520630421803147,-0.12395269599691008,-0.22419225607693744,0.06155957551824529,-0.21923380378041177,-0.3665072228093454,-0.20570879582581336,-0.18204077421511955,-0.19370630476373166,-0.11067890211419654,-0.09865547600769549,-0.2929183014211447,-0.2993409202434887,-0.2977348156992457,-0.23581251546445328,-0.04574540107014913,0.5972167979121557,0.6249089709199396,0.6556200429169752,0.5749126247744127,0.33850191743741254,-0.0571825823491674,0.08938671506430813,-0.18059388685242558,-0.14944606483134953,-0.114092301168507,-0.011780412647446626,-0.03756322379396963,-0.08808941422393557,-0.05345155191344642,-0.036259329700100394,0.09053822478192042,0.0883209073260118,-0.16036606418930296,-0.29635889067210663,-0.36315738843374135,-0.2879187978884916,0.07475889997289803,-0.32802427715088167,-0.24993196181640523,-0.0771079770133879,-0.32743020013648666,-0.30099054957986,-0.13295749024564524,0.7131029326992682,0.4724847246955274,0.5512647426336439,0.7356850262996961,0.8854279520859212,0.828829583165321,0.5848213497957615,1.0,0.8018542445627936,0.6167705029427095,0.5544342279584795,0.7631798155826133,0.6333860080411461,0.7122330567993043,0.35698863590568186,-0.17652357547481873,0.2214890359422795,-0.21641563107437659,-0.1355842625247758,-0.15578410793956618,0.29597282191047414,-0.22297325901214932,-0.07345265203718691,-0.18911168391653513,0.2693373535428351,-0.1851948026665274,-0.15941870512466152,-0.07548896311374689,-0.1500823890798102,-0.04397916631000788,-0.06949207098438677,0.2329881368145982,-0.13222699151428338,0.03516800262797977,-0.0768192673272678,0.2566378220544901,-0.06432237843892416,-0.1140613520339919,-0.09623837919114361,0.03120483508875711,0.20692473873817105,-0.17381031514238615,-0.022983259547893473,0.05817604293753829,0.04799100467646945,-0.05572208333863483,-0.13327144237191166,0.0417828901011724,0.4769985018034519,-0.23666987836427633,0.5207206167846257,-0.13482092692166148,0.44454920460550196,0.01148445090378508,0.03227033680504993,-0.06520847435189832,0.04489615932135371,0.22044983718762987,-0.08656157255058064,0.18147154605198412,-0.060254423253463765,-0.05236632822408046
MATI_rolling_mean_14,-0.030090547735204948,0.06142198395062761,-0.1159463757619031,0.05533192226098557,-0.06704086403104362,-0.2406923528702133,0.08585508995396175,-0.25237917680574967,-0.161602026664396,-0.310324324080961,-0.018127598967364142,0.054429548833241456,-0.2827225260443685,-0.23514752546227874,-0.0809243224689092,0.2734506006074253,-0.2320673180396814,0.038771993200176574,-0.11546368954412384,0.02405283221149173,-0.1878649730799472,-0.09182861076923386,-0.10991904779575574,-0.12381480266378453,0.015479558198630176,0.10954443004248567,-0.025807430230949318,0.11073467752763799,-0.27738851675011617,0.006963374899803396,-0.1357668086611689,-0.16530270480673326,-0.43340490158164285,0.5356936299231528,-0.015733116483600835,-0.4329353828240017,-0.43340490158164285,-0.11263141045155897,0.16458949463358782,-0.48601000988044957,-0.2142047759140671,-0.10968766541367911,-0.42441972754842733,-0.00487291350292602,-0.42890676280259665,-0.558382766638555,-0.1236417510466673,-0.4184732772944344,-0.4003653132410617,-0.3340866462874316,-0.312106446598753,-0.4942959454969865,-0.49674842135067493,-0.48869988815798904,-0.448551790724489,-0.2488676620992739,0.5964569899639851,0.6646843265284957,0.7007032256850535,0.7634879205997256,0.5808550393644166,-0.15943387889738758,-0.08900372581381757,-0.09894025532541285,-0.09368039675644807,-0.07428715150710725,-0.014444434522974009,0.10634372761929133,-0.08515126140656305,-0.03832586253505065,0.024452633283412184,0.18158967644363463,0.30522801302940405,-0.19603932625860498,-0.382933605096698,-0.5434850024321376,-0.4960912996097062,0.028220091685974568,-0.5247309157988512,-0.4603722969007624,-0.14687014055764402,-0.5069459833615617,-0.42656851883557345,-0.34503163767067885,0.7005611304686812,0.359190305617986,0.5876779725101208,0.6813859630770934,0.8740134779534613,0.5696341965738198,0.6522656060343817,0.8018542445627936,1.0,0.6089233122485977,0.7104517506936012,0.811984301123272,0.5998418581599433,0.6209020986877692,0.339170689168956,-0.08059533202735582,0.14502823347381677,-0.10374694258656028,-0.08084293081185441,-0.09725743327258517,0.23946178903663182,-0.14382141353130956,-0.05916234249829547,-0.12173655823237592,0.2518983798979759,-0.12343638864758902,-0.09980714229317075,-0.0886502203988624,-0.10150378660882341,-0.0731282055905077,-0.0312776066283588,0.12591695165352465,-0.034001235233665536,-0.03794477454792315,0.030499314869482732,0.1900467942674726,0.07305219919269282,-0.26368439368843694,-0.10478634888707823,0.016301996937955986,0.20051086556501632,-0.18172112870778642,-0.01644730781438387,0.0926489437678456,0.019080096713799486,-0.030260435224783302,-0.12989729412834747,0.027786698593917122,0.3666426933245703,-0.28516065435488297,0.5209495326280456,-0.14910968640236877,0.3406433125967829,0.04483391146416593,-0.04196127809693693,-0.026512771356469997,0.0305308199002755,0.12785521899926638,-0.04997525405113786,0.41801129905906664,-0.1406508222896855,-0.1408361288659019
MATI_rolling_std_14,-0.023901869007092073,0.0749424043896473,-0.0706117917239042,0.16613933302048808,0.03759113095673643,-0.26584172087311736,-0.020253980810618154,-0.25255093060658385,-0.08201527699484873,-0.17373708061027363,0.0068973782341086,0.015156888392860227,-0.1596575831216717,-0.2762390070399928,-0.1598704859189196,0.2097347167241062,-0.19542884990744283,-0.05307940081871067,-0.06886318982511694,-0.06073102035141186,-0.14939382642676904,-0.02818899723379917,-0.13081575903266818,-0.14711361356649508,0.0015668483241000751,0.07212468726624574,-0.0717676051554172,0.05471546448716335,-0.12641690655631938,-0.09186472545119208,-0.1835187215573724,0.04005189869233568,-0.19298222014551195,0.1380141209430393,0.10416531623953598,-0.19377759402646394,-0.19298222014551195,-0.1271954839096563,-0.0459048209714698,-0.24492883491528789,-0.32341400707286866,-0.14355565916621318,-0.17459429082765407,-0.015945659193002105,-0.19897642724761483,-0.331945617928998,-0.11448340953966522,-0.160616178589974,-0.17785901400727736,-0.20717113703952295,-0.1659306942794433,-0.2646078384583968,-0.2773545997842939,-0.272221755496072,-0.3003789961947257,-0.1722965645111764,0.16999378159781067,0.2381102411518615,0.2855137494754841,0.4666559853404098,0.49187951476277186,0.009782770687811434,0.024876322451626375,-0.18231243845328102,-0.18684337405612664,-0.18131425232028872,-0.13519593967260052,0.07559907089735339,-0.16956836380934412,-0.17003297541963255,-0.1322309494807614,-0.09019680645429211,0.17824812854291075,-0.0019215997539113008,-0.11916524991992868,-0.3302516833067409,-0.25804259754087516,-0.019158328402189218,-0.2781297841550081,-0.24567456779250202,0.00827406120670107,-0.3083382077123582,-0.21416629349206204,-0.2567550373036829,0.23842016676020722,0.39523866205264346,0.06514618833152296,0.32093387705467247,0.4318689066649303,0.7650107464036757,0.06102504687787813,0.6167705029427095,0.6089233122485977,1.0,0.08516974572172746,0.8647400030763349,0.1837468105821579,0.3752135061308583,0.35886352160570373,-0.16143547291687613,0.047363704661193544,-0.16343042988155645,-0.16460750211158354,-0.22706679462882048,0.17754672574088382,-0.24460531591128445,-0.14101082427026007,-0.2564862170322415,0.20008921213777062,-0.22025716817963847,-0.16113477967736226,-0.17625738038661637,-0.1500934001607521,-0.22560063798393792,-0.1814616192790914,-0.05190025386782646,-0.1393302638324655,-0.24734504035620078,-0.18610233930054443,-0.00613090271673473,-0.0434607816280364,-0.17058482434089894,0.032372939744246716,0.007852795897550453,0.08396053340557846,-0.011722110725137404,0.07487664920853723,-0.02372574180879012,-0.11032292279357882,0.09624650865881254,-0.08695999643830483,0.13017260483869467,0.3846693901671186,-0.1343567016601241,0.12341116716853391,-0.002740249826150037,0.32316239857439527,0.048197989243739414,0.0034743006850728978,0.08249396426151483,0.01742190209015316,0.07143029771000842,0.07930651886183485,0.16031531050634842,-0.10081675169223622,-0.09694358375454505
MATI_rolling_min_14,-0.01900431247673495,0.024975434509218127,0.021398612293424,0.036448990967991146,-0.07942297916482463,-0.10431252047968254,0.10091276345819997,-0.14743760998245029,-0.10989648270209629,-0.23941097407405165,0.05180567096468478,0.1190334725012406,-0.1614661098933885,-0.044342666621815637,0.06499450056980564,0.284646817073194,-0.1535925861366027,0.11969654603597112,-0.13003843490786302,0.10996697188183066,-0.12464491225690603,-0.10189644985814991,-0.023013466418191592,-0.07570743434037715,0.11651483727624802,0.07722423134162311,0.0238632944826601,0.07223241535960558,-0.19811480047739738,0.09584064647837126,0.013491458323052619,-0.19520733446618008,-0.43261015105692685,0.576655770475672,-0.1680794696636548,-0.4313718561320023,-0.43261015105692685,-0.026380267930502767,0.268045081886652,-0.46404011554575886,-0.03836396659999915,-0.022200047410228543,-0.4282377262696168,0.0860853881940564,-0.4245103678431702,-0.5057297373682613,-0.11903551556981709,-0.409371743019684,-0.3938603033915327,-0.2636558900890313,-0.2558197651220122,-0.4564552392215432,-0.4544554259422174,-0.4520302168735605,-0.37228561856223247,-0.18909884683109968,0.5934022599721928,0.6018936777285826,0.6153083365184583,0.5799531921176425,0.38160021511884773,-0.2579524287532891,-0.14141601639467005,0.0338365026976609,0.04541906851964584,0.0715412633216311,0.15106839224087593,0.12265840491755889,0.040146523524245054,0.1034770396246407,0.15624322392400572,0.3086540051776411,0.27768670877332124,-0.19259462402121294,-0.3692489851570389,-0.4331482491881678,-0.46008819128057843,0.04194248690181368,-0.4927348625858673,-0.42347377526962526,-0.1622660585875607,-0.4576586855696907,-0.3814986793830757,-0.2765575385895619,0.6879397432638074,0.15711069856586218,0.7209760736832881,0.5772874599136314,0.7389818814226771,0.20763975015161787,0.8662627568135685,0.5544342279584795,0.7104517506936012,0.08516974572172746,1.0,0.39140584643230575,0.5981324862613796,0.4541859228818364,0.0696417015113099,0.032631315515322196,0.2040565411845766,-0.010901522143032772,0.06852424421031345,0.06922088513556048,0.1969735510569727,-0.009587929277088044,0.08283602711749441,0.07974315599701381,0.17743245342487468,0.0026647757949299945,0.057558684827590065,0.05659998721726438,-0.016409637868686353,0.11818668982063296,0.13757744915362657,0.21921475529678855,0.08623402031155826,0.22419428640118222,0.19239898070371708,0.261190229406696,0.1565051958603885,-0.2306335512260511,-0.15020091417267709,-0.037327138627346886,0.29451068116860857,-0.2197358426248591,-0.08662068419877075,0.11274309207277465,0.1141617801026271,-0.10320979093104343,-0.09143366210947443,0.019461857527587965,0.1867175609546014,-0.21602584351742718,0.5561478043938891,-0.11718765273347198,0.14567430767332873,-0.010635747088306294,-0.056308227601838484,-0.05119385600310914,-0.028521616116056376,0.21806548873318873,-0.0930183001606954,0.40917839962877517,-0.1495656951281975,-0.14538086271165607
MATI_rolling_max_14,0.018439435238244158,0.03326938987162204,-0.05924343515260887,0.1715357087572213,0.010664616619662616,-0.23751007740542826,0.04393154099134528,-0.19100944952558488,-0.10964336913172876,-0.22471766328208495,0.010981353117280488,0.06293365038091746,-0.16917063858657533,-0.23836086999174005,-0.09585039476567699,0.24961093829228678,-0.16303096858860325,0.036612153152292166,-0.04256656041022485,-0.025021644587407254,-0.14053062733476246,-0.013029596293048595,-0.05457681340039559,-0.13723382953622484,0.026119987856352014,0.0940174078484725,0.024325523770145692,0.05934822695217365,-0.1745266861072718,-0.06908812604035353,-0.12347311162096461,0.010092014476137858,-0.21266122900402706,0.3626947564552651,0.1533272106778964,-0.21266122900402706,-0.21266122900402706,-0.15223827993227335,-0.04605229219635159,-0.275800842891949,-0.3350382950253747,-0.17325341301324115,-0.1959900826599004,0.026959535514534283,-0.21444497522719422,-0.3723261360933565,-0.19559801648181668,-0.17603390652493442,-0.17974211371246224,-0.1926695967605016,-0.16446493327884842,-0.2946322656088853,-0.30139574410107195,-0.2941790342023109,-0.3009115416434826,-0.16393798072659121,0.3827754951165193,0.4308205107807556,0.4589009524441988,0.5756392208365644,0.5275036099876416,0.03151970874174646,0.06274206909158142,-0.18004023502479788,-0.17529963596496548,-0.1721532689367299,-0.17254131094568592,0.05710004839657915,-0.18861419162239834,-0.16564722861865225,-0.12948823652307095,-0.073781800478435,0.1774489914798852,-0.012540799377277272,-0.11639183592686889,-0.34314125510880555,-0.28946820579581994,0.07790776817220482,-0.3190216254420511,-0.263354267090983,0.05139028759014659,-0.3379793193213426,-0.19978669523962114,-0.2630187422268824,0.47717845291852573,0.3683536238348554,0.3400254413714477,0.5123706330302289,0.654948101542914,0.6614088114878457,0.3736641262330196,0.7631798155826133,0.811984301123272,0.8647400030763349,0.39140584643230575,1.0,0.42429289555665783,0.5615141441932406,0.4664592165598634,-0.16556802665763823,0.18201658825725275,-0.19563637711272056,-0.13877555161744926,-0.2457892446000463,0.31232344431479475,-0.3023025324168671,-0.13266184575600118,-0.2797824495071871,0.3362534336090803,-0.30392552763195096,-0.13148168342767574,-0.1976161444425881,-0.2255746679944362,-0.17556481726172013,-0.19929248032610478,0.08183523152751175,-0.1917004622241657,-0.1774400750606661,-0.19236147755085622,0.13062012744174034,-0.08939085682078422,-0.15247356587194116,0.0019903121463827,0.04285995503577122,0.21956719634072988,-0.04111915221852336,0.05117971949378444,0.03206647737837271,0.011467436261135775,0.05852922657165531,-0.07031246929774165,0.07221797902151525,0.36962269615558907,-0.1719595715112271,0.3593569058643363,-0.06372659861836928,0.33080933445181077,0.05743275501685607,0.03638018105862138,0.020717969053850566,0.050365236188216006,0.17911440535617518,0.026747628035269803,0.1755997014921124,-0.12126791121454711,-0.11971424162646299
JML_DEPLESI_rolling_std_3,0.07355349660559324,0.08760141441867826,0.020080935204698603,-0.0017417258729111843,-0.04761193182125034,0.02139547430833977,0.1277915114976331,0.0326737579185643,-0.040545631403910064,-0.09247555831704372,0.11966378780590271,0.03062198540017422,-0.07069430888900606,0.08560708566798068,0.12786312944533482,0.22914988153075988,-0.04143703386541396,0.17092847668722327,0.010550856241795975,0.1774005624379261,0.024243992107675475,-0.0725426902161715,0.0540354436948363,0.04540886073955053,0.07497978246164938,0.2458399727169348,0.09504201410305158,0.1178512576015104,-0.05189495911434003,0.15204309407287053,0.03847104094681517,-0.12830145014112787,-0.1435818754985912,0.8495858676564249,0.13079957759628888,-0.14303835499597303,-0.1435818754985912,-0.1454275738176354,0.00028986008659622706,-0.19976641569215825,-0.15313306174889046,-0.14266995354384696,-0.14483293748390755,0.10791924254146693,-0.14132476138322744,-0.2558188036276873,-0.13909397455260686,-0.11862465461675255,-0.12319851903188715,-0.05755313514991334,-0.0765022910250281,-0.2155585557503431,-0.22163618241664687,-0.20340213862191894,-0.07604969411511896,-0.018365201353014577,0.8330115128132242,0.5852291057972482,0.5155821972681099,0.3158644796634608,0.16350220820897868,-0.0035320679031496335,0.101375509969446,-0.09441058227290682,-0.07006810763089943,-0.0235168523747539,-0.018941780139873885,-0.14198226450943352,-0.14865846854471676,-0.11193754036595259,-0.0483832046031778,0.10995039246687002,0.00478262032880465,-0.09643532601138394,-0.21165675671901266,-0.2076105781134978,-0.21843357135489302,0.10679085498738383,-0.2409084551989924,-0.1756185082021805,-0.03767115296149407,-0.18234180066164943,-0.16493144594274464,-0.06077628643425035,0.9060224619239241,0.41369171194331705,0.8177326535781092,0.8400289300309847,0.7506441179119676,0.3367096938816359,0.7069654321065967,0.6333860080411461,0.5998418581599433,0.1837468105821579,0.5981324862613796,0.42429289555665783,1.0,0.6634186319290506,0.2731836061188291,-0.07811188235453004,0.2022740330131239,-0.1219747837788665,-0.06657795632554198,-0.03976647064053071,0.21215026624691125,-0.10913175355089562,-0.012614179725850877,-0.06906331903289535,0.19787000005037186,-0.12085918578775567,-0.09451861495554939,-0.1504617742812819,-0.20860681316486526,-0.028161738771009002,-0.08617868685980815,0.31484524144960996,-0.16976958263053596,0.04288878956225811,-0.044319953372758514,0.2941973068179917,-0.12660637982246223,-0.012459590743312736,-0.06204499480130673,0.029194536042926513,0.24911249416765885,-0.12150117208942891,0.018016641384076673,0.10062567064750097,0.16726237644728184,-0.07580981996387334,-0.02743737401575665,-0.14495323439840607,0.3905422824683127,0.08335764213244579,0.8692677052006855,-0.12690524959592064,0.4020964041580768,0.031228279328519362,0.012817703274042483,-0.06421915479703025,0.0488111996509642,0.18116273917524964,-0.10591497785938712,0.11845319604628969,0.016390441258879396,0.007914515213458213
JML_DEPLESI_rolling_std_7,0.021430129924680255,0.03770931090838812,-0.05959204295609357,0.0158850381491946,0.05305266998837806,-0.1404787131891572,0.03483958735109561,-0.10559850212185388,-0.09242682990763346,-0.1283389159706108,0.13219924587250245,0.08960134959732292,-0.0981959687348835,-0.06852966320645797,-0.041163041622645336,0.23160161796432835,-0.1501047714584546,0.08028542773366662,-0.12091915039840156,0.08104231625125137,-0.07594206987491817,-0.07018214760293563,-0.018980466308652244,0.002980405697935076,0.010872952023324568,0.13012002054397356,0.09911628428444978,0.11435266532748227,-0.11451764102944859,-0.01231543888421877,0.05294512495342426,-0.08453316760344827,0.09811848215310134,0.4717655886565175,0.4330281064356199,0.0973949286879126,0.09811848215310134,-0.2454966504673423,-0.22474470547673261,0.030161952996370398,-0.21403521712107113,-0.1636786863303229,0.08314038945816452,0.016950049546347257,0.08090696405007364,-0.05323148619428379,-0.2436610322499812,0.1251305348741854,0.076745035298569,0.10415877402101692,0.09569665877678937,0.011470254619465065,-0.006809993802876215,-0.017271360605470267,0.02498083141916375,0.1381719942836431,0.5531635968319057,0.5954129731313367,0.5918536573340792,0.3333162473856536,0.10564341136577181,0.21225072481254323,0.2763202856794434,-0.25049409083031204,-0.2416057698077706,-0.21430938662706048,-0.07448394411466973,-0.12725166568941196,-0.2220448889397169,-0.26147210514545777,-0.2661816513765909,-0.08717172957114964,-0.08917782671217005,0.07850937715697198,-0.007425620203496305,-0.040506210542509385,0.01642401348632151,0.26728363500846014,-0.036077209335290086,0.06574898032010736,0.20937886172712894,-0.07031988950014693,0.004398996813071233,0.04469066710988883,0.6614163697915953,0.36994238732649604,0.5500395106926321,0.6485504730226261,0.7619514152111736,0.5085920114460972,0.5493493539152021,0.7122330567993043,0.6209020986877692,0.3752135061308583,0.4541859228818364,0.5615141441932406,0.6634186319290506,1.0,0.6675872824163299,-0.24403368321620136,0.20595183113195253,-0.28274573678146303,-0.20738929392518526,-0.22798261088619817,0.34378050841514585,-0.33470795711282314,-0.0726431139106384,-0.2377825747280894,0.37331417473650036,-0.3581373157857065,-0.05200650096710788,-0.25817928293434234,-0.35604338312214656,-0.09686790376691862,-0.30427069209715174,0.3223276281691941,-0.388544583259205,0.034709896684185726,-0.2588870431210587,0.3505598807447044,-0.33783154236370105,0.0720021137360235,0.055722576723238465,0.039164119806416285,0.2240850496927345,0.04933064939023825,0.09259867884459203,-0.022421962890040788,0.2000241560515443,0.08994629235246655,-0.06599596598281154,-0.020009017581256044,0.3968736421754701,-0.14642307700246773,0.49541257382047016,-0.12542735901432608,0.34027507296877496,0.046275691593742056,0.24657763506965572,0.00040397348440781726,0.05440106110288747,0.18373408267724906,0.02501123018828012,-0.12562020161920726,-0.08986810100052298,-0.08238350765376622
JML_DEPLESI_rolling_std_14,0.15165730702392569,-0.04944726376200951,0.0072943180618322044,0.16483842528803747,0.1507879102343151,-0.05187792986322537,-0.0030865156514978584,0.11054364346307649,0.08284645770044967,0.019491528666499038,0.191934456660848,0.1552566690803923,0.015794649430451523,0.04129304156585255,-0.05649673758840953,0.153130178648516,0.10962017353649485,0.15051613898572003,-0.012251946828965346,0.12013374128189243,0.02746723688198198,0.18390666670451492,0.08932954874209663,0.03644266251996339,-0.013417979517102288,0.05693126665471686,0.26667958471240877,0.08756819354092492,0.01669464745263299,-0.011503234861545237,0.2217385721155991,0.20204966396385232,0.5370387427497912,0.15951870434190904,0.8280398617697491,0.5362819598271666,0.5370387427497912,-0.18794124051758213,-0.5718147826234469,0.4693899902831192,-0.26919488260168895,-0.17744990034257,0.530327385981303,-0.06351454159971377,0.5282671887391142,0.361186127935721,-0.34339920353387543,0.5405405291720142,0.5155131803064877,0.380860963699573,0.3679634075268615,0.46303168693231134,0.4536247850698333,0.4493526299823538,0.40101600607936616,0.35784474430255,0.16199662324642639,0.17083344773851242,0.14866011484232983,0.08932631390057115,-0.0698276461549091,0.6922804375043662,0.5452901294647778,-0.2311331705419577,-0.25986682200044026,-0.27280690867402907,-0.30190042120576527,-0.21453447539717505,-0.2409898287480293,-0.2994044873391215,-0.3273197127961941,-0.4607908997929096,-0.30129398831069065,0.3287554824078112,0.44734879940463557,0.4336564910796348,0.4731869268454266,0.43022911473106823,0.42473824994045434,0.5128157306554595,0.5464172592174099,0.3823554213811464,0.4726958944983015,0.287398820206468,0.21270934650848458,0.18550183805902676,0.14375462825269686,0.23777003014029466,0.3027769076542097,0.3007708622997921,0.1117803348777372,0.35698863590568186,0.339170689168956,0.35886352160570373,0.0696417015113099,0.4664592165598634,0.2731836061188291,0.6675872824163299,1.0,-0.22257865741833294,0.18162007774780126,-0.2604233882218424,-0.1919652718893844,-0.29000481133505435,0.38831498654542096,-0.4202366239938966,-0.10161534427899382,-0.3296722088440415,0.47500729067809844,-0.5490803096792625,0.015105422147648144,-0.288056399427716,-0.45659617645271744,-0.06508203038478477,-0.3932091076593269,0.35951088310144597,-0.5652566204970011,-0.013834820111679432,-0.4427052256163986,0.40025364772853145,-0.5892105455773743,0.3225597811061056,0.23001043292855675,0.023314287030170473,0.1998995927588819,0.2929685589063196,0.11023704890969065,-0.06940283148017508,0.35371015360672864,0.12828034322293053,0.043820415009226135,-0.017395409856864094,0.20202101929441466,0.06714059705271272,0.18309918105769601,0.021775566435260525,0.16503518685355473,0.0372783739074442,0.4653683817030796,0.051345371920796384,0.03781024739194013,0.17025441538189764,0.1268857761094568,-0.5410853201828867,-0.10254862981956829,-0.09932304817782267
DELTA_PAKAN_GR/EKOR_rolling_mean_3,-0.17347351616036316,0.13482581783319647,-0.1640830296171486,-0.24161806424998464,0.05115879784153365,-0.10942531269412142,-0.12146862749051354,-0.039214634354045874,0.11240481307185247,0.07427586677513856,0.03438746067724801,-0.18519721737914308,-0.2057612309773207,-0.06602779311127804,-0.21224023450552662,-0.1567022522008547,-0.05207015873870675,-0.16267944033176468,-0.0032034233137057454,-0.048358417129551204,-0.060610543842609096,-0.13794053254605726,-0.2500234815877628,0.08231978053837334,-0.13723211530592758,0.06522593130966332,-0.0667717397958972,-0.017849012228751807,-0.18403947859719352,0.09197896383571127,-0.12303721632983958,-0.03271801422307262,-0.2555709143542209,-0.03635584557046894,-0.1937493967471995,-0.25597108602039464,-0.2555709143542209,0.8428092400036805,0.5837745757707598,-0.10290678362788527,0.4824480479642752,0.29123386924052513,-0.25583268884898336,0.06243565670271972,-0.24312615798126458,-0.008837365470472182,0.23633365264883296,-0.30171690541783336,-0.2554739667631986,-0.24723853304405816,-0.15262815149311904,-0.09289636913493284,-0.08753239385101123,-0.08921418777656147,-0.14191623545375384,-0.18021285506734078,-0.05130286751363882,-0.0982881662832158,-0.09834965492548847,0.0017025411951488811,0.12822948603158535,-0.12525883635227197,-0.12391296134444697,0.8937379022101871,0.8133839435558715,0.6215492733840722,0.3823944041585803,0.293052587848132,0.34866882009748784,0.38567654586345923,0.39424635702245464,0.29639826853309487,0.20341916218515066,-0.10009750078637311,0.185277437710191,0.10883882142341354,-0.10172530173430851,-0.18945295825945807,-0.05680190965401498,-0.13049066791179909,-0.09559451965370673,-0.06564562861162268,0.052629024091816974,-0.09880362555767216,-0.08091310275977065,-0.010553901952258209,-0.05399003225327374,-0.06975441545233749,-0.13230375808934178,-0.15592772194466503,-0.02672441342620518,-0.17652357547481873,-0.08059533202735582,-0.16143547291687613,0.032631315515322196,-0.16556802665763823,-0.07811188235453004,-0.24403368321620136,-0.22257865741833294,1.0,-0.2982432504367672,0.9444474011652022,0.8935074560474485,0.9009661266889889,-0.5018074765251185,0.8311121221926195,0.6501253219423404,0.8228562408266386,-0.5235689979458363,0.7101206314170292,0.4967620544247872,0.453280500608362,0.46984129549745535,0.32294346669759516,0.5238285835919758,-0.20718802766372996,0.4962038120110971,0.2623287194575799,0.540007777816767,-0.2345003740492854,0.4543912875892462,-0.08967534644446354,-0.033454712139059185,-0.05884881781233837,-0.28546559000283994,0.061261439579889866,-0.04501096265825639,0.02986904974529862,-0.2112706024146694,-0.0247024552768608,0.017405390240009862,-0.0018532436770187536,0.02668744685987801,0.010676812081691724,-0.04448881629419554,0.016125660359245397,0.0028000816956321646,-0.027702076200456383,-0.25713921607583695,0.021016774187453034,-0.046946679761023624,-0.3216264398338665,0.05336459488762138,0.30163352656699444,0.01771241878236015,0.005976707238021396
DELTA_PAKAN_GR/EKOR_rolling_std_3,0.14084851908303908,-0.10589738891132379,0.3313235198693371,0.2170211535559205,0.09177919586502306,0.1225035580388332,0.008545862944532813,0.18064258249673948,0.027409041170761803,0.06422971520168673,0.15791026928706287,0.2952807547832883,0.2099275498016508,0.19855343690232152,0.17359518564437273,0.22505206314695858,0.12359509622453438,0.2467563913062262,-0.008185244433584602,0.09836021760037567,0.07259706326433196,0.1806836153059089,0.19247492663254853,0.07435964659997435,0.16602079084487695,0.09689073066194924,0.25299967899920395,0.09115150241353107,0.14475547984512382,0.09729684481139893,0.3690529112651409,0.1587991523120883,0.13723353850030684,0.1815337519647244,0.20587875277391737,0.13940096343527347,0.13723353850030684,-0.2762300002304108,-0.297044932841243,0.05359352667641907,-0.32933867888500473,-0.18636921305078286,0.12706943367135115,0.15847706315616572,0.1322621934928191,-0.0395528952734527,-0.3067649387841109,0.1874241479843702,0.17025073324628978,0.2217673233685887,0.1905633074406657,0.07175370884005515,0.08526745883006451,0.07720190608901684,0.07555124804057228,0.11811775860621018,0.12134728440616879,0.10340883005075333,0.09661847427481547,0.05574520714298129,-0.029812276873987884,0.15359717784334492,0.2198788243744805,-0.2200822944084988,-0.14123019500400255,-0.08898931517758867,-0.14086393462941202,-0.010090876237047505,-0.1070697928960785,-0.09655212748381452,-0.14535136308394933,-0.17544152191845166,-0.18774323322804165,0.15575267257302589,0.032083932043208536,0.05452335883728466,0.07135014290342788,0.14388195167739917,0.051768019363761165,0.08779956031868429,0.10175344367437192,0.04859223983230563,0.02364268487180723,0.06483605844177595,0.1709725592883358,0.1067356474761922,0.14490183160873737,0.17685997986141627,0.1935248079318945,0.11518438277778861,0.17811052808571484,0.2214890359422795,0.14502823347381677,0.047363704661193544,0.2040565411845766,0.18201658825725275,0.2022740330131239,0.20595183113195253,0.18162007774780126,-0.2982432504367672,1.0,-0.5097705343878628,0.032526310683711264,-0.2993845818282416,0.6908303445819668,-0.4822852611872924,0.040469621319235316,-0.2989292012907742,0.5867728908593717,-0.45105973748521033,0.041547724019578326,-0.1529554933198797,-0.2031706622056626,-0.1054871219363222,-0.24202686299979095,0.1538020476804501,-0.1706548839381461,-0.15467334206457536,-0.30288510783394396,0.2366529865020587,-0.19696648762773863,0.14437907639433167,-0.06870623941613441,0.019437356268270277,0.6511853885679265,-0.09963448820365446,-0.054003423006074296,-0.009074835469730216,0.1481002618777283,-0.08755936011285227,0.04960075367648067,-0.003878484172797455,0.17995585174099368,0.06162763577609651,0.1966948409204215,-0.014678517667786488,0.15048152593173403,-0.05188350551662345,0.1119441354169836,-0.12107545727798717,-0.008448005920262408,0.7640314727254741,-0.12230537548263735,-0.1876122408978363,-0.004622764185853446,0.0053879712678966156
DELTA_PAKAN_GR/EKOR_rolling_min_3,-0.18654925547349593,0.12683094286403834,-0.21494989821033217,-0.26248413861443576,0.006050313728551991,-0.12427793766434854,-0.1122327452039057,-0.052379779398234586,0.08350881021996683,0.06046154690889844,-0.010686721454544397,-0.21043518811014025,-0.21405229685678354,-0.09039632108787116,-0.21946607045264663,-0.17802327581899827,-0.059045223605849136,-0.20557420750030678,-0.008195866522361792,-0.07683372162364215,-0.08770703567098712,-0.16359816489389584,-0.25947935959774676,0.0591651962147468,-0.13740042479779108,0.03527633344228058,-0.12250145380710746,-0.03921625329613908,-0.19728998662251043,0.03703421304782857,-0.1951602141774975,-0.07048510052752963,-0.28022415110875953,-0.06489702810301799,-0.2438090047825718,-0.28153595750502547,-0.28022415110875953,0.8160779672624858,0.5946982114493716,-0.12459522197862113,0.49835470988429936,0.3195929087241,-0.2765635968591958,0.018442723631632168,-0.2634661681410217,-0.015381221273372239,0.2934636764198315,-0.33388169534655376,-0.28743049119442,-0.2899991643854142,-0.20397163444046917,-0.11955434177958844,-0.1159758682399635,-0.11654189999481117,-0.15970542389767461,-0.19639152295095266,-0.06217028167588479,-0.09954451156228313,-0.09945925430974502,-0.011338372281951692,0.11396615906051509,-0.16661365931147756,-0.18313913648673066,0.8276858421280489,0.755913549385254,0.5817542249714354,0.38266196707745553,0.2698904281105286,0.35248193676560724,0.38266706427446345,0.38858203211066955,0.3213771609019657,0.24102829588623467,-0.13480964464546613,0.1295327268322456,0.06482499912292856,-0.12621309357113972,-0.21338837841712363,-0.08071518967892947,-0.15892798735371494,-0.11644301649449296,-0.08503921584913454,0.02674973645222005,-0.10990336135405782,-0.10447646725156311,-0.04675045753018478,-0.06836667483539441,-0.10736608199005353,-0.15606110743542073,-0.1812446267926418,-0.05595476442236316,-0.21641563107437659,-0.10374694258656028,-0.16343042988155645,-0.010901522143032772,-0.19563637711272056,-0.1219747837788665,-0.28274573678146303,-0.2604233882218424,0.9444474011652022,-0.5097705343878628,1.0,0.7458901162813134,0.8675845685545058,-0.6197771321539824,0.8822610468833667,0.5358449338692584,0.8031813870891134,-0.615538347398513,0.7644076582480598,0.4030047843826496,0.4507997834168862,0.48436271916493884,0.30768564843537616,0.5295899241381551,-0.22247868531726445,0.4959308138414757,0.25380137518739937,0.5705860676662045,-0.2581202330985174,0.47340196916709776,-0.140077382564833,-0.012364628239197468,-0.023927745406639625,-0.4205259614311535,0.06317381294975326,-0.03925002805992166,0.03802182881163598,-0.2383162056700211,-0.0021851897663023364,0.001345618411487892,-0.013274183515287842,-0.022885881859755063,-0.010384827119522754,-0.08018254863252962,0.008957469549558781,-0.03335564557779156,-0.004353472188873249,-0.2698988937730996,0.054402532402664946,-0.006604966053165154,-0.4855630891073123,0.07162359449414983,0.3338625883432202,0.017322966805876513,0.00490024710203506
DELTA_PAKAN_GR/EKOR_rolling_max_3,-0.144321853008468,0.12109129591180794,-0.0844075236163031,-0.2066099921140454,0.07318229681736461,-0.06209582321752265,-0.14667130631358044,-0.003142403685424627,0.10277312966672582,0.088727296195764,0.07810960074632109,-0.1408211369745796,-0.1609120880647335,-0.01220559815514787,-0.17497012446654306,-0.12008608096724321,-0.06563943382105777,-0.10433031844748973,-0.020507682118067333,-0.0644762641470628,-0.03905945841980124,-0.10987019461239793,-0.19917552862512955,0.10609971525349012,-0.11511824217323442,0.09469288408418862,-0.015496066398135756,0.0010222463610941414,-0.16278740848772918,0.14683049946544877,-0.03718148399358441,0.019950564549137986,-0.2012482167990943,-0.03651986812875041,-0.13623150540928916,-0.20085450706137148,-0.2012482167990943,0.7513706624205535,0.49227881743821145,-0.06960283738087279,0.3989824594004276,0.2342494524821654,-0.20674176558451773,0.0924517617313687,-0.19524524906558885,0.001846472897817348,0.14516809951304188,-0.22876552408074685,-0.20098747153297397,-0.17755670665288747,-0.08029870265291489,-0.06125478875169947,-0.04703107831332989,-0.043910725868024164,-0.10333406599965622,-0.135379955248342,-0.08007853542893915,-0.11000071985063871,-0.09187593661944224,0.01169316015650412,0.11671738972754435,-0.07904094368458046,-0.049174036036286596,0.8316882408312352,0.8271327181548559,0.6243769103495115,0.35790651825292263,0.29275601793233236,0.3044454867968236,0.3553587898956457,0.3580746613148851,0.258509034990095,0.13987488050431982,-0.03482416585995051,0.20304174240404005,0.14716443479315944,-0.06760535899984835,-0.16941497536418312,-0.023655442950570198,-0.09341121231374794,-0.07660435100237241,-0.04408538936733393,0.057040271224987345,-0.08138275471175589,-0.08724489997728883,0.008313003410459605,-0.06695013586790817,-0.06448682812629994,-0.12097047930229113,-0.1261649525904577,-0.01337367817348477,-0.1355842625247758,-0.08084293081185441,-0.16460750211158354,0.06852424421031345,-0.13877555161744926,-0.06657795632554198,-0.20738929392518526,-0.1919652718893844,0.8935074560474485,0.032526310683711264,0.7458901162813134,1.0,0.8107352823645384,-0.2760923848987137,0.6483002308642835,0.7142316130916515,0.7309643803070218,-0.32991640871959443,0.5324869208347994,0.5584177073231501,0.40609271511313794,0.4229247522240885,0.28309635812662826,0.4485471762363048,-0.2029818605518722,0.45816705535905955,0.22286998538972858,0.4382039682732941,-0.20451584736947837,0.40690124745142375,-0.04151295128688784,-0.08076976852250749,-0.06877674458773902,-0.07687987836905624,0.004698886028935734,-0.0300243176272887,0.03311293133961745,-0.19587563799568775,-0.03691793502647343,0.0371983711969446,0.014777086872436668,0.05704624458866805,0.026202582364868346,-0.034859358619901734,0.022377112977905098,0.024378197407774662,-0.03217492551359475,-0.2431663342360816,-0.04772482763195556,-0.06729625763777375,-0.06734573708056096,-0.011642756099498212,0.22866371772452188,-0.001158360838411537,-0.009154331726265598
DELTA_PAKAN_GR/EKOR_rolling_mean_7,-0.22586754656010385,0.2004571572793553,-0.13709065457100034,-0.24347285556718923,0.07245561958566538,-0.12771827379208517,-0.136241155352982,-0.05481544378318762,0.1410393439822649,0.11855051568461947,0.062115163077624436,-0.15861375799123414,-0.19813949561978866,-0.04101491669362816,-0.18351122162223868,-0.11952037282099451,-0.014136753827127866,-0.17834656301966337,0.010798160387705865,-0.044281895590306396,-0.033170392951688395,-0.193748120084453,-0.2617977102547185,0.12983020822927163,-0.09390458008244222,0.10500537814571811,-0.15528588229576823,0.016811114890575195,-0.1922270838027718,0.11409268449177654,-0.090803454996271,-0.15298768127255022,-0.2759238613613192,-0.004391802190789963,-0.22595398388685498,-0.2757748466925749,-0.2759238613613192,0.7309964769318684,0.6497623457048631,-0.13278928286094024,0.5253236140898767,0.28313421571620323,-0.27617364853986187,0.08533086817361465,-0.26742963674721804,-0.02866928853324725,0.25308378399169607,-0.3141662070155669,-0.27398225318830116,-0.22924443670424352,-0.12785286226098994,-0.1285860009290197,-0.12792708307724937,-0.12875149181204107,-0.12467364220970906,-0.15838753911998624,-0.010299939290371362,-0.041468521902995124,-0.04741723653761337,0.0077755128025687945,0.0916264423222812,-0.15755305555179352,-0.13775082642684527,0.7988582512975932,0.7888211637891573,0.7603343476529074,0.5213548253228952,0.33493729863503413,0.3201086802472807,0.3419316967525369,0.36012060077829755,0.37990887468074686,0.21391078164007327,-0.1848201562714849,-0.02344977781531266,0.05265141048491059,-0.13702359785307247,-0.20736230497940075,-0.09626657422746183,-0.15784794284988155,-0.20370739495084822,-0.07116725098861393,-0.03441520940931615,-0.07233851248596217,-0.03257288171972748,-0.012560850299785388,0.007581719385461358,-0.03487253441948641,-0.1026510663606624,-0.14093384679674342,0.020003919210117616,-0.15578410793956618,-0.09725743327258517,-0.22706679462882048,0.06922088513556048,-0.2457892446000463,-0.03976647064053071,-0.22798261088619817,-0.29000481133505435,0.9009661266889889,-0.2993845818282416,0.8675845685545058,0.8107352823645384,1.0,-0.5164567518224277,0.9068409631188143,0.7479516632871919,0.9352513954483279,-0.5523384892749894,0.7867529820084193,0.5620002895143914,0.40728014080539715,0.45628051711910383,0.2899350651155521,0.5199586841342546,-0.2057041304721968,0.5119615262229147,0.2749386364413607,0.5819035061691122,-0.24582217923537625,0.4828708339277388,-0.10120542798226743,-0.08010441186609474,-0.03171233993299642,-0.31079126525546846,-0.04161873763078583,-0.028932186304085745,0.04238070207270254,-0.24530125248442422,-0.016332417537796087,-0.0062411789264731985,0.0016755221351766483,0.01616233376667015,-0.028996953402292337,-0.01301682233632925,-0.004854521020314052,-0.0005588335239516542,-0.010303408071114137,-0.2691576542284786,-0.013695979222649512,-0.01781780188317852,-0.33968137651140184,-0.03282284887398741,0.31421401163746077,0.06404978823035343,0.05999167560409325
DELTA_PAKAN_GR/EKOR_rolling_std_7,0.17518058550513002,-0.09437316148566308,0.45020796674055974,0.26967216589075244,0.18340713096567618,0.11977363060306558,0.14869454523106374,0.2058335186784667,0.10159556412339202,-0.014206539023407728,0.23043658481857238,0.38426229885490487,0.24293655243856832,0.08695051572736784,0.26404410711053306,0.3389454189305432,0.19692725992283439,0.2811293826520243,-0.01524520940459939,0.16319931648620736,0.08762548560190386,0.21254693351502804,0.22911176919725026,0.0883245831121221,0.28358152857282093,0.11552589780281738,0.32719512068758466,0.15859765301375633,0.23078274798245274,0.10365790162251062,0.4416932784795431,0.13925132865629622,0.2993507027060172,0.1477801258041364,0.397148067000063,0.299456829533808,0.2993507027060172,-0.4800884237954133,-0.496774626869493,0.16421326672928108,-0.4119199719087457,-0.22693508957991573,0.2987536053011741,0.032843979569471146,0.29005442166897244,0.03946755231109181,-0.44024000656837187,0.35112817146920405,0.3372373344670635,0.3579415687279668,0.3458145973327321,0.16865565213137657,0.16855939647946666,0.17885051044950284,0.18465521404368626,0.25261085910231734,0.12402312737902091,0.12917328669373523,0.11829363235799391,0.09779723363152859,-0.03718794834096441,0.31177440573736614,0.3393464610542121,-0.4264732417057505,-0.3613906987682047,-0.29507325777164933,-0.13369203817815029,-0.0011269837649319364,-0.23013358568230663,-0.24597335364761666,-0.22112431747918632,-0.26053092319406235,-0.21947843669861197,0.12166379647052342,0.010004419038807626,0.04606650955930372,0.1756229391869591,0.2569829681599078,0.13214174368918247,0.20150684803668348,0.17294131620756142,0.13706031012624334,0.02785024073976782,0.14078172198820915,0.16930305426011727,0.10498603561556698,0.11634626297615305,0.1788454965260321,0.24662104941177526,0.21872712846929315,0.13360876447991582,0.29597282191047414,0.23946178903663182,0.17754672574088382,0.1969735510569727,0.31232344431479475,0.21215026624691125,0.34378050841514585,0.38831498654542096,-0.5018074765251185,0.6908303445819668,-0.6197771321539824,-0.2760923848987137,-0.5164567518224277,1.0,-0.7331011200397246,0.009514889299704414,-0.5008299987860872,0.9238933298524192,-0.7155322517170709,0.09510733105660858,-0.28803265692838464,-0.3833576922990372,-0.16464438509155827,-0.35198515274357595,0.24769903366023052,-0.3219743537558638,-0.13022535242371916,-0.4459928507144758,0.31022753833459243,-0.3092461593081791,0.2373128755692851,-0.03890318078311805,0.03330483224142602,0.5932803810658669,-0.09199341591793628,0.01085870901914528,-0.021896569205685598,0.25529378168024275,-0.01805302491079912,0.03234098084670635,-0.0313952616434839,0.16628091778269763,0.019359595592991923,0.1689159129850041,-0.037381320949196974,0.15275110432882816,-0.007270064043824844,0.25710089571085515,-0.10123816812793437,0.03688871415903902,0.6273341637848289,-0.10501010817203164,-0.35143533611729105,0.06830966278868698,0.08339203248268838
DELTA_PAKAN_GR/EKOR_rolling_min_7,-0.22774109503151854,0.16960653764308387,-0.23202700723058,-0.27911746285066175,-0.01192931346717463,-0.10805681451358562,-0.11740525379223604,-0.0690148505773003,0.07906023004866299,0.1004507929492867,-0.029762424745216298,-0.22468687735936335,-0.19988633481137352,-0.04812716714202269,-0.19191893216515848,-0.19375957602695626,-0.054007532117602355,-0.2076846605821346,0.02728293527545785,-0.07025570458174837,-0.07253888789781866,-0.21127609349750395,-0.24622552455856633,0.08182244533136927,-0.11259977487328109,0.05952368659782735,-0.23832493659553053,-0.025335170362553925,-0.21381288441193286,0.04910049757670444,-0.20322774880701372,-0.1661124456133147,-0.3422127908781558,-0.04081125553694008,-0.35134093848195025,-0.3422127908781558,-0.3422127908781558,0.6987001066987564,0.6642331077634163,-0.18948008383370732,0.5347725140402423,0.3186997715477142,-0.34406375845282566,0.047787909506407704,-0.3266967101452141,-0.06910688898728023,0.35683805548370384,-0.39225466520433355,-0.3482875972217301,-0.3015403217709269,-0.22881701746066085,-0.1900713761366205,-0.1875627716254118,-0.19020663178128192,-0.17445594996491998,-0.19760344640662794,-0.03427736072180956,-0.055170025062344814,-0.03789286910507248,-0.0017842992560079248,0.08104694297150145,-0.26109823948817157,-0.23327767144257605,0.721758328952372,0.689279958059037,0.6578125143203452,0.4537483786324997,0.2428589603800556,0.3518997432608245,0.38198829035300624,0.3837082452340771,0.4204456393181389,0.2595134427977261,-0.21359043967116495,-0.08274312419144367,-0.029333466451954775,-0.19675605546364042,-0.2619283167532243,-0.1496396592074333,-0.22493548757513665,-0.25942244279677745,-0.12127560320260439,-0.08699753344484576,-0.09720348167340416,-0.07206748273306454,-0.05156063315172668,-0.027695863919994543,-0.08077250246096372,-0.1420628314622982,-0.193155905436576,-0.02152927884951339,-0.22297325901214932,-0.14382141353130956,-0.24460531591128445,-0.009587929277088044,-0.3023025324168671,-0.10913175355089562,-0.33470795711282314,-0.4202366239938966,0.8311121221926195,-0.4822852611872924,0.8822610468833667,0.6483002308642835,0.9068409631188143,-0.7331011200397246,1.0,0.5055343821084571,0.8568836761258095,-0.7351215074544197,0.9015408323181255,0.3333527658795303,0.4366280326422034,0.5143984620346664,0.2889584281916623,0.5453692443520924,-0.2259138674330376,0.5386845232466758,0.250400670325853,0.6290085092055554,-0.26962564954093954,0.5128904863270458,-0.18568074898547307,-0.05742801154590242,-0.0029225038986047365,-0.44256470407886955,-0.025352863713258095,-0.04360943479609921,0.07099842335899122,-0.27848663152683967,-0.0289752551534952,-0.02233432697395807,0.003256172001743057,-0.042650933952049934,-0.05679129859065894,-0.059576545110939426,-0.010467379819840509,-0.041667987888468316,0.005416409027657762,-0.31979431102465006,0.02922139736564603,0.005618920211399346,-0.4937761621309978,0.0012732021014736224,0.39241915959009166,0.024656727185635743,0.01723917237430173
DELTA_PAKAN_GR/EKOR_rolling_max_7,-0.2344194071277302,0.21926865429347484,0.053954827492099455,-0.14256872314246663,0.1460934753614692,-0.14718378899791026,-0.1203562367515526,-0.009433950087577764,0.1685525709445281,0.14506293809675028,0.18140929304730194,0.00014261971955873857,-0.1567940148232071,-0.06543877160617236,-0.1435257378314427,0.038828289102957325,0.05623086177949046,-0.11615288674952733,-0.015813922316965368,-0.06632567589584284,-0.013263082817185837,-0.1488976626836299,-0.22217289079023758,0.13267727561482848,0.0038462442715509904,0.12434172178303843,-0.04479143237411898,0.08122939588110192,-0.11539018672641464,0.15119934425080442,0.09023751952305886,-0.12399767008843281,-0.09590253531852858,-0.029383872061174213,-0.002125327087695698,-0.09590253531852858,-0.09590253531852858,0.5171759350896182,0.41506244236615725,-0.0003204380594492432,0.4481243742292888,0.2240620899318115,-0.09506683263053321,-0.014974383835196581,-0.10119535034798649,0.06796263199262473,0.11586852101063985,-0.1239528307458487,-0.10409821001984257,-0.0698229221514965,0.06570834233476097,0.00460579125259207,0.0032848492915898337,-0.002259864919307992,-0.012633594216529263,-0.027957920532687863,-0.04714823274146381,-0.08011741044983114,-0.06819427597730175,0.00991033011891863,0.08426285625626789,0.02156060699966439,0.06186980048407436,0.5821937787110456,0.6071177478688125,0.6453591205422015,0.5465578026092591,0.41971679358667474,0.23443496589476565,0.23428655522570974,0.23812096098636357,0.28036674706122894,0.12997283790107944,-0.0867007546254397,-0.024632446601368447,0.09490168934465307,-0.00041556624221983173,-0.16355377272842192,0.030170151218162602,-0.018772743047287196,-0.16484520429153396,0.033428153326562036,-0.0390588967535654,0.016822479475069825,-0.05658801805594733,0.02703640607767606,-0.05948359231896639,-0.03501292277865929,-0.08561852607422975,-0.037131676647505954,-0.029875980562345507,-0.07345265203718691,-0.05916234249829547,-0.14101082427026007,0.08283602711749441,-0.13266184575600118,-0.012614179725850877,-0.0726431139106384,-0.10161534427899382,0.6501253219423404,0.040469621319235316,0.5358449338692584,0.7142316130916515,0.7479516632871919,0.009514889299704414,0.5055343821084571,1.0,0.7108419793869751,-0.08848019118747628,0.4010936566863505,0.813026633983629,0.2954708165689623,0.3465448554949231,0.20593649764224153,0.39232082024638637,-0.22580784251138916,0.4302805624150777,0.20835755156850128,0.41843306534817765,-0.24215604149670394,0.4003916911259083,0.029358253429498517,-0.08810081932741833,-0.012943634047078862,-0.033083489674845895,-0.06668666237291025,0.009249556147903234,-0.008256006334949835,-0.22533435375546415,0.015177393176205811,0.018492209683765443,-0.007410220740833321,0.08209398075131623,0.016668604136162328,-0.019106368508664595,-0.007281019822798203,0.0554160349300436,-0.01717518501965965,-0.17387729497155993,-0.024872266260277016,0.013078564175840595,-0.04118014562043452,-0.05556093226791682,0.12381521228875399,0.022619147342765746,0.024569153640036593
DELTA_PAKAN_GR/EKOR_rolling_mean_14,-0.21252879312208053,0.2444657444773197,-0.14678780791163284,-0.22836210927596814,0.0463990028683117,-0.11880335987005759,-0.08359683056846866,-0.08238577082758464,0.14226215961283956,0.13514485900602852,0.0676925434905311,-0.14835855197121306,-0.190563918311541,-0.05884596237943867,-0.16173773414855167,-0.13911079836258824,-0.001488701688119017,-0.17843036527144154,-0.015026195790999732,-0.03762071311049193,-0.06931662836136565,-0.19908929161170497,-0.2519478369618723,0.11323959546584773,-0.06671353753346852,0.07875118662696465,-0.15165151587291026,-0.0005934471528543648,-0.15179848883527008,0.11389524564897109,-0.06262001833364363,-0.14639596374943,-0.27501090229954767,-0.03250700976562447,-0.26331279851888995,-0.2748736888863209,-0.27501090229954767,0.6522351823216436,0.6959195878184289,-0.13410434240048535,0.5774438568120235,0.3142743222867458,-0.27726849173904417,0.10197425042497522,-0.266148481996059,-0.020071460773727307,0.24763660293639136,-0.30506512706240946,-0.2609697201402298,-0.18860487854016947,-0.06943879804525754,-0.13393361954284777,-0.13713103115226138,-0.1382357031894356,-0.12979559409065783,-0.121217050260624,-0.02120632594459566,-0.039958148361989576,-0.03112539243309676,1.02715387418004e-05,0.044177194788053424,-0.19925312391293665,-0.17814270997221726,0.7278024038212771,0.7394847935392236,0.7223863478643909,0.6195768225607243,0.4326547618601872,0.34145830035272934,0.34799179033636607,0.35667130493251814,0.39097318319493746,0.24889311467416408,-0.20632194603021087,-0.08672329371971124,-0.024883937495344906,-0.14120206498495408,-0.22486732098348952,-0.10343788892156017,-0.16199502734994067,-0.21219899833047445,-0.08787222888428894,-0.08411552955745753,-0.03868007733531832,-0.050091208292487525,-0.0395234972475142,0.005391591853618546,-0.060115155271504045,-0.10958032045895728,-0.1878679677759583,0.03218355047231697,-0.18911168391653513,-0.12173655823237592,-0.2564862170322415,0.07974315599701381,-0.2797824495071871,-0.06906331903289535,-0.2377825747280894,-0.3296722088440415,0.8228562408266386,-0.2989292012907742,0.8031813870891134,0.7309643803070218,0.9352513954483279,-0.5008299987860872,0.8568836761258095,0.7108419793869751,1.0,-0.5505940420106209,0.8250004721481002,0.6394644756064103,0.4270138708901075,0.48367153564122434,0.3121127388181982,0.5163322493445114,-0.2080867910941787,0.5179335218997455,0.2948786456511352,0.6201200145716961,-0.22897566481705697,0.5019938671642663,-0.12682705417994197,-0.1044117419389758,-0.022984169995728887,-0.2911283317949838,-0.0810458796795547,-0.024327363581694364,0.042891497657629354,-0.2611723337098092,0.00592590578279867,-0.025242987863052836,-0.0006745706794592936,-0.008989305088400066,-0.05770040099198755,-0.04223748807381299,-0.02230519144887387,-0.02819208394311408,-0.004547968830357395,-0.28081597589248036,-0.020709991175203214,-0.012921825526434602,-0.3292366653190092,-0.06050988201920085,0.3051323048324847,0.06863715252624586,0.06434054916616261
DELTA_PAKAN_GR/EKOR_rolling_std_14,0.185975990436423,-0.11282558233540745,0.4303836452321388,0.27072726128533864,0.2228622440397364,0.11970223727706825,0.18996926683144305,0.24143687066901015,0.16078769719224956,-0.02796551485240187,0.25614585514382293,0.4041632017562949,0.21801071123348575,0.08106882898527612,0.2664288454930352,0.3328388391573375,0.22855823042500822,0.25692397111206133,0.02063255552804628,0.15687419173597153,0.07644824659424564,0.26813410983344266,0.20903306355048304,0.048304562899015,0.29284563934246893,0.10033853682916516,0.34806114955704615,0.18816856011095645,0.23054427778704614,0.055504864707993304,0.4220189159891155,0.15817169095868122,0.35993073547553545,0.12759817438303195,0.47562260929194966,0.3601258319824133,0.35993073547553545,-0.4925263757489062,-0.5445702331141072,0.2246868574324287,-0.42902478858051923,-0.22998077028188027,0.364709527935215,0.004414808805261428,0.3508217288356213,0.09712646015971778,-0.47462967758296687,0.4021392145683438,0.39700646605632395,0.406388180207839,0.39317696930154605,0.22737467516529913,0.22852725728834894,0.23399436490892972,0.23647475902858142,0.2643112208730106,0.1130277007128506,0.14149324601298635,0.12573241786982814,0.09642433068135489,-0.043504455297074036,0.3942502233483336,0.3821314529375523,-0.4488723421694868,-0.403869530112722,-0.357025907760889,-0.18700153169599734,-0.061683479605334164,-0.24027961066303138,-0.25572141763555434,-0.2536876719118642,-0.32146434237470434,-0.2584958952663994,0.16984481125396556,0.062333776859002855,0.08537923727771186,0.2342644408379432,0.31052190115826506,0.1898212218573263,0.26020182483275606,0.2639984207775558,0.18423397114046486,0.11768205823953909,0.177491565518066,0.15833180689561954,0.09571093611804098,0.10838643904440987,0.16804601907886227,0.236508619256462,0.19633400059041772,0.12876642747297795,0.2693373535428351,0.2518983798979759,0.20008921213777062,0.17743245342487468,0.3362534336090803,0.19787000005037186,0.37331417473650036,0.47500729067809844,-0.5235689979458363,0.5867728908593717,-0.615538347398513,-0.32991640871959443,-0.5523384892749894,0.9238933298524192,-0.7351215074544197,-0.08848019118747628,-0.5505940420106209,1.0,-0.8028489658361172,0.08480140078122445,-0.30098022477635406,-0.41744206966650704,-0.13848868593228517,-0.4008173715883629,0.29425010477041064,-0.3982524558841128,-0.10560817320349004,-0.5067922406791999,0.33036771789265923,-0.37905291206096425,0.2587393110035029,0.023209667423132224,0.037404155266025405,0.5145795543809244,-0.01742832869247542,0.030616576819274988,-0.02569457407080454,0.31267627912487134,-0.00916193127490707,0.024141068183800143,-0.026729412299635383,0.15717574788754604,-0.007038718757268444,0.14859074266987982,-0.04242577350780303,0.14061968698133112,0.008419726701091384,0.3137894081579944,-0.06613175681020994,0.0370230380080709,0.521169288775893,-0.06079304024716096,-0.4023522477499988,0.03482595255570895,0.04938168223784214
DELTA_PAKAN_GR/EKOR_rolling_min_14,-0.23914861906528145,0.20212968016487767,-0.2663867458181102,-0.25123381997085303,-0.09919041968675782,-0.1230380848470535,-0.10678743078232111,-0.18011267203656367,-0.019027396762024935,0.04012297361066469,-0.10528424837600732,-0.2571726423086504,-0.20692167106644982,-0.09922541122537698,-0.1655851520734714,-0.2080621972407843,-0.12505000634576605,-0.20034266992013083,-0.009279064199994386,-0.07752998436769906,-0.10953487304061635,-0.29889972512433644,-0.2449998760741641,0.0454883357624203,-0.11675666507075712,0.029717911814704078,-0.2917859439258942,-0.07150228525201123,-0.22991808271164718,0.0483883426937441,-0.25533084435824016,-0.20984440327910348,-0.4372694417586881,-0.0531574236470863,-0.5066209281041811,-0.4372694417586881,-0.4372694417586881,0.5936885179489565,0.7186698907766258,-0.30097109395650595,0.5382918824439106,0.312736473783353,-0.4421430502299079,0.045761050655642815,-0.4237784080980025,-0.1680814535598364,0.36623806494035777,-0.47960017217196144,-0.4388743075420826,-0.35592374785309877,-0.280982985689901,-0.299750305429144,-0.2984683101320406,-0.29852804619349,-0.27844983538557144,-0.22835555622579268,-0.02471613290829126,-0.0378295088351489,-0.0051354740190284,0.04592552163793,0.09936903929701447,-0.4296318845721443,-0.3603737163198422,0.6099597908240693,0.5892324677463704,0.5676901691923838,0.47473377681344425,0.3164876152945981,0.351600682716944,0.3890895526302689,0.412571305610637,0.48765804479635455,0.34541345765503056,-0.28391670358428217,-0.21477659408272248,-0.20173921563220618,-0.30598682824128937,-0.31322119368415413,-0.2650347584397537,-0.33025313792797517,-0.34036940709266283,-0.24081992487760992,-0.23907256718563616,-0.15571215134230648,-0.06572432782881285,-0.0744178430501856,-0.016171926694433885,-0.0833164586877811,-0.1066319278766219,-0.168688163733476,0.005330482764183257,-0.1851948026665274,-0.12343638864758902,-0.22025716817963847,0.0026647757949299945,-0.30392552763195096,-0.12085918578775567,-0.3581373157857065,-0.5490803096792625,0.7101206314170292,-0.45105973748521033,0.7644076582480598,0.5324869208347994,0.7867529820084193,-0.7155322517170709,0.9015408323181255,0.4010936566863505,0.8250004721481002,-0.8028489658361172,1.0,0.25032534176226245,0.4323009766936919,0.539564876327148,0.25418784585427523,0.5581936104441863,-0.24036047069298802,0.5631489586861745,0.23966795736208846,0.6733859031037613,-0.2544868682321844,0.562644035294766,-0.25522002866573995,-0.1115137487617421,-0.0031058594376178195,-0.412377120169809,-0.10218546303988738,-0.05601286312654653,0.07836044688616331,-0.32673240501637946,-0.03649499923919875,-0.05133873534189332,0.0022287617281214977,-0.07674947496275028,-0.09298969548065418,-0.07316787291269794,-0.035815460470740586,-0.06864273028317866,0.0006706174571400698,-0.37052391042592897,0.020372281613359897,0.008489431226874388,-0.4640917343752525,-0.01817895725467609,0.4797620541277315,0.038079210001701065,0.02989485082844338
DELTA_PAKAN_GR/EKOR_rolling_max_14,-0.10360883441928524,0.22731196234967785,0.10638460476281533,-0.06725240344379206,0.17589522991508835,-0.14012177831809416,-0.019085127856052018,0.014842152415152339,0.23549596902794054,0.14657338983479987,0.19457871249445677,0.03676490239485616,-0.1028534121636486,-0.10511012498277165,-0.09193841697081795,0.017319555316731433,0.13799556186006343,-0.10142417943527927,-0.005429920241649544,-0.03209273592054889,-0.014997382781796098,-0.04578469427280021,-0.16594212913741482,0.07309664372368839,0.008287552998826978,0.032399490817652955,0.04338264383082342,0.05298198051092489,-0.006206373712432552,0.12086027189335202,0.15862227270993945,-0.01647208202062025,0.006036183065624198,-0.1165060782097458,0.08409127405148596,0.006036183065624198,0.006036183065624198,0.39049674262112116,0.3363967757920212,0.10695472640235777,0.4422543545024221,0.22380034089537382,0.021264324181891146,-0.018230250705163164,-0.0004595411611667216,0.15640625786271256,-0.026740658951666434,-0.018955556299293134,0.015927593463807867,0.042998578950454634,0.19394139406726604,0.10524120914117427,0.08836599430705108,0.07926567634183075,0.039540829867613356,0.009893325548248856,-0.12063260191184988,-0.12065456936330521,-0.10556665450543909,-0.03748259669249109,0.05737711552175445,0.10244929147614032,0.06266534197664106,0.45270883768384435,0.4783470690465054,0.4864206992199785,0.5687899606778547,0.5390193118410488,0.23413917339813137,0.1823826915545008,0.1782943136820282,0.14298564167920308,0.12951569777906943,0.009061091925799215,0.07881834508864176,0.11454917900103728,0.09919671824803757,-0.031197121999401903,0.11122304863994667,0.08973089379945637,0.03290241168627186,0.07717181265329373,0.1124820279806144,0.03394993187287899,-0.1377688708912748,-0.05233370848235396,-0.11469617826936823,-0.11339661386893143,-0.14843195445665616,-0.15052493183621823,-0.05805769230544338,-0.15941870512466152,-0.09980714229317075,-0.16113477967736226,0.057558684827590065,-0.13148168342767574,-0.09451861495554939,-0.05200650096710788,0.015105422147648144,0.4967620544247872,0.041547724019578326,0.4030047843826496,0.5584177073231501,0.5620002895143914,0.09510733105660858,0.3333527658795303,0.813026633983629,0.6394644756064103,0.08480140078122445,0.25032534176226245,1.0,0.25627308743546956,0.24237574509666127,0.2744623180083078,0.25496753354430246,-0.12951657576814252,0.2713733658968281,0.2565795312603764,0.3128841765771523,-0.13222755063107802,0.24543887671634998,0.027070300175104527,-0.0353086762509046,-0.0023498230668977348,0.015300764795522951,0.01062715509853581,0.040342278326073615,-0.04297209171508265,-0.09232821846935892,0.08648757033367613,0.019767533161739438,-0.012461926934810158,0.01005132049878617,0.007513023205913231,-0.10158213430072946,-0.011338147988401848,-0.015481013536764536,0.0013993087586931972,-0.03091450663190904,-0.018283748824504075,0.0015058822842878433,-0.03215340057656019,-0.024979408600966844,0.0188542840582192,-0.029821116927580806,-0.03059438395123648
DELTA_DG_rolling_mean_3,-0.04553479233252506,0.022892130134522702,0.003358159589521915,-0.06706817626296295,0.14460038954719653,0.09258495675180217,0.06488831673291656,0.1578728544392966,0.21550004221651156,0.22378049656175983,0.17625597422700098,0.07780179175677879,-0.1056640041564808,0.0942534125998631,0.09139965453734172,0.009176620216754043,0.08482023121899566,0.04841591945571859,-0.02322336249987955,-0.009557291106925096,-0.07343476662278463,0.011489797123721576,-0.0716015117841684,0.1590568351942353,0.07594895359529293,-0.09945331152332519,0.03306761820163554,0.0567378554415578,-0.06412836994362328,0.09558133307410373,0.07886613005521509,-0.06474645921609529,-0.099246014158322,-0.07513371850844143,-0.16480308348703798,-0.09978437033156415,-0.099246014158322,0.40610862088057664,0.3489855021557407,0.10358395636519271,0.6112112895167782,0.679632323947821,-0.09718481781375747,-0.3439701044623506,-0.07815045559397346,0.14651645942033398,0.2782953051802489,-0.17425773879870884,-0.09771377520634107,-0.050658661324004005,0.04392261814173015,0.10309570489684476,0.10094279323810497,0.018229013169887284,-0.011202638018590524,0.05584298379449577,-0.06958106557908854,-0.048605198721408276,-0.007418853710203132,0.022216317809100616,-0.05437242533651319,-0.08779790036741947,-0.000853014061813126,0.41197544330692176,0.35227699358130665,0.3068601296797743,0.30717767782558825,0.25601330823612634,0.6976849208634386,0.7128386882965682,0.40844210832476846,0.23357416841507947,0.11228403702364184,-0.1426545829060193,-0.03955433609705364,0.0009890938482519298,0.11913113709025412,-0.1709079115748231,0.13285517795869187,0.07907573234383762,-0.0801806292033916,0.08308970392554213,0.024585622871020753,0.16050546155753279,-0.09027130121865139,0.02269932802784035,-0.10045189299037954,-0.07327689065981259,-0.04090933072343779,-0.03550092858440537,0.009921572814022039,-0.07548896311374689,-0.0886502203988624,-0.17625738038661637,0.05659998721726438,-0.1976161444425881,-0.1504617742812819,-0.25817928293434234,-0.288056399427716,0.453280500608362,-0.1529554933198797,0.4507997834168862,0.40609271511313794,0.40728014080539715,-0.28803265692838464,0.4366280326422034,0.2954708165689623,0.4270138708901075,-0.30098022477635406,0.4323009766936919,0.25627308743546956,1.0,0.79442051449235,0.7507903851452256,0.8053471193648437,-0.14726539131149582,0.6392997544294993,0.49870914249229953,0.7008654836895502,-0.18630160882495755,0.5432480171481618,-0.33224174008527235,-0.021689742517037962,0.016905233981877547,-0.16544139471345462,-0.010035706816218315,-0.08197639627652964,0.0565294585325274,-0.1533422238147723,-0.036388301930551877,-0.05001066776086917,0.014549664919978129,0.029573865856801267,-0.11508896316994156,-0.09485854456596768,-0.040698557520636905,0.008910626117943195,-0.01306263542964798,-0.1856239393895173,0.02002407492107289,-0.003331165881014606,-0.17897119166394349,0.018214558048820825,0.1740584674089464,0.009403130423862453,0.0102113153467876
DELTA_DG_rolling_min_3,-0.1842187679357862,0.08046897899569289,-0.07365781143453773,-0.21298837283474958,0.009433858318221185,0.05261172742284164,-0.06426479611908531,0.011322531100593102,0.08174775360296295,0.14747026453248538,0.04499625061210211,-0.055331047541675754,-0.19640312406631963,-0.012756138379301377,-0.06677897999541899,-0.11679956461668616,-0.042025933311970236,-0.1514027412767081,-0.046544121268982164,-0.13935416996791983,-0.07789655613810655,-0.1172943057944048,-0.21925437797898129,0.0493636754487111,-0.025236601705553585,-0.09718643194731406,-0.07228023775794981,0.03385144203945916,-0.179165238700705,0.04948639401007623,-0.11101225092001404,-0.1791047892414376,-0.2657108897462058,-0.1402249701778467,-0.3072384487370305,-0.26609525589138866,-0.2657108897462058,0.4286070708315571,0.47384852712495606,-0.06685436079669642,0.6335997530313161,0.5928770582928029,-0.2651418560675833,-0.33212613852303685,-0.250469950953433,0.005501130485243335,0.4812696477034844,-0.3505970325215113,-0.2895683745793336,-0.2093197730269946,-0.10744362159256662,-0.08301601477113643,-0.08369035688392702,-0.13444672910288338,-0.15021484393535456,-0.08890738376108571,-0.10287502254819356,-0.08511503829209649,-0.022186540199612026,0.06109996779644755,0.07542818455422634,-0.2212194987197865,-0.10828079725692732,0.4189525258556626,0.38648937443694187,0.3488160596380358,0.36199702769914505,0.3050985919000917,0.5741541560461202,0.5891030586808579,0.41147400015074287,0.3650089682883127,0.1932638405119133,-0.220376831874377,-0.19782791443032183,-0.16212503260330519,-0.07576929918726905,-0.541750322298756,0.009946961568913353,-0.1579127387775603,-0.3817611389238107,-0.03812973674661,-0.22487457267578986,0.05309844296276693,-0.14290642148419583,-0.014890043927317659,-0.14378142140163613,-0.13779714761671777,-0.1203804816784899,-0.06106219262244427,-0.055269424868263965,-0.1500823890798102,-0.10150378660882341,-0.1500934001607521,-0.016409637868686353,-0.2255746679944362,-0.20860681316486526,-0.35604338312214656,-0.45659617645271744,0.46984129549745535,-0.2031706622056626,0.48436271916493884,0.4229247522240885,0.45628051711910383,-0.3833576922990372,0.5143984620346664,0.3465448554949231,0.48367153564122434,-0.41744206966650704,0.539564876327148,0.24237574509666127,0.79442051449235,1.0,0.3438233856733864,0.7549797714244779,-0.5188259826902715,0.8514165073001402,0.17449166357324544,0.7243560515839318,-0.5157299986147399,0.7706794968916433,-0.39761621817182174,-0.09680793983131306,0.01647414174828426,-0.24289436424798072,-0.10931018424796833,-0.050608991833665434,0.060260131717713744,-0.5519903311329739,-0.014013341885156683,-0.07143888345394513,0.007063042563061417,-0.041877017834216,-0.1286242622481607,-0.1627102357829641,-0.053970973978917106,-0.03144685555518692,-0.0006935599139994956,-0.5297355874042184,0.01720632793211972,-0.006911217308517029,-0.2461284674392524,-0.029782407638282368,0.3505167663079137,-0.05625932484230684,-0.061536795875265185
DELTA_DG_rolling_max_3,0.1186337842490324,-0.0031833885408779753,0.03216457210609256,0.05966066526889298,0.20925325710471374,0.07079654337687864,0.14278650479371613,0.26742639615226094,0.2662836751750207,0.21162605589298103,0.23397782478424822,0.16883372912257216,-0.003380990511960776,0.16255376006963423,0.17207297849293018,0.0727231362110146,0.19285482370710788,0.21053210956875373,-0.024529953433597238,0.14241423935746783,-0.06050103042139927,0.06318604691433052,0.0895070368305701,0.16205171862493198,0.14900666622790534,-0.05980255989305294,0.07924605353374017,0.06212084191327298,0.05071530930612609,0.1402818294485804,0.2123792282334711,0.04259371186993189,0.06884566049790385,-0.004666897504298026,-0.01621000399103268,0.06885963433130692,0.06884566049790385,0.28386647652089164,0.17060437729334124,0.21378080549162123,0.4712938712079557,0.5478029133446609,0.07432877774321808,-0.24384058274506132,0.08854368706152438,0.24188489021617637,-0.01107615712407738,0.014224644761082778,0.07482604089345066,0.08514099261359614,0.16571559983172457,0.22226808029039097,0.2226872017662587,0.14889186032292814,0.14790197867961877,0.16500952614711734,0.020760582042888852,0.03719223014063722,0.014303955915244042,-0.029450258975279926,-0.1656454247758912,0.03527853188357784,0.04879817409140586,0.30170497576142613,0.23305475786737964,0.20678141468965885,0.17896362154857823,0.1862727720900935,0.5738999986300094,0.5979071149299039,0.32406837301996827,0.12936598987818793,0.05443882612798155,-0.014349207844927669,0.1142994098453283,0.14186807979499713,0.23793938563256337,0.28590684212340634,0.1830581133372022,0.2739393747276817,0.24731650683167355,0.16257323827645637,0.25346395600336413,0.20039974411232644,0.006773509567955605,0.07453598932991724,-0.0009213271941459787,0.04258313923356557,0.016872586982897824,-0.08818257431743416,0.08948967039096067,-0.04397916631000788,-0.0731282055905077,-0.22560063798393792,0.11818668982063296,-0.17556481726172013,-0.028161738771009002,-0.09686790376691862,-0.06508203038478477,0.32294346669759516,-0.1054871219363222,0.30768564843537616,0.28309635812662826,0.2899350651155521,-0.16464438509155827,0.2889584281916623,0.20593649764224153,0.3121127388181982,-0.13848868593228517,0.25418784585427523,0.2744623180083078,0.7507903851452256,0.3438233856733864,1.0,0.5732836330149602,0.2991328105901816,0.2251505624172299,0.7203686175250499,0.505491207895711,0.2218967065156007,0.15222987406595884,-0.1403401309661569,0.08240924410620534,-0.00749483771235733,-0.07352946946640629,0.11482145303176901,-0.061335716879364996,0.08791903737830002,0.3335916469261096,-0.06638937816843256,-0.0568835626855806,0.005418806862009504,0.09581853513620774,-0.11163920093283526,-0.015609655502954527,-0.055729591906132726,0.06235460678793593,-0.0026049339777266776,0.23835950267371261,0.060697885322176716,-0.014152337985405543,-0.12834610254895204,0.08139297328220339,-0.014387015661835164,0.0009290184270574909,0.01138608508690802
DELTA_DG_rolling_mean_7,-0.18265000427335953,0.05836274629126268,-0.03643289776038557,-0.19014868164523868,0.06410767668304415,0.0608558574820065,0.006378090371458284,0.001613921476307244,0.10920716023664902,0.06353461198695,0.1091825278515696,0.003751581021679337,-0.16822714756054571,-0.009085780162914855,0.04306247419504833,-0.018952100235033353,0.027368930449974516,-0.02369378006151525,-0.033527335043723155,-0.044549192299912374,-0.10037990121078211,-0.11595177080426249,-0.18915018875483683,0.15546693499112285,0.04690609194185157,-0.07534228137503556,-0.11210115794271504,0.042922348240531975,-0.2179627713877723,0.13957868283633093,-0.04529942000469562,-0.2138325411395893,-0.23353338736526422,-0.016715830283070887,-0.29318343587512646,-0.23343583177227298,-0.23353338736526422,0.43476115070714266,0.49762406227517497,-0.08012827665618169,0.7240611030304819,0.5499110132639996,-0.23546520251438752,-0.3712611251340362,-0.21799103139463374,0.029551365371388905,0.3635917376094524,-0.3224037982204741,-0.2417557519613354,-0.16588784765332135,-0.05599758340710754,-0.06428619518136651,-0.07096033951449174,-0.0752960439035463,-0.10445625392960273,0.017920014161654577,-0.012607079808362419,-0.022266170152439185,-0.0005735149940776672,0.1433582669392675,0.019045498450363504,-0.21722893917823696,-0.09057885787099515,0.45975368946725875,0.44165191548735017,0.4329826212227938,0.327938235216723,0.26680446524364765,0.6173091927537426,0.621166564952226,0.6240547437203233,0.4065420686399679,0.24099478864387622,-0.2776696678149702,-0.18044061665314864,-0.10884139204696766,-0.058332855461415534,-0.2363720146595432,-0.038211069657492554,-0.09359137199317549,-0.3119105153381927,-0.0016427719709177478,-0.16224179005381825,0.10089998972229289,-0.03327971882341241,0.03820155820781456,-0.052766826850997095,-0.03251834822807754,-0.0240828802493677,-0.03481811896337393,0.041162732372216036,-0.06949207098438677,-0.0312776066283588,-0.1814616192790914,0.13757744915362657,-0.19929248032610478,-0.08617868685980815,-0.30427069209715174,-0.3932091076593269,0.5238285835919758,-0.24202686299979095,0.5295899241381551,0.4485471762363048,0.5199586841342546,-0.35198515274357595,0.5453692443520924,0.39232082024638637,0.5163322493445114,-0.4008173715883629,0.5581936104441863,0.25496753354430246,0.8053471193648437,0.7549797714244779,0.5732836330149602,1.0,-0.19799277089457148,0.7674524089914568,0.514947851079993,0.857677663900821,-0.23265571348842018,0.6662623576375629,-0.30134390898041885,-0.10456213102967353,0.012287247992186539,-0.23434289420620588,-0.13740040889121435,-0.11363076285793597,0.05713740647117069,-0.19353971658534,-0.0808778328389083,-0.0574038047060657,0.004245209741139233,0.03554591317180416,-0.08720592520377793,-0.03813812400293509,-0.0464088440753435,0.023378469126169605,-0.04412675791473049,-0.2644400544645,0.008966662200454062,0.002127964123580901,-0.2554567807508092,-0.04328080127369935,0.322466775997662,-0.015408281850976915,-0.022905552451103393
DELTA_DG_rolling_std_7,0.30544058150041786,-0.021524994160437936,0.13475597808365525,0.2946579535394306,0.14614947693176158,0.11255104372858038,0.266823303443465,0.22160330615742788,0.1578662579027503,0.03394732523372541,0.13644805663986573,0.2804452047987608,0.2629342828565174,0.2819789238310075,0.31429163874281163,0.22964590666895146,0.2152240727174304,0.44386171822700243,0.16043710794506488,0.410373193631014,0.0176436895441967,0.18433453765396401,0.32578301386007474,0.15520661107752748,0.2531083429808322,0.09021062751138446,0.21382894684295858,0.013661697356557666,0.21488292606619383,0.18430786022069728,0.355922821966506,0.15409119992563908,0.31048127887660854,0.28995367655721993,0.285492451335235,0.3107728459656551,0.31048127887660854,-0.21178857415207883,-0.30461905660420163,0.2165804735378178,-0.26484652641720013,-0.1253787984190381,0.29908443589593725,0.20391441942204064,0.317834126134458,0.16578008770545577,-0.5246594795153163,0.350412586743004,0.36141015952643785,0.3593837482874966,0.3039145289087044,0.23164331674199035,0.24107103131912977,0.2555971010159242,0.34673868020932064,0.2903506654517296,0.2579724689817033,0.22748461631316796,0.1794498491081682,-0.008669490863868392,-0.2773601142123566,0.24045506079507586,0.20043339042315894,-0.18947727970842573,-0.19924121146907195,-0.18551737633672213,-0.18125113133106305,-0.25045431572542387,-0.09392921439880657,-0.07682345456397707,-0.05606519191030631,-0.10391267660519997,-0.22479080170665852,0.1134337734918781,0.17921586930085454,0.23320012348942729,0.24208982807379525,0.687200858997691,0.13947840329986938,0.3307197464903479,0.5830885855893715,0.18083993936419207,0.4027535200897461,0.20697338867138595,0.2998905463517772,0.11999569222253045,0.2979622603878126,0.29102271353951237,0.27564168548015006,0.0712609562346519,0.276832474282913,0.2329881368145982,0.12591695165352465,-0.05190025386782646,0.21921475529678855,0.08183523152751175,0.31484524144960996,0.3223276281691941,0.35951088310144597,-0.20718802766372996,0.1538020476804501,-0.22247868531726445,-0.2029818605518722,-0.2057041304721968,0.24769903366023052,-0.2259138674330376,-0.22580784251138916,-0.2080867910941787,0.29425010477041064,-0.24036047069298802,-0.12951657576814252,-0.14726539131149582,-0.5188259826902715,0.2991328105901816,-0.19799277089457148,1.0,-0.6426874769430804,0.5308717601787486,-0.2620713970419885,0.9177571614089693,-0.6538643712475135,0.27005519509083165,0.103235949521225,0.04153233433419897,0.18641106385029346,0.0999136266158551,-0.032385481157957835,0.08028182599952553,0.7857886452870012,-0.08157898194280191,0.018049975307349173,0.0028345565927880016,0.18323514064101215,0.02817384839884103,0.29181867814479834,0.0012334446878184244,0.13292704824782364,0.006506279223175953,0.6088544623403939,-0.007004022084482567,0.061533210865149776,0.12517725903776503,0.015896137576138173,-0.3504508049764612,0.09514797710152155,0.1003591857912135
DELTA_DG_rolling_min_7,-0.265758267016957,0.06514237517384962,-0.04102386555452915,-0.2379031704205185,-0.038801456212179654,0.02540794080061433,-0.12002607683480124,-0.0751783122171741,0.010492890489196476,0.015391375313323786,0.036369901892227254,-0.08274560043492941,-0.20850821248411208,-0.10926149298841022,-0.056724507731799954,-0.08416595008844542,-0.11024672477963948,-0.2081465732119398,-0.12163275638120402,-0.20461816763306115,-0.061950427535617796,-0.1925372653817069,-0.2739893058902963,0.07040188826297711,-0.019659961292242893,-0.04906035920572125,-0.16509882594029332,0.0735479756956031,-0.23933118430195807,0.03327389143879682,-0.16461240199967817,-0.2528520723884124,-0.4128587739189025,-0.10520368387033104,-0.43660194669227337,-0.4125528687528552,-0.4128587739189025,0.40708004586747887,0.5703621416414529,-0.258216788006438,0.6066654019436017,0.4630386953841376,-0.41356181912508155,-0.29153188392691354,-0.40078767777240254,-0.17066395666409115,0.513913498885681,-0.48243927074025866,-0.4262800001534154,-0.3264834772739022,-0.21419897260925524,-0.2683748837600445,-0.26891355106202913,-0.27727505106967265,-0.29565633420306403,-0.14828918696265878,-0.06660003436062707,-0.04942965468426899,0.0020054979071346558,0.14414868097098626,0.1932876790792815,-0.3531855668944134,-0.1997759790699549,0.4439144372786003,0.4524732451139713,0.4361921544727718,0.413294603898352,0.35172453994708347,0.47341831076142793,0.4946834686320222,0.4825682717151507,0.4425770308930142,0.31660303093335457,-0.327803619142803,-0.3341661379187756,-0.30374793540668577,-0.26806538635693156,-0.5608172241546642,-0.19152816664574202,-0.33822742728060595,-0.624239289489059,-0.16499549423075713,-0.44961569429424325,-0.06900116553449845,-0.09653330955915583,0.009709139128689094,-0.11265282134266678,-0.09793466163482557,-0.08485882544687465,-0.05144025739833123,-0.009899822798778962,-0.13222699151428338,-0.034001235233665536,-0.1393302638324655,0.08623402031155826,-0.1917004622241657,-0.16976958263053596,-0.388544583259205,-0.5652566204970011,0.4962038120110971,-0.1706548839381461,0.4959308138414757,0.45816705535905955,0.5119615262229147,-0.3219743537558638,0.5386845232466758,0.4302805624150777,0.5179335218997455,-0.3982524558841128,0.5631489586861745,0.2713733658968281,0.6392997544294993,0.8514165073001402,0.2251505624172299,0.7674524089914568,-0.6426874769430804,1.0,0.0913413532190468,0.7625932537353395,-0.6107025869861258,0.9249162674435158,-0.393733324503857,-0.19131851385520254,-0.006912850908150826,-0.20812967167943056,-0.23377719208383954,-0.06707645106898906,0.06462688929651042,-0.5766259388348766,-0.04335437601683664,-0.08177048227464799,0.008092282569494347,-0.011892110679734233,-0.14776832660430264,-0.12831238685573726,-0.06541241429727689,-0.006432539433897079,-0.008047059033167232,-0.56905261786703,-0.024666979557439503,-0.0259914816351588,-0.1825748219778022,-0.09230276844976433,0.4823776090633722,-0.07419991351770297,-0.07704228777493835
DELTA_DG_rolling_max_7,0.03987694695552867,0.08338633345908868,0.04846133693127423,0.05886416395794326,0.17027708421251067,0.0022078236018932946,0.1523812639303746,0.08540169046235553,0.1843819511507484,0.058079069007205344,0.1908073395056032,0.13686712285096966,0.0009497579352070669,0.17122318133759254,0.2020918570484811,0.11941954410307441,0.11886738945513826,0.2478053141587077,-0.005530706512000212,0.1792678902419951,-0.08727833512335179,0.0008405265479203537,0.03295872943867448,0.1797994677218125,0.1387612441726619,-0.02464356477397011,0.051033398796620326,-0.008008775064853304,-0.01513370172680817,0.21488844126223675,0.2192163953632213,-0.031260936846409015,0.09493243937220366,0.0266188754024115,-0.013220207408365103,0.09493243937220366,0.09493243937220366,0.22311022492053648,0.16269464665086,0.18917815513691494,0.4117817429184211,0.3743019806352619,0.09264932851622876,-0.1720662888179507,0.09763223404530182,0.23383316321686853,-0.14714630181775232,0.05838866303021146,0.10359114748619855,0.16939261201916303,0.23964236941756747,0.1854076571038428,0.17427251060677268,0.16475999106197683,0.19416071680474925,0.2550076326922188,0.056792790016600994,0.07227038593839795,0.09241845786283509,0.0441863281743637,-0.24012233235299668,-0.0055144561788557445,0.040565066280387314,0.23505461336142042,0.19291263171212664,0.17893987563349936,0.21720794021406745,0.1381176628803937,0.37633604772692736,0.3729605898401424,0.3722174825130259,0.22406903659702385,0.04510570127117565,-0.03398225475143896,0.1086194462497603,0.17042043622831446,0.2030983617430673,0.30276793804633567,0.13955878465681038,0.2481251144308419,0.24069239917898685,0.1323426641495541,0.265283765953825,0.1925841816203265,0.05451199581121489,0.014153468151626153,0.07502958501954148,0.05167470948301536,0.09006744115323669,-0.04123518201168413,0.17958076615335905,0.03516800262797977,-0.03794477454792315,-0.24734504035620078,0.22419428640118222,-0.1774400750606661,0.04288878956225811,0.034709896684185726,-0.013834820111679432,0.2623287194575799,-0.15467334206457536,0.25380137518739937,0.22286998538972858,0.2749386364413607,-0.13022535242371916,0.250400670325853,0.20835755156850128,0.2948786456511352,-0.10560817320349004,0.23966795736208846,0.2565795312603764,0.49870914249229953,0.17449166357324544,0.7203686175250499,0.514947851079993,0.5308717601787486,0.0913413532190468,1.0,0.39521665103664544,0.4565943190288417,0.0014913632152572295,-0.01594080983586718,0.07354086090341491,0.004257500541155789,-0.11184056514962688,0.0891971211517466,-0.014282400692413835,0.05325345467673294,0.36830345734938774,-0.002340516934563167,-0.05308478056655175,-0.003185699257627547,0.059943817596008336,-0.08994578855864906,0.023640255044711796,-0.05612450457695968,-0.0020116755736013206,0.011686655221316268,0.2570710183434135,0.06215004126867877,0.0200504842599207,-0.16313622501410951,0.08247212894503296,-0.05841684077522098,7.223902724714653e-05,0.0029728014584779012
DELTA_DG_rolling_mean_14,-0.19886216464627748,0.15251173105396498,-0.13505848247866964,-0.23435350616475586,-0.042720791490770564,-0.049193171543146307,-0.051105350677807575,-0.07679972835942549,0.06718173953747036,0.016976830496794482,0.06295605546433258,-0.08828385925558833,-0.22960111156630977,-0.12100847024037913,-0.08506523827176869,-0.04756429345880646,-0.06662536252691799,-0.15306183027758552,-0.03053951471917429,-0.060987342048103806,-0.15508778617037325,-0.25009128354981697,-0.26584748595733104,0.11223754438317324,-0.0106250619536785,-0.053341969234673735,-0.21525369884390483,0.05999824363114448,-0.270746533669893,0.12300916430921623,-0.1610777082112547,-0.25516892868860985,-0.3997702778256154,0.020103565773947035,-0.4187544881070466,-0.3996855917235295,-0.3997702778256154,0.43039601586171533,0.6446739375623607,-0.24817317397131403,0.8318184145490558,0.5275571123576198,-0.3932558798208572,-0.3967445430449729,-0.3850433453930645,-0.10069368985942105,0.4321371376771613,-0.4933838516853819,-0.4330573350541484,-0.3664923400254759,-0.24508818965310422,-0.24725015308363327,-0.25053677726535484,-0.25413397387296216,-0.23965919200050245,-0.14930836517432874,0.03771776384364936,0.039298886839318946,0.06522581720105627,0.15095218074295824,0.1639782625139378,-0.36198987897311885,-0.26337341147680965,0.4801426610274878,0.4813629955233327,0.4765976230599836,0.4390871812194962,0.33911903737249577,0.5590860114424486,0.5680614554375173,0.5701786234021181,0.5666013385553988,0.39225742585222634,-0.3308104010896978,-0.3243021622464214,-0.2782593614263469,-0.24387020244296567,-0.2593482276449545,-0.22423585803164695,-0.2662406313986571,-0.3361647328286797,-0.18489939310662082,-0.30727585546479247,-0.03197889385262707,0.02576736395470063,0.014774576821422615,0.01827594826407277,0.012363515345857945,0.011664021752401927,-0.07664093767053444,0.08359879927297091,-0.0768192673272678,0.030499314869482732,-0.18610233930054443,0.19239898070371708,-0.19236147755085622,-0.044319953372758514,-0.2588870431210587,-0.4427052256163986,0.540007777816767,-0.30288510783394396,0.5705860676662045,0.4382039682732941,0.5819035061691122,-0.4459928507144758,0.6290085092055554,0.41843306534817765,0.6201200145716961,-0.5067922406791999,0.6733859031037613,0.3128841765771523,0.7008654836895502,0.7243560515839318,0.505491207895711,0.857677663900821,-0.2620713970419885,0.7625932537353395,0.39521665103664544,1.0,-0.29026000093897136,0.7484550189365937,-0.41875142451451963,-0.1604354179409359,-0.009817083627478664,-0.2858497419999567,-0.1957410880996262,-0.06073031557509753,0.08630911897039689,-0.2664996927708361,-0.029405078250391643,-0.06800815349208815,0.006523354458367397,0.007500406200743564,-0.11831742661775102,-0.002137079494089495,-0.05638560519921433,0.00019315979064486686,0.011527494931222196,-0.3096635815017631,-0.021747457549390344,-0.018441020194244963,-0.31672836190391396,-0.08097025959836565,0.49345452191307376,-0.11145012744806695,-0.11325666891114262
DELTA_DG_rolling_std_14,0.28969760431122793,-0.005141904794559078,0.11648234895882875,0.2699206867008854,0.10694929914179166,0.08385923530243428,0.2395320627128748,0.14407450293558535,0.08976074940293127,-0.006390466095678249,0.11463679788021847,0.269141546952733,0.25819027517583387,0.24805786159608936,0.2609305420417698,0.2377161711247579,0.1452626891382977,0.43445366047691,0.08334470183597265,0.38445667860100086,0.00799212770931486,0.18704068845647467,0.3225339329729402,0.1476037817653216,0.20289447251925055,0.056668354510449805,0.2097587060803963,-0.0036650274537180405,0.17568725636257612,0.17248796403120764,0.3569876573121271,0.18484223836216612,0.28483139074935754,0.26632758654159094,0.2783062419921571,0.28516261839732376,0.28483139074935754,-0.22817048356400066,-0.30830444906315807,0.18282244078116636,-0.30425840700188744,-0.16865606794656102,0.2669869031904785,0.215696103904332,0.29089431142073285,0.12797406697390587,-0.5814548137663894,0.33143093990484984,0.33603214167902057,0.3344004105180189,0.2902662396384531,0.19680124076413505,0.20692452650717943,0.223305502317471,0.2869785471544562,0.35314826852275494,0.2416833433830612,0.2280103025930037,0.19537729583396612,0.09496280828435003,-0.23678151142204373,0.21100189849101433,0.1742735711829913,-0.2112867267080797,-0.2145246651562077,-0.2064940970306582,-0.20007025402123887,-0.19222844235405034,-0.13244080182446308,-0.11097899984928576,-0.07621382152748572,-0.10564171247456414,-0.12742283712747074,0.13474701256656565,0.1596460120238267,0.18375510268428685,0.20752428568272763,0.6456440621550324,0.10712843860981455,0.294342526522957,0.5426595443448857,0.1257537949392054,0.3427341977099841,0.15422480715123052,0.28676429205255566,0.09824697849591447,0.28335071763501307,0.27774983156694744,0.3054417691349132,0.07706689761892467,0.3053012378590744,0.2566378220544901,0.1900467942674726,-0.00613090271673473,0.261190229406696,0.13062012744174034,0.2941973068179917,0.3505598807447044,0.40025364772853145,-0.2345003740492854,0.2366529865020587,-0.2581202330985174,-0.20451584736947837,-0.24582217923537625,0.31022753833459243,-0.26962564954093954,-0.24215604149670394,-0.22897566481705697,0.33036771789265923,-0.2544868682321844,-0.13222755063107802,-0.18630160882495755,-0.5157299986147399,0.2218967065156007,-0.23265571348842018,0.9177571614089693,-0.6107025869861258,0.4565943190288417,-0.29026000093897136,1.0,-0.6662487190954891,0.2651034265840372,0.09469535578423853,0.049281969757535675,0.25074491184336367,0.08865077120364057,-0.02567905847891527,0.08674181441396854,0.7147904297711299,-0.07293052668002688,0.017243858621582207,0.005034458185444263,0.15187931634452825,0.012175180080193006,0.26819505993857407,-0.0007079469358281786,0.11313256375635365,0.016318509784039363,0.5714856267425944,-0.009316708529192206,0.07302987465895365,0.20087992547438147,0.018268968737179304,-0.3315298671216656,0.10831756229535154,0.11539638466166025
DELTA_DG_rolling_min_14,-0.276767712827102,0.07089475300010949,-0.0623486374627534,-0.24154527387797214,-0.0882015722229884,-0.04130153493719646,-0.13784386438335408,-0.15298336097953766,-0.04283212040632214,-0.03947460096709775,-0.004439908423608545,-0.10886039758618214,-0.2643994812276595,-0.20073928287166923,-0.1075084278890437,-0.06667897642678676,-0.17663738660910544,-0.28233380092354643,-0.12805622147562845,-0.22666149223598359,-0.13194703452258003,-0.2776120205703486,-0.3307875422166692,-0.01846490645682256,-0.03172547456096951,-0.023957206674400204,-0.21078634465991625,0.08150256642668002,-0.2657468994944884,-0.018806656056422493,-0.24191745996345773,-0.3009463689673306,-0.5567540416121323,-0.073847192451219,-0.5354863915762154,-0.5564092842168828,-0.5567540416121323,0.3650879794689327,0.6410956934415228,-0.4281657436143714,0.5369809609934768,0.38812964840031994,-0.5447111610110992,-0.2752395886142784,-0.5470329802870394,-0.3416770832650533,0.4995541385461759,-0.6149655543248772,-0.5704612955953106,-0.45998940570659,-0.3497310369981545,-0.4368099211531754,-0.4342614176882149,-0.44325398927290977,-0.4408856298978789,-0.2965202800317536,-0.012010093861247101,0.024661508423247207,0.0751987686766694,0.21234044705100377,0.3302400942270508,-0.4756176393550565,-0.33229898532128327,0.41326540920889554,0.43231546819277633,0.4271312296803481,0.45552426614595193,0.41439244404018877,0.4034830318151529,0.45415554279968695,0.44682341538077786,0.5156233491868963,0.42607535376204964,-0.38248613596648257,-0.46016106605769874,-0.46969164009100917,-0.44061462554216047,-0.5660784281411326,-0.3690549261371793,-0.503116156618199,-0.6443802609193884,-0.34709705705804617,-0.5975108512495018,-0.21321784907764266,-0.03603649213549834,0.008520270866529277,-0.054266130047148996,-0.04645838152098759,-0.009213979276232227,-0.0051609521524342925,0.03494356271302797,-0.06432237843892416,0.07305219919269282,-0.0434607816280364,0.1565051958603885,-0.08939085682078422,-0.12660637982246223,-0.33783154236370105,-0.5892105455773743,0.4543912875892462,-0.19696648762773863,0.47340196916709776,0.40690124745142375,0.4828708339277388,-0.3092461593081791,0.5128904863270458,0.4003916911259083,0.5019938671642663,-0.37905291206096425,0.562644035294766,0.24543887671634998,0.5432480171481618,0.7706794968916433,0.15222987406595884,0.6662623576375629,-0.6538643712475135,0.9249162674435158,0.0014913632152572295,0.7484550189365937,-0.6662487190954891,1.0,-0.4669259274262758,-0.24546111804352447,-0.024352789309769935,-0.20685860833898942,-0.2952072912772495,-0.06157844732084146,0.07373000756676365,-0.5905488235121138,-0.039222696564443084,-0.10394953335560381,0.007226664586833895,0.00035052862339304976,-0.19141573407751417,-0.09707105341460777,-0.08987563290554988,-0.004763098160354102,0.0029944641224773313,-0.5943853602356248,-0.04746998712119965,-0.03958534469303186,-0.1985585585939625,-0.11303521381317819,0.6149887766168135,-0.11133749697930904,-0.1146307086720289
PAKAN_DG_RATIO,-0.014217032170522196,-0.06526170497091867,0.20147094702653312,0.0012835430072980802,0.21887919653515428,0.22936065688667664,0.03734946360976966,0.36293272894876016,0.18135815855371698,0.21001946438458025,0.1641985576790049,0.1354413376803116,0.21183732462846347,0.2731335438873732,0.13719155402761107,-0.03272193857660308,0.24665048233809328,0.1955291612682109,0.13159838703307178,0.13706612313153657,0.23785252257492998,0.15134202454849188,0.16797883149386367,0.22772082496364768,0.15717016102619857,0.06483108996646388,0.2530744028012897,0.11167295560794484,0.2527833509021781,0.11864048520891932,0.3461751921395033,0.10245798639236656,0.6354446524986812,-0.05915686358861225,0.5300939646742093,0.635924879708179,0.6354446524986812,-0.048303078456995704,-0.510404135089085,0.41254543173520186,-0.20550018298706482,-0.5727988963330207,0.6095595483581651,0.14816586277158986,0.6320823856578792,0.4977807282089102,-0.21163674130226307,0.6233578343861039,0.6368839660598647,0.6164604702173154,0.5784952979354355,0.5732851951954735,0.5919933545672714,0.5980835498280231,0.6070712107909393,0.5203510533287099,-0.07764897011717242,-0.1402218912452661,-0.19131376161499497,-0.2613458794000496,-0.43492069330207656,0.5593705092736057,0.5383101906592742,-0.0942763923686064,-0.13270174339211976,-0.10820626101738434,-0.11426980446418343,-0.2621990677440954,-0.08034262809544489,-0.11288647005850554,-0.14926125795228243,-0.3291308993169903,-0.4955482450719343,0.3179039414342338,0.42549628392126176,0.5526052035008395,0.5300588072752268,0.08237440931660249,0.5340417190847819,0.5292578651190465,0.15996759899986066,0.5583759155580069,0.3047122999622122,0.48623278228395367,-0.09667849792649705,-0.09012770969099394,-0.07465057972186315,-0.0943029316647065,-0.15798508408824666,-0.08825883166912867,-0.15486426878271406,-0.1140613520339919,-0.26368439368843694,-0.17058482434089894,-0.2306335512260511,-0.15247356587194116,-0.012459590743312736,0.0720021137360235,0.3225597811061056,-0.08967534644446354,0.14437907639433167,-0.140077382564833,-0.04151295128688784,-0.10120542798226743,0.2373128755692851,-0.18568074898547307,0.029358253429498517,-0.12682705417994197,0.2587393110035029,-0.25522002866573995,0.027070300175104527,-0.33224174008527235,-0.39761621817182174,-0.1403401309661569,-0.30134390898041885,0.27005519509083165,-0.393733324503857,-0.01594080983586718,-0.41875142451451963,0.2651034265840372,-0.4669259274262758,1.0,0.2137354942700313,0.04811194245660914,0.10811079798906895,0.2758591574442295,-0.4074265256510466,-0.2750425409123788,0.2418405871320164,-0.4574126121776425,0.058341870113132556,-0.0331765372486809,-0.059128722329478516,0.1645998592046784,-0.03648778521782256,0.04500840549880717,-0.05916963585451748,-0.46851455464792274,0.10913025854620124,0.07137254034658302,0.05726057659256171,0.1260035629049725,0.11037464689081689,-0.6232868700427914,0.1594116359413121,0.16549199512992563
PAKAN_ACT_GR/EK_momentum_1,0.16063537671358782,-0.09413077573612437,-0.07939297516555721,0.0998249773068798,0.08444417695230916,-0.09680343178979106,0.04927330956847405,0.12514334956483134,-0.057501700363810394,0.02001933955265342,0.04632202930610935,0.00864730380310163,0.08910807539367466,0.047882518046870465,-0.03982817046686282,-0.019172277866599335,0.10602710317914879,0.03254914254145419,0.004972739916031896,0.06965472695665198,-0.07521909094392644,0.14682124756823758,0.044116295583330384,-0.05234218349778533,-0.01645388430443683,-0.05046941987332109,0.09682284568093565,-0.08701032450100316,0.03194705395857047,-0.0050956217310351845,0.05637531630125456,0.14955680440165467,0.22147191045563533,-0.06064767451323474,0.22289515334283674,0.22137528493259218,0.22147191045563533,0.27345990408768106,-0.17688422004607834,0.2550979531906904,-0.01656229641927341,-0.001713610779048695,0.2275528767058167,-0.016720418987341744,0.21651118529307814,0.23762535314806252,-0.1711056643753837,0.1940380146940541,0.19423438482965125,0.12758944564912159,0.12153074644348688,0.2694315766269321,0.22846708003905705,0.17335206546034096,0.16443790358336796,0.10432596217986935,-0.11574392522968177,-0.1608370860074879,-0.0928133701494157,-0.15792956229731198,-0.11403878470153095,0.21413087586887355,0.13421498086265565,-0.2422365228504138,-0.22846797944647373,-0.16073088024106777,-0.1975064092453711,-0.09511516667940544,0.01661053603149111,-0.05843180256995298,-0.22928529304129605,-0.23360378180245037,-0.15577624093738593,0.602130444434227,0.35723611577864867,0.2783710111800893,0.2579865014418421,0.1602511373195378,0.2431462863240209,0.27003969799743527,0.28850667881122777,0.19185033188904635,0.33132672138769814,0.08954248827637101,-0.1223878778206949,-0.0705659798173282,-0.1257670296185197,-0.1300474233321888,-0.1074944837284445,-0.05634552725769826,-0.10028753133300589,-0.09623837919114361,-0.10478634888707823,0.032372939744246716,-0.15020091417267709,0.0019903121463827,-0.06204499480130673,0.055722576723238465,0.23001043292855675,-0.033454712139059185,-0.06870623941613441,-0.012364628239197468,-0.08076976852250749,-0.08010441186609474,-0.03890318078311805,-0.05742801154590242,-0.08810081932741833,-0.1044117419389758,0.023209667423132224,-0.1115137487617421,-0.0353086762509046,-0.021689742517037962,-0.09680793983131306,0.08240924410620534,-0.10456213102967353,0.103235949521225,-0.19131851385520254,0.07354086090341491,-0.1604354179409359,0.09469535578423853,-0.24546111804352447,0.2137354942700313,1.0,0.5648406197745441,-0.0007575331872990478,0.6362790734153378,0.0315015392572726,-0.11700091836800083,0.10915896648052359,0.0992035230825896,0.07270943260808724,-2.025306694406905e-05,-0.07261171892548496,0.1213393243239265,-0.05126617929264991,0.08309391901802812,-0.08965995632200705,-0.0035547978643412194,0.1990954666428697,0.8394742137127659,0.47636662705934085,-0.03715248369316426,0.5701563252095951,-0.1938972184557132,-0.01667353564672744,-0.026023538617930626
PAKAN_ACT_GR/EK_acceleration,0.06063118120763294,-0.03067729085505234,-0.011632669164225756,0.1675519236965263,0.0036003883974648873,-0.05736028423096853,0.09582848569106003,0.09214302505721957,-0.06113686651118887,-0.015870641597346906,-0.06025729684316801,-0.004659739445090972,0.04559762447336334,-0.015875000617617336,0.09169931338351524,0.013849033829729348,-0.07389126054345319,-0.06851243955777828,0.02701286588632333,0.02613036911476224,-0.012021508270400239,0.0249994267758115,0.02627975562364161,0.12695621659567682,0.03513267142281654,-0.02643474029224798,0.03880537607276546,-0.028816702360947497,-0.022485077000121246,-0.002872162688428685,0.02874564689382368,-0.003310046141047375,0.025560934868653285,0.04988035711426812,0.021916304224712378,0.026237650413901054,0.025560934868653285,0.04360494166630343,-0.011465280239898656,0.0409240075535586,0.02786965594465561,0.03216492167966733,0.02412801655538261,-0.010357110705905942,0.021840247380480706,0.025948106006550713,-0.028445183222829972,0.018014252437434066,0.03774112138090257,0.02885984915001808,0.03174704812617036,0.021683606923331364,-0.012431608813691155,-0.02307302786032455,0.0021949393740488916,0.0439918576219815,-0.025712519742413297,-0.001911944439958076,0.054831301742428534,-0.02671425329363556,-0.0287758030536431,0.011559165300973801,0.004338406805738989,-0.32798176623059505,0.038573206647943004,0.07310140982262367,-0.0030993519404650567,0.03079663966065236,0.01932601997771155,-0.030278083497745852,-0.10978112205439439,-0.06129586112090429,0.011075018630488848,-0.03491039610911472,-0.06291340070576576,-0.036809233299464346,0.017061811279641566,0.017316590485092292,0.01859789811862145,0.019419734473489467,0.02973383860030449,0.011617149300402672,0.019205145137240334,0.0033811028786646696,0.01580753637146483,-0.031131502511403748,-0.011308563982840907,0.006196224971419215,0.026904511324916437,-0.016827014571795706,-0.005222868304778645,0.03120483508875711,0.016301996937955986,0.007852795897550453,-0.037327138627346886,0.04285995503577122,0.029194536042926513,0.039164119806416285,0.023314287030170473,-0.05884881781233837,0.019437356268270277,-0.023927745406639625,-0.06877674458773902,-0.03171233993299642,0.03330483224142602,-0.0029225038986047365,-0.012943634047078862,-0.022984169995728887,0.037404155266025405,-0.0031058594376178195,-0.0023498230668977348,0.016905233981877547,0.01647414174828426,-0.00749483771235733,0.012287247992186539,0.04153233433419897,-0.006912850908150826,0.004257500541155789,-0.009817083627478664,0.049281969757535675,-0.024352789309769935,0.04811194245660914,0.5648406197745441,1.0,-0.041208841667544065,-0.04066086663980812,0.06833566316488121,0.010262588090491473,-0.011827829433271129,0.10797080449187156,0.03867213269797271,-0.02030598332986033,0.043910234720971365,0.022636243889164815,0.048784203271232215,0.013034465176807156,0.03867735853033194,0.0922283506048751,0.013281582392498983,0.4771075355525925,0.8654102865513422,-0.05074195258294558,-0.04625564672502158,-0.017693974363277916,0.07341623934199804,0.07428469609096794
PAKAN_ACT_GR/EK_volatility_3,0.19160034334138318,-0.14235477513209246,0.26183350172707276,0.19854138680837918,0.08920394786517957,0.11779360294839844,0.058231663735949395,0.1746397312589114,0.0076534644228560805,0.0901078090279168,0.14338285282168808,0.26287648556575716,0.25474683116551183,0.149202348423224,0.15597734114530137,0.23876876593091678,0.13120695347973935,0.3048337861159288,0.01693312041385564,0.14210641403985577,0.05899144890179196,0.198588632242375,0.23151913779265265,0.07254307456017589,0.1694629839644861,0.12742838602951326,0.32808423499824335,0.12387560361316163,0.18714143285593451,0.12468598853251002,0.4028014058143905,0.11885498690864733,0.0880373527151547,0.24443145161293706,0.17798147908812062,0.08831724344060067,0.0880373527151547,-0.2715156147159464,-0.27303740804578464,0.014968512644163963,-0.3020372133204297,-0.15795860219557248,0.07200958726490357,0.20769690991649528,0.09393179666111146,-0.07891224253825274,-0.4032169380091974,0.14525185532089485,0.1395904749824844,0.17492328987916345,0.15915763232936125,0.012575931619157155,0.032744713807723584,0.035568638622376594,0.04143168951640804,0.08926154454968235,0.19693310007683476,0.16782224136496676,0.14108612465695072,0.08077672684992587,0.020906771182923826,0.132777263827067,0.1696129813391835,-0.21809743755397615,-0.19157371445742394,-0.15511410843148463,-0.17050654177452684,0.02710101355289024,-0.15807143680564714,-0.12972459642213757,-0.1453535497804762,-0.17969042351049486,-0.13265332858408294,0.24013263724870296,0.04498114456097873,0.01720815002821647,0.019794642334010456,0.18131153121185467,-0.001121606737361924,0.04581573895000695,0.07744197833471021,0.019461235517628125,0.0025956805014082577,0.0322729806621861,0.25072070295338356,0.15067360562455986,0.21186404436184245,0.2332706539881311,0.24332915065827304,0.09236012581008718,0.2637175894391277,0.20692473873817105,0.20051086556501632,0.08396053340557846,0.29451068116860857,0.21956719634072988,0.24911249416765885,0.2240850496927345,0.1998995927588819,-0.28546559000283994,0.6511853885679265,-0.4205259614311535,-0.07687987836905624,-0.31079126525546846,0.5932803810658669,-0.44256470407886955,-0.033083489674845895,-0.2911283317949838,0.5145795543809244,-0.412377120169809,0.015300764795522951,-0.16544139471345462,-0.24289436424798072,-0.07352946946640629,-0.23434289420620588,0.18641106385029346,-0.20812967167943056,-0.11184056514962688,-0.2858497419999567,0.25074491184336367,-0.20685860833898942,0.10811079798906895,-0.0007575331872990478,-0.041208841667544065,1.0,-0.036375470879294165,0.007907676567858976,0.09038382921423206,0.2101399345767288,-0.06930458970431606,0.03446957715122012,0.016376670411164876,0.15560197982741203,0.04305675087325465,0.24810876669748846,0.021399148762910762,0.16389265994627775,0.024965446127961765,0.1537395695535922,-0.0349435345749213,-0.051315403730422406,0.8321790733157378,-0.049986507809336715,-0.14561488862904728,-0.09840385913477408,-0.0875375828172682
PAKAN_ACT_GR/EK_trend_slope_3,0.1258309256119687,-0.10652136932034227,-0.12054016489927988,-0.001023493155977295,0.1129389082688761,-0.07667295902890714,0.010934993956793834,0.10392619933145997,0.06884617634724659,0.10256534578662821,0.11896391178553432,0.022153536154143106,0.09156428517342007,0.15737007236014033,-0.14602131690960676,-0.08177695153102783,0.15485007451409571,0.039180176939739464,-0.015567505723864145,0.03307498129826941,-0.06618994454769,0.1503557817302486,-0.0054354605869118815,-0.18367882231431693,-0.05960466107603743,-0.11559310269195926,0.05399554207257708,-0.03618110196176156,0.010185684329874255,-0.03984343263499675,0.049637812888937316,0.13425191113056942,0.31228344451362894,-0.13140049469138018,0.302769104245754,0.31129697301714265,0.31228344451362894,0.3620424347719402,-0.22499354686445502,0.3610560403686076,-0.00822410342374191,-0.0018776935185783605,0.32444921146920874,-0.010243249356692385,0.3062868896680436,0.3401364354745473,-0.12266226618568021,0.2840631847521851,0.2749308509212473,0.19681393422270452,0.18205515534116087,0.3676727911652375,0.34701519236891654,0.29156619065884254,0.24379787416051654,0.12798494700839574,-0.1683445926334697,-0.21243036970698648,-0.20126548093899632,-0.25413664982694695,-0.1520562878093377,0.29893373358615105,0.20176678587291333,0.04534816902442453,-0.3243808670118615,-0.25409591002495624,-0.21999958269762884,-0.08243190841702511,-0.012021675354349035,-0.03469555476867981,-0.1827794836980598,-0.2768011831586632,-0.2233819750066937,0.8410499155560046,0.5704582559385044,0.419878494524529,0.3670166475965512,0.19674543698154703,0.35111650475125866,0.3768706872338905,0.3798504365483658,0.2771124612830648,0.4584418291573902,0.1417264841872877,-0.1983849930608528,-0.14827014281483136,-0.17019658555811243,-0.19723157106982753,-0.19044452861490557,-0.12829641573504183,-0.15245206309118983,-0.17381031514238615,-0.18172112870778642,-0.011722110725137404,-0.2197358426248591,-0.04111915221852336,-0.12150117208942891,0.04933064939023825,0.2929685589063196,0.061261439579889866,-0.09963448820365446,0.06317381294975326,0.004698886028935734,-0.04161873763078583,-0.09199341591793628,-0.025352863713258095,-0.06668666237291025,-0.0810458796795547,-0.01742832869247542,-0.10218546303988738,0.01062715509853581,-0.010035706816218315,-0.10931018424796833,0.11482145303176901,-0.13740040889121435,0.0999136266158551,-0.23377719208383954,0.0891971211517466,-0.1957410880996262,0.08865077120364057,-0.2952072912772495,0.2758591574442295,0.6362790734153378,-0.04066086663980812,-0.036375470879294165,1.0,0.04461901211268,-0.1067159112887594,0.1440264951422488,0.08854847419692811,0.13305465905479644,0.030987858192867465,-0.13778496546644575,0.169265819841987,-0.12082316408073213,0.1465056087284859,-0.1588768709581786,-0.006570647599486033,0.23429580639443426,0.5255805430327423,-0.049006017900098855,-0.0774562437748387,0.8929730895018104,-0.2841061952380476,-0.04653114697322528,-0.05278666942360642
DG_ACT_momentum_1,0.027272819071216533,0.08803220837484559,-0.05872113470842,0.012395835312840301,0.06946440758736204,-0.12613955077358688,0.06494715391930458,-0.16167508880661255,-0.011959100842347914,-0.05330254633692871,0.080865290012152,-0.020319189014029918,0.05311243331255939,-0.07028543273194639,-0.020834475526645115,0.060286932915063735,-0.01403462416079624,-0.059214406674655315,-0.1143942179962004,-0.07355174859060665,0.0532121104566864,-0.05996059029511219,-0.07697787528264712,-0.058458052061331,-0.017913638279191908,0.12137249739538179,-0.07294713657990722,0.022227411754126014,0.022543738507409216,-0.0744110191117919,-0.05877289971900156,0.061120978598944976,0.04616383614695239,-0.02604990583880282,0.07361327756260816,0.043134510453208076,0.04616383614695239,-0.059321285982549356,-0.04222885905481873,0.2064855172836922,0.018406130965066377,0.44475229945959677,0.05271825390727482,-0.02788355098094983,0.034146848876783174,0.046254058031416634,-0.032123539859115195,0.08855052902676998,0.02074458939876407,-0.024336142162346405,-0.014586177520199537,-0.1116016810971784,-0.00815694541440438,0.0014013174022134164,0.015044863642353735,-0.02138465129083838,-0.06258766656035925,-0.031134549431562426,-0.05154890292527217,-0.06745770500360138,0.008142018208222352,0.031947346872763335,-0.0194204944477341,-0.05013320969182762,-0.036191317917077845,-0.034039667154263945,-0.052825674150610465,-0.012130167128334023,-0.561986885458003,-0.11568486106490336,-0.10810340816486619,-0.00808040575700887,0.035215442042863525,0.046921951612959145,0.05437831308795175,0.03861986825094186,0.028292070011007777,0.20274806794730635,0.009955095625018432,0.06473211766950361,0.18792667454041767,-0.01584414989298689,0.13066668289120084,-0.0470302157484244,-0.027402559126210643,0.0488338612874958,-0.06884506517639072,-0.014075092806247936,-0.04639109104183619,0.0009504540682819817,-0.07941030364512501,-0.022983259547893473,-0.01644730781438387,0.07487664920853723,-0.08662068419877075,0.05117971949378444,0.018016641384076673,0.09259867884459203,0.11023704890969065,-0.04501096265825639,-0.054003423006074296,-0.03925002805992166,-0.0300243176272887,-0.028932186304085745,0.01085870901914528,-0.04360943479609921,0.009249556147903234,-0.024327363581694364,0.030616576819274988,-0.05601286312654653,0.040342278326073615,-0.08197639627652964,-0.050608991833665434,-0.061335716879364996,-0.11363076285793597,-0.032385481157957835,-0.06707645106898906,-0.014282400692413835,-0.06073031557509753,-0.02567905847891527,-0.06157844732084146,-0.4074265256510466,0.0315015392572726,0.06833566316488121,0.007907676567858976,0.04461901211268,1.0,0.6991785995707954,-0.018316145297336717,0.5896625942818272,0.01687876563554656,-0.029218352142425224,0.03779497208245826,0.05141470061680821,-0.013143803244696679,0.015817712056581064,0.04316810226299526,0.9539756436529596,0.23354773564462203,0.007555177415267712,0.051075428012539364,-0.010975392984304127,0.0607263442648563,-0.08858887725988268,-0.03233568705671841,-0.02977807127578115
DG_ACT_acceleration,0.015965986576929908,0.04985613033915197,-0.009113153826802067,-0.02797079557928807,0.07576310270505304,-0.018755693918609314,0.11613960589089588,-0.007232856211662631,0.005684928445305855,-0.008392554314649097,0.11199666503436723,0.12181624359786242,0.0678196453386308,-0.013078170842675724,0.09366851215845841,0.09817228797969213,0.01399569544139029,0.03372381475636712,-0.14055300705578172,-0.04179682859488134,0.10583097124360027,-0.12173134048044641,-0.006987014131683286,0.06249510860485206,0.11394233421397966,0.15182061485025275,-0.05663490908745417,0.1235144033247043,0.1108348460546893,-0.03800055525520652,0.008817209577137232,-0.05679549234761682,-0.096965770041608,0.1350015047511561,-0.08902788760594449,-0.10083822685073333,-0.096965770041608,-0.02777165467727525,0.0752782927326637,-0.024437609016198975,0.00582080642735425,0.2790955807379843,-0.11292209373669965,0.07680290335203166,-0.07889661476012598,-0.09359357867711493,-0.029718238373360163,-0.0659762324249245,-0.07746811081158751,-0.044364469422378136,-0.04505579135752491,-0.2801818229104981,-0.031408595527246924,-0.06707982814267076,-0.03014939302816597,-0.01513339977558125,0.09395347663836144,0.11294338069080752,0.07484453169567513,0.08088518893217038,0.03494818480506758,-0.07581431682640212,-0.05533688701647509,0.06539672064691607,0.047737740436768206,0.04319870829016672,0.014035078595758864,-0.020631742199502014,-0.5355659889645444,0.3266383212073287,0.10019216229229388,0.1406692307337614,0.05130223563395721,-0.08820013771261033,-0.09902727288875121,-0.09320529494770391,-0.11681435776156708,0.032059053808966655,-0.10242530406611779,-0.08910865622557335,-0.03709863406470568,-0.07892008315754193,-0.07576011319213932,-0.029651162637740387,0.1300681851754859,0.0681941182537643,0.11759994506923073,0.1138976602520886,0.09983700506216465,-0.011452869446865724,0.11041305852877788,0.05817604293753829,0.0926489437678456,-0.02372574180879012,0.11274309207277465,0.03206647737837271,0.10062567064750097,-0.022421962890040788,-0.06940283148017508,0.02986904974529862,-0.009074835469730216,0.03802182881163598,0.03311293133961745,0.04238070207270254,-0.021896569205685598,0.07099842335899122,-0.008256006334949835,0.042891497657629354,-0.02569457407080454,0.07836044688616331,-0.04297209171508265,0.0565294585325274,0.060260131717713744,0.08791903737830002,0.05713740647117069,0.08028182599952553,0.06462688929651042,0.05325345467673294,0.08630911897039689,0.08674181441396854,0.07373000756676365,-0.2750425409123788,-0.11700091836800083,0.010262588090491473,0.09038382921423206,-0.1067159112887594,0.6991785995707954,1.0,0.07751494855992574,0.017407515779647942,-0.014632686654328285,0.004051752331798125,0.07419026211477468,-0.030266020299319886,0.12363794102572115,-0.010362855047107447,0.07192164194969454,0.7641846532871805,-0.008563091767491803,-0.11432855085372434,-0.012442443162717498,0.052654615577358045,-0.061902123507902786,0.06577697574927616,-0.027811966507688957,-0.017580012397109993
DG_ACT_volatility_3,0.33508082244849613,-0.07359066905175182,0.09593686652073596,0.2608964709259218,0.12486843430818488,0.09540650374101799,0.1586287265095482,0.2306981620661099,0.10874953539029925,0.039604136423159374,0.09857739006151224,0.20568711292779548,0.2307888577912294,0.20073474365388602,0.19862715868965328,0.12287049605991789,0.22414128209059261,0.3075245692266866,0.16920410901695784,0.33498194368396234,0.0673635914179221,0.20586518291855047,0.2924072272915136,0.08969286766276173,0.175950593633928,0.05943608493460279,0.2274479156574526,0.00825748201673713,0.2378545646652223,0.11551076434049373,0.29884190789014276,0.20457985971656859,0.33352034049348617,0.15576203107528927,0.29529271343204666,0.33433723620560063,0.33352034049348617,-0.214883450265977,-0.3402116305561973,0.24931967622718829,-0.20264882496798062,-0.14373861637897514,0.3223700356356089,0.11572290154690988,0.3362911243636642,0.20551901971846398,-0.4938588218928567,0.3556867409778537,0.35946903922256757,0.30233226679581615,0.2511653631372873,0.2700344463463467,0.28887963868587885,0.3163047134414387,0.3184517952503692,0.241727311079968,0.10794380332543449,0.08051506987384072,0.029426308500359728,-0.08205669661644013,-0.2561788759499708,0.2699008304514531,0.1686187135314125,-0.18930014648939664,-0.19330577486237682,-0.19097020135929998,-0.22485196341068656,-0.21365015472367094,-0.10573217819537144,-0.0665885707840751,-0.051422682555017286,-0.21233827392469273,-0.21030156113058981,0.17590132889492238,0.2812807441510962,0.2943236702131314,0.2802332903632628,0.7579113469478992,0.17993339226881574,0.3672688351946886,0.5761699653832723,0.23304320284196495,0.43577574758189563,0.1491210679859657,0.14162604404198087,0.043620092225171346,0.13600052884622782,0.1483532489006967,0.08647214099694772,-0.06807936827339313,0.11177563181107568,0.04799100467646945,0.019080096713799486,-0.11032292279357882,0.1141617801026271,0.011467436261135775,0.16726237644728184,0.2000241560515443,0.35371015360672864,-0.2112706024146694,0.1481002618777283,-0.2383162056700211,-0.19587563799568775,-0.24530125248442422,0.25529378168024275,-0.27848663152683967,-0.22533435375546415,-0.2611723337098092,0.31267627912487134,-0.32673240501637946,-0.09232821846935892,-0.1533422238147723,-0.5519903311329739,0.3335916469261096,-0.19353971658534,0.7857886452870012,-0.5766259388348766,0.36830345734938774,-0.2664996927708361,0.7147904297711299,-0.5905488235121138,0.2418405871320164,0.10915896648052359,-0.011827829433271129,0.2101399345767288,0.1440264951422488,-0.018316145297336717,0.07751494855992574,1.0,-0.057796061171800465,0.04360700380045693,-0.0006215232917599931,0.09577751458363377,0.11553935034973116,0.1580334496248048,0.042867619101163844,0.05938290143297521,0.007815363753881243,0.7087534326834165,-0.010194471844396442,0.020906500545891625,0.1589561685373617,0.0323272346728912,-0.3557277930288397,0.03718170439027846,0.04166999696042941
DG_ACT_trend_slope_3,0.019487331686413357,0.07702408215989838,-0.09319626514816086,0.04572384602779503,-0.06325814379037492,-0.16312643707798824,-0.0489506949655433,-0.24323739310209655,-0.06596714837679109,-0.11995917573640433,-0.04398692150346279,-0.17242983332208425,-0.0036615105240227494,-0.1273682698843663,-0.1015630686800239,-0.023724204813748605,-0.041610371867361405,-0.11630677731912302,0.031884501326419366,-0.02872653606622743,-0.11235164764516313,0.035192007053464786,-0.09509319505546268,-0.10669359505667513,-0.16868790867689096,0.045482048163001075,-0.0375735692440604,-0.1612331482908444,-0.1408570570584501,-0.014053610520487184,-0.1131046137127584,0.14211878213806864,0.02490514517103911,-0.11562822930446096,0.06414991826724047,0.025415800667016316,0.02490514517103911,-0.0039686796198623465,-0.011884370226565582,0.22613139595089476,0.07591975421683927,0.510614349257368,0.04039109492824711,-0.09125841808677677,0.003261039166691793,0.0476417677163873,-0.015735658766502656,0.05597970845603151,-0.013415077203788373,-0.08000226020669979,-0.053952340967647436,0.02098265352119144,-0.12741067159717048,-0.015927338048812,-0.042285960631969766,-0.04131436753143602,-0.10346681277391144,-0.12334242067658034,-0.05452969348040688,-0.08917969375554677,0.055454790120507254,0.014962902687307473,-0.05481152810666988,-0.06445137738785726,-0.027935059289373492,-0.03569606481964064,-0.047466932899372385,0.07234336204181606,-0.1105482696284321,-0.5170051562006095,-0.09682894073974116,-0.03226942009581993,0.12453078603025859,0.05920371095859835,0.08388755496418646,0.04567759138813696,0.04288320942933852,0.3191319621284002,-0.006094120030813158,0.07953290730473954,0.26668061273270366,-0.041375132402023417,0.17971441682562964,-0.09352206323602272,-0.11929045159788837,-0.03438071329856981,-0.13338508827358098,-0.10465743444992763,-0.0783322603188949,-0.016950458759070853,-0.11168503583282083,-0.05572208333863483,-0.030260435224783302,0.09624650865881254,-0.10320979093104343,0.05852922657165531,-0.07580981996387334,0.08994629235246655,0.12828034322293053,-0.0247024552768608,-0.08755936011285227,-0.0021851897663023364,-0.03691793502647343,-0.016332417537796087,-0.01805302491079912,-0.0289752551534952,0.015177393176205811,0.00592590578279867,-0.00916193127490707,-0.03649499923919875,0.08648757033367613,-0.036388301930551877,-0.014013341885156683,-0.06638937816843256,-0.0808778328389083,-0.08157898194280191,-0.04335437601683664,-0.002340516934563167,-0.029405078250391643,-0.07293052668002688,-0.039222696564443084,-0.4574126121776425,0.0992035230825896,0.10797080449187156,-0.06930458970431606,0.08854847419692811,0.5896625942818272,0.017407515779647942,-0.057796061171800465,1.0,0.02147122158297187,-0.037747337724165754,-0.04992154363160231,0.0747473313535162,-0.10733573997163878,0.031734660240086,-0.03311699054239043,0.548967607753844,0.35982218972187713,0.10217510454420708,0.11120973538840985,-0.0938025498139996,0.09467178307366543,-0.056005182245369586,-0.05540709689663632,-0.06626169007378918
MATI_momentum_1,0.025601720141989345,-0.1287527107575423,0.03135369078081737,0.046234844066044126,0.04936090372503553,-0.01662005742978327,-0.060561981621817355,0.0031562223337165307,0.05617248443257032,0.09501051291567826,-0.01195256931319164,0.08596881228055271,0.07048853069049849,0.1162901211341376,-0.0339199148222912,0.016036437148452185,0.009150190679810263,-0.01871204529721632,-0.012350105552579474,0.009642674299824032,0.059139981164747966,0.04483162422544586,0.07849892753031427,-0.008566867270717775,-0.023687396582192766,-0.10783780099610102,-0.07529652597360909,-0.04238460826704961,0.007804636756417404,-0.07373513247652476,0.07663286895751426,0.07921828045464036,0.10857083716429808,0.33582600582262656,0.0815937304529398,0.11222357713882467,0.10857083716429808,0.032392619085801544,-0.08915655013871969,0.11123897791438639,-0.0016138626196570177,-0.016985946124967864,0.10831507014048598,0.02711146328791467,0.0984735730521783,0.10207337990349355,-0.020009011622028377,0.1115732733201518,0.10365482121171525,0.05460184565310443,0.03999655143236616,0.09493538286825168,0.11067113677383178,0.10881835381435358,0.07676057776828522,0.0394789778742834,-0.47676253280727376,-0.09652113745707867,-0.22835578981207308,-0.17730533126528092,-0.07637870579167334,0.08644557909239751,0.030161005704770007,0.02572654925670223,-0.017107215052604364,-0.011996818417552407,-0.0608355097919636,-0.04563465060467559,-0.08774125160043755,-0.03167133944558961,-0.07208832551559491,-0.10606192750575565,-0.032762075900106054,0.1635646198882249,0.1451474957654259,0.15125191948153394,0.10877833054280524,0.029926739788245286,0.10834231531963243,0.09906255441416419,0.12356350387865549,0.10854665297633785,0.1486418125928496,0.03627813318517907,-0.08406081377287863,-0.14489285459929224,-0.039324789611303035,-0.10746521203545163,-0.14377664582745114,-0.1400238026060604,-0.08404289291620012,-0.13327144237191166,-0.12989729412834747,-0.08695999643830483,-0.09143366210947443,-0.07031246929774165,-0.02743737401575665,-0.06599596598281154,0.043820415009226135,0.017405390240009862,0.04960075367648067,0.001345618411487892,0.0371983711969446,-0.0062411789264731985,0.03234098084670635,-0.02233432697395807,0.018492209683765443,-0.025242987863052836,0.024141068183800143,-0.05133873534189332,0.019767533161739438,-0.05001066776086917,-0.07143888345394513,-0.0568835626855806,-0.0574038047060657,0.018049975307349173,-0.08177048227464799,-0.05308478056655175,-0.06800815349208815,0.017243858621582207,-0.10394953335560381,0.058341870113132556,0.07270943260808724,0.03867213269797271,0.03446957715122012,0.13305465905479644,0.01687876563554656,-0.014632686654328285,0.04360700380045693,0.02147122158297187,1.0,0.640540491438394,-0.0856722538345434,0.440684028029192,0.3627343717424805,0.8563493830481649,-0.0954966592735981,-0.016230520243779196,0.03328535268029012,0.00642401837267434,-0.0027792017595687554,0.0672962887573323,0.09043963196413703,-0.11147956482457248,0.03138058114310605,0.03273998662878166
MATI_acceleration,-0.034169318478521685,-0.16976883392120182,0.008571721067227797,0.008733260887356504,0.09876978339444216,-0.03606364960557235,0.042150684438623076,-0.047458928521027614,0.12095720162062804,0.07970973674048856,0.01660076585804902,0.15062925676293443,0.04440445486190359,-0.01989406161318579,-0.011009831078852672,0.061884389100158685,-0.04536526828233721,-0.008200926135324518,-0.09084588105886192,-0.044910904027712514,-0.003736841906698581,-0.029697898348116397,0.032860600252497416,-0.050898600736541996,-0.022800323934243184,-0.11038332248634508,-0.1453539794875481,0.04201667954124921,0.004474253053769352,-0.07365304311923296,0.023811561565041942,-0.016339725997608502,-0.020543271798002482,0.22698986321371206,-0.0071649817599962915,-0.016994225260098146,-0.020543271798002482,-0.010998028723835259,0.005322927130155307,-0.03228011869152819,-0.02480170868189996,0.010362503069126264,-0.02513407292729288,0.03156782224244683,-0.026062258093273706,-0.03157331787664656,0.012510315984605802,-0.017103784959490487,-0.020540408213219532,-0.012624201417451027,0.0009359912814893114,-0.0331981787695892,-0.013725703399547042,-0.026775336460934114,-0.01959004234036303,-0.003902130275925425,-0.41031451986397127,0.25985893209800065,-0.023074627445334703,0.023401760021139913,0.02260381486202913,0.003914776038746465,0.020401039502416063,0.013066687915640019,-0.010658601534161033,0.01841478479835809,0.00815804573251952,0.011240222144798428,-0.010289338026001663,0.05843868501523565,-0.010013508992166926,0.013270836071576137,0.03812436705432254,0.04023092256274239,-0.02222884596554546,-0.027671117850698413,-0.024499527483901256,-0.027064182859215382,-0.027878115389739496,-0.029582926249726842,-0.008578013159983366,-0.022129885673194943,-0.02957214044296399,0.0013674083330225252,0.04074528320613453,0.1350361652377862,0.00968163952580548,0.08199458757866052,0.022679323065482378,0.10965317942701563,0.018258266729937037,0.0417828901011724,0.027786698593917122,0.13017260483869467,0.019461857527587965,0.07221797902151525,-0.14495323439840607,-0.020009017581256044,-0.017395409856864094,-0.0018532436770187536,-0.003878484172797455,-0.013274183515287842,0.014777086872436668,0.0016755221351766483,-0.0313952616434839,0.003256172001743057,-0.007410220740833321,-0.0006745706794592936,-0.026729412299635383,0.0022287617281214977,-0.012461926934810158,0.014549664919978129,0.007063042563061417,0.005418806862009504,0.004245209741139233,0.0028345565927880016,0.008092282569494347,-0.003185699257627547,0.006523354458367397,0.005034458185444263,0.007226664586833895,-0.0331765372486809,-2.025306694406905e-05,-0.02030598332986033,0.016376670411164876,0.030987858192867465,-0.029218352142425224,0.004051752331798125,-0.0006215232917599931,-0.037747337724165754,0.640540491438394,1.0,0.0785820728390244,-0.06681971403674247,0.20135844786495002,0.8017078478767247,0.0541483651935374,-0.032655591138587604,-0.008688236242103617,-0.0021596444229606986,-0.05346513271364645,0.03245441369303642,0.057418265713502524,0.017024396812333465,-0.042169994097810894,-0.03458346587817457
MATI_volatility_3,-0.029358710313702654,-0.04134394533541375,0.07785787840711987,0.16862728731492654,0.19926540917395744,-0.04335556423170226,0.0283206588513122,0.058896232771921464,0.05864123401334964,0.024767448151095228,0.2243281842764076,0.1723952139026838,0.022753836981276015,-0.02855081787047095,0.1294032672175971,0.2763348163970989,-0.05740184514829963,0.1011634742564647,-0.08520807922961429,0.13814011111250038,-0.0014996639557863962,0.004213916068726399,-0.03769763667251548,0.15018071284293827,0.17230799749241768,0.15473322546471305,0.033230772543946636,0.2193781801718396,-0.010655879059984307,0.04197787880424145,0.15431200448329316,-0.0202306082958757,-0.07132468674032391,0.2991804726692756,0.11726333434344145,-0.07123140875904027,-0.07132468674032391,-0.03276235490468813,-0.00281432138360268,-0.09105423336663299,-0.12408770780528393,0.0072617623610592074,-0.07446397328283538,0.10346230685994458,-0.06435681446336568,-0.15952597551421302,-0.08704408989587759,-0.04509839726803232,-0.03801684321846896,-0.006885463584855371,0.044968574421632025,-0.10441241554063695,-0.09266257753547336,-0.09188046494436684,-0.0313049163524456,0.04046425658582429,0.35076108104519294,0.39789744604459387,0.4017140332712461,0.20590527858487057,0.10299812356505751,0.05235723927246732,0.1397615490896682,0.0012757590111522007,0.053967223851040115,0.08097505877307926,0.022963342966514585,-0.008696190517808242,0.00901266441279443,0.06919921361078267,0.02511407891732517,0.035622848698300014,-0.013675932426571297,-0.13988460815418727,-0.1013615669896158,-0.1387859894057948,-0.09552095470419777,0.09283254804934228,-0.11952173618766122,-0.07202663992389942,0.004513194579422448,-0.08411949690921758,-0.08650132872253737,0.012458233859044638,0.45475230651611676,0.7746623395145967,0.14170234112166394,0.6167118086175364,0.4384626212837581,0.5441380367251858,0.1760027285507323,0.4769985018034519,0.3666426933245703,0.3846693901671186,0.1867175609546014,0.36962269615558907,0.3905422824683127,0.3968736421754701,0.20202101929441466,0.02668744685987801,0.17995585174099368,-0.022885881859755063,0.05704624458866805,0.01616233376667015,0.16628091778269763,-0.042650933952049934,0.08209398075131623,-0.008989305088400066,0.15717574788754604,-0.07674947496275028,0.01005132049878617,0.029573865856801267,-0.041877017834216,0.09581853513620774,0.03554591317180416,0.18323514064101215,-0.011892110679734233,0.059943817596008336,0.007500406200743564,0.15187931634452825,0.00035052862339304976,-0.059128722329478516,-0.07261171892548496,0.043910234720971365,0.15560197982741203,-0.13778496546644575,0.03779497208245826,0.07419026211477468,0.09577751458363377,-0.04992154363160231,-0.0856722538345434,0.0785820728390244,1.0,-0.16781863424091842,0.2823966363913209,-0.06925164506906507,0.7720396452754276,0.059694012718308716,0.0587500705738992,-0.038995027181139175,0.038420170829946525,0.1648168705804212,-0.096357050707573,0.044687926632593085,-0.014935384060948494,0.0017165116610985544
MATI_trend_slope_3,0.12385299602631242,0.054795808819178164,0.06090369028111156,0.012364447538156388,-0.014568313383302585,0.06458552176332413,-0.08993742405514896,0.07126080523979535,-0.029872763207115238,0.049805745457065204,-0.03703611648090547,-0.11768983625215722,0.09821506611518176,0.18075076654099628,-0.07300683551597409,-0.05618923672648125,0.11582251444881828,-0.06159249542228553,0.1384231172337832,0.04178834506807378,0.10131789180737188,0.083811988165282,0.013376207601526722,0.041476178575970815,0.013219472756322695,0.014927066691686813,0.15294288273392984,-0.10733922909039315,0.12790062903449922,0.08424912545275667,0.03290498537452908,0.2091640547810458,0.19735908019167359,0.22761807510674079,0.1382942933558426,0.19815749868207921,0.19735908019167359,0.05732849049354014,-0.16349798353378797,0.19374579968081318,0.0030055071036491276,-0.09718039082169345,0.214722264536188,0.0017453882767081168,0.18911724624242257,0.1855416093914511,-0.019966547448068597,0.19765368904493483,0.18600452153007846,0.08288152044830824,0.05000828481812932,0.18236401487719356,0.17770423732938656,0.2099268373751191,0.15139117614266856,0.04231368642406297,-0.16627703080148176,-0.5862974490522376,-0.33888403241425624,-0.3104765003821869,-0.15107756656756122,0.14511633287331516,0.0418406425949282,-0.014594468532257173,-0.03732148096693628,-0.031969894678374904,-0.1244964644161096,-0.12724906920340348,-0.11708353106420058,-0.13477591596293234,-0.09514304752709331,-0.19551175900316783,-0.13028839175526616,0.22030758882017634,0.28139415988507793,0.2774890625920487,0.1889184983983089,0.06029271568078483,0.19522140786499367,0.17918216122891167,0.19025449308767997,0.2004486294140334,0.2586086935302251,0.05258473722672285,-0.19190270566907439,-0.22047597962375318,-0.12445716885618226,-0.2346752640680401,-0.29159147339296476,-0.18880331851883167,-0.21458197265293755,-0.23666987836427633,-0.28516065435488297,-0.1343567016601241,-0.21602584351742718,-0.1719595715112271,0.08335764213244579,-0.14642307700246773,0.06714059705271272,0.010676812081691724,0.06162763577609651,-0.010384827119522754,0.026202582364868346,-0.028996953402292337,0.019359595592991923,-0.05679129859065894,0.016668604136162328,-0.05770040099198755,-0.007038718757268444,-0.09298969548065418,0.007513023205913231,-0.11508896316994156,-0.1286242622481607,-0.11163920093283526,-0.08720592520377793,0.02817384839884103,-0.14776832660430264,-0.08994578855864906,-0.11831742661775102,0.012175180080193006,-0.19141573407751417,0.1645998592046784,0.1213393243239265,0.022636243889164815,0.04305675087325465,0.169265819841987,0.05141470061680821,-0.030266020299319886,0.11553935034973116,0.0747473313535162,0.440684028029192,-0.06681971403674247,-0.16781863424091842,1.0,0.237721906613506,0.44518524930863806,-0.19552189089660635,0.0028617326252245723,0.0892621837994535,0.0488055358556369,0.015456618918491675,0.09058743154860187,0.07586388699901075,-0.1974170053530481,0.008370897036991969,-0.0017766225772736152
JML_DEPLESI_momentum_1,0.09692616075471448,0.01894072126185574,0.03154837179797711,0.019075203209203046,-0.014822462660520291,0.04208180319600883,0.13131952036417602,0.0409684770962835,-0.00077216406436765,-0.0380163731465718,0.07903759921200665,0.09122054289478637,-0.017916192647367556,0.12561605266834705,0.12488630243701666,0.2151105312104993,-0.0002291638141056414,0.18353320228390407,0.021234337072907512,0.15269895126937408,0.0546418524264663,-0.028697822005589766,0.10523144055746207,0.04651442546496059,0.08217187325467909,0.17403258380721462,0.04836524931540157,0.10916999154513533,-0.027391171351801122,0.1204731350369943,0.06516165940548771,-0.10090071997811025,-0.1523639410662347,0.9842954593369225,0.07762698321639183,-0.15008866246381783,-0.1523639410662347,-0.11015693241798181,0.01844559189411732,-0.19954941650858485,-0.13056088873045268,-0.1159050105526093,-0.15436528385957868,0.12296960627088477,-0.14549317217387303,-0.24194764755562095,-0.10290345358016234,-0.13054896883653502,-0.11969158070273679,-0.06639263666989659,-0.0893238115815469,-0.216158502982346,-0.20539542398160174,-0.1871337328273127,-0.07542050946200075,-0.036415210353108206,0.5557058538489267,0.5295161395446607,0.4170425016958417,0.2528011071865675,0.13433823289048483,-0.020224071460986193,0.06815763463933548,-0.05873747908372628,-0.049059804629685094,0.019700402085154202,-0.023444465140485888,-0.1286930585388307,-0.12126355623847386,-0.0404584051890207,-0.017449970492150683,0.10500904555680378,0.018114164644202298,-0.08957265921850303,-0.20812199714912966,-0.18798060902083288,-0.21235856751534715,0.06948070844696888,-0.22823689538668632,-0.183799690989583,-0.05172559348113945,-0.15394843335823974,-0.14718723160379676,-0.05506612283146318,0.8107687678148577,0.28653703035227224,0.7858009159593283,0.716932025279026,0.6464341398205427,0.22677866122639484,0.6663414607367971,0.5207206167846257,0.5209495326280456,0.12341116716853391,0.5561478043938891,0.3593569058643363,0.8692677052006855,0.49541257382047016,0.18309918105769601,-0.04448881629419554,0.1966948409204215,-0.08018254863252962,-0.034859358619901734,-0.01301682233632925,0.1689159129850041,-0.059576545110939426,-0.019106368508664595,-0.04223748807381299,0.14859074266987982,-0.07316787291269794,-0.10158213430072946,-0.09485854456596768,-0.1627102357829641,-0.015609655502954527,-0.03813812400293509,0.29181867814479834,-0.12831238685573726,0.023640255044711796,-0.002137079494089495,0.26819505993857407,-0.09707105341460777,-0.03648778521782256,-0.05126617929264991,0.048784203271232215,0.24810876669748846,-0.12082316408073213,-0.013143803244696679,0.12363794102572115,0.1580334496248048,-0.10733573997163878,0.3627343717424805,0.20135844786495002,0.2823966363913209,0.237721906613506,1.0,0.2662885254544798,0.2796307210273488,0.02118645511855026,-0.030546968776324623,-0.07588820323385213,0.038706896651842744,0.19708144697192473,-0.11620103419414118,0.1304268195181015,0.03862121543038455,0.028126478644764575
JML_DEPLESI_acceleration,0.04332404306048752,-0.12372834461858652,0.009668055654299849,0.002470702316340608,0.04175279210511636,-0.004586897976796611,-0.0376142467616209,-0.015094593221153528,0.08531421971677652,0.10346206218291697,-0.015896603334277035,0.057668364918790044,0.09446481180063464,0.07113623214432052,-0.06483180575368046,-0.016722906111977742,0.021357050971117914,-0.07204727060789108,-0.007972363224910028,-0.027551530264704503,0.04711684148222881,0.03678221577951355,0.018441419683519023,-0.016321888241716983,-0.019893520067082695,-0.09993209040624296,-0.06571727773282778,-0.031379272203558295,0.07529406723800249,-0.024289178159530828,0.03345231138030284,0.08708930273388393,0.10093673274243838,0.28823023479996707,0.07659198666162073,0.10461107709903542,0.10093673274243838,0.03282282233063345,-0.08447154042181566,0.10389064977375184,-0.006882625523599605,-0.00774690963966199,0.10090234285667905,0.019559126768192908,0.09174534862139955,0.09614598568991863,0.006145096062494618,0.10170458630592105,0.08915599050272709,0.0348638182999191,0.029293402437213373,0.08837948204982654,0.10369570744914028,0.10172461589144682,0.0677554595220631,0.028214337212515633,-0.47531390012719243,-0.09411218066239645,-0.2237683465027508,-0.170383057365049,-0.06617232209800586,0.0902370060811423,0.04001019439450075,0.019042126442201136,-0.024817693971372574,-0.020401144977049215,-0.06904778686653862,-0.05540379844453305,-0.08197079002287101,-0.027486618554645476,-0.06824820191905251,-0.10477437819311788,-0.036975747355557226,0.16027245338174795,0.13706570130394746,0.14391064289301686,0.10224454718130122,0.007638756823703875,0.10290445423495637,0.09088827247642503,0.10176145997377342,0.1050262637565643,0.13352564905887948,0.03634526471928594,-0.10150338147879966,-0.08084667127774524,-0.07565468343151485,-0.11584230095979457,-0.1615844437871816,-0.06256925712963142,-0.11585098405862113,-0.13482092692166148,-0.14910968640236877,-0.002740249826150037,-0.11718765273347198,-0.06372659861836928,-0.12690524959592064,-0.12542735901432608,0.021775566435260525,0.016125660359245397,-0.014678517667786488,0.008957469549558781,0.022377112977905098,-0.004854521020314052,-0.037381320949196974,-0.010467379819840509,-0.007281019822798203,-0.02230519144887387,-0.04242577350780303,-0.035815460470740586,-0.011338147988401848,-0.040698557520636905,-0.053970973978917106,-0.055729591906132726,-0.0464088440753435,0.0012334446878184244,-0.06541241429727689,-0.05612450457695968,-0.05638560519921433,-0.0007079469358281786,-0.08987563290554988,0.04500840549880717,0.08309391901802812,0.013034465176807156,0.021399148762910762,0.1465056087284859,0.015817712056581064,-0.010362855047107447,0.042867619101163844,0.031734660240086,0.8563493830481649,0.8017078478767247,-0.06925164506906507,0.44518524930863806,0.2662885254544798,1.0,-0.12255025708338868,-0.005034781674989289,0.046447762283118615,0.03801931220436506,-0.033296153121077025,0.05038101734376364,0.12173896275429642,-0.10160988550358219,-0.029874375190899496,-0.02609680641727457
JML_DEPLESI_volatility_3,-0.024797867207035335,-0.04133786915415107,0.053553294436137155,0.12087857190621411,0.13739514669622274,-0.031071848197857153,0.08195588101263981,0.13645513689721173,0.0923356882153771,0.07033347856798784,0.15013705935593946,0.19554443345732242,0.055897535103080036,0.009497303879017718,0.12769382178818345,0.20619615571834424,-0.016292024515529413,0.10948903282231828,-0.06381937989931985,0.17506314064017423,0.026913235182283845,-0.005562008601100961,0.09783832396310135,0.10451132455844805,0.1773022140093002,0.14301507343921702,0.061203173971539335,0.19439358121270411,-0.015414917827399666,0.08005877177017548,0.13124337916057546,-0.06923235245109875,-0.06857877862866406,0.29605207946321865,0.09368458411061971,-0.06980516580824779,-0.06857877862866406,-0.05232674407197346,-0.007944531692087258,-0.08426476752257568,-0.10626198754851328,0.011359802952559013,-0.06208203814539242,0.08313444241308246,-0.059321107482395684,-0.1365852357647034,-0.08732835740554673,-0.04722058412364998,-0.043155213154310895,-0.012363221375566015,0.017345242054122894,-0.0953814572442219,-0.10190346419620264,-0.09840748550407015,-0.03288632510735777,0.02141146024421205,0.36625326380131706,0.4361794052878765,0.3153250368259737,0.19013439937904514,0.0915318302101229,0.029784172271183133,0.09498580762658998,-0.01586047321298252,0.017887603637289022,0.059143510227841575,-0.02252325710384554,-0.04081059997380703,0.015545316565080689,0.004632251181499923,-0.024499028272134588,0.02327826629658364,0.014768421828273513,-0.12727859633878816,-0.10462867923403393,-0.13155828506029074,-0.09861029840054374,0.059878570445632766,-0.1077833367886406,-0.07397110250167147,-0.014049783538421987,-0.07775283447583985,-0.0987521491731864,-0.0037942639923928987,0.48306082651662363,0.9284316864121827,0.11666903047525752,0.6941419616907377,0.4151835151428735,0.475184648956795,0.1543995091448929,0.44454920460550196,0.3406433125967829,0.32316239857439527,0.14567430767332873,0.33080933445181077,0.4020964041580768,0.34027507296877496,0.16503518685355473,0.0028000816956321646,0.15048152593173403,-0.03335564557779156,0.024378197407774662,-0.0005588335239516542,0.15275110432882816,-0.041667987888468316,0.0554160349300436,-0.02819208394311408,0.14061968698133112,-0.06864273028317866,-0.015481013536764536,0.008910626117943195,-0.03144685555518692,0.06235460678793593,0.023378469126169605,0.13292704824782364,-0.006432539433897079,-0.0020116755736013206,0.00019315979064486686,0.11313256375635365,-0.004763098160354102,-0.05916963585451748,-0.08965995632200705,0.03867735853033194,0.16389265994627775,-0.1588768709581786,0.04316810226299526,0.07192164194969454,0.05938290143297521,-0.03311699054239043,-0.0954966592735981,0.0541483651935374,0.7720396452754276,-0.19552189089660635,0.2796307210273488,-0.12255025708338868,1.0,0.07343690467527872,0.04747846095325286,-0.040745108643441205,0.04870777870831262,0.11562643693020655,-0.090910728770803,0.04666079333201082,-0.0010707980031831195,0.0072645557447631685
ABW_ACT_acceleration,0.04295908005276035,0.08040738778170793,-0.05579467099691325,0.008973440834854868,0.07024948517993038,-0.08937864442651137,0.10311613004570436,-0.11921765165817058,-0.01605073776470301,-0.06211689633092893,0.08704423594968659,0.01891412568295468,0.08216800720469747,-0.049839500394453666,0.027807116088951245,0.0677959499997019,0.006833919143960401,-0.023532190991517186,-0.0919123692886594,-0.05262392804696748,0.029815867974111815,-0.035598779795763556,-0.05516539540432923,-0.012377643267401824,0.015279490820977808,0.14043319594266507,-0.05459010026479636,0.03537144277496215,0.016247943611142842,-0.04133834188672505,-0.034386141524845336,0.02041195942938413,-0.03633025176614657,0.026079225235585608,-0.006863463399307133,-0.039441469874687544,-0.03633025176614657,-0.04873049401068506,0.01846798718048291,0.12904760017643988,0.010815389612660656,0.48820535364891277,-0.03021620914304966,0.0022693130064739436,-0.03575860698893048,-0.027936951857546855,-0.045581694863021716,0.008000742980089983,-0.04276516511776992,-0.06849027599123199,-0.06472813106771093,-0.1816388248507451,-0.07512376397248123,-0.06281232080967308,-0.035628048638681416,-0.04941432786020271,0.01276784738370137,0.038655161430994206,0.01741954743039087,-0.019643612635734782,0.03571197512409836,-0.03333391460518914,-0.06643657855248804,-0.02831989902708956,-0.018344445956869126,-0.011090587079329426,-0.04221258344237121,-0.00694123974005677,-0.49383922302891586,-0.0501383846689662,-0.044505341258022114,0.04839468778580182,0.07965027916116993,-0.01648080747571133,-0.028860030089663504,-0.041229789946801834,-0.045953990068747584,0.20970379434743092,-0.06294339462039152,-0.009083717336768653,0.13902960292296168,-0.06988505823326563,0.06722413268559374,-0.07084029541918367,0.039741363052116535,0.06601645955401751,-0.004628402358788629,0.04345194799586044,0.020665519453270935,-0.009570776942356382,-0.007027877747295675,0.01148445090378508,0.04483391146416593,0.048197989243739414,-0.010635747088306294,0.05743275501685607,0.031228279328519362,0.046275691593742056,0.0372783739074442,-0.027702076200456383,-0.05188350551662345,-0.004353472188873249,-0.03217492551359475,-0.010303408071114137,-0.007270064043824844,0.005416409027657762,-0.01717518501965965,-0.004547968830357395,0.008419726701091384,0.0006706174571400698,0.0013993087586931972,-0.01306263542964798,-0.0006935599139994956,-0.0026049339777266776,-0.04412675791473049,0.006506279223175953,-0.008047059033167232,0.011686655221316268,0.011527494931222196,0.016318509784039363,0.0029944641224773313,-0.46851455464792274,-0.0035547978643412194,0.0922283506048751,0.024965446127961765,-0.006570647599486033,0.9539756436529596,0.7641846532871805,0.007815363753881243,0.548967607753844,-0.016230520243779196,-0.032655591138587604,0.059694012718308716,0.0028617326252245723,0.02118645511855026,-0.005034781674989289,0.07343690467527872,1.0,0.223969848577073,-0.009347130994527823,0.07325502295691289,-0.009934950780636706,0.0355757039139137,-0.008058379073250299,-0.03171799445324229,-0.026006501295280773
ABW_ACT_volatility_3,0.25674912127809485,-0.009034278473480036,0.06795383279271763,0.2520353864798227,0.13222530234370303,0.017537471872000634,0.15541944906199828,0.12259434283183235,0.1381442734725753,0.03646854274595209,0.14651071006815775,0.16942976548224659,0.19424066565747689,0.13786676326131525,0.12352035458244656,0.1259218929765062,0.22492618009257537,0.25465297639760903,0.13879789272312937,0.2811707362734681,0.0018491340146147754,0.22109222131309517,0.21787849515730726,0.04231703024531788,0.1247383950613139,0.011044406450854052,0.16195918228450273,-0.051126036377086265,0.15728524667883448,0.060789965872373695,0.25392776067460193,0.2372502721761486,0.41195814811866643,-0.037627748991917294,0.40317972487790626,0.41226903915241214,0.41195814811866643,-0.19634493401275027,-0.3977198528617224,0.3813234074301896,-0.17277090414710572,0.061107480216483406,0.4062624099728352,0.031793809778258214,0.39916987350580446,0.28215814200838446,-0.45909338831631585,0.4466380895817532,0.40437296291786534,0.3063296674514588,0.2698092845786182,0.3483558114958842,0.3039969794424856,0.3270112933519281,0.3228223377173582,0.25329247110644,-0.0350319249382547,-0.02461560152734882,-0.05876070784185645,-0.13918676031534702,-0.2277148629683264,0.3451993685677919,0.21029725917180567,-0.24676802027320266,-0.2680195606700463,-0.24156239842368887,-0.24436227067339583,-0.16719926872088267,-0.13429389620589144,-0.3203288153579951,-0.22839127274358145,-0.28711099471567963,-0.19371061700895414,0.2643853256928807,0.3258103076032449,0.35356085737329873,0.36084631093015873,0.9333182029950287,0.23289352745979217,0.4690258095345772,0.6897186074091227,0.2632919083041367,0.5113592706134512,0.17770378598901404,-0.018519551564699758,0.03809072806660644,-0.049875656324091786,0.015920261840194867,-0.0015504605207742532,0.012530610276051622,-0.05197040725737766,0.03227033680504993,-0.04196127809693693,0.0034743006850728978,-0.056308227601838484,0.03638018105862138,0.012817703274042483,0.24657763506965572,0.4653683817030796,-0.25713921607583695,0.1119441354169836,-0.2698988937730996,-0.2431663342360816,-0.2691576542284786,0.25710089571085515,-0.31979431102465006,-0.17387729497155993,-0.28081597589248036,0.3137894081579944,-0.37052391042592897,-0.03091450663190904,-0.1856239393895173,-0.5297355874042184,0.23835950267371261,-0.2644400544645,0.6088544623403939,-0.56905261786703,0.2570710183434135,-0.3096635815017631,0.5714856267425944,-0.5943853602356248,0.10913025854620124,0.1990954666428697,0.013281582392498983,0.1537395695535922,0.23429580639443426,0.23354773564462203,-0.008563091767491803,0.7087534326834165,0.35982218972187713,0.03328535268029012,-0.008688236242103617,0.0587500705738992,0.0892621837994535,-0.030546968776324623,0.046447762283118615,0.04747846095325286,0.223969848577073,1.0,0.08891764802428453,0.042639349225221806,0.10419230619673633,0.14436083577545794,-0.44684593751192236,-0.017875821234115515,-0.010419696336336675
DELTA_PAKAN_GR/EKOR_momentum_1,0.0884921587498107,-0.03969137549020358,-0.12188666357582563,0.041346136795599946,0.006916387792293431,-0.10080428401876602,0.02886266553185677,0.007828222430922613,-0.09884421389832328,-0.052882521267320896,0.0071696417971739215,-0.05143905195748029,-0.014421045930655435,-0.038007187471915616,-0.04611619638557842,-0.013487022247962803,0.011611641281576822,-0.031105264685191383,-0.040300586009083574,0.03269749737534925,-0.13857797478679995,0.0811007555049923,-0.017786403196094605,-0.10132473180753908,-0.035506479932092855,-0.07401992091712853,-0.0016734047928826294,-0.09023484355648795,-0.05002598610640864,0.04662218178853114,-0.04934881544564734,0.06270631212107057,0.007249413729344259,-0.07394139027611918,0.011897875312162291,0.008423801421920512,0.007249413729344259,0.3623963377675915,-0.001992543685346833,0.039973524700342315,0.005070784329007406,0.03772919302898924,0.013563499992001706,-0.022861868805288843,-0.0017992146760214384,0.034577497152930035,-0.010704157212114351,-0.01649700893857649,-0.03060508496998367,-0.042593370086555477,-0.024213311015991074,0.06007374359614707,0.004675811945411528,-0.03650125131915343,-0.021571215987026413,-0.0008640168440463981,-0.06097185065153963,-0.1108460290578343,-0.035177240972261985,-0.018922803047577333,0.005368326071895732,-0.005229824586120305,-0.03214386571237432,-0.24581428365271285,-0.18159237990446964,-0.12298733259226002,-0.12014913384390653,0.01684634005846796,0.08248446639570306,-0.02195872336444556,-0.11818879867683914,-0.05553137010147154,0.02965447840339217,0.48475271346499904,0.15614605011544483,0.05206788146778864,0.04139414262304598,0.05613560432657982,0.028241255354477246,0.051450759417734054,0.10623260331097299,-0.009953938277304841,0.09613329223175046,-0.035585717412946506,-0.08964627759485669,-0.014482576900407681,-0.11411057920779018,-0.09247168057571162,-0.05376690220767249,-0.006297401177612582,-0.048806484605983844,-0.06520847435189832,-0.026512771356469997,0.08249396426151483,-0.05119385600310914,0.020717969053850566,-0.06421915479703025,0.00040397348440781726,0.051345371920796384,0.021016774187453034,-0.12107545727798717,0.054402532402664946,-0.04772482763195556,-0.013695979222649512,-0.10123816812793437,0.02922139736564603,-0.024872266260277016,-0.020709991175203214,-0.06613175681020994,0.020372281613359897,-0.018283748824504075,0.02002407492107289,0.01720632793211972,0.060697885322176716,0.008966662200454062,-0.007004022084482567,-0.024666979557439503,0.06215004126867877,-0.021747457549390344,-0.009316708529192206,-0.04746998712119965,0.07137254034658302,0.8394742137127659,0.4771075355525925,-0.0349435345749213,0.5255805430327423,0.007555177415267712,-0.11432855085372434,-0.010194471844396442,0.10217510454420708,0.00642401837267434,-0.0021596444229606986,-0.038995027181139175,0.0488055358556369,-0.07588820323385213,0.03801931220436506,-0.040745108643441205,-0.009347130994527823,0.08891764802428453,1.0,0.5721868112555526,-0.08224970656751439,0.6081392734354667,0.016832001506174206,-0.06608027554746718,-0.07316277569034979
DELTA_PAKAN_GR/EKOR_acceleration,0.04616592508477671,-0.004912304078748382,-0.02894809917191188,0.14828092632441175,-0.0011825111910990851,-0.04845110139997496,0.08462672153587353,0.09450653310301191,-0.08349374476684135,-0.04229841522458262,-0.07616085918879556,-0.04860778662552861,0.019259954007036707,-0.0340544656534492,0.09689618553658878,0.0022859490184553364,-0.07940683045697401,-0.01227896930174235,0.06662803470652116,0.01704925691948107,-0.03615226460521645,0.028411579546489932,0.0646158488045225,0.14455678269559075,0.005016198349475018,-0.027736236897311816,0.058328977808135424,-0.050150051705107654,-0.030690384141149534,0.045511751704762425,0.026181409001863463,-0.011890477701523296,0.037569876893047534,0.037057712368600414,0.036517901513525894,0.039145648529909434,0.037569876893047534,0.06897497073938658,-0.019348122503869518,0.041139220800750456,0.0057949682248755584,0.010114044940258287,0.03433234335264643,-0.017935602061629127,0.02913162044004292,0.02912236751350806,-0.029573310218392174,0.03014024573242609,0.03884360786941432,0.04228055443291655,0.045574254896823506,0.03290255080842135,-0.008885365942887913,-0.001964696346988669,0.03221282383036509,0.06359422006938036,0.009176003518450233,-0.004940016140179991,0.06549790801362379,0.0006911299591236513,-0.039307443566270715,0.021466243733677635,0.017979733300584735,-0.37031819751316997,0.07435691591811909,0.06775731954054388,-0.02937062624026907,0.011216849662529938,0.022059052532403773,-0.05161729332959675,-0.06159129517915317,-0.03805553805597768,0.01759284524773114,-0.042815601178289205,-0.06442790324419394,-0.033233020836675335,0.023777914288356322,0.041981889436126754,0.02134033200073752,0.029066871178712914,0.03768624142737864,0.013711777708722589,0.021370790952522135,0.014250088325045675,0.02470416236321193,-0.013228877134488453,-0.006697679629579769,0.020577473893479366,0.040188922679729074,0.00027235137677094495,0.003751187641187701,0.04489615932135371,0.0305308199002755,0.01742190209015316,-0.028521616116056376,0.050365236188216006,0.0488111996509642,0.05440106110288747,0.03781024739194013,-0.046946679761023624,-0.008448005920262408,-0.006604966053165154,-0.06729625763777375,-0.01781780188317852,0.03688871415903902,0.005618920211399346,0.013078564175840595,-0.012921825526434602,0.0370230380080709,0.008489431226874388,0.0015058822842878433,-0.003331165881014606,-0.006911217308517029,-0.014152337985405543,0.002127964123580901,0.061533210865149776,-0.0259914816351588,0.0200504842599207,-0.018441020194244963,0.07302987465895365,-0.03958534469303186,0.05726057659256171,0.47636662705934085,0.8654102865513422,-0.051315403730422406,-0.049006017900098855,0.051075428012539364,-0.012442443162717498,0.020906500545891625,0.11120973538840985,-0.0027792017595687554,-0.05346513271364645,0.038420170829946525,0.015456618918491675,0.038706896651842744,-0.033296153121077025,0.04870777870831262,0.07325502295691289,0.042639349225221806,0.5721868112555526,1.0,-0.07639404760762074,-0.047198624924104815,-0.02983602751926237,0.07685232367537889,0.08065655980708189
DELTA_PAKAN_GR/EKOR_volatility_3,0.1828022477728253,-0.12663280871986182,0.2925423973223955,0.20841776459730035,0.11810387464475244,0.13549117547463946,0.05486919674381441,0.1283836453377171,-0.012360554351264584,0.07516069611987078,0.1476587978046244,0.2697617585275887,0.25332059618443387,0.16547411236367326,0.16237555645458435,0.24902845926963466,0.12305580783614213,0.26464243114054953,-0.04330406848685766,0.14772754521029796,0.1090868472980883,0.1810508702304268,0.19114201926565658,0.06857457036854857,0.15458111783211953,0.08346067286913998,0.24434196253785564,0.13135755160207066,0.1901540305653977,0.09810868411342637,0.39598634886891726,0.18878882913257822,0.11178487309498922,0.1881190796763153,0.15845435617280876,0.11227615569258578,0.11178487309498922,-0.301394460338756,-0.29685650942375247,0.026573527488334796,-0.3579469884949518,-0.2003737508759316,0.09647788037074688,0.23538896272924792,0.11429980638324255,-0.07525602943667771,-0.3014812172697372,0.17630523962887087,0.15954855730157202,0.18933495112816406,0.15010050843605757,0.03085118354511813,0.051278712517910906,0.05294058520405425,0.03329725370992592,0.09841793983223447,0.11065529750264576,0.08674407123374071,0.0792209627955847,0.04169195989783632,-0.04527977938016362,0.11124888099135888,0.15866524291490644,-0.2469684523134794,-0.20351759052900456,-0.15437314260877194,-0.18587866759208643,-0.033809851254563004,-0.1777105605793218,-0.13400037740001783,-0.1600458555336564,-0.21477500178596248,-0.17060700179500904,0.18376641069120392,0.03307178738967308,0.029387905140880008,0.03786775634834043,0.12371709003597256,0.01952610437680401,0.05723870847192447,0.06419575461630493,0.03260887178770224,-0.008197374191858753,0.03651863269253047,0.16506062716334463,0.1145794942573624,0.14099603241212222,0.1589317797644839,0.17795368807991835,0.14957897336059564,0.1868227675817667,0.22044983718762987,0.12785521899926638,0.07143029771000842,0.21806548873318873,0.17911440535617518,0.18116273917524964,0.18373408267724906,0.17025441538189764,-0.3216264398338665,0.7640314727254741,-0.4855630891073123,-0.06734573708056096,-0.33968137651140184,0.6273341637848289,-0.4937761621309978,-0.04118014562043452,-0.3292366653190092,0.521169288775893,-0.4640917343752525,-0.03215340057656019,-0.17897119166394349,-0.2461284674392524,-0.12834610254895204,-0.2554567807508092,0.12517725903776503,-0.1825748219778022,-0.16313622501410951,-0.31672836190391396,0.20087992547438147,-0.1985585585939625,0.1260035629049725,-0.03715248369316426,-0.05074195258294558,0.8321790733157378,-0.0774562437748387,-0.010975392984304127,0.052654615577358045,0.1589561685373617,-0.0938025498139996,0.0672962887573323,0.03245441369303642,0.1648168705804212,0.09058743154860187,0.19708144697192473,0.05038101734376364,0.11562643693020655,-0.009934950780636706,0.10419230619673633,-0.08224970656751439,-0.07639404760762074,1.0,-0.09761512388472139,-0.17661390763918938,-0.032041322820604005,-0.019080020190417837
DELTA_PAKAN_GR/EKOR_trend_slope_3,0.0691542891508513,-0.0776689900518087,-0.1439729156587252,-0.04032235442268172,0.021182487143126396,-0.11728804338585418,0.015201465107122707,-0.04407260532150641,0.006218271788685471,-0.02032924447367333,0.07592875751110881,0.015908843541908496,0.014566809261686034,0.07606037807675452,-0.15850894678221453,-0.018272424382653057,0.0451661118923002,-0.028053481547218605,-0.09706975984321077,0.000658084181791672,-0.14614551309745052,0.044902427092312916,-0.07704796487021305,-0.26979678448490113,-0.04619963740045916,-0.11672159903344723,-0.06341891179211501,-0.0598251161118252,-0.08932495422615701,-0.02373247741389225,-0.06447165682398184,0.02849856038013154,0.06085138418504971,-0.11609548668679055,0.07030792361940741,0.06003647285421242,0.06085138418504971,0.4029779209641272,-0.04949620053703055,0.10509401302156765,-0.01731628790941553,0.034735969961477216,0.07548108522731081,-0.017379498496614517,0.050959769520130045,0.08654339237091242,-0.04942093293338696,0.04194859043405456,0.014107477912161612,-0.018595080513891415,-0.013391255167609011,0.10382023839544395,0.0832783146062772,0.023820692748309894,0.003875946562607469,-0.003451248228535384,-0.12095301649677166,-0.12413537075649575,-0.11016185653832603,-0.07168872714810312,0.0005584325613643006,0.03790271894480221,-0.008736205273278824,0.03810086785619323,-0.37559491345924445,-0.26232849119513135,-0.1550635323130677,0.007537406995206778,0.003924930175670196,-0.0033655996559470635,-0.12667433709668796,-0.10900137922514123,-0.009407142957505199,0.7360408388571994,0.3476079504465982,0.14963384511926292,0.10501953319234432,0.11025898622708372,0.08375279051899003,0.11763305105396306,0.19947146467892232,0.014877147109668571,0.19416664319992558,-0.04456906830808547,-0.13798046305572723,-0.07301713819729481,-0.15249932437481492,-0.1272359856070727,-0.09050373759108259,-0.030177906175529096,-0.08721435030752507,-0.08656157255058064,-0.04997525405113786,0.07930651886183485,-0.0930183001606954,0.026747628035269803,-0.10591497785938712,0.02501123018828012,0.1268857761094568,0.05336459488762138,-0.12230537548263735,0.07162359449414983,-0.011642756099498212,-0.03282284887398741,-0.10501010817203164,0.0012732021014736224,-0.05556093226791682,-0.06050988201920085,-0.06079304024716096,-0.01817895725467609,-0.024979408600966844,0.018214558048820825,-0.029782407638282368,0.08139297328220339,-0.04328080127369935,0.015896137576138173,-0.09230276844976433,0.08247212894503296,-0.08097025959836565,0.018268968737179304,-0.11303521381317819,0.11037464689081689,0.5701563252095951,-0.04625564672502158,-0.049986507809336715,0.8929730895018104,0.0607263442648563,-0.061902123507902786,0.0323272346728912,0.09467178307366543,0.09043963196413703,0.057418265713502524,-0.096357050707573,0.07586388699901075,-0.11620103419414118,0.12173896275429642,-0.090910728770803,0.0355757039139137,0.14436083577545794,0.6081392734354667,-0.047198624924104815,-0.09761512388472139,1.0,-0.04187527491508955,-0.08863030874584968,-0.09697348820107166
FEED_EFFICIENCY_lag_1,-0.17273183018706925,0.07465183318744166,-0.3003317438362712,-0.16435034262709605,-0.3232568111810292,-0.3190629977695227,-0.08914025090618485,-0.45975029737699374,-0.31495743136908666,-0.34082750089159913,-0.30447999421033467,-0.2734981367859438,-0.39530658497244714,-0.37813153362598123,-0.28305506134434805,-0.03676508838055073,-0.41048054355429164,-0.3024500997823748,-0.16026017897535672,-0.1708719550686878,-0.2900367752757129,-0.3677381942198926,-0.2839886444342829,-0.32703762318948404,-0.19848548161401486,-0.11537147734647468,-0.38789637813192657,-0.08559071244591096,-0.3814300440016081,-0.10205580752516775,-0.5231859037476623,-0.3014656045675176,-0.9802337057497955,0.15244137929169516,-0.8275284498658438,-0.9797191728362504,-0.9802337057497955,0.28835662509776266,0.8042983068123783,-0.9013316178008703,0.20177900732308027,0.06128452409637338,-0.9512826538143292,-0.007660713874239983,-0.9762255723442649,-0.8309143724203532,0.26465164410611103,-0.9999930357872144,-0.9743004399129785,-0.8869198590896348,-0.847774942081945,-0.8926602852863861,-0.8966012679348546,-0.9015231130206669,-0.8911078025245734,-0.7493954290289532,0.20602880275580127,0.2332755956104245,0.2931752759019182,0.4712428490883216,0.6599365684441759,-0.8542017858211146,-0.7822357437586593,0.2718259245318393,0.2685018204733883,0.2605112882085619,0.2573248154780235,0.37437814722134977,0.16690999022471498,0.2301851037804381,0.28579058950368585,0.554269934058705,0.6994832096943736,-0.36455930102840317,-0.5896715328327373,-0.8103243400257285,-0.9169325851527369,-0.3674636436843195,-0.8838956682338052,-0.9271114266388654,-0.5243388484833391,-0.8790616066244902,-0.6654262588218133,-0.7789724720856798,0.21542798665227067,0.0547443863599063,0.19777638831131067,0.18941381365292798,0.26525478285208864,0.0969269329565761,0.27915092788449036,0.18147154605198412,0.41801129905906664,0.16031531050634842,0.40917839962877517,0.1755997014921124,0.11845319604628969,-0.12562020161920726,-0.5410853201828867,0.30163352656699444,-0.1876122408978363,0.3338625883432202,0.22866371772452188,0.31421401163746077,-0.35143533611729105,0.39241915959009166,0.12381521228875399,0.3051323048324847,-0.4023522477499988,0.4797620541277315,0.0188542840582192,0.1740584674089464,0.3505167663079137,-0.014387015661835164,0.322466775997662,-0.3504508049764612,0.4823776090633722,-0.05841684077522098,0.49345452191307376,-0.3315298671216656,0.6149887766168135,-0.6232868700427914,-0.1938972184557132,-0.017693974363277916,-0.14561488862904728,-0.2841061952380476,-0.08858887725988268,0.06577697574927616,-0.3557277930288397,-0.056005182245369586,-0.11147956482457248,0.017024396812333465,0.044687926632593085,-0.1974170053530481,0.1304268195181015,-0.10160988550358219,0.04666079333201082,-0.008058379073250299,-0.44684593751192236,0.016832001506174206,-0.02983602751926237,-0.17661390763918938,-0.04187527491508955,1.0,-0.1499130202782776,-0.1599392639093919
FCR_NEXT_1D,0.10617552569156406,0.03756160701643139,0.10063770976292587,0.06541278870135697,0.1007400759210245,0.08184744512307493,0.15558225421786936,0.11257186498840141,0.11095625982192261,0.053073407413670094,0.03265166372185624,0.08307713243174654,0.14478827399428265,0.13844170492352947,0.1724820785143497,-0.060994271386844615,0.12991981293966665,0.1483697087098727,0.007644093199729893,-0.0007452221459980503,0.043393959709620504,0.046350302132081994,0.08231050464347525,0.0877567116275644,0.0901522114558411,0.09062792177781377,-0.049573876154194715,0.04703074065671872,0.14582349691670543,0.035977788079807387,0.10010800323461044,0.054706705752585634,0.14919170815689178,0.03262405609429466,0.03795132980126964,0.15012056368479987,0.14919170815689178,-0.006176055389123094,-0.0464389052202828,0.11310198872588091,-0.048188639959846444,-0.04578339372671934,0.14661706096128704,-0.011616020616215613,0.15191153269724386,0.13390008273132722,-0.06987195544802931,0.15008372486060648,0.17131115195503238,0.12955676709651853,0.14278011970799492,0.11927378571633926,0.11356337365737643,0.1197797399582797,0.167746200707887,0.21753284345115775,0.00892071667487192,-0.01699249260411598,-0.04511918364797264,-0.1340625380959314,-0.258566325167202,0.05467885000257553,0.07788788477270932,-0.002245586801803028,0.030144120119875824,0.043444407259259216,0.07594263315869801,-0.10562190600772221,-0.013514150549976076,-0.02206442551820852,0.010924830190047738,-0.0006839421842864361,-0.10477684465893446,-0.12010583817268213,-0.05797375115871796,0.06406576717132857,0.12249051181300148,-0.014448511231794655,0.11424288488589868,0.11785938480879006,-0.010082222131526718,0.130491559433347,0.07935462728349205,0.1731134621129615,-0.008447170592922288,-0.0777993038799673,0.03222996948097115,-0.022344738327010102,-0.05447747710238651,-0.02574015994740207,-0.05228203885322104,-0.060254423253463765,-0.1406508222896855,-0.10081675169223622,-0.1495656951281975,-0.12126791121454711,0.016390441258879396,-0.08986810100052298,-0.10254862981956829,0.01771241878236015,-0.004622764185853446,0.017322966805876513,-0.001158360838411537,0.06404978823035343,0.06830966278868698,0.024656727185635743,0.022619147342765746,0.06863715252624586,0.03482595255570895,0.038079210001701065,-0.029821116927580806,0.009403130423862453,-0.05625932484230684,0.0009290184270574909,-0.015408281850976915,0.09514797710152155,-0.07419991351770297,7.223902724714653e-05,-0.11145012744806695,0.10831756229535154,-0.11133749697930904,0.1594116359413121,-0.01667353564672744,0.07341623934199804,-0.09840385913477408,-0.04653114697322528,-0.03233568705671841,-0.027811966507688957,0.03718170439027846,-0.05540709689663632,0.03138058114310605,-0.042169994097810894,-0.014935384060948494,0.008370897036991969,0.03862121543038455,-0.029874375190899496,-0.0010707980031831195,-0.03171799445324229,-0.017875821234115515,-0.06608027554746718,0.07685232367537889,-0.032041322820604005,-0.08863030874584968,-0.1499130202782776,1.0,0.9893650999632992
FCR_NEXT_3D,0.10250069393750896,0.030550283683117692,0.11196631927892395,0.07376440513951404,0.12373589637122509,0.08134206021089214,0.15633515608345394,0.12498699095544286,0.12543735176473184,0.07485596761428348,0.04128648205326092,0.10279072057919088,0.15776633491779288,0.1531632967574171,0.16487597902621332,-0.04466621435861633,0.13907529675419428,0.1503376610177329,0.005035419811418445,0.0007480777948314322,0.05127781922897661,0.05095262192690468,0.08318097071579453,0.09914900162893299,0.11226055126477405,0.09346752457098036,-0.04723331215661394,0.0625792656108766,0.15274366099334166,0.034646123732692415,0.1182343536937317,0.06189332078689605,0.15646868197959296,0.023232631973577122,0.04543202041637331,0.1573382875611714,0.15646868197959296,-0.027771337643828557,-0.058312163650183685,0.11537856986540669,-0.050740149171548087,-0.0483138067291401,0.1526942041820323,-0.012558661919142155,0.15890116527808718,0.13345038912069648,-0.07688881590669837,0.16009480563828715,0.17759402667253466,0.13661351502891667,0.1515148082112956,0.12048918100798957,0.12013729587427772,0.12346407476450014,0.172335956843108,0.22780882984748174,0.004896049291951883,-0.010416778611408398,-0.03853195578833364,-0.13957913000304012,-0.27204581913190445,0.06166770013572017,0.08584382842010975,-0.013627973742222946,0.02908228598313836,0.04815893459063172,0.08463650901503328,-0.10768206751415652,-0.014312179002162057,-0.009998179133339611,0.008298911312405389,-0.008206145384740156,-0.11008525544330762,-0.12262348148453053,-0.06905772943779864,0.06251723934802114,0.1259782703363401,-0.01012832263678521,0.11632017400020066,0.12382823274127222,-0.004294262343246817,0.13341291780925044,0.07771862704088166,0.1835192915907268,-0.008419348775609025,-0.07085488838027228,0.02697869885768288,-0.020167324307850506,-0.04805263457253035,-0.01684424973568249,-0.05126028163414491,-0.05236632822408046,-0.1408361288659019,-0.09694358375454505,-0.14538086271165607,-0.11971424162646299,0.007914515213458213,-0.08238350765376622,-0.09932304817782267,0.005976707238021396,0.0053879712678966156,0.00490024710203506,-0.009154331726265598,0.05999167560409325,0.08339203248268838,0.01723917237430173,0.024569153640036593,0.06434054916616261,0.04938168223784214,0.02989485082844338,-0.03059438395123648,0.0102113153467876,-0.061536795875265185,0.01138608508690802,-0.022905552451103393,0.1003591857912135,-0.07704228777493835,0.0029728014584779012,-0.11325666891114262,0.11539638466166025,-0.1146307086720289,0.16549199512992563,-0.026023538617930626,0.07428469609096794,-0.0875375828172682,-0.05278666942360642,-0.02977807127578115,-0.017580012397109993,0.04166999696042941,-0.06626169007378918,0.03273998662878166,-0.03458346587817457,0.0017165116610985544,-0.0017766225772736152,0.028126478644764575,-0.02609680641727457,0.0072645557447631685,-0.026006501295280773,-0.010419696336336675,-0.07316277569034979,0.08065655980708189,-0.019080020190417837,-0.09697348820107166,-0.1599392639093919,0.9893650999632992,1.0
