,temporal_0,temporal_1,temporal_2,temporal_3,temporal_4,temporal_5,temporal_6,temporal_7,temporal_8,temporal_9,temporal_10,temporal_11,temporal_12,temporal_13,temporal_14,temporal_15,temporal_16,temporal_17,temporal_18,temporal_19,temporal_20,temporal_21,temporal_22,temporal_23,temporal_24,temporal_25,temporal_26,temporal_27,temporal_28,temporal_29,temporal_30,temporal_31,AGE,MATI,JML_DEPLESI,STD_CUM_DEPLESI_%,PAKAN_STD_CUM_GR/EK,DELTA_PAKAN_ZAK,DELTA_PAKAN_CUM_GR/EKOR,DG_ACT,DELTA_ABW,DELTA_DG,FCR_STD,DELTA_FCR,IP_STD,IP_ACT,JUMLAH_AYAM_AKHIR,FCR_ACT_lag_1,FCR_ACT_lag_7,FCR_ACT_lag_14,PAKAN_ACT_GR/EK_lag_14,DG_ACT_lag_1,DG_ACT_lag_2,DG_ACT_lag_3,DG_ACT_lag_7,DG_ACT_lag_14,MATI_lag_1,MATI_lag_2,MATI_lag_3,MATI_lag_7,MATI_lag_14,JML_DEPLESI_lag_7,JML_DEPLESI_lag_14,DELTA_PAKAN_GR/EKOR_lag_1,DELTA_PAKAN_GR/EKOR_lag_2,DELTA_PAKAN_GR/EKOR_lag_3,DELTA_PAKAN_GR/EKOR_lag_7,DELTA_PAKAN_GR/EKOR_lag_14,DELTA_DG_lag_1,DELTA_DG_lag_2,DELTA_DG_lag_3,DELTA_DG_lag_7,DELTA_DG_lag_14,PAKAN_ACT_GR/EK_rolling_std_3,PAKAN_ACT_GR/EK_rolling_std_7,PAKAN_ACT_GR/EK_rolling_std_14,DG_ACT_rolling_mean_3,DG_ACT_rolling_std_3,DG_ACT_rolling_min_3,DG_ACT_rolling_max_3,DG_ACT_rolling_std_7,DG_ACT_rolling_min_7,DG_ACT_rolling_std_14,DG_ACT_rolling_min_14,MATI_rolling_mean_3,MATI_rolling_std_3,MATI_rolling_min_3,MATI_rolling_max_3,MATI_rolling_mean_7,MATI_rolling_std_7,MATI_rolling_min_7,MATI_rolling_max_7,MATI_rolling_mean_14,MATI_rolling_std_14,MATI_rolling_min_14,MATI_rolling_max_14,JML_DEPLESI_rolling_std_3,JML_DEPLESI_rolling_std_7,JML_DEPLESI_rolling_std_14,DELTA_PAKAN_GR/EKOR_rolling_mean_3,DELTA_PAKAN_GR/EKOR_rolling_std_3,DELTA_PAKAN_GR/EKOR_rolling_min_3,DELTA_PAKAN_GR/EKOR_rolling_max_3,DELTA_PAKAN_GR/EKOR_rolling_mean_7,DELTA_PAKAN_GR/EKOR_rolling_std_7,DELTA_PAKAN_GR/EKOR_rolling_min_7,DELTA_PAKAN_GR/EKOR_rolling_max_7,DELTA_PAKAN_GR/EKOR_rolling_mean_14,DELTA_PAKAN_GR/EKOR_rolling_std_14,DELTA_PAKAN_GR/EKOR_rolling_min_14,DELTA_PAKAN_GR/EKOR_rolling_max_14,DELTA_DG_rolling_mean_3,DELTA_DG_rolling_min_3,DELTA_DG_rolling_max_3,DELTA_DG_rolling_mean_7,DELTA_DG_rolling_std_7,DELTA_DG_rolling_min_7,DELTA_DG_rolling_max_7,DELTA_DG_rolling_mean_14,DELTA_DG_rolling_std_14,DELTA_DG_rolling_min_14,PAKAN_DG_RATIO,PAKAN_ACT_GR/EK_momentum_1,PAKAN_ACT_GR/EK_acceleration,PAKAN_ACT_GR/EK_volatility_3,PAKAN_ACT_GR/EK_trend_slope_3,DG_ACT_momentum_1,DG_ACT_acceleration,DG_ACT_volatility_3,DG_ACT_trend_slope_3,MATI_momentum_1,MATI_acceleration,MATI_volatility_3,MATI_trend_slope_3,JML_DEPLESI_momentum_1,JML_DEPLESI_acceleration,JML_DEPLESI_volatility_3,ABW_ACT_acceleration,ABW_ACT_volatility_3,DELTA_PAKAN_GR/EKOR_momentum_1,DELTA_PAKAN_GR/EKOR_acceleration,DELTA_PAKAN_GR/EKOR_volatility_3,DELTA_PAKAN_GR/EKOR_trend_slope_3,FEED_EFFICIENCY_lag_1,FCR_NEXT_1D,FCR_NEXT_3D
temporal_0,1.0,-0.0537158499867431,0.10412921674166196,-0.15849058305048253,0.16281023054872965,0.0828591808168339,0.3159827426765435,0.14552759856761,0.23170327138812932,0.2589061465534533,0.08977931850581758,0.042833319291269996,-0.005655329192016199,0.1454327201570144,-0.003377169978011503,0.20377153656838265,0.0707042600799248,0.1815500710348432,0.2341445862527701,0.13827681797194347,0.156818174262567,0.06166471937864335,0.2249141855935644,-0.0852906506489572,-0.010801811925668597,0.12090155888709862,0.031740296886548634,0.059094776717550014,0.20351338942000957,0.07263362412920527,0.11350319151865391,0.34035029417720364,-0.0754884214627557,0.07450747291287839,-0.04405748767596595,-0.07467711704080629,0.021614653253201298,-0.12048486656164446,-0.1374253913523718,-0.12074864162373775,-0.043165195479721134,0.016031073414929542,-0.12701480349228156,-0.1803736274237372,-0.1992731158247716,-0.19674895409873108,-0.0379138698229416,-0.18146728045810614,-0.16084250427484242,-0.06531735131281895,0.09261748818609299,-0.11751690756696685,-0.0936276465458869,-0.08301595406799665,-0.036253046340922856,0.13822642476952768,0.03714555911972309,0.01839439739166259,0.11984911768871757,0.16533837352396402,0.0621874387371445,-0.018713373356414868,-0.008502287485933397,-0.1294942244261911,-0.07162085063432133,-0.04984824520967603,-0.15354515400289614,-0.04710352807044514,0.027339327215454894,0.07862060535599363,0.08599392140639708,0.05863973445570457,0.1107743441017795,-0.1358056296005691,-0.21736169798631527,-0.21841849483928683,-0.11464756101462563,-0.05959612389734391,-0.10501762093153189,-0.11482266862444707,-0.11782251199362008,-0.05205999758797327,-0.21416784623746227,0.0467363474522393,0.05083085664511462,0.04664554131879802,0.059390688288389594,0.03583949234932249,0.09222602635033697,0.08799934064134403,0.0964239460902463,0.0696699174656604,0.14643072816235292,0.13239654870513154,0.11999041559334342,0.1155276542280523,0.021192269956216692,-0.07067981857466774,-0.01968428425974528,-0.11136741274572713,0.07656741306743699,-0.10666397467116116,-0.09547292750081582,-0.11083293759744274,0.03256397652739524,-0.08331740522724823,-0.1384551568501125,-0.12114993264597987,0.12763323752665076,-0.1007892460885168,-0.09813553860028486,0.049327680209215456,0.0671017045618307,0.008684174402918757,0.10314878708704069,0.004966395396685114,0.09291295922072185,0.0421256417563317,0.04777924448074308,0.06849668501159009,0.04799461435489717,-0.027017703830841486,-0.01917817623852873,0.09334164615464047,0.051194773799871626,-0.12934651182261697,-0.01972571291207539,0.047806501875092895,-0.015893170240099057,-0.062471604769966535,-0.00696878855228394,0.030222519283852375,0.05712120737549146,0.029298398196985025,0.03691183370068311,0.04559061738413994,0.04995968702112219,0.007634627709521214,-0.06269055240326767,0.01864847164653318,0.09440429092669327,0.059050275699108826,-0.07801954923732543,0.19052126045534773,0.009310914795508118,0.011852279354409731
temporal_1,-0.0537158499867431,1.0,0.1848309218613394,-0.012804003064326327,0.29213205237655293,0.24054042933795552,0.10983793362978167,0.2934771497466654,0.1992564490450071,0.10792126812303068,0.37095729027150487,0.22509230075744902,0.3675995220671289,0.2169282134802438,0.25824328817105185,0.15719363241673645,0.32043625272432924,0.17930756113745883,0.13212483743414002,0.22752543951322615,0.10428493869741731,0.1611142898610869,0.45344378587827827,0.18478776936381122,0.01398581951083403,0.20535237258285916,0.248296824180348,0.17079107389690773,0.3195114844848863,0.24470401947979142,0.1456433024986621,0.15359949519818697,0.13079297242691126,0.11262187110525362,0.14522615559121418,0.12985523392460638,0.1636254570345283,0.007296704053303191,-0.06393641352510027,0.10485858298699749,-0.0010223314719444287,0.021908634692240643,0.08735854301177272,0.015292725447171128,0.049426774373591796,0.04985055416464592,-0.11165791660481286,0.08801944234395509,0.09682476617523798,0.14107295184375127,0.19565099029855448,0.0967472349850421,0.06632978355078537,0.1089982599279637,0.15905100040038334,0.1889141322021395,0.1853886192424592,0.12483879967630644,0.10859690185897478,0.03922942137452124,0.05806321501064589,0.13434451795007452,0.16395052137631905,-0.005262188315412997,-0.06065194412892979,0.057136963594010604,-0.007266248751650384,0.028666416390598987,-0.02489641888500629,-0.12924463606482933,-0.02533277541521336,0.010737271774066423,-0.05980257801347241,0.06416504928852422,0.05326571741589913,0.06231972384728802,0.0926796046700495,0.2761553340268209,0.04475964350512012,0.1409483577766465,0.21422571246141645,0.08996033106514555,0.08415345709607555,0.16017142988836675,0.1487772689948873,0.2595017873515249,0.06450176509040677,0.21315125766167173,0.13364510962663867,0.25930340225729615,0.03409362860506037,0.2152303293010957,0.09852929389628634,0.22513763263236874,0.038455619302359335,0.21597073791005578,0.13033119201344648,0.1279108134948309,0.08989319441147012,-0.0205539122238344,0.021687052251540065,-0.0260116695230604,-0.016243805034112706,0.012431466212196367,0.17330082109477324,-0.05016774642010604,0.14183645328250535,0.03868087387051689,0.11897428394072608,-0.044599242075341355,0.13837438300986815,-0.05224262280517572,-0.1952581287924444,0.1273038512363496,-0.017385631841363332,0.2941427260723082,-0.17788234742072914,0.24314747510108664,0.023762049764108943,0.3030190128934073,-0.19726876503891896,0.14769714833517592,-0.000323246526758142,-0.08106646609826935,0.0951370629917867,0.0779419514740818,0.022209189061532818,-0.03901202936996595,0.2382645124683346,0.08659912831548634,-0.11784516040152972,0.03678000645590946,0.22344248850050152,-0.025204823678682604,0.10302806867337358,0.016308720511884183,0.16470777380752985,0.016718920808824533,0.2725049778988037,0.011571064656115071,-0.06194255354391766,0.09416441616987434,0.07598062321298203,-0.03925143515851261,-0.009510953264383651,0.0049990729151322645
temporal_2,0.10412921674166196,0.1848309218613394,1.0,0.13429322325417853,0.22546309906634218,0.37880116434663336,0.18404853932018478,0.24025832119427815,0.36441091961895455,0.062450149007131764,0.2205827503969219,0.3779818786891766,0.3762759401722597,0.27254695773370013,0.30915676781509266,0.2854707689907284,0.3089183781177219,0.23679676739611033,0.2657169632541029,0.28913373354711625,0.26853644490905765,0.28577783614641744,0.24217435457732917,0.24355332675674982,0.18509805046824154,0.32932449974668,0.24060423169656905,0.29794300239903393,0.3535407402220558,0.40796008102509096,0.1631512739401125,0.23482543785831791,0.2245142711959729,0.21834527650276336,0.32650596404691457,0.2256114221967696,0.2849331585452295,-0.26561011940632717,-0.3337500589863177,0.1498305486695363,-0.2460487825480337,-0.05410048407312205,0.07734210781107216,0.03931424410466154,0.08412670507405443,0.03949677790047488,-0.11306126048399863,0.0798349925571649,0.1679602426652571,0.26298989705605164,0.29646545164878624,0.17013666608126835,0.17135492629874163,0.15628024080675335,0.23870324786415326,0.3273457815585509,0.15835266469512624,0.3006447901046089,0.21037902851225856,0.08961353428153497,-0.029633211346818344,0.32863210593330294,0.34261169127875657,-0.2814531153246826,-0.24115037638269932,-0.2508331553493324,-0.15706347238400234,-0.21679793196215583,-0.04920902013139868,-0.09003746386338385,-0.182605106561601,-0.15909321500909934,-0.13744657485450046,0.10283139049474499,-0.009330107063187902,0.06460261484851391,0.1679790228033008,0.19665841458362548,0.14138238283395807,0.1882158763693803,0.1645468244467696,0.17564712185733647,0.03363175742198764,0.2847618995530793,0.2530769535661155,0.3199501964018766,0.15000159501864666,0.3146579743993912,0.20801675633626313,0.2790554094610024,0.07973014085110701,0.2721612498874706,0.17498053398326444,0.23884575024752902,0.06644252105860629,0.27558972943379323,0.16981438914958313,0.21036117719418448,0.24060065311758355,-0.28787810615096276,0.30008293152701987,-0.31201988931432784,-0.2056949358324924,-0.2742291438855318,0.3825588937899585,-0.3224219683703121,-0.11687551522576878,-0.2419914263042277,0.36584028453076933,-0.31179885356934434,-0.059657668722764616,-0.08797910839434846,-0.19589519612056527,0.06578784669577493,-0.16745367395196695,0.26761926825470517,-0.24257820478181671,0.0658463100011683,-0.1732730670811111,0.27059579495600355,-0.2473373125214065,0.18241844567902277,-0.0326131977567216,0.04768625242404098,0.14952209900545618,-0.09036892916675768,-0.04807427762669932,-0.005890531835426184,0.13051138403100943,-0.04207742177011849,0.03441131951550401,0.2351851053269331,0.3475861249014387,-0.14436131394414042,0.22003166296563528,0.11510268772891746,0.29958476444454746,-0.0282336230671426,0.18281525350306668,-0.039833497915453105,0.0537805427915129,0.15917073902532508,-0.11424731397960756,0.05376348529571856,0.08122979481237967,0.09484832443283785
temporal_3,-0.15849058305048253,-0.012804003064326327,0.13429322325417853,1.0,-0.02814332001244806,0.14191606676791885,-0.1543698959076155,0.18752090221807394,0.012898326266424724,-0.22537835380836818,0.10478081334017147,0.23653961965632261,0.2999761040116272,0.18531407976690956,0.07402118870646868,0.20731654338171018,0.18873572963753893,0.04441471455475137,-0.038488563588592664,0.02181660357733692,0.2706486169923538,0.283327158740624,0.08112462188844184,0.03416257981137393,0.14446237705336312,0.2643736448495021,0.17523974588515695,0.31128173605080195,0.06515138992132848,-0.013833848177267079,0.053878340366128444,-0.16444070414462278,0.34860824762299236,0.09119075247439154,0.3163257878127721,0.35253263111926164,0.3055284324576115,-0.09375017651702379,-0.2271633896933445,0.32351521019114177,-0.16146144293220968,-0.07693358560813533,0.21357154160666375,0.18462254743032022,0.329865491259553,0.2977728670918343,0.17509406665272628,0.2678493456267395,0.41965674028276756,0.3541047067897512,0.21664793727018727,0.3433458436197981,0.36099610607274396,0.3760290859881312,0.3326872061022745,0.18956543496283326,0.03832386080132492,-0.04788059779436237,-0.032736043846193524,-0.23487280948957653,-0.26815029342310737,0.35558400097702186,0.2845625631865603,-0.09826891346742511,-0.13014202541388153,-0.16077623773816901,-0.16202425446651236,-0.23055508093030014,-0.08437995249028875,-0.06508428841477798,-0.05157918857897817,-0.23054825111530983,-0.30266911655047707,0.17263320117611647,0.25623343672432347,0.37085084055400014,0.352549500714191,-0.023979036975936053,0.38671887337853217,0.3128208795551669,0.08885601856280431,0.3694175715743363,0.3162286905937966,0.25463169547426734,0.026126345242802104,-0.002006833383005103,0.02798718454393888,0.01861707079686076,-0.08854978714588876,-0.06543414943496151,-0.070052852831401,-0.0713574797403559,-0.14694523705250317,-0.06039382760703026,-0.1712031563444037,-0.04690058338324234,0.07643083264760751,0.049152533881111585,0.20532982515799272,-0.11215384690688995,-0.0003582295421444328,-0.08957617747708416,-0.12484263769426976,-0.1384748936717831,-0.0712757976834838,-0.053383267101765615,-0.228391376059462,-0.1326515343424633,9.817431491479643e-06,-0.06570005582844858,-0.14094560839696613,-0.10090291916758705,-0.07138119301221459,-0.0763522250970903,-0.14132044491872142,0.05759805877743812,-0.13909220170800016,-0.07052992377110265,-0.17102339299843397,0.042459700644666996,-0.18061926016373842,0.1976850408637779,0.06951399785777057,-0.0302568844075851,-0.024184482540765665,0.13884571460078723,-0.036285229138271806,0.0136578555286233,0.01318662431245508,-0.06563507705254694,0.06121643352025121,-0.03307169235734713,-0.033567969079889924,0.1414738940078558,0.10494835093364346,0.06181017761555924,0.031758691982272554,-0.024181284013205632,-0.04143954452257762,-0.005150705439725241,-0.031433379761965675,-0.0024548712734612536,0.025237197290213103,-0.10445989879465924,0.11327158541407009,0.12297214672521649
temporal_4,0.16281023054872965,0.29213205237655293,0.22546309906634218,-0.02814332001244806,1.0,0.31445095317318583,0.3036147901654752,0.34118102690597624,0.3579782290767804,0.30634944939990255,0.42524041392098644,0.28981596798783404,0.3796703188786767,0.37817765690913147,0.36433697423028716,0.23729136904596948,0.279553474656192,0.4322106018479791,0.24178825639099785,0.4263485934237682,0.10596985514245581,0.34245375064893463,0.46669241094714226,0.28868042754650053,0.016595189276182948,0.2181927467370828,0.506641207746989,0.27359113109233424,0.37737712453112976,0.3334529777960073,0.08884595959843135,0.3716928959003023,-0.00046445708151173897,0.2766037935373604,0.021874111282013074,0.0027832231327501447,0.06319224309562897,-0.06653009582717485,-0.0659048480195801,0.0025270283298477443,-0.03828547481037244,0.07323343133646561,-0.12823370227243988,0.05205800201336782,-0.14949045124789453,-0.16719855883522824,-0.26947905763475427,-0.13065007500259931,-0.022848849825816666,0.08953062304766693,0.10584446957279396,-0.058379702894638584,-0.040370789622524134,-0.017889415717194646,0.0975355020004537,0.11843881023510748,0.34319547564290576,0.29071709780616134,0.26113609963132517,0.0347019934268505,-0.025953195117644302,0.005324186136151372,0.0343596003535308,-0.11715374190191095,-0.13386540210019285,-0.039293907300908454,-0.04177580517399055,-0.04053797120319396,-0.10623489773639504,-0.0855450964348965,-0.0626153784925744,0.09253532610181428,-0.010782934376970019,0.0007708593521813963,-0.19465297063451262,-0.09636768087322713,-0.03391367412809231,0.30943036464658524,-0.0923635232754296,0.029017386622414106,0.20000522593521464,-0.020108278348432033,0.01975041074396607,0.0671626178563958,0.34100208223066236,0.292366592957842,0.2576376683826994,0.379517118336327,0.2412615849147588,0.22475435499207735,0.18922587156860654,0.2607424413827958,0.16362459210219343,0.11356721252528311,0.18270462441526183,0.1650586979933391,0.3399260246458159,0.17330541068409086,0.034068739876021284,-0.11821064629720042,0.1309333767993041,-0.11844130692917279,-0.08771326868718055,-0.046933702630237585,0.22904792449013991,-0.08569230753648584,0.053979646800483005,-0.04014685262769247,0.20246723576216558,-0.08491649313946775,0.019406907748597248,-0.0517415432416498,-0.21350546963136519,0.16228067956709316,-0.020445857934957675,0.409045676525163,-0.19791775570994724,0.2859201222008482,0.02574512031968613,0.42011014600556545,-0.1951469672896271,0.016262612989735574,0.02088240996933907,0.050800359738680974,0.13205924376713213,-0.0022995213541344124,0.12667585607159929,0.15357063744818933,0.2350657442790666,0.09324977695607145,-0.10023543690419258,-0.038859608619625965,0.33415281814034087,-0.06941077842406715,0.3059940767323357,-0.07904932870030357,0.32570627454494827,0.16585166939055976,0.2679860387385625,0.036751541532055565,0.04564092708733773,0.11801306807216805,0.016769785609750724,0.20581411429964735,0.16689562821358978,0.18476800201400592
temporal_5,0.0828591808168339,0.24054042933795552,0.37880116434663336,0.14191606676791885,0.31445095317318583,1.0,0.14875012583674246,0.3120469583669125,0.3499583798200718,0.11569271406862289,0.27049855471973105,0.42270485096406424,0.5287477906443202,0.18320333314682508,0.22204959725702897,0.3132815378906295,0.4133947551973234,0.3023786634654748,0.23870491613713712,0.2319778181495702,0.4017126450110423,0.3011347020153974,0.268103639118211,0.3360767852900151,0.12394249520567774,0.23192129821233562,0.28818810212029433,0.3348599260160034,0.33649284537697877,0.3022615942692668,0.3788742043774727,0.22863547849373386,0.3186959762882379,0.22804635191253061,0.3158858491471693,0.3173253741002505,0.3742764300408465,-0.200989290820673,-0.2232914431915847,0.28553231039101395,-0.058848678465987604,0.05228860916035852,0.14141704336085067,-0.03672862030682277,0.15903254218539,0.14248346659398695,-0.01195398915680666,0.11562997201665283,0.25800284669404616,0.39750007503703155,0.39322773842394354,0.3116638532833161,0.31498072492593615,0.30756653843109993,0.39902633824761585,0.4060978592039262,0.187514578506595,0.18703676471780745,0.14891088233030678,-0.011922128279621174,-0.178285182440416,0.3166329288283604,0.39541279745492997,-0.22650350777648415,-0.19849835936992954,-0.13749039332249474,-0.0467386687740491,-0.20254612662664984,0.07055370780955533,0.024793186295401552,-0.06375654996974077,-0.07018797546252156,-0.2157046456960128,0.09158204807870998,-0.018778565273603196,0.1568374931508698,0.31213517511372346,0.1359609721116767,0.30636485387737333,0.309304819601952,0.16118325366889685,0.33435662587948384,0.10004716429265977,0.4200818683206578,0.2233744861778289,0.23952992185955516,0.1460384325225143,0.2677852720566652,0.16958005622574426,0.229428687091961,0.1084677632682329,0.25854514443447735,0.03483219391362447,0.09781117787486474,0.02932352963915455,0.12499419099003306,0.22608788117920212,0.19601679655017062,0.1681322718849044,-0.2248355778028577,0.20256971348158173,-0.23527957975084343,-0.17118979505988066,-0.13913234741689276,0.32793048370437905,-0.20403320803499286,0.05514979060480975,-0.07347803057857383,0.27516244013832253,-0.20098113890784913,0.03593999143261418,0.060577117576692284,-0.058474684311515826,0.1517548014468078,-0.03639353987926035,0.2622365221194846,-0.15225580691250035,0.18635585493938836,-0.03183370863783692,0.26318416594304894,-0.18031482343547864,0.20359332193121205,0.055474041331200236,0.0632302028380584,0.10247599388941475,-0.006907027673474748,-0.0479523575520841,-0.0060115669673742045,0.09827435656079285,-0.042780511382915214,0.034726864302400025,0.05864846502987539,0.30244960931049264,-0.0020420701365366856,0.2546663017315303,0.050560757167287786,0.25130359232417754,-0.030420234097423296,0.131333404509867,0.00498174436115546,0.043592737273352895,0.12903157355797854,-0.06436651014506249,0.0713882551911232,0.052097807232092966,0.07053671032351073
temporal_6,0.3159827426765435,0.10983793362978167,0.18404853932018478,-0.1543698959076155,0.3036147901654752,0.14875012583674246,1.0,0.17049815812078467,0.23266064953705867,0.28789252472361343,0.2605319229643555,0.1101245191848572,0.2420787834402378,0.1871421852169221,0.17720676492820134,0.19988257309522492,0.1518509492784472,0.4268460795659563,0.2626309521564693,0.15306834232024547,0.1264245823671394,0.13505271267907284,0.29785127728288313,0.10899013720327987,0.10333206510912774,0.2347331436054532,0.19614240988165974,0.2007707301424024,0.3112790500982728,0.21995180502530817,0.1677350674882845,0.4483414182912184,-0.0672456176157054,-0.003200589069971464,-0.10984205209341558,-0.06649792893724296,0.025009633347117914,0.027321686272148968,0.05088533194796326,-0.04384979736254503,0.1800011678714778,0.18148426893662545,-0.13089888901787594,-0.18059919126300994,-0.21599325280104564,-0.17792378962755231,-0.18200914645438557,-0.1716676636639508,-0.13439749004122134,-0.007296494082195973,0.134429077583753,-0.06613570630136996,-0.031147644746481937,-0.014168547275546362,0.016900116370540116,0.14670804002740648,-0.03061256032206221,-0.053301559867131476,0.11863940774591167,0.0757164442703847,-0.08309624762999215,-0.05036536162203299,0.03707601414881719,0.05948949898814699,0.07949163639278384,0.11902614383937739,0.124722495330414,0.1461350538598523,0.12638478916644416,0.2083855510957869,0.24014700925638538,0.15484636190788512,0.1052705413703751,-0.15020578428558307,-0.20930119691062224,-0.17169872774873524,-0.04877616766544906,0.10300783445257895,-0.06614887745015235,-0.02557050430712883,0.027102589050044514,-0.008987732768843624,-0.11511499424721951,0.10090035162331659,-0.03362003954490455,-0.0036419051627565517,-0.016833638729881917,-0.03968975732609443,0.03672154275778496,0.021333823201439082,0.06696273974810094,-0.004767861936725446,0.030574499622987607,-0.08034812492574803,0.12375112191531167,-0.1111176333185867,-0.06946323193461659,-0.1538481192804567,-0.1849705704031005,0.05967559162112092,0.08507536204355948,0.04272868128398435,0.09058311149839679,0.11817367762375412,0.15443770548303282,0.024489912357197694,0.21157826563924995,0.13290465978591143,0.09058513194260716,0.04248799840454687,0.2298245355975839,0.2275093764680438,0.1166604146709468,0.2511510381629003,0.28341614831017387,0.14857063853558994,0.14565463534718004,0.30688922135901214,0.27012900253126815,0.16076677957384247,0.11443387526106374,-0.0599690801156915,-0.09145319544693391,0.007236187837934729,0.08714947993354569,-0.12611771157240925,0.03314323202991247,0.10509949852507654,0.15306622399862074,-0.035674746067070155,0.006830322109215528,0.005256292684880798,0.0940205925436895,0.030652245887341712,-0.029357253238492653,0.024379161560570337,-0.003917700499324792,0.06501152632846606,0.10018462480170483,-0.05699600131820688,0.0021667320836646696,0.09020593081398157,-0.07750560530696515,0.17790758051846936,0.1431164489801306,0.1636113815663054
temporal_7,0.14552759856761,0.2934771497466654,0.24025832119427815,0.18752090221807394,0.34118102690597624,0.3120469583669125,0.17049815812078467,1.0,0.251766217276491,0.11209498324800644,0.31808166248883923,0.4717989743463727,0.33970024157190354,0.4011076325057376,0.4383365040324568,0.34742006305471984,0.43081210917716,0.33517819859360515,0.2220173338898867,0.3092107267620531,0.2532972294895036,0.3400437362735271,0.32166743148180366,0.12553923900900685,0.15376752189832193,0.24857572791694263,0.2664295911309944,0.3169095413694631,0.32860341586326874,0.22582752805426162,0.1858870125270531,0.24018996595048436,0.12090593870304271,0.26671278861005937,0.15373115672785384,0.12239470033816678,0.2077938825257098,-0.22091599056476524,-0.258159991719743,0.04099988766896566,-0.1799008942668119,-0.06402391077283767,-0.03698832684273283,-0.006862826105014286,-0.05074235242789876,-0.08644527953713237,-0.031636773656393384,-0.06269974065321506,0.04745769356872509,0.20409671322326675,0.25028833384706833,0.0559483005321548,0.08462721997705396,0.11927997696738173,0.19633829808803746,0.2695591579194393,0.3453152748383087,0.28717943793933065,0.29096701382298823,0.1111895574164465,-0.0876482350620437,0.14574424651531934,0.18135887394025896,-0.20902435072373762,-0.28947993484853735,-0.1385461495992852,-0.15018063903692228,-0.17004345560053605,-0.06588124030913321,-0.035824718818653706,0.007862317282722622,-0.015947537598484267,-0.11648067465060451,0.05553810517701796,-0.15041857960160468,-0.05865904986001525,0.06094972713479623,0.10507503183537488,0.04813285160253493,0.07225520984616338,0.026855927066628815,0.11662260435500663,-0.06559743718590982,0.2223639674208595,0.33775303998052053,0.24595208078926906,0.2848897296113777,0.3377736745907336,0.30883861038020716,0.233454978890729,0.24878125802935386,0.2779396921096562,0.23628994629905925,0.13438683194303308,0.2111477655138212,0.17885702032051656,0.29264188694252774,0.1927688355286558,0.13230407544961592,-0.2567831644304196,0.18082214753903963,-0.26454551867391635,-0.22746270548597117,-0.21496717621011038,0.18939802999054375,-0.2037914464370427,-0.16867004009992204,-0.19461770766457478,0.18805135751847235,-0.1850323644718586,-0.15757109600214236,-0.08075574810609845,-0.1488587027829717,0.039023230907417605,-0.08237139830213772,0.2272066908208122,-0.16836506574240057,0.07973741190118926,-0.08761299562299457,0.24260337860703837,-0.18329087496430804,0.12280516200033882,-0.06287389645200199,-0.11818760969683488,0.18896410730481436,0.0037698523913195048,-0.04018321867478445,0.05380711815892407,0.12312890798943456,-0.08895525157197202,-0.14184663534980574,-0.042519650935642826,0.25213333922779185,-0.10127320904089814,0.2678152431624884,-0.10279554927301139,0.18706126213242907,-0.004145907518232123,0.09501437274488742,-0.05599615913170354,-0.12573289051415978,0.20304969053206498,0.016402392065290157,0.2137078463614924,0.0197205376301538,0.06052672426873572
temporal_8,0.23170327138812932,0.1992564490450071,0.36441091961895455,0.012898326266424724,0.3579782290767804,0.3499583798200718,0.23266064953705867,0.251766217276491,1.0,0.10219017177844365,0.16451175872105386,0.283630815261651,0.30655240370058207,0.21240972531436692,0.10856530102152619,0.19949038954440898,0.30198734191513565,0.2521033602846064,0.10805208486775257,0.2874251362602895,0.09102182662104354,0.4054612942624073,0.2905856476192364,0.33302917704326107,0.16865766328074228,0.3433817730963222,0.159440046908956,0.14456534358211817,0.35996862015701203,0.4260973282845284,0.11063841152992403,0.21310368407118543,0.049659681072092614,0.16667608890347377,0.12362172490334832,0.05091042072662501,0.1152147097803412,-0.16564044326547922,-0.2835034570380229,0.021017294226309782,-0.2618396138892218,0.019039826022379528,-0.06161497844604099,0.042844727478942565,-0.07838792088972506,-0.125264765036058,-0.216380875135017,-0.055940771739470915,0.026314364405089313,0.09909956130783953,0.1518336721059789,0.015572425940885946,0.03303446326018863,-0.0002587382306324939,0.0699394634169455,0.15913821420410854,0.1570453974431511,0.22977092419496709,0.32788328598169586,0.1492388293981459,0.04253818407832524,0.07977454803477367,0.10144976589639569,-0.22813695815267335,-0.29631087529614925,-0.3202050146164132,-0.13866555474540104,-0.08105193458752244,-0.015623539017584127,0.008476718731388685,-0.12006433913444073,-0.09403621107964849,-0.059241224115400504,0.14338525801846635,-0.058842133239373005,-0.09300407234222008,0.023842171223451003,0.2195323804650598,-0.01649976204249954,0.05877397725288962,0.23881124901803852,-0.03174311630833933,0.009343017421259566,0.0738560178201933,0.21243757905501715,0.1488357682711257,0.1873721499934543,0.21832596630234768,0.27916493831580363,0.31781972716528945,0.1840460691940262,0.3588122712441157,0.21480625508965792,0.24950735345670588,0.1665207615820191,0.3125097352965358,0.16742954694848872,0.27460394702415347,0.17817358639750616,-0.24552480019757228,0.2604218869082228,-0.2708745065284633,-0.18706117316599488,-0.28276103564573957,0.38894841800134683,-0.3125499239981968,-0.10338576657317586,-0.25373354676691123,0.39867563586736,-0.30567266083503214,-0.07187477267641333,0.005374215491173017,-0.1373646140987083,0.13752153328195982,-0.16685318676096533,0.3384980071029834,-0.24607693594684685,0.13826252052367635,-0.1665002909420192,0.34282667420579094,-0.2439406885290612,0.030208513774916033,0.035059202975992604,-0.016911579411017643,0.13145723946852955,0.07937087414803579,-0.0037124253976871763,0.05004014262460158,0.2269536544292995,-0.03474291454753631,-0.011471861272506254,0.06893144876323878,0.2347326785073959,-0.12083069780076042,0.17364309485982715,-0.01680445519147862,0.19001329540654882,0.01707780594127345,0.19367788229184396,0.04527915911289254,-0.016258323026053376,0.13170467774330366,0.0888585473997853,0.1365380918197116,0.0783644210224084,0.09988203798426473
temporal_9,0.2589061465534533,0.10792126812303068,0.062450149007131764,-0.22537835380836818,0.30634944939990255,0.11569271406862289,0.28789252472361343,0.11209498324800644,0.10219017177844365,1.0,0.10118469652921515,0.07818689254138309,0.08106134070456557,0.19499766347155653,0.2387640163365408,0.10533799861320585,0.11940686806354642,0.2937546430295091,0.1676779628757365,0.21240489030230328,0.02938886615285823,0.042814322152872696,0.3113999363570108,0.11535460261218056,-0.004697264579501248,0.05486717882792351,0.13330971196241895,0.017131401142841247,0.24153743449615495,0.19948337564580682,0.1341761794839846,0.22375543449385016,-0.16532480441854888,0.08437829418153438,-0.0427838296598472,-0.16549692988026174,-0.08947667283873315,-0.10979598354741904,-0.0644469638870954,-0.2323173921613736,-0.08845780594349134,-0.08832603132717852,-0.1860121210911198,-0.024438998170179367,-0.2812574802038186,-0.3033031268327765,-0.14097857007130962,-0.20781104901317124,-0.24373691093366864,-0.09581505757981511,-0.021544441324786553,-0.25560433236752617,-0.2238633794948716,-0.2009158764885612,-0.10432864217992177,0.008187827254902478,0.1782324354352727,0.13575398333414943,0.16839462399225846,0.2607441901261402,0.12254874335010027,-0.0775978437037492,-0.04930943557917706,-0.12264371262152202,-0.10768647809620079,-0.05779717968354303,-0.0544963110091471,-0.03884557012488336,-0.15780874298504893,-0.07277658906137555,-0.017397771001990858,0.13984036194643318,0.09359560569640234,-0.1029874349363261,-0.25148264298969875,-0.2869451471724754,-0.24475276663654277,0.09617694108333623,-0.2784173545585602,-0.2026038308132584,-0.04586537388771239,-0.1923060714399086,-0.25391116498897354,-0.05135840570665912,0.15316471647636212,0.10557084959210067,0.11900899117684123,0.15218129485865167,0.1990713857429194,0.13749434355957066,0.1552342039081561,0.17945087751078287,0.21518582951041398,0.12323441791362179,0.1839673817194191,0.14608545086068825,0.16112591899479528,0.10217292870772343,0.02253410482414112,-0.12229785102144068,0.029776586093278698,-0.10951427646842714,-0.12925564693587477,-0.09588779756327366,0.11039769299759207,-0.11170422395810174,-0.06601886062625346,-0.10325135002794832,0.12014577045240796,-0.08744264260425601,-0.03968340548927267,-0.14239547581868822,-0.16121399822866792,-0.04390048452782289,-0.030313432817867882,0.1392796686237322,-0.06019796776278073,0.08929902364492827,-0.0025891394273184374,0.164505397499548,-0.0369560399022313,0.01145341610585687,-0.04023068487963771,0.03206295442342917,0.1150395081882057,-0.102246090075131,0.03815194617504761,0.08940950779917606,0.06586873069082362,-0.02804575851303207,-0.12640468106349026,-0.07386397325386958,0.16031676732932149,-0.05568613318447202,0.08623785283153451,-0.10117691647190996,0.14053507797498133,0.05037044167578883,0.09156156749418315,-0.0010137308558587307,0.015373801498646119,0.09233500920345832,-0.03140146220255141,0.17432249543552855,-0.10338053941777672,-0.09403008602827101
temporal_10,0.08977931850581758,0.37095729027150487,0.2205827503969219,0.10478081334017147,0.42524041392098644,0.27049855471973105,0.2605319229643555,0.31808166248883923,0.16451175872105386,0.10118469652921515,1.0,0.2703399918778025,0.39887159977982406,0.3099937467065378,0.317562171960312,0.2278607131986196,0.2984820522291398,0.4158962735850574,0.21390746326769916,0.28735365640340543,0.18229492554490676,0.24472726439915077,0.4156100450004035,0.06359149466285004,-0.006604980351160591,0.18215890794501996,0.3734200260572906,0.4337163074438613,0.24445944217923263,0.3134267059856202,0.2853229672084512,0.3129700934411102,0.20808707526450954,0.11211799677590552,0.16469347941086793,0.21089823962207588,0.27051916007637916,0.03804832457133775,-0.054859603369348,0.257548692714473,0.15548367565004678,0.2501149104983754,0.08672986341441075,-0.0768235061589079,0.0771659929456247,0.10337578124865096,-0.24078087288386732,0.06162893090833796,0.1761941521736722,0.23381523750634128,0.322490033194285,0.2437592336999165,0.20719663167305566,0.1990294127255629,0.27511241119919205,0.3268660904678719,0.17012803805045787,0.07401307935585362,0.000615095829198254,-0.04925609416140633,-0.1015192078903658,0.21568034942821362,0.24574914784048107,0.07753807047045404,0.06913844756458755,0.1700423648389836,-0.01804767787897535,0.07714059957728947,0.1997698627977634,0.05697861092660203,-0.009806224500975739,0.02984038280328914,-0.021534166782328053,-0.04478667451174012,0.03532211116277119,0.14972268397523167,0.24261381781165575,0.33972385559779805,0.19038510663571484,0.282343520791057,0.28954530061196687,0.2319710492154872,0.21444795541261186,0.2668506054912488,0.12682785786316558,0.1022964856367575,0.10114119979212606,0.14103176533762043,0.02869506758815608,0.01636712521727161,0.05711987516475545,0.02833900537269916,-0.0018668311552819555,-0.03284100849779076,0.06400586657695939,0.013733770659661382,0.13015772444098644,-0.015448653808120858,0.028166067648324647,0.06790221224299703,0.0747925502976458,0.04330676488629465,0.09559595880148224,0.11857273987250128,0.17742825906523213,0.01349858384299314,0.23743258706274023,0.11747133289436458,0.16192070658724864,-0.017943226916329567,0.3096700733379089,0.22498118436633666,-0.016265231622240948,0.38974315148579763,0.20109962403507756,0.3734903009427926,-0.04894756564493879,0.4297056956735062,0.16527285416060253,0.39210392558719115,-0.12160985746867346,0.07675959227579358,-0.07018581486401275,-0.05698117945164393,0.1200583491344779,-0.0416759185501411,0.03567507663319425,-0.001734793263341005,0.23316638305738693,0.12288075079513337,-0.06874284699726055,-0.0727345846105558,0.10560874069053815,0.015317795706365503,0.13306141712245187,-0.054474896188460055,0.09965954971966286,0.06153103408984433,0.31806944014434213,-0.06518338880608311,-0.048878066492008716,0.11654354509986065,-0.054428190394072054,0.07857178354947625,0.1035025187330948,0.12027636142676872
temporal_11,0.042833319291269996,0.22509230075744902,0.3779818786891766,0.23653961965632261,0.28981596798783404,0.42270485096406424,0.1101245191848572,0.4717989743463727,0.283630815261651,0.07818689254138309,0.2703399918778025,1.0,0.4517463645392296,0.22470990519829606,0.27256792967753335,0.3024575797558449,0.46557434717619817,0.23364938257045154,0.21754151601258523,0.09945959845511539,0.32495073152467135,0.3433300531749346,0.15668170024887937,0.09210440767026078,0.17578709520493885,0.3594588163940754,0.25760112033368987,0.4102420467248611,0.21363933257855025,0.2535203669170687,0.3525690822110084,0.16460404799044426,0.22249092062203793,0.1510428555449548,0.24250851420181163,0.22422090390741878,0.2683712821352524,-0.0838284224210368,-0.20083953682685546,0.20922415076471282,-0.15242064939750946,0.0587910310185671,0.029415986857176283,0.11836374128489575,0.08822189424400106,0.046006078249558616,0.02151818124579975,0.04061245845053299,0.19280494196711218,0.30973194093018785,0.27953515938402834,0.20152518424652843,0.23064346448880307,0.1728936279818503,0.2817230669616081,0.2839656889045698,0.14603833521316617,0.2356125989912834,0.1106496041261282,-0.01670056827261404,-0.18657671861966643,0.2596987678567942,0.309190862642091,-0.1019803120317708,-0.14198298285535388,-0.06291720656774046,-0.09458762760612495,-0.1768726117786021,-0.00816754539089359,0.024656322334848227,-0.20198933051841794,-0.11652914757480166,-0.20075489693734266,0.11276101283476217,0.02914518031008863,0.13691582515705683,0.21909357922084058,0.14974062653410825,0.20083286727359265,0.22140630521733923,0.1017729516623565,0.24869718151695133,0.09727292252842175,0.27278186548270467,0.20179886819657414,0.21725453690111293,0.13417595703127022,0.2338971619363942,0.16099369192740418,0.1649027441858618,0.10181194469225686,0.1669876222274634,0.05712368797903916,0.06878480608914483,0.05673565157198389,0.08440358956550276,0.12844495285087998,0.13210183662279484,0.13447805997239276,-0.11805519347472007,0.13741931690219725,-0.13117268201268287,-0.0855624132206825,-0.0988611852949966,0.17336358561102355,-0.1274333761869769,-0.059651341340840325,-0.08709048183915513,0.13882846898003254,-0.13417817216389377,-0.11033135358896451,0.029348145593492924,-0.09051723353822119,0.13446893364976065,-0.07455866483320785,0.20990963212201907,-0.12923223223508426,0.10620252755756081,-0.09264393154192499,0.21289508548506075,-0.1705478851307532,0.12295793755244296,0.02851731248859105,-0.01186827454838932,0.12018344354037841,0.053631586702088306,0.020005588707622358,0.08890736024233678,0.1233380432196557,-0.03208636207170904,-0.016626836241353842,0.11016168049803667,0.2793469427123871,-0.13785711259344724,0.1556479163520822,0.0087047281882091,0.2169982797889726,0.0506845940522319,0.12512970808424706,-0.00046700816450358923,-0.0280362131342834,0.14094657068359248,0.019950460943019537,0.1355581579834738,0.13337424439545595,0.15481725429658033
temporal_12,-0.005655329192016199,0.3675995220671289,0.3762759401722597,0.2999761040116272,0.3796703188786767,0.5287477906443202,0.2420787834402378,0.33970024157190354,0.30655240370058207,0.08106134070456557,0.39887159977982406,0.4517463645392296,1.0,0.29183683010500727,0.33860694793913826,0.45035613012184733,0.6246143399750256,0.26871372667621723,0.25206109724181947,0.19303933640836907,0.38559842255801324,0.2583842010107177,0.4730115991542298,0.2017834983875974,0.20938895421313994,0.4618723973661578,0.34145112568377817,0.5751307213868754,0.4188323456731411,0.26305826564646323,0.41824445728458726,0.16992927980283437,0.48459274668238983,0.10623353762068032,0.45921152865219544,0.48594827878396757,0.5354497449212124,-0.17311458961394413,-0.2846750294947669,0.445571284078384,-0.030582113094604298,0.06116584051459703,0.25526438383266464,0.050202800782047044,0.28341688250391756,0.26811873302348,-0.17925982956766212,0.26935281623156526,0.447918913729305,0.5660690804060645,0.5582290007565369,0.437340615612161,0.5025142773431589,0.5265888252067982,0.5877747639033934,0.5253229792196096,0.086229345012395,0.07655003292088416,0.007804743573064564,-0.18189959440251804,-0.32443436979000195,0.5191798813356406,0.5587085389496692,-0.14005612089533157,-0.16745646049029653,-0.028368236026076916,-0.01788287636194449,-0.09089362836858678,-0.04201450037451042,0.07543019854829633,0.0737016601764053,-0.05406411060912401,-0.346584280967302,0.16053108701362998,0.11767823708563047,0.3439873001366626,0.47514189151511904,0.277821556064147,0.4591287753045403,0.4845333611975583,0.25017866493072005,0.5295490846587778,0.28690318033551154,0.5564249103528315,0.10232527297678558,0.10843246890954575,0.06784333815376241,0.12000400526866137,0.013035981277122112,0.011219826112011373,0.007035981152823859,0.021201952378688004,-0.09021765542227873,-0.0716800815068588,-0.04751907919343752,-0.02886799728195679,0.10934515974842736,0.1162994531736582,0.21088744934305867,-0.16868912733531732,0.2681906880680284,-0.20646873385161058,-0.09857220174580351,-0.09386931543471029,0.3488031322582762,-0.18717149449356954,0.10626183892609267,-0.05143299520942738,0.31272026994218693,-0.19517501263813336,0.2112613423823824,0.04216027356203028,-0.1289499246655504,0.23773257780223908,0.009974138422267131,0.3632545792717116,-0.1761386585365399,0.3031449026944716,-0.03125130410754399,0.3629826189798761,-0.23002197197560426,0.33152607249920074,-0.026537273976892418,-0.046575675015252546,0.19877902971247055,0.04020175129163739,0.03017308791878902,0.1341399813725869,0.28947131436619555,-0.10250770802152674,0.011135277952286554,0.005084144291362522,0.12542396343630988,0.011955764739981806,0.11238419876185386,0.012192539609865063,0.17645995060860897,0.054261411965130166,0.2633479920868687,-0.08010991130276157,-0.0527666511491301,0.17954885261556355,-0.044143644453976845,-0.052653028353863436,0.15149825544526022,0.18694882148872097
temporal_13,0.1454327201570144,0.2169282134802438,0.27254695773370013,0.18531407976690956,0.37817765690913147,0.18320333314682508,0.1871421852169221,0.4011076325057376,0.21240972531436692,0.19499766347155653,0.3099937467065378,0.22470990519829606,0.29183683010500727,1.0,0.38008474339489456,0.3191599689046977,0.2643050118652571,0.355995861826126,0.14895388802850845,0.31945020277056896,0.17646245261663843,0.1519911056387416,0.36283405315611206,0.1605610387094364,0.18738283579201695,0.3596023240178773,0.21159794520138983,0.15837954189604966,0.4050920480618331,0.2866740164761042,0.011274394519596949,0.28261207947132005,0.00014431859774631362,0.19964524124630856,0.10012601958139428,0.001511814129158221,0.08608212412046828,-0.1018883385545428,-0.25115641965486546,-0.0799263643715625,-0.1844978680507435,-0.09350410664274716,-0.13709939717905056,-0.029338630010338707,-0.14194573863426924,-0.16534010086347942,-0.18022720372106515,-0.16388790621649313,-0.037269806507689594,0.06192012885351707,0.12642758053678727,-0.05706074923900065,-0.034294833472129804,0.03570000067615653,0.05691273245424067,0.15178712150663715,0.27215583178092795,0.2836863067007144,0.26626830554097636,0.22105325340422713,0.0295207179582753,0.10527280914627515,0.03207558733780795,-0.1255673613639772,-0.20567345683296764,-0.1882202859173186,-0.3082058488661626,-0.11410629303316909,-0.06169282335857274,-0.03721973905938509,0.12198762982397132,0.003617232093172072,-0.0025393362466542098,0.02386234640563631,-0.09857988297210687,-0.11730899352867305,-0.06033044347290702,0.15258519148744892,-0.0829435758352567,-0.028462149855172654,0.08941853623550274,-0.022488148505845084,-0.02582804511415273,0.05232747818100301,0.2761436671518172,0.16722199020879436,0.266401098846705,0.25488457008979715,0.2887259774515212,0.17789896520121515,0.2712383559328767,0.22757375971749488,0.3235512403229647,0.23125012134360243,0.24385692465700684,0.2806875324151683,0.169431925938,0.10887078426601693,0.20698202117504488,-0.15523444089672203,0.04233177080919106,-0.12963315883621404,-0.17081532246665532,-0.2027761253403499,0.05737689463708831,-0.1393237446074512,-0.2679722159562132,-0.23580101521955402,0.1861377053413048,-0.15985022549164937,-0.1770353468830933,-0.0945101702973,-0.15884328790171395,0.039029771965526934,-0.0034980950916033916,0.2752007997515142,-0.13750974184620415,0.1367003700753637,-0.05589240718134409,0.31173233250794063,-0.17720436151281863,0.10932607349156669,-0.04717258409030273,-0.06629635513092251,0.084509572249866,0.005883904227884833,-0.07458658200480212,0.040184842722875286,0.16808648719324853,-0.10836669420568704,-0.11789174682811393,0.07376913760306618,0.1365117802724725,-0.15918383286602525,0.20511536030235622,-0.037212213012267875,0.0914678797385634,-0.0273645365874378,0.10364436730076433,-0.005722534147165976,-0.06766834527115044,0.06786570739555778,0.052791726093713805,0.2668100931788831,0.09975862156585324,0.11148705686683452
temporal_14,-0.003377169978011503,0.25824328817105185,0.30915676781509266,0.07402118870646868,0.36433697423028716,0.22204959725702897,0.17720676492820134,0.4383365040324568,0.10856530102152619,0.2387640163365408,0.317562171960312,0.27256792967753335,0.33860694793913826,0.38008474339489456,1.0,0.25601669903841306,0.3533139314944679,0.24730933218440926,0.1644908933173513,0.34923109394227947,0.10097218399348527,0.14677313243033624,0.3004447965938106,0.0731820148121498,0.14753326298307523,0.19572871577581513,0.1957723185481487,0.29749749691842564,0.20867411184506965,0.24145250347180927,0.10257456184889173,0.27757264163334217,0.1612042556092357,0.1218569242436355,0.1695985333057584,0.16110036824461146,0.20781119173580484,-0.1352175121698074,-0.15802242849339904,0.08804908736355196,-0.13021890857306082,-0.08592509843423293,0.0594838520709482,0.08324079416577981,0.06033805063377129,0.025631201558001915,-0.24496592885110902,0.06760168245835538,0.12236987731029901,0.2271814883094926,0.23730331411034936,0.054911269296644395,0.07863369170791297,0.17165749592279417,0.21501136152110303,0.24396080411331023,0.2156707717044714,0.16873430713478418,0.13288477001448604,0.05465103552183539,-0.06637658924481177,0.17415134218829653,0.1860599933135593,-0.10701533445110704,-0.12266626689477546,-0.03450667197750615,-0.09721715394387885,-0.0562533726951271,-0.22245237964914677,-0.19073883141486428,0.03243464602491067,0.003906927540373025,-0.08030954445769581,0.04656811023687888,8.858347870860257e-06,0.06654977456648654,0.0758806005837311,0.16244411639375494,0.05300162089665706,0.1001824233312693,0.1157833971274265,0.11954744112098897,0.03639887706858858,0.19034888116195703,0.18471316380762062,0.25265647793855533,0.10428242563507052,0.247396084579234,0.1274666299633637,0.2267470675421888,0.0330495374335093,0.20207704314522795,0.09048833625333673,0.17024009015560002,0.029003706132506486,0.17852404486280724,0.17989174035187072,0.11952734496760609,0.10963722368826882,-0.13628432757977502,0.19716231058397884,-0.16624019307140425,-0.08787579351744718,-0.10257592754419793,0.24623588940745636,-0.177043958140927,-0.029150325831468326,-0.1022803278138076,0.22040227290690995,-0.17447492973976836,-0.026691777451317955,-0.21841023384830005,-0.265113111013074,-0.04594530797259015,-0.13366318340553232,0.2750561840622668,-0.23781050982901764,0.11048561900170648,-0.125621726120562,0.28793543155752915,-0.24352717287977413,0.18272001750083305,-0.09621733440917728,-0.05116688668140291,0.1440233537238411,-0.08082992646038656,0.07391852269263452,0.09956262979156154,0.13114571434818714,0.025858205955666094,-0.10740557551153411,-0.04491618960885767,0.28601263157384293,-0.07743163340713835,0.1488773550876185,-0.08956921720660826,0.23634927001912137,0.09105147298825104,0.15782542010088269,-0.10738055970920363,-0.06788420369653236,0.15585532146921152,-0.08564376305665096,0.042252100650399145,0.0572710928590291,0.07373999453909576
temporal_15,0.20377153656838265,0.15719363241673645,0.2854707689907284,0.20731654338171018,0.23729136904596948,0.3132815378906295,0.19988257309522492,0.34742006305471984,0.19949038954440898,0.10533799861320585,0.2278607131986196,0.3024575797558449,0.45035613012184733,0.3191599689046977,0.25601669903841306,1.0,0.4207914748675345,0.3561597490806904,0.39501081017764816,0.18503736713656274,0.4308164044305239,0.02604242756791962,0.414483158093975,0.04292150785553846,0.10078402957977782,0.3249697199304925,0.332260207675683,0.32096553769213376,0.3468269932379866,0.061646246333885824,0.18941724297633689,0.2934010595128161,0.17060381136383407,0.13162845344643676,0.12394013473505294,0.1744528250201201,0.254031726032486,-0.11624986974867939,-0.1562136424612864,0.13608797743383688,0.006554397522403227,0.047572091144862064,-0.03459790377336135,-0.054900092767415594,-0.014225637819224786,-0.012092863200958108,-0.03682720853709843,-0.06417260504007913,0.12555990066688785,0.25406371961515756,0.2951609047115768,0.13297432769939607,0.2151672652802596,0.25290380977247656,0.26508329699585986,0.30560300460456535,0.07094704326437506,0.14118368401849024,0.18258122529763207,0.004563532087662683,-0.16635467525782152,0.17587904845607433,0.22365552281314702,-0.08913971309192634,-0.09428346845269814,-0.0011660980390715613,-0.07453205484286059,-0.13458295947388063,-0.0028377154300032277,0.17352774887474193,0.218226653210145,-0.008037257577864025,-0.13815587261943066,-0.0013100940911967374,-0.09987134196721173,0.05027996781474214,0.16474137592122545,0.07103036503039256,0.1721400372180541,0.1622228157954094,-0.0027179229310194683,0.2630325709883552,0.017110390424050957,0.30128050326139294,0.13093425355553595,0.17032826183687624,0.10514599912756907,0.15001670810732254,0.09627113366436775,0.12777551433261136,0.08399567110096554,0.09224668575873869,0.03455450101501711,0.06271605035095754,0.06508517179544951,0.03332426726225442,0.056416283974505016,-0.010374636526394032,0.020563685478391273,-0.10261179945405988,0.09855850890436726,-0.10363098435958829,-0.08364201431549545,-0.057705553648179905,0.1365229090962979,-0.08187463835936436,-0.013348090379442182,-0.04906193729960382,0.13536878605800484,-0.08796026010391368,-0.02888682002337731,0.08802767352865723,0.02497654470770703,0.16458781896310007,0.15106515198401133,0.17654249694825147,0.03859800648567849,0.21947169585429832,0.09673887051831924,0.2124617425910901,-0.0460099988015655,0.12159175611207303,-0.04114408873930423,-0.03867825599521685,0.06759445699374501,-0.03777997934636658,0.004218174450307778,0.16956567746193968,0.14753718275823602,-0.15149475710133925,0.026740562047704253,0.1293446247991601,0.17297710646079378,-0.05942343099186817,0.10964937317396338,0.07615761095982136,0.15820047158503062,0.04793021942401521,0.07676588491060313,-0.05548435773721416,-0.05045649792346672,0.08353411088593003,-0.055496442477647116,0.2457606371388095,0.05807554383941418,0.07454366397028182
temporal_16,0.0707042600799248,0.32043625272432924,0.3089183781177219,0.18873572963753893,0.279553474656192,0.4133947551973234,0.1518509492784472,0.43081210917716,0.30198734191513565,0.11940686806354642,0.2984820522291398,0.46557434717619817,0.6246143399750256,0.2643050118652571,0.3533139314944679,0.4207914748675345,1.0,0.2544545443362076,0.15229694861891777,0.15647467381309427,0.3507103826801575,0.21051771680687897,0.4325314559835781,0.09662326869349655,0.2989181664906721,0.4656859256108333,0.2825170961824854,0.376382624395883,0.505486574210053,0.2046501681143918,0.42912396023548083,0.17301691564258287,0.37381065698980703,0.0752989136197067,0.3407003432891648,0.37404620863264665,0.43647161389216627,-0.15893119635053185,-0.285319114225548,0.30175017226599044,-0.10505160008503138,-0.014180662502106258,0.20377000422207472,-0.0018257588197517465,0.20446277595043894,0.1825242010778575,-0.10030534770458008,0.1923033181270149,0.3171475717217707,0.41863276655679477,0.4725251010102669,0.3018081248173001,0.36779814071613864,0.3665346808020695,0.4512983619999012,0.4618931925938475,0.05491993609345632,0.13949664507128728,0.07766933769482247,-0.09718242615303103,-0.20869450380697688,0.380908229010043,0.40042709646324104,-0.12992188196729976,-0.21447801570584285,-0.1580089299027591,-0.11067549975048549,-0.05865740953381846,-0.08343017800853421,0.04976766453963206,-0.016981894194228332,-0.03864810735338438,-0.21792929464833918,0.17066809219163256,0.08012674265863264,0.2286776238707206,0.33316030056501844,0.17693504456265363,0.3246279930356553,0.3373440443024732,0.14517554285450693,0.37464550643757644,0.12076889038715301,0.447749296124816,0.10183158846482711,0.14900526041867357,0.049880067085125025,0.13412650833884449,0.0485681138902286,0.09487091023789235,-0.0068266129110976384,0.06611814949666127,-0.01747095466963317,0.023576051701835497,-0.036416457766277645,0.024864166174144366,0.059292148669855174,0.09667518591527464,0.16374388923148664,-0.17411319875909914,0.185236921852383,-0.2001644187606006,-0.12892984731515522,-0.14085264162732444,0.2499308712685769,-0.20531134995553443,-0.03220677842244768,-0.12104206924735796,0.228980866867292,-0.2108495671891426,0.02944381087867897,-0.022151687209073272,-0.13273718071235333,0.13109589339855976,-0.08082521494445356,0.24354927325861764,-0.18382716980255637,0.14116223279720547,-0.09336443602247665,0.24695938468005926,-0.21629338720676608,0.2685007391421068,0.002120232776752525,-0.12056041640699054,0.18571242451090023,0.11008123015544449,0.013099913822097485,0.1086274222058223,0.1768743655272646,-0.12369609077654496,0.01079647012956812,0.12179283555643576,0.15610586779476748,-0.07820113689829192,0.07519902561273016,0.0573913382558463,0.1362944900994703,0.014365620652333664,0.18272916837438713,-0.0466641501811331,-0.13862365244474983,0.17937296751312642,0.05423977037255128,-0.0046301240818667705,0.06314865657713353,0.08959960729280488
temporal_17,0.1815500710348432,0.17930756113745883,0.23679676739611033,0.04441471455475137,0.4322106018479791,0.3023786634654748,0.4268460795659563,0.33517819859360515,0.2521033602846064,0.2937546430295091,0.4158962735850574,0.23364938257045154,0.26871372667621723,0.355995861826126,0.24730933218440926,0.3561597490806904,0.2544545443362076,1.0,0.2927536450786493,0.2828573063810953,0.1529834917326691,0.24728646966612308,0.4242174215084285,0.26062010247910805,0.026068524594784898,0.31424289190042226,0.3656785096896848,0.16475743646930438,0.29802253024843023,0.2570428775647181,0.12784311504500276,0.41842132429407425,0.00010672424149604201,0.04685660108647108,-0.023791674408218482,-0.00027211369169798306,0.10766497642110655,0.009647063315150178,-0.07258273696552218,-0.003340822868337192,0.08181667618654663,0.1389270101405165,-0.12622666393282,-0.11554950284066391,-0.19268256259376623,-0.16680335025782195,-0.14747016707871916,-0.18512318342153836,-0.07761487864182262,0.09147069274439716,0.19791331061304643,0.017754350443105173,0.05286407324745583,0.016939466752115225,0.1157042914652997,0.21607517617925306,0.18223851047368653,0.1663649223858854,0.21030860045771013,0.1245777952324032,-0.14856803345086408,-0.0027476044139962703,0.04821205150665612,0.006110038473843532,-0.01377896799159226,-0.009866020256997331,-0.003955272055845943,0.011876718825234875,0.19059204346293843,0.2493774209279414,0.10312550104822939,0.15183361240665924,0.03097174865219198,-0.14015897322304724,-0.1690952112177566,-0.14075602736913873,0.02080805958514863,0.24158410277417255,-0.02128447477095917,0.06318582684877448,0.1698187977284876,0.030376721003957684,-0.024064398948763756,0.1488827935195482,0.14494151418562645,0.07635053885901413,0.12859754762211012,0.13550171175082792,0.1699846673509578,0.0814263492161294,0.1619373996910106,0.10733707698510107,0.11367680588977921,-0.021053460254112866,0.15107690077832903,-0.015740729941750655,0.07991268584026921,0.014415478031471167,-0.020653467419523685,0.003246779991229698,-0.03790220456700927,0.026568508241514473,-0.016878912863778375,0.0011740516478501752,0.050229836530092595,0.010013611928443663,0.01743056872651994,0.021397826980375893,0.10368457063300726,0.017539323972247705,0.0995251898185835,0.24178020890912424,0.04077697867138922,0.36757315225021686,0.2300429961873705,0.3535892084704997,-0.006334733000718333,0.42125608735778175,0.19875895984214037,0.35138863072073045,-0.04389580576382167,0.03970643699041044,-0.028403785312700863,0.0024604712650696946,-0.05516795223637563,-0.04975686156671165,-0.056469793435936756,0.07274038908116755,0.23444887680317592,-0.11105770453054135,-0.14955191987923244,-0.05180842785214144,0.15920739531611736,-0.14456176577954205,0.06832744902677432,-0.13887509299964387,0.07234192142914282,-0.0035057340792901026,0.20875786354032727,0.00360362954232517,-0.010307694832971592,-0.04684418217394011,0.0027345752691222604,0.28685006968821014,0.11120793167396766,0.12520358767232187
temporal_18,0.2341445862527701,0.13212483743414002,0.2657169632541029,-0.038488563588592664,0.24178825639099785,0.23870491613713712,0.2626309521564693,0.2220173338898867,0.10805208486775257,0.1676779628757365,0.21390746326769916,0.21754151601258523,0.25206109724181947,0.14895388802850845,0.1644908933173513,0.39501081017764816,0.15229694861891777,0.2927536450786493,1.0,0.17970735391498943,0.20623624521379566,0.11866849556745616,0.3627039971622872,0.03922740074432177,0.08168456174787479,0.27074740509377754,0.27294545695003475,0.2667424803391899,0.26730681594494626,0.18318624511598242,0.16347662089062867,0.37627972977062846,0.1926158886353042,0.1500838898547975,0.11517332707573771,0.192141290827303,0.2654403129816893,-0.103467201032517,-0.16909076582462765,0.15026764825074354,-0.03233084197693187,0.03349137606276442,0.0336535536818824,-0.03664755390125791,0.060455790047349335,0.05331729022798217,-0.2035872567725316,0.033733832068518835,0.143197597778836,0.24869532090032298,0.2988469942986556,0.17836517240961147,0.23174420936569307,0.2081243278282892,0.2397825599223687,0.2987262752386966,0.11747101908593593,0.08780727017708348,0.04299449783715047,0.06539331539578444,-0.1722000512844754,0.16263321386067042,0.18052572589878746,-0.10331660861459525,-0.038580573394365936,0.016218421022843536,-0.17141625114970147,-0.1503733154284527,0.06533578703044665,0.16937760830903587,0.05069573832219098,-0.073062618422926,-0.1801804823146012,-0.01552124305601857,0.019160586277945757,0.09292746512262795,0.1918437988682673,0.2058082812302317,0.17122605795601734,0.21138844490481248,0.17708939436527096,0.21706048790292976,0.1213446670456749,0.2581121699368872,0.13403193119967344,0.21112082826756576,0.11679275181244884,0.1493663374130083,0.09883416077959442,0.13408110072966628,0.12282651414152106,0.09347885292810139,0.07162538552555983,0.046492676499654176,0.13537400945971492,0.036490396724017535,0.05716954579072828,-0.03535405115198893,0.059224199304254654,-0.09270920707113925,0.16132315644136727,-0.10959295255100722,-0.05005298534871835,-0.07285355510762002,0.22235618979503086,-0.14951598158236615,-0.002015414071905584,-0.07595062826094294,0.20997703140258397,-0.16924292313298495,-0.031014752221466556,0.11425870093432736,-0.03381815908620675,0.24067269778126474,0.13103754415254698,0.3074747954214634,-0.04680880675483132,0.31848130375860734,0.03991296459443437,0.3673980477608626,-0.16395792247477217,0.12473589669136695,-0.031010603435883216,0.03923619824789671,0.13732960298878247,-0.11726422390873692,-0.06958350069710423,0.059548241793043,0.25413001130783996,-0.1677301939831461,-0.05156944871906184,0.046551440107657965,0.18306125258989553,-0.023296889083570364,0.0878659780798203,0.026179734230241593,0.16238596658121007,-0.04112074340380801,0.21454619603978675,-0.032949258860251004,0.042602024057167454,0.16715788382925706,-0.12763288147123236,0.12243173401739549,0.04276338382754118,0.05496148460666642
temporal_19,0.13827681797194347,0.22752543951322615,0.28913373354711625,0.02181660357733692,0.4263485934237682,0.2319778181495702,0.15306834232024547,0.3092107267620531,0.2874251362602895,0.21240489030230328,0.28735365640340543,0.09945959845511539,0.19303933640836907,0.31945020277056896,0.34923109394227947,0.18503736713656274,0.15647467381309427,0.2828573063810953,0.17970735391498943,1.0,0.14282107788612772,0.32987906077688034,0.2887092937388366,0.2751962250641129,0.08775263066920254,0.16219263039553672,0.23461466185069343,0.17340912860144864,0.2811120039275299,0.3627961557251066,0.006827690287653278,0.3210451262640917,0.04279735239399032,0.3555868369396702,0.21145576277173994,0.04349104084977166,0.07390752821997282,-0.19651131542128764,-0.2254454415486551,-0.0006590355837324008,-0.2612101306915509,-0.0670145529437777,-0.00864977524271672,0.05488278440628384,-0.049218168766850985,-0.09759039436597176,-0.2749629890313856,-0.014012220196294679,0.024756097592680545,0.08860046693070803,0.06077575581440201,-0.019251615812532402,-0.044730272377334124,0.025009531240597935,0.04166640095650926,0.07359848434610777,0.40013685160990553,0.2798214960870655,0.34540097579090734,0.194889638063603,0.044346962300489144,0.12140775734540088,0.10322082139725886,-0.19971242678647477,-0.16957063031401634,-0.15001304801760654,-0.21882673961315138,-0.19876934852151154,-0.13525690941912227,-0.22343575324028805,-0.05203639342545115,-0.1116857397841474,-0.09507866610047579,-0.01113847516109494,-0.03424861810743859,-0.031402329589357805,-0.022168783420499154,0.2691655604745473,-0.07852946697001471,0.034454861052570916,0.2403708231037124,-0.04981593957690402,0.07203691372817068,0.0007270389384945502,0.38848525079796153,0.32562137906635197,0.26923305420729116,0.4430905755006998,0.34287249059418323,0.38827369683849466,0.18038348574667043,0.44803015280675246,0.26410367690689657,0.3166183064052348,0.12470447022287066,0.3792850244958686,0.4971933393747595,0.3869762881915244,0.2960291203135533,-0.2093099563187428,0.1821115286385955,-0.2236924921730102,-0.1596152095740389,-0.21737923872699627,0.25754628788983236,-0.245674738196164,-0.1210557072385214,-0.23640057111406254,0.3156146310075574,-0.2694864792356368,-0.073282505132932,-0.1850603826665518,-0.31820824814870596,0.04198789040029715,-0.18197199476183054,0.40308401608053673,-0.3352662615427843,0.19345578278790515,-0.20539598796551373,0.41101063637451846,-0.3398856516512325,0.06458253005547189,-0.06221701336948612,-0.010017531132175569,0.14881683702263615,-0.10066945263426971,0.044023083137708,-0.0063470158750070504,0.25130663009606213,0.09862387053106576,-0.0636107496016124,-0.09491935343311,0.363167067258618,0.05129408444080689,0.40881903159995653,-0.05094071400773378,0.33295980453266155,0.04108521777847022,0.2468820996313441,-0.04600786792062131,0.001119430288101945,0.14536185497641307,-0.09142241660724007,0.06475225173802375,0.07969433375530402,0.08167410070136534
temporal_20,0.156818174262567,0.10428493869741731,0.26853644490905765,0.2706486169923538,0.10596985514245581,0.4017126450110423,0.1264245823671394,0.2532972294895036,0.09102182662104354,0.02938886615285823,0.18229492554490676,0.32495073152467135,0.38559842255801324,0.17646245261663843,0.10097218399348527,0.4308164044305239,0.3507103826801575,0.1529834917326691,0.20623624521379566,0.14282107788612772,1.0,0.23322019328863752,0.2899838283077322,0.050675330515136924,0.12159331609646788,0.25290920001066375,0.33473779363239875,0.45823512858577126,0.30830325246671025,0.07608396091043834,0.38385255246715005,0.16061145013504474,0.17562705650968619,0.13314892151865976,0.1654987379935362,0.17823284941282685,0.24952284005001213,-0.12539699221782108,-0.180595190140472,0.1350775971679774,-0.06169295377964324,0.01803634245499015,-0.021354941807263182,-0.06876512223920227,0.007180317244925489,-0.011820163751880428,0.11285900442941271,-0.06284412920315485,0.12240315030649053,0.25004868318521534,0.2775097440869875,0.17316842988827424,0.18783473036341403,0.19899786277557893,0.26028486428388653,0.2824794250603693,0.14071574657049435,0.04014344582422643,0.05375812462810391,-0.11947453748272181,-0.2144764262044147,0.2486391777292468,0.3397404945307044,-0.11532131968772615,-0.09385331909778351,-0.049904158424080865,-0.08435628937079839,-0.18496808857489921,0.08050826599788569,0.06515178910369598,0.03196128950792309,-0.04689453034784558,-0.19778741839628222,-0.0372889750871107,-0.06476340179188732,0.06195024000985113,0.16866955174091425,-0.05807517659798806,0.1939814067249672,0.13891166796557225,-0.12266443219399059,0.2633279627922495,-0.08175902532415216,0.3275356465735616,0.11372174820939036,0.11647029309684712,0.0918717075156787,0.1122559523909343,0.01354807730053063,0.019963213180908088,0.056759948236323146,-0.007637665095782601,-0.05555378427318857,-0.07684786685481906,0.04446886185187756,-0.08330345772459784,0.09623008576554186,-0.080903803436485,-0.06639404269634043,-0.12062050839959934,0.10742061001772613,-0.12666032218672024,-0.09342830427293289,-0.081182096092242,0.15376359224195893,-0.10384498986605607,-0.010118406727504477,-0.05763296509036194,0.10330468686769592,-0.09102675623828631,-0.031442564079692516,0.062462863888129425,0.038723501754296355,0.05088096079576494,0.028861946952479622,-0.0017215058435099283,0.04167651053971428,-0.01696789774787711,0.02494384110943496,0.008390131389022672,0.015547568465884997,0.1347476399799251,-0.01111949723755501,-0.0009054342977303338,0.10815221163187226,-0.04911531917989327,-0.08329417775079442,0.0066742724774365445,-0.034072058140727814,-0.08980019872777019,-0.05503612954879019,-0.03366379963090474,0.1447855824117211,0.057207427092626266,0.11183851318799382,0.0070466968859070125,0.08874518159077893,-0.04122919310354763,-0.05106356264552847,-0.029323659124386354,-0.009707574568604329,0.11503511760722301,-0.07192830967938697,0.2461907017953633,0.1580054343814581,0.163900123333582
temporal_21,0.06166471937864335,0.1611142898610869,0.28577783614641744,0.283327158740624,0.34245375064893463,0.3011347020153974,0.13505271267907284,0.3400437362735271,0.4054612942624073,0.042814322152872696,0.24472726439915077,0.3433300531749346,0.2583842010107177,0.1519911056387416,0.14677313243033624,0.02604242756791962,0.21051771680687897,0.24728646966612308,0.11866849556745616,0.32987906077688034,0.23322019328863752,1.0,0.2096820501834207,0.2259608061071198,-0.02192708546629865,0.3018027278137916,0.3163063370995149,0.35526274050586115,0.14281260323258801,0.23058675298623899,0.10040952503329523,0.08969675561827711,0.06604792031969119,0.25146676813525953,0.08574943119686415,0.06762664114273641,0.09236600946431854,-0.07879730068034503,-0.1510769136426827,0.09332836901203137,-0.1534174384342006,0.09976759615785365,-0.03144862051506736,0.10836755453537361,-0.010102560678396946,-0.03514686719927258,-0.08512547583822988,-0.014555677830615952,0.08273512334402237,0.09308058269639875,0.09176305140503244,0.07480305453751486,0.04458031377972181,0.019623160549671725,0.08054349917346608,0.11031550658730939,0.31237424948460013,0.22847180610620718,0.23621810779106844,-0.024504615508726707,-0.041276001899735466,0.0676772801197025,0.10321204556526246,-0.08075976045189272,-0.11379030492444779,-0.13236544720948812,-0.057092717576581666,-0.09204305429628663,0.038609318801176976,-0.06534782110284888,-0.16617727278935293,-0.09857481341025356,-0.03445666348943382,0.012421299931612449,-0.000198883346021833,0.003528824805371578,0.0727090174779272,0.1433325428905368,0.04337473149555424,0.08598108392219816,0.17128517452245426,0.02570567820287139,0.05837994640910598,0.07568044273647079,0.2975601439959785,0.2708720860361018,0.21553123058709786,0.31830226701143394,0.224040361898656,0.3005927495169126,0.136360907860202,0.29111681322349076,0.12083192948233784,0.18119908220977216,0.0967060435418733,0.18180602748892669,0.291975927247317,0.1866053722229529,0.06393770731687257,-0.10044596261977097,0.09090513300293131,-0.10007145571713155,-0.07319647567552001,-0.12431425178384999,0.15908666643610087,-0.11248041054528934,-0.0609538070498431,-0.08789237278160657,0.12096868492807883,-0.1020030994636324,-0.08162388006965833,0.03395948142054796,-0.0849233606498497,0.11555936706844223,-0.12021876863146572,0.22259204085712195,-0.18988972969269563,0.0708232949899151,-0.09077924709744255,0.1911431050159717,-0.16278239543802409,-0.021569787210194636,-0.022516016183688942,-0.04648248756100365,0.019601385068584613,0.007028475550699187,0.04009942357852127,0.0013224755442801648,0.08973822034582207,0.10731922115974876,-0.11968421047302866,-0.06656233386164509,0.3251757381869616,-0.05019247539050966,0.25070396886318436,-0.0911824406814024,0.22986272568686328,0.05775502524319207,0.11421884716392887,-0.03199959730326981,-0.05234370553094238,0.024029198414563267,-0.00886215296396666,0.10250735970430035,0.23113052536172732,0.242655151182959
temporal_22,0.2249141855935644,0.45344378587827827,0.24217435457732917,0.08112462188844184,0.46669241094714226,0.268103639118211,0.29785127728288313,0.32166743148180366,0.2905856476192364,0.3113999363570108,0.4156100450004035,0.15668170024887937,0.4730115991542298,0.36283405315611206,0.3004447965938106,0.414483158093975,0.4325314559835781,0.4242174215084285,0.3627039971622872,0.2887092937388366,0.2899838283077322,0.2096820501834207,1.0,0.1720580051232333,0.22581842524439866,0.39095688055788774,0.4637399046130515,0.3209583618368052,0.531679091752143,0.26489554278516664,0.2359053341581458,0.28231823904839143,0.23013158898170924,0.12808849872794284,0.1785064038742755,0.23104485428966556,0.3351945929260579,-0.1219491534303573,-0.23442458334821714,0.1943438766746495,0.0001903107542268567,0.10548775196770432,0.05487811458131039,-0.11971217053618961,-0.0024626078193468346,0.006793358726975234,-0.15670820951094433,0.026015855227267935,0.14303552440415185,0.3068525904203322,0.4003111588903298,0.15793023214026283,0.18437944595296832,0.2665661458974477,0.34560051881404513,0.4100078287722181,0.1662113206863136,0.13433068720934446,0.1314312008995256,0.007632446262493148,-0.1823019997922096,0.2168430299553683,0.24736470299639335,-0.10543435937384996,-0.17933874088516216,-0.09831350126599876,-0.07628041103889385,-0.0956700597697571,-0.04164587782194199,-0.02113968614604693,0.15529936378691545,0.08294899354430124,-0.12730475155756868,-0.017059387917489,-0.05315338296219139,0.052192859993386805,0.1843445629476255,0.27733299168408326,0.1490899452054861,0.22299267430189082,0.19286272244071634,0.24389395128667776,0.0571227345628722,0.36316365646037724,0.15915779511721753,0.2036299193844445,0.12379268930743177,0.17877030775521693,0.11885346359038508,0.171260523617645,0.09008430804526439,0.1261533203839556,0.05689413305369793,0.10069324586054372,0.06970915414085689,0.07151313858434377,0.1033915716945031,0.05341429484010499,0.08216556826428872,-0.13987498928620623,-0.004019763166387926,-0.11073327258431591,-0.15650171714874084,-0.12107329424787422,0.15500081658855935,-0.11958389181058468,-0.037398111766427315,-0.09900553446921337,0.20429042984735354,-0.12043490493574861,0.03751580194325803,0.023989249970853856,-0.1253434857705051,0.2036985258784082,0.10432876478413336,0.3869602373216567,-0.12427014194508203,0.3737238476727761,0.0871696219656937,0.3793532469126005,-0.16526916504528597,0.1441293125358707,-0.02303036629201519,-0.11169152550160319,0.02509111571486692,0.053993754867909007,0.08353306243474588,0.11056336374635971,0.2863327197894715,0.03393135090189931,-0.10786567768500824,0.034228515564548916,0.16829228756110692,-0.05135558359547808,0.09020938410984203,-0.002780546534023946,0.1532766447085641,0.09535137670858716,0.2792760591100832,-0.02927762264529509,-0.12120880409253351,0.026309303693066367,0.05327757726078438,0.11778909462815208,0.10317755932893351,0.12229319140797743
temporal_23,-0.0852906506489572,0.18478776936381122,0.24355332675674982,0.03416257981137393,0.28868042754650053,0.3360767852900151,0.10899013720327987,0.12553923900900685,0.33302917704326107,0.11535460261218056,0.06359149466285004,0.09210440767026078,0.2017834983875974,0.1605610387094364,0.0731820148121498,0.04292150785553846,0.09662326869349655,0.26062010247910805,0.03922740074432177,0.2751962250641129,0.050675330515136924,0.2259608061071198,0.1720580051232333,1.0,0.09789474968922483,0.07742010170383933,0.12587746336638211,0.07395025311811995,0.20935523070061962,0.2703363805246018,0.07614269240035568,0.0741129908258063,0.008573126309140328,0.17200243450853328,0.05507992323654561,0.007137843718673274,0.02594609392450079,-0.17163229308372308,-0.17021950657501292,-0.058259243822141725,-0.2476494627089916,-0.1508898796897309,-0.03666260845794909,0.18601055302885822,-0.04981164995128424,-0.10308223146051601,-0.21087570893781163,-0.004597825677554488,0.009689933815758365,0.06933569162095861,0.02966671577942072,0.008264815086368027,-0.05221674817713586,-0.030157714757800193,-0.008135952903826923,0.027401453576330174,0.23687303515778527,0.2382345115919343,0.21078186780496463,0.06181292544109578,-0.08398272397805505,-0.03771790672413785,-0.015536444699154191,-0.20171302609193423,-0.21622583313941823,-0.21889894530308068,-0.08061817855249549,-0.11183354666134394,0.010152086745020545,-0.1682924474356217,-0.11734579589729044,-0.14046589444543123,-0.08708597810184875,0.0868154587108772,-0.049557975175275146,-0.07174357176405549,-0.0355281446499559,0.20827857778266207,-0.08131664176683893,0.006875183037478609,0.20200897477482072,-0.07806869776937451,0.016949695514210033,-0.008140158716069896,0.24746495922365197,0.17638278826567577,0.181953215299778,0.2626534207740075,0.24617196778910386,0.27392344691348947,0.13205684880222565,0.328688409664769,0.121758956956272,0.12025283365823747,0.08669611460115664,0.17025364244468655,0.2591634637999411,0.3070899054110923,0.17385153038719503,-0.21747054414099995,0.19819747600170878,-0.23451415125007008,-0.1731927220731327,-0.2189357854601448,0.30673251953080444,-0.25749160442262,-0.08554063201157075,-0.18963589730924924,0.26936603498702427,-0.227062304702077,-0.1037282935029735,-0.14079346558060776,-0.24444294564972585,0.010087416695768405,-0.2198295748588099,0.3212678854661408,-0.30539998497899645,0.10913489429467066,-0.20253682207517829,0.29721294627365247,-0.2667830631146695,0.11497045878298186,-0.017500167530254712,-0.01683366772478349,0.1177867773388722,-0.000884330967018879,-0.15879536804875768,-0.18169425029693284,0.1993975674375214,-0.020223882662672672,-0.08477534978629639,-0.03534284775945829,0.19664030001299335,-0.09902498132673049,0.1959548762475131,-0.09500047680840172,0.21602775041675268,-0.15516438148789818,0.180781273691297,-0.013291116067512676,-0.006564498593301328,0.13768974737792103,-0.010212416294765271,0.03076330365513611,0.08516711384252804,0.09431449292927492
temporal_24,-0.010801811925668597,0.01398581951083403,0.18509805046824154,0.14446237705336312,0.016595189276182948,0.12394249520567774,0.10333206510912774,0.15376752189832193,0.16865766328074228,-0.004697264579501248,-0.006604980351160591,0.17578709520493885,0.20938895421313994,0.18738283579201695,0.14753326298307523,0.10078402957977782,0.2989181664906721,0.026068524594784898,0.08168456174787479,0.08775263066920254,0.12159331609646788,-0.02192708546629865,0.22581842524439866,0.09789474968922483,1.0,0.2486493056391127,0.021092147965733016,0.08169850888371769,0.29051219603380857,0.19744604606790844,0.26420274490538403,0.156668413433603,0.2973700503851933,0.09904917794046401,0.3236477491065431,0.29335467753068856,0.34202505923311394,-0.2341300319843872,-0.37676410233855134,0.22155149963509213,-0.27284099045468346,-0.05043806060298833,0.1967736215140458,-0.053399333864592204,0.17277616813268912,0.13244600977637583,0.010943603842830406,0.1915496212181369,0.22087906334986343,0.3503782001452644,0.3611163330506279,0.24112295751313806,0.22556124422284243,0.2748549174199153,0.2767565636119289,0.3302717548868064,0.038944908076757025,0.11170117646988786,0.06214741275103223,0.05450486014541788,-0.1305859541136117,0.3059857588134472,0.3348784593340191,-0.25418286505030036,-0.2502656298957215,-0.3392534755511942,-0.20265425759287586,-0.13584492382544106,-0.05772527759866367,-0.14542112873519872,-0.04487211330029697,-0.22321237919654235,-0.2853008017743763,0.0908207916363083,0.13046570835897936,0.15850934378999157,0.23657485690189595,0.0745963687175484,0.23244134236682484,0.22277069003183694,0.11030126223761957,0.25819184572447285,0.09372475819095769,0.30577213075834514,0.09973037178005031,0.046036393883591764,0.10238394959216737,0.07640184908894367,0.11945217307573387,0.15312285276870077,0.04675209120091498,0.15962426704447832,0.05521137938280189,0.10454359783074636,0.005046337544028146,0.12668831670631917,0.06542923033868274,0.21639514812121446,0.22523348903728183,-0.2587345217352495,0.17058415291059495,-0.25787186089222996,-0.2109426963736127,-0.3064169642292344,0.2586186194241197,-0.3206051881482841,-0.20245781843784627,-0.31309700761787845,0.25187071992796933,-0.29998503272162863,-0.16772273141846408,-0.10794581628581976,-0.1382505606412578,-0.054122907173131174,-0.1662611283279745,0.15479830777021872,-0.17152328264718514,0.030129692700199957,-0.2283391718994261,0.15783693235374818,-0.2142919504409138,0.16394892056338292,0.048137573302860406,0.03168836870396735,0.09477217910177317,0.03514977901559819,-0.03999415429614663,-0.045580750277699755,0.11979724246919755,0.0024412838983985043,0.027833267476135477,0.10852695308924615,0.028390885449021117,-0.03957092690964231,0.07304807139082282,0.07052261610046778,0.05964651648701487,-0.03702767028776556,0.08000234693453273,0.029073261163642353,0.03864447811701022,0.10776292732310828,0.0007918882603999436,-0.06450286816481406,0.04732322500850664,0.06860560224132545
temporal_25,0.12090155888709862,0.20535237258285916,0.32932449974668,0.2643736448495021,0.2181927467370828,0.23192129821233562,0.2347331436054532,0.24857572791694263,0.3433817730963222,0.05486717882792351,0.18215890794501996,0.3594588163940754,0.4618723973661578,0.3596023240178773,0.19572871577581513,0.3249697199304925,0.4656859256108333,0.31424289190042226,0.27074740509377754,0.16219263039553672,0.25290920001066375,0.3018027278137916,0.39095688055788774,0.07742010170383933,0.2486493056391127,1.0,0.2606297612762016,0.326661892094113,0.35123840411679674,0.26562927365529326,0.21583169262587734,0.22669050986837652,0.17107605620533772,0.10311017041861116,0.18083967588519356,0.17430020683656214,0.22568751543052687,-0.05444445628257345,-0.2809952417906983,0.13220362690187143,-0.1755410029018681,0.005590041809187456,0.0193703090792993,0.03260862624021985,0.05759897748133388,0.039509989391846495,-0.009302821228774044,0.03207460144396948,0.18599240533534225,0.1829780446633954,0.22382124033574907,0.1314529836306951,0.19607221450235202,0.190678935398119,0.20599634252833396,0.22017432263058584,0.07339253750947368,0.12863824302384624,0.06601678697746471,0.019614054720419133,-0.0250609136041601,0.26533092217858795,0.24320026846854467,-0.08465174241802523,-0.21040805935763138,-0.14244749375303678,-0.22472372701601187,-0.14110108825259934,-0.040429069556144163,0.10470086636340369,0.049128937160640485,-0.061364057217950164,-0.13372562745652397,0.08146598708946096,0.041819024686231075,0.1016601675482232,0.15744711979056136,0.10317219851279778,0.15705260223971387,0.15946381679132987,0.1122087384702499,0.19095467841436672,0.1257546597728776,0.1789833112533143,0.11087867326056326,0.1524776880314853,0.09696665017175753,0.10961945489830895,0.0729306075915963,0.10662047591553307,0.06553886619349744,0.03851443103530384,0.0991590654070096,0.17021814410041916,0.05305274117136738,0.14124686897047073,-0.011937671868548258,-0.06956356235382755,0.07468040377560145,-0.12014622676461527,-0.023774164861364494,-0.08570843531560758,-0.14955547271473668,-0.14742764100686467,0.08358706903131072,-0.11467497472146732,-0.14398168194638059,-0.1730151472209473,0.16328800960610446,-0.14209149625464954,-0.09346141861270321,0.02843875112483797,-0.03542669085300686,0.11240863176366989,0.015558759359466323,0.15817759241879445,-0.0516091411548703,0.09797754358635395,-0.05795983769030354,0.17620707291667212,-0.11887015623203151,0.11852432665812238,0.04754768769049333,-0.09222921522989694,-0.0134760204158832,0.1572068257930489,-0.009287530281436703,0.11788244191287131,0.1275612659589352,-0.13972478286429738,-0.032425519784377126,0.1620465233159521,0.1472310917988213,-0.0865496985499059,0.054694400895753746,0.08762242786705726,0.054618337945743646,0.013932671378011033,0.0849610755663576,0.03871232295555945,-0.110312855956475,0.0038824717338739826,0.15920752251030473,0.11595814127193589,0.22069057497527195,0.23434002306189788
temporal_26,0.031740296886548634,0.248296824180348,0.24060423169656905,0.17523974588515695,0.506641207746989,0.28818810212029433,0.19614240988165974,0.2664295911309944,0.159440046908956,0.13330971196241895,0.3734200260572906,0.25760112033368987,0.34145112568377817,0.21159794520138983,0.1957723185481487,0.332260207675683,0.2825170961824854,0.3656785096896848,0.27294545695003475,0.23461466185069343,0.33473779363239875,0.3163063370995149,0.4637399046130515,0.12587746336638211,0.021092147965733016,0.2606297612762016,1.0,0.3888855289881518,0.2871075090063019,0.15304310471302218,0.12947296653367746,0.16678666922831983,0.08614833542943534,0.1695882350114797,-0.021557452089333004,0.0897511264148509,0.13598801975169905,0.004139690093830785,0.03779691954768689,0.10340460666908216,0.07288723949459491,0.10518956716173893,-0.05784550622757561,0.12160217866540332,-0.07772368713369911,-0.08181301600135961,-0.07533111815783423,-0.046510491424386326,0.08052618801311699,0.16156392902233416,0.1649366429361431,0.050642409210175494,0.05323772522646604,0.09148992027705699,0.21139419240583332,0.17358057198435778,0.17885184017924746,0.10812114317728497,0.09879510669696874,-0.14601717360674848,-0.20778181517903013,0.037317723129437215,0.10733583478995208,0.029829885632243636,0.08110971001075468,0.141942682711955,0.13166236529896022,-0.05063057845172981,-0.059968864293684365,-0.08684865997873677,-0.01770434923190403,0.13368787473315685,-0.060490654622438106,-0.08881065521084408,-0.13081212840593892,0.026041579207056766,0.07038491388962641,0.16638295511871232,0.047605974202529405,0.09583363701242381,0.10231229492990367,0.12787025498778282,0.028335956998375756,0.17850596781573475,0.1646031798980032,0.20879089206701743,0.09820368811330825,0.21008902076387578,0.0189997182344873,0.09034032732789571,0.03071931230873309,0.05920756692386458,-0.07636921899926934,-0.053000879201430484,0.02648567421675479,-0.06061505993795444,0.17158141653207337,-0.06107559208400071,-0.15476297668025202,0.035170503222611914,0.0698204041753309,0.024396625330342415,0.0666080754873638,0.11942148029560726,0.07931337567764425,0.07568136241758908,0.17115873931496756,0.1508699616203209,-0.0020856192288079326,0.0717943779001863,0.0805424826852216,-0.01712945215495385,-0.10827337006170197,0.10096411210173403,0.03711888395390897,0.2801281053905191,-0.10423995889333218,0.21489691974411462,0.11407704597710497,0.2534039629727326,-0.11214680369881633,0.05580363754228596,-0.07733071495272498,0.022361752845262633,-0.0033620480486226917,-0.1203414676647901,0.11719314154166775,0.11864495103682414,0.09838843344076684,0.12092427397917564,-0.02346749220406147,0.003307956327865059,0.2330841025082935,0.04901564877276871,0.18758577867738915,0.034475800439085214,0.2259217808185565,0.1577213400686514,0.1551691807419272,-0.07649356648242944,0.02279091177464067,-0.007524685481854292,-0.13153583254183565,0.16262181307634999,0.2244517329223205,0.23881229529631562
temporal_27,0.059094776717550014,0.17079107389690773,0.29794300239903393,0.31128173605080195,0.27359113109233424,0.3348599260160034,0.2007707301424024,0.3169095413694631,0.14456534358211817,0.017131401142841247,0.4337163074438613,0.4102420467248611,0.5751307213868754,0.15837954189604966,0.29749749691842564,0.32096553769213376,0.376382624395883,0.16475743646930438,0.2667424803391899,0.17340912860144864,0.45823512858577126,0.35526274050586115,0.3209583618368052,0.07395025311811995,0.08169850888371769,0.326661892094113,0.3888855289881518,1.0,0.20102991068523818,0.21455078483604964,0.3729323461970406,0.14983111699573504,0.41186312611200676,0.021886349704574464,0.2805264768735709,0.41384341456102264,0.43672142694084953,-0.03990459077368087,-0.14947742979662265,0.41496389714155973,0.0572623708431497,0.1179608531473382,0.22956419644792314,0.06938283941308035,0.28995354478671564,0.29393497766942844,-0.1293683646574341,0.254550731726021,0.39358980164715984,0.44656049357063365,0.43365461852470844,0.4057738099012195,0.4141653185358808,0.42599224221715437,0.4800751305639959,0.424094750965883,0.001467172884076088,-0.09093957314885188,-0.1886168171940437,-0.32801828833928376,-0.323879414880595,0.3762585246224037,0.4163353670601809,-0.01799236401428869,-0.007606215228054621,0.09292898215187709,-0.06202561269492232,-0.08683706431590825,0.036818183394086754,0.009177875694365883,-0.011404387565498162,-0.05417295900292497,-0.23255084344825722,0.08690897734355624,0.19315130718797496,0.366604162953761,0.4240293637622702,0.25649550840156354,0.4062058512663136,0.43381557296173967,0.24500116690331739,0.4440143119980071,0.3126063491874654,0.43934698484156526,-0.023092061015630494,0.04095003231873021,-0.03611050131156729,0.005994090514029882,-0.17062703286432998,-0.05615199413709802,-0.128536360452439,-0.0979567417889644,-0.2503481002362205,-0.1498095421562512,-0.14082402438017963,-0.13013233193245294,0.019921333828385585,-0.09021652087035965,0.0119124311705761,-0.026892756783184542,0.1626484123347423,-0.06025155021239921,0.024242946485635575,0.02815267578526129,0.2108570597370881,-0.0648421727522046,0.14656624460050927,0.04305687633968052,0.14201231971685752,-0.0769034925650136,0.14833088979849304,0.07706436344594006,-0.08575774032644891,0.24400128316751934,0.05143568109114914,0.2844982324863648,-0.13475499829039625,0.24882873117590915,0.04259742914888338,0.30751242773329945,-0.20769803626476438,0.22997641693911872,-0.015580052043876871,-0.007868933234050687,0.11500687802970529,0.010607993695815977,0.0320167829750938,0.04486120768737154,0.19369293441061486,0.02163134092313943,0.011944073775316415,-0.10758560796126593,0.0962938400760352,0.10694818946783692,0.013402063260486756,-0.026321296807691647,0.12104527636046519,0.0465103062285546,0.2538460842826066,-0.0723905977434265,-0.01678543458617753,0.1238903761552805,-0.0693309663198944,-0.07133834007046128,0.2075757463584215,0.21999858627649446
temporal_28,0.20351338942000957,0.3195114844848863,0.3535407402220558,0.06515138992132848,0.37737712453112976,0.33649284537697877,0.3112790500982728,0.32860341586326874,0.35996862015701203,0.24153743449615495,0.24445944217923263,0.21363933257855025,0.4188323456731411,0.4050920480618331,0.20867411184506965,0.3468269932379866,0.505486574210053,0.29802253024843023,0.26730681594494626,0.2811120039275299,0.30830325246671025,0.14281260323258801,0.531679091752143,0.20935523070061962,0.29051219603380857,0.35123840411679674,0.2871075090063019,0.20102991068523818,1.0,0.36370388504264045,0.2582164529924932,0.32858441656407256,0.16496885568288616,0.21782838896770515,0.23978430479042956,0.16547058979107693,0.2679447836650739,-0.19535324361569872,-0.31684578200003344,0.10320038029942197,-0.16424596108140135,0.02086954026776677,-0.00031120558418719954,-0.10668495525442379,-0.036901173041023874,-0.05789043207845395,-0.09112182626780603,-0.02061993729773885,0.07757799153211907,0.23574814185644574,0.33677675272235436,0.08559231036742634,0.12602737617634294,0.13737553138499925,0.24660788439007408,0.3372875368930915,0.24889077664423098,0.32235891597753186,0.3707037835011867,0.17214981963803444,-0.027342636220457704,0.24389925889255182,0.2658522739915736,-0.2578968559890072,-0.27389216749913087,-0.253495430380323,-0.17810132467616535,-0.08637979042856285,-0.0762795100354568,-0.010808571823412421,-0.03820524813171477,-7.146814119654893e-05,-0.13016758343941146,0.009528433445335556,-0.149511989067289,-0.033832605839510296,0.10815621917556811,0.14040599811421106,0.0961361402559035,0.1238600840888157,0.07967197276495319,0.16587905823220897,-0.06034060418828335,0.3005056588050903,0.2994370957148983,0.3093353749716442,0.2312395694353149,0.3177577895120497,0.3039174187620808,0.2583038512335634,0.23552327075174692,0.26331722997300555,0.2698963220038469,0.22176195456880707,0.20339473513145268,0.23555554360191797,0.18689582178675676,0.2026803981978921,0.1973500737859108,-0.2567372050104703,0.06109121330956248,-0.21738931001376835,-0.2571696742440108,-0.21686000000496816,0.24883382250433453,-0.22346967849314991,-0.12043559666562054,-0.20873392736585963,0.28472997787082416,-0.23090056673676806,-0.07484025152545118,-0.026496635390903005,-0.10065621375681966,0.06647582202178838,-0.033587318894240686,0.24338956724789318,-0.12416419818755076,0.1389899274349365,-0.04338445208620031,0.2547639026421252,-0.15074756945376727,0.10035386267568945,0.08188368047575163,0.06186087009911306,0.06847232762539968,0.043354232411821764,0.02971884468962262,0.10099943175428683,0.1385445599240835,-0.05069103636740312,-0.11841701502885255,0.12723790853521535,0.2861638998846408,-0.19790769000224284,0.17721685562695919,-0.014843896951261164,0.24694122166718202,0.045868077165148485,0.14271008000852753,0.08530176454289244,0.05435594100194111,0.05767759500643762,0.05234985600149461,0.14378567336024417,0.022183985504160758,0.04044052232934589
temporal_29,0.07263362412920527,0.24470401947979142,0.40796008102509096,-0.013833848177267079,0.3334529777960073,0.3022615942692668,0.21995180502530817,0.22582752805426162,0.4260973282845284,0.19948337564580682,0.3134267059856202,0.2535203669170687,0.26305826564646323,0.2866740164761042,0.24145250347180927,0.061646246333885824,0.2046501681143918,0.2570428775647181,0.18318624511598242,0.3627961557251066,0.07608396091043834,0.23058675298623899,0.26489554278516664,0.2703363805246018,0.19744604606790844,0.26562927365529326,0.15304310471302218,0.21455078483604964,0.36370388504264045,1.0,0.16291127651209936,0.3151766004450646,0.07225880014862619,0.27376391249585597,0.15078985804782463,0.07274287707785584,0.12508023527214202,-0.22845645055582756,-0.2771701859962883,0.04921636304334882,-0.2494652223060602,0.03044234965730881,-0.02305902199495729,0.04543244580551585,-0.02935807356168426,-0.07476064051854393,-0.38692523003550433,-0.006599979779038749,0.04963764007654842,0.12132032199725314,0.15823982890038532,-0.0012380505274893962,0.013398372399361709,-0.01837783246920027,0.07729348645028115,0.1625997929528982,0.28704168648026496,0.3618566924592242,0.2671302698400318,0.15578321418693603,0.04955807170163428,0.09429562888176299,0.0911462322013146,-0.34012250877926664,-0.29020157619421494,-0.28397172435923285,-0.19802700534989845,-0.03282122793750065,-0.13800459620547997,-0.11821703439903092,-0.2476247296017456,-0.10650961918818212,-0.032160961242295553,0.11220627441886262,-0.031643746879125745,-0.07326306448579084,0.02145180386241996,0.3297326323692702,-0.045838138972768706,0.08002090669139346,0.29196414129364484,-0.03426227951890776,0.0575107978927229,0.0643156500556894,0.35339042662799547,0.3571498878665539,0.26850588843175976,0.3933100708206139,0.33875394134265563,0.3561720637523911,0.25773534733802766,0.3925719472611395,0.2824779187975544,0.28523430688942825,0.23594524183920587,0.3466771535957775,0.2708292492566541,0.28901354024059195,0.2068014509871151,-0.3114596516867123,0.24178304456192504,-0.3200880032954832,-0.2548008091098897,-0.3194498325448525,0.41016319661972894,-0.36047540103715614,-0.13647515814867386,-0.2886549250453832,0.43296454027576237,-0.3554327341425241,-0.04168122022066267,-0.09300211598258731,-0.2780236659346945,0.11868022303373339,-0.20590765270793987,0.41757948668609096,-0.33242642208299145,0.18247645901989418,-0.19349199913585838,0.41395452185862264,-0.32071096161485996,0.019895883864803034,0.11500569430512578,0.15567023521044002,0.26571388738180934,-0.023529909157079323,0.10883228660213697,0.10284190329951783,0.2642201713393396,0.07463608403683054,-0.10283593293464105,0.10730321946347218,0.35166816247665095,-0.19963938440712103,0.237354078684187,-0.033590975036154005,0.2828436659323266,0.11751974875853273,0.3012060983346896,0.12921706448790307,0.15642102571941383,0.23823732109408866,-0.001930608549244122,0.09178685342501479,0.01627949303823204,0.03959413044354849
temporal_30,0.11350319151865391,0.1456433024986621,0.1631512739401125,0.053878340366128444,0.08884595959843135,0.3788742043774727,0.1677350674882845,0.1858870125270531,0.11063841152992403,0.1341761794839846,0.2853229672084512,0.3525690822110084,0.41824445728458726,0.011274394519596949,0.10257456184889173,0.18941724297633689,0.42912396023548083,0.12784311504500276,0.16347662089062867,0.006827690287653278,0.38385255246715005,0.10040952503329523,0.2359053341581458,0.07614269240035568,0.26420274490538403,0.21583169262587734,0.12947296653367746,0.3729323461970406,0.2582164529924932,0.16291127651209936,1.0,0.2514161175684209,0.2615791338772505,0.06255140482252051,0.2669061593142548,0.2614150596524783,0.3204894504979177,-0.09398076118799639,-0.16865873166759476,0.25055566787122263,-0.03477901184367554,0.10087190366241594,0.09508523102484995,-0.011085245151062751,0.12462234140798965,0.10622360524791782,-0.08701698974450997,0.09486343468023167,0.2205544735054486,0.330108448389624,0.36974415241119113,0.26742888679114096,0.23607282769095003,0.27414694566917586,0.30334438208689024,0.3534530632306849,0.041105880245108535,-0.0022002376459440273,-0.058515398657209686,-0.1026274080850587,-0.18520778644575486,0.32903350515725266,0.4163462098118172,-0.045392478633801914,-0.03904281855282339,-0.07773807413980108,-0.04245339666660975,0.012566976517493196,0.10531023241354505,-0.03193436653091501,0.020027437224391403,-0.12255679282251168,-0.16063996953626838,0.017556854962960316,0.05951108240348304,0.1580426864165781,0.2584347254921697,0.04218093971374577,0.263631692678245,0.2366800800886119,0.005125126178493026,0.3135272307885739,0.045173322528139055,0.35935229028274457,0.042265040745598566,0.018357208257706634,0.08143837335456523,0.014870035660654623,0.03372250326012448,-0.009492392209889382,0.09043012081309543,-0.011039022044725027,-0.033146624023378056,-0.09410183326997915,0.07155112289002855,-0.08086057595800689,-0.000531455734081968,-0.032679038894824965,0.038188272197739064,-0.06186738073422088,0.15492754548434015,-0.09224325680930222,-0.021680420292179155,-0.05284825698894479,0.2725584559861049,-0.14505694509224087,0.10973492112015333,-0.018768798074848127,0.24735789822807902,-0.15852799695036998,0.17798224173309177,0.07763196308120286,0.017963325256102582,0.07871411795501888,0.023087001970725173,0.06772547417655476,-0.0005900764230134956,0.055232488729964245,-0.01793055004663533,0.08648007662579726,-0.049705008176126005,0.12425446417829193,-0.041567429720983616,-0.04333922474585782,0.16495499914209502,-0.04109492100570122,-0.032214564598289454,-0.04850026732551275,0.03418354114044289,0.04664497900440602,-0.03655655959098899,-0.030983759807615797,0.07217358911040803,0.00782931785680857,0.01265209528931034,-0.022365963616356007,0.012227440465816279,-0.014399438877545842,0.04592048588908695,-0.07825495522326259,-0.05602630350018847,0.15875072102307422,-0.08833130176813951,0.07590444082675207,0.11058550196122115,0.11741404976886032
temporal_31,0.34035029417720364,0.15359949519818697,0.23482543785831791,-0.16444070414462278,0.3716928959003023,0.22863547849373386,0.4483414182912184,0.24018996595048436,0.21310368407118543,0.22375543449385016,0.3129700934411102,0.16460404799044426,0.16992927980283437,0.28261207947132005,0.27757264163334217,0.2934010595128161,0.17301691564258287,0.41842132429407425,0.37627972977062846,0.3210451262640917,0.16061145013504474,0.08969675561827711,0.28231823904839143,0.0741129908258063,0.156668413433603,0.22669050986837652,0.16678666922831983,0.14983111699573504,0.32858441656407256,0.3151766004450646,0.2514161175684209,1.0,0.0036505180922065416,0.1870198358909855,0.060670891846409475,0.005144729613874839,0.10619794499570419,-0.03573795470243548,-0.11200603133715235,0.0010687853165892423,-0.028074948626175038,0.1329216648049782,-0.12044383577207675,-0.09875919484171496,-0.18829884152166157,-0.19194623774502664,-0.2194413986094865,-0.15252475571245225,-0.054957179885494284,0.08766218497282507,0.1992299614162194,-0.0005952511893121566,0.009265882564375045,0.028687538463169265,0.06380218788614936,0.20783619906642214,0.21757782781595206,0.24909547532128812,0.26135135758465006,0.2775930836575932,0.04359715601395024,0.07733949782420409,0.13484988393095104,-0.053661861284353775,-0.024455949288332595,-0.023260762354493796,-0.14843680233249326,0.04376634184756313,0.11742750928809172,0.11218523790427112,0.12628391819084347,-0.008034828913005354,0.014107800857581721,-0.10668011644554938,-0.12450356400395174,-0.12559604614726147,0.0022500663609034037,0.1552866145314802,-0.026753838872387026,0.028265994789797785,0.08347932220936909,0.033831863336131314,-0.02733715397429051,0.10136784143759364,0.24588210046468617,0.2038279220642077,0.2152287621648055,0.24037176290041343,0.27420007755518555,0.24806496580980705,0.2365740379923213,0.25140981200455764,0.2563173706335876,0.1887907315585288,0.24888125791718058,0.18816244980774935,0.14788771198287565,0.04381669552583519,0.03343704324725706,-0.04029887523552363,0.08891927764912283,-0.043979144386061174,-0.013382107576209027,-0.04797438853794798,0.2278967218803067,-0.11341356300278983,0.03952394356789068,-0.05842973034815684,0.26265232120260806,-0.13253797319565597,0.07842561203534269,0.15583713659745568,0.02881893219808177,0.2220187821040172,0.15761970188355584,0.248100351241664,0.014539539520818354,0.28713269439735356,0.05827860243038027,0.31863634426212456,-0.09591957179140521,-0.03777000266172205,0.02886431609221672,0.09776540304881465,0.08554890277653786,-0.06470770411606304,-0.006655627125536812,0.053667602502137646,0.14176295026722407,-0.010538201336950959,-0.1031702262883764,0.08398691130743395,0.2957807797955105,-0.14303988162592599,0.15526209240545835,-0.017783116990778666,0.1392990930464793,0.03749243155212457,0.1497417217092485,0.03969000118785123,0.07644335764209774,0.07656346028800519,-0.028870812472577178,0.23051876089181697,0.04565156024425022,0.052387634449128126
AGE,-0.0754884214627557,0.13079297242691126,0.2245142711959729,0.34860824762299236,-0.00046445708151173897,0.3186959762882379,-0.0672456176157054,0.12090593870304271,0.049659681072092614,-0.16532480441854888,0.20808707526450954,0.22249092062203793,0.48459274668238983,0.00014431859774631362,0.1612042556092357,0.17060381136383407,0.37381065698980703,0.00010672424149604201,0.1926158886353042,0.04279735239399032,0.17562705650968619,0.06604792031969119,0.23013158898170924,0.008573126309140328,0.2973700503851933,0.17107605620533772,0.08614833542943534,0.41186312611200676,0.16496885568288616,0.07225880014862619,0.2615791338772505,0.0036505180922065416,1.0,-0.15578659426562536,0.8214607967257758,0.9994777643402556,0.9698284749972005,-0.372208961609678,-0.6283652716800047,0.9139322561316584,-0.20760653619348388,-0.00670897228720522,0.8979796759305589,-0.06780908312364908,0.8637448526909964,0.8353542991460213,-0.1029771371094815,0.892433022939787,0.9402237984671836,0.9262488542265762,0.8730617582131999,0.9294164503800177,0.9318856147350972,0.9346044013763519,0.9217392167778371,0.823437704097407,-0.2122266096403465,-0.24495691085546076,-0.2922975650015669,-0.412450968060565,-0.5377222802872434,0.8548558829878967,0.7965639951201069,-0.3570192127749442,-0.350180539244662,-0.34016917059692553,-0.34706787534795436,-0.3612804436952865,-0.08403028110323357,-0.13302343770024996,-0.18347075691903827,-0.45269308034118194,-0.6530075424600316,0.34900155529892474,0.6392906629469549,0.8691581515337959,0.9540375675453812,0.39541485065591364,0.9284382268052491,0.9449853122253573,0.5161637815671566,0.9168174162183479,0.7157659817760917,0.8528432107399778,-0.23005602741719908,-0.08383499219538587,-0.27135442996040754,-0.15904782921614227,-0.319972466359755,-0.104864657829725,-0.392660160281224,-0.1337942377402443,-0.4299380157112512,-0.1449538078584857,-0.4983830371113596,-0.09456151429010452,-0.07203344051700325,0.16929118456805287,0.5093095945073416,-0.38040777243688223,0.20673642566299555,-0.3892933191626444,-0.32917272182142066,-0.3869449262272578,0.3894125798332934,-0.4525761926955603,-0.17906938496107863,-0.36612761963385404,0.45559228807463104,-0.500182261993648,-0.008900721130391673,-0.08705482606322909,-0.3262080855466956,0.18678179552939836,-0.2167634271390779,0.42435707601658706,-0.4560707427282562,0.28251930496823113,-0.37817037146643956,0.4199087202472842,-0.5776860309195208,0.592262936178462,0.10543590684112274,0.0017781662460078268,0.1331897502077866,0.18333751332764545,0.03172217159275129,-0.04728814123834901,0.384305627352906,0.015678598926727953,0.13575336804396287,-0.059883591393854345,-0.08864926636102348,0.1971609677908462,-0.11711392427972372,0.07393884655188263,0.0014071515529668253,-0.027908176520810415,0.4412654216932422,-0.03938655518682868,0.006432771370782059,0.16665313015367642,-0.02366998372730127,-0.6629430207502592,0.09796509094731337,0.11713261556168389
MATI,0.07450747291287839,0.11262187110525362,0.21834527650276336,0.09119075247439154,0.2766037935373604,0.22804635191253061,-0.003200589069971464,0.26671278861005937,0.16667608890347377,0.08437829418153438,0.11211799677590552,0.1510428555449548,0.10623353762068032,0.19964524124630856,0.1218569242436355,0.13162845344643676,0.0752989136197067,0.04685660108647108,0.1500838898547975,0.3555868369396702,0.13314892151865976,0.25146676813525953,0.12808849872794284,0.17200243450853328,0.09904917794046401,0.10311017041861116,0.1695882350114797,0.021886349704574464,0.21782838896770515,0.27376391249585597,0.06255140482252051,0.1870198358909855,-0.15578659426562536,1.0,0.06216996969042782,-0.15447377395107587,-0.11074881951763216,-0.22922930719740886,-0.11753092342544184,-0.21038687895635166,-0.26543855374315173,-0.15219559175080935,-0.30252902844644297,0.15097016928389387,-0.23791433180294877,-0.30266702211894153,-0.003839886208802742,-0.26724736353596334,-0.14008121077592792,-0.036872570629828724,-0.10299052944678422,-0.21368806611151622,-0.1869708535738649,-0.15647407551974649,-0.09163297452022592,-0.07618252246492908,0.6784306133655547,0.5829936279661775,0.4678188467712977,0.2895537204668823,0.16879210195889446,-0.039011293515033234,0.013296985397101444,-0.18725611473606357,-0.12105649625268296,-0.08436045804409148,-0.08364074731532034,-0.17651029247868372,-0.18903964455939729,-0.1420459667596368,-0.08762811396200754,-0.010660667690811884,-0.0056106343730062385,-0.11078346964697623,-0.28190815494094346,-0.22616944388159138,-0.2108294181888002,-0.0011433932523479487,-0.21580779757430774,-0.19663324887610273,-0.10196143474487726,-0.1428970559486083,-0.20245442516849876,-0.07529106073619041,0.8528008549665245,0.5305660841098869,0.8206445199258,0.7890095599325637,0.6992926661823549,0.4632533481763735,0.680195827590049,0.5884199629429732,0.58448260445778,0.3222328348284939,0.6062484237056267,0.397127544919485,0.8217207033239626,0.44282386951380376,0.1543039543435324,-0.19829056991449232,0.24836493437544044,-0.22005544537046381,-0.13309132462087278,-0.1559951036713164,0.14769261393503244,-0.15203811856604071,-0.1483784103499776,-0.1480289485934626,0.11794985040931394,-0.1361451924471023,-0.20708977693495448,-0.21874115620980641,-0.1953229207860977,-0.1465753868036583,-0.16117876649928714,0.1506634188008799,-0.14146726438045568,-0.0751540028318624,-0.09944056968507993,0.14970410222850955,-0.092971860125526,-0.05802431696932462,-0.1390885655720149,0.00423405694145415,0.20653369772202163,-0.2575746625857629,-0.022458962197296223,0.07448069587808709,0.03279293670367681,-0.07207472255330541,0.14587298897414658,0.21099135167505076,0.40518099325102036,0.1342336498159537,0.9411616015777736,0.27302614635164857,0.4418802532806019,0.019694433237855954,-0.056497501212732115,-0.12517462101237867,-0.010272571507852359,0.2156195057974979,-0.2339096993428236,0.35106799884109374,0.028497673338698994,0.03443580900348653
JML_DEPLESI,-0.04405748767596595,0.14522615559121418,0.32650596404691457,0.3163257878127721,0.021874111282013074,0.3158858491471693,-0.10984205209341558,0.15373115672785384,0.12362172490334832,-0.0427838296598472,0.16469347941086793,0.24250851420181163,0.45921152865219544,0.10012601958139428,0.1695985333057584,0.12394013473505294,0.3407003432891648,-0.023791674408218482,0.11517332707573771,0.21145576277173994,0.1654987379935362,0.08574943119686415,0.1785064038742755,0.05507992323654561,0.3236477491065431,0.18083967588519356,-0.021557452089333004,0.2805264768735709,0.23978430479042956,0.15078985804782463,0.2669061593142548,0.060670891846409475,0.8214607967257758,0.06216996969042782,1.0,0.820450263661733,0.8047610149162676,-0.47373169908171886,-0.7237738955005141,0.7129540876056429,-0.40438971606129254,-0.08498854764434441,0.7392912196806701,-0.07639395744802716,0.696210498936702,0.628293275162456,-0.06121399019755427,0.7276449043413507,0.7510372092534,0.7555341589728516,0.7128104308005317,0.7241548522167237,0.7233136939612209,0.727493366869988,0.7264525121399136,0.6726369456571089,0.0377890654051608,0.03049104956257224,-0.006007694270398183,-0.11028740422903253,-0.23786539957235125,0.9477759959827032,0.8595194398671209,-0.4737304730351975,-0.4680376262399663,-0.4572033662232096,-0.43462830643139494,-0.41375363848578955,-0.16218289615191428,-0.21246494202685434,-0.25256280398256525,-0.4650347866244235,-0.6012097842751893,0.28220578371798366,0.4918166857910506,0.662612773244111,0.7427665178202593,0.35033661927954146,0.7141782789500072,0.7445672066449919,0.44749479905345496,0.6977396148021071,0.5576307316846657,0.6741760949336916,0.0546336870294046,0.07177014174884942,-0.02290977360968566,0.10574813041803473,0.02903472140910712,0.12216432566791065,-0.15865249585497612,0.16979596184229326,-0.04113669692475706,0.15094012661300135,-0.28968462988550714,0.2532534599387847,0.19470626745093614,0.5013137075566991,0.7986445903278733,-0.4998810467985131,0.2370197542250362,-0.49569188333865405,-0.44757213434802884,-0.5249660987636253,0.4222324522924024,-0.5415606197643396,-0.31547757834194085,-0.523048494493675,0.5421915498234623,-0.5855831886408475,-0.06430532533817378,-0.1928433942442437,-0.3776327410291335,0.07283149055353104,-0.3406080793244933,0.3831519219364174,-0.4908599968015441,0.15375023568744406,-0.4984401220334018,0.3925003050709553,-0.5633777586447077,0.49139584758276494,0.08596499413394379,0.012487234608174037,0.18213415498799354,0.13519848106142385,0.02879515219725848,-0.0436899874319399,0.3369679733609728,0.019635899197467006,0.061975288040740366,-0.04217953736743574,0.06226250616757917,0.08013461369232434,0.10506061210374389,0.014271969585458663,0.14643673931366832,-0.022645332740544075,0.39600475606376534,-0.024382154138572313,0.020240548694421483,0.200217339793116,-0.025860713215277845,-0.5449612890583955,0.052090128013747516,0.06329821029983644
STD_CUM_DEPLESI_%,-0.07467711704080629,0.12985523392460638,0.2256114221967696,0.35253263111926164,0.0027832231327501447,0.3173253741002505,-0.06649792893724296,0.12239470033816678,0.05091042072662501,-0.16549692988026174,0.21089823962207588,0.22422090390741878,0.48594827878396757,0.001511814129158221,0.16110036824461146,0.1744528250201201,0.37404620863264665,-0.00027211369169798306,0.192141290827303,0.04349104084977166,0.17823284941282685,0.06762664114273641,0.23104485428966556,0.007137843718673274,0.29335467753068856,0.17430020683656214,0.0897511264148509,0.41384341456102264,0.16547058979107693,0.07274287707785584,0.2614150596524783,0.005144729613874839,0.9994777643402556,-0.15447377395107587,0.820450263661733,1.0,0.9687508660176326,-0.3710573936883965,-0.6273207110068438,0.9140219124779881,-0.20752365650770263,-0.007226023728550771,0.8958452655584408,-0.06570386717857435,0.8597320705480687,0.8308278698543736,-0.10269648889655164,0.8909136531224622,0.9434228519080048,0.9249915312844019,0.8706815383793,0.9299749348032024,0.9318209061507627,0.93532888260703,0.9208859000918225,0.8210895167405045,-0.21200959382663204,-0.24372886630044346,-0.2916444126007053,-0.41625213287803414,-0.5372793744968827,0.8555331548538896,0.7952248542423356,-0.3556209360747113,-0.34814698423641083,-0.3380713357960027,-0.34859864168577964,-0.3619192255649231,-0.08310248707014352,-0.13361120888871392,-0.18154738424999642,-0.4550453248777499,-0.6526391828374138,0.3480798338076063,0.6392088096067989,0.8708707697323356,0.9542267170010231,0.3962517672425727,0.9285072246768101,0.9452144226755916,0.5161463244365889,0.9173070699199084,0.7187271130853865,0.8505380113655491,-0.22906362454554505,-0.083464310326661,-0.26967408242501534,-0.15833028991119466,-0.32135387378734587,-0.10799733320863439,-0.39149992464691113,-0.1377453596068613,-0.43000903588007644,-0.14576409469943274,-0.4973887377075314,-0.09551634053623005,-0.07239872626499516,0.16423328516643756,0.5084308338047163,-0.37882539904956103,0.2069208451152014,-0.38796082325056636,-0.32760339952830825,-0.3857643735938276,0.38794125675737445,-0.45136936846803993,-0.1797120726668144,-0.3650362029572668,0.4545287759490273,-0.49945294520909,-0.009048699158104998,-0.087218608871056,-0.32673809208679666,0.18745173731384676,-0.21656626199491397,0.42389136563129015,-0.4557194573682356,0.2807788046436031,-0.3774758652530117,0.41982749382552936,-0.577572566233393,0.5910869585105153,0.10463126304973369,0.0013989054241917958,0.13419331588674427,0.1823230415504676,0.030502151075687645,-0.048499154015742764,0.3851045060508384,0.016039302876396808,0.13654391368415145,-0.05771853118440537,-0.0875559785980333,0.19648900763261298,-0.11608573619032396,0.07542134448942037,0.001039975272283474,-0.028666125883297564,0.44189641226482873,-0.03990280772275859,0.0066954693655534425,0.16761308496381558,-0.025051807667633284,-0.6600284479352886,0.09836625107706541,0.11708661128764818
PAKAN_STD_CUM_GR/EK,0.021614653253201298,0.1636254570345283,0.2849331585452295,0.3055284324576115,0.06319224309562897,0.3742764300408465,0.025009633347117914,0.2077938825257098,0.1152147097803412,-0.08947667283873315,0.27051916007637916,0.2683712821352524,0.5354497449212124,0.08608212412046828,0.20781119173580484,0.254031726032486,0.43647161389216627,0.10766497642110655,0.2654403129816893,0.07390752821997282,0.24952284005001213,0.09236600946431854,0.3351945929260579,0.02594609392450079,0.34202505923311394,0.22568751543052687,0.13598801975169905,0.43672142694084953,0.2679447836650739,0.12508023527214202,0.3204894504979177,0.10619794499570419,0.9698284749972005,-0.11074881951763216,0.8047610149162676,0.9687508660176326,1.0,-0.41946868186441205,-0.6829850395006077,0.8659512019219799,-0.20848703619708372,0.028388767423130505,0.8081266400498298,-0.12454579532270699,0.7432974069699417,0.7197821120173965,-0.10062805998761228,0.7828196590436892,0.8573027323899055,0.9354033205739072,0.9560137302220844,0.8852383781019353,0.8979802998850378,0.9116698399241121,0.9365829217441339,0.9205444193528447,-0.1458743112193494,-0.15777579231832317,-0.19691551990431974,-0.31423065925738364,-0.5223081288987808,0.8529775603334355,0.8368286512754738,-0.39123304138484677,-0.3787229495109901,-0.361099974629905,-0.35275473614839514,-0.35526155392372327,-0.043990034183236826,-0.08190932629114839,-0.12172655882651515,-0.3963404617294462,-0.6192872022214367,0.26244435586916115,0.5088176307875537,0.7492013880729117,0.9103200570687098,0.4006591865386464,0.8825932502721986,0.9044828238485251,0.4674507169550758,0.9078967126476943,0.5912565992965196,0.9225560474740288,-0.15475390148055454,-0.04068231322615195,-0.1910345921949131,-0.09981915490729454,-0.21603679797386777,-0.04435994705197628,-0.2879338624332167,-0.06531648452858589,-0.3255850065884287,-0.10431208479178469,-0.38050999390116436,-0.052761915892613594,-0.04800157412840761,0.1641184392762636,0.47480058703160394,-0.4181642266089872,0.21184598831395107,-0.4170115972173532,-0.37146885049867984,-0.4194467298276231,0.4340830314828106,-0.4791285975239228,-0.1951784527875455,-0.38944228494035354,0.5088597170816299,-0.5182019679620039,-0.02100123094844607,-0.033731705933353874,-0.2898557821161784,0.23596934317168866,-0.1485660117784252,0.46234526879713334,-0.41247514956123216,0.34300746540674953,-0.31955764992858876,0.4676672956072185,-0.5428502234209582,0.5854667310900498,0.06264367774464959,-0.0024638728813063866,0.1235015543828515,0.11618710887102515,0.014437623528509374,-0.02452361106613069,0.39846262025060425,-0.017464096518021586,0.08949842988969636,-0.03719460773781461,-0.0440330792525998,0.12094244436150961,-0.08422447056362306,0.044947948018776634,0.025531843904342953,-0.028383172506392988,0.44304347777222824,-0.06063585698098899,-0.0009838554531289153,0.15986423993557272,-0.059765279058007166,-0.5248163226075974,0.12364612248476833,0.1503624771628936
DELTA_PAKAN_ZAK,-0.12048486656164446,0.007296704053303191,-0.26561011940632717,-0.09375017651702379,-0.06653009582717485,-0.200989290820673,0.027321686272148968,-0.22091599056476524,-0.16564044326547922,-0.10979598354741904,0.03804832457133775,-0.0838284224210368,-0.17311458961394413,-0.1018883385545428,-0.1352175121698074,-0.11624986974867939,-0.15893119635053185,0.009647063315150178,-0.103467201032517,-0.19651131542128764,-0.12539699221782108,-0.07879730068034503,-0.1219491534303573,-0.17163229308372308,-0.2341300319843872,-0.05444445628257345,0.004139690093830785,-0.03990459077368087,-0.19535324361569872,-0.22845645055582756,-0.09398076118799639,-0.03573795470243548,-0.372208961609678,-0.22922930719740886,-0.47373169908171886,-0.3710573936883965,-0.41946868186441205,1.0,0.7454574422059638,-0.16858562840067692,0.6309998285967471,0.33750266910530646,-0.30624333225180717,-0.0002630386910474396,-0.22882166871918863,-0.12802032038466732,0.07203437499196108,-0.306471956427829,-0.2890324965851783,-0.3728993237306954,-0.38562312617862804,-0.1673107406445488,-0.18085838551539932,-0.2158024750441847,-0.30991163334488214,-0.3782604542399316,-0.21245218291909676,-0.2085804386126981,-0.1504329038444323,-0.034499791081275294,0.1675731982867407,-0.3735151407542866,-0.34868798696996556,0.8470324105988594,0.7262277455853345,0.6177005187937403,0.40482526027541493,0.39836328050042713,0.43012570034823955,0.42963377495584754,0.37305743273747405,0.297152835996217,0.36320169655092216,0.050395862520676946,0.14282891622969296,-0.033539859973456064,-0.17763367648131967,-0.1183565401157921,-0.15975251354066902,-0.18245900982424346,-0.042500932622686595,-0.22034252154242875,0.05137176854189284,-0.3659860259877093,-0.2519407763502926,-0.22600935708577344,-0.15503385421724533,-0.3014405450769062,-0.20907218696869256,-0.26452956967416025,-0.028672896650170247,-0.3345122086101033,-0.10095312853887692,-0.19909008546227,0.0774394454149129,-0.26490295081561566,-0.3491372890742269,-0.47320897025712283,-0.47092945111249523,0.9218280152674269,-0.5086699175305095,0.9250249046087741,0.8415575033369324,0.827066720593891,-0.6290080470508607,0.8379831660977571,0.6275369349045707,0.7617374115626437,-0.6772207349849517,0.794204595816388,0.441232251300579,0.5246942559414367,0.522888792888009,0.33149708679074497,0.5848673507851843,-0.17982081253341056,0.4955224426626737,0.24602676556407488,0.6071540521157089,-0.17537842039596607,0.43997239263463067,-0.1989888527568891,0.2909379062273663,0.036567670701846904,-0.40390276044899365,0.3830904097154391,-0.019589530883615338,-0.012879870917146532,-0.12687968381499332,0.013390041784162464,-0.0143510900093348,0.020219313901370172,-0.19779867954245922,-0.012554476869613742,-0.2641032398153369,0.00980325879369758,-0.3058617925227164,-0.0019143374201318261,-0.14827879207852132,0.36814016627463936,0.06664571739034567,-0.46561702573599745,0.46897347358134056,0.19188985878695697,-0.006035113293794653,-0.02678192512669829
DELTA_PAKAN_CUM_GR/EKOR,-0.1374253913523718,-0.06393641352510027,-0.3337500589863177,-0.2271633896933445,-0.0659048480195801,-0.2232914431915847,0.05088533194796326,-0.258159991719743,-0.2835034570380229,-0.0644469638870954,-0.054859603369348,-0.20083953682685546,-0.2846750294947669,-0.25115641965486546,-0.15802242849339904,-0.1562136424612864,-0.285319114225548,-0.07258273696552218,-0.16909076582462765,-0.2254454415486551,-0.180595190140472,-0.1510769136426827,-0.23442458334821714,-0.17021950657501292,-0.37676410233855134,-0.2809952417906983,0.03779691954768689,-0.14947742979662265,-0.31684578200003344,-0.2771701859962883,-0.16865873166759476,-0.11200603133715235,-0.6283652716800047,-0.11753092342544184,-0.7237738955005141,-0.6273207110068438,-0.6829850395006077,0.7454574422059638,1.0,-0.42833597651161937,0.7778027465236271,0.2549990593456629,-0.5183122752075142,0.02719319650621285,-0.4396718070295655,-0.3274080171454798,0.14000850447862487,-0.5072677890278705,-0.5330329617890465,-0.5938057135293322,-0.6198861150561906,-0.4471209236959784,-0.4594782165786802,-0.4780681651020243,-0.5072914895952438,-0.5993517505290998,-0.10437672578130931,-0.11656462804088343,-0.08241630254021204,0.03940628436014375,0.25774888677114455,-0.6608928811064374,-0.5744503648102598,0.7720063651248398,0.7766302260347167,0.7701643252376617,0.712298513659272,0.550565961797008,0.3172857979066698,0.33816407448775676,0.3487709108069826,0.5379673366711344,0.5556321377794995,-0.2474800160444248,-0.28492154028198835,-0.3369705482590421,-0.45870966105728733,-0.3238605744766498,-0.4154805494864032,-0.4752677657533805,-0.3553191258320472,-0.42754423561484395,-0.2742427391733198,-0.5216664855560442,-0.13310805696822772,-0.12638090581706649,-0.06307710283218336,-0.17070912744772396,-0.11986488569825862,-0.19611347985527,0.048595429591592805,-0.24999622820821252,-0.04368445142167662,-0.19618513834877702,0.15601170170624812,-0.3035785895773184,-0.2136473261639214,-0.45279657628189085,-0.6630695290856442,0.8154142971200767,-0.3487680067334313,0.7877730074818816,0.7667727742227124,0.8904722983420152,-0.5746117018827871,0.8448642016122,0.7104946005752071,0.897028869611791,-0.738343839080489,0.8579547880117072,0.4919870596196502,0.3969461687901374,0.5437853294582748,0.11038935938131607,0.5659017555208735,-0.41929488545304416,0.6273942702195493,0.016960764392189607,0.7272759630415709,-0.4351484679793545,0.6739834164526272,-0.42764147133014796,-0.037333771328262544,-0.021152111149767595,-0.320057263829807,-0.04321605940205532,0.013075864188190347,0.01953587074022029,-0.3526695553266299,0.04179237170636174,-0.024227578016564635,0.01246991764697663,-0.12420608259705845,-0.01088655837951314,-0.14654273582431793,0.004022425733512294,-0.19771039519524813,0.037892216609280605,-0.3431359472624913,0.02745413707329046,-0.022506410431049152,-0.3581867294281973,0.049408790588728255,0.3129057711681534,-0.09742987753279662,-0.11476698690646972
DG_ACT,-0.12074864162373775,0.10485858298699749,0.1498305486695363,0.32351521019114177,0.0025270283298477443,0.28553231039101395,-0.04384979736254503,0.04099988766896566,0.021017294226309782,-0.2323173921613736,0.257548692714473,0.20922415076471282,0.445571284078384,-0.0799263643715625,0.08804908736355196,0.13608797743383688,0.30175017226599044,-0.003340822868337192,0.15026764825074354,-0.0006590355837324008,0.1350775971679774,0.09332836901203137,0.1943438766746495,-0.058259243822141725,0.22155149963509213,0.13220362690187143,0.10340460666908216,0.41496389714155973,0.10320038029942197,0.04921636304334882,0.25055566787122263,0.0010687853165892423,0.9139322561316584,-0.21038687895635166,0.7129540876056429,0.9140219124779881,0.8659512019219799,-0.16858562840067692,-0.42833597651161937,1.0,0.022111689385028842,0.37206734251878193,0.8245728268540775,-0.1420584767876396,0.8197155535919348,0.8344893888516278,-0.04418919148544874,0.8225002887699234,0.8843221464601264,0.830133399419447,0.776520031045734,0.908174874740903,0.8968555220448128,0.8881498028032299,0.8480189447259119,0.7284623728519614,-0.2511808376542985,-0.2820841150393941,-0.3118769663826158,-0.43486353356920415,-0.4920166046440645,0.7626282142958201,0.7080022817734989,-0.16954722636323846,-0.17513301216190497,-0.19375980494917552,-0.22458797406683956,-0.22202246832281078,0.048534332005931796,-0.02930318780647774,-0.10134222639443982,-0.3889791380037962,-0.5407368681997105,0.3079505545798542,0.6514746384242751,0.8624431855130577,0.9649726374841533,0.41914754619875183,0.9354447623389778,0.9599375074981523,0.5662229041071211,0.8897822207228795,0.7873105750401995,0.7714608628349084,-0.2800042808275765,-0.13544419715632233,-0.2989270737716259,-0.2271424250867323,-0.3540538443408298,-0.1456815594406656,-0.3869507198339266,-0.19148063238543614,-0.4530661095438168,-0.18429361495156205,-0.48405043215553606,-0.1569369705022702,-0.1524178630894394,0.08148335225553548,0.4122944366397118,-0.17578962009991517,0.0813368553921574,-0.17790104303416704,-0.14350287954637828,-0.18860842090147995,0.2480899679663918,-0.2486475354790524,-0.015289554698113323,-0.16477469492114566,0.29269050104154976,-0.3003809385473463,0.13706717980467933,0.19603921332801658,-0.07768991511253329,0.39564380567387825,0.006248615849970057,0.3732233580912232,-0.26224434035673433,0.4163458636215923,-0.15425030510791007,0.3575240211017493,-0.3932445479812789,0.28986630321697493,0.16564013926695279,0.02428427914596406,0.028788807195153615,0.24220881383871,0.27859901034500156,0.09657217048117868,0.33442065228696843,0.2819339689340555,0.11389785165972943,-0.06245326980035658,-0.11657528001827222,0.1768819346401374,-0.1843298462926602,0.05861294396718877,-0.07148584425402113,0.22495407394291767,0.46010390475063084,0.020864379984424513,0.02009973670943306,0.05359433822548027,0.045365399437833596,-0.6143613062274227,0.07917840535897279,0.0920022662369866
DELTA_ABW,-0.043165195479721134,-0.0010223314719444287,-0.2460487825480337,-0.16146144293220968,-0.03828547481037244,-0.058848678465987604,0.1800011678714778,-0.1799008942668119,-0.2618396138892218,-0.08845780594349134,0.15548367565004678,-0.15242064939750946,-0.030582113094604298,-0.1844978680507435,-0.13021890857306082,0.006554397522403227,-0.10505160008503138,0.08181667618654663,-0.03233084197693187,-0.2612101306915509,-0.06169295377964324,-0.1534174384342006,0.0001903107542268567,-0.2476494627089916,-0.27284099045468346,-0.1755410029018681,0.07288723949459491,0.0572623708431497,-0.16424596108140135,-0.2494652223060602,-0.03477901184367554,-0.028074948626175038,-0.20760653619348388,-0.26543855374315173,-0.40438971606129254,-0.20752365650770263,-0.20848703619708372,0.6309998285967471,0.7778027465236271,0.022111689385028842,1.0,0.525534477374254,-0.17317689988416898,-0.33452441752078904,-0.16457003827390498,0.012668375699362517,0.22460967338088667,-0.2389014283652423,-0.22314749050716615,-0.21638487679401514,-0.11008845879094518,-0.0111147702237549,-0.013623316161185992,-0.03282056023643855,-0.05297368909282248,-0.09087318056429773,-0.24421005769695378,-0.23229692001370933,-0.1874934921883881,-0.03475623237447493,0.08395505374031555,-0.2865646877055852,-0.1984391928047415,0.6931024980055831,0.7001411350958036,0.7044985577923927,0.6531678006613533,0.5329861089031477,0.5186655585241896,0.529749553590426,0.4999645810223384,0.5157611524328588,0.4018877871810082,-0.2573194564686243,-0.14416608669948694,-0.06068375844780377,-0.0009076918875445378,-0.13732443450543413,0.03357935959527026,-0.021887205860153903,-0.1832126107557666,0.05058758476942493,-0.04499635606221209,-0.003389958521799324,-0.2850385809065239,-0.23413257615606994,-0.1988005481595652,-0.3245369120536056,-0.24152474161126983,-0.2810040744179819,-0.07709523624639937,-0.35963993147619616,-0.16057827739418354,-0.25192529217350434,0.008216439042046728,-0.359956141218881,-0.3612381793879784,-0.4900200309941843,-0.505770088811684,0.728900134722944,-0.39465786170778644,0.7286977148108998,0.6634446386445072,0.8172843025665892,-0.4955536494274489,0.7689524247822046,0.7188037854648978,0.8530701511753241,-0.5940070938825197,0.7721657779645248,0.6549683623787425,0.6958261574834834,0.6748624084300461,0.46609053521564686,0.8436154659794441,-0.2710217416617071,0.6974160661958448,0.36183829420435804,0.9064518048672541,-0.2902707798695488,0.6685481584180456,-0.2861854526688735,-0.005688669468321655,-0.012368168930085096,-0.4225443236608131,0.001017284608722601,0.074343341146359,0.05362663296050966,-0.17479028472088293,0.0790562242580651,-0.006787447597501937,0.009955509869593735,-0.2441758134546779,-0.005305987945341966,-0.29409182697291497,0.005390449034621363,-0.30536190013827236,0.08312738928910629,-0.13653983792140456,0.004922808272666027,-0.029856541252598554,-0.4419670289807832,0.03344955778115312,0.13597709218776663,-0.06150409861552395,-0.06333533905453996
DELTA_DG,0.016031073414929542,0.021908634692240643,-0.05410048407312205,-0.07693358560813533,0.07323343133646561,0.05228860916035852,0.18148426893662545,-0.06402391077283767,0.019039826022379528,-0.08832603132717852,0.2501149104983754,0.0587910310185671,0.06116584051459703,-0.09350410664274716,-0.08592509843423293,0.047572091144862064,-0.014180662502106258,0.1389270101405165,0.03349137606276442,-0.0670145529437777,0.01803634245499015,0.09976759615785365,0.10548775196770432,-0.1508898796897309,-0.05043806060298833,0.005590041809187456,0.10518956716173893,0.1179608531473382,0.02086954026776677,0.03044234965730881,0.10087190366241594,0.1329216648049782,-0.00670897228720522,-0.15219559175080935,-0.08498854764434441,-0.007226023728550771,0.028388767423130505,0.33750266910530646,0.2549990593456629,0.37206734251878193,0.525534477374254,1.0,-0.05227890309877605,-0.3201120933803989,-0.05066620167915754,0.06193740896202238,0.12471085060885297,-0.08221966308175979,-0.04178150492775917,-0.011779561482924134,0.10451696631317012,0.10628347848073595,0.0863352545793911,0.07215826753714057,0.053441175755591395,0.1217614463355702,-0.09384869566266744,-0.06061183822396349,-0.0100534325289883,-0.00319146363409987,0.017879740838651015,-0.025992683193108775,0.03168047709508786,0.315974216900486,0.29248425807945827,0.2341562403261924,0.20620663553591148,0.28067720317563105,0.3564283261018057,0.29047985646004354,0.23850552047484266,0.129360415097537,0.19268262029366978,-0.1338046435660978,0.013316001721922438,0.0165397876694998,0.19551668002558814,0.17197585495775783,0.1729507321585253,0.2110272434407164,0.19446433269088262,0.132883551479498,0.16810221356829583,0.10890717236436151,-0.11599080940480998,-0.11209117844793058,-0.06685279685966215,-0.1591729201869426,-0.040167947562476256,-0.0433071436722106,0.024168303757113478,-0.08279501219973094,-0.028062793244201356,-0.06066175744989531,0.04384022512412924,-0.10286907564403384,-0.21124454709990892,-0.17214171436645165,-0.1517704695371909,0.3477406889005234,-0.2600611708322454,0.37918383317709947,0.30586923957274065,0.33741987047696187,-0.17797429675597282,0.3404269985196781,0.34176821132183066,0.3645460258280517,-0.19944162838829463,0.33325820183949173,0.35819422481499613,0.756891783542284,0.5853119434949151,0.6358647376798195,0.5963387813469312,0.022721035264684063,0.43061508374162055,0.49430516462516155,0.5405295585899542,0.015377850551148499,0.3630445006998816,-0.6156912898411304,0.12096389634652976,0.056007938363480655,-0.24511857284546182,0.10343359308900121,0.6192868427323559,0.38233378390198963,-0.010513441991562407,0.6386686938231696,-0.07714121149555418,0.005408996549519485,-0.04999890368001716,-0.1031243447336278,-0.18587220466621174,-0.06159368319964366,-0.1647716038918476,0.6348344474584385,0.17120025410191136,0.11792770878633485,0.029266030775384352,-0.25263980007361075,0.12794672105968147,0.1030983682933933,0.006189680967815597,0.007181889684506359
FCR_STD,-0.12701480349228156,0.08735854301177272,0.07734210781107216,0.21357154160666375,-0.12823370227243988,0.14141704336085067,-0.13089888901787594,-0.03698832684273283,-0.06161497844604099,-0.1860121210911198,0.08672986341441075,0.029415986857176283,0.25526438383266464,-0.13709939717905056,0.0594838520709482,-0.03459790377336135,0.20377000422207472,-0.12622666393282,0.0336535536818824,-0.00864977524271672,-0.021354941807263182,-0.03144862051506736,0.05487811458131039,-0.03666260845794909,0.1967736215140458,0.0193703090792993,-0.05784550622757561,0.22956419644792314,-0.00031120558418719954,-0.02305902199495729,0.09508523102484995,-0.12044383577207675,0.8979796759305589,-0.30252902844644297,0.7392912196806701,0.8958452655584408,0.8081266400498298,-0.30624333225180717,-0.5183122752075142,0.8245728268540775,-0.17317689988416898,-0.05227890309877605,1.0,-0.17014789620856502,0.8934127276745802,0.8751717084118176,-0.10156889537838151,0.9680249014388713,0.8562292923436265,0.7252537748282476,0.6819035626838328,0.8216663719869798,0.8028433942477424,0.7906300779682373,0.7319756195971887,0.6337718946020152,-0.37021519614225834,-0.4005624246712897,-0.42273524419313113,-0.4298873188559462,-0.4243548240873743,0.7228123744900755,0.6181645033656794,-0.3164778446642106,-0.32041140226620224,-0.3184554155496627,-0.3180684780145636,-0.27104327625413605,-0.1420432153816123,-0.20426218224177506,-0.2492940295403555,-0.4516743767374907,-0.5234930601604397,0.4056602713501229,0.7135736850656836,0.845764748472055,0.8429183165432305,0.35653983201519795,0.8110758889098807,0.841995627876997,0.5337049231295682,0.7454706595958123,0.7236505415379098,0.6423825307598725,-0.4031849758329218,-0.19214993685440102,-0.4613035160046637,-0.29557036464635233,-0.46786313855921685,-0.16535573433660508,-0.5899785433583858,-0.20145818812705965,-0.5264545863835176,-0.13117792828711483,-0.6754335407083055,-0.08054507777030097,-0.14947513380052033,0.17782146347199665,0.5145095081105162,-0.33275705742784434,0.16027275902074584,-0.34691389136329653,-0.28092215089732275,-0.3471080669925092,0.330028762573278,-0.4205072972399372,-0.13817384182568052,-0.33909539245454917,0.3981070134894427,-0.4685274290479636,0.04968590620020128,-0.15991426443039503,-0.35568755340124336,0.09200467878163311,-0.2903539285121996,0.30595892906704597,-0.4694674401813176,0.1846961283361996,-0.43428000770717,0.30161841753800395,-0.5601139299744197,0.5389288524422119,0.15498957350115142,0.023557365440021433,0.10935939986506812,0.2542059272243772,0.08686405264101411,-0.08607073052481362,0.3209854572217571,0.0982888051647316,0.21066690331490215,-0.09392219252460032,-0.19311453118825916,0.2900498709665125,-0.22985440127059675,0.10362110595190274,-0.07488661541162404,-0.013678684051017555,0.4152025098901773,0.012181039758991036,0.03039895228993831,0.13994119650555392,0.056971836045445395,-0.8866679287824639,0.044528468470672135,0.055415305282030446
DELTA_FCR,-0.1803736274237372,0.015292725447171128,0.03931424410466154,0.18462254743032022,0.05205800201336782,-0.03672862030682277,-0.18059919126300994,-0.006862826105014286,0.042844727478942565,-0.024438998170179367,-0.0768235061589079,0.11836374128489575,0.050202800782047044,-0.029338630010338707,0.08324079416577981,-0.054900092767415594,-0.0018257588197517465,-0.11554950284066391,-0.03664755390125791,0.05488278440628384,-0.06876512223920227,0.10836755453537361,-0.11971217053618961,0.18601055302885822,-0.053399333864592204,0.03260862624021985,0.12160217866540332,0.06938283941308035,-0.10668495525442379,0.04543244580551585,-0.011085245151062751,-0.09875919484171496,-0.06780908312364908,0.15097016928389387,-0.07639395744802716,-0.06570386717857435,-0.12454579532270699,-0.0002630386910474396,0.02719319650621285,-0.1420584767876396,-0.33452441752078904,-0.3201120933803989,-0.17014789620856502,1.0,0.009567894121297882,-0.08845748131793056,-0.27331498514155333,0.04776226256142564,0.07394461247451393,0.03832551448980527,-0.18153741310728608,-0.11925576541910558,-0.09791104324628813,-0.09504541216358076,-0.07782712728115784,-0.2173025258743405,0.13321107991869827,0.10450778698593079,0.046553956720258326,-0.15570301694985234,-0.16726812753138334,-0.09778126673762574,-0.10451247434870858,0.018047090702691292,0.02897606503931563,0.03946092158282857,0.050806216581165506,-0.048580348263330436,-0.29087205200310706,-0.23443822452302213,-0.2210404567481846,-0.10477937778641586,-0.12983875998466676,0.12133105906603717,0.03865592061249551,0.031654853738502554,-0.12383477608545235,-0.012697761189051762,-0.12425000706458157,-0.11554485395802785,-0.003991718313026753,-0.13014383689795994,0.03362982321516604,-0.20508550477465756,0.14614487698848608,0.1284821250180579,0.11850833178978439,0.1541748715479736,0.03977289371389263,0.015989074633810975,0.06643744573344725,0.023545380562428723,-0.05065228795683375,-0.1010404244259538,0.03847216016421195,-0.1042002496872054,0.14170434714703134,0.06341084361408159,-0.03802649127156035,0.006403361819285355,0.1855172307131104,-0.04865910083342016,0.05181963183926441,0.016961350776547455,0.06955708595344541,-0.0305173655048507,0.004250665493833369,0.01927433752597417,0.0031906462724615187,-0.033488883775539026,-0.07355615498317127,-0.378469225644074,-0.30885390939144863,-0.28178412198066616,-0.3793583108983971,0.0934433765170157,-0.2717469864659723,-0.20273286805066168,-0.33368362643586447,0.10067138942112958,-0.2458906934115248,0.2010525430837031,-0.08813194736322894,-0.036439783182567916,0.23866997794276953,-0.0710995530405707,-0.06760678798845911,0.006441069023916954,0.00023933399316912154,-0.1087180286694522,-0.008998542997737502,-0.0017229554298283589,0.1337506221781315,-0.0017736050071133005,0.1480055691620159,-0.002665587414237363,0.15990614761374458,-0.05235625879181176,-0.03694610022275951,-0.09047294971353394,-0.031852721404878714,0.22800242217283387,-0.08879307880863717,0.0057883213829729675,0.009961117229913625,-0.002713118397245859
IP_STD,-0.1992731158247716,0.049426774373591796,0.08412670507405443,0.329865491259553,-0.14949045124789453,0.15903254218539,-0.21599325280104564,-0.05074235242789876,-0.07838792088972506,-0.2812574802038186,0.0771659929456247,0.08822189424400106,0.28341688250391756,-0.14194573863426924,0.06033805063377129,-0.014225637819224786,0.20446277595043894,-0.19268256259376623,0.060455790047349335,-0.049218168766850985,0.007180317244925489,-0.010102560678396946,-0.0024626078193468346,-0.04981164995128424,0.17277616813268912,0.05759897748133388,-0.07772368713369911,0.28995354478671564,-0.036901173041023874,-0.02935807356168426,0.12462234140798965,-0.18829884152166157,0.8637448526909964,-0.23791433180294877,0.696210498936702,0.8597320705480687,0.7432974069699417,-0.22882166871918863,-0.4396718070295655,0.8197155535919348,-0.16457003827390498,-0.05066620167915754,0.8934127276745802,0.009567894121297882,1.0,0.9780812195884526,-0.08892847487890201,0.9229919790102769,0.8840977103956978,0.7071577344209937,0.5839866901349586,0.8211492333033106,0.8106959754943637,0.789331342396009,0.6990445713825841,0.5299784476629094,-0.30611754266571467,-0.37640920169780767,-0.4387142223099716,-0.48528598876718293,-0.43376765250955235,0.6927240050981979,0.5722048394539347,-0.2441424653582846,-0.25885650008857297,-0.27435357390971177,-0.29169444426077173,-0.2846476879451771,-0.13186076514873526,-0.17896038754596508,-0.2570822132905939,-0.4719777430624971,-0.5400503552750638,0.4502210543973748,0.7642595615502672,0.8968094439896186,0.843393493249399,0.31764604414694486,0.8256498554947928,0.8314759283666086,0.5269670598185,0.7397302937218762,0.7820907561032389,0.5805565500982575,-0.347513893585693,-0.15238562832986685,-0.38150404821257383,-0.2668269410141854,-0.4571717707628019,-0.20411794463413285,-0.5118242346021834,-0.2488976263889726,-0.5181465859254379,-0.16072209763864806,-0.6093091162474433,-0.12085135142803405,-0.1534228935877361,0.13787549327629772,0.4887878051348861,-0.25991359940541764,0.16025478662709372,-0.28006898198089913,-0.21603779277482377,-0.28268661537387596,0.2601380073150075,-0.3486994717489688,-0.13429068294961155,-0.27508455274559407,0.31008421801751546,-0.3982469529295298,0.027017036080892537,-0.14598160846803504,-0.3137564129953974,0.07462384910858742,-0.28121546266630465,0.2658243728144993,-0.4301697632423435,0.11689419803860855,-0.39178826388247207,0.26310469549584947,-0.5157802358968547,0.4811076532753422,0.16369162835439377,0.00568903390810347,0.13082167587378296,0.2708950926899809,0.06233468438446622,-0.05873774004766117,0.2855698138769616,0.06706512713452668,0.16690940687939887,-0.09817804658890747,-0.1712474219594793,0.27876496895688024,-0.1971776736781502,0.09259301152339822,-0.05652942696753371,-0.008989539416817053,0.36023033370828234,0.009137316475692879,0.009224228863391155,0.15525392032645696,0.054657016045093314,-0.7650552583436435,0.021365139692586934,0.02720959907718438
IP_ACT,-0.19674895409873108,0.04985055416464592,0.03949677790047488,0.2977728670918343,-0.16719855883522824,0.14248346659398695,-0.17792378962755231,-0.08644527953713237,-0.125264765036058,-0.3033031268327765,0.10337578124865096,0.046006078249558616,0.26811873302348,-0.16534010086347942,0.025631201558001915,-0.012092863200958108,0.1825242010778575,-0.16680335025782195,0.05331729022798217,-0.09759039436597176,-0.011820163751880428,-0.03514686719927258,0.006793358726975234,-0.10308223146051601,0.13244600977637583,0.039509989391846495,-0.08181301600135961,0.29393497766942844,-0.05789043207845395,-0.07476064051854393,0.10622360524791782,-0.19194623774502664,0.8353542991460213,-0.30266702211894153,0.628293275162456,0.8308278698543736,0.7197821120173965,-0.12802032038466732,-0.3274080171454798,0.8344893888516278,0.012668375699362517,0.06193740896202238,0.8751717084118176,-0.08845748131793056,0.9780812195884526,1.0,-0.039791474621341284,0.8850746307415076,0.8428400877363664,0.6682936529450604,0.5806771456615285,0.8273065255275476,0.8161991776618963,0.791850687051557,0.6945039014212395,0.5309445867230176,-0.3643008859506128,-0.42566474780684876,-0.4778216064499273,-0.4846887789434244,-0.41664781224460545,0.6453499302288132,0.5357245492562227,-0.13311836851216197,-0.14856449577750205,-0.16712625755598118,-0.1989825389069659,-0.19100618795305746,-0.026704349000646152,-0.07312968047908999,-0.15566355333199172,-0.38031328269195197,-0.46746920901101774,0.3946714605640597,0.7448783619386747,0.8826854240976293,0.8525058649908505,0.3022838692646608,0.8391313835162811,0.8376146080839649,0.509612682469154,0.7528214728897,0.7767512851954014,0.5934668975305257,-0.41320296847769133,-0.20649990478793462,-0.4291343068186176,-0.3407181611430066,-0.5062657082708685,-0.25637506142865396,-0.5358791262229804,-0.3158822256651869,-0.5465671749227147,-0.1937272875498329,-0.6200741448734649,-0.1724787285869886,-0.2359298489582069,0.0485031410983488,0.4089910280562108,-0.1430437955330654,0.07136729875918327,-0.15511385616025972,-0.116990033322173,-0.15717395099660347,0.1648540565881058,-0.22047868106114626,-0.03231215304091051,-0.14275498427009922,0.212374335221335,-0.2701594270996304,0.1295382271832889,-0.00248107822984037,-0.18090992811342896,0.17484444833475174,-0.11649737674146768,0.21982249523241998,-0.30124980645368504,0.1933270574255875,-0.22119895587419944,0.2115545639633719,-0.39447085528988546,0.4224129621811606,0.16626758161541025,0.005332586141089766,0.0311564680027465,0.27471206555937305,0.08264327021306787,-0.04601255049576925,0.26310412854806525,0.08811775276145455,0.164954058028869,-0.0941349119697486,-0.22603597645099,0.2711235505362337,-0.26757602270443026,0.09125065794607723,-0.12387435961757606,0.012006210414659806,0.34373570427319217,0.01376011768170767,0.0048940270387165166,0.05361826001869465,0.0657762054234035,-0.7476362108581532,0.015164460477941821,0.019726672190606698
JUMLAH_AYAM_AKHIR,-0.0379138698229416,-0.11165791660481286,-0.11306126048399863,0.17509406665272628,-0.26947905763475427,-0.01195398915680666,-0.18200914645438557,-0.031636773656393384,-0.216380875135017,-0.14097857007130962,-0.24078087288386732,0.02151818124579975,-0.17925982956766212,-0.18022720372106515,-0.24496592885110902,-0.03682720853709843,-0.10030534770458008,-0.14747016707871916,-0.2035872567725316,-0.2749629890313856,0.11285900442941271,-0.08512547583822988,-0.15670820951094433,-0.21087570893781163,0.010943603842830406,-0.009302821228774044,-0.07533111815783423,-0.1293683646574341,-0.09112182626780603,-0.38692523003550433,-0.08701698974450997,-0.2194413986094865,-0.1029771371094815,-0.003839886208802742,-0.06121399019755427,-0.10269648889655164,-0.10062805998761228,0.07203437499196108,0.14000850447862487,-0.04418919148544874,0.22460967338088667,0.12471085060885297,-0.10156889537838151,-0.27331498514155333,-0.08892847487890201,-0.039791474621341284,1.0,-0.1610765068524004,-0.14539799943487536,-0.1534929677419248,-0.13116580474639658,-0.042352015178505883,-0.04256584575499779,-0.050170111296379924,-0.044585479851194404,-0.0783986204009735,0.024224157272049306,0.03987818986301829,0.054826964946882405,0.09262365588710345,0.20376473240484771,-0.02931736723331983,0.010245804992455242,0.11535443487003795,0.12711749689360133,0.13214568204374966,0.1126345101986667,-0.16574134625898843,0.15496466745535706,0.15958994478014005,0.1446832322041772,0.18393900601675092,0.0920982167833644,-0.24981018722342235,-0.17108013825794163,-0.06582605124994154,-0.044228274702202565,-0.4019855516579041,0.03724283598907616,-0.11455984103752352,-0.4369706127171682,0.06294105534251293,-0.2539699037624905,0.0529806666335673,0.02056217855663731,-0.0016917171041285442,0.0391959449369756,-0.01383474218907196,0.03895544674749642,0.0007374418531018311,0.0402858703838246,-0.04510017680363811,0.08342232211829294,0.08179417910212392,0.02453127607547835,-0.0014394887251232933,-0.041499440461794934,-0.08766982243914254,-0.12137397482049389,0.12275787188582812,-0.3023586420258663,0.19051925104197956,0.040927288269955536,0.15570485773311282,-0.4180452393708814,0.3024798859355269,-0.017711711925996534,0.13899331206602025,-0.45610372915102587,0.3364069614536111,-0.15998608514087012,0.19312587187470376,0.3996393637339961,-0.08871295380196301,0.24762896957340264,-0.5064999120057433,0.4331626527517058,-0.2429430386505758,0.2955916114770703,-0.5323667283049364,0.4639306004565374,-0.2010837413945837,-0.001894930054233532,-0.029898729796546026,-0.3505529806183106,-0.02727885211726448,-0.0052671947051757565,-0.00629429172874451,-0.40854468081294926,-0.0044107317136624835,-0.057972232925511555,0.041313216324632286,-0.04869062126090098,-0.06634254354026957,-0.028152562186636462,-0.0061607044553123255,-0.08634797478484654,-0.006675145254708277,-0.3856411380770354,-0.0040412472176671495,-0.035023199761455195,-0.2937738562606756,-0.01889182015201305,0.12299103139423535,-0.08499883214026753,-0.09419148326795146
FCR_ACT_lag_1,-0.18146728045810614,0.08801944234395509,0.0798349925571649,0.2678493456267395,-0.13065007500259931,0.11562997201665283,-0.1716676636639508,-0.06269974065321506,-0.055940771739470915,-0.20781104901317124,0.06162893090833796,0.04061245845053299,0.26935281623156526,-0.16388790621649313,0.06760168245835538,-0.06417260504007913,0.1923033181270149,-0.18512318342153836,0.033733832068518835,-0.014012220196294679,-0.06284412920315485,-0.014555677830615952,0.026015855227267935,-0.004597825677554488,0.1915496212181369,0.03207460144396948,-0.046510491424386326,0.254550731726021,-0.02061993729773885,-0.006599979779038749,0.09486343468023167,-0.15252475571245225,0.892433022939787,-0.26724736353596334,0.7276449043413507,0.8909136531224622,0.7828196590436892,-0.306471956427829,-0.5072677890278705,0.8225002887699234,-0.2389014283652423,-0.08221966308175979,0.9680249014388713,0.04776226256142564,0.9229919790102769,0.8850746307415076,-0.1610765068524004,1.0,0.891657081506822,0.7347322097277039,0.6372242962563814,0.8092632946589173,0.7923494987674213,0.7787902705592029,0.7168906754064324,0.5790799094941061,-0.35100059162984015,-0.39360896085306074,-0.431082768010222,-0.4786263170568083,-0.46230426990998313,0.7079104735534963,0.594369894248388,-0.3112851395756367,-0.3115740908824264,-0.30985141005662853,-0.3056287520295399,-0.27494130010620765,-0.20753670653710313,-0.26403664133677607,-0.3093438130466104,-0.48715656939204627,-0.5538090970296593,0.4379853263142151,0.7413508905051268,0.8733269173072579,0.8346704562464721,0.3652436154818975,0.8026522203704826,0.8350494099346111,0.5538736777346255,0.7280417133546883,0.7614821208822136,0.5973271486541857,-0.3787145468619597,-0.17193868081001487,-0.43037755322188476,-0.2769423381461431,-0.46883353047235227,-0.1686750159887342,-0.5718776939071721,-0.20723958946805432,-0.5457576849490168,-0.15570420743040736,-0.6662048288016935,-0.10825702948421988,-0.13080408250661182,0.19030625670017548,0.5150711441919903,-0.33033566524150454,0.20279215973612477,-0.35578598247796467,-0.27063071376204956,-0.3409667376670465,0.3447894578181855,-0.4256310691268868,-0.1382432178334531,-0.3301361772076286,0.39905518854134286,-0.4754150318605765,0.03937943809518203,-0.22575732826631764,-0.40481363163289097,0.038463284291408474,-0.3647609853810215,0.32041810627230066,-0.5178389798456379,0.1388694819034249,-0.4953597380129707,0.3166806199438233,-0.6028694647128248,0.5273292383247122,0.13281068508938576,0.01395680561853535,0.163936169426724,0.23732518159906563,0.10401345292185218,-0.06796845201220988,0.31948202289231203,0.1112260316204048,0.21074017802034956,-0.09935061626478989,-0.17055856701295752,0.29874444396908023,-0.2071654556842794,0.10441604043398786,-0.04622426690583868,0.007333200427177576,0.4191126578256008,-0.014528861320065064,0.02131996911447993,0.19185472393346692,0.0308024265909492,-0.9007727898781837,0.04212496052984055,0.04943483078801737
FCR_ACT_lag_7,-0.16084250427484242,0.09682476617523798,0.1679602426652571,0.41965674028276756,-0.022848849825816666,0.25800284669404616,-0.13439749004122134,0.04745769356872509,0.026314364405089313,-0.24373691093366864,0.1761941521736722,0.19280494196711218,0.447918913729305,-0.037269806507689594,0.12236987731029901,0.12555990066688785,0.3171475717217707,-0.07761487864182262,0.143197597778836,0.024756097592680545,0.12240315030649053,0.08273512334402237,0.14303552440415185,0.009689933815758365,0.22087906334986343,0.18599240533534225,0.08052618801311699,0.39358980164715984,0.07757799153211907,0.04963764007654842,0.2205544735054486,-0.054957179885494284,0.9402237984671836,-0.14008121077592792,0.7510372092534,0.9434228519080048,0.8573027323899055,-0.2890324965851783,-0.5330329617890465,0.8843221464601264,-0.22314749050716615,-0.04178150492775917,0.8562292923436265,0.07394461247451393,0.8840977103956978,0.8428400877363664,-0.14539799943487536,0.891657081506822,1.0,0.842071603702731,0.7116924402291727,0.9014402613377451,0.8982603685142098,0.8924506611080313,0.8228132211659867,0.6397892773320937,-0.21966869080115264,-0.2797470312633458,-0.3413158217490364,-0.5086480777217166,-0.5164595640180968,0.7977197132480794,0.6745998204695101,-0.28374739889448836,-0.28196890724326584,-0.2811317236071879,-0.3359294309647407,-0.3144266516178258,-0.10345029040374973,-0.15175426140023238,-0.207726705548949,-0.5268287062534852,-0.6468313843492409,0.3861680240950415,0.7090655558224744,0.9237136064273244,0.9226690065341508,0.37230911691564755,0.9010222322159064,0.9109254320005602,0.5314280608578147,0.85894363693966,0.815665942127206,0.693062565488543,-0.24196208833660965,-0.0916275376355617,-0.2744010288176898,-0.17345878812859078,-0.37882872178603355,-0.16349886699351734,-0.41075918031805086,-0.20600132842767604,-0.4733444594174695,-0.17588675084189404,-0.5201981858190871,-0.13229363028125715,-0.08007158697573581,0.09869854617575932,0.487173493516694,-0.30264885989600393,0.1841228626474461,-0.31866607338818903,-0.25641927839945117,-0.32320055043719864,0.3224482289391373,-0.39201905322446423,-0.1632866380644044,-0.30866280369587157,0.38622111569840695,-0.45140583252967253,0.00801049126860141,-0.12048368251940499,-0.3385933305011486,0.14631313005829474,-0.257465749521957,0.3860325937612649,-0.46349917279093994,0.2128852376002896,-0.40666096351440273,0.36489102082185293,-0.5727005857200032,0.5419181227709181,0.13413633028658697,0.0058885733119963665,0.14860561611292059,0.22435839239893096,0.024227938666407756,-0.05528900555577776,0.3745405813903612,0.021683339080294992,0.15715781770941145,-0.06360652340490533,-0.09959808899774204,0.24332162788885237,-0.10495154727940725,0.10035808418103831,-0.009070689376743631,-0.030516848298494943,0.4090859373541249,-0.027219018758306932,0.008759958975003142,0.1721544519753533,-0.005982511567504526,-0.6599126357806874,0.07988114031327412,0.08774572239627473
FCR_ACT_lag_14,-0.06531735131281895,0.14107295184375127,0.26298989705605164,0.3541047067897512,0.08953062304766693,0.39750007503703155,-0.007296494082195973,0.20409671322326675,0.09909956130783953,-0.09581505757981511,0.23381523750634128,0.30973194093018785,0.5660690804060645,0.06192012885351707,0.2271814883094926,0.25406371961515756,0.41863276655679477,0.09147069274439716,0.24869532090032298,0.08860046693070803,0.25004868318521534,0.09308058269639875,0.3068525904203322,0.06933569162095861,0.3503782001452644,0.1829780446633954,0.16156392902233416,0.44656049357063365,0.23574814185644574,0.12132032199725314,0.330108448389624,0.08766218497282507,0.9262488542265762,-0.036872570629828724,0.7555341589728516,0.9249915312844019,0.9354033205739072,-0.3728993237306954,-0.5938057135293322,0.830133399419447,-0.21638487679401514,-0.011779561482924134,0.7252537748282476,0.03832551448980527,0.7071577344209937,0.6682936529450604,-0.1534929677419248,0.7347322097277039,0.842071603702731,1.0,0.892432709783609,0.8603048143635719,0.8788254201997933,0.8946883897926662,0.9279678903136361,0.8240079624829185,-0.07575137121940417,-0.10209783379705971,-0.14600999941752008,-0.31600569824748803,-0.584875368852117,0.7938050436895013,0.818593712233305,-0.3443691097358437,-0.328147178149024,-0.3046502044494864,-0.2758297795044689,-0.3472012261579193,-0.060255008026794635,-0.08570142077284275,-0.12105928479389678,-0.37770397833314745,-0.7209103697302176,0.2887160425292286,0.4837641437660148,0.7396106594452281,0.8826345458030653,0.3421791304658601,0.866029279419667,0.8674929204100196,0.4090713667600281,0.8964385951894469,0.5812910342133297,0.8814430121034695,-0.07946912481295307,0.010498703441447385,-0.12367237045677397,-0.024841364703801848,-0.16061861026721796,-0.017267706305540777,-0.2198866709195037,-0.022505687743587077,-0.32688201719148774,-0.14348770525626944,-0.33464388027646297,-0.10104221085097786,0.027009660690538232,0.19271684953188423,0.413380236442326,-0.369691057911921,0.25899892376479405,-0.38989912380184005,-0.30560967055499894,-0.35778572012540105,0.4011478033293328,-0.42427898967293937,-0.15891185960650114,-0.3272100101375859,0.4442470517219764,-0.4554311731807713,-0.028386306541664588,-0.06257266121320346,-0.28379333001351925,0.18683504691841457,-0.16942275068268936,0.44449017898750326,-0.40298551266876803,0.3144831878177966,-0.3266160831244773,0.4459760255893545,-0.5309489334306495,0.5814833314832496,0.05286387244470956,-0.009015847040597096,0.1731565435730444,0.11102853936886657,-0.014885718841980736,-0.02713430213888959,0.35055848654408045,-0.05607963433462728,0.08092418356072346,-0.04060313133762765,0.012417121716451016,0.11973351436759491,-0.010064587113796312,0.04115492217082423,0.07996568770936573,-0.0501700273947408,0.37340612401502526,-0.07119700795167014,-0.0027143986502302245,0.20421758386457994,-0.07336024839208105,-0.47571238751746614,0.11669309170802177,0.1413558767736562
PAKAN_ACT_GR/EK_lag_14,0.09261748818609299,0.19565099029855448,0.29646545164878624,0.21664793727018727,0.10584446957279396,0.39322773842394354,0.134429077583753,0.25028833384706833,0.1518336721059789,-0.021544441324786553,0.322490033194285,0.27953515938402834,0.5582290007565369,0.12642758053678727,0.23730331411034936,0.2951609047115768,0.4725251010102669,0.19791331061304643,0.2988469942986556,0.06077575581440201,0.2775097440869875,0.09176305140503244,0.4003111588903298,0.02966671577942072,0.3611163330506279,0.22382124033574907,0.1649366429361431,0.43365461852470844,0.33677675272235436,0.15823982890038532,0.36974415241119113,0.1992299614162194,0.8730617582131999,-0.10299052944678422,0.7128104308005317,0.8706815383793,0.9560137302220844,-0.38562312617862804,-0.6198861150561906,0.776520031045734,-0.11008845879094518,0.10451696631317012,0.6819035626838328,-0.18153741310728608,0.5839866901349586,0.5806771456615285,-0.13116580474639658,0.6372242962563814,0.7116924402291727,0.892432709783609,1.0,0.7971934260001745,0.8139468826509941,0.8304887124041925,0.8893342940909911,0.9632606594297651,-0.1073552060831703,-0.09005820022129826,-0.11124146091897934,-0.19769827963448036,-0.47899929764056803,0.770120998247003,0.8129530223090018,-0.3488137645120742,-0.33319676790508035,-0.30779530651774467,-0.25481560262805675,-0.1666641316186791,0.04607401236744306,0.010022800773712351,-0.03301047928989759,-0.29230625291619716,-0.5153642398401019,0.1675438092093437,0.3516310565625387,0.574675565975625,0.8201613650560279,0.36708525730954833,0.794581410959912,0.8149400125938061,0.37815389684127954,0.8493126073690824,0.4253396765640923,0.9438331684152721,-0.11111109146065902,-0.01849198441160101,-0.13989320288622112,-0.07051817973856801,-0.12538371794902198,0.008613931943328037,-0.19450475746385051,-0.007623689036772342,-0.22808566588907406,-0.06782768386258749,-0.26517904503369655,-0.02680114630870331,-0.05846011787220203,0.13307082410597046,0.38147794209057073,-0.37350869127149816,0.19394120139202478,-0.3688011462237167,-0.3286261445920485,-0.358623326293947,0.4484764002736706,-0.4302082211140736,-0.11340520534387884,-0.3023891368473743,0.5080152662680579,-0.4474358352968871,0.08059201770078915,0.07798791767726908,-0.17939878624570682,0.3032456688917434,-0.02037526657760047,0.4376887968085193,-0.29205406780777815,0.401494522472579,-0.18449682277479967,0.45920722132410285,-0.4251593537705047,0.5274388194727728,0.028210836828099314,0.002803033901969237,0.09551945173297548,0.06029798644339184,0.001553148981935594,-0.010375940452631065,0.3648506728617286,-0.03489819142419112,0.03919166376302461,-0.018526621005934104,-0.016631277921025048,0.03361219030262779,-0.08805776617287762,0.00524815377076555,0.0294578052729561,-0.02699547205295914,0.4047866266369754,-0.06703327692680006,0.0005754900996287037,0.1212330177085372,-0.07480055345772788,-0.3896804701217488,0.12586323970908941,0.16255515358110456
DG_ACT_lag_1,-0.11751690756696685,0.0967472349850421,0.17013666608126835,0.3433458436197981,-0.058379702894638584,0.3116638532833161,-0.06613570630136996,0.0559483005321548,0.015572425940885946,-0.25560433236752617,0.2437592336999165,0.20152518424652843,0.437340615612161,-0.05706074923900065,0.054911269296644395,0.13297432769939607,0.3018081248173001,0.017754350443105173,0.17836517240961147,-0.019251615812532402,0.17316842988827424,0.07480305453751486,0.15793023214026283,0.008264815086368027,0.24112295751313806,0.1314529836306951,0.050642409210175494,0.4057738099012195,0.08559231036742634,-0.0012380505274893962,0.26742888679114096,-0.0005952511893121566,0.9294164503800177,-0.21368806611151622,0.7241548522167237,0.9299749348032024,0.8852383781019353,-0.1673107406445488,-0.4471209236959784,0.908174874740903,-0.0111147702237549,0.10628347848073595,0.8216663719869798,-0.11925576541910558,0.8211492333033106,0.8273065255275476,-0.042352015178505883,0.8092632946589173,0.9014402613377451,0.8603048143635719,0.7971934260001745,1.0,0.9268430476127438,0.9071588504855403,0.8593024751757967,0.7392908980602708,-0.24913053313606448,-0.27538388080508763,-0.3142165837393619,-0.42254885860265695,-0.5129468854830974,0.7820265897480195,0.7305873714799193,-0.16475572455935777,-0.1827077554381791,-0.1915961093040293,-0.2465028797175161,-0.23765104894874353,0.26357435941762725,0.007047666945041105,-0.0995864501843129,-0.43220734905190955,-0.5906952623626315,0.33040919564848126,0.6645325657638423,0.8755343473299336,0.9741947146192369,0.35521564502521424,0.954998267710929,0.9507277450102039,0.5001334124176556,0.9134889778449292,0.7601755078083481,0.7936684767010393,-0.27837445413647344,-0.14391343953092617,-0.28787369014182734,-0.23081078194890323,-0.34754940660736877,-0.15866235611993706,-0.3699796760436315,-0.20067605952528866,-0.4493756478261192,-0.19988691759575805,-0.4678353868006506,-0.17276234180717534,-0.16631828674838803,0.06216039204750418,0.41560499421146635,-0.17665726536345347,0.09855305270610991,-0.1863731686023972,-0.14554176333244304,-0.19761149806493147,0.25404972166444484,-0.2646639236216352,-0.031130544752325663,-0.17791115548917352,0.302089064124941,-0.31403770199660097,0.11311335379276032,0.17297960469739251,-0.09800637985752199,0.3540722212768118,-0.001997864694206188,0.34360242488394904,-0.2727501326580158,0.35646944015405446,-0.17994774164292474,0.3334338994401078,-0.4137830162022532,0.5051929763534497,0.15366984096847203,-0.008197447653327895,0.021281096407741375,0.2588611929940566,-0.14777126194070142,-0.2622939738557223,0.34749449928149945,0.013413073610279595,0.10592333049653592,-0.057016538446826505,-0.15156243221113808,0.16220610873100808,-0.18971137156293014,0.05397540751081876,-0.08586500379335833,-0.1966823962508074,0.39518434107442785,0.013384927706239943,0.0018000411948749316,0.050550366927487815,0.05239840215554054,-0.587821754984728,0.0830166789655239,0.09644644688735245
DG_ACT_lag_2,-0.0936276465458869,0.06632978355078537,0.17135492629874163,0.36099610607274396,-0.040370789622524134,0.31498072492593615,-0.031147644746481937,0.08462721997705396,0.03303446326018863,-0.2238633794948716,0.20719663167305566,0.23064346448880307,0.5025142773431589,-0.034294833472129804,0.07863369170791297,0.2151672652802596,0.36779814071613864,0.05286407324745583,0.23174420936569307,-0.044730272377334124,0.18783473036341403,0.04458031377972181,0.18437944595296832,-0.05221674817713586,0.22556124422284243,0.19607221450235202,0.05323772522646604,0.4141653185358808,0.12602737617634294,0.013398372399361709,0.23607282769095003,0.009265882564375045,0.9318856147350972,-0.1869708535738649,0.7233136939612209,0.9318209061507627,0.8979802998850378,-0.18085838551539932,-0.4594782165786802,0.8968555220448128,-0.013623316161185992,0.0863352545793911,0.8028433942477424,-0.09791104324628813,0.8106959754943637,0.8161991776618963,-0.04256584575499779,0.7923494987674213,0.8982603685142098,0.8788254201997933,0.8139468826509941,0.9268430476127438,1.0,0.9297073055922557,0.8846678612004101,0.7487644416229157,-0.24807469043881597,-0.2687922630293177,-0.30365059520136967,-0.39199463077535385,-0.5232765862866487,0.7928621946505452,0.7434209385404971,-0.15101567222140008,-0.16599970969892347,-0.18249221287179276,-0.23960742831255338,-0.26296822955500165,0.06263107308968884,0.21390700506800855,-0.04088359274539612,-0.38820912536714014,-0.6291929834572625,0.30774614881488477,0.6486624763818782,0.8710905851918812,0.9700258985549236,0.333806527324203,0.9623332764110707,0.9473274546265852,0.4744508927746107,0.9301346553359011,0.7422481069314179,0.815456771777239,-0.26621234843317804,-0.14433803592495537,-0.2692652705822356,-0.22437736254681365,-0.33945722330555445,-0.17029023809462082,-0.35159663326418894,-0.21010598522950047,-0.43395867006118183,-0.2035799678046824,-0.44465397693136,-0.17429362921400313,-0.15648395130435422,0.042427128702699796,0.4062634343691508,-0.1706339217568821,0.11710386760798117,-0.18554204704139332,-0.13486233209056792,-0.19561070947922427,0.2503517326654915,-0.26318572603761936,-0.03623272493017535,-0.18427123756919314,0.3071538377632818,-0.31792642601342935,0.10485914977089646,0.1643610535662905,-0.09966209091153401,0.370642414050431,0.015394664672027178,0.36009484735741965,-0.25865700199264974,0.3818139844370187,-0.1710597089176675,0.3535839332415286,-0.4082745976128018,0.542841409445443,0.10802707382394038,-0.029915312581959314,0.03966062880790282,0.21357216993978242,-0.007582059917978476,0.04578934237862062,0.3798343468479751,-0.17031413713679472,0.13165812398438778,-0.03093935382614954,-0.15186450578662383,0.1768983608675308,-0.1633133567972416,0.08649790248259535,-0.09311625751462535,-0.05373038922072065,0.3715551384701813,-0.03337166116767985,-0.028266403996329792,0.06704660652471489,0.012755380614963195,-0.5617795199674378,0.08072024122283838,0.09944949891000618
DG_ACT_lag_3,-0.08301595406799665,0.1089982599279637,0.15628024080675335,0.3760290859881312,-0.017889415717194646,0.30756653843109993,-0.014168547275546362,0.11927997696738173,-0.0002587382306324939,-0.2009158764885612,0.1990294127255629,0.1728936279818503,0.5265888252067982,0.03570000067615653,0.17165749592279417,0.25290380977247656,0.3665346808020695,0.016939466752115225,0.2081243278282892,0.025009531240597935,0.19899786277557893,0.019623160549671725,0.2665661458974477,-0.030157714757800193,0.2748549174199153,0.190678935398119,0.09148992027705699,0.42599224221715437,0.13737553138499925,-0.01837783246920027,0.27414694566917586,0.028687538463169265,0.9346044013763519,-0.15647407551974649,0.727493366869988,0.93532888260703,0.9116698399241121,-0.2158024750441847,-0.4780681651020243,0.8881498028032299,-0.03282056023643855,0.07215826753714057,0.7906300779682373,-0.09504541216358076,0.789331342396009,0.791850687051557,-0.050170111296379924,0.7787902705592029,0.8924506611080313,0.8946883897926662,0.8304887124041925,0.9071588504855403,0.9297073055922557,1.0,0.9021250915297307,0.7805973657935023,-0.22147961451851728,-0.2644990518076325,-0.2940441217309725,-0.3928678455330881,-0.5306893147081887,0.8042072192231501,0.7566465551713765,-0.16257605295303576,-0.15038356536883862,-0.1663023955011277,-0.25494401693578206,-0.30391592986252597,0.014990808392208645,0.016624789188606,0.15807082803976977,-0.3680482686156348,-0.6098295503105201,0.24545771842910252,0.6172080740362011,0.8600182895682915,0.936348399090073,0.31711027515051216,0.9305266338779931,0.9134658463423658,0.43824194501303887,0.9371643301219876,0.7155501617843559,0.830810816477253,-0.24377141710029668,-0.1141096322596615,-0.257366021669248,-0.19744656681542785,-0.32454688454374153,-0.1578102696569757,-0.3394577429404338,-0.1981186821896073,-0.41343190967258986,-0.19132969550273599,-0.42575480572733065,-0.15979272469280995,-0.12544833134191538,0.0312406352431273,0.4017403427417165,-0.18243607031952241,0.12240574956722933,-0.19611601337262197,-0.14597053426849138,-0.20242800051792734,0.252430529100792,-0.27165024797945464,-0.05167220617721559,-0.19789696914805793,0.31949518627641854,-0.3312968566893945,0.08745365858179831,0.05406056272987821,-0.16144047864629404,0.2600726028262939,0.01025650994371939,0.36568147837901993,-0.2694072327002498,0.3763016407451562,-0.18025519509763102,0.3683961934935138,-0.42312480025929183,0.5430920363869615,0.055848008971107956,-0.035170907008547345,0.028190861854919542,0.14142444215973402,0.016307337430150767,-0.010075657759678136,0.37226699813555647,-0.03719894151620857,0.13114167657000733,-0.0433800708846833,-0.13942446111959822,0.19824040708978596,-0.13251337157655252,0.08923118373839564,-0.06074341214225373,-0.027116650758710267,0.35379549597510557,-0.07769471369020263,-0.026915483981004275,0.0585195486966288,-0.05679792893889532,-0.5396499521284853,0.092012096670501,0.10756552105419373
DG_ACT_lag_7,-0.036253046340922856,0.15905100040038334,0.23870324786415326,0.3326872061022745,0.0975355020004537,0.39902633824761585,0.016900116370540116,0.19633829808803746,0.0699394634169455,-0.10432864217992177,0.27511241119919205,0.2817230669616081,0.5877747639033934,0.05691273245424067,0.21501136152110303,0.26508329699585986,0.4512983619999012,0.1157042914652997,0.2397825599223687,0.04166640095650926,0.26028486428388653,0.08054349917346608,0.34560051881404513,-0.008135952903826923,0.2767565636119289,0.20599634252833396,0.21139419240583332,0.4800751305639959,0.24660788439007408,0.07729348645028115,0.30334438208689024,0.06380218788614936,0.9217392167778371,-0.09163297452022592,0.7264525121399136,0.9208859000918225,0.9365829217441339,-0.30991163334488214,-0.5072914895952438,0.8480189447259119,-0.05297368909282248,0.053441175755591395,0.7319756195971887,-0.07782712728115784,0.6990445713825841,0.6945039014212395,-0.044585479851194404,0.7168906754064324,0.8228132211659867,0.9279678903136361,0.8893342940909911,0.8593024751757967,0.8846678612004101,0.9021250915297307,1.0,0.8523119886304936,-0.10885890819072531,-0.12731269150464733,-0.19182431919874116,-0.3491750866507669,-0.5429375429616908,0.7954255090231923,0.8041322476342279,-0.2664590308172447,-0.2506606197156112,-0.2143386541193221,-0.1810028166536095,-0.32442560130057896,-0.03584002836487737,-0.0388807332775384,-0.06694171515116508,-0.12213673477850254,-0.6029588481802672,0.22909404373672415,0.42882520920922024,0.7511884866734394,0.8905197758893323,0.3444280958087778,0.879219997591129,0.8786850723407911,0.3857531244872378,0.9248550514953494,0.5681226658700482,0.9123294558884677,-0.12196195819794778,-0.03280672313064008,-0.14882829935807138,-0.07570866656986912,-0.22223565534104772,-0.10153635167318914,-0.25190653669432783,-0.1241839261257956,-0.3489294043170865,-0.1934289816061024,-0.3450259450672331,-0.16530091672336736,-0.03069609677380922,0.11239952274252944,0.35815135309839174,-0.28936015508489504,0.16188319827055883,-0.2939866345043663,-0.2494523870758676,-0.23988583993789853,0.29984771229643953,-0.2964582449468697,-0.0637243325494296,-0.20872804118917299,0.33584509273899027,-0.33698719684797274,0.05265116780665632,-0.0010030311083833849,-0.21630842919477486,0.24060226797060805,-0.06392815616683667,0.40517090116470944,-0.31906505495690474,0.34579368398728527,-0.17279663207293453,0.3910033734152406,-0.4273340382239,0.5609451945141316,0.045793094578132215,-0.023778898854144546,0.06452247063921279,0.11041344222594845,0.029330539264417095,0.011418678640393061,0.3323437056217908,-0.02869757396201178,0.060350847217451105,-0.047573773552361025,-0.022784211020354356,0.09744541540782206,-0.0691451241546095,0.02064314705268244,0.024251872098859404,-0.005845584994963599,0.3788533190055436,-0.0756316258473214,-0.0156927059857774,0.09173269758236693,-0.07152523924102397,-0.4646829991129395,0.11506528504503179,0.1357826478645844
DG_ACT_lag_14,0.13822642476952768,0.1889141322021395,0.3273457815585509,0.18956543496283326,0.11843881023510748,0.4060978592039262,0.14670804002740648,0.2695591579194393,0.15913821420410854,0.008187827254902478,0.3268660904678719,0.2839656889045698,0.5253229792196096,0.15178712150663715,0.24396080411331023,0.30560300460456535,0.4618931925938475,0.21607517617925306,0.2987262752386966,0.07359848434610777,0.2824794250603693,0.11031550658730939,0.4100078287722181,0.027401453576330174,0.3302717548868064,0.22017432263058584,0.17358057198435778,0.424094750965883,0.3372875368930915,0.1625997929528982,0.3534530632306849,0.20783619906642214,0.823437704097407,-0.07618252246492908,0.6726369456571089,0.8210895167405045,0.9205444193528447,-0.3782604542399316,-0.5993517505290998,0.7284623728519614,-0.09087318056429773,0.1217614463355702,0.6337718946020152,-0.2173025258743405,0.5299784476629094,0.5309445867230176,-0.0783986204009735,0.5790799094941061,0.6397892773320937,0.8240079624829185,0.9632606594297651,0.7392908980602708,0.7487644416229157,0.7805973657935023,0.8523119886304936,1.0,-0.0960071270485489,-0.05981533775815087,-0.09014164864335067,-0.1712059450487361,-0.4399365558968957,0.7246092482142369,0.7748252981757734,-0.33822584796585226,-0.3142906046409495,-0.29659304336275955,-0.25496649708218405,-0.2358373948158707,0.04280247177809801,-0.013380192198599837,-0.013953991464108173,-0.2424700730340281,-0.3311093085907137,0.12769091780062372,0.3042729484023095,0.5168177189348332,0.7613979827238903,0.36291036955051953,0.7338769389945078,0.7611641750139262,0.3593308953369059,0.7965694352888374,0.36846854276566743,0.9184304714911555,-0.08524481950537266,0.004444214332579649,-0.11680361186083021,-0.043114055422064895,-0.0930294633519419,0.02355498636979885,-0.16345120985626274,0.013878231968730994,-0.18365285407019605,-0.04512729542756421,-0.22377404343458554,0.0013193112787998934,-0.04357548141758304,0.13838112960315752,0.3641562596148055,-0.361068129834875,0.1748429087481374,-0.3507106989487361,-0.32070472447303133,-0.3446477381184702,0.42292382504589104,-0.4039313705975192,-0.10846344124882809,-0.29401543451614726,0.47446411946300066,-0.4203460881352709,0.04044279056431989,0.07457453893056895,-0.1741655997461581,0.2967191908471528,-0.0005162585642723561,0.4381760643985675,-0.2784917761127391,0.40197486556486495,-0.15071624504534142,0.4705891658140119,-0.40798262288155096,0.49436161126526745,0.005822158467578682,-0.0005948911413490834,0.06758445434920402,0.021141463014796084,0.020350785123309956,-0.004044469145679434,0.3412691291977221,-0.0002633727099809153,0.0522987176230325,0.013015771840051071,0.004309062923080158,0.023264101486205925,-0.06188819851175723,0.0264869780256601,0.049066318186876734,-0.0013891668477572744,0.39522798194934455,-0.07349740337675442,-0.0013837091933538307,0.09709137503672767,-0.09212219596274539,-0.33848110701210804,0.1253338981660936,0.16032899209250764
MATI_lag_1,0.03714555911972309,0.1853886192424592,0.15835266469512624,0.03832386080132492,0.34319547564290576,0.187514578506595,-0.03061256032206221,0.3453152748383087,0.1570453974431511,0.1782324354352727,0.17012803805045787,0.14603833521316617,0.086229345012395,0.27215583178092795,0.2156707717044714,0.07094704326437506,0.05491993609345632,0.18223851047368653,0.11747101908593593,0.40013685160990553,0.14071574657049435,0.31237424948460013,0.1662113206863136,0.23687303515778527,0.038944908076757025,0.07339253750947368,0.17885184017924746,0.001467172884076088,0.24889077664423098,0.28704168648026496,0.041105880245108535,0.21757782781595206,-0.2122266096403465,0.6784306133655547,0.0377890654051608,-0.21200959382663204,-0.1458743112193494,-0.21245218291909676,-0.10437672578130931,-0.2511808376542985,-0.24421005769695378,-0.09384869566266744,-0.37021519614225834,0.13321107991869827,-0.30611754266571467,-0.3643008859506128,0.024224157272049306,-0.35100059162984015,-0.21966869080115264,-0.07575137121940417,-0.1073552060831703,-0.24913053313606448,-0.24807469043881597,-0.22147961451851728,-0.10885890819072531,-0.0960071270485489,1.0,0.7276394912868553,0.6442614537988353,0.4141654289180448,0.24041668507705424,-0.0709171871666617,6.903097377380708e-05,-0.20596855313622822,-0.15652659359709295,-0.09577514972159967,-0.060410522905057155,-0.11040266784807751,-0.10336244988435889,-0.13160221720571716,-0.09350778789442864,0.09180852848371873,-0.011372856984708692,-0.21354624057789862,-0.37438985211417125,-0.3240121371949005,-0.25819669797863315,-0.009702790107760022,-0.2642711164007439,-0.2389892440852148,-0.1539779501388437,-0.1913602296545591,-0.2935451703638382,-0.08361806120349997,0.904647844645744,0.6082860799479877,0.806832524205907,0.8368429170817122,0.7939733721314639,0.5645934537225427,0.6924271997122957,0.652717379707643,0.6848852230500578,0.43120895333611975,0.6271019571525629,0.45393273974429854,0.784040172021671,0.4966150295622054,0.16399975109537776,-0.20905682486555469,0.1204076430670728,-0.19772139341562658,-0.19205895863823766,-0.16106935062440783,0.1329575777439994,-0.13215730274520088,-0.15199343126695597,-0.1426301790726995,0.11007018950823672,-0.10440204475325215,-0.20379005950532608,-0.15208046115583684,-0.12395281821512438,-0.10120433733005045,-0.13441680410570156,0.10858188268642803,-0.09086870785093512,-0.07603226114407284,-0.062491338009894516,0.1054996063114615,-0.02985158852351868,-0.13354170502375673,-0.09665455546715032,-0.00034546295865988877,0.13459106903279533,-0.2129562625663698,-0.034566077073958874,0.0337872905385326,-0.014423480729486819,-0.02494649654067817,-0.5827516162344545,-0.23332252336141993,0.5164071300683589,-0.30200230656391497,0.607463276923602,-0.40076586882052617,0.4334437106747535,0.016565942755704718,-0.0598254732876114,-0.05465742651068724,0.0051230074791881065,0.1363583371000613,-0.1684765575992687,0.4340741610585856,0.009263506040167768,0.018114560216619696
MATI_lag_2,0.01839439739166259,0.12483879967630644,0.3006447901046089,-0.04788059779436237,0.29071709780616134,0.18703676471780745,-0.053301559867131476,0.28717943793933065,0.22977092419496709,0.13575398333414943,0.07401307935585362,0.2356125989912834,0.07655003292088416,0.2836863067007144,0.16873430713478418,0.14118368401849024,0.13949664507128728,0.1663649223858854,0.08780727017708348,0.2798214960870655,0.04014344582422643,0.22847180610620718,0.13433068720934446,0.2382345115919343,0.11170117646988786,0.12863824302384624,0.10812114317728497,-0.09093957314885188,0.32235891597753186,0.3618566924592242,-0.0022002376459440273,0.24909547532128812,-0.24495691085546076,0.5829936279661775,0.03049104956257224,-0.24372886630044346,-0.15777579231832317,-0.2085804386126981,-0.11656462804088343,-0.2820841150393941,-0.23229692001370933,-0.06061183822396349,-0.4005624246712897,0.10450778698593079,-0.37640920169780767,-0.42566474780684876,0.03987818986301829,-0.39360896085306074,-0.2797470312633458,-0.10209783379705971,-0.09005820022129826,-0.27538388080508763,-0.2687922630293177,-0.2644990518076325,-0.12731269150464733,-0.05981533775815087,0.7276394912868553,1.0,0.7692481967578451,0.5122779811683515,0.3058076171060008,-0.08132951318603325,0.0006311125328670215,-0.21243521863808842,-0.196779417679911,-0.1473336199151086,-0.06023052732014718,-0.05997683010362389,-0.048982994410861715,-0.05929280735665419,-0.08709427357167308,0.13693087042723967,0.07978665940414016,-0.19630820936499693,-0.443266334206709,-0.39853271069540225,-0.28483997730929617,-0.02289109619963563,-0.2933083859421969,-0.26707532543091284,-0.16670035144479026,-0.2279944340814822,-0.35335812522282617,-0.08776033062482384,0.8801035250625336,0.6633273154183484,0.7613437060754764,0.8566110050783424,0.8426679297052496,0.6108154014762918,0.6935017402504685,0.686834623483179,0.7488213375705368,0.5019365390068805,0.6339810291644589,0.49760401818641176,0.5657166633131308,0.5239655877769598,0.1820430022475763,-0.220373834120984,0.0877964110051797,-0.19700990662765377,-0.21284295510875723,-0.1788936853243622,0.13311396809168516,-0.1328291064858298,-0.16399634085321377,-0.15758054963931073,0.12696896333323948,-0.10307700417185353,-0.1951095675406914,-0.08170131730863714,-0.06491601693006237,-0.052658037859585755,-0.11604470675066955,0.08917332663268261,-0.06266321879919294,-0.06739498108387203,-0.0478753661063676,0.08213755556668727,0.004562787349710737,-0.15046706603217552,-0.07690018136035005,-0.007159687459613529,0.05215884009142841,-0.17077377161042084,-0.04494183286960205,0.029425329355313785,-0.03004372320205999,-0.04890283011148144,-0.3496112530203926,0.3176155229862759,0.5533340987852474,-0.6856899080894283,0.5147599728022039,-0.16042346558280354,0.43355470093369897,-0.00349606941066219,-0.06558274654701052,-0.020165239492538678,-0.007904844789186623,0.04933540764428634,-0.09576416465841901,0.4433221450547758,-0.0065922800722757685,0.01291244445820697
MATI_lag_3,0.11984911768871757,0.10859690185897478,0.21037902851225856,-0.032736043846193524,0.26113609963132517,0.14891088233030678,0.11863940774591167,0.29096701382298823,0.32788328598169586,0.16839462399225846,0.000615095829198254,0.1106496041261282,0.007804743573064564,0.26626830554097636,0.13288477001448604,0.18258122529763207,0.07766933769482247,0.21030860045771013,0.04299449783715047,0.34540097579090734,0.05375812462810391,0.23621810779106844,0.1314312008995256,0.21078186780496463,0.06214741275103223,0.06601678697746471,0.09879510669696874,-0.1886168171940437,0.3707037835011867,0.2671302698400318,-0.058515398657209686,0.26135135758465006,-0.2922975650015669,0.4678188467712977,-0.006007694270398183,-0.2916444126007053,-0.19691551990431974,-0.1504329038444323,-0.08241630254021204,-0.3118769663826158,-0.1874934921883881,-0.0100534325289883,-0.42273524419313113,0.046553956720258326,-0.4387142223099716,-0.4778216064499273,0.054826964946882405,-0.431082768010222,-0.3413158217490364,-0.14600999941752008,-0.11124146091897934,-0.3142165837393619,-0.30365059520136967,-0.2940441217309725,-0.19182431919874116,-0.09014164864335067,0.6442614537988353,0.7692481967578451,1.0,0.5889965330354954,0.36473314477052937,-0.11855775332614407,-0.029711331230767787,-0.1750306788684039,-0.1747436440199361,-0.16067754873089593,0.02155612082696343,-0.02096679818410931,-0.009765571821356065,-0.0030737271013045056,-0.008143073638072349,0.10844782118736992,0.08255145324795074,-0.1813670450355751,-0.44763634628639426,-0.45611911951137607,-0.32022280084575344,-0.0783663497842785,-0.32142101399966516,-0.3105476672667839,-0.17872708972236312,-0.27482265723676713,-0.39713367547523626,-0.11907679429167752,0.7134199684964747,0.5237567814585615,0.6348455104173023,0.6759708607412473,0.8537438524113855,0.6356500723849187,0.6915448126012185,0.7134645079226255,0.7788679735618195,0.5377143471410751,0.6358919718055919,0.5188971053657809,0.4593080529786773,0.5021967342405077,0.1734408365399393,-0.177226542623666,0.041538826874901576,-0.14825500090412508,-0.18044183399829403,-0.16590195241221645,0.10465002568014672,-0.09880189253638832,-0.1421689358646148,-0.13875399159733545,0.10311786239039365,-0.05904094262046253,-0.17099170054938936,-0.016346945949865674,0.018389943709499985,-0.04461879598330989,-0.06422778807495458,0.06506288776621777,-0.00998392904725988,-0.04134767656236639,-0.008112445567478243,0.05157079121385232,0.05762320246165153,-0.18740565484729624,-0.04165082106803251,0.005557478206552355,0.022007752556073103,-0.12793508028317613,-0.024328404046645172,0.044225435023557816,-0.055531045423780366,-0.039719772545891645,-0.368065048732468,0.1623596015287033,0.4984539160493299,-0.5285298605399051,0.39857833034776174,-0.1965898067522107,0.28789009733660503,0.016668935194347458,-0.11004693075754095,0.025882800777996547,0.005516887375127138,0.016092811377619382,-0.035785558877059004,0.44098488577234735,-0.018293820719877816,0.0016983556009003136
MATI_lag_7,0.16533837352396402,0.03922942137452124,0.08961353428153497,-0.23487280948957653,0.0347019934268505,-0.011922128279621174,0.0757164442703847,0.1111895574164465,0.1492388293981459,0.2607441901261402,-0.04925609416140633,-0.01670056827261404,-0.18189959440251804,0.22105325340422713,0.05465103552183539,0.004563532087662683,-0.09718242615303103,0.1245777952324032,0.06539331539578444,0.194889638063603,-0.11947453748272181,-0.024504615508726707,0.007632446262493148,0.06181292544109578,0.05450486014541788,0.019614054720419133,-0.14601717360674848,-0.32801828833928376,0.17214981963803444,0.15578321418693603,-0.1026274080850587,0.2775930836575932,-0.412450968060565,0.2895537204668823,-0.11028740422903253,-0.41625213287803414,-0.31423065925738364,-0.034499791081275294,0.03940628436014375,-0.43486353356920415,-0.03475623237447493,-0.00319146363409987,-0.4298873188559462,-0.15570301694985234,-0.48528598876718293,-0.4846887789434244,0.09262365588710345,-0.4786263170568083,-0.5086480777217166,-0.31600569824748803,-0.19769827963448036,-0.42254885860265695,-0.39199463077535385,-0.3928678455330881,-0.3491750866507669,-0.1712059450487361,0.4141654289180448,0.5122779811683515,0.5889965330354954,1.0,0.6176300620796977,-0.1868439435399953,-0.14015953165666914,-0.03945700792207761,-0.02051739165643195,-0.0061536108190461455,-0.025209291810303555,0.09261545927892803,0.06226985682909301,0.14597471074575344,0.13760838844359702,0.18115695678637744,0.21658474816140322,-0.2879357710368681,-0.4285488610084578,-0.5501398823706124,-0.42983166913305326,-0.13498372454761243,-0.4268605460051709,-0.417932810809642,-0.237836489316461,-0.3835631443319991,-0.45215964621418936,-0.23394911605876287,0.4592654270557137,0.2889346830034433,0.4414528038141178,0.39962716291291056,0.6871069884880593,0.547735216045847,0.5630280960770288,0.6142031592463026,0.793057389436407,0.6306349653979622,0.5776876275353456,0.6102005650375015,0.24831514718220787,0.23071572604145613,0.1131831907667778,-0.032348851452153805,-0.0682382469656739,0.0018538839722448677,-0.06027091024934059,-0.05000661816616278,-0.0474095196084419,0.015531957975909394,-0.11421148875108679,-0.06641702666705172,0.039255969656694124,0.038388704377084554,-0.0724688620161826,0.08193558852129514,0.14763572151716356,-0.011407539437881399,0.13591848252071329,-0.07883103189182795,0.18744696289610757,-0.0022059418519654725,0.12146991825330954,-0.0222599462029181,0.1829737078407086,-0.250827650298358,-0.09610875930389923,0.002375775620247806,-0.06229234945439176,-0.19186532264463255,-0.060296442913026944,0.03848833322282113,-0.10314727499655761,-0.12241856653883532,-0.26608123055522964,0.14216776238952172,0.2439307556381852,-0.3868863012680529,0.22742150407750975,-0.12327805705345204,0.06528618756735415,-0.03587067592459406,-0.1616339606708837,0.010632387623963103,0.01252295366123347,-0.07280134446178632,-0.05139609024160354,0.38857103267444243,-0.15749116644599026,-0.14667565990678313
MATI_lag_14,0.0621874387371445,0.05806321501064589,-0.029633211346818344,-0.26815029342310737,-0.025953195117644302,-0.178285182440416,-0.08309624762999215,-0.0876482350620437,0.04253818407832524,0.12254874335010027,-0.1015192078903658,-0.18657671861966643,-0.32443436979000195,0.0295207179582753,-0.06637658924481177,-0.16635467525782152,-0.20869450380697688,-0.14856803345086408,-0.1722000512844754,0.044346962300489144,-0.2144764262044147,-0.041276001899735466,-0.1823019997922096,-0.08398272397805505,-0.1305859541136117,-0.0250609136041601,-0.20778181517903013,-0.323879414880595,-0.027342636220457704,0.04955807170163428,-0.18520778644575486,0.04359715601395024,-0.5377222802872434,0.16879210195889446,-0.23786539957235125,-0.5372793744968827,-0.5223081288987808,0.1675731982867407,0.25774888677114455,-0.4920166046440645,0.08395505374031555,0.017879740838651015,-0.4243548240873743,-0.16726812753138334,-0.43376765250955235,-0.41664781224460545,0.20376473240484771,-0.46230426990998313,-0.5164595640180968,-0.584875368852117,-0.47899929764056803,-0.5129468854830974,-0.5232765862866487,-0.5306893147081887,-0.5429375429616908,-0.4399365558968957,0.24041668507705424,0.3058076171060008,0.36473314477052937,0.6176300620796977,1.0,-0.2708929304451743,-0.2812229677428673,0.1591880169264123,0.13948296539928604,0.12258632250619689,0.08321620192508834,0.2160537218190203,0.03655292556025438,0.04924470155315701,0.06955764953501406,0.21128085394411952,0.4265025549146442,-0.1839962694662773,-0.3045359510022846,-0.47203409482511755,-0.5249255481259173,-0.2332430083126102,-0.5089166683763683,-0.5212953931812507,-0.26307958304521606,-0.5241666472652601,-0.3898212991747135,-0.47830264380708304,0.26738337764767023,0.21045962652718517,0.24894017371558366,0.23860845794824248,0.41311153785703486,0.3510885348362202,0.3282318554464467,0.35590583352280236,0.6298293449058006,0.594778043286506,0.41888925193793275,0.5878891427438557,0.1056747690841558,0.03263726686483954,-0.07403701181227919,0.16907890015319407,-0.11327522236795648,0.17695353135958833,0.1417524344372279,0.1431158765792247,-0.15613892391746187,0.18024545444707843,0.06717628897800533,0.10284350443193739,-0.15929445509242035,0.19253653529495957,-0.003989409640923051,0.04218540453367654,0.19307545618897398,-0.1272379661290124,0.10064664951664559,-0.3053905904635862,0.2737428750666606,-0.20265807272685368,0.18670800123843664,-0.29035864014751517,0.34872785660676425,-0.36340965559173205,-0.033254379710604895,-0.010427154459045847,-0.06482690925695614,-0.07579342994360967,0.016661369660111346,0.016813650851784382,-0.27350901451812565,0.03468543830498717,-0.17210507744914752,0.12400411978604003,0.1699968055073582,-0.2503311145021545,0.1147631898416464,-0.051447576740030705,0.0213279432701453,0.03011302522902442,-0.2553029269621318,0.04441446455617736,-0.017759642461821178,-0.10144258405285889,0.04432622672326797,0.30142870992038207,-0.2780155833765458,-0.2980625588532384
JML_DEPLESI_lag_7,-0.018713373356414868,0.13434451795007452,0.32863210593330294,0.35558400097702186,0.005324186136151372,0.3166329288283604,-0.05036536162203299,0.14574424651531934,0.07977454803477367,-0.0775978437037492,0.21568034942821362,0.2596987678567942,0.5191798813356406,0.10527280914627515,0.17415134218829653,0.17587904845607433,0.380908229010043,-0.0027476044139962703,0.16263321386067042,0.12140775734540088,0.2486391777292468,0.0676772801197025,0.2168430299553683,-0.03771790672413785,0.3059857588134472,0.26533092217858795,0.037317723129437215,0.3762585246224037,0.24389925889255182,0.09429562888176299,0.32903350515725266,0.07733949782420409,0.8548558829878967,-0.039011293515033234,0.9477759959827032,0.8555331548538896,0.8529775603334355,-0.3735151407542866,-0.6608928811064374,0.7626282142958201,-0.2865646877055852,-0.025992683193108775,0.7228123744900755,-0.09778126673762574,0.6927240050981979,0.6453499302288132,-0.02931736723331983,0.7079104735534963,0.7977197132480794,0.7938050436895013,0.770120998247003,0.7820265897480195,0.7928621946505452,0.8042072192231501,0.7954255090231923,0.7246092482142369,-0.0709171871666617,-0.08132951318603325,-0.11855775332614407,-0.1868439435399953,-0.2708929304451743,1.0,0.9178212778685756,-0.355165050533572,-0.3450288972904134,-0.33336809803422895,-0.3850113783727741,-0.38382293229641273,-0.08421807135426551,-0.11147461484445713,-0.14065410249035415,-0.41818737714974347,-0.609940061436533,0.24863245998555764,0.4978990853377132,0.7203017706479555,0.8032758679096009,0.3178870777908728,0.7883746499568474,0.7924548339275848,0.40230065771443835,0.794008498919662,0.5807233743797037,0.7478648196478505,-0.07071963464418793,0.0033023339079145887,-0.11506480699642462,-0.029481564941093302,-0.11967456277987128,-0.02024347403297558,-0.21831078680295513,-0.02577308455023375,-0.1376792989570766,0.022103893089011832,-0.29872558468858795,0.09345263565845965,0.020926420066428447,0.22470358845473518,0.6217877658910428,-0.37682555993784916,0.18638173951011822,-0.375847713187688,-0.3350059029090592,-0.3950995152271203,0.34249618914945457,-0.425154309801293,-0.2227080751912638,-0.4025998471989862,0.4521449375314726,-0.48165063347172954,0.010606836312682315,-0.08990757331891959,-0.27496451490990365,0.13941719059633886,-0.19689762156687624,0.3394739701420144,-0.36968121680594435,0.2024546933618202,-0.36900754072714825,0.34712402405216175,-0.47180853093543434,0.5147748891345556,0.0732282290368316,-0.0009395042809870852,0.13377170259234775,0.12391557971816046,0.007760624189130536,-0.028047770219474032,0.315708682453686,-0.02053902421028831,0.06693943685451192,-0.019326491444920706,-0.009359665766165884,0.09252296714042717,-0.018044098125127236,0.04245973110057254,0.042071779642702686,-0.03236543681918717,0.3677838193313635,-0.039064534251286906,0.006469789552646502,0.14791981283169173,-0.04216237620385986,-0.4830762810336426,0.08468501722899252,0.09278321891508708
JML_DEPLESI_lag_14,-0.008502287485933397,0.16395052137631905,0.34261169127875657,0.2845625631865603,0.0343596003535308,0.39541279745492997,0.03707601414881719,0.18135887394025896,0.10144976589639569,-0.04930943557917706,0.24574914784048107,0.309190862642091,0.5587085389496692,0.03207558733780795,0.1860599933135593,0.22365552281314702,0.40042709646324104,0.04821205150665612,0.18052572589878746,0.10322082139725886,0.3397404945307044,0.10321204556526246,0.24736470299639335,-0.015536444699154191,0.3348784593340191,0.24320026846854467,0.10733583478995208,0.4163353670601809,0.2658522739915736,0.0911462322013146,0.4163462098118172,0.13484988393095104,0.7965639951201069,0.013296985397101444,0.8595194398671209,0.7952248542423356,0.8368286512754738,-0.34868798696996556,-0.5744503648102598,0.7080022817734989,-0.1984391928047415,0.03168047709508786,0.6181645033656794,-0.10451247434870858,0.5722048394539347,0.5357245492562227,0.010245804992455242,0.594369894248388,0.6745998204695101,0.818593712233305,0.8129530223090018,0.7305873714799193,0.7434209385404971,0.7566465551713765,0.8041322476342279,0.7748252981757734,6.903097377380708e-05,0.0006311125328670215,-0.029711331230767787,-0.14015953165666914,-0.2812229677428673,0.9178212778685756,1.0,-0.30555142786814693,-0.27695480658829424,-0.2444469909641904,-0.21292260687931133,-0.34910013514479893,-0.01677590991983469,-0.052343544303249355,-0.09114546948901224,-0.29905676182839414,-0.5842147520464207,0.15486516203262762,0.33955827279804546,0.5974908104324248,0.74959910625803,0.24300700862478425,0.7463938653222327,0.7285203150281991,0.27894729086805864,0.7880142130860136,0.4129152471661833,0.8170057020767154,0.0068731136349100335,0.06627493179670642,-0.04600538889311813,0.045512398698636436,-0.031403396431362585,0.06791390791430915,-0.1393450360059598,0.05962482099773416,-0.12631007478177325,-0.009716365386381196,-0.2050713889494306,0.03088701605752568,0.06393887672753278,0.2205544844717649,0.4132048961233207,-0.3260185788420266,0.21831142933049166,-0.338749213600214,-0.26808590595998394,-0.2976600463989493,0.38948090750970943,-0.3651776652825509,-0.06261741437833891,-0.27904473020714426,0.4157763639976222,-0.3989809514725479,0.07147359647377471,-0.01003067389166928,-0.17405039241414924,0.1605957684064764,-0.10866672694197393,0.2882958328144024,-0.25762662730903857,0.2209424510540173,-0.2520712604472611,0.2947898122845813,-0.35863860146501436,0.48506461674604473,0.018578310676903124,-0.006803069267791017,0.12505947988598268,0.04256147683398247,-0.005914388778819972,-0.021889116094903814,0.23712374736173178,-0.03485271823203944,0.026425323376834547,-0.0036591546543453222,0.05756074363297483,0.03470804134660391,0.025911426162110663,0.019103947830238794,0.08617176729384957,-0.03558666428795552,0.29880798019664107,-0.07648644966007832,-0.002772566127440161,0.14820272843894988,-0.09781379589384828,-0.37032244257080765,0.13031498684160028,0.1477096483676586
DELTA_PAKAN_GR/EKOR_lag_1,-0.1294942244261911,-0.005262188315412997,-0.2814531153246826,-0.09826891346742511,-0.11715374190191095,-0.22650350777648415,0.05948949898814699,-0.20902435072373762,-0.22813695815267335,-0.12264371262152202,0.07753807047045404,-0.1019803120317708,-0.14005612089533157,-0.1255673613639772,-0.10701533445110704,-0.08913971309192634,-0.12992188196729976,0.006110038473843532,-0.10331660861459525,-0.19971242678647477,-0.11532131968772615,-0.08075976045189272,-0.10543435937384996,-0.20171302609193423,-0.25418286505030036,-0.08465174241802523,0.029829885632243636,-0.01799236401428869,-0.2578968559890072,-0.34012250877926664,-0.045392478633801914,-0.053661861284353775,-0.3570192127749442,-0.18725611473606357,-0.4737304730351975,-0.3556209360747113,-0.39123304138484677,0.8470324105988594,0.7720063651248398,-0.16954722636323846,0.6931024980055831,0.315974216900486,-0.3164778446642106,0.018047090702691292,-0.2441424653582846,-0.13311836851216197,0.11535443487003795,-0.3112851395756367,-0.28374739889448836,-0.3443691097358437,-0.3488137645120742,-0.16475572455935777,-0.15101567222140008,-0.16257605295303576,-0.2664590308172447,-0.33822584796585226,-0.20596855313622822,-0.21243521863808842,-0.1750306788684039,-0.03945700792207761,0.1591880169264123,-0.355165050533572,-0.30555142786814693,1.0,0.8467841855744889,0.7091911794150939,0.5011860369126895,0.39614808232417753,0.41319670994976276,0.4811240966438113,0.4887985217398428,0.35127180928634877,0.3567070719306385,-0.173328320534864,0.07812089797014878,-0.03276031364683806,-0.1672552287283296,-0.14434277275864835,-0.14190324720783246,-0.17811765099023436,-0.11600414232525574,-0.16953262856581178,0.006271008286019491,-0.3023982905253129,-0.23582886708073508,-0.23484175678762853,-0.12841160583201724,-0.2904665952067868,-0.2067892671077758,-0.2872316026975195,-0.015085812024375837,-0.352773722139359,-0.1052629780033576,-0.2446947723733617,0.09590139395727679,-0.31821425553338484,-0.3221152018793115,-0.5223966861846236,-0.5193123786815437,0.9626617138298694,-0.38436120486837194,0.9124712545597308,0.9069756245652516,0.8829484036816535,-0.6076813945308526,0.8419333510759387,0.6848535745000586,0.8217259473436601,-0.6882658712022662,0.7985218422033448,0.49627909814744836,0.5274219204316031,0.5329690893043539,0.3313336185135407,0.6459625407122707,-0.21390099216101938,0.5488071293729098,0.250186804717916,0.6713183796438974,-0.21471431358020895,0.4963856727869871,-0.19717167409225653,-0.2057754941208248,-0.333027263818485,-0.3805347137245237,0.06302145831207226,-0.027282285940829324,0.02738309939655291,-0.13044170396231164,-0.05177617907912273,0.02439376811356164,0.031269114553670894,-0.24628185513860093,0.029338293370790632,-0.2185991793909967,0.046542021059748764,-0.3218249619587979,-0.0061209924712121375,-0.17858421973976793,-0.1643339123153927,-0.3368539063878704,-0.4169246918741474,0.12034081553152848,0.2053885623567715,-0.019670589283026646,-0.03640407264911118
DELTA_PAKAN_GR/EKOR_lag_2,-0.07162085063432133,-0.06065194412892979,-0.24115037638269932,-0.13014202541388153,-0.13386540210019285,-0.19849835936992954,0.07949163639278384,-0.28947993484853735,-0.29631087529614925,-0.10768647809620079,0.06913844756458755,-0.14198298285535388,-0.16745646049029653,-0.20567345683296764,-0.12266626689477546,-0.09428346845269814,-0.21447801570584285,-0.01377896799159226,-0.038580573394365936,-0.16957063031401634,-0.09385331909778351,-0.11379030492444779,-0.17933874088516216,-0.21622583313941823,-0.2502656298957215,-0.21040805935763138,0.08110971001075468,-0.007606215228054621,-0.27389216749913087,-0.29020157619421494,-0.03904281855282339,-0.024455949288332595,-0.350180539244662,-0.12105649625268296,-0.4680376262399663,-0.34814698423641083,-0.3787229495109901,0.7262277455853345,0.7766302260347167,-0.17513301216190497,0.7001411350958036,0.29248425807945827,-0.32041140226620224,0.02897606503931563,-0.25885650008857297,-0.14856449577750205,0.12711749689360133,-0.3115740908824264,-0.28196890724326584,-0.328147178149024,-0.33319676790508035,-0.1827077554381791,-0.16599970969892347,-0.15038356536883862,-0.2506606197156112,-0.3142906046409495,-0.15652659359709295,-0.196779417679911,-0.1747436440199361,-0.02051739165643195,0.13948296539928604,-0.3450288972904134,-0.27695480658829424,0.8467841855744889,1.0,0.8310497644989694,0.5290525329482578,0.38138187023476855,0.3496909333992998,0.4256065446868628,0.5038962240256362,0.35430229831369286,0.36617373337421244,-0.39851047046373944,-0.029847590424908615,-0.05538539301179525,-0.18040537467863643,-0.17900592579249683,-0.1488699551961645,-0.19650655311207124,-0.17844870119127287,-0.14298723562934582,-0.03457932118427341,-0.2667183814215991,-0.18684345645702127,-0.16442946440925987,-0.10754257312348095,-0.22483819619860337,-0.19348307870356438,-0.259783420377354,-0.016223325055261067,-0.32608126391768677,-0.1065100179804629,-0.251199743237522,0.09895922613502685,-0.3269893629669654,-0.24097828171164193,-0.5235515114128021,-0.5475263709846243,0.9127191692854604,-0.2568544307991966,0.8463276358417872,0.9124500533206035,0.8927074449379239,-0.5492165710870066,0.8115963109728451,0.7118789939870571,0.8393442533733354,-0.6684462983601422,0.7755102876772325,0.5100236881097466,0.46583636861404837,0.49994592949272904,0.2566737804762367,0.6484532153274756,-0.23387763661284575,0.5659132296568035,0.23248816379381068,0.6802617700772995,-0.2313115069492249,0.5152630261957953,-0.21924974277660159,-0.1807184770981643,0.04038094907107266,-0.32204140901338424,-0.29545625552935906,0.000959405563480695,0.04932456271146939,-0.14534150693069722,-0.031888017246765925,0.03857966314713503,0.013823242410438521,-0.1992277743875498,0.07580100451829683,-0.1465351378207598,0.061017596897810805,-0.23093066212284002,0.02349752885015934,-0.2105939962457359,-0.12945202905579145,0.05424391784874685,-0.35240732338855646,-0.24707109268477825,0.20748810497476022,-0.007520506138565503,-0.026608848527722034
DELTA_PAKAN_GR/EKOR_lag_3,-0.04984824520967603,0.057136963594010604,-0.2508331553493324,-0.16077623773816901,-0.039293907300908454,-0.13749039332249474,0.11902614383937739,-0.1385461495992852,-0.3202050146164132,-0.05779717968354303,0.1700423648389836,-0.06291720656774046,-0.028368236026076916,-0.1882202859173186,-0.03450667197750615,-0.0011660980390715613,-0.1580089299027591,-0.009866020256997331,0.016218421022843536,-0.15001304801760654,-0.049904158424080865,-0.13236544720948812,-0.09831350126599876,-0.21889894530308068,-0.3392534755511942,-0.14244749375303678,0.141942682711955,0.09292898215187709,-0.253495430380323,-0.28397172435923285,-0.07773807413980108,-0.023260762354493796,-0.34016917059692553,-0.08436045804409148,-0.4572033662232096,-0.3380713357960027,-0.361099974629905,0.6177005187937403,0.7701643252376617,-0.19375980494917552,0.7044985577923927,0.2341562403261924,-0.3184554155496627,0.03946092158282857,-0.27435357390971177,-0.16712625755598118,0.13214568204374966,-0.30985141005662853,-0.2811317236071879,-0.3046502044494864,-0.30779530651774467,-0.1915961093040293,-0.18249221287179276,-0.1663023955011277,-0.2143386541193221,-0.29659304336275955,-0.09577514972159967,-0.1473336199151086,-0.16067754873089593,-0.0061536108190461455,0.12258632250619689,-0.33336809803422895,-0.2444469909641904,0.7091911794150939,0.8310497644989694,1.0,0.5625601495881091,0.3820057245112982,0.30853269932997235,0.3597798882974927,0.4381882188858153,0.4130822894884767,0.3342050171901597,-0.36032447543052265,-0.16887272658739033,-0.0963123976403343,-0.19551844220016118,-0.21050238309105873,-0.15655971697350526,-0.21470238418858462,-0.27229739250351553,-0.11074021556872221,-0.1028841017246374,-0.21919580557079674,-0.12993159825126008,-0.07854616332505081,-0.09392831619693791,-0.14559998044542244,-0.17697261698018243,-0.2307579227855133,-0.016620546692220087,-0.29662442189942373,-0.10577821033657277,-0.25408412231268074,0.09987262907797993,-0.3358988780112124,-0.1715905910317642,-0.4937694505528444,-0.5664983910827687,0.7663558757907585,-0.23520910314050472,0.7165532854139708,0.7568499233290248,0.8782713714240565,-0.46938203493643704,0.7695464861198373,0.7352660150279519,0.8430336681111493,-0.6218306213779788,0.742489868806574,0.5213690477236086,0.39262868510303217,0.46475955065755564,0.1927421708130988,0.6238866560949662,-0.2757829117130073,0.5804840432128248,0.188820404796007,0.6766696610927383,-0.2614304500146389,0.5375433478602732,-0.21104934422008642,-0.14367195036122113,0.04491111637744379,-0.23186348860133058,-0.2444236570221011,-0.022027377609215564,0.022428790764382256,-0.1895474226005808,-0.03782861747955373,0.006859991804669085,-0.014256473857570059,-0.10941210118513672,0.05668605363961565,-0.10603049210241813,0.023877085574575546,-0.12367987673164127,0.0016619680859895293,-0.2330341822546411,-0.08880957831344055,0.05511153282252118,-0.25795592835368786,-0.18557631603447158,0.20475216972187552,-0.017080797829300696,-0.025815242120259266
DELTA_PAKAN_GR/EKOR_lag_7,-0.15354515400289614,-0.007266248751650384,-0.15706347238400234,-0.16202425446651236,-0.04177580517399055,-0.0467386687740491,0.124722495330414,-0.15018063903692228,-0.13866555474540104,-0.0544963110091471,-0.01804767787897535,-0.09458762760612495,-0.01788287636194449,-0.3082058488661626,-0.09721715394387885,-0.07453205484286059,-0.11067549975048549,-0.003955272055845943,-0.17141625114970147,-0.21882673961315138,-0.08435628937079839,-0.057092717576581666,-0.07628041103889385,-0.08061817855249549,-0.20265425759287586,-0.22472372701601187,0.13166236529896022,-0.06202561269492232,-0.17810132467616535,-0.19802700534989845,-0.04245339666660975,-0.14843680233249326,-0.34706787534795436,-0.08364074731532034,-0.43462830643139494,-0.34859864168577964,-0.35275473614839514,0.40482526027541493,0.712298513659272,-0.22458797406683956,0.6531678006613533,0.20620663553591148,-0.3180684780145636,0.050806216581165506,-0.29169444426077173,-0.1989825389069659,0.1126345101986667,-0.3056287520295399,-0.3359294309647407,-0.2758297795044689,-0.25481560262805675,-0.2465028797175161,-0.23960742831255338,-0.25494401693578206,-0.1810028166536095,-0.25496649708218405,-0.060410522905057155,-0.06023052732014718,0.02155612082696343,-0.025209291810303555,0.08321620192508834,-0.3850113783727741,-0.21292260687931133,0.5011860369126895,0.5290525329482578,0.5625601495881091,1.0,0.48436530918692794,0.20837228437979513,0.24829384638873872,0.2297396600444828,0.5295063378825732,0.34440775184537714,-0.21611452835504386,-0.3733032400662446,-0.27416299783540515,-0.24434691899104866,-0.260504821416407,-0.20147477736105457,-0.2684515553926121,-0.3060358693449007,-0.17545519195141385,-0.3122035885467859,-0.13841361177996409,-0.0796521512144672,-0.06362463949387105,-0.04258542322041171,-0.10035018175778068,-0.04488507348469243,-0.10121790236333603,0.04009304796402446,-0.13957733701717928,-0.06697255648547638,-0.235732357940441,0.11294841961951188,-0.34732540291127906,-0.13936236258120616,-0.2566495919996433,-0.5393104734183213,0.5096065455105104,-0.11945260873132382,0.4650007869179191,0.5098046052616894,0.6578537760118903,-0.2802376995221864,0.5820549094648085,0.659971797090298,0.7673351702205354,-0.47150022712693573,0.6425970040317781,0.5620041483498364,0.290098050857672,0.4076256448809518,0.07525750702255944,0.39193647973521506,-0.2945513380063322,0.45782415135003657,0.027742273749705657,0.602602953071843,-0.3603195796995535,0.5626633445108487,-0.22082236984179027,-0.1535767704019521,-0.04195765921883584,-0.1917903378452609,-0.16057637316587658,0.0324163765614159,0.0514943752428577,-0.26897774822881276,0.016665043986741547,-0.03206006182437689,-0.0016977168774124402,-0.06218358633332845,-0.03701739008141653,-0.10244663278245456,-0.02532861362168003,-0.09834701911857029,0.0469359542326476,-0.25775732289987807,-0.125896489610146,-0.06388243881249983,-0.20930802580546984,-0.10690113496699787,0.18736998320456463,-0.041822351101020616,-0.027426489149222157
DELTA_PAKAN_GR/EKOR_lag_14,-0.04710352807044514,0.028666416390598987,-0.21679793196215583,-0.23055508093030014,-0.04053797120319396,-0.20254612662664984,0.1461350538598523,-0.17004345560053605,-0.08105193458752244,-0.03884557012488336,0.07714059957728947,-0.1768726117786021,-0.09089362836858678,-0.11410629303316909,-0.0562533726951271,-0.13458295947388063,-0.05865740953381846,0.011876718825234875,-0.1503733154284527,-0.19876934852151154,-0.18496808857489921,-0.09204305429628663,-0.0956700597697571,-0.11183354666134394,-0.13584492382544106,-0.14110108825259934,-0.05063057845172981,-0.08683706431590825,-0.08637979042856285,-0.03282122793750065,0.012566976517493196,0.04376634184756313,-0.3612804436952865,-0.17651029247868372,-0.41375363848578955,-0.3619192255649231,-0.35526155392372327,0.39836328050042713,0.550565961797008,-0.22202246832281078,0.5329861089031477,0.28067720317563105,-0.27104327625413605,-0.048580348263330436,-0.2846476879451771,-0.19100618795305746,-0.16574134625898843,-0.27494130010620765,-0.3144266516178258,-0.3472012261579193,-0.1666641316186791,-0.23765104894874353,-0.26296822955500165,-0.30391592986252597,-0.32442560130057896,-0.2358373948158707,-0.11040266784807751,-0.05997683010362389,-0.02096679818410931,0.09261545927892803,0.2160537218190203,-0.38382293229641273,-0.34910013514479893,0.39614808232417753,0.38138187023476855,0.3820057245112982,0.48436530918692794,1.0,0.3202892322848854,0.28128140947453995,0.19981090594041045,0.26417291717021346,0.4528208110429562,-0.14849254688374222,-0.21416145686035612,-0.31912323234401024,-0.24826481490002864,-0.13498158014498432,-0.23576589188541533,-0.2517372243468765,-0.17792178268517306,-0.25678180399830064,-0.21134741447215322,-0.24075974496785246,-0.13082306653095907,-0.11687715343582636,-0.08448589515656836,-0.15918558414153694,-0.0479641688089339,-0.07680837142865617,0.018883332412792567,-0.10893259435481475,0.03975751843867577,-0.016302571994787296,0.09134908258791245,-0.07460127069102442,-0.21992741564133067,-0.25328254439619746,-0.33192097083102645,0.42229182215113725,-0.18145328295166807,0.41270549037459875,0.4051413921679765,0.4664976377737938,-0.15843218557768096,0.3878235254957748,0.47251167546391415,0.5506911503026094,-0.23155300200291004,0.4357315869142413,0.5959482495448188,0.38812606690485346,0.41837635866701667,0.20083897684477164,0.4015544495215625,-0.25844114011750996,0.42921396684717095,0.06190173213332443,0.47752555029944527,-0.2466205075327537,0.46236431142751383,-0.30977956362808035,0.014033193085942993,0.04231894437670524,-0.14968125507020755,0.009523517627201642,0.01938920611738976,-0.00904624441088749,-0.16154576197210493,0.07167591882025591,-0.0695363641295909,0.0005147235714946019,-0.11020625110280895,-0.1221142483784518,-0.19792415132587,-0.07814594042604361,-0.1506743052524454,0.031071561114272152,-0.14551890928163722,0.05668587359464516,0.029128919486857995,-0.2157593623952414,0.07953711649658189,0.13878424267448153,-0.09582067313318211,-0.08331289503549595
DELTA_DG_lag_1,0.027339327215454894,-0.02489641888500629,-0.04920902013139868,-0.08437995249028875,-0.10623489773639504,0.07055370780955533,0.12638478916644416,-0.06588124030913321,-0.015623539017584127,-0.15780874298504893,0.1997698627977634,-0.00816754539089359,-0.04201450037451042,-0.06169282335857274,-0.22245237964914677,-0.0028377154300032277,-0.08343017800853421,0.19059204346293843,0.06533578703044665,-0.13525690941912227,0.08050826599788569,0.038609318801176976,-0.04164587782194199,0.010152086745020545,-0.05772527759866367,-0.040429069556144163,-0.059968864293684365,0.036818183394086754,-0.0762795100354568,-0.13800459620547997,0.10531023241354505,0.11742750928809172,-0.08403028110323357,-0.18903964455939729,-0.16218289615191428,-0.08310248707014352,-0.043990034183236826,0.43012570034823955,0.3172857979066698,0.048534332005931796,0.5186655585241896,0.3564283261018057,-0.1420432153816123,-0.29087205200310706,-0.13186076514873526,-0.026704349000646152,0.15496466745535706,-0.20753670653710313,-0.10345029040374973,-0.060255008026794635,0.04607401236744306,0.26357435941762725,0.06263107308968884,0.014990808392208645,-0.03584002836487737,0.04280247177809801,-0.10336244988435889,-0.048982994410861715,-0.009765571821356065,0.06226985682909301,0.03655292556025438,-0.08421807135426551,-0.01677590991983469,0.41319670994976276,0.3496909333992998,0.30853269932997235,0.20837228437979513,0.3202892322848854,1.0,0.4230027251539071,0.2793236022739723,0.06930295836026071,0.16328135809061156,-0.11149652923236036,0.0017805982506697462,-0.03272097604761696,0.12741909482465807,-0.03442771733064726,0.1327033942185191,0.09562289399282081,-0.017271289711792703,0.0911968327350469,0.04530927900196515,0.05441582815742596,-0.13074730166375848,-0.15477833960017137,-0.05228966032938557,-0.1921612414725767,-0.02360076893129314,-0.0887501908206294,0.07653445440253849,-0.12119517964460615,0.003308403594080428,-0.09554983424809214,0.10991024029615262,-0.14817484529074246,-0.27958832924615157,-0.26740024465461953,-0.21103946540016974,0.43520781501180894,-0.2671046004346895,0.44687446127256947,0.38167529392850624,0.399025144916463,-0.23573027031656016,0.3884242437099326,0.3604282462538023,0.41314618005567094,-0.25588274427025526,0.39079928914802003,0.34243105999121015,0.7708674000626641,0.6191869015078996,0.5541124004187261,0.645636693894916,-0.12282654581758222,0.49136381216556396,0.3316873122578372,0.5557011038138715,-0.11512177813230907,0.40648844063053197,-0.1481872388743109,0.09453320304725979,-0.029452146425200932,-0.3105050020868282,0.1533372273011678,-0.5005877170252655,-0.58464422167763,-0.027008433224412244,-0.02676028758447047,-0.1090202678754759,0.022851182653926314,-0.15974020187886065,-0.16083171956529943,-0.22823182493823715,-0.08331036657269526,-0.23301361898125317,-0.4709092146431134,-0.041553129849420015,0.11774955107406045,-0.019512936853432934,-0.31104737470533156,0.17459377933662118,0.22090332791651587,0.00013368004485940786,-0.0011771285761946384
DELTA_DG_lag_2,0.07862060535599363,-0.12924463606482933,-0.09003746386338385,-0.06508428841477798,-0.0855450964348965,0.024793186295401552,0.2083855510957869,-0.035824718818653706,0.008476718731388685,-0.07277658906137555,0.05697861092660203,0.024656322334848227,0.07543019854829633,-0.03721973905938509,-0.19073883141486428,0.17352774887474193,0.04976766453963206,0.2493774209279414,0.16937760830903587,-0.22343575324028805,0.06515178910369598,-0.06534782110284888,-0.02113968614604693,-0.1682924474356217,-0.14542112873519872,0.10470086636340369,-0.08684865997873677,0.009177875694365883,-0.010808571823412421,-0.11821703439903092,-0.03193436653091501,0.11218523790427112,-0.13302343770024996,-0.1420459667596368,-0.21246494202685434,-0.13361120888871392,-0.08190932629114839,0.42963377495584754,0.33816407448775676,-0.02930318780647774,0.529749553590426,0.29047985646004354,-0.20426218224177506,-0.23443822452302213,-0.17896038754596508,-0.07312968047908999,0.15958994478014005,-0.26403664133677607,-0.15175426140023238,-0.08570142077284275,0.010022800773712351,0.007047666945041105,0.21390700506800855,0.016624789188606,-0.0388807332775384,-0.013380192198599837,-0.13160221720571716,-0.05929280735665419,-0.0030737271013045056,0.14597471074575344,0.04924470155315701,-0.11147461484445713,-0.052343544303249355,0.4811240966438113,0.4256065446868628,0.3597798882974927,0.24829384638873872,0.28128140947453995,0.4230027251539071,1.0,0.4313485280575294,0.20188756779387085,0.10209476912200884,-0.16764971641744783,-0.038568642513841095,-0.06758507001624334,0.06401621395125948,-0.11984561049223594,0.10219814846290173,0.03536802511048316,-0.10121691695253214,0.07212852500152497,-0.013735307399032457,0.032572819393104434,-0.12923388753846876,-0.18091498254323352,-0.03293441308603255,-0.20221208859689302,-0.030328662926928467,-0.1396164333427629,0.09514434487669765,-0.16811227942368429,0.03171409222445946,-0.10564735764676873,0.14892956802108911,-0.1552193566324505,-0.2669757224309761,-0.332950941089945,-0.2548936716965247,0.48591859444860974,-0.23372481190778988,0.4804775488063498,0.44387214569538247,0.4354069987644105,-0.2819645116215031,0.42389039236550907,0.36392645464160717,0.4210864733124153,-0.2801606265496092,0.4111337205721855,0.3325249992616388,0.7359896127353731,0.62274834237536,0.5747298550306998,0.6851755819232609,-0.1202314187214283,0.543898216869836,0.36711250851118066,0.5817890803933823,-0.1052566838990086,0.4466970197812943,-0.07759364073364149,-0.016991910194023,-0.07873694982860248,-0.2681157014518809,0.04257581292956935,-0.09499390496864869,0.2749391547880774,0.03475644463954597,-0.5284093771329046,-0.02279420707973007,0.08953466554205392,-0.18364373987170277,-0.10387559024962399,-0.17718850439809675,0.01233278950575471,-0.27457692539912326,-0.06607055614629762,-0.13252097786683428,0.0031854816627929572,-0.09383011388562407,-0.27638869086053197,0.08352499448720324,0.2596184187877668,-0.022460876507099006,-0.012654044564364102
DELTA_DG_lag_3,0.08599392140639708,-0.02533277541521336,-0.182605106561601,-0.05157918857897817,-0.0626153784925744,-0.06375654996974077,0.24014700925638538,0.007862317282722622,-0.12006433913444073,-0.017397771001990858,-0.009806224500975739,-0.20198933051841794,0.0737016601764053,0.12198762982397132,0.03243464602491067,0.218226653210145,-0.016981894194228332,0.10312550104822939,0.05069573832219098,-0.05203639342545115,0.03196128950792309,-0.16617727278935293,0.15529936378691545,-0.11734579589729044,-0.04487211330029697,0.049128937160640485,-0.01770434923190403,-0.011404387565498162,-0.03820524813171477,-0.2476247296017456,0.020027437224391403,0.12628391819084347,-0.18347075691903827,-0.08762811396200754,-0.25256280398256525,-0.18154738424999642,-0.12172655882651515,0.37305743273747405,0.3487709108069826,-0.10134222639443982,0.4999645810223384,0.23850552047484266,-0.2492940295403555,-0.2210404567481846,-0.2570822132905939,-0.15566355333199172,0.1446832322041772,-0.3093438130466104,-0.207726705548949,-0.12105928479389678,-0.03301047928989759,-0.0995864501843129,-0.04088359274539612,0.15807082803976977,-0.06694171515116508,-0.013953991464108173,-0.09350778789442864,-0.08709427357167308,-0.008143073638072349,0.13760838844359702,0.06955764953501406,-0.14065410249035415,-0.09114546948901224,0.4887985217398428,0.5038962240256362,0.4381882188858153,0.2297396600444828,0.19981090594041045,0.2793236022739723,0.4313485280575294,1.0,0.2723582822361264,0.2030718112524983,-0.33993905045364337,-0.11609249580016472,-0.11667627501456476,-0.08401706304351765,-0.19281036429531465,-0.03929889526897203,-0.11204899076914465,-0.21504619689674526,0.024944091479761007,-0.09291626723787297,-0.012157645523326406,-0.10681726181895881,-0.12974506729170276,-0.036292554434357666,-0.16607700653448182,-0.02399322861025087,-0.12810024933425207,0.0933268022848275,-0.1614594199840582,0.07100683072826455,-0.07249552276175816,0.17341118551669052,-0.11972907501296788,-0.20475256678602025,-0.37919969122521047,-0.28651947271613953,0.49408966214179634,-0.24355970031284724,0.4902136144181768,0.44999565903305677,0.4550079322096954,-0.31822828291319605,0.43854236149668596,0.34395603699885147,0.41540902578015054,-0.29046583283669425,0.41123279832163273,0.3030168345096673,0.41096508935447384,0.45600620845013906,0.23244473982759387,0.6668936513505072,-0.15145124930526271,0.530969736914933,0.3169620738885898,0.562734808061627,-0.1129105202923634,0.433752827186472,-0.11163712243382011,-0.16238512324481,-0.10186957511919166,-0.312905951461611,-0.14580617429394616,-0.019488123841478293,0.10755661065472015,-0.013514533807681165,-0.13666696789817837,-0.008614949319678558,0.046970619557107136,-0.18146063499653686,-0.020774236535231742,-0.11848801636185224,0.028174257336646226,-0.21206411823220314,0.010612716032139868,-0.20710072451623504,-0.11448924785964101,-0.09383052000528433,-0.3157102880375315,-0.09254125452522292,0.28759801828331527,-0.010894107341715007,-0.013760495065921781
DELTA_DG_lag_7,0.05863973445570457,0.010737271774066423,-0.15909321500909934,-0.23054825111530983,0.09253532610181428,-0.07018797546252156,0.15484636190788512,-0.015947537598484267,-0.09403621107964849,0.13984036194643318,0.02984038280328914,-0.11652914757480166,-0.05406411060912401,0.003617232093172072,0.003906927540373025,-0.008037257577864025,-0.03864810735338438,0.15183361240665924,-0.073062618422926,-0.1116857397841474,-0.04689453034784558,-0.09857481341025356,0.08294899354430124,-0.14046589444543123,-0.22321237919654235,-0.061364057217950164,0.13368787473315685,-0.05417295900292497,-7.146814119654893e-05,-0.10650961918818212,-0.12255679282251168,-0.008034828913005354,-0.45269308034118194,-0.010660667690811884,-0.4650347866244235,-0.4550453248777499,-0.3963404617294462,0.297152835996217,0.5379673366711344,-0.3889791380037962,0.5157611524328588,0.129360415097537,-0.4516743767374907,-0.10477937778641586,-0.4719777430624971,-0.38031328269195197,0.18393900601675092,-0.48715656939204627,-0.5268287062534852,-0.37770397833314745,-0.29230625291619716,-0.43220734905190955,-0.38820912536714014,-0.3680482686156348,-0.12213673477850254,-0.2424700730340281,0.09180852848371873,0.13693087042723967,0.10844782118736992,0.18115695678637744,0.21128085394411952,-0.41818737714974347,-0.29905676182839414,0.35127180928634877,0.35430229831369286,0.4130822894884767,0.5295063378825732,0.26417291717021346,0.06930295836026071,0.20188756779387085,0.2723582822361264,1.0,0.4107987839073947,-0.3062200698219755,-0.5509881513536713,-0.4412407934002991,-0.4159147619394542,-0.21870478610204946,-0.38082986413376857,-0.4108781668866632,-0.374626932014935,-0.29338385401150713,-0.45701779065098985,-0.19214264054774735,0.08404442480106172,-0.011373154008022279,0.13197806251892688,0.03371098785331823,0.09174537292189047,-0.09881569069239199,0.18796783336192865,-0.10109291417461579,0.1508344138705194,-0.10276514516045243,0.26923768085697075,-0.17543899235197252,-0.034757119507846504,-0.2089857230359339,-0.4742797991850803,0.3595999660615265,-0.22347459455146798,0.37221165623939234,0.3090672250284596,0.5045872493204694,-0.3784347347848722,0.5296944914994086,0.38131998873160566,0.5146818917550301,-0.45198664594314825,0.5482024132735276,0.25442356153997175,0.17234696862882562,0.31819276386437884,0.025974378787227703,0.38389823824547636,-0.25253942762576365,0.4350874728834327,0.021555035883287325,0.5791390662503184,-0.27423700169051146,0.5240925937702737,-0.23850421319089457,-0.12853543752854985,-0.05869943817421579,-0.2482880771286378,-0.14285310949868532,0.06816605603431042,0.14678901917916298,-0.2571089998496366,-0.025212982554194026,-0.14773687057497878,0.0027339009065668056,0.027557368431633318,-0.19883340920923845,-0.03634261890541847,-0.12556483993807294,-0.06943811595706367,0.10065166378493651,-0.24020439691622283,-0.04757433331648864,-0.0533282666835496,-0.2714835294545055,-0.03712210594014448,0.3691157004439607,-0.03232594964071398,-0.04311841422171546
DELTA_DG_lag_14,0.1107743441017795,-0.05980257801347241,-0.13744657485450046,-0.30266911655047707,-0.010782934376970019,-0.2157046456960128,0.1052705413703751,-0.11648067465060451,-0.059241224115400504,0.09359560569640234,-0.021534166782328053,-0.20075489693734266,-0.346584280967302,-0.0025393362466542098,-0.08030954445769581,-0.13815587261943066,-0.21792929464833918,0.03097174865219198,-0.1801804823146012,-0.09507866610047579,-0.19778741839628222,-0.03445666348943382,-0.12730475155756868,-0.08708597810184875,-0.2853008017743763,-0.13372562745652397,-0.060490654622438106,-0.23255084344825722,-0.13016758343941146,-0.032160961242295553,-0.16063996953626838,0.014107800857581721,-0.6530075424600316,-0.0056106343730062385,-0.6012097842751893,-0.6526391828374138,-0.6192872022214367,0.36320169655092216,0.5556321377794995,-0.5407368681997105,0.4018877871810082,0.19268262029366978,-0.5234930601604397,-0.12983875998466676,-0.5400503552750638,-0.46746920901101774,0.0920982167833644,-0.5538090970296593,-0.6468313843492409,-0.7209103697302176,-0.5153642398401019,-0.5906952623626315,-0.6291929834572625,-0.6098295503105201,-0.6029588481802672,-0.3311093085907137,-0.011372856984708692,0.07978665940414016,0.08255145324795074,0.21658474816140322,0.4265025549146442,-0.609940061436533,-0.5842147520464207,0.3567070719306385,0.36617373337421244,0.3342050171901597,0.34440775184537714,0.4528208110429562,0.16328135809061156,0.10209476912200884,0.2030718112524983,0.4107987839073947,1.0,-0.28249651110268365,-0.4099963517112902,-0.5780746740150053,-0.6047254672003629,-0.20927495331655652,-0.596491304663822,-0.5882998176125127,-0.2836853138282684,-0.5983454475504495,-0.448780690894385,-0.5263903646401281,0.02307678833926966,0.0008401803206057856,0.05338346235416489,-0.0023354136844098224,0.10361648747172254,-0.004061411671766087,0.15901322772809154,-0.005532404974093742,0.24126418124951893,0.10001539341277477,0.264651522693885,0.0661379325269442,-0.08916356911253465,-0.19937430295256064,-0.3801876495662029,0.38559064078174843,-0.25060562115341006,0.4055298587624107,0.3360847675847132,0.4093436809459097,-0.30726500695473213,0.42761396101621685,0.3092011466105701,0.4230745377440297,-0.366668760126482,0.4581746252905063,0.21275570394732657,0.20144012414161575,0.32580123182170123,0.006862597490398201,0.3180013154805828,-0.28977968741839083,0.39999008134850794,-0.07735565511691389,0.44609328964664496,-0.2558116293661268,0.4690388416765336,-0.45863365137948287,-0.06307112100131113,0.023423679899950624,-0.2274060318287133,-0.13259773869311467,0.07663570320866657,0.029466008329239207,-0.2763997835340281,0.1582732186830561,-0.014305408219803795,0.1110863989077026,-0.009081161407270269,-0.12501508102053388,-0.02737009848455909,0.01778867541633281,-0.04735106463970893,0.1122891044831307,-0.24205808657511885,0.04285445816335263,0.016757746429696112,-0.25969407221127055,0.02483715822741386,0.3705144602344349,-0.09175555196807346,-0.10186204825680226
PAKAN_ACT_GR/EK_rolling_std_3,-0.1358056296005691,0.06416504928852422,0.10283139049474499,0.17263320117611647,0.0007708593521813963,0.09158204807870998,-0.15020578428558307,0.05553810517701796,0.14338525801846635,-0.1029874349363261,-0.04478667451174012,0.11276101283476217,0.16053108701362998,0.02386234640563631,0.04656811023687888,-0.0013100940911967374,0.17066809219163256,-0.14015897322304724,-0.01552124305601857,-0.01113847516109494,-0.0372889750871107,0.012421299931612449,-0.017059387917489,0.0868154587108772,0.0908207916363083,0.08146598708946096,-0.08881065521084408,0.08690897734355624,0.009528433445335556,0.11220627441886262,0.017556854962960316,-0.10668011644554938,0.34900155529892474,-0.11078346964697623,0.28220578371798366,0.3480798338076063,0.26244435586916115,0.050395862520676946,-0.2474800160444248,0.3079505545798542,-0.2573194564686243,-0.1338046435660978,0.4056602713501229,0.12133105906603717,0.4502210543973748,0.3946714605640597,-0.24981018722342235,0.4379853263142151,0.3861680240950415,0.2887160425292286,0.1675438092093437,0.33040919564848126,0.30774614881488477,0.24545771842910252,0.22909404373672415,0.12769091780062372,-0.21354624057789862,-0.19630820936499693,-0.1813670450355751,-0.2879357710368681,-0.1839962694662773,0.24863245998555764,0.15486516203262762,-0.173328320534864,-0.39851047046373944,-0.36032447543052265,-0.21611452835504386,-0.14849254688374222,-0.11149652923236036,-0.16764971641744783,-0.33993905045364337,-0.3062200698219755,-0.28249651110268365,1.0,0.541343910801037,0.41977559613253623,0.325820836534352,0.18836077079429323,0.3016882339114203,0.33577788816798104,0.36233920689398846,0.2021409202528297,0.3933483983606244,0.12428819162007326,-0.19705132443820042,-0.07644145507946179,-0.2115495025382476,-0.14492422411415226,-0.23870478585820687,-0.09242084757776309,-0.25869525937984905,-0.10835654355884324,-0.2621017689307417,-0.06354444241169288,-0.29119676868895583,-0.013123705639560045,-0.09772911166265358,0.12254654069780292,0.25317582432200736,-0.1813437951976731,0.3249819048927623,-0.25649247055488544,-0.08038843383417336,-0.2488209847222938,0.27393516768339854,-0.3149633484604655,-0.12677603554158423,-0.2579704275136158,0.2762184966406387,-0.3343802589701684,-0.07021545300241938,-0.1767260469576766,-0.25823988468135933,-0.026523051994900633,-0.3586420759000335,0.2000794468324707,-0.3872486923961671,-0.03648325725102568,-0.3837304580715376,0.20402563084302414,-0.40494193565299785,0.29519767960642523,0.4675723986277449,-0.011203249659530167,0.40649710132293265,0.6789471530099197,-0.02130758072193123,-0.09659377400783545,0.14345504406167853,0.01762049386898622,0.16822995698760831,0.03667434687280873,-0.044162726988236985,0.15922704763664608,-0.0869220997759679,0.1349284362732991,-0.022926444801431876,-0.06630898607733236,0.1978032944580788,0.3864959349508254,-0.012540812820188771,0.379128098959501,0.5820990300440527,-0.3817522294762544,-0.08516590242500618,-0.08797657793473826
PAKAN_ACT_GR/EK_rolling_std_7,-0.21736169798631527,0.05326571741589913,-0.009330107063187902,0.25623343672432347,-0.19465297063451262,-0.018778565273603196,-0.20930119691062224,-0.15041857960160468,-0.058842133239373005,-0.25148264298969875,0.03532211116277119,0.02914518031008863,0.11767823708563047,-0.09857988297210687,8.858347870860257e-06,-0.09987134196721173,0.08012674265863264,-0.1690952112177566,0.019160586277945757,-0.03424861810743859,-0.06476340179188732,-0.000198883346021833,-0.05315338296219139,-0.049557975175275146,0.13046570835897936,0.041819024686231075,-0.13081212840593892,0.19315130718797496,-0.149511989067289,-0.031643746879125745,0.05951108240348304,-0.12450356400395174,0.6392906629469549,-0.28190815494094346,0.4918166857910506,0.6392088096067989,0.5088176307875537,0.14282891622969296,-0.28492154028198835,0.6514746384242751,-0.14416608669948694,0.013316001721922438,0.7135736850656836,0.03865592061249551,0.7642595615502672,0.7448783619386747,-0.17108013825794163,0.7413508905051268,0.7090655558224744,0.4837641437660148,0.3516310565625387,0.6645325657638423,0.6486624763818782,0.6172080740362011,0.42882520920922024,0.3042729484023095,-0.37438985211417125,-0.443266334206709,-0.44763634628639426,-0.4285488610084578,-0.3045359510022846,0.4978990853377132,0.33955827279804546,0.07812089797014878,-0.029847590424908615,-0.16887272658739033,-0.3733032400662446,-0.21416145686035612,0.0017805982506697462,-0.038568642513841095,-0.11609249580016472,-0.5509881513536713,-0.4099963517112902,0.541343910801037,1.0,0.8292419821589365,0.6761141672831704,0.33752363469202584,0.6387327781470451,0.6798941721852174,0.6099651253305253,0.49569605303735653,0.8084225359540363,0.28798617357310086,-0.41777282656575737,-0.21559041561551645,-0.419390625959089,-0.347252637117062,-0.4639334534936634,-0.21214879331294764,-0.47779989647477805,-0.2633072688548295,-0.46678044555977605,-0.12388841307839654,-0.5259914916213718,-0.06057359291573241,-0.2433593992880993,0.005796157294101044,0.39145625004195844,0.07070536332171383,0.04487862815589213,0.028870241426108556,0.10807961894945173,-0.13645818227525053,0.10478833420856776,-0.18582653663977056,-0.06709225260177729,-0.18996572262870656,0.1722157279990146,-0.2556970020946652,0.03314205965443299,0.00015313342301091434,-0.21632433055327682,0.19363779073991513,-0.17503653226370655,0.3081196252349964,-0.37789248478334064,0.21627626760165758,-0.3370332274784847,0.3195683176992118,-0.500940107405328,0.3925949600985845,0.24902131075911296,-0.06401856083815476,0.07813757585422003,0.44374450365586354,0.025904573009003475,-0.08517817578731576,0.3476175526212196,0.043396208183073486,0.19532577635567305,-0.07214399307148345,-0.2098506599487233,0.303377705606309,-0.24976396065650047,0.1314628700204864,-0.14533890643626846,-0.04064910711614828,0.34741208120917916,0.1353156047757907,-0.05084592397882835,0.07709376629618683,0.2811322474977357,-0.650678061736204,0.015380131993305799,-0.0014719000145137272
PAKAN_ACT_GR/EK_rolling_std_14,-0.21841849483928683,0.06231972384728802,0.06460261484851391,0.37085084055400014,-0.09636768087322713,0.1568374931508698,-0.17169872774873524,-0.05865904986001525,-0.09300407234222008,-0.2869451471724754,0.14972268397523167,0.13691582515705683,0.3439873001366626,-0.11730899352867305,0.06654977456648654,0.05027996781474214,0.2286776238707206,-0.14075602736913873,0.09292746512262795,-0.031402329589357805,0.06195024000985113,0.003528824805371578,0.052192859993386805,-0.07174357176405549,0.15850934378999157,0.1016601675482232,0.026041579207056766,0.366604162953761,-0.033832605839510296,-0.07326306448579084,0.1580426864165781,-0.12559604614726147,0.8691581515337959,-0.22616944388159138,0.662612773244111,0.8708707697323356,0.7492013880729117,-0.033539859973456064,-0.3369705482590421,0.8624431855130577,-0.06068375844780377,0.0165397876694998,0.845764748472055,0.031654853738502554,0.8968094439896186,0.8826854240976293,-0.06582605124994154,0.8733269173072579,0.9237136064273244,0.7396106594452281,0.574675565975625,0.8755343473299336,0.8710905851918812,0.8600182895682915,0.7511884866734394,0.5168177189348332,-0.3240121371949005,-0.39853271069540225,-0.45611911951137607,-0.5501398823706124,-0.47203409482511755,0.7203017706479555,0.5974908104324248,-0.03276031364683806,-0.05538539301179525,-0.0963123976403343,-0.27416299783540515,-0.31912323234401024,-0.03272097604761696,-0.06758507001624334,-0.11667627501456476,-0.4412407934002991,-0.5780746740150053,0.41977559613253623,0.8292419821589365,1.0,0.8972278906515473,0.3409981853379533,0.8799650778553361,0.8841934654870842,0.5341692916510661,0.8149678092952924,0.8755451213109976,0.5811043199600943,-0.36043190754438154,-0.18534883054304976,-0.37175601966444527,-0.29591332780498875,-0.4976761411248627,-0.27578053539155134,-0.4921402264825858,-0.3369241526782579,-0.560338390230725,-0.2639155444860002,-0.5680065106424452,-0.22919785893087005,-0.17999136231075832,-0.004639992428739278,0.38613152007110196,-0.039888600433299636,0.0910072133167805,-0.07549180647118188,0.0012243410245534746,-0.0901092131309484,0.13883516685455563,-0.17177352880696048,0.008226478115960873,-0.13567604090593494,0.1722198130893173,-0.25786646946127967,0.0674445928582266,-0.0254753119001206,-0.23392044008190022,0.19624800900426642,-0.12662045249085344,0.31293101481435576,-0.35073612798171,0.2537162454374715,-0.2776164742764545,0.2964909260451749,-0.4792055233678359,0.5071321562328673,0.16708829581624118,-0.02941570299378485,0.060399786830065215,0.2972568124816536,0.035855224287601406,-0.06081202915305118,0.3406043621677911,0.031778703148300204,0.19489847319978534,-0.07130060979882077,-0.19832534159504417,0.30520311196475364,-0.19088252943837095,0.13338380969181635,-0.11093235881130847,-0.028416916629204064,0.3768352432187123,0.01757820112990584,-0.01741862829923067,0.08306992919124942,0.07881324533675356,-0.6968228022771895,0.0651631430930257,0.05897862394911668
DG_ACT_rolling_mean_3,-0.11464756101462563,0.0926796046700495,0.1679790228033008,0.352549500714191,-0.03391367412809231,0.31213517511372346,-0.04877616766544906,0.06094972713479623,0.023842171223451003,-0.24475276663654277,0.24261381781165575,0.21909357922084058,0.47514189151511904,-0.06033044347290702,0.0758806005837311,0.16474137592122545,0.33316030056501844,0.02080805958514863,0.1918437988682673,-0.022168783420499154,0.16866955174091425,0.0727090174779272,0.1843445629476255,-0.0355281446499559,0.23657485690189595,0.15744711979056136,0.07038491388962641,0.4240293637622702,0.10815621917556811,0.02145180386241996,0.2584347254921697,0.0022500663609034037,0.9540375675453812,-0.2108294181888002,0.7427665178202593,0.9542267170010231,0.9103200570687098,-0.17763367648131967,-0.45870966105728733,0.9649726374841533,-0.0009076918875445378,0.19551668002558814,0.8429183165432305,-0.12383477608545235,0.843393493249399,0.8525058649908505,-0.044228274702202565,0.8346704562464721,0.9226690065341508,0.8826345458030653,0.8201613650560279,0.9741947146192369,0.9700258985549236,0.936348399090073,0.8905197758893323,0.7613979827238903,-0.25819669797863315,-0.28483997730929617,-0.32022280084575344,-0.42983166913305326,-0.5249255481259173,0.8032758679096009,0.74959910625803,-0.1672552287283296,-0.18040537467863643,-0.19551844220016118,-0.24434691899104866,-0.24826481490002864,0.12741909482465807,0.06401621395125948,-0.08401706304351765,-0.4159147619394542,-0.6047254672003629,0.325820836534352,0.6761141672831704,0.8972278906515473,1.0,0.38124706499362676,0.9805115295098308,0.9825015118512228,0.5302280766909016,0.9392112388947647,0.7874960839907973,0.8177822355620266,-0.2843534982695637,-0.14561986947229058,-0.29538538738465064,-0.23515657090630435,-0.3586659094161949,-0.16278318719103593,-0.38235374670536426,-0.2070945248402668,-0.46009921338318266,-0.20145233936466586,-0.48137464852149336,-0.17301455188225376,-0.16358944138566525,0.06459555779775702,0.42470646491583497,-0.18006564269662198,0.10179053437488748,-0.1891635027529692,-0.14601622657688215,-0.20018182347789212,0.258575218298884,-0.2670719238893795,-0.028461660984201706,-0.18131825561497428,0.30990873121051554,-0.32065092340234147,0.12213847274476801,0.18281925767000082,-0.09486371172119937,0.38453240839491903,0.00612655774979143,0.3697999021226007,-0.27309342921277363,0.3966560962314548,-0.1740975227278418,0.35857756082308495,-0.41785267499133943,0.4580984833406602,0.14757637300247078,-0.0045428405342468866,0.030922825336183995,0.24624355125589573,0.044870768689285634,-0.0406883458541478,0.3645307803013397,0.045769178356016606,0.12102668553694615,-0.05186007463669766,-0.1443554605848947,0.17769883391919922,-0.1856198683749351,0.06850854809349635,-0.08606101412193479,-0.006849596823985467,0.4223393527072479,0.0008652289503752089,-0.001984687792175937,0.058943488491155195,0.03854778049019546,-0.6088461781732318,0.08353046348508533,0.09888472496547374
DG_ACT_rolling_std_3,-0.05959612389734391,0.2761553340268209,0.19665841458362548,-0.023979036975936053,0.30943036464658524,0.1359609721116767,0.10300783445257895,0.10507503183537488,0.2195323804650598,0.09617694108333623,0.33972385559779805,0.14974062653410825,0.277821556064147,0.15258519148744892,0.16244411639375494,0.07103036503039256,0.17693504456265363,0.24158410277417255,0.2058082812302317,0.2691655604745473,-0.05807517659798806,0.1433325428905368,0.27733299168408326,0.20827857778266207,0.0745963687175484,0.10317219851279778,0.16638295511871232,0.25649550840156354,0.14040599811421106,0.3297326323692702,0.04218093971374577,0.1552866145314802,0.39541485065591364,-0.0011433932523479487,0.35033661927954146,0.3962517672425727,0.4006591865386464,-0.1183565401157921,-0.3238605744766498,0.41914754619875183,-0.13732443450543413,0.17197585495775783,0.35653983201519795,-0.012697761189051762,0.31764604414694486,0.3022838692646608,-0.4019855516579041,0.3652436154818975,0.37230911691564755,0.3421791304658601,0.36708525730954833,0.35521564502521424,0.333806527324203,0.31711027515051216,0.3444280958087778,0.36291036955051953,-0.009702790107760022,-0.02289109619963563,-0.0783663497842785,-0.13498372454761243,-0.2332430083126102,0.3178870777908728,0.24300700862478425,-0.14434277275864835,-0.17900592579249683,-0.21050238309105873,-0.260504821416407,-0.13498158014498432,-0.03442771733064726,-0.11984561049223594,-0.19281036429531465,-0.21870478610204946,-0.20927495331655652,0.18836077079429323,0.33752363469202584,0.3409981853379533,0.38124706499362676,1.0,0.201533597075114,0.5408276979873404,0.7978075804817528,0.2268703127609214,0.5457263590946686,0.25699892396050056,-0.009417921955691053,-0.017511413492124678,-0.024957148422299347,0.012388260423301154,-0.03915544229106762,0.03169303945085,-0.09217477950966609,0.061880607157621,-0.09475383302107587,-0.04073290102035098,-0.11425940886280711,0.04720620754653934,0.06350360033372791,0.19389373567395154,0.3320282148795129,-0.1571422629964276,0.10858470959841499,-0.16620759635546656,-0.13213793605001015,-0.21602958870633746,0.28390062612098355,-0.2691313337645113,-0.08410750771032893,-0.22505852110910188,0.3087322047369805,-0.28693702333295235,0.020500519866469447,0.020492197907054567,-0.5253665524146859,0.593669468255699,-0.09959536263353636,0.82054778246294,-0.56382748460587,0.6256399963327424,-0.16613283218107538,0.7735118838713655,-0.5945677705991941,0.24155689956515672,0.06031132826761373,-0.006881434241158221,0.139460663977271,0.12361888094145489,0.17292421632139857,0.06036264252463869,0.8295850393972948,0.20894816854782317,0.03651165623863563,-0.04706176716097098,0.04002984217160136,0.056671705045134996,0.0242682798902192,-0.00514877227010197,0.04650165081957009,0.15916654348620546,0.9761040032223547,0.027348392731390864,0.002822223056619774,0.1295241514989751,0.06881335980191376,-0.26031657808254294,0.08165894752367873,0.09101134966485779
DG_ACT_rolling_min_3,-0.10501762093153189,0.04475964350512012,0.14138238283395807,0.38671887337853217,-0.0923635232754296,0.30636485387737333,-0.06614887745015235,0.04813285160253493,-0.01649976204249954,-0.2784173545585602,0.19038510663571484,0.20083286727359265,0.4591287753045403,-0.0829435758352567,0.05300162089665706,0.1721400372180541,0.3246279930356553,-0.02128447477095917,0.17122605795601734,-0.07852946697001471,0.1939814067249672,0.04337473149555424,0.1490899452054861,-0.08131664176683893,0.23244134236682484,0.15705260223971387,0.047605974202529405,0.4062058512663136,0.0961361402559035,-0.045838138972768706,0.263631692678245,-0.026753838872387026,0.9284382268052491,-0.21580779757430774,0.7141782789500072,0.9285072246768101,0.8825932502721986,-0.15975251354066902,-0.4154805494864032,0.9354447623389778,0.03357935959527026,0.1729507321585253,0.8110758889098807,-0.12425000706458157,0.8256498554947928,0.8391313835162811,0.03724283598907616,0.8026522203704826,0.9010222322159064,0.866029279419667,0.794581410959912,0.954998267710929,0.9623332764110707,0.9305266338779931,0.879219997591129,0.7338769389945078,-0.2642711164007439,-0.2933083859421969,-0.32142101399966516,-0.4268605460051709,-0.5089166683763683,0.7883746499568474,0.7463938653222327,-0.14190324720783246,-0.1488699551961645,-0.15655971697350526,-0.20147477736105457,-0.23576589188541533,0.1327033942185191,0.10219814846290173,-0.03929889526897203,-0.38082986413376857,-0.596491304663822,0.3016882339114203,0.6387327781470451,0.8799650778553361,0.9805115295098308,0.201533597075114,1.0,0.9315308322890609,0.39574926402089006,0.952608051160934,0.7224826167554104,0.8171787328742673,-0.2923940648512885,-0.15055034834947992,-0.29765897054619345,-0.24794475845567465,-0.3684027301127557,-0.1855002020090379,-0.37660132179353967,-0.23672340027849256,-0.4630816531708999,-0.21151545483877662,-0.47667960944100757,-0.19846945449508366,-0.18219969948964868,0.023452412952104172,0.3786968152109278,-0.152983746394249,0.08356253292131682,-0.16006071211272793,-0.12345701520943704,-0.15923263470494609,0.2075289417252968,-0.2173335471939903,-0.009706897706931686,-0.13826714095747128,0.25723762983632037,-0.2715042835708431,0.1272976226342871,0.19004743416305434,0.013747993094885965,0.2927375298630024,0.03596473420191192,0.2254203404066928,-0.16498833366753182,0.2974616050667672,-0.13920026111839834,0.22347122635094727,-0.3128923356547622,0.4370706538114894,0.14042777256850447,-0.00419547203379145,0.005848159482850286,0.23211336377791136,0.017923436569177567,-0.037720020328190176,0.22051585689358216,-0.0038922897188649174,0.11831770288086545,-0.04775332119098975,-0.16352087745787042,0.1768846327967182,-0.1954179770677059,0.07161693766017105,-0.10058522913376518,-0.031096906892876124,0.24837652905799565,-0.007972485387323262,-0.0038985954238123467,0.0363962276408381,0.023504620504964033,-0.5800216384800849,0.06979459739514793,0.08499051932635628
DG_ACT_rolling_max_3,-0.11482266862444707,0.1409483577766465,0.1882158763693803,0.3128208795551669,0.029017386622414106,0.309304819601952,-0.02557050430712883,0.07225520984616338,0.05877397725288962,-0.2026038308132584,0.282343520791057,0.22140630521733923,0.4845333611975583,-0.028462149855172654,0.1001824233312693,0.1622228157954094,0.3373440443024732,0.06318582684877448,0.21138844490481248,0.034454861052570916,0.13891166796557225,0.08598108392219816,0.22299267430189082,0.006875183037478609,0.22277069003183694,0.15946381679132987,0.09583363701242381,0.43381557296173967,0.1238600840888157,0.08002090669139346,0.2366800800886119,0.028265994789797785,0.9449853122253573,-0.19663324887610273,0.7445672066449919,0.9452144226755916,0.9044828238485251,-0.18245900982424346,-0.4752677657533805,0.9599375074981523,-0.021887205860153903,0.2110272434407164,0.841995627876997,-0.11554485395802785,0.8314759283666086,0.8376146080839649,-0.11455984103752352,0.8350494099346111,0.9109254320005602,0.8674929204100196,0.8149400125938061,0.9507277450102039,0.9473274546265852,0.9134658463423658,0.8786850723407911,0.7611641750139262,-0.2389892440852148,-0.26707532543091284,-0.3105476672667839,-0.417932810809642,-0.5212953931812507,0.7924548339275848,0.7285203150281991,-0.17811765099023436,-0.19650655311207124,-0.21470238418858462,-0.2684515553926121,-0.2517372243468765,0.09562289399282081,0.03536802511048316,-0.11204899076914465,-0.4108781668866632,-0.5882998176125127,0.33577788816798104,0.6798941721852174,0.8841934654870842,0.9825015118512228,0.5408276979873404,0.9315308322890609,1.0,0.6366072664364446,0.8977616954331373,0.8226068538156819,0.7921746122026898,-0.2644393481313621,-0.13495606281918882,-0.28003959142367907,-0.21287720616076797,-0.339577342656076,-0.1436059510649376,-0.37424243877015384,-0.18011756557892397,-0.4412663382668841,-0.1910424843626614,-0.46835002311877894,-0.15048113038821606,-0.13628387669100273,0.09618885240730443,0.45007022979623224,-0.19192575207419815,0.11117262470075467,-0.2024317374092944,-0.15576616548621763,-0.21884135057126441,0.2838898284957797,-0.289940431707603,-0.03753835248736869,-0.2043838207353271,0.33503557745330476,-0.34269375032523275,0.11930540061031143,0.16467580891661646,-0.1890269365704846,0.4659017989086621,-0.014738288943257178,0.49237556688283846,-0.3572315622039472,0.4839178583699231,-0.190209739538389,0.47302143627966875,-0.4945173932008631,0.4670428868879895,0.14859657483573807,-0.005325249934515063,0.058197018698654054,0.2506251548733708,0.08786073975025975,-0.012898621784544545,0.49060696311648905,0.08426195121093188,0.11615536249979348,-0.059216631700996385,-0.12462635857003168,0.17431422423397588,-0.16777257489471534,0.05982302702125523,-0.06859031505539102,0.03551623570789806,0.5748850696213296,0.0081202923706538,-0.00123356161893968,0.08111227352737065,0.05086201740287465,-0.6143951640221352,0.08886815278704321,0.10489514391793596
DG_ACT_rolling_std_7,-0.11782251199362008,0.21422571246141645,0.1645468244467696,0.08885601856280431,0.20000522593521464,0.16118325366889685,0.027102589050044514,0.026855927066628815,0.23881124901803852,-0.04586537388771239,0.28954530061196687,0.1017729516623565,0.25017866493072005,0.08941853623550274,0.1157833971274265,-0.0027179229310194683,0.14517554285450693,0.1698187977284876,0.17708939436527096,0.2403708231037124,-0.12266443219399059,0.17128517452245426,0.19286272244071634,0.20200897477482072,0.11030126223761957,0.1122087384702499,0.10231229492990367,0.24500116690331739,0.07967197276495319,0.29196414129364484,0.005125126178493026,0.08347932220936909,0.5161637815671566,-0.10196143474487726,0.44749479905345496,0.5161463244365889,0.4674507169550758,-0.042500932622686595,-0.3553191258320472,0.5662229041071211,-0.1832126107557666,0.19446433269088262,0.5337049231295682,-0.003991718313026753,0.5269670598185,0.509612682469154,-0.4369706127171682,0.5538736777346255,0.5314280608578147,0.4090713667600281,0.37815389684127954,0.5001334124176556,0.4744508927746107,0.43824194501303887,0.3857531244872378,0.3593308953369059,-0.1539779501388437,-0.16670035144479026,-0.17872708972236312,-0.237836489316461,-0.26307958304521606,0.40230065771443835,0.27894729086805864,-0.11600414232525574,-0.17844870119127287,-0.27229739250351553,-0.3060358693449007,-0.17792178268517306,-0.017271289711792703,-0.10121691695253214,-0.21504619689674526,-0.374626932014935,-0.2836853138282684,0.36233920689398846,0.6099651253305253,0.5341692916510661,0.5302280766909016,0.7978075804817528,0.39574926402089006,0.6366072664364446,1.0,0.26546602689192916,0.7731046539145225,0.23622075566448247,-0.15709541325442827,-0.08732327257097121,-0.17098828665362942,-0.10930043665006119,-0.1699931867456127,-0.022517534930742086,-0.22418689967542846,0.0039061126757832373,-0.22137316911089328,-0.04555232318604704,-0.27199613565635417,0.06222164272271656,-0.040395688344163024,0.20883605638891992,0.4382984948585704,-0.122044809079078,0.10373045187522746,-0.1353976415618088,-0.08275543657660386,-0.24838859095260163,0.27013105108055974,-0.29013295866562283,-0.11126378702196932,-0.2584821775659195,0.3444325679738112,-0.3341571562296945,0.02671830088035086,0.0489513338180095,-0.40499664274350494,0.49395963448374813,-0.20114758894901813,0.8217917197929979,-0.6390982861914527,0.5952168915811166,-0.2819608576796866,0.7879472675738726,-0.6906100502148359,0.245669154621791,0.16409338596872627,0.01007498226127517,0.08396811346051884,0.2708108228580011,0.19118398578025947,0.04557065057132065,0.7001472352274796,0.23088648363488048,0.11670720427108935,-0.04235557608762055,-0.036861551688074055,0.14503689351777052,-0.0671672073381725,0.055891880348314854,0.0013834539810428533,0.1589835238275934,0.7886256235422093,0.10224119727582368,0.024997963266218795,0.07314417032019435,0.17359367527603575,-0.44522545095720395,0.07386574716923391,0.08370882793049945
DG_ACT_rolling_min_7,-0.05205999758797327,0.08996033106514555,0.17564712185733647,0.3694175715743363,-0.020108278348432033,0.33435662587948384,-0.008987732768843624,0.11662260435500663,-0.03174311630833933,-0.1923060714399086,0.2319710492154872,0.24869718151695133,0.5295490846587778,-0.022488148505845084,0.11954744112098897,0.2630325709883552,0.37464550643757644,0.030376721003957684,0.21706048790292976,-0.04981593957690402,0.2633279627922495,0.02570567820287139,0.24389395128667776,-0.07806869776937451,0.25819184572447285,0.19095467841436672,0.12787025498778282,0.4440143119980071,0.16587905823220897,-0.03426227951890776,0.3135272307885739,0.033831863336131314,0.9168174162183479,-0.1428970559486083,0.6977396148021071,0.9173070699199084,0.9078967126476943,-0.22034252154242875,-0.42754423561484395,0.8897822207228795,0.05058758476942493,0.132883551479498,0.7454706595958123,-0.13014383689795994,0.7397302937218762,0.7528214728897,0.06294105534251293,0.7280417133546883,0.85894363693966,0.8964385951894469,0.8493126073690824,0.9134889778449292,0.9301346553359011,0.9371643301219876,0.9248550514953494,0.7965694352888374,-0.1913602296545591,-0.2279944340814822,-0.27482265723676713,-0.3835631443319991,-0.5241666472652601,0.794008498919662,0.7880142130860136,-0.16953262856581178,-0.14298723562934582,-0.11074021556872221,-0.17545519195141385,-0.25678180399830064,0.0911968327350469,0.07212852500152497,0.024944091479761007,-0.29338385401150713,-0.5983454475504495,0.2021409202528297,0.49569605303735653,0.8149678092952924,0.9392112388947647,0.2268703127609214,0.952608051160934,0.8977616954331373,0.26546602689192916,1.0,0.6091366747184565,0.8918193365432961,-0.21312949653371296,-0.10299279965690161,-0.22275158530218803,-0.1789395647352236,-0.31013807057722,-0.16871525149926467,-0.3102814526734559,-0.21903236551798236,-0.4110061595195947,-0.21944543800401728,-0.3986477933493485,-0.21506344617920137,-0.11857003855054314,-0.0019056547024246158,0.31768302674133664,-0.18167957643690158,0.10148087525888162,-0.18709528579663698,-0.15386993759114265,-0.1425597497095451,0.22354134288254637,-0.21149333586638056,0.0072029702098299455,-0.1243047418479605,0.257626756154273,-0.2613619468695415,0.12124802992834341,0.13892851621632435,-0.04128800677524268,0.27144821572772115,0.09135890683805262,0.22487989877391393,-0.11797745214809058,0.31793114926632277,-0.08413382071205963,0.22467941272973183,-0.2732040575928548,0.4815391852579121,0.07347182219092625,-0.0014339663444530512,0.02012544177486483,0.1250392082400498,0.002308408974675659,-0.021835477543575493,0.24362559923883376,-0.03550382379452846,0.10123130978388874,-0.04021602792932176,-0.12118201602313555,0.16002902097286323,-0.1262968646728015,0.06743430825493174,-0.06308027613596932,-0.03574984655074961,0.26907639857444837,-0.06425120170487107,-0.003376076633748918,0.055633661307576424,-0.06946488140972604,-0.4852842900209492,0.08759469714231011,0.10587135029022106
DG_ACT_rolling_std_14,-0.21416784623746227,0.08415345709607555,0.03363175742198764,0.3162286905937966,0.01975041074396607,0.10004716429265977,-0.11511499424721951,-0.06559743718590982,0.009343017421259566,-0.25391116498897354,0.21444795541261186,0.09727292252842175,0.28690318033551154,-0.02582804511415273,0.03639887706858858,0.017110390424050957,0.12076889038715301,-0.024064398948763756,0.1213446670456749,0.07203691372817068,-0.08175902532415216,0.05837994640910598,0.0571227345628722,0.016949695514210033,0.09372475819095769,0.1257546597728776,0.028335956998375756,0.3126063491874654,-0.06034060418828335,0.0575107978927229,0.045173322528139055,-0.02733715397429051,0.7157659817760917,-0.20245442516849876,0.5576307316846657,0.7187271130853865,0.5912565992965196,0.05137176854189284,-0.2742427391733198,0.7873105750401995,-0.04499635606221209,0.16810221356829583,0.7236505415379098,0.03362982321516604,0.7820907561032389,0.7767512851954014,-0.2539699037624905,0.7614821208822136,0.815665942127206,0.5812910342133297,0.4253396765640923,0.7601755078083481,0.7422481069314179,0.7155501617843559,0.5681226658700482,0.36846854276566743,-0.2935451703638382,-0.35335812522282617,-0.39713367547523626,-0.45215964621418936,-0.3898212991747135,0.5807233743797037,0.4129152471661833,0.006271008286019491,-0.03457932118427341,-0.1028841017246374,-0.3122035885467859,-0.21134741447215322,0.04530927900196515,-0.013735307399032457,-0.09291626723787297,-0.45701779065098985,-0.448780690894385,0.3933483983606244,0.8084225359540363,0.8755451213109976,0.7874960839907973,0.5457263590946686,0.7224826167554104,0.8226068538156819,0.7731046539145225,0.6091366747184565,1.0,0.3437986090522745,-0.3213131551932568,-0.2102331355210917,-0.3168642963121041,-0.27659098811207644,-0.41359803381732174,-0.23709358305584588,-0.40739282998670323,-0.25971287689062666,-0.45725155999283246,-0.2066272723221329,-0.4795424433869605,-0.13784607678310531,-0.1555350814088344,0.039254867392895014,0.4264118350744155,0.010039156716408544,0.027674247939737457,-0.010841755400541001,0.03409550048244829,-0.08693639747730321,0.11547953316506018,-0.14695710672247064,-0.007675320190052087,-0.13901065066050602,0.1969742839168139,-0.23943798092861768,0.10180311174036853,0.10184224758860812,-0.22594072386407313,0.40094294274757386,-0.060245545630253555,0.5126769132090369,-0.40248381036583236,0.46340768358181417,-0.2446024347727807,0.507186944533613,-0.5485196286668462,0.3255242442766557,0.21318024341033529,0.0216105595348577,0.023129447723583822,0.3367270351139236,0.11892575526908886,-0.009975318950401905,0.5198289623516266,0.14271864412140206,0.1866803834973885,-0.07099124319509374,-0.19642596608725804,0.2761699240696028,-0.16305316505910064,0.11496966975257722,-0.12316609349886148,0.06953492555048511,0.5575287366583861,0.08840273700181206,0.03264175732257732,0.027427786096135054,0.15421662998255747,-0.6249517486471508,0.08104036639154204,0.07676054592699408
DG_ACT_rolling_min_14,0.0467363474522393,0.16017142988836675,0.2847618995530793,0.25463169547426734,0.0671626178563958,0.4200818683206578,0.10090035162331659,0.2223639674208595,0.0738560178201933,-0.05135840570665912,0.2668506054912488,0.27278186548270467,0.5564249103528315,0.05232747818100301,0.19034888116195703,0.30128050326139294,0.447749296124816,0.1488827935195482,0.2581121699368872,0.0007270389384945502,0.3275356465735616,0.07568044273647079,0.36316365646037724,-0.008140158716069896,0.30577213075834514,0.1789833112533143,0.17850596781573475,0.43934698484156526,0.3005056588050903,0.0643156500556894,0.35935229028274457,0.10136784143759364,0.8528432107399778,-0.07529106073619041,0.6741760949336916,0.8505380113655491,0.9225560474740288,-0.3659860259877093,-0.5216664855560442,0.7714608628349084,-0.003389958521799324,0.10890717236436151,0.6423825307598725,-0.20508550477465756,0.5805565500982575,0.5934668975305257,0.0529806666335673,0.5973271486541857,0.693062565488543,0.8814430121034695,0.9438331684152721,0.7936684767010393,0.815456771777239,0.830810816477253,0.9123294558884677,0.9184304714911555,-0.08361806120349997,-0.08776033062482384,-0.11907679429167752,-0.23394911605876287,-0.47830264380708304,0.7478648196478505,0.8170057020767154,-0.3023982905253129,-0.2667183814215991,-0.21919580557079674,-0.13841361177996409,-0.24075974496785246,0.05441582815742596,0.032572819393104434,-0.012157645523326406,-0.19214264054774735,-0.5263903646401281,0.12428819162007326,0.28798617357310086,0.5811043199600943,0.8177822355620266,0.25699892396050056,0.8171787328742673,0.7921746122026898,0.23622075566448247,0.8918193365432961,0.3437986090522745,1.0,-0.09176023082009907,-0.005798760579527652,-0.11582886993721152,-0.05711346441421447,-0.14179815245555769,-0.0297783943043197,-0.18253077512474264,-0.05472722916979064,-0.25738624740939897,-0.12233984390042504,-0.26110110902929334,-0.10705224902396443,-0.042049476457560554,0.0930198529894081,0.2972185097392304,-0.3262177242430237,0.16746647476821644,-0.32089169315694777,-0.2902722373868136,-0.2657300782638027,0.3465930660718486,-0.3225329709888337,-0.06485321061076045,-0.19458811040779211,0.3677311790626936,-0.3268668205467483,0.0863111601316839,0.09339974249196187,-0.10029804790580132,0.2519891659241743,0.04186222206581989,0.30099530205166525,-0.18168804791281057,0.3141142612831385,-0.06029401514674433,0.2902657492306239,-0.27443116952939295,0.4913883575203755,-0.0048173022156155244,-0.013696080332181271,0.05870407082146506,0.01494481193226085,-0.005446322968928939,-0.0034211212342253276,0.24596037187909797,-0.050652073984586925,0.03314027321860536,-0.024398442240069238,-0.009574421174832225,0.05035080633795548,-0.06603210812323247,0.0108286038317847,0.028870252585373558,-0.031484846412073365,0.2963997043023979,-0.108893435979872,-0.017791724392357072,0.09362130065732871,-0.13186918994437288,-0.3475816765895086,0.08719526226434897,0.11758301764728143
MATI_rolling_mean_3,0.05083085664511462,0.1487772689948873,0.2530769535661155,0.026126345242802104,0.34100208223066236,0.2233744861778289,-0.03362003954490455,0.33775303998052053,0.21243757905501715,0.15316471647636212,0.12682785786316558,0.20179886819657414,0.10232527297678558,0.2761436671518172,0.18471316380762062,0.13093425355553595,0.10183158846482711,0.14494151418562645,0.13403193119967344,0.38848525079796153,0.11372174820939036,0.2975601439959785,0.15915779511721753,0.24746495922365197,0.09973037178005031,0.11087867326056326,0.1646031798980032,-0.023092061015630494,0.2994370957148983,0.35339042662799547,0.042265040745598566,0.24588210046468617,-0.23005602741719908,0.8528008549665245,0.0546336870294046,-0.22906362454554505,-0.15475390148055454,-0.2519407763502926,-0.13310805696822772,-0.2800042808275765,-0.2850385809065239,-0.11599080940480998,-0.4031849758329218,0.14614487698848608,-0.347513893585693,-0.41320296847769133,0.02056217855663731,-0.3787145468619597,-0.24196208833660965,-0.07946912481295307,-0.11111109146065902,-0.27837445413647344,-0.26621234843317804,-0.24377141710029668,-0.12196195819794778,-0.08524481950537266,0.904647844645744,0.8801035250625336,0.7134199684964747,0.4592654270557137,0.26738337764767023,-0.07071963464418793,0.0068731136349100335,-0.23582886708073508,-0.18684345645702127,-0.12993159825126008,-0.0796521512144672,-0.13082306653095907,-0.13074730166375848,-0.12923388753846876,-0.10681726181895881,0.08404442480106172,0.02307678833926966,-0.19705132443820042,-0.41777282656575737,-0.36043190754438154,-0.2843534982695637,-0.009417921955691053,-0.2923940648512885,-0.2644393481313621,-0.15709541325442827,-0.21312949653371296,-0.3213131551932568,-0.09176023082009907,1.0,0.6736596920787498,0.9091769000593618,0.9389442323730254,0.8874825210616005,0.614718142981242,0.7861570183517658,0.7317650485006623,0.7655719311724268,0.47026452864203977,0.7095988114826297,0.5125948094745906,0.8257257994038217,0.5685533854768058,0.1994409160333819,-0.24459050609812513,0.17361649342282862,-0.23877513092582262,-0.2110023361083271,-0.19420505050914058,0.1627915038446161,-0.16370554206987067,-0.17921521168075968,-0.17585163693130967,0.1415156262696374,-0.13559657776689824,-0.23090826558558836,-0.17282348825054214,-0.1475489079439598,-0.11365059577460254,-0.16083965419445165,0.13420812990131817,-0.11573059569565859,-0.08317203523061954,-0.0843530498405781,0.12999510367851408,-0.047849841002741554,-0.13135397122247244,-0.11768996155172136,0.0009012378413854598,0.1471310587916667,-0.240310238590064,-0.03772232600192209,0.050291547674061715,-0.0034286790461844786,-0.053229665357104536,-0.2952964695097205,0.09953297882697063,0.5553207945306796,-0.33644198576340306,0.7762062594759546,-0.12851949721809885,0.5002829634622841,0.012026549099539508,-0.06580030776917996,-0.07478479648868493,-0.0023423287780254486,0.1499719319508328,-0.18598065083387905,0.4563035125980208,0.01261421519261879,0.026108928433105902
MATI_rolling_std_3,0.04664554131879802,0.2595017873515249,0.3199501964018766,-0.002006833383005103,0.292366592957842,0.23952992185955516,-0.0036419051627565517,0.24595208078926906,0.1488357682711257,0.10557084959210067,0.1022964856367575,0.21725453690111293,0.10843246890954575,0.16722199020879436,0.25265647793855533,0.17032826183687624,0.14900526041867357,0.07635053885901413,0.21112082826756576,0.32562137906635197,0.11647029309684712,0.2708720860361018,0.2036299193844445,0.17638278826567577,0.046036393883591764,0.1524776880314853,0.20879089206701743,0.04095003231873021,0.3093353749716442,0.3571498878665539,0.018357208257706634,0.2038279220642077,-0.08383499219538587,0.5305660841098869,0.07177014174884942,-0.083464310326661,-0.04068231322615195,-0.22600935708577344,-0.12638090581706649,-0.13544419715632233,-0.23413257615606994,-0.11209117844793058,-0.19214993685440102,0.1284821250180579,-0.15238562832986685,-0.20649990478793462,-0.0016917171041285442,-0.17193868081001487,-0.0916275376355617,0.010498703441447385,-0.01849198441160101,-0.14391343953092617,-0.14433803592495537,-0.1141096322596615,-0.03280672313064008,0.004444214332579649,0.6082860799479877,0.6633273154183484,0.5237567814585615,0.2889346830034433,0.21045962652718517,0.0033023339079145887,0.06627493179670642,-0.23484175678762853,-0.16442946440925987,-0.07854616332505081,-0.06362463949387105,-0.11687715343582636,-0.15477833960017137,-0.18091498254323352,-0.12974506729170276,-0.011373154008022279,0.0008401803206057856,-0.07644145507946179,-0.21559041561551645,-0.18534883054304976,-0.14561986947229058,-0.017511413492124678,-0.15055034834947992,-0.13495606281918882,-0.08732327257097121,-0.10299279965690161,-0.2102331355210917,-0.005798760579527652,0.6736596920787498,1.0,0.3703508477697059,0.8434867950706377,0.5550120315134485,0.7228855534552968,0.32164192684134624,0.611825345643814,0.46642795984371566,0.5790198336873267,0.29887496455755436,0.47184941571801264,0.49043204286719355,0.34388322245417297,0.09213461385867018,-0.22862578170137265,0.17472232440209115,-0.23137702639654048,-0.17569253432358145,-0.16948688295748693,0.22793282930687137,-0.19069879472170526,-0.0857897221207906,-0.13525832714995548,0.1607772024275028,-0.17188040807645708,-0.15907734273958254,-0.19836732496480453,-0.17125663279678421,-0.14377856543157239,-0.18882268514506803,0.0995208724749601,-0.1537076612446715,-0.08348342534009869,-0.12272759310095718,0.09699537282876095,-0.11399987944475821,-0.05960855672887779,-0.05917364543675041,0.023917199141335638,0.1278313101871862,-0.18840545639317466,0.009517133196918017,0.01876493938566193,-0.019995452222713095,0.015071196758408083,-0.2826786161088408,0.26021017255423334,0.8142750801555516,-0.32661616028327195,0.4396954268402175,0.019925731029215188,0.8054921772234855,0.02251391082237768,-0.018187077377597036,-0.029682511919049293,0.02925881899233651,0.13977770586904395,-0.15553368522495814,0.24174501373699253,0.04733814886339836,0.05002157350573635
MATI_rolling_min_3,0.059390688288389594,0.06450176509040677,0.15000159501864666,0.02798718454393888,0.2576376683826994,0.1460384325225143,-0.016833638729881917,0.2848897296113777,0.1873721499934543,0.11900899117684123,0.10114119979212606,0.13417595703127022,0.06784333815376241,0.266401098846705,0.10428242563507052,0.10514599912756907,0.049880067085125025,0.12859754762211012,0.11679275181244884,0.26923305420729116,0.0918717075156787,0.21553123058709786,0.12379268930743177,0.181953215299778,0.10238394959216737,0.09696665017175753,0.09820368811330825,-0.03611050131156729,0.2312395694353149,0.26850588843175976,0.08143837335456523,0.2152287621648055,-0.27135442996040754,0.8206445199258,-0.02290977360968566,-0.26967408242501534,-0.1910345921949131,-0.15503385421724533,-0.06307710283218336,-0.2989270737716259,-0.1988005481595652,-0.06685279685966215,-0.4613035160046637,0.11850833178978439,-0.38150404821257383,-0.4291343068186176,0.0391959449369756,-0.43037755322188476,-0.2744010288176898,-0.12367237045677397,-0.13989320288622112,-0.28787369014182734,-0.2692652705822356,-0.257366021669248,-0.14882829935807138,-0.11680361186083021,0.806832524205907,0.7613437060754764,0.6348455104173023,0.4414528038141178,0.24894017371558366,-0.11506480699642462,-0.04600538889311813,-0.12841160583201724,-0.10754257312348095,-0.09392831619693791,-0.04258542322041171,-0.08448589515656836,-0.05228966032938557,-0.03293441308603255,-0.036292554434357666,0.13197806251892688,0.05338346235416489,-0.2115495025382476,-0.419390625959089,-0.37175601966444527,-0.29538538738465064,-0.024957148422299347,-0.29765897054619345,-0.28003959142367907,-0.17098828665362942,-0.22275158530218803,-0.3168642963121041,-0.11582886993721152,0.9091769000593618,0.3703508477697059,1.0,0.7312796660329106,0.8475965739708186,0.42102264948598084,0.8995092287913696,0.5834141355017913,0.7586269696008386,0.31532681176240035,0.826346159585588,0.3818744350472437,0.6943089380912031,0.43884003361321283,0.13331189513805924,-0.14162845708346133,0.10288372087122952,-0.13088525927334427,-0.13396803651010167,-0.11595525148997778,0.04697973143761189,-0.06196198453307574,-0.16004199890895196,-0.10723055715528954,0.0523320969985223,-0.03518530670351541,-0.1952132281334708,-0.07558630069589692,-0.049614750661193883,-0.05337201316797814,-0.05550441354719579,0.09927130326446286,-0.018983062104874108,-0.057960134433799305,0.017392727722047464,0.09461087180275726,0.04196720093798021,-0.1613545256361214,-0.1210097780764466,-0.031221750522954315,0.10432721796305232,-0.2094829848409491,-0.06878029771305894,0.05590585976381807,-0.0065066607204178955,-0.09297448441281016,-0.24939882102940075,0.08349447814265297,0.3083768064043436,-0.28199472412387266,0.7059327505464096,-0.1076596750059964,0.17926405074390445,-0.006101250778963476,-0.0921555147712501,-0.07662729227051392,-0.03666292777227405,0.10012904718144316,-0.1528374207029433,0.5178482395085328,0.0057651279177198655,0.020496224623383453
MATI_rolling_max_3,0.03583949234932249,0.21315125766167173,0.3146579743993912,0.01861707079686076,0.379517118336327,0.2677852720566652,-0.03968975732609443,0.3377736745907336,0.21832596630234768,0.15218129485865167,0.14103176533762043,0.2338971619363942,0.12000400526866137,0.25488457008979715,0.247396084579234,0.15001670810732254,0.13412650833884449,0.13550171175082792,0.1493663374130083,0.4430905755006998,0.1122559523909343,0.31830226701143394,0.17877030775521693,0.2626534207740075,0.07640184908894367,0.10961945489830895,0.21008902076387578,0.005994090514029882,0.3177577895120497,0.3933100708206139,0.014870035660654623,0.24037176290041343,-0.15904782921614227,0.7890095599325637,0.10574813041803473,-0.15833028991119466,-0.09981915490729454,-0.3014405450769062,-0.17070912744772396,-0.2271424250867323,-0.3245369120536056,-0.1591729201869426,-0.29557036464635233,0.1541748715479736,-0.2668269410141854,-0.3407181611430066,-0.01383474218907196,-0.2769423381461431,-0.17345878812859078,-0.024841364703801848,-0.07051817973856801,-0.23081078194890323,-0.22437736254681365,-0.19744656681542785,-0.07570866656986912,-0.043114055422064895,0.8368429170817122,0.8566110050783424,0.6759708607412473,0.39962716291291056,0.23860845794824248,-0.029481564941093302,0.045512398698636436,-0.2904665952067868,-0.22483819619860337,-0.14559998044542244,-0.10035018175778068,-0.15918558414153694,-0.1921612414725767,-0.20221208859689302,-0.16607700653448182,0.03371098785331823,-0.0023354136844098224,-0.14492422411415226,-0.347252637117062,-0.29591332780498875,-0.23515657090630435,0.012388260423301154,-0.24794475845567465,-0.21287720616076797,-0.10930043665006119,-0.1789395647352236,-0.27659098811207644,-0.05711346441421447,0.9389442323730254,0.8434867950706377,0.7312796660329106,1.0,0.7994729633170968,0.6959417242053124,0.6026923374023978,0.7667686734121245,0.661549159122421,0.531044319399927,0.5285356095780243,0.5545290517840008,0.8211372472810292,0.5925964658387586,0.22060356966076974,-0.29743687189732426,0.22555222672890748,-0.3000344764742073,-0.24085903939195558,-0.2361589904557294,0.2449754789189693,-0.23118915943723367,-0.1695209444058586,-0.2085182850425255,0.20313172012881064,-0.20490030338758106,-0.2286520248764377,-0.24906346855401074,-0.22945099713671246,-0.15565842683502693,-0.24585755210864566,0.1621670758367177,-0.20301660818464354,-0.09705715753777963,-0.16663044867098595,0.15905282098084803,-0.13708188462454504,-0.07517281545140488,-0.11498449818239145,0.014946690822881461,0.17618142511694437,-0.2418003847430846,-0.013969586582120625,0.03681833112357557,0.009344833882609229,-0.022481832594448633,-0.23731581298986976,0.14341995814909367,0.6970742806627647,-0.3135543156627629,0.7530685613000119,-0.07496891347104688,0.7049496602792443,0.01642066275318579,-0.02908225492348328,-0.0791847130382854,0.016462227141827893,0.1836210311939186,-0.1999511539085782,0.34012360072418774,0.01933681299346725,0.03180342981127079
MATI_rolling_mean_7,0.09222602635033697,0.13364510962663867,0.20801675633626313,-0.08854978714588876,0.2412615849147588,0.16958005622574426,0.03672154275778496,0.30883861038020716,0.27916493831580363,0.1990713857429194,0.02869506758815608,0.16099369192740418,0.013035981277122112,0.2887259774515212,0.1274666299633637,0.09627113366436775,0.0485681138902286,0.1699846673509578,0.09883416077959442,0.34287249059418323,0.01354807730053063,0.224040361898656,0.11885346359038508,0.24617196778910386,0.11945217307573387,0.0729306075915963,0.0189997182344873,-0.17062703286432998,0.3039174187620808,0.33875394134265563,0.03372250326012448,0.27420007755518555,-0.319972466359755,0.6992926661823549,0.02903472140910712,-0.32135387378734587,-0.21603679797386777,-0.20907218696869256,-0.11986488569825862,-0.3540538443408298,-0.24152474161126983,-0.040167947562476256,-0.46786313855921685,0.03977289371389263,-0.4571717707628019,-0.5062657082708685,0.03895544674749642,-0.46883353047235227,-0.37882872178603355,-0.16061861026721796,-0.12538371794902198,-0.34754940660736877,-0.33945722330555445,-0.32454688454374153,-0.22223565534104772,-0.0930294633519419,0.7939733721314639,0.8426679297052496,0.8537438524113855,0.6871069884880593,0.41311153785703486,-0.11967456277987128,-0.031403396431362585,-0.2067892671077758,-0.19348307870356438,-0.17697261698018243,-0.04488507348469243,-0.0479641688089339,-0.02360076893129314,-0.030328662926928467,-0.02399322861025087,0.09174537292189047,0.10361648747172254,-0.23870478585820687,-0.4639334534936634,-0.4976761411248627,-0.3586659094161949,-0.03915544229106762,-0.3684027301127557,-0.339577342656076,-0.1699931867456127,-0.31013807057722,-0.41359803381732174,-0.14179815245555769,0.8874825210616005,0.5550120315134485,0.8475965739708186,0.7994729633170968,1.0,0.6998526509359884,0.8638031545446149,0.8374423734241675,0.9186788843768939,0.5943197090161115,0.7905046280606792,0.6270526327335724,0.6446199146406322,0.5910618169824318,0.26039783474386025,-0.21787867001667846,0.07835301405447004,-0.19024733481047645,-0.2175593186091723,-0.21573224579348294,0.13210876779448125,-0.14604876208760612,-0.19616459874299125,-0.19327509678473745,0.15367916328205045,-0.10544048789918405,-0.2071958513770142,-0.04898648020280742,-0.026481728552891957,-0.051320971265415294,-0.07367261603648848,0.1002555329618827,-0.03115971580160049,-0.038604626912059466,-0.02959611951985509,0.1065597087341088,0.03096550671022864,-0.20898534338636407,-0.10328899721187243,-0.014797906068369754,0.05964329172167826,-0.2044391514262369,-0.05269718599833309,0.03459935090470552,-0.02152817874880699,-0.060082188316542225,-0.33663939288896033,0.13493032057124063,0.47879584629281663,-0.4465517367723825,0.6055206357633299,-0.16808447119162914,0.3436120237423771,-0.004289652382067958,-0.08777542043699399,-0.0331163644271482,-0.017602099512443025,0.06036528486639549,-0.10899427847935808,0.4973036554214968,-0.036750970927626025,-0.01868951172193994
MATI_rolling_std_7,0.08799934064134403,0.25930340225729615,0.2790554094610024,-0.06543414943496151,0.22475435499207735,0.229428687091961,0.021333823201439082,0.233454978890729,0.31781972716528945,0.13749434355957066,0.01636712521727161,0.1649027441858618,0.011219826112011373,0.17789896520121515,0.2267470675421888,0.12777551433261136,0.09487091023789235,0.0814263492161294,0.13408110072966628,0.38827369683849466,0.019963213180908088,0.3005927495169126,0.171260523617645,0.27392344691348947,0.15312285276870077,0.10662047591553307,0.09034032732789571,-0.05615199413709802,0.2583038512335634,0.3561720637523911,-0.009492392209889382,0.24806496580980705,-0.104864657829725,0.4632533481763735,0.12216432566791065,-0.10799733320863439,-0.04435994705197628,-0.26452956967416025,-0.19611347985527,-0.1456815594406656,-0.2810040744179819,-0.0433071436722106,-0.16535573433660508,0.015989074633810975,-0.20411794463413285,-0.25637506142865396,0.0007374418531018311,-0.1686750159887342,-0.16349886699351734,-0.017267706305540777,0.008613931943328037,-0.15866235611993706,-0.17029023809462082,-0.1578102696569757,-0.10153635167318914,0.02355498636979885,0.5645934537225427,0.6108154014762918,0.6356500723849187,0.547735216045847,0.3510885348362202,-0.02024347403297558,0.06791390791430915,-0.2872316026975195,-0.259783420377354,-0.2307579227855133,-0.10121790236333603,-0.07680837142865617,-0.0887501908206294,-0.1396164333427629,-0.12810024933425207,-0.09881569069239199,-0.004061411671766087,-0.09242084757776309,-0.21214879331294764,-0.27578053539155134,-0.16278318719103593,0.03169303945085,-0.1855002020090379,-0.1436059510649376,-0.022517534930742086,-0.16871525149926467,-0.23709358305584588,-0.0297783943043197,0.614718142981242,0.7228855534552968,0.42102264948598084,0.6959417242053124,0.6998526509359884,1.0,0.34882199812791115,0.9134010124663358,0.5844913187255255,0.8296536327172315,0.30226410050041086,0.7122839525471384,0.4613281696922452,0.5148554513060521,0.23865462017837843,-0.2911500645603863,0.13517349517242724,-0.2754175492047401,-0.25519958812877325,-0.2876559831075338,0.30456836764565465,-0.2869805701673641,-0.15266922866487262,-0.2475969213172797,0.27831577992920103,-0.25676369035740537,-0.2135294988772698,-0.118146536865556,-0.1377690665297509,-0.07120288220232461,-0.19578305704870266,0.1428578549765555,-0.1883802988276566,-0.02456286627696148,-0.1818071513416701,0.1435930906829698,-0.1561056277650029,-0.11914959219779608,-0.029503796470050622,0.00904212568354517,0.061334317353963524,-0.11704363259535104,0.022742189258819684,-0.0005822278241417665,0.01508468323126666,0.04763531308664071,-0.28354699542880774,0.1992236529688672,0.6779208405874755,-0.3120652632685005,0.3874164464625156,-0.024651509133503953,0.5227172046280157,0.02410072174916021,0.03984208087824928,0.004643856043740106,0.011193376191008766,0.09502629928572896,-0.07045510851614434,0.18430545697812323,0.042122142913879564,0.05773972633799939
MATI_rolling_min_7,0.0964239460902463,0.03409362860506037,0.07973014085110701,-0.070052852831401,0.18922587156860654,0.1084677632682329,0.06696273974810094,0.24878125802935386,0.1840460691940262,0.1552342039081561,0.05711987516475545,0.10181194469225686,0.007035981152823859,0.2712383559328767,0.0330495374335093,0.08399567110096554,-0.0068266129110976384,0.1619373996910106,0.12282651414152106,0.18038348574667043,0.056759948236323146,0.136360907860202,0.09008430804526439,0.13205684880222565,0.04675209120091498,0.06553886619349744,0.03071931230873309,-0.128536360452439,0.23552327075174692,0.25773534733802766,0.09043012081309543,0.2365740379923213,-0.392660160281224,0.680195827590049,-0.15865249585497612,-0.39149992464691113,-0.2879338624332167,-0.028672896650170247,0.048595429591592805,-0.3869507198339266,-0.07709523624639937,0.024168303757113478,-0.5899785433583858,0.06643744573344725,-0.5118242346021834,-0.5358791262229804,0.0402858703838246,-0.5718776939071721,-0.41075918031805086,-0.2198866709195037,-0.19450475746385051,-0.3699796760436315,-0.35159663326418894,-0.3394577429404338,-0.25190653669432783,-0.16345120985626274,0.6924271997122957,0.6935017402504685,0.6915448126012185,0.5630280960770288,0.3282318554464467,-0.21831078680295513,-0.1393450360059598,-0.015085812024375837,-0.016223325055261067,-0.016620546692220087,0.04009304796402446,0.018883332412792567,0.07653445440253849,0.09514434487669765,0.0933268022848275,0.18796783336192865,0.15901322772809154,-0.25869525937984905,-0.47779989647477805,-0.4921402264825858,-0.38235374670536426,-0.09217477950966609,-0.37660132179353967,-0.37424243877015384,-0.22418689967542846,-0.3102814526734559,-0.40739282998670323,-0.18253077512474264,0.7861570183517658,0.32164192684134624,0.8995092287913696,0.6026923374023978,0.8638031545446149,0.34882199812791115,1.0,0.5299479501081636,0.8330682150207165,0.2814466389642893,0.9472809500523475,0.34719843945517787,0.4882161107155042,0.2869383703243061,0.03838524901743914,-0.0225299240539034,0.008961276118517268,-0.003286078242167432,-0.04267846791083367,-0.02356699741871743,-0.046921549643812434,0.05260573884482699,-0.09878236297448752,-0.015766176746490213,-0.01918972658552418,0.08359360549261903,-0.11592580442603227,0.07551521650273979,0.11520113482247596,0.01512143348854152,0.0963811164368967,0.038256087625462155,0.13503595485350592,-0.00730312044594236,0.15765159369297824,0.0467455711202862,0.18202418912591936,-0.25316457960205174,-0.11475058481271791,-0.03796137918082453,0.030948643470742734,-0.200966761069929,-0.09100771138620055,0.05426928217320448,-0.059983529381580296,-0.11101102807270709,-0.2839244934629802,0.12096410548830627,0.2562530945321997,-0.36227643885476785,0.5375192901866024,-0.1261922932976038,0.08979903411371391,-0.017091420222242918,-0.16310724406324945,-0.038207343892200304,-0.043855679516302176,0.013127155046031002,-0.09761829940541042,0.6358465330388314,-0.05070551305248204,-0.034791117117710046
MATI_rolling_max_7,0.0696699174656604,0.2152303293010957,0.2721612498874706,-0.0713574797403559,0.2607424413827958,0.25854514443447735,-0.004767861936725446,0.2779396921096562,0.3588122712441157,0.17945087751078287,0.02833900537269916,0.1669876222274634,0.021201952378688004,0.22757375971749488,0.20207704314522795,0.09224668575873869,0.06611814949666127,0.10733707698510107,0.09347885292810139,0.44803015280675246,-0.007637665095782601,0.29111681322349076,0.1261533203839556,0.328688409664769,0.15962426704447832,0.03851443103530384,0.05920756692386458,-0.0979567417889644,0.26331722997300555,0.3925719472611395,-0.011039022044725027,0.25140981200455764,-0.1337942377402443,0.5884199629429732,0.16979596184229326,-0.1377453596068613,-0.06531648452858589,-0.3345122086101033,-0.24999622820821252,-0.19148063238543614,-0.35963993147619616,-0.08279501219973094,-0.20145818812705965,0.023545380562428723,-0.2488976263889726,-0.3158822256651869,-0.04510017680363811,-0.20723958946805432,-0.20600132842767604,-0.022505687743587077,-0.007623689036772342,-0.20067605952528866,-0.21010598522950047,-0.1981186821896073,-0.1241839261257956,0.013878231968730994,0.652717379707643,0.686834623483179,0.7134645079226255,0.6142031592463026,0.35590583352280236,-0.02577308455023375,0.05962482099773416,-0.352773722139359,-0.32608126391768677,-0.29662442189942373,-0.13957733701717928,-0.10893259435481475,-0.12119517964460615,-0.16811227942368429,-0.1614594199840582,-0.10109291417461579,-0.005532404974093742,-0.10835654355884324,-0.2633072688548295,-0.3369241526782579,-0.2070945248402668,0.061880607157621,-0.23672340027849256,-0.18011756557892397,0.0039061126757832373,-0.21903236551798236,-0.25971287689062666,-0.05472722916979064,0.7317650485006623,0.611825345643814,0.5834141355017913,0.7667686734121245,0.8374423734241675,0.9134010124663358,0.5299479501081636,1.0,0.6995290180851624,0.7500978697568329,0.4436739699388862,0.7738334670176427,0.6496014267472567,0.7002340597462186,0.371069889802542,-0.36474191460240685,0.191251944791967,-0.35015497470557927,-0.32164728745302135,-0.3660707971658032,0.3535539883031556,-0.34883992700024197,-0.21818695075093827,-0.3277800819327039,0.3533923831262614,-0.31307110795390664,-0.24337130815919616,-0.16485635713128186,-0.19072335409667177,-0.09050615336022484,-0.2592432557417655,0.2044608819934113,-0.2470918287078847,-0.03017674014955707,-0.24061803613431773,0.2116516033465354,-0.2001512242178918,-0.11618084540719804,-0.062495507739902416,0.019335998350387334,0.11151218156564704,-0.15218638844131416,0.006709303325202445,0.006319003039363759,0.04224548020649542,0.025903965893871655,-0.20734721579754495,0.09761125537659134,0.5738533667243945,-0.2795816099171733,0.5656298524146909,-0.09361999111693102,0.5055691361381892,0.01853109951647877,0.04047288138020851,-0.02291169841566678,0.019047287275278452,0.1367787645643549,-0.09750301073594435,0.21338816861935855,-0.01478846000910874,0.007258705039241748
MATI_rolling_mean_14,0.14643072816235292,0.09852929389628634,0.17498053398326444,-0.14694523705250317,0.16362459210219343,0.03483219391362447,0.030574499622987607,0.23628994629905925,0.21480625508965792,0.21518582951041398,-0.0018668311552819555,0.05712368797903916,-0.09021765542227873,0.3235512403229647,0.09048833625333673,0.03455450101501711,-0.01747095466963317,0.11367680588977921,0.07162538552555983,0.26410367690689657,-0.05555378427318857,0.12083192948233784,0.05689413305369793,0.121758956956272,0.05521137938280189,0.0991590654070096,-0.07636921899926934,-0.2503481002362205,0.2698963220038469,0.2824779187975544,-0.033146624023378056,0.2563173706335876,-0.4299380157112512,0.58448260445778,-0.04113669692475706,-0.43000903588007644,-0.3255850065884287,-0.10095312853887692,-0.04368445142167662,-0.4530661095438168,-0.16057827739418354,-0.028062793244201356,-0.5264545863835176,-0.05065228795683375,-0.5181465859254379,-0.5465671749227147,0.08342232211829294,-0.5457576849490168,-0.4733444594174695,-0.32688201719148774,-0.22808566588907406,-0.4493756478261192,-0.43395867006118183,-0.41343190967258986,-0.3489294043170865,-0.18365285407019605,0.6848852230500578,0.7488213375705368,0.7788679735618195,0.793057389436407,0.6298293449058006,-0.1376792989570766,-0.12631007478177325,-0.1052629780033576,-0.1065100179804629,-0.10577821033657277,-0.06697255648547638,0.03975751843867577,0.003308403594080428,0.03171409222445946,0.07100683072826455,0.1508344138705194,0.24126418124951893,-0.2621017689307417,-0.46678044555977605,-0.560338390230725,-0.46009921338318266,-0.09475383302107587,-0.4630816531708999,-0.4412663382668841,-0.22137316911089328,-0.4110061595195947,-0.45725155999283246,-0.25738624740939897,0.7655719311724268,0.46642795984371566,0.7586269696008386,0.661549159122421,0.9186788843768939,0.5844913187255255,0.8330682150207165,0.6995290180851624,1.0,0.6462085044793552,0.8278162554519087,0.684876101013443,0.4813328196976356,0.3996188415558319,0.2253249639600951,-0.11058751251905294,-0.0075795606864848515,-0.0762819024460293,-0.13280940387232382,-0.1373676983759635,0.008372749245007034,-0.04919259074680541,-0.19170118928757052,-0.14475695244556755,0.07255884024985872,-0.01886103761209106,-0.15486017577171807,-0.005800737276958794,0.053314907508017435,-0.05636073319341067,0.027217295041688842,-0.0077799200947194485,0.09039389770933029,-0.06422046920387087,0.06167614198374274,0.022701130841709292,0.14470656115298716,-0.26412824881864355,-0.0954911620666052,-0.020785795468190777,0.007227821575902201,-0.19047321732383754,-0.052023540006839356,0.04793335538523652,-0.07956806493929468,-0.07662796000015706,-0.3411943857678549,0.15366721644736916,0.3792725266904802,-0.4613480483424702,0.4726616479754017,-0.16103542716224242,0.21491828687116765,-0.0030015200683397446,-0.14517222800085341,-0.003500884974522396,-0.02152692247939593,-0.009790615790545229,-0.06451390485058957,0.5322649288385433,-0.10296547719709175,-0.09599911666859931
MATI_rolling_std_14,0.13239654870513154,0.22513763263236874,0.23884575024752902,-0.06039382760703026,0.11356721252528311,0.09781117787486474,-0.08034812492574803,0.13438683194303308,0.24950735345670588,0.12323441791362179,-0.03284100849779076,0.06878480608914483,-0.0716800815068588,0.23125012134360243,0.17024009015560002,0.06271605035095754,0.023576051701835497,-0.021053460254112866,0.046492676499654176,0.3166183064052348,-0.07684786685481906,0.18119908220977216,0.10069324586054372,0.12025283365823747,0.10454359783074636,0.17021814410041916,-0.053000879201430484,-0.1498095421562512,0.22176195456880707,0.28523430688942825,-0.09410183326997915,0.1887907315585288,-0.1449538078584857,0.3222328348284939,0.15094012661300135,-0.14576409469943274,-0.10431208479178469,-0.19909008546227,-0.19618513834877702,-0.18429361495156205,-0.25192529217350434,-0.06066175744989531,-0.13117792828711483,-0.1010404244259538,-0.16072209763864806,-0.1937272875498329,0.08179417910212392,-0.15570420743040736,-0.17588675084189404,-0.14348770525626944,-0.06782768386258749,-0.19988691759575805,-0.2035799678046824,-0.19132969550273599,-0.1934289816061024,-0.04512729542756421,0.43120895333611975,0.5019365390068805,0.5377143471410751,0.6306349653979622,0.594778043286506,0.022103893089011832,-0.009716365386381196,-0.2446947723733617,-0.251199743237522,-0.25408412231268074,-0.235732357940441,-0.016302571994787296,-0.09554983424809214,-0.10564735764676873,-0.07249552276175816,-0.10276514516045243,0.10001539341277477,-0.06354444241169288,-0.12388841307839654,-0.2639155444860002,-0.20145233936466586,-0.04073290102035098,-0.21151545483877662,-0.1910424843626614,-0.04555232318604704,-0.21944543800401728,-0.2066272723221329,-0.12233984390042504,0.47026452864203977,0.5790198336873267,0.31532681176240035,0.531044319399927,0.5943197090161115,0.8296536327172315,0.2814466389642893,0.7500978697568329,0.6462085044793552,1.0,0.22666266899501322,0.9168102414134536,0.30978003538785975,0.43182925895445295,0.36974575485716776,-0.2467680126458798,0.019035776823820655,-0.20883848156772264,-0.25030290002188943,-0.29473680674900987,0.17593540272589692,-0.24643663796002307,-0.24270311920943616,-0.28769684300985526,0.2561884763876372,-0.23437972341595756,-0.20161484108717576,-0.11408163870870519,-0.07557910133007283,-0.1240283410355379,-0.1462696405737445,-0.0011171722023219093,-0.098333772171766,-0.110759380648892,-0.16089345971367194,0.03510715630678304,-0.08355831758367137,-0.14139269250988043,0.01979834577608796,0.005639436894312467,-0.011374323123826085,-0.03512211236268516,0.029198741368512283,0.007255898486439274,-0.07028870991571695,0.03319965924840172,-0.2682668424220294,0.19749926633415085,0.5335269678135818,-0.31362693487517596,0.2453468809511884,-0.027181947394694993,0.3725291997818624,0.023154626856096632,-0.03477765568994019,0.06150781078812192,0.010535965166127695,-0.004895947210162825,0.022928644733641864,0.12740257754540424,-0.04507372636891002,-0.043769924181418986
MATI_rolling_min_14,0.11999041559334342,0.038455619302359335,0.06644252105860629,-0.1712031563444037,0.18270462441526183,0.02932352963915455,0.12375112191531167,0.2111477655138212,0.1665207615820191,0.1839673817194191,0.06400586657695939,0.05673565157198389,-0.04751907919343752,0.24385692465700684,0.029003706132506486,0.06508517179544951,-0.036416457766277645,0.15107690077832903,0.13537400945971492,0.12470447022287066,0.04446886185187756,0.0967060435418733,0.06970915414085689,0.08669611460115664,0.005046337544028146,0.05305274117136738,0.02648567421675479,-0.14082402438017963,0.20339473513145268,0.23594524183920587,0.07155112289002855,0.24888125791718058,-0.4983830371113596,0.6062484237056267,-0.28968462988550714,-0.4973887377075314,-0.38050999390116436,0.0774394454149129,0.15601170170624812,-0.48405043215553606,0.008216439042046728,0.04384022512412924,-0.6754335407083055,0.03847216016421195,-0.6093091162474433,-0.6200741448734649,0.02453127607547835,-0.6662048288016935,-0.5201981858190871,-0.33464388027646297,-0.26517904503369655,-0.4678353868006506,-0.44465397693136,-0.42575480572733065,-0.3450259450672331,-0.22377404343458554,0.6271019571525629,0.6339810291644589,0.6358919718055919,0.5776876275353456,0.41888925193793275,-0.29872558468858795,-0.2050713889494306,0.09590139395727679,0.09895922613502685,0.09987262907797993,0.11294841961951188,0.09134908258791245,0.10991024029615262,0.14892956802108911,0.17341118551669052,0.26923768085697075,0.264651522693885,-0.29119676868895583,-0.5259914916213718,-0.5680065106424452,-0.48137464852149336,-0.11425940886280711,-0.47667960944100757,-0.46835002311877894,-0.27199613565635417,-0.3986477933493485,-0.4795424433869605,-0.26110110902929334,0.7095988114826297,0.29887496455755436,0.826346159585588,0.5285356095780243,0.7905046280606792,0.30226410050041086,0.9472809500523475,0.4436739699388862,0.8278162554519087,0.22666266899501322,1.0,0.2844602681515418,0.3825490151486377,0.11332472994295169,-0.13867642581802017,0.0961114446172892,0.0026898441563632035,0.09874293195134747,0.08289214416540645,0.09669741263692215,-0.06919997987124096,0.13744861751482673,0.020827529578281243,0.0867378684149509,-0.08610515398042679,0.1648666113134666,-0.04751702469993024,0.12107278014001539,0.1665158469913661,0.035973004087749866,0.1873144135220581,-0.0017514711604780546,0.22548674569268776,0.020379591734979916,0.25422494136547413,0.012562258382232466,0.27083166475857484,-0.29007457698435934,-0.12740235500013436,-0.03463325208950259,0.028434804055743626,-0.22603299974609706,-0.09610957189386576,0.06467617660030668,-0.07379067360527095,-0.12562614727027294,-0.2922159937504676,0.12742036025317569,0.22889660826747585,-0.3737351757122583,0.45252083385573716,-0.12785730858241995,0.05123013552619588,-0.016755835935479475,-0.185865580169868,-0.03328772479323188,-0.04266070231239278,0.008419880132480078,-0.09559081943585407,0.7026802738448723,-0.05925801848872333,-0.048521244801430344
MATI_rolling_max_14,0.1155276542280523,0.21597073791005578,0.27558972943379323,-0.04690058338324234,0.1650586979933391,0.12499419099003306,-0.1111176333185867,0.17885702032051656,0.3125097352965358,0.14608545086068825,0.013733770659661382,0.08440358956550276,-0.02886799728195679,0.2806875324151683,0.17852404486280724,0.03332426726225442,0.024864166174144366,-0.015740729941750655,0.036490396724017535,0.3792850244958686,-0.08330345772459784,0.18180602748892669,0.07151313858434377,0.17025364244468655,0.12668831670631917,0.14124686897047073,-0.06061505993795444,-0.13013233193245294,0.23555554360191797,0.3466771535957775,-0.08086057595800689,0.18816244980774935,-0.09456151429010452,0.397127544919485,0.2532534599387847,-0.09551634053623005,-0.052761915892613594,-0.26490295081561566,-0.3035785895773184,-0.1569369705022702,-0.359956141218881,-0.10286907564403384,-0.08054507777030097,-0.1042002496872054,-0.12085135142803405,-0.1724787285869886,-0.0014394887251232933,-0.10825702948421988,-0.13229363028125715,-0.10104221085097786,-0.02680114630870331,-0.17276234180717534,-0.17429362921400313,-0.15979272469280995,-0.16530091672336736,0.0013193112787998934,0.45393273974429854,0.49760401818641176,0.5188971053657809,0.6102005650375015,0.5878891427438557,0.09345263565845965,0.03088701605752568,-0.31821425553338484,-0.3269893629669654,-0.3358988780112124,-0.34732540291127906,-0.07460127069102442,-0.14817484529074246,-0.1552193566324505,-0.11972907501296788,-0.17543899235197252,0.0661379325269442,-0.013123705639560045,-0.06057359291573241,-0.22919785893087005,-0.17301455188225376,0.04720620754653934,-0.19846945449508366,-0.15048113038821606,0.06222164272271656,-0.21506344617920137,-0.13784607678310531,-0.10705224902396443,0.5125948094745906,0.47184941571801264,0.3818744350472437,0.5545290517840008,0.6270526327335724,0.7122839525471384,0.34719843945517787,0.7738334670176427,0.684876101013443,0.9168102414134536,0.2844602681515418,1.0,0.45034364685981304,0.5685070230245417,0.519444645564623,-0.325291734642867,0.1103077318998935,-0.29795622681243344,-0.306730596416344,-0.3980685455745934,0.2905615855454812,-0.35843351072862223,-0.3015390088517408,-0.4038012177621754,0.39336769231675744,-0.3555026586593911,-0.22151816562198134,-0.1786747443484448,-0.1792141839259842,-0.12545773209024597,-0.23551101155521656,0.11225399013640812,-0.21214878372413704,-0.08735515222320274,-0.2691587404966811,0.15914234921161138,-0.20179218341936211,-0.08188401009820394,0.018775318231826883,0.02919987138652976,0.06647062855336307,-0.03223917585254389,0.028031566170359373,0.017049373616652846,0.010726323515540202,0.025071435695360123,-0.1597528514166112,0.08146561519788167,0.43003339696954185,-0.22713530300975546,0.3781648571540399,-0.07414288845616702,0.3879226594391095,0.02675943317583246,0.029951507211192357,0.053952060222449735,0.03225793644740864,0.06592929084540163,0.017221238410897514,0.0885561253843642,-0.07965364937939333,-0.07617601037677738
JML_DEPLESI_rolling_std_3,0.021192269956216692,0.13033119201344648,0.16981438914958313,0.07643083264760751,0.3399260246458159,0.22608788117920212,-0.06946323193461659,0.29264188694252774,0.16742954694848872,0.16112591899479528,0.13015772444098644,0.12844495285087998,0.10934515974842736,0.169431925938,0.17989174035187072,0.056416283974505016,0.059292148669855174,0.07991268584026921,0.05716954579072828,0.4971933393747595,0.09623008576554186,0.291975927247317,0.1033915716945031,0.2591634637999411,0.06542923033868274,-0.011937671868548258,0.17158141653207337,0.019921333828385585,0.18689582178675676,0.2708292492566541,-0.000531455734081968,0.14788771198287565,-0.07203344051700325,0.8217207033239626,0.19470626745093614,-0.07239872626499516,-0.04800157412840761,-0.3491372890742269,-0.2136473261639214,-0.1524178630894394,-0.3612381793879784,-0.21124454709990892,-0.14947513380052033,0.14170434714703134,-0.1534228935877361,-0.2359298489582069,-0.041499440461794934,-0.13080408250661182,-0.08007158697573581,0.027009660690538232,-0.05846011787220203,-0.16631828674838803,-0.15648395130435422,-0.12544833134191538,-0.03069609677380922,-0.04357548141758304,0.784040172021671,0.5657166633131308,0.4593080529786773,0.24831514718220787,0.1056747690841558,0.020926420066428447,0.06393887672753278,-0.3221152018793115,-0.24097828171164193,-0.1715905910317642,-0.13936236258120616,-0.21992741564133067,-0.27958832924615157,-0.2669757224309761,-0.20475256678602025,-0.034757119507846504,-0.08916356911253465,-0.09772911166265358,-0.2433593992880993,-0.17999136231075832,-0.16358944138566525,0.06350360033372791,-0.18219969948964868,-0.13628387669100273,-0.040395688344163024,-0.11857003855054314,-0.1555350814088344,-0.042049476457560554,0.8257257994038217,0.49043204286719355,0.6943089380912031,0.8211372472810292,0.6446199146406322,0.4613281696922452,0.4882161107155042,0.6496014267472567,0.4813328196976356,0.30978003538785975,0.3825490151486377,0.45034364685981304,1.0,0.680308411267838,0.32623638639187263,-0.33252936415804785,0.28772068334893763,-0.3509947549853431,-0.2569766321302226,-0.2745927941167604,0.26061473776146793,-0.27829777123002325,-0.20253266585774404,-0.26253141190407153,0.23518621325522712,-0.25915943987685475,-0.23545299415211574,-0.3355598705596072,-0.3264588254165625,-0.1933202036652725,-0.3130234593636608,0.20240613829795126,-0.28502447042624157,-0.09424931673518139,-0.2572280364164931,0.20056913634019585,-0.22218971519572625,-0.00063299593004216,-0.12317169593945677,0.04061758659986592,0.24328572371186907,-0.23254896454997956,0.01743195925070344,0.04278789322900557,0.06380603656425687,-0.008312881139330876,-0.03640296182519774,-0.19695123887085764,0.4251666038551727,0.10332754720879296,0.8873028502076891,-0.10769662103726686,0.5544570002395338,0.031613298735394355,0.013404406203155564,-0.11774602507802091,0.03850667829616793,0.25342581339536535,-0.22894597327045255,0.15160600946128802,0.0006928693713142578,0.010907773553875483
JML_DEPLESI_rolling_std_7,-0.07067981857466774,0.1279108134948309,0.21036117719418448,0.049152533881111585,0.17330541068409086,0.19601679655017062,-0.1538481192804567,0.1927688355286558,0.27460394702415347,0.10217292870772343,-0.015448653808120858,0.13210183662279484,0.1162994531736582,0.10887078426601693,0.11952734496760609,-0.010374636526394032,0.09667518591527464,0.014415478031471167,-0.03535405115198893,0.3869762881915244,-0.080903803436485,0.1866053722229529,0.05341429484010499,0.3070899054110923,0.21639514812121446,-0.06956356235382755,-0.06107559208400071,-0.09021652087035965,0.2026803981978921,0.28901354024059195,-0.032679038894824965,0.04381669552583519,0.16929118456805287,0.44282386951380376,0.5013137075566991,0.16423328516643756,0.1641184392762636,-0.47320897025712283,-0.45279657628189085,0.08148335225553548,-0.4900200309941843,-0.17214171436645165,0.17782146347199665,0.06341084361408159,0.13787549327629772,0.0485031410983488,-0.08766982243914254,0.19030625670017548,0.09869854617575932,0.19271684953188423,0.13307082410597046,0.06216039204750418,0.042427128702699796,0.0312406352431273,0.11239952274252944,0.13838112960315752,0.4966150295622054,0.5239655877769598,0.5021967342405077,0.23071572604145613,0.03263726686483954,0.22470358845473518,0.2205544844717649,-0.5223966861846236,-0.5235515114128021,-0.4937694505528444,-0.2566495919996433,-0.25328254439619746,-0.26740024465461953,-0.332950941089945,-0.37919969122521047,-0.2089857230359339,-0.19937430295256064,0.12254654069780292,0.005796157294101044,-0.004639992428739278,0.06459555779775702,0.19389373567395154,0.023452412952104172,0.09618885240730443,0.20883605638891992,-0.0019056547024246158,0.039254867392895014,0.0930198529894081,0.5685533854768058,0.34388322245417297,0.43884003361321283,0.5925964658387586,0.5910618169824318,0.5148554513060521,0.2869383703243061,0.7002340597462186,0.3996188415558319,0.43182925895445295,0.11332472994295169,0.5685070230245417,0.680308411267838,1.0,0.7234630347529825,-0.5425438089775385,0.24425645719700914,-0.5251246973789137,-0.4948487655110929,-0.5373696793408694,0.4097510349289742,-0.503196615971556,-0.3495513801891219,-0.5049449107583017,0.4509050915939692,-0.4806990197204597,-0.2571397591817335,-0.33357259776864473,-0.3914220687586108,-0.1482323672705006,-0.4876243415981849,0.286419488453495,-0.4766632380175776,-0.06712730271008018,-0.4812491802242076,0.2808781989967763,-0.40957987081068814,0.08318318152846575,0.04233010421779288,0.04859793795399533,0.19199125959628802,0.02264988028928904,0.05557463909458656,-0.020569729912898623,0.16484240781216283,0.08356902664551497,-0.07998132830348087,-0.08566658660841059,0.34392325986759453,-0.15131278118770936,0.5063806624625197,-0.1731684083007729,0.4552346642268291,0.030078564889836325,0.18521077654157217,0.022854421054065644,0.05221587448809548,0.20796685531872577,-0.004657047115333854,-0.18839450262787794,-0.03549074734999492,-0.019188089875224846
JML_DEPLESI_rolling_std_14,-0.01968428425974528,0.08989319441147012,0.24060065311758355,0.20532982515799272,0.034068739876021284,0.1681322718849044,-0.1849705704031005,0.13230407544961592,0.17817358639750616,0.02253410482414112,0.028166067648324647,0.13447805997239276,0.21088744934305867,0.20698202117504488,0.10963722368826882,0.020563685478391273,0.16374388923148664,-0.020653467419523685,0.059224199304254654,0.2960291203135533,-0.06639404269634043,0.06393770731687257,0.08216556826428872,0.17385153038719503,0.22523348903728183,0.07468040377560145,-0.15476297668025202,0.0119124311705761,0.1973500737859108,0.2068014509871151,0.038188272197739064,0.03343704324725706,0.5093095945073416,0.1543039543435324,0.7986445903278733,0.5084308338047163,0.47480058703160394,-0.47092945111249523,-0.6630695290856442,0.4122944366397118,-0.505770088811684,-0.1517704695371909,0.5145095081105162,-0.03802649127156035,0.4887878051348861,0.4089910280562108,-0.12137397482049389,0.5150711441919903,0.487173493516694,0.413380236442326,0.38147794209057073,0.41560499421146635,0.4062634343691508,0.4017403427417165,0.35815135309839174,0.3641562596148055,0.16399975109537776,0.1820430022475763,0.1734408365399393,0.1131831907667778,-0.07403701181227919,0.6217877658910428,0.4132048961233207,-0.5193123786815437,-0.5475263709846243,-0.5664983910827687,-0.5393104734183213,-0.33192097083102645,-0.21103946540016974,-0.2548936716965247,-0.28651947271613953,-0.4742797991850803,-0.3801876495662029,0.25317582432200736,0.39145625004195844,0.38613152007110196,0.42470646491583497,0.3320282148795129,0.3786968152109278,0.45007022979623224,0.4382984948585704,0.31768302674133664,0.4264118350744155,0.2972185097392304,0.1994409160333819,0.09213461385867018,0.13331189513805924,0.22060356966076974,0.26039783474386025,0.23865462017837843,0.03838524901743914,0.371069889802542,0.2253249639600951,0.36974575485716776,-0.13867642581802017,0.519444645564623,0.32623638639187263,0.7234630347529825,1.0,-0.5462587665639759,0.16292074815215954,-0.511323303524757,-0.529467423422446,-0.63024870059142,0.34704658844701136,-0.5698186794653567,-0.508680183361124,-0.634072601833378,0.5506900814380116,-0.5989508645399273,-0.2028981686747548,-0.2644223180944442,-0.4155147459077828,-0.010048738968314805,-0.42611507435054524,0.37394351139950793,-0.5368802466923414,0.057567530276085764,-0.5596766104033558,0.4022018764080038,-0.566107094623119,0.28627093450699315,0.10447115304279334,0.019435068729399995,0.14763586900096717,0.15433848041735138,0.02710567279273015,-0.04601164931693068,0.3228021241478762,0.03354522254979525,0.014495604617642372,-0.0697248388201307,0.09123524205954577,-0.01613850844894482,0.20721162074684465,-0.07206020879895073,0.18432284177188232,-0.01690061857999192,0.34229826280267955,0.03601613865827875,0.029313111310384107,0.15830278609361387,0.0527513400110917,-0.4280693260551547,-0.027636092095680086,-0.021168971025858924
DELTA_PAKAN_GR/EKOR_rolling_mean_3,-0.11136741274572713,-0.0205539122238344,-0.28787810615096276,-0.11215384690688995,-0.11821064629720042,-0.2248355778028577,0.05967559162112092,-0.2567831644304196,-0.24552480019757228,-0.12229785102144068,0.06790221224299703,-0.11805519347472007,-0.16868912733531732,-0.15523444089672203,-0.13628432757977502,-0.10261179945405988,-0.17411319875909914,0.003246779991229698,-0.09270920707113925,-0.2093099563187428,-0.12062050839959934,-0.10044596261977097,-0.13987498928620623,-0.21747054414099995,-0.2587345217352495,-0.12014622676461527,0.035170503222611914,-0.026892756783184542,-0.2567372050104703,-0.3114596516867123,-0.06186738073422088,-0.04029887523552363,-0.38040777243688223,-0.19829056991449232,-0.4998810467985131,-0.37882539904956103,-0.4181642266089872,0.9218280152674269,0.8154142971200767,-0.17578962009991517,0.728900134722944,0.3477406889005234,-0.33275705742784434,0.006403361819285355,-0.25991359940541764,-0.1430437955330654,0.12275787188582812,-0.33033566524150454,-0.30264885989600393,-0.369691057911921,-0.37350869127149816,-0.17665726536345347,-0.1706339217568821,-0.18243607031952241,-0.28936015508489504,-0.361068129834875,-0.20905682486555469,-0.220373834120984,-0.177226542623666,-0.032348851452153805,0.16907890015319407,-0.37682555993784916,-0.3260185788420266,0.9626617138298694,0.9127191692854604,0.7663558757907585,0.5096065455105104,0.42229182215113725,0.43520781501180894,0.48591859444860974,0.49408966214179634,0.3595999660615265,0.38559064078174843,-0.1813437951976731,0.07070536332171383,-0.039888600433299636,-0.18006564269662198,-0.1571422629964276,-0.152983746394249,-0.19192575207419815,-0.122044809079078,-0.18167957643690158,0.010039156716408544,-0.3262177242430237,-0.24459050609812513,-0.22862578170137265,-0.14162845708346133,-0.29743687189732426,-0.21787867001667846,-0.2911500645603863,-0.0225299240539034,-0.36474191460240685,-0.11058751251905294,-0.2467680126458798,0.0961114446172892,-0.325291734642867,-0.33252936415804785,-0.5425438089775385,-0.5462587665639759,1.0,-0.42195723210603914,0.9624343926302116,0.9478221357215374,0.9292791455140735,-0.642833186496462,0.8926641584898396,0.7222189769998689,0.8639651106362702,-0.7283023004070232,0.8477190289654277,0.5188922909302618,0.5545150593851794,0.5649985150289902,0.339033285806021,0.6817622177968812,-0.2268675887090984,0.5831828878504683,0.2672198859461823,0.7060497997718225,-0.22566652556019492,0.5251147534724598,-0.22007776077954136,-0.02099349450489668,-0.09252958086907805,-0.401167167655603,0.07113027284343597,-0.015160969565606934,0.02295403802367373,-0.14162145144756694,-0.023861710591473913,0.014730208311101315,0.026389490532112137,-0.2356264422869502,0.02751043246848387,-0.231680270004412,0.04104940467833706,-0.3149773173298852,0.006396796761941166,-0.19059870239455823,0.03928398384964095,-0.07898598422529658,-0.44673090017271383,0.14034991076184367,0.21570938568217973,-0.015300799351488915,-0.03556253264406651
DELTA_PAKAN_GR/EKOR_rolling_std_3,0.07656741306743699,0.021687052251540065,0.30008293152701987,-0.0003582295421444328,0.1309333767993041,0.20256971348158173,0.08507536204355948,0.18082214753903963,0.2604218869082228,0.029776586093278698,0.0747925502976458,0.13741931690219725,0.2681906880680284,0.04233177080919106,0.19716231058397884,0.09855850890436726,0.185236921852383,-0.03790220456700927,0.16132315644136727,0.1821115286385955,0.10742061001772613,0.09090513300293131,-0.004019763166387926,0.19819747600170878,0.17058415291059495,-0.023774164861364494,0.0698204041753309,0.1626484123347423,0.06109121330956248,0.24178304456192504,0.15492754548434015,0.08891927764912283,0.20673642566299555,0.24836493437544044,0.2370197542250362,0.2069208451152014,0.21184598831395107,-0.5086699175305095,-0.3487680067334313,0.0813368553921574,-0.39465786170778644,-0.2600611708322454,0.16027275902074584,0.1855172307131104,0.16025478662709372,0.07136729875918327,-0.3023586420258663,0.20279215973612477,0.1841228626474461,0.25899892376479405,0.19394120139202478,0.09855305270610991,0.11710386760798117,0.12240574956722933,0.16188319827055883,0.1748429087481374,0.1204076430670728,0.0877964110051797,0.041538826874901576,-0.0682382469656739,-0.11327522236795648,0.18638173951011822,0.21831142933049166,-0.38436120486837194,-0.2568544307991966,-0.23520910314050472,-0.11945260873132382,-0.18145328295166807,-0.2671046004346895,-0.23372481190778988,-0.24355970031284724,-0.22347459455146798,-0.25060562115341006,0.3249819048927623,0.04487862815589213,0.0910072133167805,0.10179053437488748,0.10858470959841499,0.08356253292131682,0.11117262470075467,0.10373045187522746,0.10148087525888162,0.027674247939737457,0.16746647476821644,0.17361649342282862,0.17472232440209115,0.10288372087122952,0.22555222672890748,0.07835301405447004,0.13517349517242724,0.008961276118517268,0.191251944791967,-0.0075795606864848515,0.019035776823820655,0.0026898441563632035,0.1103077318998935,0.28772068334893763,0.24425645719700914,0.16292074815215954,-0.42195723210603914,1.0,-0.6409437291418046,-0.13178823059744088,-0.36665182583737677,0.6801814381817146,-0.6001321462728433,-0.10971064206998705,-0.34779200908791386,0.5484495161718367,-0.5721533190642304,-0.07413039704687872,-0.33695527862792335,-0.35973279830646077,-0.19264746823317808,-0.4133372101480212,0.1753586493680268,-0.35524270943309494,-0.1508481797728145,-0.406077900710242,0.19794695315696295,-0.3329735246473626,0.1798500523353801,-0.24119888557986985,0.00331396865341721,0.7277847270088308,-0.3342178178589127,-0.03520422823622889,0.0020226072470274385,0.10628090270356473,-0.07482652866172672,0.14986968498803108,0.015695225725566146,0.14117573779980527,0.14836709623327132,0.28822495729034087,0.10938196645256028,0.26250080245060947,-0.03620755441950177,0.09862272220580337,-0.3144604554820783,-0.029708276013174734,0.7769689456613922,-0.4162022383427698,-0.12635127450446007,-0.04946690121858685,-0.03525552095407334
DELTA_PAKAN_GR/EKOR_rolling_min_3,-0.10666397467116116,-0.0260116695230604,-0.31201988931432784,-0.08957617747708416,-0.11844130692917279,-0.23527957975084343,0.04272868128398435,-0.26454551867391635,-0.2708745065284633,-0.10951427646842714,0.04330676488629465,-0.13117268201268287,-0.20646873385161058,-0.12963315883621404,-0.16624019307140425,-0.10363098435958829,-0.2001644187606006,0.026568508241514473,-0.10959295255100722,-0.2236924921730102,-0.12666032218672024,-0.10007145571713155,-0.11073327258431591,-0.23451415125007008,-0.25787186089222996,-0.08570843531560758,0.024396625330342415,-0.06025155021239921,-0.21738931001376835,-0.3200880032954832,-0.09224325680930222,-0.043979144386061174,-0.3892933191626444,-0.22005544537046381,-0.49569188333865405,-0.38796082325056636,-0.4170115972173532,0.9250249046087741,0.7877730074818816,-0.17790104303416704,0.7286977148108998,0.37918383317709947,-0.34691389136329653,-0.04865910083342016,-0.28006898198089913,-0.15511385616025972,0.19051925104197956,-0.35578598247796467,-0.31866607338818903,-0.38989912380184005,-0.3688011462237167,-0.1863731686023972,-0.18554204704139332,-0.19611601337262197,-0.2939866345043663,-0.3507106989487361,-0.19772139341562658,-0.19700990662765377,-0.14825500090412508,0.0018538839722448677,0.17695353135958833,-0.375847713187688,-0.338749213600214,0.9124712545597308,0.8463276358417872,0.7165532854139708,0.4650007869179191,0.41270549037459875,0.44687446127256947,0.4804775488063498,0.4902136144181768,0.37221165623939234,0.4055298587624107,-0.25649247055488544,0.028870241426108556,-0.07549180647118188,-0.1891635027529692,-0.16620759635546656,-0.16006071211272793,-0.2024317374092944,-0.1353976415618088,-0.18709528579663698,-0.010841755400541001,-0.32089169315694777,-0.23877513092582262,-0.23137702639654048,-0.13088525927334427,-0.3000344764742073,-0.19024733481047645,-0.2754175492047401,-0.003286078242167432,-0.35015497470557927,-0.0762819024460293,-0.20883848156772264,0.09874293195134747,-0.29795622681243344,-0.3509947549853431,-0.5251246973789137,-0.511323303524757,0.9624343926302116,-0.6409437291418046,1.0,0.8389251317498457,0.8896571965587601,-0.7323068708533196,0.9300982000776765,0.6409367922350725,0.8320625763549077,-0.7681188473640201,0.8856586111302159,0.45728197675810023,0.5723923114276317,0.5897839723720185,0.34361071770324375,0.7031728850192068,-0.23530103874675384,0.6020163179908702,0.2733371575511703,0.7246387160160765,-0.2387067454248246,0.5460113077968063,-0.24889687769218827,0.06386431589202711,-0.050275290716977665,-0.5537479456010354,0.14448963297928008,0.0003404044477859031,0.02843044303130053,-0.15134929303052894,0.0034690912969018717,-0.028239185330264996,0.020597643012287684,-0.2269346044046436,-0.023704354510228086,-0.2603390797083215,0.00296105850632611,-0.32428276568767883,0.02491487983248391,-0.194047674458276,0.13998554176581482,-0.028634372639593633,-0.6078882238067654,0.23074698326441473,0.2438696912397856,0.008435906320971147,-0.011799383886076608
DELTA_PAKAN_GR/EKOR_rolling_max_3,-0.09547292750081582,-0.016243805034112706,-0.2056949358324924,-0.12484263769426976,-0.08771326868718055,-0.17118979505988066,0.09058311149839679,-0.22746270548597117,-0.18706117316599488,-0.12925564693587477,0.09559595880148224,-0.0855624132206825,-0.09857220174580351,-0.17081532246665532,-0.08787579351744718,-0.08364201431549545,-0.12892984731515522,-0.016878912863778375,-0.05005298534871835,-0.1596152095740389,-0.09342830427293289,-0.07319647567552001,-0.15650171714874084,-0.1731927220731327,-0.2109426963736127,-0.14955547271473668,0.0666080754873638,0.024242946485635575,-0.2571696742440108,-0.2548008091098897,-0.021680420292179155,-0.013382107576209027,-0.32917272182142066,-0.13309132462087278,-0.44757213434802884,-0.32760339952830825,-0.37146885049867984,0.8415575033369324,0.7667727742227124,-0.14350287954637828,0.6634446386445072,0.30586923957274065,-0.28092215089732275,0.05181963183926441,-0.21603779277482377,-0.116990033322173,0.040927288269955536,-0.27063071376204956,-0.25641927839945117,-0.30560967055499894,-0.3286261445920485,-0.14554176333244304,-0.13486233209056792,-0.14597053426849138,-0.2494523870758676,-0.32070472447303133,-0.19205895863823766,-0.21284295510875723,-0.18044183399829403,-0.06027091024934059,0.1417524344372279,-0.3350059029090592,-0.26808590595998394,0.9069756245652516,0.9124500533206035,0.7568499233290248,0.5098046052616894,0.4051413921679765,0.38167529392850624,0.44387214569538247,0.44999565903305677,0.3090672250284596,0.3360847675847132,-0.08038843383417336,0.10807961894945173,0.0012243410245534746,-0.14601622657688215,-0.13213793605001015,-0.12345701520943704,-0.15576616548621763,-0.08275543657660386,-0.15386993759114265,0.03409550048244829,-0.2902722373868136,-0.2110023361083271,-0.17569253432358145,-0.13396803651010167,-0.24085903939195558,-0.2175593186091723,-0.25519958812877325,-0.04267846791083367,-0.32164728745302135,-0.13280940387232382,-0.25030290002188943,0.08289214416540645,-0.306730596416344,-0.2569766321302226,-0.4948487655110929,-0.529467423422446,0.9478221357215374,-0.13178823059744088,0.8389251317498457,1.0,0.8885842422332567,-0.4748324189299945,0.773355540667402,0.7565401761986205,0.8241385414748224,-0.6140043287113448,0.7334518412198008,0.5468037587261543,0.4940528383428728,0.49425358335072267,0.3094835462030649,0.5994222879488478,-0.18127545766830835,0.5064613565810802,0.2531400460518996,0.6247165600012718,-0.1710406642551826,0.44677079376511103,-0.1754987571871973,-0.06404195514846966,-0.05630794483094284,-0.20797070979280216,-0.023250651910439065,-0.0077615252943851725,0.028576113561183513,-0.11603122866369871,-0.028808450245223133,0.07456917124228378,0.0401767343104596,-0.1946739312847139,0.08943178623178247,-0.15318098374037328,0.09310125237318503,-0.23686483909647305,0.009613895484683707,-0.168116630590947,-0.021497380561477746,-0.04954346019684784,-0.24385653229679657,0.025504274199540936,0.1641915770177355,-0.03037593982604284,-0.047659238182386064
DELTA_PAKAN_GR/EKOR_rolling_mean_7,-0.11083293759744274,0.012431466212196367,-0.2742291438855318,-0.1384748936717831,-0.046933702630237585,-0.13913234741689276,0.11817367762375412,-0.21496717621011038,-0.28276103564573957,-0.09588779756327366,0.11857273987250128,-0.0988611852949966,-0.09386931543471029,-0.2027761253403499,-0.10257592754419793,-0.057705553648179905,-0.14085264162732444,0.0011740516478501752,-0.07285355510762002,-0.21737923872699627,-0.081182096092242,-0.12431425178384999,-0.12107329424787422,-0.2189357854601448,-0.3064169642292344,-0.14742764100686467,0.11942148029560726,0.02815267578526129,-0.21686000000496816,-0.3194498325448525,-0.05284825698894479,-0.04797438853794798,-0.3869449262272578,-0.1559951036713164,-0.5249660987636253,-0.3857643735938276,-0.4194467298276231,0.827066720593891,0.8904722983420152,-0.18860842090147995,0.8172843025665892,0.33741987047696187,-0.3471080669925092,0.016961350776547455,-0.28268661537387596,-0.15717395099660347,0.15570485773311282,-0.3409667376670465,-0.32320055043719864,-0.35778572012540105,-0.358623326293947,-0.19761149806493147,-0.19561070947922427,-0.20242800051792734,-0.23988583993789853,-0.3446477381184702,-0.16106935062440783,-0.1788936853243622,-0.16590195241221645,-0.05000661816616278,0.1431158765792247,-0.3950995152271203,-0.2976600463989493,0.8829484036816535,0.8927074449379239,0.8782713714240565,0.6578537760118903,0.4664976377737938,0.399025144916463,0.4354069987644105,0.4550079322096954,0.5045872493204694,0.4093436809459097,-0.2488209847222938,-0.13645818227525053,-0.0901092131309484,-0.20018182347789212,-0.21602958870633746,-0.15923263470494609,-0.21884135057126441,-0.24838859095260163,-0.1425597497095451,-0.08693639747730321,-0.2657300782638027,-0.19420505050914058,-0.16948688295748693,-0.11595525148997778,-0.2361589904557294,-0.21573224579348294,-0.2876559831075338,-0.02356699741871743,-0.3660707971658032,-0.1373676983759635,-0.29473680674900987,0.09669741263692215,-0.3980685455745934,-0.2745927941167604,-0.5373696793408694,-0.63024870059142,0.9292791455140735,-0.36665182583737677,0.8896571965587601,0.8885842422332567,1.0,-0.5877325238822728,0.9151929680364129,0.8368516044723974,0.9638154406298441,-0.7362084141624134,0.8816456310858212,0.6013895061419583,0.5128650151847037,0.5752493761780594,0.2757586408887331,0.7022093721898791,-0.3052202166921273,0.6479333901402162,0.221015791459851,0.7806767548146547,-0.310466623171711,0.6153109089381563,-0.24503519412666872,-0.05349815530292108,-0.036666598946512335,-0.3575116351697614,-0.033195309311789066,0.0023254217244565857,0.029243462596304795,-0.2323170295871962,0.0011660685663304538,0.0029561287693522925,0.017492175939702325,-0.17126082237861442,0.01989761370786491,-0.18670359101161885,0.028279498320375285,-0.24340328951311024,0.024956993035299448,-0.2362035784827193,0.0009678528663577753,-0.029105946702991964,-0.3944315047984145,0.031200321690808896,0.22307344282239633,-0.030840433577768136,-0.044263557593829536
DELTA_PAKAN_GR/EKOR_rolling_std_7,0.03256397652739524,0.17330082109477324,0.3825588937899585,-0.0712757976834838,0.22904792449013991,0.32793048370437905,0.15443770548303282,0.18939802999054375,0.38894841800134683,0.11039769299759207,0.17742825906523213,0.17336358561102355,0.3488031322582762,0.05737689463708831,0.24623588940745636,0.1365229090962979,0.2499308712685769,0.050229836530092595,0.22235618979503086,0.25754628788983236,0.15376359224195893,0.15908666643610087,0.15500081658855935,0.30673251953080444,0.2586186194241197,0.08358706903131072,0.07931337567764425,0.2108570597370881,0.24883382250433453,0.41016319661972894,0.2725584559861049,0.2278967218803067,0.3894125798332934,0.14769261393503244,0.4222324522924024,0.38794125675737445,0.4340830314828106,-0.6290080470508607,-0.5746117018827871,0.2480899679663918,-0.4955536494274489,-0.17797429675597282,0.330028762573278,0.06955708595344541,0.2601380073150075,0.1648540565881058,-0.4180452393708814,0.3447894578181855,0.3224482289391373,0.4011478033293328,0.4484764002736706,0.25404972166444484,0.2503517326654915,0.252430529100792,0.29984771229643953,0.42292382504589104,0.1329575777439994,0.13311396809168516,0.10465002568014672,-0.0474095196084419,-0.15613892391746187,0.34249618914945457,0.38948090750970943,-0.6076813945308526,-0.5492165710870066,-0.46938203493643704,-0.2802376995221864,-0.15843218557768096,-0.23573027031656016,-0.2819645116215031,-0.31822828291319605,-0.3784347347848722,-0.30726500695473213,0.27393516768339854,0.10478833420856776,0.13883516685455563,0.258575218298884,0.28390062612098355,0.2075289417252968,0.2838898284957797,0.27013105108055974,0.22354134288254637,0.11547953316506018,0.3465930660718486,0.1627915038446161,0.22793282930687137,0.04697973143761189,0.2449754789189693,0.13210876779448125,0.30456836764565465,-0.046921549643812434,0.3535539883031556,0.008372749245007034,0.17593540272589692,-0.06919997987124096,0.2905615855454812,0.26061473776146793,0.4097510349289742,0.34704658844701136,-0.642833186496462,0.6801814381817146,-0.7323068708533196,-0.4748324189299945,-0.5877325238822728,1.0,-0.828017346098824,-0.11197977290147158,-0.5240572734701268,0.8859331415321439,-0.8052643633959967,-0.034576883055663185,-0.30278185078360165,-0.44935506278139603,-0.07423699007144903,-0.46516998314231084,0.3579368056911343,-0.4944173216857707,-0.004920764243468621,-0.5312639173181583,0.38500154134848413,-0.5078644182309088,0.2559720092191305,-0.06753920911630852,0.04631873828344783,0.572605344702935,-0.12183043066857974,0.002676060247710995,-0.01877131522125777,0.26557774265276685,0.007862559737582847,0.031058018151211442,-0.046550474800299176,0.2757940764829376,0.013446304024017728,0.1868615788685378,-0.032519401692161144,0.34304454773211374,-0.01151439619130391,0.307057328495586,-0.13392648417069067,0.028121102778231016,0.6112824250699269,-0.20261689166938635,-0.2263042764022463,0.06365066633070983,0.09114017893568699
DELTA_PAKAN_GR/EKOR_rolling_min_7,-0.08331740522724823,-0.05016774642010604,-0.3224219683703121,-0.053383267101765615,-0.08569230753648584,-0.20403320803499286,0.024489912357197694,-0.2037914464370427,-0.3125499239981968,-0.11170422395810174,0.01349858384299314,-0.1274333761869769,-0.18717149449356954,-0.1393237446074512,-0.177043958140927,-0.08187463835936436,-0.20531134995553443,0.010013611928443663,-0.14951598158236615,-0.245674738196164,-0.10384498986605607,-0.11248041054528934,-0.11958389181058468,-0.25749160442262,-0.3206051881482841,-0.11467497472146732,0.07568136241758908,-0.0648421727522046,-0.22346967849314991,-0.36047540103715614,-0.14505694509224087,-0.11341356300278983,-0.4525761926955603,-0.15203811856604071,-0.5415606197643396,-0.45136936846803993,-0.4791285975239228,0.8379831660977571,0.8448642016122,-0.2486475354790524,0.7689524247822046,0.3404269985196781,-0.4205072972399372,-0.0305173655048507,-0.3486994717489688,-0.22047868106114626,0.3024798859355269,-0.4256310691268868,-0.39201905322446423,-0.42427898967293937,-0.4302082211140736,-0.2646639236216352,-0.26318572603761936,-0.27165024797945464,-0.2964582449468697,-0.4039313705975192,-0.13215730274520088,-0.1328291064858298,-0.09880189253638832,0.015531957975909394,0.18024545444707843,-0.425154309801293,-0.3651776652825509,0.8419333510759387,0.8115963109728451,0.7695464861198373,0.5820549094648085,0.3878235254957748,0.3884242437099326,0.42389039236550907,0.43854236149668596,0.5296944914994086,0.42761396101621685,-0.3149633484604655,-0.18582653663977056,-0.17177352880696048,-0.2670719238893795,-0.2691313337645113,-0.2173335471939903,-0.289940431707603,-0.29013295866562283,-0.21149333586638056,-0.14695710672247064,-0.3225329709888337,-0.16370554206987067,-0.19069879472170526,-0.06196198453307574,-0.23118915943723367,-0.14604876208760612,-0.2869805701673641,0.05260573884482699,-0.34883992700024197,-0.04919259074680541,-0.24643663796002307,0.13744861751482673,-0.35843351072862223,-0.27829777123002325,-0.503196615971556,-0.5698186794653567,0.8926641584898396,-0.6001321462728433,0.9300982000776765,0.773355540667402,0.9151929680364129,-0.828017346098824,1.0,0.6196231071934202,0.8761992768947391,-0.8763152744807522,0.9731257539707104,0.416860425991195,0.5043200072118672,0.6065192414019795,0.2363691022217548,0.6847605820048631,-0.34455586468050653,0.6582274224542427,0.16220387992258006,0.7780382889239272,-0.3614525807979277,0.6494962000819497,-0.29979377319722367,0.02080508981961219,-0.028174875905902813,-0.5401865935110413,0.05491883150300567,0.012373704815474496,0.043292802633278005,-0.2791961938072333,0.01438849848156938,-0.03638580753439,0.027031224426593874,-0.20120218627532296,-0.036375712156890526,-0.19112737962824092,0.0004954613752288108,-0.2839549436181969,0.042096760419062476,-0.29481334613970184,0.09981804226041076,-0.01128861252581349,-0.5869866501583176,0.14805986427288562,0.2998846035640744,-0.018545857465233264,-0.03640619275125389
DELTA_PAKAN_GR/EKOR_rolling_max_7,-0.1384551568501125,0.14183645328250535,-0.11687551522576878,-0.228391376059462,0.053979646800483005,0.05514979060480975,0.21157826563924995,-0.16867004009992204,-0.10338576657317586,-0.06601886062625346,0.23743258706274023,-0.059651341340840325,0.10626183892609267,-0.2679722159562132,-0.029150325831468326,-0.013348090379442182,-0.03220677842244768,0.01743056872651994,-0.002015414071905584,-0.1210557072385214,-0.010118406727504477,-0.0609538070498431,-0.037398111766427315,-0.08554063201157075,-0.20245781843784627,-0.14398168194638059,0.17115873931496756,0.14656624460050927,-0.12043559666562054,-0.13647515814867386,0.10973492112015333,0.03952394356789068,-0.17906938496107863,-0.1483784103499776,-0.31547757834194085,-0.1797120726668144,-0.1951784527875455,0.6275369349045707,0.7104946005752071,-0.015289554698113323,0.7188037854648978,0.34176821132183066,-0.13817384182568052,0.004250665493833369,-0.13429068294961155,-0.03231215304091051,-0.017711711925996534,-0.1382432178334531,-0.1632866380644044,-0.15891185960650114,-0.11340520534387884,-0.031130544752325663,-0.03623272493017535,-0.05167220617721559,-0.0637243325494296,-0.10846344124882809,-0.15199343126695597,-0.16399634085321377,-0.1421689358646148,-0.11421148875108679,0.06717628897800533,-0.2227080751912638,-0.06261741437833891,0.6848535745000586,0.7118789939870571,0.7352660150279519,0.659971797090298,0.47251167546391415,0.3604282462538023,0.36392645464160717,0.34395603699885147,0.38131998873160566,0.3092011466105701,-0.12677603554158423,-0.06709225260177729,0.008226478115960873,-0.028461660984201706,-0.08410750771032893,-0.009706897706931686,-0.03753835248736869,-0.11126378702196932,0.0072029702098299455,-0.007675320190052087,-0.06485321061076045,-0.17921521168075968,-0.0857897221207906,-0.16004199890895196,-0.1695209444058586,-0.19616459874299125,-0.15266922866487262,-0.09878236297448752,-0.21818695075093827,-0.19170118928757052,-0.24270311920943616,0.020827529578281243,-0.3015390088517408,-0.20253266585774404,-0.3495513801891219,-0.508680183361124,0.7222189769998689,-0.10971064206998705,0.6409367922350725,0.7565401761986205,0.8368516044723974,-0.11197977290147158,0.6196231071934202,1.0,0.8443394098717366,-0.3557255614588809,0.5959060873712883,0.7690228256337546,0.47028479153204783,0.44367518868096156,0.3182343068334438,0.5717694868924906,-0.15473900454711625,0.4791368797435579,0.29312795967822713,0.6190006880647214,-0.149080256256562,0.43343874621440254,-0.11179097008658831,-0.04552412829284505,-0.0060576739301320464,-0.15161742964956101,-0.03629828191023027,0.03438583760671339,0.018839683807701683,-0.12428184279506448,0.042020929241616205,0.02088816419895669,-0.008881463223084758,-0.051947443231903326,0.033542290849688995,-0.1584922470496504,0.013734403695550084,-0.10292658063407303,0.0365383950286139,-0.08147478180590408,-0.0243771539027867,-0.006893305588224159,-0.1694022337297705,-0.010493349359181304,0.051018910362690226,0.01007528462108162,0.01640193092403077
DELTA_PAKAN_GR/EKOR_rolling_mean_14,-0.12114993264597987,0.03868087387051689,-0.2419914263042277,-0.1326515343424633,-0.04014685262769247,-0.07347803057857383,0.13290465978591143,-0.19461770766457478,-0.25373354676691123,-0.10325135002794832,0.11747133289436458,-0.08709048183915513,-0.05143299520942738,-0.23580101521955402,-0.1022803278138076,-0.04906193729960382,-0.12104206924735796,0.021397826980375893,-0.07595062826094294,-0.23640057111406254,-0.05763296509036194,-0.08789237278160657,-0.09900553446921337,-0.18963589730924924,-0.31309700761787845,-0.1730151472209473,0.1508699616203209,0.04305687633968052,-0.20873392736585963,-0.2886549250453832,-0.018768798074848127,-0.05842973034815684,-0.36612761963385404,-0.1480289485934626,-0.523048494493675,-0.3650362029572668,-0.38944228494035354,0.7617374115626437,0.897028869611791,-0.16477469492114566,0.8530701511753241,0.3645460258280517,-0.33909539245454917,0.01927433752597417,-0.27508455274559407,-0.14275498427009922,0.13899331206602025,-0.3301361772076286,-0.30866280369587157,-0.3272100101375859,-0.3023891368473743,-0.17791115548917352,-0.18427123756919314,-0.19789696914805793,-0.20872804118917299,-0.29401543451614726,-0.1426301790726995,-0.15758054963931073,-0.13875399159733545,-0.06641702666705172,0.10284350443193739,-0.4025998471989862,-0.27904473020714426,0.8217259473436601,0.8393442533733354,0.8430336681111493,0.7673351702205354,0.5506911503026094,0.41314618005567094,0.4210864733124153,0.41540902578015054,0.5146818917550301,0.4230745377440297,-0.2579704275136158,-0.18996572262870656,-0.13567604090593494,-0.18131825561497428,-0.22505852110910188,-0.13826714095747128,-0.2043838207353271,-0.2584821775659195,-0.1243047418479605,-0.13901065066050602,-0.19458811040779211,-0.17585163693130967,-0.13525832714995548,-0.10723055715528954,-0.2085182850425255,-0.19327509678473745,-0.2475969213172797,-0.015766176746490213,-0.3277800819327039,-0.14475695244556755,-0.28769684300985526,0.0867378684149509,-0.4038012177621754,-0.26253141190407153,-0.5049449107583017,-0.634072601833378,0.8639651106362702,-0.34779200908791386,0.8320625763549077,0.8241385414748224,0.9638154406298441,-0.5240572734701268,0.8761992768947391,0.8443394098717366,1.0,-0.6894815943720932,0.8749400971840731,0.6756877613746126,0.5257722970374152,0.5892345921467097,0.2767733694072883,0.685103984863565,-0.311908896228176,0.6406143633674497,0.19701117692861506,0.813285571417755,-0.33207571552726844,0.6401244942469524,-0.25827990465054607,-0.06514365642827631,-0.026916922454172203,-0.3537867829512299,-0.055991192801509625,0.011936312155766245,0.02501982647387913,-0.25966019724937855,0.028763326429040958,-0.012186027985813322,0.014570565619561908,-0.12642688868947083,-0.0001529766014481633,-0.17980014840442782,0.012789350001241125,-0.20395077121781005,0.03507177340828138,-0.24082976465375455,-0.020953729804276365,-0.0274006308687627,-0.3902000352816141,-0.00033389366402831073,0.22391016151362192,-0.02892323892412717,-0.03641366392967257
DELTA_PAKAN_GR/EKOR_rolling_std_14,0.12763323752665076,0.11897428394072608,0.36584028453076933,9.817431491479643e-06,0.20246723576216558,0.27516244013832253,0.09058513194260716,0.18805135751847235,0.39867563586736,0.12014577045240796,0.16192070658724864,0.13882846898003254,0.31272026994218693,0.1861377053413048,0.22040227290690995,0.13536878605800484,0.228980866867292,0.10368457063300726,0.20997703140258397,0.3156146310075574,0.10330468686769592,0.12096868492807883,0.20429042984735354,0.26936603498702427,0.25187071992796933,0.16328800960610446,-0.0020856192288079326,0.14201231971685752,0.28472997787082416,0.43296454027576237,0.24735789822807902,0.26265232120260806,0.45559228807463104,0.11794985040931394,0.5421915498234623,0.4545287759490273,0.5088597170816299,-0.6772207349849517,-0.738343839080489,0.29269050104154976,-0.5940070938825197,-0.19944162838829463,0.3981070134894427,0.0031906462724615187,0.31008421801751546,0.212374335221335,-0.45610372915102587,0.39905518854134286,0.38622111569840695,0.4442470517219764,0.5080152662680579,0.302089064124941,0.3071538377632818,0.31949518627641854,0.33584509273899027,0.47446411946300066,0.11007018950823672,0.12696896333323948,0.10311786239039365,0.039255969656694124,-0.15929445509242035,0.4521449375314726,0.4157763639976222,-0.6882658712022662,-0.6684462983601422,-0.6218306213779788,-0.47150022712693573,-0.23155300200291004,-0.25588274427025526,-0.2801606265496092,-0.29046583283669425,-0.45198664594314825,-0.366668760126482,0.2762184966406387,0.1722157279990146,0.1722198130893173,0.30990873121051554,0.3087322047369805,0.25723762983632037,0.33503557745330476,0.3444325679738112,0.257626756154273,0.1969742839168139,0.3677311790626936,0.1415156262696374,0.1607772024275028,0.0523320969985223,0.20313172012881064,0.15367916328205045,0.27831577992920103,-0.01918972658552418,0.3533923831262614,0.07255884024985872,0.2561884763876372,-0.08610515398042679,0.39336769231675744,0.23518621325522712,0.4509050915939692,0.5506900814380116,-0.7283023004070232,0.5484495161718367,-0.7681188473640201,-0.6140043287113448,-0.7362084141624134,0.8859331415321439,-0.8763152744807522,-0.3557255614588809,-0.6894815943720932,1.0,-0.9033064809612448,-0.09192226804255034,-0.3204835380743511,-0.4771894019289489,-0.07402553350924515,-0.4826714001975602,0.41401553867512014,-0.5505870995428337,0.02717134107804902,-0.6166616840838247,0.4527595742608817,-0.5952692476940675,0.29756676575390284,-0.010780942031542886,0.04660349408877078,0.46521055924806093,-0.0364911564682199,-0.0017699655180193966,-0.012971665524456895,0.3139788041022751,-0.016062725221377517,0.029407191705720537,-0.043388738770193634,0.21108115901742844,-0.003691992649052874,0.15830741382477173,-0.040754212458969284,0.26877791334904,-0.02056916091475488,0.3250473562942953,-0.07461133180534116,0.029966582429707497,0.49348735327401716,-0.11271154675983468,-0.268098910024907,0.08775109465897095,0.11180302601853913
DELTA_PAKAN_GR/EKOR_rolling_min_14,-0.1007892460885168,-0.044599242075341355,-0.31179885356934434,-0.06570005582844858,-0.08491649313946775,-0.20098113890784913,0.04248799840454687,-0.1850323644718586,-0.30567266083503214,-0.08744264260425601,-0.017943226916329567,-0.13417817216389377,-0.19517501263813336,-0.15985022549164937,-0.17447492973976836,-0.08796026010391368,-0.2108495671891426,0.017539323972247705,-0.16924292313298495,-0.2694864792356368,-0.09102675623828631,-0.1020030994636324,-0.12043490493574861,-0.227062304702077,-0.29998503272162863,-0.14209149625464954,0.0717943779001863,-0.0769034925650136,-0.23090056673676806,-0.3554327341425241,-0.15852799695036998,-0.13253797319565597,-0.500182261993648,-0.1361451924471023,-0.5855831886408475,-0.49945294520909,-0.5182019679620039,0.794204595816388,0.8579547880117072,-0.3003809385473463,0.7721657779645248,0.33325820183949173,-0.4685274290479636,-0.033488883775539026,-0.3982469529295298,-0.2701594270996304,0.3364069614536111,-0.4754150318605765,-0.45140583252967253,-0.4554311731807713,-0.4474358352968871,-0.31403770199660097,-0.31792642601342935,-0.3312968566893945,-0.33698719684797274,-0.4203460881352709,-0.10440204475325215,-0.10307700417185353,-0.05904094262046253,0.038388704377084554,0.19253653529495957,-0.48165063347172954,-0.3989809514725479,0.7985218422033448,0.7755102876772325,0.742489868806574,0.6425970040317781,0.4357315869142413,0.39079928914802003,0.4111337205721855,0.41123279832163273,0.5482024132735276,0.4581746252905063,-0.3343802589701684,-0.2556970020946652,-0.25786646946127967,-0.32065092340234147,-0.28693702333295235,-0.2715042835708431,-0.34269375032523275,-0.3341571562296945,-0.2613619468695415,-0.23943798092861768,-0.3268668205467483,-0.13559657776689824,-0.17188040807645708,-0.03518530670351541,-0.20490030338758106,-0.10544048789918405,-0.25676369035740537,0.08359360549261903,-0.31307110795390664,-0.01886103761209106,-0.23437972341595756,0.1648666113134666,-0.3555026586593911,-0.25915943987685475,-0.4806990197204597,-0.5989508645399273,0.8477190289654277,-0.5721533190642304,0.8856586111302159,0.7334518412198008,0.8816456310858212,-0.8052643633959967,0.9731257539707104,0.5959060873712883,0.8749400971840731,-0.9033064809612448,1.0,0.4045221890456966,0.4960401504347141,0.6094874756949386,0.2175596856767638,0.6625815917033842,-0.37438574607736674,0.6617809461817932,0.11451924181841973,0.7956713611132173,-0.39721062394699996,0.6864426741732752,-0.3317019467745886,0.002462195866205896,-0.024798912590494583,-0.515764739739595,0.022725142263026646,0.003154802962369416,0.033625629895841135,-0.30980556992786,0.017842029019849513,-0.055222837291719805,0.024569687554880627,-0.18741983598530676,-0.05858842574088699,-0.17686972051866062,-0.01597944004304816,-0.2672002955740443,0.03628709324670213,-0.3127792729245217,0.08957724984052275,-0.007499508591645609,-0.5614318932670629,0.1262438209145487,0.3389983308471377,-0.0318226576805276,-0.04375922863275641
DELTA_PAKAN_GR/EKOR_rolling_max_14,-0.09813553860028486,0.13837438300986815,-0.059657668722764616,-0.14094560839696613,0.019406907748597248,0.03593999143261418,0.2298245355975839,-0.15757109600214236,-0.07187477267641333,-0.03968340548927267,0.3096700733379089,-0.11033135358896451,0.2112613423823824,-0.1770353468830933,-0.026691777451317955,-0.02888682002337731,0.02944381087867897,0.0995251898185835,-0.031014752221466556,-0.073282505132932,-0.031442564079692516,-0.08162388006965833,0.03751580194325803,-0.1037282935029735,-0.16772273141846408,-0.09346141861270321,0.0805424826852216,0.14833088979849304,-0.07484025152545118,-0.04168122022066267,0.17798224173309177,0.07842561203534269,-0.008900721130391673,-0.20708977693495448,-0.06430532533817378,-0.009048699158104998,-0.02100123094844607,0.441232251300579,0.4919870596196502,0.13706717980467933,0.6549683623787425,0.35819422481499613,0.04968590620020128,-0.07355615498317127,0.027017036080892537,0.1295382271832889,-0.15998608514087012,0.03937943809518203,0.00801049126860141,-0.028386306541664588,0.08059201770078915,0.11311335379276032,0.10485914977089646,0.08745365858179831,0.05265116780665632,0.04044279056431989,-0.20379005950532608,-0.1951095675406914,-0.17099170054938936,-0.0724688620161826,-0.003989409640923051,0.010606836312682315,0.07147359647377471,0.49627909814744836,0.5100236881097466,0.5213690477236086,0.5620041483498364,0.5959482495448188,0.34243105999121015,0.3325249992616388,0.3030168345096673,0.25442356153997175,0.21275570394732657,-0.07021545300241938,0.03314205965443299,0.0674445928582266,0.12213847274476801,0.020500519866469447,0.1272976226342871,0.11930540061031143,0.02671830088035086,0.12124802992834341,0.10180311174036853,0.0863111601316839,-0.23090826558558836,-0.15907734273958254,-0.1952132281334708,-0.2286520248764377,-0.2071958513770142,-0.2135294988772698,-0.11592580442603227,-0.24337130815919616,-0.15486017577171807,-0.20161484108717576,-0.04751702469993024,-0.22151816562198134,-0.23545299415211574,-0.2571397591817335,-0.2028981686747548,0.5188922909302618,-0.07413039704687872,0.45728197675810023,0.5468037587261543,0.6013895061419583,-0.034576883055663185,0.416860425991195,0.7690228256337546,0.6756877613746126,-0.09192226804255034,0.4045221890456966,1.0,0.4590101214407025,0.37525828436051006,0.37312036576699714,0.5153094193251015,-0.07225524815066031,0.3741286618044049,0.3301969927595665,0.5246022036509504,-0.06390872415907443,0.33659463720979865,-0.046482023409011655,-0.03065866304835533,0.0007196117878839498,-0.09352809457532289,-0.001682531198321145,0.06537123995865611,0.018148546590209622,-0.02465609945221654,0.07394788405490471,0.03258485750146822,-0.01786375671659749,-0.1282950322258606,0.026975070015864206,-0.20802828692873454,0.0015623521265452451,-0.1631756161560598,0.05277826857481675,0.02957582047324826,-0.03393457447448793,-0.006814716401691652,-0.14084842354300645,-0.004512604714009829,-0.10558514603183805,-0.004953149237670679,0.00667232511542425
DELTA_DG_rolling_mean_3,0.049327680209215456,-0.05224262280517572,-0.08797910839434846,-0.10090291916758705,-0.0517415432416498,0.060577117576692284,0.2275093764680438,-0.08075574810609845,0.005374215491173017,-0.14239547581868822,0.22498118436633666,0.029348145593492924,0.04216027356203028,-0.0945101702973,-0.21841023384830005,0.08802767352865723,-0.022151687209073272,0.24178020890912424,0.11425870093432736,-0.1850603826665518,0.062462863888129425,0.03395948142054796,0.023989249970853856,-0.14079346558060776,-0.10794581628581976,0.02843875112483797,-0.01712945215495385,0.07706436344594006,-0.026496635390903005,-0.09300211598258731,0.07763196308120286,0.15583713659745568,-0.08705482606322909,-0.21874115620980641,-0.1928433942442437,-0.087218608871056,-0.033731705933353874,0.5246942559414367,0.3969461687901374,0.19603921332801658,0.6958261574834834,0.756891783542284,-0.15991426443039503,-0.378469225644074,-0.14598160846803504,-0.00248107822984037,0.19312587187470376,-0.22575732826631764,-0.12048368251940499,-0.06257266121320346,0.07798791767726908,0.17297960469739251,0.1643610535662905,0.05406056272987821,-0.0010030311083833849,0.07457453893056895,-0.15208046115583684,-0.08170131730863714,-0.016346945949865674,0.08193558852129514,0.04218540453367654,-0.08990757331891959,-0.01003067389166928,0.5274219204316031,0.46583636861404837,0.39262868510303217,0.290098050857672,0.38812606690485346,0.7708674000626641,0.7359896127353731,0.41096508935447384,0.17234696862882562,0.20144012414161575,-0.1767260469576766,0.00015313342301091434,-0.0254753119001206,0.18281925767000082,0.020492197907054567,0.19004743416305434,0.16467580891661646,0.0489513338180095,0.13892851621632435,0.10184224758860812,0.09339974249196187,-0.17282348825054214,-0.19836732496480453,-0.07558630069589692,-0.24906346855401074,-0.04898648020280742,-0.118146536865556,0.07551521650273979,-0.16485635713128186,-0.005800737276958794,-0.11408163870870519,0.12107278014001539,-0.1786747443484448,-0.3355598705596072,-0.33357259776864473,-0.2644223180944442,0.5545150593851794,-0.33695527862792335,0.5723923114276317,0.4940528383428728,0.5128650151847037,-0.30278185078360165,0.5043200072118672,0.47028479153204783,0.5257722970374152,-0.3204835380743511,0.4960401504347141,0.4590101214407025,1.0,0.8049192629736093,0.7828494604776711,0.847007413312769,-0.09145890176362266,0.6417001661863704,0.5342812063658334,0.7374531252366235,-0.08569086637099411,0.531600756523731,-0.39187532095892325,0.09451072543723858,-0.018478079876552755,-0.3622448817230477,0.13740111858922574,0.049904533912175586,0.04960507461707879,-0.0004025641689776546,0.07845392201960448,-0.09001386300227535,0.04887631377461385,-0.17204479667067213,-0.15814202841043246,-0.2669989734346133,-0.05855959604108421,-0.29542233805492035,0.07890980546734291,0.01335987698936872,0.10980890034653915,-0.03328890526393511,-0.36922696254905896,0.17360316785517255,0.2355721928812044,-0.005970811527024003,-0.0022506951914361487
DELTA_DG_rolling_min_3,0.0671017045618307,-0.1952581287924444,-0.19589519612056527,-0.07138119301221459,-0.21350546963136519,-0.058474684311515826,0.1166604146709468,-0.1488587027829717,-0.1373646140987083,-0.16121399822866792,-0.016265231622240948,-0.09051723353822119,-0.1289499246655504,-0.15884328790171395,-0.265113111013074,0.02497654470770703,-0.13273718071235333,0.04077697867138922,-0.03381815908620675,-0.31820824814870596,0.038723501754296355,-0.0849233606498497,-0.1253434857705051,-0.24444294564972585,-0.1382505606412578,-0.03542669085300686,-0.10827337006170197,-0.08575774032644891,-0.10065621375681966,-0.2780236659346945,0.017963325256102582,0.02881893219808177,-0.3262080855466956,-0.1953229207860977,-0.3776327410291335,-0.32673809208679666,-0.2898557821161784,0.522888792888009,0.5437853294582748,-0.07768991511253329,0.6748624084300461,0.5853119434949151,-0.35568755340124336,-0.30885390939144863,-0.3137564129953974,-0.18090992811342896,0.3996393637339961,-0.40481363163289097,-0.3385933305011486,-0.28379333001351925,-0.17939878624570682,-0.09800637985752199,-0.09966209091153401,-0.16144047864629404,-0.21630842919477486,-0.1741655997461581,-0.12395281821512438,-0.06491601693006237,0.018389943709499985,0.14763572151716356,0.19307545618897398,-0.27496451490990365,-0.17405039241414924,0.5329690893043539,0.49994592949272904,0.46475955065755564,0.4076256448809518,0.41837635866701667,0.6191869015078996,0.62274834237536,0.45600620845013906,0.31819276386437884,0.32580123182170123,-0.25823988468135933,-0.21632433055327682,-0.23392044008190022,-0.09486371172119937,-0.5253665524146859,0.013747993094885965,-0.1890269365704846,-0.40499664274350494,-0.04128800677524268,-0.22594072386407313,-0.10029804790580132,-0.1475489079439598,-0.17125663279678421,-0.049614750661193883,-0.22945099713671246,-0.026481728552891957,-0.1377690665297509,0.11520113482247596,-0.19072335409667177,0.053314907508017435,-0.07557910133007283,0.1665158469913661,-0.1792141839259842,-0.3264588254165625,-0.3914220687586108,-0.4155147459077828,0.5649985150289902,-0.35973279830646077,0.5897839723720185,0.49425358335072267,0.5752493761780594,-0.44935506278139603,0.6065192414019795,0.44367518868096156,0.5892345921467097,-0.4771894019289489,0.6094874756949386,0.37525828436051006,0.8049192629736093,1.0,0.2991127174738081,0.7685798085926332,-0.5692577464892122,0.888815488520767,0.07925557787694065,0.7302705877096131,-0.5326624447279485,0.8160948978240885,-0.5424712649953529,0.04808252489747626,-0.0014587257835196323,-0.3877102052358373,0.04467740749228402,0.0252042600371925,0.05333167416321994,-0.4970245313217305,0.03906163458438607,-0.10968777975438672,0.04672676124399502,-0.180806388436481,-0.16832310372484832,-0.25312102225026545,-0.06701414533120752,-0.2790759302766212,0.06013614212318916,-0.5201664773660234,0.08217626293019445,-0.02230738069403866,-0.3927241132980002,0.11255705618165425,0.3436460460702306,-0.06802566579871364,-0.07177718337245008
DELTA_DG_rolling_max_3,0.008684174402918757,0.1273038512363496,0.06578784669577493,-0.0763522250970903,0.16228067956709316,0.1517548014468078,0.2511510381629003,0.039023230907417605,0.13752153328195982,-0.04390048452782289,0.38974315148579763,0.13446893364976065,0.23773257780223908,0.039029771965526934,-0.04594530797259015,0.16458781896310007,0.13109589339855976,0.36757315225021686,0.24067269778126474,0.04198789040029715,0.05088096079576494,0.11555936706844223,0.2036985258784082,0.010087416695768405,-0.054122907173131174,0.11240863176366989,0.10096411210173403,0.24400128316751934,0.06647582202178838,0.11868022303373339,0.07871411795501888,0.2220187821040172,0.18678179552939836,-0.1465753868036583,0.07283149055353104,0.18745173731384676,0.23596934317168866,0.33149708679074497,0.11038935938131607,0.39564380567387825,0.46609053521564686,0.6358647376798195,0.09200467878163311,-0.28178412198066616,0.07462384910858742,0.17484444833475174,-0.08871295380196301,0.038463284291408474,0.14631313005829474,0.18683504691841457,0.3032456688917434,0.3540722212768118,0.370642414050431,0.2600726028262939,0.24060226797060805,0.2967191908471528,-0.10120433733005045,-0.052658037859585755,-0.04461879598330989,-0.011407539437881399,-0.1272379661290124,0.13941719059633886,0.1605957684064764,0.3313336185135407,0.2566737804762367,0.1927421708130988,0.07525750702255944,0.20083897684477164,0.5541124004187261,0.5747298550306998,0.23244473982759387,0.025974378787227703,0.006862597490398201,-0.026523051994900633,0.19363779073991513,0.19624800900426642,0.38453240839491903,0.593669468255699,0.2927375298630024,0.4659017989086621,0.49395963448374813,0.27144821572772115,0.40094294274757386,0.2519891659241743,-0.11365059577460254,-0.14377856543157239,-0.05337201316797814,-0.15565842683502693,-0.051320971265415294,-0.07120288220232461,0.01512143348854152,-0.09050615336022484,-0.05636073319341067,-0.1240283410355379,0.035973004087749866,-0.12545773209024597,-0.1933202036652725,-0.1482323672705006,-0.010048738968314805,0.339033285806021,-0.19264746823317808,0.34361071770324375,0.3094835462030649,0.2757586408887331,-0.07423699007144903,0.2363691022217548,0.3182343068334438,0.2767733694072883,-0.07402553350924515,0.2175596856767638,0.37312036576699714,0.7828494604776711,0.2991127174738081,1.0,0.606021189623106,0.4394731648256193,0.15500978563539838,0.8166090225877063,0.47565779128331565,0.4146580166442608,0.04632456736584621,-0.07756594852491656,0.0974992544972521,-0.04219977059194042,-0.17804874761778802,0.1818864770164503,0.11214262224260954,0.10496161276228184,0.5254112728085611,0.07861209834774917,-0.04729751365515253,0.019978917577172337,-0.10091435706546711,-0.09158674027760759,-0.1653589017261979,-0.0412800327327704,-0.19268529744139992,0.1233522765987635,0.5746559661489291,0.08608664286265043,-0.04805027236903651,-0.18929505936664306,0.1725435485154285,0.037367076613346074,0.04241475386561824,0.05521266654355347
DELTA_DG_rolling_mean_7,0.10314878708704069,-0.017385631841363332,-0.16745367395196695,-0.14132044491872142,-0.020445857934957675,-0.03639353987926035,0.28341614831017387,-0.08237139830213772,-0.16685318676096533,-0.030313432817867882,0.20109962403507756,-0.07455866483320785,0.009974138422267131,-0.0034980950916033916,-0.13366318340553232,0.15106515198401133,-0.08082521494445356,0.2300429961873705,0.13103754415254698,-0.18197199476183054,0.028861946952479622,-0.12021876863146572,0.10432876478413336,-0.2198295748588099,-0.1662611283279745,0.015558759359466323,0.03711888395390897,0.05143568109114914,-0.033587318894240686,-0.20590765270793987,0.023087001970725173,0.15761970188355584,-0.2167634271390779,-0.16117876649928714,-0.3406080793244933,-0.21656626199491397,-0.1485660117784252,0.5848673507851843,0.5659017555208735,0.006248615849970057,0.8436154659794441,0.5963387813469312,-0.2903539285121996,-0.3793583108983971,-0.28121546266630465,-0.11649737674146768,0.24762896957340264,-0.3647609853810215,-0.257465749521957,-0.16942275068268936,-0.02037526657760047,-0.001997864694206188,0.015394664672027178,0.01025650994371939,-0.06392815616683667,-0.0005162585642723561,-0.13441680410570156,-0.11604470675066955,-0.06422778807495458,0.13591848252071329,0.10064664951664559,-0.19689762156687624,-0.10866672694197393,0.6459625407122707,0.6484532153274756,0.6238866560949662,0.39193647973521506,0.4015544495215625,0.645636693894916,0.6851755819232609,0.6668936513505072,0.38389823824547636,0.3180013154805828,-0.3586420759000335,-0.17503653226370655,-0.12662045249085344,0.00612655774979143,-0.09959536263353636,0.03596473420191192,-0.014738288943257178,-0.20114758894901813,0.09135890683805262,-0.060245545630253555,0.04186222206581989,-0.16083965419445165,-0.18882268514506803,-0.05550441354719579,-0.24585755210864566,-0.07367261603648848,-0.19578305704870266,0.0963811164368967,-0.2592432557417655,0.027217295041688842,-0.1462696405737445,0.1873144135220581,-0.23551101155521656,-0.3130234593636608,-0.4876243415981849,-0.42611507435054524,0.6817622177968812,-0.4133372101480212,0.7031728850192068,0.5994222879488478,0.7022093721898791,-0.46516998314231084,0.6847605820048631,0.5717694868924906,0.685103984863565,-0.4826714001975602,0.6625815917033842,0.5153094193251015,0.847007413312769,0.7685798085926332,0.606021189623106,1.0,-0.20111378373090208,0.7904970849502166,0.5104206643931988,0.9079498310705264,-0.1823942279651737,0.6713328204381156,-0.32762057290607083,-0.023219959040536545,-0.018605586262405625,-0.42553776287664463,-0.041125086205819686,0.002101639793834438,0.067962744697486,-0.06528255682115475,-0.022677624513887176,-0.05735053193853005,0.04512968250275846,-0.20253653720587153,-0.0768446562576743,-0.2142795718469769,-0.009544890323424766,-0.2995518910108281,0.039754055075261426,-0.11213605047190206,0.01634838624107053,-0.03265793817239403,-0.4323278674433627,0.02512716154434328,0.33872240260338143,-0.012237890336099093,-0.01626229141323132
DELTA_DG_rolling_std_7,0.004966395396685114,0.2941427260723082,0.26761926825470517,0.05759805877743812,0.409045676525163,0.2622365221194846,0.14857063853558994,0.2272066908208122,0.3384980071029834,0.1392796686237322,0.3734903009427926,0.20990963212201907,0.3632545792717116,0.2752007997515142,0.2750561840622668,0.17654249694825147,0.24354927325861764,0.3535892084704997,0.3074747954214634,0.40308401608053673,-0.0017215058435099283,0.22259204085712195,0.3869602373216567,0.3212678854661408,0.15479830777021872,0.15817759241879445,0.2801281053905191,0.2844982324863648,0.24338956724789318,0.41757948668609096,0.06772547417655476,0.248100351241664,0.42435707601658706,0.1506634188008799,0.3831519219364174,0.42389136563129015,0.46234526879713334,-0.17982081253341056,-0.41929488545304416,0.3732233580912232,-0.2710217416617071,0.022721035264684063,0.30595892906704597,0.0934433765170157,0.2658243728144993,0.21982249523241998,-0.5064999120057433,0.32041810627230066,0.3860325937612649,0.44449017898750326,0.4376887968085193,0.34360242488394904,0.36009484735741965,0.36568147837901993,0.40517090116470944,0.4381760643985675,0.10858188268642803,0.08917332663268261,0.06506288776621777,-0.07883103189182795,-0.3053905904635862,0.3394739701420144,0.2882958328144024,-0.21390099216101938,-0.23387763661284575,-0.2757829117130073,-0.2945513380063322,-0.25844114011750996,-0.12282654581758222,-0.1202314187214283,-0.15145124930526271,-0.25253942762576365,-0.28977968741839083,0.2000794468324707,0.3081196252349964,0.31293101481435576,0.3697999021226007,0.82054778246294,0.2254203404066928,0.49237556688283846,0.8217917197929979,0.22487989877391393,0.5126769132090369,0.30099530205166525,0.13420812990131817,0.0995208724749601,0.09927130326446286,0.1621670758367177,0.1002555329618827,0.1428578549765555,0.038256087625462155,0.2044608819934113,-0.0077799200947194485,-0.0011171722023219093,-0.0017514711604780546,0.11225399013640812,0.20240613829795126,0.286419488453495,0.37394351139950793,-0.2268675887090984,0.1753586493680268,-0.23530103874675384,-0.18127545766830835,-0.3052202166921273,0.3579368056911343,-0.34455586468050653,-0.15473900454711625,-0.311908896228176,0.41401553867512014,-0.37438574607736674,-0.07225524815066031,-0.09145890176362266,-0.5692577464892122,0.4394731648256193,-0.20111378373090208,1.0,-0.710763658823319,0.6785529662262072,-0.27247801467241584,0.9549307504855202,-0.7534174095791469,0.38221374509715433,0.04403046506417982,0.004522966280805937,0.13344511729797895,0.08258043633887861,0.08692127729470571,0.07707130654669966,0.7877309844780502,0.050064044941793145,0.05047368926546661,-0.01361760623869894,0.14208666133333928,0.06025531763508835,0.17714757906503373,0.026739597025116794,0.1663117850742118,0.08720604001473081,0.7914941095256132,0.016263167896902596,0.017309158234118643,0.12530367405274023,0.02862375902666604,-0.16198068520706096,0.12794194295696773,0.14780035188925297
DELTA_DG_rolling_min_7,0.09291295922072185,-0.17788234742072914,-0.24257820478181671,-0.13909220170800016,-0.19791775570994724,-0.15225580691250035,0.14565463534718004,-0.16836506574240057,-0.24607693594684685,-0.06019796776278073,-0.04894756564493879,-0.12923223223508426,-0.1761386585365399,-0.13750974184620415,-0.23781050982901764,0.03859800648567849,-0.18382716980255637,-0.006334733000718333,-0.04680880675483132,-0.3352662615427843,0.04167651053971428,-0.18988972969269563,-0.12427014194508203,-0.30539998497899645,-0.17152328264718514,-0.0516091411548703,-0.10423995889333218,-0.13475499829039625,-0.12416419818755076,-0.33242642208299145,-0.0005900764230134956,0.014539539520818354,-0.4560707427282562,-0.14146726438045568,-0.4908599968015441,-0.4557194573682356,-0.41247514956123216,0.4955224426626737,0.6273942702195493,-0.26224434035673433,0.6974160661958448,0.43061508374162055,-0.4694674401813176,-0.2717469864659723,-0.4301697632423435,-0.30124980645368504,0.4331626527517058,-0.5178389798456379,-0.46349917279093994,-0.40298551266876803,-0.29205406780777815,-0.2727501326580158,-0.25865700199264974,-0.2694072327002498,-0.31906505495690474,-0.2784917761127391,-0.09086870785093512,-0.06266321879919294,-0.00998392904725988,0.18744696289610757,0.2737428750666606,-0.36968121680594435,-0.25762662730903857,0.5488071293729098,0.5659132296568035,0.5804840432128248,0.45782415135003657,0.42921396684717095,0.49136381216556396,0.543898216869836,0.530969736914933,0.4350874728834327,0.39999008134850794,-0.3872486923961671,-0.37789248478334064,-0.35073612798171,-0.27309342921277363,-0.56382748460587,-0.16498833366753182,-0.3572315622039472,-0.6390982861914527,-0.11797745214809058,-0.40248381036583236,-0.18168804791281057,-0.11573059569565859,-0.1537076612446715,-0.018983062104874108,-0.20301660818464354,-0.03115971580160049,-0.1883802988276566,0.13503595485350592,-0.2470918287078847,0.09039389770933029,-0.098333772171766,0.22548674569268776,-0.21214878372413704,-0.28502447042624157,-0.4766632380175776,-0.5368802466923414,0.5831828878504683,-0.35524270943309494,0.6020163179908702,0.5064613565810802,0.6479333901402162,-0.4944173216857707,0.6582274224542427,0.4791368797435579,0.6406143633674497,-0.5505870995428337,0.6617809461817932,0.3741286618044049,0.6417001661863704,0.888815488520767,0.15500978563539838,0.7904970849502166,-0.710763658823319,1.0,-0.027228031372742257,0.7760142668233333,-0.6620025701621673,0.9372677604410262,-0.5134410304477054,-0.04879404340154953,0.0031635694048130773,-0.3353241933453608,-0.10440705927327913,-0.008261789781283299,0.06262630290201815,-0.5180715788063903,-0.027085898994956645,-0.09397407593055739,0.04316311985160948,-0.1794473690048238,-0.12539537059820682,-0.1988182439896685,-0.04253495002676948,-0.26787392456683173,0.03286729731635993,-0.5647569955762503,0.006156107417786659,-0.017593692379434818,-0.3370165088033311,-0.00963158818068112,0.42039056255048973,-0.10253888510609699,-0.11208132068023148
DELTA_DG_rolling_max_7,0.0421256417563317,0.24314747510108664,0.0658463100011683,-0.07052992377110265,0.2859201222008482,0.18635585493938836,0.30688922135901214,0.07973741190118926,0.13826252052367635,0.08929902364492827,0.4297056956735062,0.10620252755756081,0.3031449026944716,0.1367003700753637,0.11048561900170648,0.21947169585429832,0.14116223279720547,0.42125608735778175,0.31848130375860734,0.19345578278790515,-0.01696789774787711,0.0708232949899151,0.3737238476727761,0.10913489429467066,0.030129692700199957,0.09797754358635395,0.21489691974411462,0.24882873117590915,0.1389899274349365,0.18247645901989418,0.055232488729964245,0.28713269439735356,0.28251930496823113,-0.0751540028318624,0.15375023568744406,0.2807788046436031,0.34300746540674953,0.24602676556407488,0.016960764392189607,0.4163458636215923,0.36183829420435804,0.49430516462516155,0.1846961283361996,-0.20273286805066168,0.11689419803860855,0.1933270574255875,-0.2429430386505758,0.1388694819034249,0.2128852376002896,0.3144831878177966,0.401494522472579,0.35646944015405446,0.3818139844370187,0.3763016407451562,0.34579368398728527,0.40197486556486495,-0.07603226114407284,-0.06739498108387203,-0.04134767656236639,-0.0022059418519654725,-0.20265807272685368,0.2024546933618202,0.2209424510540173,0.250186804717916,0.23248816379381068,0.188820404796007,0.027742273749705657,0.06190173213332443,0.3316873122578372,0.36711250851118066,0.3169620738885898,0.021555035883287325,-0.07735565511691389,-0.03648325725102568,0.21627626760165758,0.2537162454374715,0.3966560962314548,0.6256399963327424,0.2974616050667672,0.4839178583699231,0.5952168915811166,0.31793114926632277,0.46340768358181417,0.3141142612831385,-0.08317203523061954,-0.08348342534009869,-0.057960134433799305,-0.09705715753777963,-0.038604626912059466,-0.02456286627696148,-0.00730312044594236,-0.03017674014955707,-0.06422046920387087,-0.110759380648892,0.020379591734979916,-0.08735515222320274,-0.09424931673518139,-0.06712730271008018,0.057567530276085764,0.2672198859461823,-0.1508481797728145,0.2733371575511703,0.2531400460518996,0.221015791459851,-0.004920764243468621,0.16220387992258006,0.29312795967822713,0.19701117692861506,0.02717134107804902,0.11451924181841973,0.3301969927595665,0.5342812063658334,0.07925557787694065,0.8166090225877063,0.5104206643931988,0.6785529662262072,-0.027228031372742257,1.0,0.34960836491440345,0.6607391693461961,-0.167511417401491,0.09327990685310422,0.06886080078809638,0.005470503504279414,-0.17291314706000566,0.09552090896018615,0.15899754906309158,0.1351658618945424,0.6207370577526544,0.09992492500377718,0.011506404973728365,0.0040664983613369916,-0.05008021723588815,0.007647094612512281,-0.07824956662648169,0.008519061630715977,-0.09709738880081574,0.15854677026362765,0.6071352047710499,0.056807292960457285,0.0036664158776211608,-0.18048481163273003,0.08155812872525633,-0.05410345531408471,0.06174988423085116,0.08062778369683557
DELTA_DG_rolling_mean_14,0.04777924448074308,0.023762049764108943,-0.1732730670811111,-0.17102339299843397,0.02574512031968613,-0.03183370863783692,0.27012900253126815,-0.08761299562299457,-0.1665002909420192,-0.0025891394273184374,0.16527285416060253,-0.09264393154192499,-0.03125130410754399,-0.05589240718134409,-0.125621726120562,0.09673887051831924,-0.09336443602247665,0.19875895984214037,0.03991296459443437,-0.20539598796551373,0.02494384110943496,-0.09077924709744255,0.0871696219656937,-0.20253682207517829,-0.2283391718994261,-0.05795983769030354,0.11407704597710497,0.04259742914888338,-0.04338445208620031,-0.19349199913585838,-0.01793055004663533,0.05827860243038027,-0.37817037146643956,-0.09944056968507993,-0.4984401220334018,-0.3774758652530117,-0.31955764992858876,0.6071540521157089,0.7272759630415709,-0.15425030510791007,0.9064518048672541,0.5405295585899542,-0.43428000770717,-0.33368362643586447,-0.39178826388247207,-0.22119895587419944,0.2955916114770703,-0.4953597380129707,-0.40666096351440273,-0.3266160831244773,-0.18449682277479967,-0.17994774164292474,-0.1710597089176675,-0.18025519509763102,-0.17279663207293453,-0.15071624504534142,-0.062491338009894516,-0.0478753661063676,-0.008112445567478243,0.12146991825330954,0.18670800123843664,-0.36900754072714825,-0.2520712604472611,0.6713183796438974,0.6802617700772995,0.6766696610927383,0.602602953071843,0.47752555029944527,0.5557011038138715,0.5817890803933823,0.562734808061627,0.5791390662503184,0.44609328964664496,-0.3837304580715376,-0.3370332274784847,-0.2776164742764545,-0.1740975227278418,-0.16613283218107538,-0.13920026111839834,-0.190209739538389,-0.2819608576796866,-0.08413382071205963,-0.2446024347727807,-0.06029401514674433,-0.0843530498405781,-0.12272759310095718,0.017392727722047464,-0.16663044867098595,-0.02959611951985509,-0.1818071513416701,0.15765159369297824,-0.24061803613431773,0.06167614198374274,-0.16089345971367194,0.25422494136547413,-0.2691587404966811,-0.2572280364164931,-0.4812491802242076,-0.5596766104033558,0.7060497997718225,-0.406077900710242,0.7246387160160765,0.6247165600012718,0.7806767548146547,-0.5312639173181583,0.7780382889239272,0.6190006880647214,0.813285571417755,-0.6166616840838247,0.7956713611132173,0.5246022036509504,0.7374531252366235,0.7302705877096131,0.47565779128331565,0.9079498310705264,-0.27247801467241584,0.7760142668233333,0.34960836491440345,1.0,-0.2937581359534913,0.7657796462672235,-0.4094044976611615,-0.061770478169070324,-0.031495321441126475,-0.4292007842232076,-0.0915781123463481,0.02884391009788315,0.08565452921205238,-0.1848884880288659,0.022534578280528253,-0.08757006659908532,0.04747605889520663,-0.12637763505594413,-0.1087525863738322,-0.1591557444411812,-0.02800765790723923,-0.23772428788533792,0.07702492117357533,-0.18941083883334278,-0.008134946246925265,-0.046147332169089166,-0.4407225400685788,-0.00677811026013433,0.44182811265132754,-0.05653146265866918,-0.062140829112622135
DELTA_DG_rolling_std_14,0.06849668501159009,0.3030190128934073,0.27059579495600355,0.042459700644666996,0.42011014600556545,0.26318416594304894,0.16076677957384247,0.24260337860703837,0.34282667420579094,0.164505397499548,0.39210392558719115,0.21289508548506075,0.3629826189798761,0.31173233250794063,0.28793543155752915,0.2124617425910901,0.24695938468005926,0.35138863072073045,0.3673980477608626,0.41101063637451846,0.008390131389022672,0.1911431050159717,0.3793532469126005,0.29721294627365247,0.15783693235374818,0.17620707291667212,0.2534039629727326,0.30751242773329945,0.2547639026421252,0.41395452185862264,0.08648007662579726,0.31863634426212456,0.4199087202472842,0.14970410222850955,0.3925003050709553,0.41982749382552936,0.4676672956072185,-0.17537842039596607,-0.4351484679793545,0.3575240211017493,-0.2902707798695488,0.015377850551148499,0.30161841753800395,0.10067138942112958,0.26310469549584947,0.2115545639633719,-0.5323667283049364,0.3166806199438233,0.36489102082185293,0.4459760255893545,0.45920722132410285,0.3334338994401078,0.3535839332415286,0.3683961934935138,0.3910033734152406,0.4705891658140119,0.1054996063114615,0.08213755556668727,0.05157079121385232,-0.0222599462029181,-0.29035864014751517,0.34712402405216175,0.2947898122845813,-0.21471431358020895,-0.2313115069492249,-0.2614304500146389,-0.3603195796995535,-0.2466205075327537,-0.11512177813230907,-0.1052566838990086,-0.1129105202923634,-0.27423700169051146,-0.2558116293661268,0.20402563084302414,0.3195683176992118,0.2964909260451749,0.35857756082308495,0.7735118838713655,0.22347122635094727,0.47302143627966875,0.7879472675738726,0.22467941272973183,0.507186944533613,0.2902657492306239,0.12999510367851408,0.09699537282876095,0.09461087180275726,0.15905282098084803,0.1065597087341088,0.1435930906829698,0.0467455711202862,0.2116516033465354,0.022701130841709292,0.03510715630678304,0.012562258382232466,0.15914234921161138,0.20056913634019585,0.2808781989967763,0.4022018764080038,-0.22566652556019492,0.19794695315696295,-0.2387067454248246,-0.1710406642551826,-0.310466623171711,0.38500154134848413,-0.3614525807979277,-0.149080256256562,-0.33207571552726844,0.4527595742608817,-0.39721062394699996,-0.06390872415907443,-0.08569086637099411,-0.5326624447279485,0.4146580166442608,-0.1823942279651737,0.9549307504855202,-0.6620025701621673,0.6607391693461961,-0.2937581359534913,1.0,-0.7685987562931913,0.3816059108968331,0.037548432050440485,0.010585468689375937,0.16083251876751045,0.07050136756209634,0.07262565858982307,0.07574430463730641,0.7465949989238196,0.028914853501361186,0.0544812450528152,-0.018179739576950595,0.1375192828034997,0.06797729568784201,0.177436759338492,0.02767474463294451,0.1689146846422907,0.07480941767168663,0.7445355112254071,0.020131482772831426,0.02742449440309439,0.1519594071428766,0.026946229393915905,-0.15769062284109267,0.13589567542227185,0.1574596915716075
DELTA_DG_rolling_min_14,0.04799461435489717,-0.19726876503891896,-0.2473373125214065,-0.18061926016373842,-0.1951469672896271,-0.18031482343547864,0.11443387526106374,-0.18329087496430804,-0.2439406885290612,-0.0369560399022313,-0.12160985746867346,-0.1705478851307532,-0.23002197197560426,-0.17720436151281863,-0.24352717287977413,-0.0460099988015655,-0.21629338720676608,-0.04389580576382167,-0.16395792247477217,-0.3398856516512325,0.015547568465884997,-0.16278239543802409,-0.16526916504528597,-0.2667830631146695,-0.2142919504409138,-0.11887015623203151,-0.11214680369881633,-0.20769803626476438,-0.15074756945376727,-0.32071096161485996,-0.049705008176126005,-0.09591957179140521,-0.5776860309195208,-0.092971860125526,-0.5633777586447077,-0.577572566233393,-0.5428502234209582,0.43997239263463067,0.6739834164526272,-0.3932445479812789,0.6685481584180456,0.3630445006998816,-0.5601139299744197,-0.2458906934115248,-0.5157802358968547,-0.39447085528988546,0.4639306004565374,-0.6028694647128248,-0.5727005857200032,-0.5309489334306495,-0.4251593537705047,-0.4137830162022532,-0.4082745976128018,-0.42312480025929183,-0.4273340382239,-0.40798262288155096,-0.02985158852351868,0.004562787349710737,0.05762320246165153,0.1829737078407086,0.34872785660676425,-0.47180853093543434,-0.35863860146501436,0.4963856727869871,0.5152630261957953,0.5375433478602732,0.5626633445108487,0.46236431142751383,0.40648844063053197,0.4466970197812943,0.433752827186472,0.5240925937702737,0.4690388416765336,-0.40494193565299785,-0.500940107405328,-0.4792055233678359,-0.41785267499133943,-0.5945677705991941,-0.3128923356547622,-0.4945173932008631,-0.6906100502148359,-0.2732040575928548,-0.5485196286668462,-0.27443116952939295,-0.047849841002741554,-0.11399987944475821,0.04196720093798021,-0.13708188462454504,0.03096550671022864,-0.1561056277650029,0.18202418912591936,-0.2001512242178918,0.14470656115298716,-0.08355831758367137,0.27083166475857484,-0.20179218341936211,-0.22218971519572625,-0.40957987081068814,-0.566107094623119,0.5251147534724598,-0.3329735246473626,0.5460113077968063,0.44677079376511103,0.6153109089381563,-0.5078644182309088,0.6494962000819497,0.43343874621440254,0.6401244942469524,-0.5952692476940675,0.6864426741732752,0.33659463720979865,0.531600756523731,0.8160948978240885,0.04632456736584621,0.6713328204381156,-0.7534174095791469,0.9372677604410262,-0.167511417401491,0.7657796462672235,-0.7685987562931913,1.0,-0.5710198782724717,-0.07816648560839902,-0.004034826889341825,-0.29972975273689406,-0.14127161412269454,0.007010976506565372,0.06471217254167197,-0.568120658788179,0.005465525975351358,-0.11641370596654461,0.043231992077553356,-0.13496204173568385,-0.15787284006743574,-0.14892983872263899,-0.06337878877970149,-0.22534315498046972,0.05162768002038861,-0.6020441517112269,-0.01290467016075642,-0.0256933131524373,-0.309941881470496,-0.03156289982178513,0.4710262828940284,-0.15871894040644627,-0.1692089916295163
PAKAN_DG_RATIO,-0.027017703830841486,0.14769714833517592,0.18241844567902277,0.1976850408637779,0.016262612989735574,0.20359332193121205,-0.0599690801156915,0.12280516200033882,0.030208513774916033,0.01145341610585687,0.07675959227579358,0.12295793755244296,0.33152607249920074,0.10932607349156669,0.18272001750083305,0.12159175611207303,0.2685007391421068,0.03970643699041044,0.12473589669136695,0.06458253005547189,0.1347476399799251,-0.021569787210194636,0.1441293125358707,0.11497045878298186,0.16394892056338292,0.11852432665812238,0.05580363754228596,0.22997641693911872,0.10035386267568945,0.019895883864803034,0.12425446417829193,-0.03777000266172205,0.592262936178462,-0.05802431696932462,0.49139584758276494,0.5910869585105153,0.5854667310900498,-0.1989888527568891,-0.42764147133014796,0.28986630321697493,-0.2861854526688735,-0.6156912898411304,0.5389288524422119,0.2010525430837031,0.4811076532753422,0.4224129621811606,-0.2010837413945837,0.5273292383247122,0.5419181227709181,0.5814833314832496,0.5274388194727728,0.5051929763534497,0.542841409445443,0.5430920363869615,0.5609451945141316,0.49436161126526745,-0.13354170502375673,-0.15046706603217552,-0.18740565484729624,-0.250827650298358,-0.36340965559173205,0.5147748891345556,0.48506461674604473,-0.19717167409225653,-0.21924974277660159,-0.21104934422008642,-0.22082236984179027,-0.30977956362808035,-0.1481872388743109,-0.07759364073364149,-0.11163712243382011,-0.23850421319089457,-0.45863365137948287,0.29519767960642523,0.3925949600985845,0.5071321562328673,0.4580984833406602,0.24155689956515672,0.4370706538114894,0.4670428868879895,0.245669154621791,0.4815391852579121,0.3255242442766557,0.4913883575203755,-0.13135397122247244,-0.05960855672887779,-0.1613545256361214,-0.07517281545140488,-0.20898534338636407,-0.11914959219779608,-0.25316457960205174,-0.11618084540719804,-0.26412824881864355,-0.14139269250988043,-0.29007457698435934,-0.08188401009820394,-0.00063299593004216,0.08318318152846575,0.28627093450699315,-0.22007776077954136,0.1798500523353801,-0.24889687769218827,-0.1754987571871973,-0.24503519412666872,0.2559720092191305,-0.29979377319722367,-0.11179097008658831,-0.25827990465054607,0.29756676575390284,-0.3317019467745886,-0.046482023409011655,-0.39187532095892325,-0.5424712649953529,-0.07756594852491656,-0.32762057290607083,0.38221374509715433,-0.5134410304477054,0.09327990685310422,-0.4094044976611615,0.3816059108968331,-0.5710198782724717,1.0,0.04553121223433548,-0.02378666091134501,0.13469833369489134,0.13960972005571878,-0.4575560074215006,-0.2837344411952208,0.3596168556640879,-0.5260123494146246,0.15158421290047996,-0.006348295991235875,-0.08798963772875401,0.1728653108827155,-0.009020398753455453,0.10565299680852779,0.009595381143796307,-0.49811434488388157,0.25442152089845516,-0.026206093339924075,-0.009146123246022946,0.14633171278848528,0.021359848349707153,-0.4186601785937943,0.13123167639727423,0.14688984309467332
PAKAN_ACT_GR/EK_momentum_1,-0.01917817623852873,-0.000323246526758142,-0.0326131977567216,0.06951399785777057,0.02088240996933907,0.055474041331200236,-0.09145319544693391,-0.06287389645200199,0.035059202975992604,-0.04023068487963771,-0.07018581486401275,0.02851731248859105,-0.026537273976892418,-0.04717258409030273,-0.09621733440917728,-0.04114408873930423,0.002120232776752525,-0.028403785312700863,-0.031010603435883216,-0.06221701336948612,-0.01111949723755501,-0.022516016183688942,-0.02303036629201519,-0.017500167530254712,0.048137573302860406,0.04754768769049333,-0.07733071495272498,-0.015580052043876871,0.08188368047575163,0.11500569430512578,-0.041567429720983616,0.02886431609221672,0.10543590684112274,-0.1390885655720149,0.08596499413394379,0.10463126304973369,0.06264367774464959,0.2909379062273663,-0.037333771328262544,0.16564013926695279,-0.005688669468321655,0.12096389634652976,0.15498957350115142,-0.08813194736322894,0.16369162835439377,0.16626758161541025,-0.001894930054233532,0.13281068508938576,0.13413633028658697,0.05286387244470956,0.028210836828099314,0.15366984096847203,0.10802707382394038,0.055848008971107956,0.045793094578132215,0.005822158467578682,-0.09665455546715032,-0.07690018136035005,-0.04165082106803251,-0.09610875930389923,-0.033254379710604895,0.0732282290368316,0.018578310676903124,-0.2057754941208248,-0.1807184770981643,-0.14367195036122113,-0.1535767704019521,0.014033193085942993,0.09453320304725979,-0.016991910194023,-0.16238512324481,-0.12853543752854985,-0.06307112100131113,0.4675723986277449,0.24902131075911296,0.16708829581624118,0.14757637300247078,0.06031132826761373,0.14042777256850447,0.14859657483573807,0.16409338596872627,0.07347182219092625,0.21318024341033529,-0.0048173022156155244,-0.11768996155172136,-0.05917364543675041,-0.1210097780764466,-0.11498449818239145,-0.10328899721187243,-0.029503796470050622,-0.11475058481271791,-0.062495507739902416,-0.0954911620666052,0.01979834577608796,-0.12740235500013436,0.018775318231826883,-0.12317169593945677,0.04233010421779288,0.10447115304279334,-0.02099349450489668,-0.24119888557986985,0.06386431589202711,-0.06404195514846966,-0.05349815530292108,-0.06753920911630852,0.02080508981961219,-0.04552412829284505,-0.06514365642827631,-0.010780942031542886,0.002462195866205896,-0.03065866304835533,0.09451072543723858,0.04808252489747626,0.0974992544972521,-0.023219959040536545,0.04403046506417982,-0.04879404340154953,0.06886080078809638,-0.061770478169070324,0.037548432050440485,-0.07816648560839902,0.04553121223433548,1.0,0.6845935497342792,-0.09046537945697301,0.6884427180939899,0.044347480216416754,-0.06554497160179257,0.023832060007455896,0.1364321276897946,-0.0347273779773518,-0.006033681070986068,0.005777349151494193,-0.029735330311982812,-0.14771636819066905,-0.024476579047294875,-0.062082730282021076,0.024519897972054977,0.07643279500176903,0.9336230829198587,0.6429961653477327,-0.09658758612617342,0.661621887867944,-0.12565299370339972,-0.002717449085012394,-0.018527802679926434
PAKAN_ACT_GR/EK_acceleration,0.09334164615464047,-0.08106646609826935,0.04768625242404098,-0.0302568844075851,0.050800359738680974,0.0632302028380584,0.007236187837934729,-0.11818760969683488,-0.016911579411017643,0.03206295442342917,-0.05698117945164393,-0.01186827454838932,-0.046575675015252546,-0.06629635513092251,-0.05116688668140291,-0.03867825599521685,-0.12056041640699054,0.0024604712650696946,0.03923619824789671,-0.010017531132175569,-0.0009054342977303338,-0.04648248756100365,-0.11169152550160319,-0.01683366772478349,0.03168836870396735,-0.09222921522989694,0.022361752845262633,-0.007868933234050687,0.06186087009911306,0.15567023521044002,-0.04333922474585782,0.09776540304881465,0.0017781662460078268,0.00423405694145415,0.012487234608174037,0.0013989054241917958,-0.0024638728813063866,0.036567670701846904,-0.021152111149767595,0.02428427914596406,-0.012368168930085096,0.056007938363480655,0.023557365440021433,-0.036439783182567916,0.00568903390810347,0.005332586141089766,-0.029898729796546026,0.01395680561853535,0.0058885733119963665,-0.009015847040597096,0.002803033901969237,-0.008197447653327895,-0.029915312581959314,-0.035170907008547345,-0.023778898854144546,-0.0005948911413490834,-0.00034546295865988877,-0.007159687459613529,0.005557478206552355,0.002375775620247806,-0.010427154459045847,-0.0009395042809870852,-0.006803069267791017,-0.333027263818485,0.04038094907107266,0.04491111637744379,-0.04195765921883584,0.04231894437670524,-0.029452146425200932,-0.07873694982860248,-0.10186957511919166,-0.05869943817421579,0.023423679899950624,-0.011203249659530167,-0.06401856083815476,-0.02941570299378485,-0.0045428405342468866,-0.006881434241158221,-0.00419547203379145,-0.005325249934515063,0.01007498226127517,-0.0014339663444530512,0.0216105595348577,-0.013696080332181271,0.0009012378413854598,0.023917199141335638,-0.031221750522954315,0.014946690822881461,-0.014797906068369754,0.00904212568354517,-0.03796137918082453,0.019335998350387334,-0.020785795468190777,0.005639436894312467,-0.03463325208950259,0.02919987138652976,0.04061758659986592,0.04859793795399533,0.019435068729399995,-0.09252958086907805,0.00331396865341721,-0.050275290716977665,-0.05630794483094284,-0.036666598946512335,0.04631873828344783,-0.028174875905902813,-0.0060576739301320464,-0.026916922454172203,0.04660349408877078,-0.024798912590494583,0.0007196117878839498,-0.018478079876552755,-0.0014587257835196323,-0.04219977059194042,-0.018605586262405625,0.004522966280805937,0.0031635694048130773,0.005470503504279414,-0.031495321441126475,0.010585468689375937,-0.004034826889341825,-0.02378666091134501,0.6845935497342792,1.0,0.0019846751816922485,-0.004102665468717155,0.07476604385043796,0.01921808730207916,-0.018117824505454183,0.11886065324827995,0.02067162090179049,-0.030254737950920173,0.07418655741970534,0.02771146152276041,0.01979941224351545,-0.008923606497419431,0.09199616761783791,0.08191326252221648,-0.00648856574410893,0.6402306499520255,0.9408491595247886,-0.0006691291888600437,-0.001629767007859721,-0.04572815102049605,0.03472055552691033,0.029301176570313333
PAKAN_ACT_GR/EK_volatility_3,0.051194773799871626,0.0951370629917867,0.14952209900545618,-0.024184482540765665,0.13205924376713213,0.10247599388941475,0.08714947993354569,0.18896410730481436,0.13145723946852955,0.1150395081882057,0.1200583491344779,0.12018344354037841,0.19877902971247055,0.084509572249866,0.1440233537238411,0.06759445699374501,0.18571242451090023,-0.05516795223637563,0.13732960298878247,0.14881683702263615,0.10815221163187226,0.019601385068584613,0.02509111571486692,0.1177867773388722,0.09477217910177317,-0.0134760204158832,-0.0033620480486226917,0.11500687802970529,0.06847232762539968,0.26571388738180934,0.16495499914209502,0.08554890277653786,0.1331897502077866,0.20653369772202163,0.18213415498799354,0.13419331588674427,0.1235015543828515,-0.40390276044899365,-0.320057263829807,0.028788807195153615,-0.4225443236608131,-0.24511857284546182,0.10935939986506812,0.23866997794276953,0.13082167587378296,0.0311564680027465,-0.3505529806183106,0.163936169426724,0.14860561611292059,0.1731565435730444,0.09551945173297548,0.021281096407741375,0.03966062880790282,0.028190861854919542,0.06452247063921279,0.06758445434920402,0.13459106903279533,0.05215884009142841,0.022007752556073103,-0.06229234945439176,-0.06482690925695614,0.13377170259234775,0.12505947988598268,-0.3805347137245237,-0.32204140901338424,-0.23186348860133058,-0.1917903378452609,-0.14968125507020755,-0.3105050020868282,-0.2681157014518809,-0.312905951461611,-0.2482880771286378,-0.2274060318287133,0.40649710132293265,0.07813757585422003,0.060399786830065215,0.030922825336183995,0.139460663977271,0.005848159482850286,0.058197018698654054,0.08396811346051884,0.02012544177486483,0.023129447723583822,0.05870407082146506,0.1471310587916667,0.1278313101871862,0.10432721796305232,0.17618142511694437,0.05964329172167826,0.061334317353963524,0.030948643470742734,0.11151218156564704,0.007227821575902201,-0.011374323123826085,0.028434804055743626,0.06647062855336307,0.24328572371186907,0.19199125959628802,0.14763586900096717,-0.401167167655603,0.7277847270088308,-0.5537479456010354,-0.20797070979280216,-0.3575116351697614,0.572605344702935,-0.5401865935110413,-0.15161742964956101,-0.3537867829512299,0.46521055924806093,-0.515764739739595,-0.09352809457532289,-0.3622448817230477,-0.3877102052358373,-0.17804874761778802,-0.42553776287664463,0.13344511729797895,-0.3353241933453608,-0.17291314706000566,-0.4292007842232076,0.16083251876751045,-0.29972975273689406,0.13469833369489134,-0.09046537945697301,0.0019846751816922485,1.0,-0.14339620400860253,0.02064935141244682,0.03305798645018272,0.14158923665738832,-0.022790319549114365,0.07115441879198202,-0.0277655829816216,0.12664449825847715,0.14432039321714601,0.2279776921662325,0.06833569113784502,0.16238443636763328,0.015427995393601993,0.13363321775733805,-0.1106477913548799,0.003524632140030823,0.9437946368089947,-0.17877165653963115,-0.09672256949340292,-0.1339898343095074,-0.11644628390058023
PAKAN_ACT_GR/EK_trend_slope_3,-0.12934651182261697,0.0779419514740818,-0.09036892916675768,0.13884571460078723,-0.0022995213541344124,-0.006907027673474748,-0.12611771157240925,0.0037698523913195048,0.07937087414803579,-0.102246090075131,-0.0416759185501411,0.053631586702088306,0.04020175129163739,0.005883904227884833,-0.08082992646038656,-0.03777997934636658,0.11008123015544449,-0.04975686156671165,-0.11726422390873692,-0.10066945263426971,-0.04911531917989327,0.007028475550699187,0.053993754867909007,-0.000884330967018879,0.03514977901559819,0.1572068257930489,-0.1203414676647901,0.010607993695815977,0.043354232411821764,-0.023529909157079323,-0.04109492100570122,-0.06470770411606304,0.18333751332764545,-0.2575746625857629,0.13519848106142385,0.1823230415504676,0.11618710887102515,0.3830904097154391,-0.04321605940205532,0.24220881383871,0.001017284608722601,0.10343359308900121,0.2542059272243772,-0.0710995530405707,0.2708950926899809,0.27471206555937305,-0.02727885211726448,0.23732518159906563,0.22435839239893096,0.11102853936886657,0.06029798644339184,0.2588611929940566,0.21357216993978242,0.14142444215973402,0.11041344222594845,0.021141463014796084,-0.2129562625663698,-0.17077377161042084,-0.12793508028317613,-0.19186532264463255,-0.07579342994360967,0.12391557971816046,0.04256147683398247,0.06302145831207226,-0.29545625552935906,-0.2444236570221011,-0.16057637316587658,0.009523517627201642,0.1533372273011678,0.04257581292956935,-0.14580617429394616,-0.14285310949868532,-0.13259773869311467,0.6789471530099197,0.44374450365586354,0.2972568124816536,0.24624355125589573,0.12361888094145489,0.23211336377791136,0.2506251548733708,0.2708108228580011,0.1250392082400498,0.3367270351139236,0.01494481193226085,-0.240310238590064,-0.18840545639317466,-0.2094829848409491,-0.2418003847430846,-0.2044391514262369,-0.11704363259535104,-0.200966761069929,-0.15218638844131416,-0.19047321732383754,-0.03512211236268516,-0.22603299974609706,-0.03223917585254389,-0.23254896454997956,0.02264988028928904,0.15433848041735138,0.07113027284343597,-0.3342178178589127,0.14448963297928008,-0.023250651910439065,-0.033195309311789066,-0.12183043066857974,0.05491883150300567,-0.03629828191023027,-0.055991192801509625,-0.0364911564682199,0.022725142263026646,-0.001682531198321145,0.13740111858922574,0.04467740749228402,0.1818864770164503,-0.041125086205819686,0.08258043633887861,-0.10440705927327913,0.09552090896018615,-0.0915781123463481,0.07050136756209634,-0.14127161412269454,0.13960972005571878,0.6884427180939899,-0.004102665468717155,-0.14339620400860253,1.0,-0.014576525294207629,-0.112193447959816,0.07858046372726879,0.07877439097699086,-0.008234737618606335,-0.014179198953812783,-0.10266322724116823,-0.014068398016556209,-0.25871798749402936,-0.021597047399243802,-0.18691104613764875,-0.04545002467589651,0.14143812521553772,0.6346369479232181,-0.005144643348984813,-0.15671136270118174,0.9491492279644966,-0.23850415874773778,-0.021201311331747623,-0.02909295967784526
DG_ACT_momentum_1,-0.01972571291207539,0.022209189061532818,-0.04807427762669932,-0.036285229138271806,0.12667585607159929,-0.0479523575520841,0.03314323202991247,-0.04018321867478445,-0.0037124253976871763,0.03815194617504761,0.03567507663319425,0.020005588707622358,0.03017308791878902,-0.07458658200480212,0.07391852269263452,0.004218174450307778,0.013099913822097485,-0.056469793435936756,-0.06958350069710423,0.044023083137708,-0.08329417775079442,0.04009942357852127,0.08353306243474588,-0.15879536804875768,-0.03999415429614663,-0.009287530281436703,0.11719314154166775,0.0320167829750938,0.02971884468962262,0.10883228660213697,-0.032214564598289454,-0.006655627125536812,0.03172217159275129,-0.022458962197296223,0.02879515219725848,0.030502151075687645,0.014437623528509374,-0.019589530883615338,0.013075864188190347,0.27859901034500156,0.074343341146359,0.6192868427323559,0.08686405264101411,-0.06760678798845911,0.06233468438446622,0.08264327021306787,-0.0052671947051757565,0.10401345292185218,0.024227938666407756,-0.014885718841980736,0.001553148981935594,-0.14777126194070142,-0.007582059917978476,0.016307337430150767,0.029330539264417095,0.020350785123309956,-0.034566077073958874,-0.04494183286960205,-0.024328404046645172,-0.060296442913026944,0.016661369660111346,0.007760624189130536,-0.005914388778819972,-0.027282285940829324,0.000959405563480695,-0.022027377609215564,0.0324163765614159,0.01938920611738976,-0.5005877170252655,-0.09499390496864869,-0.019488123841478293,0.06816605603431042,0.07663570320866657,-0.02130758072193123,0.025904573009003475,0.035855224287601406,0.044870768689285634,0.17292421632139857,0.017923436569177567,0.08786073975025975,0.19118398578025947,0.002308408974675659,0.11892575526908886,-0.005446322968928939,-0.03772232600192209,0.009517133196918017,-0.06878029771305894,-0.013969586582120625,-0.05269718599833309,0.022742189258819684,-0.09100771138620055,0.006709303325202445,-0.052023540006839356,0.029198741368512283,-0.09610957189386576,0.028031566170359373,0.01743195925070344,0.05557463909458656,0.02710567279273015,-0.015160969565606934,-0.03520422823622889,0.0003404044477859031,-0.0077615252943851725,0.0023254217244565857,0.002676060247710995,0.012373704815474496,0.03438583760671339,0.011936312155766245,-0.0017699655180193966,0.003154802962369416,0.06537123995865611,0.049904533912175586,0.0252042600371925,0.11214262224260954,0.002101639793834438,0.08692127729470571,-0.008261789781283299,0.15899754906309158,0.02884391009788315,0.07262565858982307,0.007010976506565372,-0.4575560074215006,0.044347480216416754,0.07476604385043796,0.02064935141244682,-0.014576525294207629,1.0,0.8221057820168208,-0.009575631770604784,0.6375585753375594,0.029761700834639377,-0.016903065553932336,0.06915087110425804,0.04990801281892316,-0.011595982068814901,0.017173329543137297,0.02674380094601461,0.9779020496813924,0.1818270486567855,0.02275039958256157,0.04266570044577102,0.012688865416453195,-0.007165917141642781,-0.13306953785718442,-0.007626602849161271,-0.008695356307284378
DG_ACT_acceleration,0.047806501875092895,-0.03901202936996595,-0.005890531835426184,0.0136578555286233,0.15357063744818933,-0.0060115669673742045,0.10509949852507654,0.05380711815892407,0.05004014262460158,0.08940950779917606,-0.001734793263341005,0.08890736024233678,0.1341399813725869,0.040184842722875286,0.09956262979156154,0.16956567746193968,0.1086274222058223,0.07274038908116755,0.059548241793043,-0.0063470158750070504,0.0066742724774365445,0.0013224755442801648,0.11056336374635971,-0.18169425029693284,-0.045580750277699755,0.11788244191287131,0.11864495103682414,0.04486120768737154,0.10099943175428683,0.10284190329951783,-0.04850026732551275,0.053667602502137646,-0.04728814123834901,0.07448069587808709,-0.0436899874319399,-0.048499154015742764,-0.02452361106613069,-0.012879870917146532,0.01953587074022029,0.09657217048117868,0.05362663296050966,0.38233378390198963,-0.08607073052481362,0.006441069023916954,-0.05873774004766117,-0.04601255049576925,-0.00629429172874451,-0.06796845201220988,-0.05528900555577776,-0.02713430213888959,-0.010375940452631065,-0.2622939738557223,0.04578934237862062,-0.010075657759678136,0.011418678640393061,-0.004044469145679434,0.0337872905385326,0.029425329355313785,0.044225435023557816,0.03848833322282113,0.016813650851784382,-0.028047770219474032,-0.021889116094903814,0.02738309939655291,0.04932456271146939,0.022428790764382256,0.0514943752428577,-0.00904624441088749,-0.58464422167763,0.2749391547880774,0.10755661065472015,0.14678901917916298,0.029466008329239207,-0.09659377400783545,-0.08517817578731576,-0.06081202915305118,-0.0406883458541478,0.06036264252463869,-0.037720020328190176,-0.012898621784544545,0.04557065057132065,-0.021835477543575493,-0.009975318950401905,-0.0034211212342253276,0.050291547674061715,0.01876493938566193,0.05590585976381807,0.03681833112357557,0.03459935090470552,-0.0005822278241417665,0.05426928217320448,0.006319003039363759,0.04793335538523652,0.007255898486439274,0.06467617660030668,0.017049373616652846,0.04278789322900557,-0.020569729912898623,-0.04601164931693068,0.02295403802367373,0.0020226072470274385,0.02843044303130053,0.028576113561183513,0.029243462596304795,-0.01877131522125777,0.043292802633278005,0.018839683807701683,0.02501982647387913,-0.012971665524456895,0.033625629895841135,0.018148546590209622,0.04960507461707879,0.05333167416321994,0.10496161276228184,0.067962744697486,0.07707130654669966,0.06262630290201815,0.1351658618945424,0.08565452921205238,0.07574430463730641,0.06471217254167197,-0.2837344411952208,-0.06554497160179257,0.01921808730207916,0.03305798645018272,-0.112193447959816,0.8221057820168208,1.0,0.028993902940981114,0.11771420798654768,0.03424757821442694,0.03635847956358422,0.06359789315795646,0.029466481945660424,0.07324693793599438,0.05112612826125124,0.016649098816028426,0.8412861361419633,0.050630151602135666,-0.06752966135262767,-0.015404967504605049,0.021705391849491707,-0.08266063879939994,0.09344442366475715,-0.006730505312115383,0.0016980789569277196
DG_ACT_volatility_3,-0.015893170240099057,0.2382645124683346,0.13051138403100943,0.01318662431245508,0.2350657442790666,0.09827435656079285,0.15306622399862074,0.12312890798943456,0.2269536544292995,0.06586873069082362,0.23316638305738693,0.1233380432196557,0.28947131436619555,0.16808648719324853,0.13114571434818714,0.14753718275823602,0.1768743655272646,0.23444887680317592,0.25413001130783996,0.25130663009606213,-0.034072058140727814,0.08973822034582207,0.2863327197894715,0.1993975674375214,0.11979724246919755,0.1275612659589352,0.09838843344076684,0.19369293441061486,0.1385445599240835,0.2642201713393396,0.03418354114044289,0.14176295026722407,0.384305627352906,0.03279293670367681,0.3369679733609728,0.3851045060508384,0.39846262025060425,-0.12687968381499332,-0.3526695553266299,0.33442065228696843,-0.17479028472088293,-0.010513441991562407,0.3209854572217571,0.00023933399316912154,0.2855698138769616,0.26310412854806525,-0.40854468081294926,0.31948202289231203,0.3745405813903612,0.35055848654408045,0.3648506728617286,0.34749449928149945,0.3798343468479751,0.37226699813555647,0.3323437056217908,0.3412691291977221,-0.014423480729486819,-0.03004372320205999,-0.055531045423780366,-0.10314727499655761,-0.27350901451812565,0.315708682453686,0.23712374736173178,-0.13044170396231164,-0.14534150693069722,-0.1895474226005808,-0.26897774822881276,-0.16154576197210493,-0.027008433224412244,0.03475644463954597,-0.013514533807681165,-0.2571089998496366,-0.2763997835340281,0.14345504406167853,0.3476175526212196,0.3406043621677911,0.3645307803013397,0.8295850393972948,0.22051585689358216,0.49060696311648905,0.7001472352274796,0.24362559923883376,0.5198289623516266,0.24596037187909797,-0.0034286790461844786,-0.019995452222713095,-0.0065066607204178955,0.009344833882609229,-0.02152817874880699,0.01508468323126666,-0.059983529381580296,0.04224548020649542,-0.07956806493929468,-0.07028870991571695,-0.07379067360527095,0.010726323515540202,0.06380603656425687,0.16484240781216283,0.3228021241478762,-0.14162145144756694,0.10628090270356473,-0.15134929303052894,-0.11603122866369871,-0.2323170295871962,0.26557774265276685,-0.2791961938072333,-0.12428184279506448,-0.25966019724937855,0.3139788041022751,-0.30980556992786,-0.02465609945221654,-0.0004025641689776546,-0.4970245313217305,0.5254112728085611,-0.06528255682115475,0.7877309844780502,-0.5180715788063903,0.6207370577526544,-0.1848884880288659,0.7465949989238196,-0.568120658788179,0.3596168556640879,0.023832060007455896,-0.018117824505454183,0.14158923665738832,0.07858046372726879,-0.009575631770604784,0.028993902940981114,1.0,-0.07693661277426382,0.07200804929167233,-0.005861456372570821,0.000555795497854757,0.09292187153231582,0.05340854251404064,0.05462645683944186,0.02889169610723717,-0.01780064579136215,0.8099417488962923,-0.0010394572939245335,0.0039049525178350727,0.13772038748244317,0.02158718724947004,-0.2028596765513915,0.08451589347124704,0.09619226502606833
DG_ACT_trend_slope_3,-0.062471604769966535,0.08659912831548634,-0.04207742177011849,-0.06563507705254694,0.09324977695607145,-0.042780511382915214,-0.035674746067070155,-0.08895525157197202,-0.03474291454753631,-0.02804575851303207,0.12288075079513337,-0.03208636207170904,-0.10250770802152674,-0.10836669420568704,0.025858205955666094,-0.15149475710133925,-0.12369609077654496,-0.11105770453054135,-0.1677301939831461,0.09862387053106576,-0.08980019872777019,0.10731922115974876,0.03393135090189931,-0.020223882662672672,0.0024412838983985043,-0.13972478286429738,0.12092427397917564,0.02163134092313943,-0.05069103636740312,0.07463608403683054,0.04664497900440602,-0.010538201336950959,0.015678598926727953,-0.07207472255330541,0.019635899197467006,0.016039302876396808,-0.017464096518021586,0.013390041784162464,0.04179237170636174,0.2819339689340555,0.0790562242580651,0.6386686938231696,0.0982888051647316,-0.1087180286694522,0.06706512713452668,0.08811775276145455,-0.0044107317136624835,0.1112260316204048,0.021683339080294992,-0.05607963433462728,-0.03489819142419112,0.013413073610279595,-0.17031413713679472,-0.03719894151620857,-0.02869757396201178,-0.0002633727099809153,-0.02494649654067817,-0.04890283011148144,-0.039719772545891645,-0.12241856653883532,0.03468543830498717,-0.02053902421028831,-0.03485271823203944,-0.05177617907912273,-0.031888017246765925,-0.03782861747955373,0.016665043986741547,0.07167591882025591,-0.02676028758447047,-0.5284093771329046,-0.13666696789817837,-0.025212982554194026,0.1582732186830561,0.01762049386898622,0.043396208183073486,0.031778703148300204,0.045769178356016606,0.20894816854782317,-0.0038922897188649174,0.08426195121093188,0.23088648363488048,-0.03550382379452846,0.14271864412140206,-0.050652073984586925,-0.053229665357104536,0.015071196758408083,-0.09297448441281016,-0.022481832594448633,-0.060082188316542225,0.04763531308664071,-0.11101102807270709,0.025903965893871655,-0.07662796000015706,0.03319965924840172,-0.12562614727027294,0.025071435695360123,-0.008312881139330876,0.08356902664551497,0.03354522254979525,-0.023861710591473913,-0.07482652866172672,0.0034690912969018717,-0.028808450245223133,0.0011660685663304538,0.007862559737582847,0.01438849848156938,0.042020929241616205,0.028763326429040958,-0.016062725221377517,0.017842029019849513,0.07394788405490471,0.07845392201960448,0.03906163458438607,0.07861209834774917,-0.022677624513887176,0.050064044941793145,-0.027085898994956645,0.09992492500377718,0.022534578280528253,0.028914853501361186,0.005465525975351358,-0.5260123494146246,0.1364321276897946,0.11886065324827995,-0.022790319549114365,0.07877439097699086,0.6375585753375594,0.11771420798654768,-0.07693661277426382,1.0,-0.03697314259418287,-0.06526535341867856,0.07266299746473784,0.011045529852479348,-0.06550470568372811,-0.05061821103002678,0.04439704814652495,0.6205151748850686,0.22236117301985253,0.12032748868888975,0.10640707174436448,-0.02695151790579555,0.07595380961774535,-0.14313156110482506,-0.000921756851552167,-0.012998782175314583
MATI_momentum_1,-0.00696878855228394,-0.11784516040152972,0.03441131951550401,0.06121643352025121,-0.10023543690419258,0.034726864302400025,0.006830322109215528,-0.14184663534980574,-0.011471861272506254,-0.12640468106349026,-0.06874284699726055,-0.016626836241353842,0.011135277952286554,-0.11789174682811393,-0.10740557551153411,0.026740562047704253,0.01079647012956812,-0.14955191987923244,-0.05156944871906184,-0.0636107496016124,-0.05503612954879019,-0.11968421047302866,-0.10786567768500824,-0.08477534978629639,0.027833267476135477,-0.032425519784377126,-0.02346749220406147,0.011944073775316415,-0.11841701502885255,-0.10283593293464105,-0.03655655959098899,-0.1031702262883764,0.13575336804396287,0.14587298897414658,0.061975288040740366,0.13654391368415145,0.08949842988969636,-0.0143510900093348,-0.024227578016564635,0.11389785165972943,-0.006787447597501937,-0.07714121149555418,0.21066690331490215,-0.008998542997737502,0.16690940687939887,0.164954058028869,-0.057972232925511555,0.21074017802034956,0.15715781770941145,0.08092418356072346,0.03919166376302461,0.10592333049653592,0.13165812398438778,0.13114167657000733,0.060350847217451105,0.0522987176230325,-0.5827516162344545,-0.3496112530203926,-0.368065048732468,-0.26608123055522964,-0.17210507744914752,0.06693943685451192,0.026425323376834547,0.02439376811356164,0.03857966314713503,0.006859991804669085,-0.03206006182437689,-0.0695363641295909,-0.1090202678754759,-0.02279420707973007,-0.008614949319678558,-0.14773687057497878,-0.014305408219803795,0.16822995698760831,0.19532577635567305,0.19489847319978534,0.12102668553694615,0.03651165623863563,0.11831770288086545,0.11615536249979348,0.11670720427108935,0.10123130978388874,0.1866803834973885,0.03314027321860536,-0.2952964695097205,-0.2826786161088408,-0.24939882102940075,-0.23731581298986976,-0.33663939288896033,-0.28354699542880774,-0.2839244934629802,-0.20734721579754495,-0.3411943857678549,-0.2682668424220294,-0.2922159937504676,-0.1597528514166112,-0.03640296182519774,-0.07998132830348087,0.014495604617642372,0.014730208311101315,0.14986968498803108,-0.028239185330264996,0.07456917124228378,0.0029561287693522925,0.031058018151211442,-0.03638580753439,0.02088816419895669,-0.012186027985813322,0.029407191705720537,-0.055222837291719805,0.03258485750146822,-0.09001386300227535,-0.10968777975438672,-0.04729751365515253,-0.05735053193853005,0.05047368926546661,-0.09397407593055739,0.011506404973728365,-0.08757006659908532,0.0544812450528152,-0.11641370596654461,0.15158421290047996,-0.0347273779773518,0.02067162090179049,0.07115441879198202,-0.008234737618606335,0.029761700834639377,0.03424757821442694,0.07200804929167233,-0.03697314259418287,1.0,0.4128719790037255,-0.2684376598309568,0.6084304407682822,0.29152676211405154,0.7568176719803851,-0.044315976260532866,0.002618440863887829,0.03631726898882048,-0.07993200778262126,-0.0014292396156140449,0.07978476228983646,-0.048892218133781494,-0.2465308942086611,-0.0009046899835065796,-0.003936912074598018
MATI_acceleration,0.030222519283852375,0.03678000645590946,0.2351851053269331,-0.03307169235734713,-0.038859608619625965,0.05864846502987539,0.005256292684880798,-0.042519650935642826,0.06893144876323878,-0.07386397325386958,-0.0727345846105558,0.11016168049803667,0.005084144291362522,0.07376913760306618,-0.04491618960885767,0.1293446247991601,0.12179283555643576,-0.05180842785214144,0.046551440107657965,-0.09491935343311,-0.03366379963090474,-0.06656233386164509,0.034228515564548916,-0.03534284775945829,0.10852695308924615,0.1620465233159521,0.003307956327865059,-0.10758560796126593,0.12723790853521535,0.10730321946347218,-0.030983759807615797,0.08398691130743395,-0.059883591393854345,0.21099135167505076,-0.04217953736743574,-0.05771853118440537,-0.03719460773781461,0.020219313901370172,0.01246991764697663,-0.06245326980035658,0.009955509869593735,0.005408996549519485,-0.09392219252460032,-0.0017229554298283589,-0.09817804658890747,-0.0941349119697486,0.041313216324632286,-0.09935061626478989,-0.06360652340490533,-0.04060313133762765,-0.018526621005934104,-0.057016538446826505,-0.03093935382614954,-0.0433800708846833,-0.047573773552361025,0.013015771840051071,-0.23332252336141993,0.3176155229862759,0.1623596015287033,0.14216776238952172,0.12400411978604003,-0.019326491444920706,-0.0036591546543453222,0.031269114553670894,0.013823242410438521,-0.014256473857570059,-0.0016977168774124402,0.0005147235714946019,0.022851182653926314,0.08953466554205392,0.046970619557107136,0.0027339009065668056,0.1110863989077026,0.03667434687280873,-0.07214399307148345,-0.07130060979882077,-0.05186007463669766,-0.04706176716097098,-0.04775332119098975,-0.059216631700996385,-0.04235557608762055,-0.04021602792932176,-0.07099124319509374,-0.024398442240069238,0.09953297882697063,0.26021017255423334,0.08349447814265297,0.14341995814909367,0.13493032057124063,0.1992236529688672,0.12096410548830627,0.09761125537659134,0.15366721644736916,0.19749926633415085,0.12742036025317569,0.08146561519788167,-0.19695123887085764,-0.08566658660841059,-0.0697248388201307,0.026389490532112137,0.015695225725566146,0.020597643012287684,0.0401767343104596,0.017492175939702325,-0.046550474800299176,0.027031224426593874,-0.008881463223084758,0.014570565619561908,-0.043388738770193634,0.024569687554880627,-0.01786375671659749,0.04887631377461385,0.04672676124399502,0.019978917577172337,0.04512968250275846,-0.01361760623869894,0.04316311985160948,0.0040664983613369916,0.04747605889520663,-0.018179739576950595,0.043231992077553356,-0.006348295991235875,-0.006033681070986068,-0.030254737950920173,-0.0277655829816216,-0.014179198953812783,-0.016903065553932336,0.03635847956358422,-0.005861456372570821,-0.06526535341867856,0.4128719790037255,1.0,0.1441533528316173,-0.1727190032879605,0.12893161121210014,0.7733364125094049,0.010504505206391545,-0.01150378009944441,-0.03762224811220236,0.0015771408511272825,-0.049822557787804325,-0.026853464484502595,0.016885882860248388,0.11982569800484347,-0.011498278596794453,-0.005787629992556603
MATI_volatility_3,0.05712120737549146,0.22344248850050152,0.3475861249014387,-0.033567969079889924,0.33415281814034087,0.30244960931049264,0.0940205925436895,0.25213333922779185,0.2347326785073959,0.16031676732932149,0.10560874069053815,0.2793469427123871,0.12542396343630988,0.1365117802724725,0.28601263157384293,0.17297710646079378,0.15610586779476748,0.15920739531611736,0.18306125258989553,0.363167067258618,0.1447855824117211,0.3251757381869616,0.16829228756110692,0.19664030001299335,0.028390885449021117,0.1472310917988213,0.2330841025082935,0.0962938400760352,0.2861638998846408,0.35166816247665095,0.07217358911040803,0.2957807797955105,-0.08864926636102348,0.40518099325102036,0.06226250616757917,-0.0875559785980333,-0.0440330792525998,-0.19779867954245922,-0.12420608259705845,-0.11657528001827222,-0.2441758134546779,-0.04999890368001716,-0.19311453118825916,0.1337506221781315,-0.1712474219594793,-0.22603597645099,-0.04869062126090098,-0.17055856701295752,-0.09959808899774204,0.012417121716451016,-0.016631277921025048,-0.15156243221113808,-0.15186450578662383,-0.13942446111959822,-0.022784211020354356,0.004309062923080158,0.5164071300683589,0.5533340987852474,0.4984539160493299,0.2439307556381852,0.1699968055073582,-0.009359665766165884,0.05756074363297483,-0.24628185513860093,-0.1992277743875498,-0.10941210118513672,-0.06218358633332845,-0.11020625110280895,-0.15974020187886065,-0.18364373987170277,-0.18146063499653686,0.027557368431633318,-0.009081161407270269,-0.044162726988236985,-0.2098506599487233,-0.19832534159504417,-0.1443554605848947,0.04002984217160136,-0.16352087745787042,-0.12462635857003168,-0.036861551688074055,-0.12118201602313555,-0.19642596608725804,-0.009574421174832225,0.5553207945306796,0.8142750801555516,0.3083768064043436,0.6970742806627647,0.47879584629281663,0.6779208405874755,0.2562530945321997,0.5738533667243945,0.3792725266904802,0.5335269678135818,0.22889660826747585,0.43003339696954185,0.4251666038551727,0.34392325986759453,0.09123524205954577,-0.2356264422869502,0.14117573779980527,-0.2269346044046436,-0.1946739312847139,-0.17126082237861442,0.2757940764829376,-0.20120218627532296,-0.051947443231903326,-0.12642688868947083,0.21108115901742844,-0.18741983598530676,-0.1282950322258606,-0.17204479667067213,-0.180806388436481,-0.10091435706546711,-0.20253653720587153,0.14208666133333928,-0.1794473690048238,-0.05008021723588815,-0.12637763505594413,0.1375192828034997,-0.13496204173568385,-0.08798963772875401,0.005777349151494193,0.07418655741970534,0.12664449825847715,-0.10266322724116823,0.06915087110425804,0.06359789315795646,0.000555795497854757,0.07266299746473784,-0.2684376598309568,0.1441533528316173,1.0,-0.2863820052316169,0.34546584298697347,-0.0568302304521836,0.7063905455786633,0.08751950598612261,0.03527490083841491,0.03044606080256043,0.07336004994071092,0.14255462295326238,-0.07324885436510244,0.22941185651900095,0.0463371369701504,0.05148916158143683
MATI_trend_slope_3,0.029298398196985025,-0.025204823678682604,-0.14436131394414042,0.1414738940078558,-0.06941077842406715,-0.0020420701365366856,0.030652245887341712,-0.10127320904089814,-0.12083069780076042,-0.05568613318447202,0.015317795706365503,-0.13785711259344724,0.011955764739981806,-0.15918383286602525,-0.07743163340713835,-0.05942343099186817,-0.07820113689829192,-0.14456176577954205,-0.023296889083570364,0.05129408444080689,0.057207427092626266,-0.05019247539050966,-0.05135558359547808,-0.09902498132673049,-0.03957092690964231,-0.0865496985499059,0.04901564877276871,0.10694818946783692,-0.19790769000224284,-0.19963938440712103,0.00782931785680857,-0.14303988162592599,0.1971609677908462,0.1342336498159537,0.08013461369232434,0.19648900763261298,0.12094244436150961,-0.012554476869613742,-0.01088655837951314,0.1768819346401374,-0.005305987945341966,-0.1031243447336278,0.2900498709665125,-0.0017736050071133005,0.27876496895688024,0.2711235505362337,-0.06634254354026957,0.29874444396908023,0.24332162788885237,0.11973351436759491,0.03361219030262779,0.16220610873100808,0.1768983608675308,0.19824040708978596,0.09744541540782206,0.023264101486205925,-0.30200230656391497,-0.6856899080894283,-0.5285298605399051,-0.3868863012680529,-0.2503311145021545,0.09252296714042717,0.03470804134660391,0.029338293370790632,0.07580100451829683,0.05668605363961565,-0.03701739008141653,-0.1221142483784518,-0.16083171956529943,-0.10387559024962399,-0.020774236535231742,-0.19883340920923845,-0.12501508102053388,0.15922704763664608,0.303377705606309,0.30520311196475364,0.17769883391919922,0.056671705045134996,0.1768846327967182,0.17431422423397588,0.14503689351777052,0.16002902097286323,0.2761699240696028,0.05035080633795548,-0.33644198576340306,-0.32661616028327195,-0.28199472412387266,-0.3135543156627629,-0.4465517367723825,-0.3120652632685005,-0.36227643885476785,-0.2795816099171733,-0.4613480483424702,-0.31362693487517596,-0.3737351757122583,-0.22713530300975546,0.10332754720879296,-0.15131278118770936,-0.01613850844894482,0.02751043246848387,0.14836709623327132,-0.023704354510228086,0.08943178623178247,0.01989761370786491,0.013446304024017728,-0.036375712156890526,0.033542290849688995,-0.0001529766014481633,-0.003691992649052874,-0.05858842574088699,0.026975070015864206,-0.15814202841043246,-0.16832310372484832,-0.09158674027760759,-0.0768446562576743,0.06025531763508835,-0.12539537059820682,0.007647094612512281,-0.1087525863738322,0.06797729568784201,-0.15787284006743574,0.1728653108827155,-0.029735330311982812,0.02771146152276041,0.14432039321714601,-0.014068398016556209,0.04990801281892316,0.029466481945660424,0.09292187153231582,0.011045529852479348,0.6084304407682822,-0.1727190032879605,-0.2863820052316169,1.0,0.23924339786264304,0.490897763453437,-0.08529953687349523,0.029446538636412816,0.06238275108384233,-0.09308710710087385,0.0156209887277146,0.15810133743206092,-0.09204331875814799,-0.3063777791412143,-0.003177966098325535,-0.016177061472963824
JML_DEPLESI_momentum_1,0.03691183370068311,0.10302806867337358,0.22003166296563528,0.10494835093364346,0.3059940767323357,0.2546663017315303,-0.029357253238492653,0.2678152431624884,0.17364309485982715,0.08623785283153451,0.13306141712245187,0.1556479163520822,0.11238419876185386,0.20511536030235622,0.1488773550876185,0.10964937317396338,0.07519902561273016,0.06832744902677432,0.0878659780798203,0.40881903159995653,0.11183851318799382,0.25070396886318436,0.09020938410984203,0.1959548762475131,0.07304807139082282,0.054694400895753746,0.18758577867738915,0.013402063260486756,0.17721685562695919,0.237354078684187,0.01265209528931034,0.15526209240545835,-0.11711392427972372,0.9411616015777736,0.10506061210374389,-0.11608573619032396,-0.08422447056362306,-0.2641032398153369,-0.14654273582431793,-0.1843298462926602,-0.29409182697291497,-0.18587220466621174,-0.22985440127059675,0.1480055691620159,-0.1971776736781502,-0.26757602270443026,-0.028152562186636462,-0.2071654556842794,-0.10495154727940725,-0.010064587113796312,-0.08805776617287762,-0.18971137156293014,-0.1633133567972416,-0.13251337157655252,-0.0691451241546095,-0.06188819851175723,0.607463276923602,0.5147599728022039,0.39857833034776174,0.22742150407750975,0.1147631898416464,-0.018044098125127236,0.025911426162110663,-0.2185991793909967,-0.1465351378207598,-0.10603049210241813,-0.10244663278245456,-0.19792415132587,-0.22823182493823715,-0.17718850439809675,-0.11848801636185224,-0.03634261890541847,-0.02737009848455909,-0.0869220997759679,-0.24976396065650047,-0.19088252943837095,-0.1856198683749351,0.0242682798902192,-0.1954179770677059,-0.16777257489471534,-0.0671672073381725,-0.1262968646728015,-0.16305316505910064,-0.06603210812323247,0.7762062594759546,0.4396954268402175,0.7059327505464096,0.7530685613000119,0.6055206357633299,0.3874164464625156,0.5375192901866024,0.5656298524146909,0.4726616479754017,0.2453468809511884,0.45252083385573716,0.3781648571540399,0.8873028502076891,0.5063806624625197,0.20721162074684465,-0.231680270004412,0.28822495729034087,-0.2603390797083215,-0.15318098374037328,-0.18670359101161885,0.1868615788685378,-0.19112737962824092,-0.1584922470496504,-0.17980014840442782,0.15830741382477173,-0.17686972051866062,-0.20802828692873454,-0.2669989734346133,-0.25312102225026545,-0.1653589017261979,-0.2142795718469769,0.17714757906503373,-0.1988182439896685,-0.07824956662648169,-0.1591557444411812,0.177436759338492,-0.14892983872263899,-0.009020398753455453,-0.14771636819066905,0.01979941224351545,0.2279776921662325,-0.25871798749402936,-0.011595982068814901,0.07324693793599438,0.05340854251404064,-0.06550470568372811,0.29152676211405154,0.12893161121210014,0.34546584298697347,0.23924339786264304,1.0,0.26803502838413384,0.46688442158710025,0.02205907575153677,-0.03492064463952744,-0.14246849064781725,0.004633191315219602,0.23849389627907736,-0.24610315615968234,0.26996589840096896,0.0096789948819093,0.01688665796881721
JML_DEPLESI_acceleration,0.04559061738413994,0.016308720511884183,0.11510268772891746,0.06181017761555924,-0.07904932870030357,0.050560757167287786,0.024379161560570337,-0.10279554927301139,-0.01680445519147862,-0.10117691647190996,-0.054474896188460055,0.0087047281882091,0.012192539609865063,-0.037212213012267875,-0.08956921720660826,0.07615761095982136,0.0573913382558463,-0.13887509299964387,0.026179734230241593,-0.05094071400773378,0.0070466968859070125,-0.0911824406814024,-0.002780546534023946,-0.09500047680840172,0.07052261610046778,0.08762242786705726,0.034475800439085214,-0.026321296807691647,-0.014843896951261164,-0.033590975036154005,-0.022365963616356007,-0.017783116990778666,0.07393884655188263,0.27302614635164857,0.014271969585458663,0.07542134448942037,0.044947948018776634,0.00980325879369758,0.004022425733512294,0.05861294396718877,0.005390449034621363,-0.06159368319964366,0.10362110595190274,-0.002665587414237363,0.09259301152339822,0.09125065794607723,-0.0061607044553123255,0.10441604043398786,0.10035808418103831,0.04115492217082423,0.00524815377076555,0.05397540751081876,0.08649790248259535,0.08923118373839564,0.02064314705268244,0.0264869780256601,-0.40076586882052617,-0.16042346558280354,-0.1965898067522107,-0.12327805705345204,-0.051447576740030705,0.04245973110057254,0.019103947830238794,0.046542021059748764,0.061017596897810805,0.023877085574575546,-0.02532861362168003,-0.07814594042604361,-0.08331036657269526,0.01233278950575471,0.028174257336646226,-0.12556483993807294,0.01778867541633281,0.1349284362732991,0.1314628700204864,0.13338380969181635,0.06850854809349635,-0.00514877227010197,0.07161693766017105,0.05982302702125523,0.055891880348314854,0.06743430825493174,0.11496966975257722,0.0108286038317847,-0.12851949721809885,0.019925731029215188,-0.1076596750059964,-0.07496891347104688,-0.16808447119162914,-0.024651509133503953,-0.1261922932976038,-0.09361999111693102,-0.16103542716224242,-0.027181947394694993,-0.12785730858241995,-0.07414288845616702,-0.10769662103726686,-0.1731684083007729,-0.07206020879895073,0.04104940467833706,0.10938196645256028,0.00296105850632611,0.09310125237318503,0.028279498320375285,-0.032519401692161144,0.0004954613752288108,0.013734403695550084,0.012789350001241125,-0.040754212458969284,-0.01597944004304816,0.0015623521265452451,-0.05855959604108421,-0.06701414533120752,-0.0412800327327704,-0.009544890323424766,0.026739597025116794,-0.04253495002676948,0.008519061630715977,-0.02800765790723923,0.02767474463294451,-0.06337878877970149,0.10565299680852779,-0.024476579047294875,-0.008923606497419431,0.06833569113784502,-0.021597047399243802,0.017173329543137297,0.05112612826125124,0.05462645683944186,-0.05061821103002678,0.7568176719803851,0.7733364125094049,-0.0568302304521836,0.490897763453437,0.26803502838413384,1.0,-0.04561336756477088,0.008778626395296953,0.006876606430331578,-0.058522335441043724,-0.03401381477975888,0.07801284305552875,-0.044309739660352905,-0.09121896345592258,-0.011680680881230705,-0.014888750052593285
JML_DEPLESI_volatility_3,0.04995968702112219,0.16470777380752985,0.29958476444454746,0.031758691982272554,0.32570627454494827,0.25130359232417754,-0.003917700499324792,0.18706126213242907,0.19001329540654882,0.14053507797498133,0.09965954971966286,0.2169982797889726,0.17645995060860897,0.0914678797385634,0.23634927001912137,0.15820047158503062,0.1362944900994703,0.07234192142914282,0.16238596658121007,0.33295980453266155,0.08874518159077893,0.22986272568686328,0.1532766447085641,0.21602775041675268,0.05964651648701487,0.054618337945743646,0.2259217808185565,0.12104527636046519,0.24694122166718202,0.2828436659323266,0.012227440465816279,0.1392990930464793,0.0014071515529668253,0.4418802532806019,0.14643673931366832,0.001039975272283474,0.025531843904342953,-0.3058617925227164,-0.19771039519524813,-0.07148584425402113,-0.30536190013827236,-0.1647716038918476,-0.07488661541162404,0.15990614761374458,-0.05652942696753371,-0.12387435961757606,-0.08634797478484654,-0.04622426690583868,-0.009070689376743631,0.07996568770936573,0.0294578052729561,-0.08586500379335833,-0.09311625751462535,-0.06074341214225373,0.024251872098859404,0.049066318186876734,0.4334437106747535,0.43355470093369897,0.28789009733660503,0.06528618756735415,0.0213279432701453,0.042071779642702686,0.08617176729384957,-0.3218249619587979,-0.23093066212284002,-0.12367987673164127,-0.09834701911857029,-0.1506743052524454,-0.23301361898125317,-0.27457692539912326,-0.21206411823220314,-0.06943811595706367,-0.04735106463970893,-0.022926444801431876,-0.14533890643626846,-0.11093235881130847,-0.08606101412193479,0.04650165081957009,-0.10058522913376518,-0.06859031505539102,0.0013834539810428533,-0.06308027613596932,-0.12316609349886148,0.028870252585373558,0.5002829634622841,0.8054921772234855,0.17926405074390445,0.7049496602792443,0.3436120237423771,0.5227172046280157,0.08979903411371391,0.5055691361381892,0.21491828687116765,0.3725291997818624,0.05123013552619588,0.3879226594391095,0.5544570002395338,0.4552346642268291,0.18432284177188232,-0.3149773173298852,0.26250080245060947,-0.32428276568767883,-0.23686483909647305,-0.24340328951311024,0.34304454773211374,-0.2839549436181969,-0.10292658063407303,-0.20395077121781005,0.26877791334904,-0.2672002955740443,-0.1631756161560598,-0.29542233805492035,-0.2790759302766212,-0.19268529744139992,-0.2995518910108281,0.1663117850742118,-0.26787392456683173,-0.09709738880081574,-0.23772428788533792,0.1689146846422907,-0.22534315498046972,0.009595381143796307,-0.062082730282021076,0.09199616761783791,0.16238443636763328,-0.18691104613764875,0.02674380094601461,0.016649098816028426,0.02889169610723717,0.04439704814652495,-0.044315976260532866,0.010504505206391545,0.7063905455786633,-0.08529953687349523,0.46688442158710025,-0.04561336756477088,1.0,0.035748366834771485,0.04502114256256398,-0.04590922222813758,0.09649949474427261,0.173733362167619,-0.17615439964138047,0.09347801957025946,0.060699493794711214,0.05875905908420555
ABW_ACT_acceleration,0.007634627709521214,0.016718920808824533,-0.0282336230671426,-0.024181284013205632,0.16585166939055976,-0.030420234097423296,0.06501152632846606,-0.004145907518232123,0.01707780594127345,0.05037044167578883,0.06153103408984433,0.0506845940522319,0.054261411965130166,-0.0273645365874378,0.09105147298825104,0.04793021942401521,0.014365620652333664,-0.0035057340792901026,-0.04112074340380801,0.04108521777847022,-0.04122919310354763,0.05775502524319207,0.09535137670858716,-0.15516438148789818,-0.03702767028776556,0.013932671378011033,0.1577213400686514,0.0465103062285546,0.045868077165148485,0.11751974875853273,-0.014399438877545842,0.03749243155212457,-0.027908176520810415,0.019694433237855954,-0.022645332740544075,-0.028666125883297564,-0.028383172506392988,-0.0019143374201318261,0.037892216609280605,0.22495407394291767,0.08312738928910629,0.6348344474584385,-0.013678684051017555,-0.05235625879181176,-0.008989539416817053,0.012006210414659806,-0.006675145254708277,0.007333200427177576,-0.030516848298494943,-0.0501700273947408,-0.02699547205295914,-0.1966823962508074,-0.05373038922072065,-0.027116650758710267,-0.005845584994963599,-0.0013891668477572744,0.016565942755704718,-0.00349606941066219,0.016668935194347458,-0.03587067592459406,0.03011302522902442,-0.03236543681918717,-0.03558666428795552,-0.0061209924712121375,0.02349752885015934,0.0016619680859895293,0.0469359542326476,0.031071561114272152,-0.4709092146431134,-0.06607055614629762,0.010612716032139868,0.10065166378493651,0.1122891044831307,-0.06630898607733236,-0.04064910711614828,-0.028416916629204064,-0.006849596823985467,0.15916654348620546,-0.031096906892876124,0.03551623570789806,0.1589835238275934,-0.03574984655074961,0.06953492555048511,-0.031484846412073365,0.012026549099539508,0.02251391082237768,-0.006101250778963476,0.01642066275318579,-0.004289652382067958,0.02410072174916021,-0.017091420222242918,0.01853109951647877,-0.0030015200683397446,0.023154626856096632,-0.016755835935479475,0.02675943317583246,0.031613298735394355,0.030078564889836325,-0.01690061857999192,0.006396796761941166,-0.03620755441950177,0.02491487983248391,0.009613895484683707,0.024956993035299448,-0.01151439619130391,0.042096760419062476,0.0365383950286139,0.03507177340828138,-0.02056916091475488,0.03628709324670213,0.05277826857481675,0.07890980546734291,0.06013614212318916,0.1233522765987635,0.039754055075261426,0.08720604001473081,0.03286729731635993,0.15854677026362765,0.07702492117357533,0.07480941767168663,0.05162768002038861,-0.49811434488388157,0.024519897972054977,0.08191326252221648,0.015427995393601993,-0.04545002467589651,0.9779020496813924,0.8412861361419633,-0.01780064579136215,0.6205151748850686,0.002618440863887829,-0.01150378009944441,0.08751950598612261,0.029446538636412816,0.02205907575153677,0.008778626395296953,0.035748366834771485,1.0,0.15896743895965687,0.01376896837660823,0.048140858331356486,0.0042507641528460515,-0.02450599853789525,-0.004733982848671919,-0.007547088188104581,-0.006603180539864186
ABW_ACT_volatility_3,-0.06269055240326767,0.2725049778988037,0.18281525350306668,-0.04143954452257762,0.2679860387385625,0.131333404509867,0.10018462480170483,0.09501437274488742,0.19367788229184396,0.09156156749418315,0.31806944014434213,0.12512970808424706,0.2633479920868687,0.10364436730076433,0.15782542010088269,0.07676588491060313,0.18272916837438713,0.20875786354032727,0.21454619603978675,0.2468820996313441,-0.05106356264552847,0.11421884716392887,0.2792760591100832,0.180781273691297,0.08000234693453273,0.0849610755663576,0.1551691807419272,0.2538460842826066,0.14271008000852753,0.3012060983346896,0.04592048588908695,0.1497417217092485,0.4412654216932422,-0.056497501212732115,0.39600475606376534,0.44189641226482873,0.44304347777222824,-0.14827879207852132,-0.3431359472624913,0.46010390475063084,-0.13653983792140456,0.17120025410191136,0.4152025098901773,-0.03694610022275951,0.36023033370828234,0.34373570427319217,-0.3856411380770354,0.4191126578256008,0.4090859373541249,0.37340612401502526,0.4047866266369754,0.39518434107442785,0.3715551384701813,0.35379549597510557,0.3788533190055436,0.39522798194934455,-0.0598254732876114,-0.06558274654701052,-0.11004693075754095,-0.1616339606708837,-0.2553029269621318,0.3677838193313635,0.29880798019664107,-0.17858421973976793,-0.2105939962457359,-0.2330341822546411,-0.25775732289987807,-0.14551890928163722,-0.041553129849420015,-0.13252097786683428,-0.20710072451623504,-0.24020439691622283,-0.24205808657511885,0.1978032944580788,0.34741208120917916,0.3768352432187123,0.4223393527072479,0.9761040032223547,0.24837652905799565,0.5748850696213296,0.7886256235422093,0.26907639857444837,0.5575287366583861,0.2963997043023979,-0.06580030776917996,-0.018187077377597036,-0.0921555147712501,-0.02908225492348328,-0.08777542043699399,0.03984208087824928,-0.16310724406324945,0.04047288138020851,-0.14517222800085341,-0.03477765568994019,-0.185865580169868,0.029951507211192357,0.013404406203155564,0.18521077654157217,0.34229826280267955,-0.19059870239455823,0.09862272220580337,-0.194047674458276,-0.168116630590947,-0.2362035784827193,0.307057328495586,-0.29481334613970184,-0.08147478180590408,-0.24082976465375455,0.3250473562942953,-0.3127792729245217,0.02957582047324826,0.01335987698936872,-0.5201664773660234,0.5746559661489291,-0.11213605047190206,0.7914941095256132,-0.5647569955762503,0.6071352047710499,-0.18941083883334278,0.7445355112254071,-0.6020441517112269,0.25442152089845516,0.07643279500176903,-0.00648856574410893,0.13363321775733805,0.14143812521553772,0.1818270486567855,0.050630151602135666,0.8099417488962923,0.22236117301985253,0.03631726898882048,-0.03762224811220236,0.03527490083841491,0.06238275108384233,-0.03492064463952744,0.006876606430331578,0.04502114256256398,0.15896743895965687,1.0,0.0375288985232069,0.006523468007251967,0.12579817528645607,0.07867394133910163,-0.314093990480508,0.09043291882252508,0.09883229553926384
DELTA_PAKAN_GR/EKOR_momentum_1,0.01864847164653318,0.011571064656115071,-0.039833497915453105,-0.005150705439725241,0.036751541532055565,0.00498174436115546,-0.05699600131820688,-0.05599615913170354,0.04527915911289254,-0.0010137308558587307,-0.06518338880608311,-0.00046700816450358923,-0.08010991130276157,-0.005722534147165976,-0.10738055970920363,-0.05548435773721416,-0.0466641501811331,0.00360362954232517,-0.032949258860251004,-0.04600786792062131,-0.029323659124386354,-0.03199959730326981,-0.02927762264529509,-0.013291116067512676,0.029073261163642353,0.03871232295555945,-0.07649356648242944,-0.0723905977434265,0.08530176454289244,0.12921706448790307,-0.07825495522326259,0.03969000118785123,-0.03938655518682868,-0.12517462101237867,-0.024382154138572313,-0.03990280772275859,-0.06063585698098899,0.36814016627463936,0.02745413707329046,0.020864379984424513,0.004922808272666027,0.11792770878633485,0.012181039758991036,-0.09047294971353394,0.009137316475692879,0.01376011768170767,-0.0040412472176671495,-0.014528861320065064,-0.027219018758306932,-0.07119700795167014,-0.06703327692680006,0.013384927706239943,-0.03337166116767985,-0.07769471369020263,-0.0756316258473214,-0.07349740337675442,-0.05465742651068724,-0.020165239492538678,0.025882800777996547,0.010632387623963103,0.04441446455617736,-0.039064534251286906,-0.07648644966007832,-0.1643339123153927,-0.12945202905579145,-0.08880957831344055,-0.125896489610146,0.05668587359464516,0.11774955107406045,0.0031854816627929572,-0.11448924785964101,-0.04757433331648864,0.04285445816335263,0.3864959349508254,0.1353156047757907,0.01757820112990584,0.0008652289503752089,0.027348392731390864,-0.007972485387323262,0.0081202923706538,0.10224119727582368,-0.06425120170487107,0.08840273700181206,-0.108893435979872,-0.07478479648868493,-0.029682511919049293,-0.07662729227051392,-0.0791847130382854,-0.0331163644271482,0.004643856043740106,-0.038207343892200304,-0.02291169841566678,-0.003500884974522396,0.06150781078812192,-0.03328772479323188,0.053952060222449735,-0.11774602507802091,0.022854421054065644,0.03601613865827875,0.03928398384964095,-0.3144604554820783,0.13998554176581482,-0.021497380561477746,0.0009678528663577753,-0.13392648417069067,0.09981804226041076,-0.0243771539027867,-0.020953729804276365,-0.07461133180534116,0.08957724984052275,-0.03393457447448793,0.10980890034653915,0.08217626293019445,0.08608664286265043,0.01634838624107053,0.016263167896902596,0.006156107417786659,0.056807292960457285,-0.008134946246925265,0.020131482772831426,-0.01290467016075642,-0.026206093339924075,0.9336230829198587,0.6402306499520255,-0.1106477913548799,0.6346369479232181,0.02275039958256157,-0.06752966135262767,-0.0010394572939245335,0.12032748868888975,-0.07993200778262126,0.0015771408511272825,0.03044606080256043,-0.09308710710087385,-0.14246849064781725,-0.058522335441043724,-0.04590922222813758,0.01376896837660823,0.0375288985232069,1.0,0.6982614921604359,-0.15688363809822103,0.6945400700815803,-0.0064434876436081255,-0.00027467797289727427,-0.011380996220317385
DELTA_PAKAN_GR/EKOR_acceleration,0.09440429092669327,-0.06194255354391766,0.0537805427915129,-0.031433379761965675,0.04564092708733773,0.043592737273352895,0.0021667320836646696,-0.12573289051415978,-0.016258323026053376,0.015373801498646119,-0.048878066492008716,-0.0280362131342834,-0.0527666511491301,-0.06766834527115044,-0.06788420369653236,-0.05045649792346672,-0.13862365244474983,-0.010307694832971592,0.042602024057167454,0.001119430288101945,-0.009707574568604329,-0.05234370553094238,-0.12120880409253351,-0.006564498593301328,0.03864447811701022,-0.110312855956475,0.02279091177464067,-0.01678543458617753,0.05435594100194111,0.15642102571941383,-0.05602630350018847,0.07644335764209774,0.006432771370782059,-0.010272571507852359,0.020240548694421483,0.0066954693655534425,-0.0009838554531289153,0.06664571739034567,-0.022506410431049152,0.02009973670943306,-0.029856541252598554,0.029266030775384352,0.03039895228993831,-0.031852721404878714,0.009224228863391155,0.0048940270387165166,-0.035023199761455195,0.02131996911447993,0.008759958975003142,-0.0027143986502302245,0.0005754900996287037,0.0018000411948749316,-0.028266403996329792,-0.026915483981004275,-0.0156927059857774,-0.0013837091933538307,0.0051230074791881065,-0.007904844789186623,0.005516887375127138,0.01252295366123347,-0.017759642461821178,0.006469789552646502,-0.002772566127440161,-0.3368539063878704,0.05424391784874685,0.05511153282252118,-0.06388243881249983,0.029128919486857995,-0.019512936853432934,-0.09383011388562407,-0.09383052000528433,-0.0533282666835496,0.016757746429696112,-0.012540812820188771,-0.05084592397882835,-0.01741862829923067,-0.001984687792175937,0.002822223056619774,-0.0038985954238123467,-0.00123356161893968,0.024997963266218795,-0.003376076633748918,0.03264175732257732,-0.017791724392357072,-0.0023423287780254486,0.02925881899233651,-0.03666292777227405,0.016462227141827893,-0.017602099512443025,0.011193376191008766,-0.043855679516302176,0.019047287275278452,-0.02152692247939593,0.010535965166127695,-0.04266070231239278,0.03225793644740864,0.03850667829616793,0.05221587448809548,0.029313111310384107,-0.07898598422529658,-0.029708276013174734,-0.028634372639593633,-0.04954346019684784,-0.029105946702991964,0.028121102778231016,-0.01128861252581349,-0.006893305588224159,-0.0274006308687627,0.029966582429707497,-0.007499508591645609,-0.006814716401691652,-0.03328890526393511,-0.02230738069403866,-0.04805027236903651,-0.03265793817239403,0.017309158234118643,-0.017593692379434818,0.0036664158776211608,-0.046147332169089166,0.02742449440309439,-0.0256933131524373,-0.009146123246022946,0.6429961653477327,0.9408491595247886,0.003524632140030823,-0.005144643348984813,0.04266570044577102,-0.015404967504605049,0.0039049525178350727,0.10640707174436448,-0.0014292396156140449,-0.049822557787804325,0.07336004994071092,0.0156209887277146,0.004633191315219602,-0.03401381477975888,0.09649949474427261,0.048140858331356486,0.006523468007251967,0.6982614921604359,1.0,-0.024905283621695494,0.019997991605680908,-0.05311885452645703,0.036800164802153465,0.03481511844027034
DELTA_PAKAN_GR/EKOR_volatility_3,0.059050275699108826,0.09416441616987434,0.15917073902532508,-0.0024548712734612536,0.11801306807216805,0.12903157355797854,0.09020593081398157,0.20304969053206498,0.13170467774330366,0.09233500920345832,0.11654354509986065,0.14094657068359248,0.17954885261556355,0.06786570739555778,0.15585532146921152,0.08353411088593003,0.17937296751312642,-0.04684418217394011,0.16715788382925706,0.14536185497641307,0.11503511760722301,0.024029198414563267,0.026309303693066367,0.13768974737792103,0.10776292732310828,0.0038824717338739826,-0.007524685481854292,0.1238903761552805,0.05767759500643762,0.23823732109408866,0.15875072102307422,0.07656346028800519,0.16665313015367642,0.2156195057974979,0.200217339793116,0.16761308496381558,0.15986423993557272,-0.46561702573599745,-0.3581867294281973,0.05359433822548027,-0.4419670289807832,-0.25263980007361075,0.13994119650555392,0.22800242217283387,0.15525392032645696,0.05361826001869465,-0.2937738562606756,0.19185472393346692,0.1721544519753533,0.20421758386457994,0.1212330177085372,0.050550366927487815,0.06704660652471489,0.0585195486966288,0.09173269758236693,0.09709137503672767,0.1363583371000613,0.04933540764428634,0.016092811377619382,-0.07280134446178632,-0.10144258405285889,0.14791981283169173,0.14820272843894988,-0.4169246918741474,-0.35240732338855646,-0.25795592835368786,-0.20930802580546984,-0.2157593623952414,-0.31104737470533156,-0.27638869086053197,-0.3157102880375315,-0.2714835294545055,-0.25969407221127055,0.379128098959501,0.07709376629618683,0.08306992919124942,0.058943488491155195,0.1295241514989751,0.0363962276408381,0.08111227352737065,0.07314417032019435,0.055633661307576424,0.027427786096135054,0.09362130065732871,0.1499719319508328,0.13977770586904395,0.10012904718144316,0.1836210311939186,0.06036528486639549,0.09502629928572896,0.013127155046031002,0.1367787645643549,-0.009790615790545229,-0.004895947210162825,0.008419880132480078,0.06592929084540163,0.25342581339536535,0.20796685531872577,0.15830278609361387,-0.44673090017271383,0.7769689456613922,-0.6078882238067654,-0.24385653229679657,-0.3944315047984145,0.6112824250699269,-0.5869866501583176,-0.1694022337297705,-0.3902000352816141,0.49348735327401716,-0.5614318932670629,-0.14084842354300645,-0.36922696254905896,-0.3927241132980002,-0.18929505936664306,-0.4323278674433627,0.12530367405274023,-0.3370165088033311,-0.18048481163273003,-0.4407225400685788,0.1519594071428766,-0.309941881470496,0.14633171278848528,-0.09658758612617342,-0.0006691291888600437,0.9437946368089947,-0.15671136270118174,0.012688865416453195,0.021705391849491707,0.13772038748244317,-0.02695151790579555,0.07978476228983646,-0.026853464484502595,0.14255462295326238,0.15810133743206092,0.23849389627907736,0.07801284305552875,0.173733362167619,0.0042507641528460515,0.12579817528645607,-0.15688363809822103,-0.024905283621695494,1.0,-0.22276961697144876,-0.11481416131328383,-0.10238047902102076,-0.0872687413709703
DELTA_PAKAN_GR/EKOR_trend_slope_3,-0.07801954923732543,0.07598062321298203,-0.11424731397960756,0.025237197290213103,0.016769785609750724,-0.06436651014506249,-0.07750560530696515,0.016402392065290157,0.0888585473997853,-0.03140146220255141,-0.054428190394072054,0.019950460943019537,-0.044143644453976845,0.052791726093713805,-0.08564376305665096,-0.055496442477647116,0.05423977037255128,0.0027345752691222604,-0.12763288147123236,-0.09142241660724007,-0.07192830967938697,-0.00886215296396666,0.05327757726078438,-0.010212416294765271,0.0007918882603999436,0.15920752251030473,-0.13153583254183565,-0.0693309663198944,0.05234985600149461,-0.001930608549244122,-0.08833130176813951,-0.028870812472577178,-0.02366998372730127,-0.2339096993428236,-0.025860713215277845,-0.025051807667633284,-0.059765279058007166,0.46897347358134056,0.049408790588728255,0.045365399437833596,0.03344955778115312,0.12794672105968147,0.056971836045445395,-0.08879307880863717,0.054657016045093314,0.0657762054234035,-0.01889182015201305,0.0308024265909492,-0.005982511567504526,-0.07336024839208105,-0.07480055345772788,0.05239840215554054,0.012755380614963195,-0.05679792893889532,-0.07152523924102397,-0.09212219596274539,-0.1684765575992687,-0.09576416465841901,-0.035785558877059004,-0.05139609024160354,0.04432622672326797,-0.04216237620385986,-0.09781379589384828,0.12034081553152848,-0.24707109268477825,-0.18557631603447158,-0.10690113496699787,0.07953711649658189,0.17459377933662118,0.08352499448720324,-0.09254125452522292,-0.03712210594014448,0.02483715822741386,0.5820990300440527,0.2811322474977357,0.07881324533675356,0.03854778049019546,0.06881335980191376,0.023504620504964033,0.05086201740287465,0.17359367527603575,-0.06946488140972604,0.15421662998255747,-0.13186918994437288,-0.18598065083387905,-0.15553368522495814,-0.1528374207029433,-0.1999511539085782,-0.10899427847935808,-0.07045510851614434,-0.09761829940541042,-0.09750301073594435,-0.06451390485058957,0.022928644733641864,-0.09559081943585407,0.017221238410897514,-0.22894597327045255,-0.004657047115333854,0.0527513400110917,0.14034991076184367,-0.4162022383427698,0.23074698326441473,0.025504274199540936,0.031200321690808896,-0.20261689166938635,0.14805986427288562,-0.010493349359181304,-0.00033389366402831073,-0.11271154675983468,0.1262438209145487,-0.004512604714009829,0.17360316785517255,0.11255705618165425,0.1725435485154285,0.02512716154434328,0.02862375902666604,-0.00963158818068112,0.08155812872525633,-0.00677811026013433,0.026946229393915905,-0.03156289982178513,0.021359848349707153,0.661621887867944,-0.001629767007859721,-0.17877165653963115,0.9491492279644966,-0.007165917141642781,-0.08266063879939994,0.02158718724947004,0.07595380961774535,-0.048892218133781494,0.016885882860248388,-0.07324885436510244,-0.09204331875814799,-0.24610315615968234,-0.044309739660352905,-0.17615439964138047,-0.02450599853789525,0.07867394133910163,0.6945400700815803,0.019997991605680908,-0.22276961697144876,1.0,-0.07702325006198027,-0.025955716165957345,-0.03191138683274396
FEED_EFFICIENCY_lag_1,0.19052126045534773,-0.03925143515851261,0.05376348529571856,-0.10445989879465924,0.20581411429964735,0.0713882551911232,0.17790758051846936,0.2137078463614924,0.1365380918197116,0.17432249543552855,0.07857178354947625,0.1355581579834738,-0.052653028353863436,0.2668100931788831,0.042252100650399145,0.2457606371388095,-0.0046301240818667705,0.28685006968821014,0.12243173401739549,0.06475225173802375,0.2461907017953633,0.10250735970430035,0.11778909462815208,0.03076330365513611,-0.06450286816481406,0.11595814127193589,0.16262181307634999,-0.07133834007046128,0.14378567336024417,0.09178685342501479,0.07590444082675207,0.23051876089181697,-0.6629430207502592,0.35106799884109374,-0.5449612890583955,-0.6600284479352886,-0.5248163226075974,0.19188985878695697,0.3129057711681534,-0.6143613062274227,0.13597709218776663,0.1030983682933933,-0.8866679287824639,0.0057883213829729675,-0.7650552583436435,-0.7476362108581532,0.12299103139423535,-0.9007727898781837,-0.6599126357806874,-0.47571238751746614,-0.3896804701217488,-0.587821754984728,-0.5617795199674378,-0.5396499521284853,-0.4646829991129395,-0.33848110701210804,0.4340741610585856,0.4433221450547758,0.44098488577234735,0.38857103267444243,0.30142870992038207,-0.4830762810336426,-0.37032244257080765,0.2053885623567715,0.20748810497476022,0.20475216972187552,0.18736998320456463,0.13878424267448153,0.22090332791651587,0.2596184187877668,0.28759801828331527,0.3691157004439607,0.3705144602344349,-0.3817522294762544,-0.650678061736204,-0.6968228022771895,-0.6088461781732318,-0.26031657808254294,-0.5800216384800849,-0.6143951640221352,-0.44522545095720395,-0.4852842900209492,-0.6249517486471508,-0.3475816765895086,0.4563035125980208,0.24174501373699253,0.5178482395085328,0.34012360072418774,0.4973036554214968,0.18430545697812323,0.6358465330388314,0.21338816861935855,0.5322649288385433,0.12740257754540424,0.7026802738448723,0.0885561253843642,0.15160600946128802,-0.18839450262787794,-0.4280693260551547,0.21570938568217973,-0.12635127450446007,0.2438696912397856,0.1641915770177355,0.22307344282239633,-0.2263042764022463,0.2998846035640744,0.051018910362690226,0.22391016151362192,-0.268098910024907,0.3389983308471377,-0.10558514603183805,0.2355721928812044,0.3436460460702306,0.037367076613346074,0.33872240260338143,-0.16198068520706096,0.42039056255048973,-0.05410345531408471,0.44182811265132754,-0.15769062284109267,0.4710262828940284,-0.4186601785937943,-0.12565299370339972,-0.04572815102049605,-0.09672256949340292,-0.23850415874773778,-0.13306953785718442,0.09344442366475715,-0.2028596765513915,-0.14313156110482506,-0.2465308942086611,0.11982569800484347,0.22941185651900095,-0.3063777791412143,0.26996589840096896,-0.09121896345592258,0.09347801957025946,-0.004733982848671919,-0.314093990480508,-0.0064434876436081255,-0.05311885452645703,-0.11481416131328383,-0.07702325006198027,1.0,-0.006196928288690873,-0.00823868357870775
FCR_NEXT_1D,0.009310914795508118,-0.009510953264383651,0.08122979481237967,0.11327158541407009,0.16689562821358978,0.052097807232092966,0.1431164489801306,0.0197205376301538,0.0783644210224084,-0.10338053941777672,0.1035025187330948,0.13337424439545595,0.15149825544526022,0.09975862156585324,0.0572710928590291,0.05807554383941418,0.06314865657713353,0.11120793167396766,0.04276338382754118,0.07969433375530402,0.1580054343814581,0.23113052536172732,0.10317755932893351,0.08516711384252804,0.04732322500850664,0.22069057497527195,0.2244517329223205,0.2075757463584215,0.022183985504160758,0.01627949303823204,0.11058550196122115,0.04565156024425022,0.09796509094731337,0.028497673338698994,0.052090128013747516,0.09836625107706541,0.12364612248476833,-0.006035113293794653,-0.09742987753279662,0.07917840535897279,-0.06150409861552395,0.006189680967815597,0.044528468470672135,0.009961117229913625,0.021365139692586934,0.015164460477941821,-0.08499883214026753,0.04212496052984055,0.07988114031327412,0.11669309170802177,0.12586323970908941,0.0830166789655239,0.08072024122283838,0.092012096670501,0.11506528504503179,0.1253338981660936,0.009263506040167768,-0.0065922800722757685,-0.018293820719877816,-0.15749116644599026,-0.2780155833765458,0.08468501722899252,0.13031498684160028,-0.019670589283026646,-0.007520506138565503,-0.017080797829300696,-0.041822351101020616,-0.09582067313318211,0.00013368004485940786,-0.022460876507099006,-0.010894107341715007,-0.03232594964071398,-0.09175555196807346,-0.08516590242500618,0.015380131993305799,0.0651631430930257,0.08353046348508533,0.08165894752367873,0.06979459739514793,0.08886815278704321,0.07386574716923391,0.08759469714231011,0.08104036639154204,0.08719526226434897,0.01261421519261879,0.04733814886339836,0.0057651279177198655,0.01933681299346725,-0.036750970927626025,0.042122142913879564,-0.05070551305248204,-0.01478846000910874,-0.10296547719709175,-0.04507372636891002,-0.05925801848872333,-0.07965364937939333,0.0006928693713142578,-0.03549074734999492,-0.027636092095680086,-0.015300799351488915,-0.04946690121858685,0.008435906320971147,-0.03037593982604284,-0.030840433577768136,0.06365066633070983,-0.018545857465233264,0.01007528462108162,-0.02892323892412717,0.08775109465897095,-0.0318226576805276,-0.004953149237670679,-0.005970811527024003,-0.06802566579871364,0.04241475386561824,-0.012237890336099093,0.12794194295696773,-0.10253888510609699,0.06174988423085116,-0.05653146265866918,0.13589567542227185,-0.15871894040644627,0.13123167639727423,-0.002717449085012394,0.03472055552691033,-0.1339898343095074,-0.021201311331747623,-0.007626602849161271,-0.006730505312115383,0.08451589347124704,-0.000921756851552167,-0.0009046899835065796,-0.011498278596794453,0.0463371369701504,-0.003177966098325535,0.0096789948819093,-0.011680680881230705,0.060699493794711214,-0.007547088188104581,0.09043291882252508,-0.00027467797289727427,0.036800164802153465,-0.10238047902102076,-0.025955716165957345,-0.006196928288690873,1.0,0.9838228449302694
FCR_NEXT_3D,0.011852279354409731,0.0049990729151322645,0.09484832443283785,0.12297214672521649,0.18476800201400592,0.07053671032351073,0.1636113815663054,0.06052672426873572,0.09988203798426473,-0.09403008602827101,0.12027636142676872,0.15481725429658033,0.18694882148872097,0.11148705686683452,0.07373999453909576,0.07454366397028182,0.08959960729280488,0.12520358767232187,0.05496148460666642,0.08167410070136534,0.163900123333582,0.242655151182959,0.12229319140797743,0.09431449292927492,0.06860560224132545,0.23434002306189788,0.23881229529631562,0.21999858627649446,0.04044052232934589,0.03959413044354849,0.11741404976886032,0.052387634449128126,0.11713261556168389,0.03443580900348653,0.06329821029983644,0.11708661128764818,0.1503624771628936,-0.02678192512669829,-0.11476698690646972,0.0920022662369866,-0.06333533905453996,0.007181889684506359,0.055415305282030446,-0.002713118397245859,0.02720959907718438,0.019726672190606698,-0.09419148326795146,0.04943483078801737,0.08774572239627473,0.1413558767736562,0.16255515358110456,0.09644644688735245,0.09944949891000618,0.10756552105419373,0.1357826478645844,0.16032899209250764,0.018114560216619696,0.01291244445820697,0.0016983556009003136,-0.14667565990678313,-0.2980625588532384,0.09278321891508708,0.1477096483676586,-0.03640407264911118,-0.026608848527722034,-0.025815242120259266,-0.027426489149222157,-0.08331289503549595,-0.0011771285761946384,-0.012654044564364102,-0.013760495065921781,-0.04311841422171546,-0.10186204825680226,-0.08797657793473826,-0.0014719000145137272,0.05897862394911668,0.09888472496547374,0.09101134966485779,0.08499051932635628,0.10489514391793596,0.08370882793049945,0.10587135029022106,0.07676054592699408,0.11758301764728143,0.026108928433105902,0.05002157350573635,0.020496224623383453,0.03180342981127079,-0.01868951172193994,0.05773972633799939,-0.034791117117710046,0.007258705039241748,-0.09599911666859931,-0.043769924181418986,-0.048521244801430344,-0.07617601037677738,0.010907773553875483,-0.019188089875224846,-0.021168971025858924,-0.03556253264406651,-0.03525552095407334,-0.011799383886076608,-0.047659238182386064,-0.044263557593829536,0.09114017893568699,-0.03640619275125389,0.01640193092403077,-0.03641366392967257,0.11180302601853913,-0.04375922863275641,0.00667232511542425,-0.0022506951914361487,-0.07177718337245008,0.05521266654355347,-0.01626229141323132,0.14780035188925297,-0.11208132068023148,0.08062778369683557,-0.062140829112622135,0.1574596915716075,-0.1692089916295163,0.14688984309467332,-0.018527802679926434,0.029301176570313333,-0.11644628390058023,-0.02909295967784526,-0.008695356307284378,0.0016980789569277196,0.09619226502606833,-0.012998782175314583,-0.003936912074598018,-0.005787629992556603,0.05148916158143683,-0.016177061472963824,0.01688665796881721,-0.014888750052593285,0.05875905908420555,-0.006603180539864186,0.09883229553926384,-0.011380996220317385,0.03481511844027034,-0.0872687413709703,-0.03191138683274396,-0.00823868357870775,0.9838228449302694,1.0
