,temporal_0,temporal_1,temporal_2,temporal_3,temporal_4,temporal_5,temporal_6,temporal_7,temporal_8,temporal_9,temporal_10,temporal_11,temporal_12,temporal_13,temporal_14,temporal_15,temporal_16,temporal_17,temporal_18,temporal_19,temporal_20,temporal_21,temporal_22,temporal_23,temporal_24,temporal_25,temporal_26,temporal_27,temporal_28,temporal_29,temporal_30,temporal_31,AGE,MATI,JML_DEPLESI,STD_CUM_DEPLESI_%,PAKAN_STD_CUM_GR/EK,DELTA_PAKAN_ZAK,DELTA_PAKAN_CUM_GR/EKOR,DG_ACT,DELTA_ABW,DELTA_DG,FCR_STD,DELTA_FCR,IP_STD,IP_ACT,JUMLAH_AYAM_AKHIR,FCR_ACT_lag_1,FCR_ACT_lag_7,FCR_ACT_lag_14,PAKAN_ACT_GR/EK_lag_14,DG_ACT_lag_1,DG_ACT_lag_2,DG_ACT_lag_3,DG_ACT_lag_7,DG_ACT_lag_14,MATI_lag_1,MATI_lag_2,MATI_lag_3,MATI_lag_7,MATI_lag_14,JML_DEPLESI_lag_7,JML_DEPLESI_lag_14,DELTA_PAKAN_GR/EKOR_lag_1,DELTA_PAKAN_GR/EKOR_lag_2,DELTA_PAKAN_GR/EKOR_lag_3,DELTA_PAKAN_GR/EKOR_lag_7,DELTA_PAKAN_GR/EKOR_lag_14,DELTA_DG_lag_1,DELTA_DG_lag_2,DELTA_DG_lag_3,DELTA_DG_lag_7,DELTA_DG_lag_14,PAKAN_ACT_GR/EK_rolling_std_3,PAKAN_ACT_GR/EK_rolling_std_7,PAKAN_ACT_GR/EK_rolling_std_14,DG_ACT_rolling_mean_3,DG_ACT_rolling_std_3,DG_ACT_rolling_min_3,DG_ACT_rolling_max_3,DG_ACT_rolling_std_7,DG_ACT_rolling_min_7,DG_ACT_rolling_std_14,DG_ACT_rolling_min_14,MATI_rolling_mean_3,MATI_rolling_std_3,MATI_rolling_min_3,MATI_rolling_max_3,MATI_rolling_mean_7,MATI_rolling_std_7,MATI_rolling_min_7,MATI_rolling_max_7,MATI_rolling_mean_14,MATI_rolling_std_14,MATI_rolling_min_14,MATI_rolling_max_14,JML_DEPLESI_rolling_std_3,JML_DEPLESI_rolling_std_7,JML_DEPLESI_rolling_std_14,DELTA_PAKAN_GR/EKOR_rolling_mean_3,DELTA_PAKAN_GR/EKOR_rolling_std_3,DELTA_PAKAN_GR/EKOR_rolling_min_3,DELTA_PAKAN_GR/EKOR_rolling_max_3,DELTA_PAKAN_GR/EKOR_rolling_mean_7,DELTA_PAKAN_GR/EKOR_rolling_std_7,DELTA_PAKAN_GR/EKOR_rolling_min_7,DELTA_PAKAN_GR/EKOR_rolling_max_7,DELTA_PAKAN_GR/EKOR_rolling_mean_14,DELTA_PAKAN_GR/EKOR_rolling_std_14,DELTA_PAKAN_GR/EKOR_rolling_min_14,DELTA_PAKAN_GR/EKOR_rolling_max_14,DELTA_DG_rolling_mean_3,DELTA_DG_rolling_min_3,DELTA_DG_rolling_max_3,DELTA_DG_rolling_mean_7,DELTA_DG_rolling_std_7,DELTA_DG_rolling_min_7,DELTA_DG_rolling_max_7,DELTA_DG_rolling_mean_14,DELTA_DG_rolling_std_14,DELTA_DG_rolling_min_14,PAKAN_DG_RATIO,PAKAN_ACT_GR/EK_momentum_1,PAKAN_ACT_GR/EK_acceleration,PAKAN_ACT_GR/EK_volatility_3,PAKAN_ACT_GR/EK_trend_slope_3,DG_ACT_momentum_1,DG_ACT_acceleration,DG_ACT_volatility_3,DG_ACT_trend_slope_3,MATI_momentum_1,MATI_acceleration,MATI_volatility_3,MATI_trend_slope_3,JML_DEPLESI_momentum_1,JML_DEPLESI_acceleration,JML_DEPLESI_volatility_3,ABW_ACT_acceleration,ABW_ACT_volatility_3,DELTA_PAKAN_GR/EKOR_momentum_1,DELTA_PAKAN_GR/EKOR_acceleration,DELTA_PAKAN_GR/EKOR_volatility_3,DELTA_PAKAN_GR/EKOR_trend_slope_3,FEED_EFFICIENCY_lag_1,FCR_NEXT_1D,FCR_NEXT_3D
temporal_0,0.0,0.6311262898884274,0.012636202308301175,8.937586792087291e-11,0.0016799698693455254,0.0003335753287240872,4.53764873643989e-10,6.544346509058232e-10,0.03375248321737414,0.034868459980682935,0.002909787241844203,2.2636048363585654e-11,9.940256893603535e-19,1.019611539482808e-06,9.564658437260757e-07,1.69853917491222e-05,1.0572619257407541e-06,6.546637210473102e-14,0.007478499335905662,4.615481073363822e-14,0.043550763070652525,1.3781107958368811e-13,4.68778023432875e-11,0.026558752727378798,0.00043801265288250944,0.010576690218155431,0.00039972595520065964,0.03886756029637176,2.6726906067653817e-17,2.285946577045907e-08,1.3405645112040927e-07,4.894957446232057e-14,0.00016907183764699384,0.023085984042906117,0.0006901998988466814,0.000145982932458467,0.00043611505768829093,0.03677184976676748,4.9181886622556205e-06,0.0017335073284514928,3.7648833988759467e-07,0.2177902556563157,0.007252288195076595,0.08251286781639032,0.0004389013286944525,0.00988633294114867,1.6282621139086072e-12,0.000993039258995179,3.0125410590073467e-06,5.0222779704416e-05,0.003605493557146949,0.0030499072585225334,0.002266211711736312,0.013448005269044355,0.0013957649225130376,0.031572671279644964,0.0011552735188124163,0.03844164062949741,0.10758262690389754,0.04576330595602948,0.001506723502263034,0.019035965005612346,0.04211087600637896,6.5157471312647504e-06,3.225761681202346e-08,1.819820804749568e-07,0.000801148793832174,0.23890931460920448,0.016462606031285635,0.014265948668986407,4.497557133215374e-06,0.0012847391939521929,0.00024218426739306545,1.8119161034117334e-06,0.00044966164027912233,0.0016125682219177279,0.0016546965456991805,4.4053165279577187e-10,0.029185728980982623,6.565262087331526e-05,6.474203990550671e-15,0.1910783492968255,2.1436084642181385e-08,0.28805932740031326,0.003435089398245317,0.0026809388692578258,0.04899487940087353,0.00018104145306870826,0.06196035550921624,0.002746297628009439,0.4789541677775956,0.00016875160109033291,0.8353014062194889,0.43024876160403014,0.8757635638442081,0.06065215044418617,0.0003991374160912137,2.2514606372578595e-06,0.00011098247815089757,1.0727841800856887e-05,0.002031015704649502,5.0356772153229245e-06,0.00014253157745578425,5.34964860219184e-07,3.276201400935118e-09,3.7253179317635964e-09,0.004489012603803487,2.767589303866078e-06,5.547170588939629e-09,2.538889261926473e-09,0.021406801933888255,0.008732261256123268,1.715776379250776e-08,0.08849415324621801,7.185241067842343e-08,2.3464640643564243e-14,4.206414540767344e-14,0.022653469983568313,4.891941610189653e-07,7.328423059780422e-15,1.3229036520419782e-14,0.029673570015018826,0.0006253436723715892,0.145246801741242,0.0010997726170762431,0.00021180611749263675,0.6980427450207437,0.6330976679208351,1.1273923790249385e-09,0.8458467494030933,0.15205144261736928,0.08622341919420978,0.006270467020085124,0.8906875119136525,0.015890951724507753,0.1083192703549389,0.00019630375598722106,0.5860661871240057,7.106735725157824e-09,0.003929095212195138,0.18054188969298943,0.0006935712053268894,0.0020559681829886945,0.17503592001970922,0.0007834966825000985,5.8398494594419666e-05
temporal_1,0.6311262898884274,0.0,0.06800505590295168,0.9025369054572799,0.8800262310251936,0.3294550384009401,0.09525424254495499,0.5252727226029754,0.0004908292684975494,0.1636653976134489,0.0010450092281732827,0.28120518339741757,0.8356394965798739,0.0077577777008634346,0.913451172343937,0.00291650330585724,0.4150879052998419,0.9462972291998952,0.0010972608657472027,0.0013007628046059867,0.5663944881529657,0.45759688849284386,0.39082615292097195,7.835026487079078e-07,6.365749332181659e-06,2.6989061408793778e-12,0.8014165221830273,0.0015999866382248238,0.22852710355632092,7.463602650725767e-12,0.5706141954854401,0.6529495750729366,0.3538855508367006,0.524204159963224,0.4422284103237346,0.31825809717622644,0.6187146131728183,0.18299364231912213,0.0010500922240792919,0.45376426494814553,7.142089094051982e-05,0.2630530891790367,0.753558615240689,0.9170983767085151,0.31502059187213416,0.6974290741227899,0.35106824344455817,0.7588178586836408,0.08953325727596365,0.22815631991267832,0.6433980043142761,0.07593566764724063,0.1577154762792699,0.4065960948394459,0.8523709770876514,0.5616021365102124,0.19891049507029032,0.8108534961020515,0.015890508443940226,0.024322664768400778,0.11512477615501616,0.35589487470474496,0.7638976297760505,0.011922721441062833,0.0014531992179921667,0.0001870664622525151,2.347558972197069e-07,0.0010065557650866055,0.13717608115520386,0.626360070296531,0.28036566904139254,2.464824111720214e-05,0.010687996707579726,0.0022948790694844717,0.010066238671200012,0.1101926977196461,0.1787877581813457,0.10811138327434114,0.0979911389195971,0.43837340020428933,0.4122799403804963,0.36672324837560283,0.27562390202534964,0.7622845449784686,0.41861381651891316,0.12107344688817583,0.6533539437747254,0.19559974831984822,0.310573509670878,0.05090362128007977,0.8609394581935134,0.12922243922964063,0.3258240019421198,0.08980111096642755,0.7631551081672904,0.47017303963036616,0.22573611247429548,0.7118451839545387,0.3441740591992409,0.013459019374992772,0.08793125851834767,0.01108196134538319,0.026230057605651464,0.0001180788061661636,0.027035828181286296,0.00027032196089928827,4.540170712857981e-05,3.0479121504083803e-06,0.019021001419801075,7.205217501389232e-05,1.274016146605866e-07,0.7773859739509354,0.7249380498430764,0.4683796457754746,0.04227074767945468,0.07012490024170377,0.9327839878994643,0.0009059363611385111,0.00025923931837483765,0.08615111175884416,0.7992039586377624,0.8012069889215288,0.0407250057458618,0.4862025914417338,0.003748364876386364,0.021255680346809535,0.01640126140154708,0.0567905901199111,0.24519879570389252,0.15319159600777274,0.3410422890729245,0.21953413497717517,0.37790604257619836,0.8682142624456143,0.5614807487877888,0.3276974431335448,0.7781266063978876,0.019743376397219264,0.09939135559045172,0.05655458068580648,0.44064349844252515,0.011671370016116884,0.04215448920255875,0.8667837416636364,0.6721256111640501,0.2772855285453905
temporal_2,0.012636202308301175,0.06800505590295168,0.0,1.4302346663170894e-08,1.0589093368244586e-07,2.4118400147102863e-12,0.0021627270270577416,8.816638343259862e-22,2.9886854864637446e-21,2.4207840708668457e-06,1.805387427945121e-28,1.0783368336911758e-22,5.477342381180723e-13,1.7684270060746023e-23,6.33618717150512e-16,3.6495293838872005e-15,3.238995338649364e-16,0.0010867776038299064,0.00047987313594180975,1.8227746958267065e-14,6.300698575388457e-14,7.588926840940685e-12,1.1327435444093613e-11,3.35611699448118e-14,8.614636763166241e-25,8.704054975505198e-06,1.8511416100464678e-11,2.377220736959088e-07,2.0508042513398284e-07,5.62480502900266e-11,1.4834735366377864e-32,8.011329464821141e-06,3.327856200181933e-08,0.07195932345212308,5.3205670522509046e-06,3.563707364029459e-08,1.7503598346706327e-12,1.013362822349554e-06,8.393382879218878e-10,2.076324041549809e-05,0.0047885202226675885,0.7623004554814556,0.0010901528172857062,0.951791131026781,0.04169100856279354,0.15095459906635336,1.3001039433295077e-05,0.0009146465066690638,8.341959388171437e-06,2.675006273659769e-10,3.8398423350683023e-16,1.332790529914763e-05,1.3667382568867948e-06,6.086698233146936e-06,4.127504950222894e-09,3.8030312716633523e-13,0.785373293780026,0.6538417307755624,0.40295848480783114,0.042532665793399156,0.017226466824314345,1.1901885803287753e-08,9.926769663305188e-13,0.0007707790700672547,0.0033459339428757303,0.007291299720278083,0.056308633383659275,0.9723877586173786,0.6410954622919018,0.9412086734845588,0.08855196929456037,0.02229808711609826,1.6050692112155992e-05,0.045661040543304485,0.4817539808141974,0.011004225708437627,3.887571472819402e-06,5.5470181316325746e-05,4.088849218975601e-05,6.565897000963914e-07,0.0002894152396452677,4.419162604929453e-07,0.06599391739013591,5.60550567310899e-12,0.32015668023272215,0.0710842185305024,0.7099885235469522,0.09357389756640193,0.6366734703234251,0.3780208847471655,0.7416559794003068,0.384672682784475,0.11621979480539524,0.21729551065184077,0.9911683434302687,0.6765018856762698,0.07806731200667616,0.9413542343431412,0.9749602094593465,8.0195426731459e-05,3.2268809748267507e-15,3.671715422791693e-08,0.079949067067394,0.0016467156170423337,1.0286439999605079e-23,5.858910652443486e-11,0.035402098728314,0.0031991610672319664,2.7816230856331614e-18,3.984094435462037e-12,0.0005068003991631003,0.9982614521445227,0.011181929911093647,0.009341924738393636,0.2618811468855708,4.555410060487047e-07,0.00444082844752538,9.720428281372934e-05,0.03171186010724257,5.279874216832394e-07,0.0002506634871680119,0.00029746496944732417,0.02168340811311759,0.36922755055896445,7.820175110838403e-13,0.024930506779716838,0.933700369343946,0.5388859068126766,0.00013758286751188896,0.28657950073017774,0.08686425533148878,0.4766549017577002,0.010928693638210094,0.1633233955169664,0.045941111211627514,0.12660083115084925,0.007231461035818186,0.9434024533656084,3.565271866072127e-05,0.004693576603287529,0.24757271806392545,6.995421974981874e-13,0.003645317195326036,0.30717898091823703,0.00015070928761809247,2.609906995520028e-05
temporal_3,8.937586792087291e-11,0.9025369054572799,1.4302346663170894e-08,0.0,0.12264142057167787,0.3512425540959849,2.6911340039733634e-06,0.00034706234260531714,7.507556492243652e-06,0.4238035932616079,0.01379223467588129,1.147069282475968e-18,4.0688001597380883e-10,2.8130402604037233e-05,7.836111406756514e-09,7.743949171068131e-10,0.015190668447190882,3.090960636246624e-07,0.32747995708320643,2.379092341797063e-16,0.3232197068198683,1.9554091111471957e-13,6.351797097347522e-08,0.4486473908566314,4.334692725579476e-08,0.37089973944049515,0.0028499959062951857,0.2799474953827285,0.17374081316378512,0.011285144686154328,3.0192526366847024e-09,4.192501765462766e-08,0.00011263402117344114,0.3963177117345562,2.123813664909081e-05,9.549231663822809e-05,2.1417809357680043e-05,1.821845375690504e-05,3.5666212278581882e-16,0.0017650066956693023,2.1200611810222992e-15,0.6586780313025167,0.0034600639386904194,0.12686226525347602,0.01729703601732332,0.26893603050596926,7.216402723305652e-13,0.00044851935775109256,3.3284064813848387e-06,0.0006659188035088579,7.569689781700904e-05,0.0015221776629630536,0.002010200186128757,0.4411861808994437,0.05699058952877679,0.0012609024726385517,0.5105377022099394,0.2547585405988731,0.0268547724283237,0.3293908995467128,0.26805765233135537,0.00018585068201112514,0.022659588673545256,4.184685152653325e-12,6.650706105839131e-11,3.2663855216091932e-12,4.932733351792386e-12,0.16206433964560468,0.33026408724892875,0.15587176030929267,1.284629810743123e-18,4.647261768082952e-13,0.00012949767480077156,0.003677984628465464,0.0015271292962805972,0.06252898446377407,0.001226904436775388,1.1372140190894058e-12,0.05908610885930837,3.700591308722454e-05,5.845192995447443e-18,0.3785801300985538,4.19848835718039e-07,0.2687564495872034,0.261448072317665,0.06251219719398214,0.7927351720621653,0.07652485797191064,0.09097490758631628,0.0007626306960998981,0.7474427339748756,0.00010666758501316629,0.27758500161800137,0.004148776285622592,0.9008942261243426,2.858472740473723e-05,0.12704888476017667,0.000748219850833393,3.9586905080723486e-08,1.7179967059018258e-10,0.0008007744110570177,7.013755736487298e-10,1.5456641746511526e-08,8.118468039873758e-15,1.980919854543748e-12,5.884687138020691e-16,6.772248709180743e-07,4.410038919131354e-14,1.5894943540536402e-16,5.533706384583189e-17,0.003139477871320231,0.23975418841330762,6.605050735846195e-08,0.003962992171461339,9.1004077984403e-09,3.104915158403873e-19,1.8299873158671657e-16,0.0010481263976077364,2.6450848544149346e-12,3.971282435986329e-18,1.7242057967196462e-19,0.08983268652962224,0.0006376652684459251,0.001347656648887284,0.0015147647193237718,0.05567631721080681,0.9534839422592525,0.8409039366260896,1.2546182391559838e-09,0.902380554524048,0.8184897952047046,0.7190208246277323,0.001794969478969923,0.6633858809864177,0.31768454606916546,0.5495452861473392,0.003305792797557037,0.909021030935998,1.2571498438980517e-11,0.0015491447309608495,0.0009002461808381429,0.0014640312113615025,0.1517270014869766,0.10766650063336126,0.0002606987724992046,7.099557171277605e-05
temporal_4,0.0016799698693455254,0.8800262310251936,1.0589093368244586e-07,0.12264142057167787,0.0,1.128689544271993e-05,3.903287256403102e-05,6.814998541625306e-13,7.287254244028741e-18,1.7193853484398182e-12,1.8496845081765988e-26,7.35843529106984e-27,6.24679241331167e-09,1.0241976929581053e-07,6.300238312607813e-06,8.580673225471237e-17,1.5307384536156125e-19,5.182139417450855e-07,0.4120533397514884,0.4253386958092494,0.003598849521477449,3.3911652087661516e-07,0.21079246656711145,7.453443586150882e-11,9.10815026067076e-17,1.3695947914014725e-08,4.523603627405693e-09,1.7191197151781754e-12,1.493513206974136e-13,0.055241690648211876,2.6370025263649995e-20,3.3669140811857e-14,1.889215705632865e-12,0.8338853796294637,3.776641515122512e-11,2.0072781558009914e-12,1.3633833437316965e-15,0.30561466260166376,4.4330850466844985e-06,2.1499251488936136e-14,0.8447425343079683,1.761235517771586e-05,4.493998612415552e-07,0.3639960578971923,8.537751802173132e-05,9.408345917282409e-05,0.0002398287622672296,2.524867288006198e-06,1.2076833265727093e-09,1.0725178974667986e-14,2.2750725241742906e-18,2.1205402647345468e-12,1.755546469128333e-14,4.588853487736059e-15,1.055718125174616e-11,3.7575797826412284e-15,0.5565301321406052,0.39690548187554403,0.9190056249445796,0.23929142184451607,0.000405826387868707,4.844384701075099e-11,5.413191788375717e-14,0.22259860417862148,0.08523218998544346,0.41908497948026013,0.07901981618556744,0.8931635578360315,0.03785012259276882,0.0030156281435506148,0.006691926768309129,6.376957411288465e-05,1.3971361345895406e-06,0.039784688160435414,9.82628026686338e-06,3.2805015292950537e-07,1.6094423355199172e-14,4.5048094522680615e-10,2.090974644120361e-11,1.9426652189919151e-16,7.773633883556706e-13,2.8384118380793363e-11,7.162912480861558e-10,1.3293247668406645e-11,0.8260413114374039,0.0914652215030925,0.8945032366428669,0.3920773548462496,0.24956862907747418,4.54247808205732e-05,0.7141016316613267,0.0005739215991606152,0.38777834255958116,0.04929912546381424,0.17919043388575812,0.05725254551046473,0.59174866968108,0.014828008372205388,3.860892820943642e-05,0.1997003840099808,0.11539708447399821,0.11539288468859182,0.5344534547977491,0.07606232471777692,1.6386523663483483e-09,0.00045803585410306624,0.018658263169477263,0.16265575440762733,1.0275484178128299e-11,2.04622331673232e-05,7.63332345334188e-05,2.761757031276348e-05,0.39224136966379014,2.250471032501821e-14,0.09987390353024622,1.473122691869224e-14,0.0034400812807123572,9.247148605368718e-20,0.4010298428386413,1.468891719531805e-14,6.0631067467150145e-06,0.0019807204884513155,0.03923666964117178,0.6198415052257649,0.033359019159572845,0.016263803749686844,0.06559100733026443,0.06154361908781795,3.568337635262068e-14,0.5344484929801634,0.6300442077123325,0.0535797766930117,0.0037746247099661625,0.30790660465841374,0.824900755165654,0.2944804787477466,0.07147099009546579,0.09962843311330243,1.5584926146593484e-11,0.2772484333848787,0.8480244132186777,0.008354159076023746,0.17648507800873442,0.042786420263654354,4.0158813176155296e-07,3.516468852565528e-08
temporal_5,0.0003335753287240872,0.3294550384009401,2.4118400147102863e-12,0.3512425540959849,1.128689544271993e-05,0.0,5.0079015450037066e-06,1.781459465366104e-18,1.0477194230253652e-06,5.4423739143404734e-08,1.5394726919829142e-15,4.813518306610304e-10,2.1667851264112058e-05,5.2999062408936854e-21,1.468742644534567e-19,0.9438583455799312,4.095442103702567e-17,1.0560282115554159e-11,5.404203011415879e-07,5.337519832038384e-06,4.8020321991396324e-11,6.236104941934946e-07,3.0750747076923506e-05,3.9741158412436605e-15,6.501501623083072e-14,1.4540041460314115e-07,1.309725286952795e-13,1.5728999056313168e-09,3.438019391787448e-07,2.894615522844783e-10,2.116650421390963e-15,0.04332367684909543,1.2343150635820166e-12,0.0372447234918856,1.2354914395304433e-05,1.121121754169768e-12,8.933698809014046e-18,1.2125829756387468e-05,3.829435819485685e-08,8.18656338040653e-12,0.29639048824963815,0.007950176983014265,0.0002823891776117999,0.10676640883081699,0.0011044934891474441,0.0030343454225235634,0.3779689643046536,0.0011626780531897283,1.239999734523395e-08,3.619239556718664e-16,1.3004461404842567e-18,1.954403618920343e-10,1.7947024268668493e-11,3.5123525512336106e-11,9.067360264762136e-19,2.6942539079637666e-18,0.0037836593472823127,0.304706027495737,0.516617937620479,0.0004743116789559969,1.2567912168987082e-09,1.2338205010623865e-08,9.993818025847617e-14,0.0004689335693658577,0.006144760401767136,0.13367885885529845,0.027450039071814883,1.3291999170518865e-05,0.6228378594822003,0.7407695980063805,0.2459866311154409,0.678478296949433,5.451957026998224e-07,0.626356261606238,0.6853149018798318,6.761492761705577e-05,7.41417568888818e-12,0.0089898509312948,1.5567763086251175e-11,3.0535169975633064e-11,0.28419264723648174,2.3947887481220437e-17,0.07315096855386258,3.9226259369594604e-22,0.028189768228946546,0.017472268423993624,0.057540545140484615,0.00835451706352345,0.5508858644733592,0.4697636149742863,0.5536715433496437,0.5061042989532051,0.00580137459472843,0.005545714781267845,0.6437878913675686,0.011386174504316553,0.006051356447359712,0.9619784826045745,0.9068434278141685,0.000166071612467903,0.004561140334406302,0.00011483290257486087,0.0018470879417891173,0.006442039971811098,2.016678518376949e-05,0.0005105455793935515,0.7559065286661653,0.02919433972778071,2.088179588712171e-05,0.00014766418623556765,0.7735850961431935,0.10659950709008095,0.5515662941451087,0.001279845607873467,0.4193706601355346,0.0011553383138875233,0.5283932709452298,0.000533349908818418,0.8131037557247609,0.0004960171039277865,0.05791902555022739,0.002729899853559285,0.13106379121093828,0.6815537791229132,0.005919032074956618,0.05237321002511649,0.23520805346586096,0.1311302039464717,0.011338120945505301,0.5421215940745809,0.2757872416172746,0.10972228856718613,0.043005411410994225,0.40785107883727406,0.019562361556603455,0.37860928771885133,0.04162851585077903,0.1116035454051048,0.006645202119963809,0.04676859436775756,0.787641263085078,0.0025856129689754096,0.004499464501102139,0.732373050042293,0.00013089590595886876,1.4171183384339827e-05
temporal_6,4.53764873643989e-10,0.09525424254495499,0.0021627270270577416,2.6911340039733634e-06,3.903287256403102e-05,5.0079015450037066e-06,0.0,3.657250320536667e-07,1.6169780020544822e-05,0.12440033728035683,0.04082003180262837,4.3346292401945374e-08,0.0001000688062736282,0.04331520940965396,1.2165532013180278e-14,0.010108533162508612,0.014593297044725761,2.3735420978469648e-12,0.0028644290133987326,3.272329317735719e-17,0.007282319502655463,2.877254662705876e-06,8.442997531749438e-06,0.0004670496716310851,1.2216245738016988e-13,0.0012902463226003458,0.0633620735626251,1.2991975944001534e-07,3.5879507362660314e-05,6.469350224954766e-07,0.003459491909859918,0.017608519630896702,0.487788059688486,2.6453766989047475e-07,0.3310275640826317,0.47584822514792063,0.020672943683030902,0.0017359809050998861,0.00020591102994618515,0.7943159504713478,0.0003931528292499037,0.7599207033681472,0.01970314381501363,0.13546418684714046,0.032764570522314275,0.004069160768030503,1.7418510198580339e-06,0.04346859819714372,0.9930219459185752,0.00838718018770852,0.0004332297772942829,0.663589174553941,0.8907151640166863,0.7580045942221191,0.030667268803516667,0.0005185272405262695,9.140819870543213e-10,1.0814338728674298e-10,3.8096580153573716e-08,0.005675781230350583,0.12030176067260474,0.6876902834553731,0.07710384761769255,9.604326124122104e-06,1.4728167638532882e-05,5.749453236629218e-05,0.0790993647613921,0.4152081052063921,0.14839264578631445,0.15258226473035805,0.002508291040467498,0.831446706233136,0.2995362082021387,0.9161214562062054,0.0016735776148955872,0.008296540645876269,0.7631483184097839,0.005974974660501934,0.418280747608593,0.8621823085150605,0.051593326702454284,0.9835509880928993,0.20483614701077096,0.03707145937772779,3.339042991084299e-11,6.717342188866401e-13,5.8670115836218e-08,2.428543196297708e-13,2.565815861365666e-10,1.5582620948250628e-11,1.111634838549442e-07,1.7976326447029917e-11,8.210613296320433e-05,3.4396085550245355e-05,4.4329655820935585e-05,6.943199493208231e-05,6.687259436647412e-05,0.001064321017912236,0.21619038768077145,1.0953038819600283e-05,0.40227968353196325,0.0003379815319239904,5.402764737700552e-06,0.00010547892590619616,1.2647282471800748e-07,5.504666231215526e-05,0.08201843210532035,0.009872721639238174,2.3746785835463302e-11,2.726689404896377e-05,0.444939315841161,0.14642038106856956,0.003142910761988627,0.6336281074612938,0.018123814074979826,1.940710963645588e-08,0.00011240178770760621,0.09067764731262719,0.034007577854662616,1.1332731775235266e-09,1.0542102429468087e-05,0.3175197862595414,0.5411787006335871,0.07678189031370788,0.15351084932214068,0.5275634382986804,0.8972506208511131,0.20122389038814512,0.05285156318969594,0.773685932869271,0.0019159021253464933,0.03392972627980355,2.586336291712477e-11,0.0001564682645357166,4.5880412531230396e-05,0.5876662759604088,4.3993961594345e-07,0.4184060293041498,0.013887983343998,0.38518085543491376,0.11600691651109905,0.1419152839222275,0.8092217371908444,3.281429967174335e-05,0.14463246000184207,0.5588024050602789
temporal_7,6.544346509058232e-10,0.5252727226029754,8.816638343259862e-22,0.00034706234260531714,6.814998541625306e-13,1.781459465366104e-18,3.657250320536667e-07,0.0,2.3268070856790974e-24,3.449406218946273e-21,8.813614637640253e-23,1.4197836821716853e-20,3.5845651121232664e-13,7.723925218413325e-22,9.368965581656515e-14,0.0029759395230536875,1.0085096814185401e-17,4.48970042800696e-05,0.00017018489301905257,3.8626548924836385e-09,6.2115929707726e-11,1.4618008940936643e-07,1.300129642259491e-11,1.2530821657038153e-19,7.752376806016754e-25,6.469431591253002e-06,1.0850945330031958e-21,4.1206489863210566e-13,2.0073780346912347e-14,5.3685150275623617e-08,3.501182273130656e-29,4.00596722797987e-09,4.023892986127099e-26,0.012600826403695656,3.2803333519504503e-15,2.60172985058171e-26,9.320249265936115e-30,0.0021330644291796485,4.7041808390163126e-11,3.0881341241616838e-21,0.23597511709773644,0.7383964603283886,4.776265359667286e-10,0.2170106995324577,4.642782151091446e-12,1.0360976423603455e-11,0.01961278221066058,1.510921074960041e-09,3.2339124233671083e-24,9.368578489717654e-30,1.5609329484961395e-29,1.0353016195930308e-28,7.107225461737115e-31,3.3911531666736945e-24,5.241925753183445e-31,8.359544118426436e-26,0.492163569476673,0.44198623951439336,0.2206569676985199,5.3614295708587885e-08,9.511129779618204e-10,5.650314935033867e-21,7.658544769778558e-23,0.00031049780156604,0.003056580469072211,0.00029795759302460474,5.5860954303603205e-05,0.07046005929851741,0.011538398105730905,0.017513647194187607,0.030281833232950178,0.000266403479063873,4.881352608166203e-11,9.199910208812587e-05,5.48172915798739e-07,7.001334622054511e-17,2.249171588813622e-28,8.080273442696085e-06,1.1589227637832102e-27,2.1629009486173513e-27,8.110304665483291e-07,3.706882990906792e-29,1.2457666895277603e-10,2.0582907287320147e-29,0.1270833278937419,0.0017970607466364806,0.2578495405067998,0.01703168702498181,0.238456932347534,0.9221692778013955,0.6921975441645433,0.8113685799942967,0.0008382699900069612,0.03883651854077264,0.14630828575465338,0.16851137912451536,0.19731540479660734,0.47926886047481854,0.008790009351586863,0.0006065777359827483,1.3377827568583974e-06,6.916136918132601e-05,0.050151279061537726,0.0011298513205692737,5.193163485986743e-11,1.4189053111452646e-06,0.9929741677315987,0.00656316481918714,1.696372898515069e-10,1.8458886318000662e-07,0.09351142230412735,0.026652479883922598,0.16447210576065965,3.7007476212834253e-07,0.7167340254804893,4.953167161796608e-08,0.0021192709029211505,4.930514003777187e-05,0.17806204587132393,9.143443083440131e-07,2.6044243113023697e-05,1.478542065056338e-11,0.05562576839307817,0.10079275188400844,0.003007599890005517,0.18450994397214288,0.0041971355554130734,0.2997405347636874,2.3948150901187593e-06,0.0012732583109025647,0.2175786869141303,0.22803213359610763,0.007605321246114034,0.37910212369574886,0.043669760255639366,0.10230921182968342,5.6317880939138236e-05,0.013702958503756737,2.2177871539202164e-05,0.6265672572669587,0.10966626402500886,0.007363754940041164,0.42678115157652374,0.11357130822377205,1.0328515412724623e-11,1.638644182217607e-14
temporal_8,0.03375248321737414,0.0004908292684975494,2.9886854864637446e-21,7.507556492243652e-06,7.287254244028741e-18,1.0477194230253652e-06,1.6169780020544822e-05,2.3268070856790974e-24,0.0,1.2443592766449328e-18,3.533614691638919e-43,2.3364150566643468e-20,4.284692669269887e-08,2.6311717610822263e-17,4.854840334874925e-09,4.490725208427238e-08,2.0532029048365116e-16,0.05039271714314952,0.017799258243615064,5.16835667655421e-07,1.2110771985522346e-05,1.0529115726469964e-05,0.019596316879096007,4.221315319452037e-09,5.591051430092471e-18,2.0146566510582966e-06,0.0015336600419990425,4.906762154276509e-24,5.993114576114494e-08,3.261753165347763e-09,1.4420706713551856e-15,0.015215661883164254,9.776348947554931e-12,0.5541738132992583,2.2576091828713636e-09,1.0050499871530007e-11,1.1811700607651745e-14,0.595632127157786,0.0317558527830984,1.536861162503025e-14,0.0009138890490883766,1.9267963405066275e-06,1.1138554090695227e-05,0.20194373820671158,5.395886091479493e-05,2.703958675881844e-06,0.199677730317361,3.9638153132824376e-05,1.3509768525876733e-09,9.954851776332056e-13,3.1549174470042208e-18,5.59216751205319e-15,3.383609807363046e-14,2.9818002682219623e-12,5.187768514759771e-15,3.927368009251679e-15,0.8892592813662534,0.08256302901641116,0.6064232178179507,0.010894723304025758,0.00020626661487865643,3.601759877516049e-12,3.3488126560066463e-16,0.7844329313934436,0.591703883162984,0.5519536078561672,0.09223023074384555,0.02737932538503489,8.700267906644546e-06,0.0017556400770713811,0.49080821479544123,0.43797100219365603,0.0011174959428767318,0.3882032713236313,0.10694971903160029,1.2167326656948704e-06,1.9955822032477664e-15,1.6408523140280997e-06,2.6770211731397167e-13,3.377838328877942e-16,2.594790687524036e-07,3.736814939429181e-14,1.596126613876486e-06,2.335390272932794e-16,0.32009022986605634,0.01550775986836912,0.8318420826988344,0.12403965738502622,0.8473128096966033,0.042088925549190186,0.4686650528518583,0.3208634913037682,0.07435762554824554,0.8495262179448546,0.24416417983297867,0.7997814590317914,0.9893499588917829,0.4217186648162305,0.09386299091161401,0.8667584505472249,0.1629793248481046,0.6380874633577917,0.6500615750418726,0.3483769851318122,3.22959148681157e-06,0.2994826216347725,3.7460995886023353e-07,0.04647101147146645,4.947844666893653e-06,0.14604585317274144,9.388864667376068e-16,2.9030366933561797e-08,0.23277990764092624,3.165994326983861e-14,0.0005037829004227139,8.007963723036916e-08,0.3987269462033326,9.184749086917803e-14,0.004637510279599988,1.4774979028485913e-06,0.08499228109975451,0.0028058217873006765,0.6804507094730844,0.29967554703952365,0.24452045352361873,0.08832854027021081,0.8392545583407316,0.7200584189490138,0.00015981436832654029,0.4683441207042285,0.8920800167198336,0.05308839748013881,0.036017603431724894,0.06649766610934083,0.9750443716419626,0.5972783500920757,0.023723379992161536,0.9029619968483237,1.0296566426283354e-07,0.40809193245945186,0.11275239417370189,0.3575698008150341,0.6619549941494245,0.09220589065109998,1.0902957126440572e-05,2.291840392257882e-06
temporal_9,0.034868459980682935,0.1636653976134489,2.4207840708668457e-06,0.4238035932616079,1.7193853484398182e-12,5.4423739143404734e-08,0.12440033728035683,3.449406218946273e-21,1.2443592766449328e-18,0.0,3.67119729714945e-22,4.624682120203155e-19,0.00047335196529864733,8.872518679603878e-23,0.3900693834214379,0.033434745519678157,3.0486379190974462e-18,0.028933668603469413,0.007929569581673254,0.25842969846852915,1.502172034657211e-07,5.451721407963747e-06,0.0790946969593121,6.2114001764578e-10,1.5531824721574538e-15,0.014964775961736804,2.3533048804731083e-10,0.00010585101787523115,3.5895101444026865e-10,0.05693990389706958,5.470838682717265e-20,0.0015133308534227823,3.859619297747985e-16,0.79284553142363,1.962055035894122e-08,3.663849635214869e-16,1.2752261421290998e-15,0.7554452269751243,0.4840648148635514,3.223377608449933e-18,0.0005354526289179397,0.0068653136559273294,4.674372027926299e-10,0.3296932797876731,8.64146139184638e-11,9.911145626941548e-13,0.19281825457477625,8.569664915051283e-10,2.2569956953765002e-15,5.599451064970119e-16,5.1239644869792825e-15,8.502172530603933e-22,1.6141968279013807e-23,2.1401301193423384e-15,2.8702765867372206e-21,1.44474292605136e-12,0.11131633394888642,0.34598660182592333,4.641407662713795e-05,5.904678630998193e-07,7.426762686817198e-10,3.8735364969871127e-13,2.3741267280446157e-17,0.587482561264821,0.6069421792107932,0.0064757320321437335,0.033521499186540654,0.9988182209874616,7.290781728411172e-05,9.873500159632063e-06,0.17528707850444106,0.9620425092407892,1.198347700790721e-06,0.11250383549889961,0.0025444028712776,1.1947268176391411e-14,1.9944807362592582e-22,0.0009994850779662316,2.266018498598746e-22,1.4629629975196124e-21,0.00020195322024421796,5.229132162025886e-22,5.698052716180615e-09,4.750476525256816e-18,0.30211950763537765,0.5458828581684403,0.19495388843367176,0.7326118824619303,0.0001836984517303818,0.06990160749249759,0.0019903703472611257,0.004808826939449224,6.8008845296916e-08,0.00012170691986769623,0.00018151480082334546,1.0547337430360528e-05,0.4091607796217977,0.1544022006407519,0.863409437873468,0.7411950938315791,0.06709714373002008,0.8430051563083364,0.2334751869346948,0.013151842964348773,0.008929783450548776,0.6542008942611501,2.6414201016354467e-07,0.0012705279789416801,0.37828701725350844,0.8866435856427906,2.3269192578022552e-08,8.992552514225576e-07,0.060258128163077525,5.161348512821236e-11,0.008369097577248468,0.016297353357391214,0.925496439699115,7.313263905433175e-07,0.03377363163753405,0.05711527191461663,0.49491300980825087,8.027668534612932e-05,0.5503852256535423,0.5994441926486526,0.15009837749593227,0.13504852354782923,0.2008357809259946,0.5304628291276122,0.0002838708756969827,0.057283588862415934,0.13054745276960794,0.25047302646001335,0.29819947341070263,0.3977930949156463,0.692384136876447,0.11829569146947375,0.2105248797973542,0.1577753923302531,6.56676374083645e-05,0.2537389440559463,0.34436051124039807,0.15470518618286502,0.513462100128105,0.0005529912363515106,3.4143371044580233e-10,5.30864014842275e-10
temporal_10,0.002909787241844203,0.0010450092281732827,1.805387427945121e-28,0.01379223467588129,1.8496845081765988e-26,1.5394726919829142e-15,0.04082003180262837,8.813614637640253e-23,3.533614691638919e-43,3.67119729714945e-22,0.0,1.7814835692442734e-34,1.300734759671491e-05,4.37554423121404e-27,5.634848769528571e-10,1.2943572578164748e-16,7.964357242687921e-33,9.623847652656546e-06,0.8985946334911583,2.6927157110985332e-06,0.00037553494279401653,4.895046066367849e-09,0.22243990739734704,9.69582196009973e-16,2.040077342528943e-28,1.749073318463136e-13,4.935332113522503e-07,7.527067514617789e-18,0.00041464748922495566,4.132843678821494e-09,4.2438308647924645e-24,0.00022391068128875744,1.7576493531053553e-14,0.7452153058253909,2.861901111439419e-14,2.8766538068983247e-14,1.7474602051444162e-19,0.18409816914442545,0.00017971487064894075,1.4720464414797294e-17,0.010085293726142457,1.7384184767708994e-08,2.679552587233221e-07,0.005573912120017352,1.3408744011626074e-05,7.225025392683352e-07,0.2793914805460957,8.185017243787705e-06,4.126105287844977e-09,2.825481031245063e-16,1.4261881119962657e-24,7.89894604930881e-14,2.5367726637716383e-18,2.5466068976371327e-14,1.7879457899711641e-19,1.2109667683097878e-21,0.7762235134489043,0.4396325047984946,0.8477865885268553,0.24996449153384617,0.0012340113822704292,4.492557347412761e-16,1.7576398806895753e-22,0.4197495086602654,0.10577356921765929,0.22936361523294815,0.9555073020564017,0.8379774259207386,0.02076182532495262,3.594303428428945e-06,0.4507017730223928,0.8263092990095616,9.194551562710636e-06,0.09679323463233895,0.010918490507484327,7.18801343278427e-07,1.714901641732462e-17,1.817692888387754e-10,9.656710334462863e-15,5.647604853378102e-20,1.608214181180665e-08,3.181855671137543e-17,6.891096158340813e-06,1.230163803678825e-23,0.5760214952466102,0.1831365675866942,0.9474230104183593,0.22759602483566693,0.797933095729485,0.28109365031920375,0.8737828488805395,0.13391455556233353,0.2276790483176402,0.7744255552330216,0.3351747724059808,0.2775325131259257,0.316091484810292,0.012054127143417016,0.0005167110209064276,0.2359404617287675,0.006198466767330431,0.08538872093357569,0.8039960539743473,0.7270184564478821,1.3514983565084492e-10,0.00719934876948034,4.225418003552431e-06,0.6826228012269312,2.50209665565175e-10,0.002474821180168554,5.4944276946256355e-14,1.2518608908210448e-08,0.4054932321589189,2.327495726526294e-19,9.393398021159367e-05,6.446661832242834e-10,0.5984982316268748,2.14486161906165e-20,0.0063489378760002765,1.869507589381595e-09,0.0709700742299418,0.0012410671372057995,0.2781726581148394,0.4777481177678752,0.21454526859951523,0.0535225735514515,0.008382518893967093,0.0015118837188611211,9.600356163059254e-08,0.901602443733416,0.7126679772782978,0.8857278111638505,0.002851806719941595,0.8798823368280279,0.4872345470485374,0.9761912005858896,0.036700730611197385,0.017602104038036782,8.065804892384034e-12,0.7283585485774291,0.13416109948157895,0.06421029356050417,0.48636533714124347,0.09596969629193494,1.287063128701235e-06,1.1731357390516163e-07
temporal_11,2.2636048363585654e-11,0.28120518339741757,1.0783368336911758e-22,1.147069282475968e-18,7.35843529106984e-27,4.813518306610304e-10,4.3346292401945374e-08,1.4197836821716853e-20,2.3364150566643468e-20,4.624682120203155e-19,1.7814835692442734e-34,0.0,5.05165958010226e-13,1.7597357899172882e-20,2.8835537638098754e-08,5.520155280547138e-19,1.6831248342158433e-23,2.114841215922358e-10,0.9949949581434532,6.871197454925895e-06,0.0010755289278422716,8.476866109730785e-09,2.5207174644684945e-05,1.7771609316444612e-07,5.883498909684341e-57,2.725051065217215e-09,2.883255154223111e-07,1.3270725256373364e-14,2.5980538572722526e-07,0.0011496292441398799,1.942936261634649e-39,4.494931412680512e-08,1.4049352906544344e-10,0.025388954755129,5.5508408252568727e-11,2.35695511001614e-10,1.0155533771090126e-15,1.977191745949305e-07,1.6510380362193847e-13,5.5873175944607744e-09,0.002341853666297561,0.02453920372268559,0.00037448040112543046,0.5734050684895876,0.0012970036048158828,0.006315841367082135,7.059130121216467e-09,0.0003926246490876493,1.174574296800355e-06,3.7692042753719234e-14,5.750913502494481e-20,2.661460376733748e-07,1.7994707408316345e-12,3.101803318877336e-07,1.6966817795877254e-12,9.188239858660048e-18,0.27527979800902147,0.0002874444249297972,0.3552487201567491,0.7917924432218627,9.492654338374972e-05,4.546376242188251e-11,8.116714190210567e-14,1.0740945366429054e-08,2.929886168890197e-11,1.6079806840612998e-05,0.0023921615107883854,0.15939149440357472,0.536598746020164,0.00046142839888637223,0.004931327996618975,0.01599333317297642,9.399152838426876e-07,0.0008742110672513782,0.30283101902298193,0.013914065172176466,6.273717185010063e-10,1.6947554757176934e-16,8.573501611794354e-07,5.656937958173684e-13,3.9031877758650295e-13,1.3740099761157602e-07,0.0003246847030923221,4.289980511390176e-14,0.004927065427035448,0.00016665166472897572,0.06377520823847035,0.00022678873224101135,0.02433335381800522,0.00028531089763670487,0.18430850741879293,4.193835949461697e-05,0.5836788335597267,0.20919594643324818,0.35987400261440466,0.014088014865159218,0.08459054616647065,9.42693342908899e-05,2.055233056467998e-05,4.839318318801048e-10,5.996187843752679e-09,1.1027942311761666e-11,1.5322621261824886e-06,1.0986715796886335e-07,2.0094994501546974e-27,1.1871189336954706e-14,0.8840636707685648,7.375099015555097e-06,3.837841565838269e-27,2.895053832473462e-15,0.01135583783974337,0.022324320101102156,0.0014501593750328938,3.5421242817389297e-13,0.30756396803404695,1.2659501271184662e-21,2.998958402825315e-07,7.642770983631673e-15,0.019270899920579024,1.6564919815866693e-21,1.8754054749984226e-09,0.0006207922837904088,0.2738773201502859,0.7650953606044989,1.3877230973887471e-06,0.1550142549108367,0.1008767524179373,8.218878828876295e-05,7.8458415784074e-15,0.0317481416840775,0.5394255183490931,0.023885412888007114,3.1826577515874825e-07,0.014313457291494138,0.05916592351281769,0.673645797225366,2.4202034117200978e-06,0.0667540349652659,1.1661026643587477e-16,0.7701551966088093,0.8101595421021671,4.969810120157575e-07,0.43520643854632185,0.6816696019494719,8.784868199858958e-05,5.805884053456627e-06
temporal_12,9.940256893603535e-19,0.8356394965798739,5.477342381180723e-13,4.0688001597380883e-10,6.24679241331167e-09,2.1667851264112058e-05,0.0001000688062736282,3.5845651121232664e-13,4.284692669269887e-08,0.00047335196529864733,1.300734759671491e-05,5.05165958010226e-13,0.0,7.697744423910272e-10,1.5567400222908236e-08,9.872446009859126e-06,2.600012325342471e-11,1.1889014444653092e-05,0.004675268358510225,2.6657263476874332e-17,1.4549334744417152e-10,2.243964141588006e-16,1.0726386552461896e-13,9.831207646639465e-07,9.069144684397691e-10,8.950143426499434e-05,1.541204796068077e-06,1.8682461650498544e-07,3.06945737776831e-23,0.00019833284698509272,4.796575700373882e-23,1.1474356619742508e-13,9.656165315008338e-14,0.06486227057662891,3.5342234937238474e-07,9.767107748963403e-14,6.397404576344364e-14,6.882831085216391e-08,3.8609564690522905e-13,5.999928649551469e-10,2.171503183110122e-10,0.21864475728975147,3.850300302237008e-08,0.000350819855510045,2.7215242504079477e-10,2.2784780365432863e-07,3.112816997899769e-10,1.1934531452042658e-10,3.5697758751187744e-14,1.3732729437439881e-16,1.0165769287301039e-11,5.529506839687094e-08,6.902162321411478e-08,2.3470639749785785e-10,1.7694633949927966e-12,9.65422908312471e-10,0.25080966897758894,0.3066743227295411,0.26925905353580226,3.1664015661921804e-08,5.334752844096218e-11,6.488103696816824e-07,6.209001654820212e-08,7.000601920578269e-10,5.878604395806983e-09,7.964818978637841e-08,0.00026974698195419646,0.0006540823376292515,8.846447795868226e-06,8.46801648939237e-08,0.0003290995148944777,0.00013783818279622183,4.067252158169894e-09,7.599597456562897e-08,0.0004354468473560433,2.9684591904844266e-08,5.085418830142238e-09,4.212599904214595e-07,2.9205503838392513e-07,3.3124052957076587e-10,8.256318325675238e-13,2.596078820366771e-07,1.6895974012526941e-09,2.0482906774320536e-07,0.12224894317281354,0.015537308251042306,0.6934036135341325,0.016542690060304534,0.13909598529525294,0.5300803401847376,0.043310783995175905,0.6515989548133029,3.1741809710493485e-05,0.06705213057360838,0.003123771209135151,0.16861529510986903,0.015839154491120576,0.0017806625646870171,0.02121181453487311,3.3580382999006506e-10,1.736654537933043e-10,1.155775923933463e-12,5.63094819756887e-06,1.8739326768346843e-08,5.839138223675374e-14,5.796441981009038e-13,0.012198159116184064,1.265773647137489e-07,7.60011520492403e-12,4.946350370103265e-14,0.013103162773865275,1.8631365408681296e-06,8.141228577665316e-13,0.6328518468514748,1.2305242862747777e-10,4.096921324120822e-15,6.450291883165132e-16,0.004462626491785821,4.4940911730303656e-10,3.685321085676301e-15,9.854712056536642e-18,2.44493045110429e-05,0.12964500395083703,0.18192184121545504,3.428826476703032e-10,0.2554123026170609,0.047914526085330554,0.1905976638044967,2.890447944437836e-07,0.03603402516473516,0.41730462217748104,0.8142283995295253,0.008261510334216885,0.3054425762699079,0.0316298573072797,0.3856898739382469,2.4668988741610326e-05,0.029488976393532613,2.2316267184834314e-06,0.5908510820382,0.1927205342939956,1.388096905456688e-10,0.7683472575824372,0.003984548765841904,4.692901705801525e-12,4.3676810326781506e-14
temporal_13,1.019611539482808e-06,0.0077577777008634346,1.7684270060746023e-23,2.8130402604037233e-05,1.0241976929581053e-07,5.2999062408936854e-21,0.04331520940965396,7.723925218413325e-22,2.6311717610822263e-17,8.872518679603878e-23,4.37554423121404e-27,1.7597357899172882e-20,7.697744423910272e-10,0.0,1.2561698209788667e-07,2.7308627904481005e-08,2.1801299537076096e-23,9.267928470500844e-09,2.3838170230877668e-07,3.2540144408341703e-12,9.888950423594473e-07,7.115822907725317e-18,6.223147764080087e-08,2.0298102430185604e-12,3.326841831815199e-18,0.00013629025501114137,4.49586711903289e-15,3.645355686249864e-10,0.011619896826189746,1.7621682349356202e-15,8.139822461183325e-27,0.009639059827003362,3.076795006961308e-16,0.16243767508347037,5.106704100484593e-09,3.265941461851644e-16,4.6017085073307716e-20,0.5637401068907845,9.928776174339343e-06,1.6469337274623828e-16,0.7473517785636663,0.0019946479877877904,1.1870742075402995e-07,0.09022672808672921,8.876155795666607e-07,6.318954722789541e-07,0.06889305401534465,6.482653356830913e-07,1.4282995593526269e-12,7.138652608989235e-18,1.541966861711757e-19,2.003459015306282e-16,5.705944125217746e-17,3.820387114330259e-15,7.257340405853219e-20,1.820275789503783e-17,0.5758947512724296,0.06278531291359232,0.003189530425026089,0.0001448979345852766,5.554465290077266e-11,1.8296828674566782e-14,5.528018537073352e-17,0.927499735463146,0.5948471452630717,0.4347888155686628,0.002508667611844792,0.00037385038761751757,0.04055870200850829,0.11087172733104664,0.45561645878394436,0.059822584919153425,7.067968331934073e-10,0.014298393244479821,0.0006333829530460269,1.977763073908785e-12,1.1183687574131302e-17,2.9237204440054184e-08,1.0336834113284337e-15,5.277890555955062e-19,2.0623170857605493e-09,6.716197719776262e-19,9.901520745893595e-11,2.5316176763076466e-17,0.6758718845690476,0.6932728171771778,0.7048306127448767,0.8760979775212094,0.0062933996392819935,0.004188628136794234,0.22719626270906584,0.00909481566225487,8.22987676534022e-05,4.06617188426232e-06,0.11847630018421207,0.00014013966458877839,0.17036598747188764,0.1409018854762579,0.4361307981735271,0.7256390340988679,0.0005269743252526465,0.28778757499772395,0.3680320457661887,0.7398243939063198,0.0029630374528731235,0.1801284783753955,0.04314944885452725,0.5619871906130557,0.0025958826168336188,0.020701135016743664,0.0032368616166673354,0.0019502965133965167,0.4195694814059706,2.4898051656135854e-10,0.013200181434040361,2.4655105375387284e-13,0.05213711501201829,5.500620058648095e-18,0.7326818460809447,1.3822427230659925e-14,2.6047722394458908e-05,7.1690510675431245e-06,0.7984673293781884,0.44321798085559816,0.005030025212168069,0.3179339764030896,0.7852623296811997,0.7105859457815483,1.6290802315161683e-07,0.9237366006816145,0.006724458815275618,0.4903625075711055,0.9486789356716553,0.0002377731418410022,0.04725525789924211,0.08184618472621481,0.524772179834844,0.60748025689922,1.1893795057071819e-08,0.33065780666398487,0.4629690878541664,0.006154182723738413,0.9218020572462301,0.038504887021400896,5.1133834577119354e-08,3.1637850872535583e-09
temporal_14,9.564658437260757e-07,0.913451172343937,6.33618717150512e-16,7.836111406756514e-09,6.300238312607813e-06,1.468742644534567e-19,1.2165532013180278e-14,9.368965581656515e-14,4.854840334874925e-09,0.3900693834214379,5.634848769528571e-10,2.8835537638098754e-08,1.5567400222908236e-08,1.2561698209788667e-07,0.0,1.1700362040980382e-07,1.1168391655014959e-10,1.5481954311160755e-18,3.3255062816193625e-05,5.456118742288867e-13,0.000120005633682009,2.6488671856301432e-09,4.015662179581121e-16,2.086258342284328e-11,1.434159642218405e-10,6.015987184637299e-08,0.0004949381806050751,0.0005148425986813259,3.0953708188623636e-10,2.6609924863508175e-05,1.9810300455547054e-13,0.11539703052138073,3.0606198054785496e-09,0.0018199110292535438,0.0001634312159221814,2.630494841783637e-09,2.313645652351443e-14,7.746747590495895e-08,4.914764489803796e-12,5.602617755713928e-07,3.9726144320615604e-05,0.3281895028851141,0.09456454873465463,0.015771050065620466,0.15944640592166318,0.5991005612415866,1.0487662956110092e-05,0.030681932097212723,3.2880834021804974e-07,1.3626056761797861e-15,2.9260053887180364e-16,1.0105667435788272e-06,8.691666976603389e-07,3.3782515215730967e-06,4.4616327925249757e-13,5.796400162777632e-16,0.0004579838849203609,0.0002412022304989238,0.024968235100047538,0.20960846663385552,8.855279074560686e-07,5.665896981903542e-05,2.286034723681323e-08,2.1181442843071645e-07,5.1310695574377103e-05,7.124213117816329e-06,0.002185798211678781,0.00016618070269891505,0.608564014360888,0.1342931458233957,0.0002562942875781622,0.014752221662131016,1.002192540274312e-06,0.9227707175003171,0.9230954526134948,0.02915364507392688,3.786708340549276e-07,5.795896599093057e-09,2.5280926628467227e-05,1.5949166710021834e-08,6.166831361097169e-06,4.131916384030908e-08,0.018790547305584836,4.015085480199807e-13,9.64329932655183e-05,0.0006480276549400952,0.0011273824191465013,2.090969551939368e-05,0.003175016304769112,0.0008309764206303169,0.010783757690759186,0.00021246840794503095,0.9545172483340268,0.9361551137014459,0.10605550028394387,0.6116327439959844,0.0008994997407182579,0.011977673793465017,0.17805274961795656,1.5613343539133068e-07,8.244208158938278e-07,1.8107196343948588e-08,2.919461664516523e-05,1.718799008791746e-07,1.50334959761715e-14,3.0264240945216876e-10,0.04034375737092165,1.1046770929278337e-05,1.3742279289338299e-14,2.3542901768001596e-10,0.197544281132101,0.6678920791269843,4.185648954781576e-05,0.0008265496346468856,0.03337788408661184,4.122652232202173e-17,4.047638079898066e-07,5.391334994022065e-07,0.0036554761518179536,6.375108983052038e-15,2.0069169878049914e-09,0.003094734647961593,0.38473980448473427,0.2517816655027139,0.0007629918781209108,0.015303794918800911,0.7572467733544339,0.4574837890929435,8.395869485054051e-06,0.654146660766648,0.3938446048759761,0.9429121690517355,0.00014156831038237053,0.08418466775278294,0.0010280172361521384,0.2951247536699245,0.0007349122507853299,0.36858289094303065,3.749478691721966e-08,0.2793488684627179,0.23670905960836247,0.0003168745043337985,0.004286905249076997,0.18501189545456925,0.002342889794880434,7.760335868561591e-05
temporal_15,1.69853917491222e-05,0.00291650330585724,3.6495293838872005e-15,7.743949171068131e-10,8.580673225471237e-17,0.9438583455799312,0.010108533162508612,0.0029759395230536875,4.490725208427238e-08,0.033434745519678157,1.2943572578164748e-16,5.520155280547138e-19,9.872446009859126e-06,2.7308627904481005e-08,1.1700362040980382e-07,0.0,0.0008889398658663133,9.341863951557279e-09,0.12786130438907145,4.325990679957639e-09,0.24699950562225353,0.0001024063896487247,0.0005700356641787067,0.00021328509079787314,3.774764690736797e-14,1.1547792971730369e-06,0.1678407627471781,1.7395943614710612e-05,0.11766252092254695,1.715603837618175e-07,7.736752431573656e-11,0.0031654422389075358,0.46016588569274924,0.04057322719512524,0.004563893388491144,0.4578867686704562,0.023476869265833433,0.0008686478525287818,7.644041977229038e-05,0.8010851778968251,0.002336908541642961,0.18857947036741177,0.5811629853519485,0.9697733103359945,0.030115851702367663,0.004098421706484005,0.0001940684040496497,0.42786850972449586,0.636175644468724,0.07957385894367952,0.0006298938665693004,0.5150146300821727,0.736461586874126,0.6567642837096067,0.3183433428164227,0.0005501864813518475,0.03599317836227773,0.001022016619399896,1.3288856611566597e-05,0.0005942107244309893,0.23226677199058568,0.0433598694904414,0.002295951966351582,8.301908157645665e-05,0.0004321519151234079,0.09012090798339566,0.024577995612337877,0.5005009867986527,0.12830877668392443,0.36173399610070384,0.04683284162972717,0.1669338431462667,0.2298087565723713,0.8988166668075227,0.062234079654747636,0.0646981251226447,0.9812448768093429,8.405650623139492e-07,0.29668320439306894,0.34614435913840896,9.920482728997107e-05,0.6366735375532426,0.8662446140861461,0.12515340492914198,0.0032063894003371953,0.021741735889564975,0.04366739182644742,0.0003900880723631332,6.472260976938875e-06,7.286855186202409e-07,0.014474748262885273,6.510935956717902e-10,0.0008184819734467354,0.0007984416124372611,0.010622265157737284,2.3293933563496727e-06,0.0006799020805608229,1.0162558739016538e-05,0.005615688004913945,0.00016141038945203677,0.0010747658003824598,4.766664700017884e-05,0.003241261860859874,0.001265429038982947,2.9359317392932296e-14,3.6302261616561563e-07,0.5303370135733286,0.000585573702868476,2.787278720019367e-12,2.595465844145256e-07,0.5137509591383678,0.7181132913390355,0.00234982137163987,0.00018184492621691305,0.35698107507632426,1.2624160505854872e-11,0.0005723662233769746,1.4673089382608904e-08,0.0629003496990405,5.548133239889946e-13,4.4735543627175635e-05,0.9577590361900871,0.4167204136589723,0.2265232332836813,1.6012478506938893e-06,0.4300617484501733,0.034840443743601616,0.004762334085061128,3.2134665260830615e-06,0.8540032391609653,0.8610254364557803,0.9408361293166012,4.0286562588079925e-07,0.15106590197614692,0.008194585656760423,0.3910190793271647,0.0008391371765077581,0.025926789240094505,4.0183493032417754e-07,0.2816348047258482,0.3776887182927999,7.521141989595167e-07,0.96687958257855,0.11169447155716578,0.6856721634617144,0.9934607105347607
temporal_16,1.0572619257407541e-06,0.4150879052998419,3.238995338649364e-16,0.015190668447190882,1.5307384536156125e-19,4.095442103702567e-17,0.014593297044725761,1.0085096814185401e-17,2.0532029048365116e-16,3.0486379190974462e-18,7.964357242687921e-33,1.6831248342158433e-23,2.600012325342471e-11,2.1801299537076096e-23,1.1168391655014959e-10,0.0008889398658663133,0.0,2.2909320054006724e-07,2.527155383603026e-05,0.20422625016849125,4.8581753576268906e-05,9.889170632519992e-13,0.0014059538299863732,0.00047866041449646623,4.129945250873364e-12,3.0656075862905854e-06,2.721589426831651e-16,2.97975898223549e-09,1.3405068272744387e-13,0.00852468184163852,2.5662839643642404e-36,1.0592575416902804e-06,1.8681080675080068e-19,0.6314629097502273,7.046791932822629e-12,1.7474164533941158e-19,1.1082704165034511e-21,0.16662913485579292,2.2924405348936267e-06,5.583757670048176e-22,0.4817467971949288,0.0001266803942688513,8.977917531339368e-10,0.3730703349711067,3.857909423939069e-10,6.715806922917616e-11,0.0436518267603741,4.457512727311177e-10,3.4305461596382697e-19,5.465438656852612e-20,2.6099375531746535e-21,1.3120328272880038e-20,6.895289065453283e-24,1.3359426390244385e-24,9.654481459363333e-22,9.05897001988157e-18,0.5540914962393251,0.24880779981421355,0.009871036096207512,0.0009276859863658509,5.294430172519982e-08,3.8772856091857766e-17,4.122233377773788e-17,0.2351537125057166,0.04007520109527217,0.8086489727010476,0.02253142809613857,0.30950526981891463,0.040770422369029315,0.001651925082599483,0.006864970856277989,0.014312339780327962,1.5794730076734482e-08,0.00020517849667892307,1.2040280305807769e-06,4.032274317286667e-15,1.418709469620703e-23,3.953103332085075e-08,1.2647658146565665e-21,8.270451480540302e-25,2.5292126340102156e-10,7.132482054658397e-23,2.436593330618784e-15,4.16182079089704e-19,0.38966693843013434,0.7164309002299694,0.7190964524057902,0.3560745304213717,0.02560737945182271,0.1227236213599837,0.31832368912902,0.041815747604020896,0.0007155211663893605,0.10790193713350732,0.021521339513467463,0.12085371555029048,0.3780733935492938,0.3859236312864736,0.0030620549326463094,0.13449908314156847,0.0013450832292771413,0.029543542044308944,0.47669175865593677,0.3753160964155367,2.68013385991071e-07,0.0029474620518977293,0.02586492952072673,0.39594499500075275,6.422883126417326e-09,0.00018224169068593648,6.751295371598072e-07,4.037030624037522e-05,0.9496934051679863,2.1477378900506452e-12,0.004915194592464178,3.5531614354095305e-09,0.1456727553917981,2.3869478864534945e-13,0.5952079454307997,8.265626574318134e-09,0.00043102563856753124,0.00014712869867456854,0.17763933084152522,0.4325803094206983,0.006573746316596204,0.01032525451911976,0.30210009937165155,0.12569271886120068,8.34645399898279e-07,0.7725961267161261,0.9001304753771547,0.8903929647122781,0.5829575501755815,0.4483292252564198,0.41263655825448614,0.7143605578103838,0.34324170617120514,0.2464537876881028,1.3635640732631193e-08,0.9198589269441917,0.29121991490852506,0.008776865264233916,0.28934756531267564,0.007154950416878673,9.525856826042104e-11,7.1826547175480944e-12
temporal_17,6.546637210473102e-14,0.9462972291998952,0.0010867776038299064,3.090960636246624e-07,5.182139417450855e-07,1.0560282115554159e-11,2.3735420978469648e-12,4.48970042800696e-05,0.05039271714314952,0.028933668603469413,9.623847652656546e-06,2.114841215922358e-10,1.1889014444653092e-05,9.267928470500844e-09,1.5481954311160755e-18,9.341863951557279e-09,2.2909320054006724e-07,0.0,0.0005557564028269363,1.8445538485464135e-14,0.6139278783340693,3.0927409274322583e-10,4.029898493525484e-21,8.17114770187335e-09,9.189745392096974e-09,9.032367258934323e-09,5.3001699527817334e-05,0.12027412024715563,7.278206922988996e-05,3.8085774335870936e-09,2.4634819042345744e-11,5.838720855731527e-05,1.0940745879086868e-08,0.0002549899202604039,1.752177248684667e-06,1.0250847661582648e-08,1.542890519679999e-11,2.924674669814065e-05,7.824527659409899e-10,5.974982291730452e-06,1.5204226244849558e-06,0.5788937728811191,0.014266351398732245,0.07968244443936291,0.021102413398515693,0.1927322286528107,3.8617428706743857e-13,0.007734601563849168,4.775674504295032e-07,2.2408899865716514e-14,3.4936566045954e-11,1.3254114144942411e-06,2.9661987499639642e-06,7.062877330490594e-07,1.1622090236131074e-11,8.189868470872347e-12,2.1260165379035413e-06,0.00233422300305992,0.008265737709772316,0.6200418807659405,9.69483119966232e-08,4.6220177913437774e-05,1.3816311263365308e-05,1.6526487366129174e-05,1.4537430806332534e-05,2.282222113844008e-05,1.0604334090612966e-05,2.14851924056269e-08,0.3454184085906078,0.023440134402169816,0.007881179274377184,0.009453504930107392,1.4806595956132983e-07,0.004435153896331976,0.004987246390382999,0.0005473604952058881,1.4474240801785154e-06,2.7785760405684323e-10,0.00021073616611622377,4.655092212099593e-08,7.302156135757078e-08,4.0746660959694915e-06,0.00029799392703471145,7.988016533188783e-09,1.0587920836713159e-05,7.799409848759288e-05,0.00044158428159046223,2.8885425936173695e-07,0.00011600597295314905,2.562880469063481e-06,0.006027144268113716,2.8873197518977914e-08,0.220266233367716,0.020529334910167327,0.22075556748783087,0.0006195775203926492,3.46025335161338e-07,4.064052633706575e-06,7.307240951489641e-07,2.8428121911722115e-06,2.567151104344692e-07,1.4344451568511478e-07,0.0006945048953652075,2.454850299193478e-07,4.336466787082554e-16,4.669324275499914e-11,0.0405497538496578,5.387361352950987e-07,8.808544982893911e-17,4.393261651674704e-12,0.043507363121770226,0.10110295286783355,1.0957134014428352e-08,0.007370797643885457,0.003361504037983867,1.200112559689887e-20,3.246853908948601e-12,3.2810766219007717e-06,1.0745621150768719e-05,1.2578454792825284e-22,9.13520369969319e-18,9.790506928943083e-05,0.6006249987421406,0.15099749212160987,8.85866637678133e-10,0.842367504401694,0.5927756619704068,0.687151990087259,1.6330290876381874e-09,0.9726504065818679,0.07187319445992617,0.011604690911891135,1.8778324358021e-05,0.6104546800399402,0.00015475750159149072,0.010412475456179035,0.00010735378713153236,0.858635299377066,4.5278595948679674e-11,0.47172638351133145,0.3520815174978563,1.5134779437694024e-09,0.2888381690679447,0.4734399346846313,0.000303324596048754,1.0615745151710594e-05
temporal_18,0.007478499335905662,0.0010972608657472027,0.00047987313594180975,0.32747995708320643,0.4120533397514884,5.404203011415879e-07,0.0028644290133987326,0.00017018489301905257,0.017799258243615064,0.007929569581673254,0.8985946334911583,0.9949949581434532,0.004675268358510225,2.3838170230877668e-07,3.3255062816193625e-05,0.12786130438907145,2.527155383603026e-05,0.0005557564028269363,0.0,1.8489315922391714e-08,0.029809447603338084,1.1162144542454772e-09,6.143774016643277e-06,3.01056934026437e-13,0.0008266714406167977,2.362549157654694e-07,0.0006515233711719214,0.13477852615139657,8.005018456001386e-05,7.352943633055516e-06,0.0019723712738465597,0.0006897208765695701,0.003467727163521357,0.008788835341302453,0.1643040195249968,0.003033457612067934,0.003819608522334089,0.16209512917990662,0.25344359864889376,0.008537360856187596,0.8608342110832635,0.5454179999515809,0.19171490223851206,0.3875240798820299,0.04158502393409592,0.040698157125482685,0.00619926412843604,0.07426371851511418,0.00012400755712719944,0.0007519210534873143,0.04674455552031733,0.00036963783024884333,0.055139126866856715,0.0007719167888045854,0.00022734426628116716,0.0603644763826134,0.18108919339490373,0.20304804392647188,0.14619853626221968,0.04025989999574207,0.5507763244551832,0.006861576485135232,0.021641117954946304,0.3436834849211335,0.6351060562570743,0.06983717181378395,0.9343804722875153,0.0034712012267233646,0.18900713964889646,0.0002513931793516106,0.9706467160721609,0.9817091213438895,0.024080009659272265,0.6125201130936334,0.8516956503652301,0.002551058117217156,0.0053747951439649016,0.0051840173730167746,0.01343177631593282,0.003124799058513594,0.00044104734205213116,0.0025198454573548074,5.1000106550483646e-05,0.04812428267037636,0.3440456157908421,0.15557211908688248,0.2951940931717738,0.266184806322113,0.38037518926641106,0.5003096912907375,0.6569926083977153,0.4096347397824886,0.2982456336681908,0.3148098940253944,0.8154193939635552,0.4569346768561671,0.0707005733445487,0.04097293115858662,0.3457239002468387,0.475229857600291,0.16922344055071206,0.42047076591534743,0.6129702608521871,0.7841551512306721,0.5579915092335831,0.911472852673443,0.9368981927668879,0.788794520106669,0.26651910787970035,0.5934257096754741,0.9931110979189968,0.21111025158183502,0.013185390820784786,0.8333899104040572,0.9738946584260415,2.348537102092593e-05,0.012013386464491725,0.011237549221157689,0.8174389455569945,0.0005000080756025238,0.00885303771299409,0.027263073963367572,0.11815695910793209,0.3335955840042821,0.102816649470356,0.02142596390058137,0.021463936178315223,0.0007931177607022281,0.003911833773787255,0.11776934106646782,0.4492314779640945,0.22661223601687713,0.3205229126845454,0.000512937163924566,0.02037792655349461,0.2490696629750873,0.1676669075540842,0.06482004954811964,0.011014368024297116,0.1573366614460428,0.10858464083528205,0.27818951283323007,0.0030118896548218766,0.9360438041829028,0.07495919301104295,0.04409980849663529
temporal_19,4.615481073363822e-14,0.0013007628046059867,1.8227746958267065e-14,2.379092341797063e-16,0.4253386958092494,5.337519832038384e-06,3.272329317735719e-17,3.8626548924836385e-09,5.16835667655421e-07,0.25842969846852915,2.6927157110985332e-06,6.871197454925895e-06,2.6657263476874332e-17,3.2540144408341703e-12,5.456118742288867e-13,4.325990679957639e-09,0.20422625016849125,1.8445538485464135e-14,1.8489315922391714e-08,0.0,0.001172271564031675,1.3496472795841372e-13,3.3122133240433706e-25,7.238444133107576e-11,3.1515216563332102e-18,1.7082066146325366e-05,0.014081469362005722,0.05522408396611764,0.0004038698635903227,1.1132228781677957e-18,5.077890609260723e-09,3.594048087396893e-06,8.522285334295712e-05,1.3224393578536233e-06,0.0003189291915447098,7.483646832735482e-05,5.337528285879294e-06,2.880438224470555e-05,1.370662350009325e-08,0.008645215545630743,5.685203204690113e-08,0.11567996679695572,0.048669665191126164,0.002493973869072632,0.02277946159279847,0.233634960970179,4.708535387514514e-12,0.006023408201462397,0.0001075474681476223,4.068327194196639e-06,1.0587615802471121e-05,0.010251495031139712,0.1545286126484093,0.2722361377612903,6.635925515741726e-06,2.8102304920653586e-06,3.2786981802308575e-05,0.0014231272022219301,0.12933755528194668,0.010425499453619884,0.00012251450513827317,0.0020188451548903393,0.003606702104993235,4.4255765545323845e-08,8.828092601898625e-07,1.9034690150834088e-06,0.0006313648952297881,0.00267338502025542,0.00791314250363492,4.49443179668854e-11,3.267272802146315e-18,0.2323041858439869,0.047483880199617245,0.015534415582943382,0.8881662458394096,0.070207550788965,0.02276476163609522,7.835851145114624e-12,0.2808590925871596,0.0009191954141820106,3.429449192245455e-11,0.07826264195729787,0.0011906244581861949,0.002288480862269128,2.8657586925694884e-06,4.054764376736023e-07,0.0012724612688190537,3.0146809579779648e-09,0.03999366395508055,0.07559743000386847,0.12701829557804045,0.0072714859046708715,0.8784176563829595,0.548184194940134,0.409838725804791,0.557825426461078,1.9575899583879936e-09,2.4932885177201e-05,0.002817258095131511,7.758627688260247e-08,0.0022812319676413684,1.5446016269009603e-07,7.302196112173568e-07,1.0587925172833442e-05,2.230885948044886e-08,5.42434998795176e-07,0.043413787824015886,7.098336148230838e-05,1.8460547059555237e-08,1.4927712446228294e-07,0.1865786356046877,3.6987555735090966e-06,4.063474137342872e-15,0.7358003150268906,7.194304021746896e-08,4.705253445495475e-21,6.026290988857828e-17,0.001105619747610844,1.7825213867456496e-05,4.1600186878614946e-21,1.1553236179439542e-16,0.0015344963600921412,0.26579650458105364,0.07946308361218339,1.549489189438149e-05,0.9685565177963682,0.9419495619727212,0.15449775512176372,1.639758998431256e-06,0.010370719401386418,0.6478824187809608,0.308807482308529,8.152065372192808e-10,0.4153927211314617,7.618758118163321e-08,0.7071787073072043,5.029568243027299e-11,0.8238410092157686,2.6816171727864164e-10,0.5881175978522172,0.12954283758972324,5.165874228825001e-06,0.45182949373568526,0.6974127779486009,0.0010657851016363522,4.615641976959721e-05
temporal_20,0.043550763070652525,0.5663944881529657,6.300698575388457e-14,0.3232197068198683,0.003598849521477449,4.8020321991396324e-11,0.007282319502655463,6.2115929707726e-11,1.2110771985522346e-05,1.502172034657211e-07,0.00037553494279401653,0.0010755289278422716,1.4549334744417152e-10,9.888950423594473e-07,0.000120005633682009,0.24699950562225353,4.8581753576268906e-05,0.6139278783340693,0.029809447603338084,0.001172271564031675,0.0,0.009276120101320038,5.540400092972483e-05,4.411094300149185e-09,0.0035155487310690515,0.09897530581303837,4.3661265941805814e-07,0.00013267677242065416,1.2630406403973784e-09,0.01815000661136321,1.4408971198985598e-08,0.003838847017133038,9.582876283721616e-11,0.119415328463184,8.280501521803607e-07,9.251855066786069e-11,2.337881152150335e-12,2.504801698405972e-07,3.7830913671733446e-07,1.0931108639102691e-06,0.0032078630732565107,0.09231726406058825,1.3345439264711394e-06,0.7767507300014913,2.5198539326382055e-05,0.00045995908169486937,0.24750000369750905,9.202487436530304e-07,2.1090970722127624e-09,2.9756920184710986e-10,5.66056445676906e-11,4.3104254984864565e-07,3.606199992021999e-08,1.8656928603685206e-10,1.358098083864416e-11,4.773766731286782e-10,0.11237556169334512,0.8598408478397401,0.01114016656394982,0.00031161740645694713,8.672777474889003e-05,2.2081083570347588e-09,8.217383006454033e-11,0.001363692311331888,0.06181203568104174,0.22008375493195464,0.10796862625423069,0.0010064449703411748,0.01659886128402284,0.07468768418131619,0.8501023464495684,0.04613032723860351,6.534579667703268e-06,0.15733855077720535,0.24112499684599337,2.776058496891403e-06,1.1337490148888267e-07,0.38661043924353633,3.9068991428515455e-08,6.089705392121201e-07,0.9500574704025555,1.1762366314362664e-11,0.0754285737094831,5.141618269956996e-12,0.2247672088350423,0.022808243739862295,0.9325805781784214,0.05799896918962378,0.0708678724984695,0.6417787153221683,0.09247196615476092,0.3443205511799922,0.0032024815035217886,0.015027722870935928,0.05398907515576699,0.0205094417813634,0.01949084883550229,0.8938852446729072,0.5168802561276956,0.0003123317511370501,0.00033894077751222185,3.955597083934091e-05,0.007297445778613512,0.021643739625372235,6.151328214454534e-05,0.00019452509519753814,0.7997622948297723,0.04152938361223943,0.0008930936249595071,4.79161923249407e-05,0.8104615578322447,0.010127486334437994,0.0044023588266385106,0.3064627389633338,0.013329481086534046,0.4448151381934649,0.04956062143622198,0.7490211911837056,0.006054266739261817,0.2605728544264197,0.0067669534810660265,4.798383867232579e-05,0.012523223273507874,0.9439721315725105,0.007943410682774042,0.0007694781611922869,0.9247564997552481,0.7070693434448645,0.30196573853346803,0.29918211385750576,0.9960661167905795,0.22470757751411732,0.09500913687069688,0.16844517989900618,0.06083749324456444,0.8512862750331133,0.0025103792069817808,0.7260026280195239,0.46699305284318376,0.0007969515247310319,0.657934489987034,0.0009130681844745876,1.2262381770818892e-05,0.015527503398505477,2.3763687706030724e-07,8.482497342920413e-09
temporal_21,1.3781107958368811e-13,0.45759688849284386,7.588926840940685e-12,1.9554091111471957e-13,3.3911652087661516e-07,6.236104941934946e-07,2.877254662705876e-06,1.4618008940936643e-07,1.0529115726469964e-05,5.451721407963747e-06,4.895046066367849e-09,8.476866109730785e-09,2.243964141588006e-16,7.115822907725317e-18,2.6488671856301432e-09,0.0001024063896487247,9.889170632519992e-13,3.0927409274322583e-10,1.1162144542454772e-09,1.3496472795841372e-13,0.009276120101320038,0.0,2.4320991066999804e-10,0.0006680747734250325,0.01449773188183981,0.0024171702566241566,1.8768974997823326e-15,0.4390461336656239,1.3655882808383032e-05,0.00014719366664464823,8.036753214685986e-16,5.6161320600827935e-09,9.986172000695929e-14,0.7893933102959398,5.503178096457109e-12,8.155898243072647e-14,8.416528751923562e-15,0.014975734871725727,1.407341734921461e-13,4.4311197976899695e-11,2.332195287159259e-09,0.9520190340538887,1.1522778637747307e-06,0.1285260850057115,6.092507880120566e-09,1.5326050424064052e-06,0.00015315419299498652,3.746232962878116e-08,5.29383719573006e-15,5.253815388120046e-15,6.16342513978787e-12,7.79868578840873e-14,6.409860099274246e-10,3.613625840876576e-10,1.0738981354410218e-11,1.13448247757051e-09,0.9207776087586192,0.6735094644475527,0.1399046062381576,0.14723542859639097,0.006464010413842024,7.11017025815005e-15,1.0762530492281543e-11,0.00013045530020910784,1.678389840632307e-05,7.936199433037269e-06,2.7835197025941338e-11,2.5821719755080703e-05,0.27175410808949074,0.0023568011739058562,0.0001933013517124429,5.802292695135062e-07,6.20188628424546e-11,5.830193509689876e-06,5.883326997400958e-07,1.0311205371725681e-10,3.384514791229022e-12,1.4432735914882982e-05,1.2251549022180205e-10,1.8371602881032917e-12,1.479168021926784e-11,1.046541273105025e-09,9.319740450073519e-14,2.3752414640892673e-06,0.8300444089281119,0.6354396212117994,0.6162770790621231,0.9765132077999309,0.2996576532255073,0.7334391537959524,0.2627214008095839,0.8488334522978509,0.15387955255481423,0.19917573431288665,0.07907839420290604,0.028137384251035284,0.8916890865333448,0.2694502524879796,4.3344040258508396e-06,0.0001986573634953339,0.0023324241970655753,6.34143834493938e-05,0.0016743629963438113,9.653235583846466e-06,1.749745778756728e-07,3.0601269139796296e-08,0.0043865080504175945,7.104119477208204e-08,2.7497142430025473e-13,3.270241800790832e-13,0.07785618585646199,0.4110072588231784,0.0010242033947489072,0.120274140173574,0.0023188084534377573,1.6041666890661065e-09,5.187359355867086e-07,0.0012477206552467136,3.1773209942348155e-08,3.5542890774444153e-13,5.633213211308985e-15,0.0007608614637491024,0.019252194349564475,0.4710951524380037,4.277808284961773e-05,0.0054739121939044845,0.0924507737697438,0.007386600715663322,2.9607803798137052e-05,0.23789434434775042,0.728204193006707,0.4106056619994551,0.143293765764643,0.763255574807604,0.8238429304078748,0.5935272039504565,0.26457260810164795,0.10631045432985944,3.2832466435962202e-06,0.053207329264732046,0.2412610261060834,0.00012536609826076893,0.0830071515870362,0.09489740776162393,1.248777523486741e-08,1.0524757231749192e-09
temporal_22,4.68778023432875e-11,0.39082615292097195,1.1327435444093613e-11,6.351797097347522e-08,0.21079246656711145,3.0750747076923506e-05,8.442997531749438e-06,1.300129642259491e-11,0.019596316879096007,0.0790946969593121,0.22243990739734704,2.5207174644684945e-05,1.0726386552461896e-13,6.223147764080087e-08,4.015662179581121e-16,0.0005700356641787067,0.0014059538299863732,4.029898493525484e-21,6.143774016643277e-06,3.3122133240433706e-25,5.540400092972483e-05,2.4320991066999804e-10,0.0,3.8479646729503874e-08,8.525127032554264e-07,0.10747680799229833,0.0011429306247308867,0.7015399661347484,6.429936365987848e-08,2.996592145445344e-07,4.614537874992883e-10,2.0455797464622784e-07,1.1600018130555299e-05,0.0015367405131548853,0.017681489262854268,8.559193345200121e-06,1.4327317524824646e-05,5.954459804725438e-07,7.610727469773194e-06,0.0032193717979561672,1.7442796119003782e-07,0.002803459830414147,0.024758932335864594,4.030436993848928e-05,0.0011443557093873652,0.04441480262098833,7.798750623715597e-12,0.002007040399954835,1.1152720277960242e-07,1.011061486492547e-06,0.0005762347509443645,0.0009668255136549204,0.0007026945577599194,0.004323397639825243,2.762546477179522e-05,0.0002879841408432444,0.28369385868863467,0.05682753966967467,0.8748592867908271,0.0007537341077638602,8.551778415147136e-06,0.016039800018879453,0.033814733076264154,2.4288615405398877e-05,0.010205299672535221,0.00020337847728025998,0.00011157370531221915,0.000616246522331978,0.0017384684532974976,0.000810891094646764,1.1746408789848568e-08,0.00016440555625158823,0.005303924697518709,0.0012424402053825372,0.026699289984411404,0.0003007792449471345,0.0009773304138927992,3.1962186702523897e-06,0.012660799874330279,0.00014699980534533304,3.959575836570683e-06,0.004682548678481913,0.00016194520849723096,0.007619079471549939,0.015942359424965438,0.0006575248524799376,0.21079568467170967,0.00022698383848416339,0.9421780053740179,0.5508091790947739,0.8519486085569065,0.25935914911981744,0.050441247585170955,0.07691184274161926,0.5696960218788983,0.4309387161748711,0.0007912239861332679,0.11898725269303229,0.19355321111257398,1.207167634522556e-05,6.231135549101657e-13,1.3300668617105706e-08,0.01028857687634759,1.6613333091458494e-05,3.5999771179491256e-13,1.4621686039399397e-10,0.03506842711753165,2.193142562494159e-05,3.8115312263653266e-08,5.667536269706186e-11,0.0034225647255680188,2.2302395455409644e-05,6.098073746153362e-12,0.9233428336404497,1.5930211050805703e-08,4.524744734766248e-11,1.1099554881340257e-12,0.39221018899520704,1.2459941762883562e-08,9.916393929893319e-11,2.924889633025743e-14,0.0002827369422902067,0.019800226555037645,0.7501090899121781,4.0958258996125735e-14,0.0008387632874456436,0.46977631436721695,0.9247600419268267,2.833304920234474e-05,0.41686683894002585,0.01164675362501854,0.3555161567319327,0.0047580440551776675,0.4047385334394872,0.0001779247664440565,0.17561998948650434,3.1432341335749845e-06,0.591592959109796,1.0679099110157536e-05,0.011872755222067414,0.4032648620686988,7.335392841055527e-12,1.4138447263473817e-05,0.5359653339423451,0.0002469599404876831,4.063331679920093e-05
temporal_23,0.026558752727378798,7.835026487079078e-07,3.35611699448118e-14,0.4486473908566314,7.453443586150882e-11,3.9741158412436605e-15,0.0004670496716310851,1.2530821657038153e-19,4.221315319452037e-09,6.2114001764578e-10,9.69582196009973e-16,1.7771609316444612e-07,9.831207646639465e-07,2.0298102430185604e-12,2.086258342284328e-11,0.00021328509079787314,0.00047866041449646623,8.17114770187335e-09,3.01056934026437e-13,7.238444133107576e-11,4.411094300149185e-09,0.0006680747734250325,3.8479646729503874e-08,0.0,2.4657749727473962e-14,4.301419629624423e-20,1.0197389116245316e-09,1.6401564396290553e-09,3.487076153462889e-08,6.129934079903199e-15,2.847965452529259e-16,1.3776540621624871e-06,9.10500707920018e-13,0.00020805792980857043,2.7791574718401525e-06,1.2576624626549414e-12,6.756254029124578e-17,0.010013169245531242,0.01637556628555214,1.0021732122332804e-10,0.052829890155364496,0.16334740820410432,0.000472249532131105,0.7826861274510989,6.959546333665553e-05,2.5057293000483e-05,0.09438747007586218,0.000285130895883294,1.2652031957269094e-08,1.1675231516941253e-18,1.6069685878338627e-19,5.18228998194406e-11,5.465317474283975e-11,3.151651816659154e-14,3.3035311316387034e-20,2.911680041360654e-19,0.06798344408322439,0.9163060308337723,0.3575983514772627,0.005709110344791688,3.363633407588006e-06,4.7757175548230025e-09,8.767945317835024e-14,0.178750063361406,0.009954475789924006,0.007693711023174739,0.07404453130902329,0.02313100025604582,0.7409402520123897,0.44457028034300905,0.4894228495128625,0.9990468668275194,7.172285543294338e-06,0.026054624275006853,0.2468586382121136,2.0106374687733265e-06,1.6340067411300995e-11,2.1246077152375617e-08,1.0478553424824654e-09,9.58194143127561e-13,0.0003647233962531587,2.2971315282048334e-16,0.001499880137791363,9.04897393112966e-24,0.0438581118719217,6.664651445345706e-05,0.29924685684794816,0.0016370879470156143,0.939426643586167,0.09591603095861932,0.9565067076275222,0.21640837876555324,0.054493108462865626,0.18509643337256526,0.7968574234290807,0.24269151130666428,0.0018526604400323937,0.8854817383873008,0.9277325563736778,0.5597520577649832,3.067875407774377e-06,0.15353267350708924,0.2793856537267919,0.46079365853418874,0.0001072429074525991,0.2997153793621284,0.002629783995430704,0.113276056035361,0.03582983939117203,0.42726188544980165,0.004581744252363076,0.6176999483168165,0.005448318854632393,0.00014788577002775602,0.027744394582308516,3.627163846170271e-11,0.03259380341352069,2.767712481220014e-11,0.014461771227513433,2.4483902647732607e-10,0.005323732426914921,2.3484232360831713e-06,0.021110104616078387,0.0017427674964017078,0.0009367374446068978,1.1349031268654265e-09,0.8670376420959529,0.7639390922113334,3.4728603695892247e-09,0.9216167583081304,0.13414575228875097,0.5869591106295031,7.630919329022796e-05,0.0011864352534523062,0.00027857961290456623,0.11049080580686957,7.678167735566552e-07,0.6923793985341635,7.361692852849244e-08,0.004335830392294601,0.0009929109725565482,0.00038857340471838356,1.3884901431174356e-13,0.6854488606204608,4.309614258430053e-05,1.2839617792779436e-06
temporal_24,0.00043801265288250944,6.365749332181659e-06,8.614636763166241e-25,4.334692725579476e-08,9.10815026067076e-17,6.501501623083072e-14,1.2216245738016988e-13,7.752376806016754e-25,5.591051430092471e-18,1.5531824721574538e-15,2.040077342528943e-28,5.883498909684341e-57,9.069144684397691e-10,3.326841831815199e-18,1.434159642218405e-10,3.774764690736797e-14,4.129945250873364e-12,9.189745392096974e-09,0.0008266714406167977,3.1515216563332102e-18,0.0035155487310690515,0.01449773188183981,8.525127032554264e-07,2.4657749727473962e-14,0.0,3.5300292557410223e-16,6.151623274799093e-06,2.3217947895506207e-17,3.77413606665848e-08,2.035897895979233e-08,1.7057727578800217e-18,1.9083337561440832e-05,5.89111448266489e-06,6.56277841553163e-06,4.1240925702003365e-05,6.79251524748333e-06,8.031173289037447e-10,3.0750608938672674e-09,4.847895168797654e-10,0.00044016968181430024,0.0018356636248533947,0.4448510439126003,0.04978358147534618,0.7411832423994703,0.2520916915464877,0.558909904462956,2.0188860404364626e-06,0.05691852787761986,0.00198921986947415,4.677275206753481e-09,5.826103798949771e-13,0.013415393350884278,0.00014466304495383263,0.0012990476106713607,6.59765676427842e-09,9.456674918816697e-13,0.00345028544163904,0.0017323595704587388,0.06262212761564437,0.6263393900958694,0.0005690341560061704,1.4382901068270524e-05,1.9419916476687568e-08,3.667506484984303e-11,1.9863064665220718e-08,0.0005733449720627562,0.019189987432196857,0.02531336252184874,0.0022054525725314546,0.8162785545226624,0.002510945150482319,0.5828173298927595,0.0008016613141138054,0.15223209871313012,0.11010454294992315,0.6678255210873141,0.0007828160600013923,9.98955390159963e-10,0.017195333892435355,1.9350021790396035e-05,6.988219540803613e-06,0.0002553073784915537,0.48501011934107024,1.0950068544880846e-10,5.9919636529409646e-05,1.829471486253757e-10,0.017924409477867383,1.1780053383546106e-08,0.059697750017524295,1.2951256090738578e-06,0.41277402321559215,2.3643410509877837e-05,0.9987722177984426,0.06500670176061685,0.6392283114661232,0.0441329131092326,1.4165984505834324e-05,0.014724585380086915,0.23238440110654074,4.825869578547619e-11,3.8224900729536274e-07,1.6619713481008627e-11,3.2021371307643795e-07,2.1010128255535967e-06,9.981339874505202e-19,2.578557347725771e-10,0.972464932846422,0.00037838982839344425,6.30887598678373e-17,1.1328860933916524e-09,0.10726863517178409,0.3016577588061628,2.5732427507728325e-06,0.0005596609325429131,0.043750277095186065,7.036406423716045e-17,4.645503537766675e-07,5.521551861886035e-09,0.043979856430663974,2.5455258805491148e-15,3.736267059403167e-07,0.001728863465321586,0.5749850563306192,0.058065025523995645,7.73784463265967e-06,0.20583584900759277,0.013198005038905182,0.00023945362672527323,1.3018241812904273e-08,0.7215980129362506,0.3444136900346743,0.1030813736581052,2.2727831176080433e-19,0.617728236238639,1.0905910697069466e-05,0.0777321228732357,2.9970628468142825e-12,0.014277698729099675,2.9385633399867214e-10,0.9845877493714426,0.1442123776389177,2.631809759138669e-06,0.08092099020926975,0.5417515249540696,0.010748050031382218,0.002540794499640324
temporal_25,0.010576690218155431,2.6989061408793778e-12,8.704054975505198e-06,0.37089973944049515,1.3695947914014725e-08,1.4540041460314115e-07,0.0012902463226003458,6.469431591253002e-06,2.0146566510582966e-06,0.014964775961736804,1.749073318463136e-13,2.725051065217215e-09,8.950143426499434e-05,0.00013629025501114137,6.015987184637299e-08,1.1547792971730369e-06,3.0656075862905854e-06,9.032367258934323e-09,2.362549157654694e-07,1.7082066146325366e-05,0.09897530581303837,0.0024171702566241566,0.10747680799229833,4.301419629624423e-20,3.5300292557410223e-16,0.0,0.0001993248180723368,2.714745660989853e-09,4.736213596764382e-05,1.0050519560859053e-07,1.8505942356093352e-05,0.0006175550960767072,0.03635590920431561,1.2593118940088328e-06,0.0006984886088548377,0.038447080858286,0.006396534306001676,0.08304416689273905,0.08036889753843114,0.03983159467438939,0.09377533014881692,0.3553357176718336,0.8290101726506085,0.0002101235011787844,0.6393529967390256,0.8768512455907952,0.10571209767681165,0.49974376746903,0.07294608142943651,0.0008953935098488475,0.005555339633865954,0.42872049931717826,0.2737016070792235,0.045092282972453976,0.0006072912626129736,0.003238487399384825,4.845674007155552e-07,0.0013977346297128358,0.00019382059601045728,0.727779226316815,0.16748340623751506,0.0018428154097912372,0.00014422594650144094,0.17788211143793872,0.6338124583546598,0.6296368913118755,0.1212433898101988,0.004824954688551248,0.001506588662659454,0.003988242300155888,0.2938923844547338,0.6362857237411733,0.022937893983911984,0.7774863088286564,0.44535031651499846,0.27181311565929617,0.17394932722255912,0.00979033255821056,0.3213343315312291,0.0878121798107584,0.17402794590119616,0.025794371275355686,0.6581429839747706,0.0021924633861271415,6.947075437973756e-07,1.1387291232640644e-05,3.866484699180475e-05,1.3443541725208183e-07,0.00038521586662751737,0.00012105124971805232,0.010833493390689513,3.388373961677639e-05,0.0693055756902079,0.017313239161447377,0.07230982288131205,0.004894187733759007,8.635902712036808e-08,7.634746850951717e-05,0.03199261987147482,0.19880265228952473,1.0265157201794075e-05,0.03132798301931196,0.9848783581817725,0.8295515284434413,1.3994023001185873e-05,0.1565894582911917,0.022080371562516285,0.901564063581299,0.00029818825867682623,0.10320520175662863,0.13146228480041203,0.03535465125212688,0.0023128086953644964,0.9164969434473573,0.13592312670639295,0.00010390102294116415,0.009408120075653708,0.0524382611292567,0.3463452264674595,0.0005876497701960873,0.028084835830791202,0.2781564548450846,0.2908477827105405,0.7594006816046731,0.00012902729980637199,0.022859072778390294,0.005442760932255635,0.009104301535322422,0.0225521393018126,0.03113245465633404,0.19778257370787705,0.18751236947797445,8.581467493940348e-07,0.8158215570724052,3.5395285615241206e-06,0.30997859430229224,9.24162999483773e-06,0.0016009106615215666,0.04313698921703018,0.1716044651934145,0.9733346019259844,9.620062941225255e-05,0.01204587303363851,0.16542686573024729,0.3518396970090644,0.2142639536056129
temporal_26,0.00039972595520065964,0.8014165221830273,1.8511416100464678e-11,0.0028499959062951857,4.523603627405693e-09,1.309725286952795e-13,0.0633620735626251,1.0850945330031958e-21,0.0015336600419990425,2.3533048804731083e-10,4.935332113522503e-07,2.883255154223111e-07,1.541204796068077e-06,4.49586711903289e-15,0.0004949381806050751,0.1678407627471781,2.721589426831651e-16,5.3001699527817334e-05,0.0006515233711719214,0.014081469362005722,4.3661265941805814e-07,1.8768974997823326e-15,0.0011429306247308867,1.0197389116245316e-09,6.151623274799093e-06,0.0001993248180723368,0.0,0.019941630604470573,1.6057232860572035e-08,0.0019527406109621087,3.1356185533780197e-25,2.60500612667802e-06,5.999586211049777e-18,0.3024551197242523,4.0339974109565543e-19,6.5340692543630246e-18,2.7840173850846955e-18,9.588846283171901e-05,1.0069785074404932e-12,2.6947043849641752e-15,0.0006117056887194308,0.7435627465213525,1.1728479686883758e-11,0.30917053373972186,5.5507366745718936e-12,3.772950397758991e-10,0.0822891479790965,1.569171783004123e-11,8.403119664298694e-17,2.7346059651586734e-18,1.3434741697305585e-16,8.679346839468465e-20,1.0885722107157077e-17,5.937271962588286e-18,6.668728910639252e-15,5.0252013239908655e-12,0.12130802100105542,0.2759463471729924,0.27417707741982095,0.15089286587489506,0.003321098840159743,2.3369023665498076e-19,1.9351491537902034e-15,0.00010181757525572235,0.023006930874205474,0.01482144618145614,7.211227224725467e-07,0.02577699352364496,0.03662814128756598,0.8851509813849371,0.6611792746437349,2.877607048091828e-08,3.667008034041805e-15,0.008123400976835643,2.0773947422091385e-10,2.341514170000507e-13,1.3144225786734356e-18,0.0004664113513274722,5.96940050037489e-18,5.967276818283456e-18,5.4925299644457676e-08,5.68556402266166e-16,4.725670632433487e-11,3.461608660496464e-13,0.5821627631186211,0.5529961795220049,0.7085732903326519,0.4550666419593628,0.7871366334610106,0.9922371979591958,0.6551397630850527,0.6163803119940845,0.29831322301134233,0.9625719335469777,0.08973172984456161,0.19680545639148278,0.05075151343509408,0.00603303705592291,1.7568811686256566e-10,0.0003610295772977348,2.1458201992049005e-07,7.598353779170817e-06,0.03184464774799688,1.907911084713162e-05,6.763325615219279e-10,1.196280023895061e-09,0.08970513389273471,1.1198680863832401e-05,2.8608479589430406e-11,1.1260830876731121e-10,0.2659138754353939,0.2511533577122313,0.1703591199193531,0.0009706809387228301,0.17555134927188093,1.3685816200601946e-05,0.0025163910370240043,0.00012924311530819615,0.00018657659358841758,4.306086333919488e-06,1.6705359183945082e-05,7.313724761865349e-05,0.6714728396422761,0.08917250001883845,1.4632727872448646e-11,0.4142119640276923,0.038019189133794117,0.028670918491982486,3.474788485849725e-07,0.3984832823437545,0.3715147189228954,0.010054738632607606,0.8383013459061941,0.022394663114129954,0.34287390226685105,0.42211840417206986,0.292181214896984,0.07156237542371778,0.00034222992667825187,0.6978694065435169,0.03482191680548742,3.3610606080669203e-09,0.014368700343104198,0.00014965947124081523,2.389568024937126e-12,7.503148565751877e-13
temporal_27,0.03886756029637176,0.0015999866382248238,2.377220736959088e-07,0.2799474953827285,1.7191197151781754e-12,1.5728999056313168e-09,1.2991975944001534e-07,4.1206489863210566e-13,4.906762154276509e-24,0.00010585101787523115,7.527067514617789e-18,1.3270725256373364e-14,1.8682461650498544e-07,3.645355686249864e-10,0.0005148425986813259,1.7395943614710612e-05,2.97975898223549e-09,0.12027412024715563,0.13477852615139657,0.05522408396611764,0.00013267677242065416,0.4390461336656239,0.7015399661347484,1.6401564396290553e-09,2.3217947895506207e-17,2.714745660989853e-09,0.019941630604470573,0.0,6.645343467454957e-06,6.347850059635804e-08,4.528835816885641e-11,0.6268994997109493,0.00047644677290129494,0.023516939837045468,0.00013538696468255187,0.00046147791590048595,2.468419363157609e-07,0.00012919226758767964,0.0006531802267057652,0.00035121520389079335,0.198352749601812,0.0010805625718974703,0.545752669981029,0.11964745631306631,0.559970387108887,0.37943716049071724,0.9917590165268931,0.8658952243899223,0.02737223619007222,2.2142646942046845e-05,1.700575366900698e-10,0.0067589423676574995,0.00024918472916908514,3.799118433872484e-05,1.8010224989553978e-07,1.9759133611610726e-09,0.0007713192716571199,1.581350590694587e-05,0.00021103898180447928,0.40878748247899804,0.031991832793310096,5.770467134891686e-05,1.1138509660533753e-07,0.0014450273479602771,0.009926186559473164,0.5170987457427486,0.7572473958596062,0.8989368031580147,0.713714385414443,0.027561554734627437,0.0115077434579963,0.13470012256181388,0.021996679088228353,0.06845152994717991,0.0033257554748146807,0.7751266988614394,0.0006465811454466061,0.011544616176014644,0.0013340241682488407,0.00027960621587892124,0.578411938429814,2.699610996267832e-06,0.7100957357174008,6.490748693500174e-11,0.00010934220248649652,0.0006909251267526538,0.004249726956593864,7.230335183560639e-05,0.012295705641546088,0.008666282008668355,0.11017887948124266,0.010675499272830114,0.2794262853029392,0.18825993345872571,0.2978294627258117,0.19632108664268483,0.004478959682185684,0.0029688981823942978,0.11083246003093239,0.0008144707148619293,0.0157840705766882,0.0007999456066229249,0.008787675746051167,0.08487221095745326,2.4351391344274086e-05,0.008264274200232102,0.41223629373031534,0.3704578492689172,3.82660644811119e-06,0.01155548822729652,0.004043240365520431,0.008620833330385153,0.6390755545355615,1.4579113055289052e-05,0.018442787790418892,0.0011239317860697246,0.6951902554539131,6.884973122991917e-06,0.02135549650541814,0.0033554903896043553,0.7748734718215812,0.289120216259479,0.6530536365220659,0.38509948569007363,0.3910897494345554,0.13514625662117064,0.0439618513621112,0.002536503872119219,0.016839598684098532,0.9257832107956991,0.04230368250083954,0.7408725972043643,0.0005133432425289724,0.0018241807021510384,0.05038701523058945,0.08807670321241833,0.00016329724125762753,0.03246148417100061,0.012945567853353875,0.3092435641807056,0.7483695130799568,0.1659762915434878,0.07207252903485202,0.047598528758032166,0.45647090886682673,0.16333354687703758
temporal_28,2.6726906067653817e-17,0.22852710355632092,2.0508042513398284e-07,0.17374081316378512,1.493513206974136e-13,3.438019391787448e-07,3.5879507362660314e-05,2.0073780346912347e-14,5.993114576114494e-08,3.5895101444026865e-10,0.00041464748922495566,2.5980538572722526e-07,3.06945737776831e-23,0.011619896826189746,3.0953708188623636e-10,0.11766252092254695,1.3405068272744387e-13,7.278206922988996e-05,8.005018456001386e-05,0.0004038698635903227,1.2630406403973784e-09,1.3655882808383032e-05,6.429936365987848e-08,3.487076153462889e-08,3.77413606665848e-08,4.736213596764382e-05,1.6057232860572035e-08,6.645343467454957e-06,0.0,0.014681535636356087,3.311418683742462e-15,2.3137715862273937e-11,9.760101941272381e-12,0.13149437940316866,0.00033085682657183895,1.1361141560558846e-11,1.6036434046694804e-11,0.0002411054611615616,0.00010493402157143394,5.958832867262258e-08,0.004454284679538893,0.04583278812203662,4.873476659156953e-07,0.0003601699609639597,1.91968818312316e-08,1.2378908294385398e-06,4.750853035846128e-08,2.905495823865178e-09,7.064616875285852e-14,1.9798446205742294e-13,4.039695939309451e-10,1.2470759471962563e-07,6.45888141730442e-11,1.5137939292847822e-12,2.118293835792785e-12,1.1989137077795814e-07,0.14280669338387278,0.755941869908865,0.017320884241483616,2.4579621659543633e-05,2.8634191154975776e-09,5.7717397552548685e-05,9.330169718917887e-06,0.0002674042411770482,0.0014009173543416246,0.002407706694910397,0.5396838547589694,0.13441563652653135,0.0003042198241414669,0.4314038848354705,0.9530348093433404,0.03138045180138146,5.756917466317709e-08,0.001774020565171918,0.0012699951405526569,1.3069634217974046e-07,3.041044078227269e-09,0.00019978327916134317,1.3134800178295628e-08,4.4770186436094347e-10,2.7443261067073585e-08,5.3738269965763035e-08,1.9779078286360338e-07,7.660880196826705e-08,0.32708385215699204,0.01955717242542151,0.6409236975715872,0.1327231320273937,0.09584422884410954,0.10134317630255446,0.05133963284563706,0.7864757166080133,8.889102849754154e-05,0.17646283353478037,0.015738678256619225,0.03893727508601837,0.13199120153622731,0.5695047417439257,0.566891538207907,0.0001382353048356293,1.4102826944125555e-05,5.056576816098583e-06,0.006903626591839471,0.0012314062817468012,4.252023548992143e-11,2.1587073544897162e-07,0.9135196495019124,0.03172366311181468,2.4585409637767167e-08,1.5584034737594738e-07,0.7546572241141505,0.005575044909778008,1.2991563456355419e-06,0.22375187844036262,4.6004694555905345e-05,1.4339104462259816e-09,5.016521396619939e-09,0.0033289108543157584,4.540841874917598e-05,6.429178865197469e-09,5.411298484644732e-10,5.2203870158008345e-08,0.5398026671896733,0.8502787969597783,2.500105344903557e-06,0.551030661915773,0.545958528314533,0.07103915081159833,2.998743699450813e-08,0.05174818465509349,0.35784517138101757,0.5305297165073879,0.056161474256380704,0.10932446331843129,0.4095072184270993,0.6351115992479903,0.015588677906027727,0.7213332663035122,0.00012837224649040794,0.5262572269493825,0.9115002315250391,1.7190511266928695e-06,0.2577543580126591,0.001203204523198416,2.0598702695420064e-10,4.9943830317075055e-12
temporal_29,2.285946577045907e-08,7.463602650725767e-12,5.62480502900266e-11,0.011285144686154328,0.055241690648211876,2.894615522844783e-10,6.469350224954766e-07,5.3685150275623617e-08,3.261753165347763e-09,0.05693990389706958,4.132843678821494e-09,0.0011496292441398799,0.00019833284698509272,1.7621682349356202e-15,2.6609924863508175e-05,1.715603837618175e-07,0.00852468184163852,3.8085774335870936e-09,7.352943633055516e-06,1.1132228781677957e-18,0.01815000661136321,0.00014719366664464823,2.996592145445344e-07,6.129934079903199e-15,2.035897895979233e-08,1.0050519560859053e-07,0.0019527406109621087,6.347850059635804e-08,0.014681535636356087,0.0,3.424846045147544e-05,0.01646158419034808,0.01780323501928876,0.008555844695305837,0.06262311917644406,0.017200684031480007,0.00011432991683333292,0.9199898003878528,0.36403892840358193,0.01401503140927495,0.06960033177604877,0.006994852237903532,0.9776192935829693,0.4730613019185176,0.622830935495552,0.7802378563266998,0.03395527040421436,0.5711760629944134,0.3060877393295404,0.00026353664921611536,4.7100756373066415e-07,0.04063952478394918,0.09440043638637163,0.02886702903648776,4.014931668453618e-06,9.220363247540038e-07,0.0010582717153664125,0.013160654438357917,0.0004044119861214845,0.7128871816826566,0.05057981101788861,0.00779564322522127,5.5619017180283784e-05,0.818965622247774,0.3635268427388844,0.42168219294710024,0.15550778015102307,0.8820337922966307,0.21836202930807408,0.6194554872150387,0.8544498584486298,0.006744826861954061,0.11218328232523764,0.36814412699030197,0.014049652085883537,0.5608303249047564,0.03456704219062962,1.0276652594564904e-06,0.17333882782151666,0.0036338435688537,0.001436884516413719,0.004545054855204151,0.40334175884469053,9.567046318623533e-06,0.0018305943906058574,6.702391600276469e-05,0.04636712182234219,0.00020943890313373278,0.03513290278342985,0.10471586446682712,0.03796163992313097,0.23939061373212722,0.35969735140606524,0.4658277833769287,0.02766999796208374,0.23028384845542924,0.012230290263079747,0.8663927835293921,0.34241487950536376,0.7187076777760167,0.10904146185163849,0.9506125693829358,0.33042815976601725,0.13198809195863337,0.06601690881401821,0.7369127369229733,0.006482077998832827,0.10515870384333648,0.3628109061755161,0.8340629883908778,0.018689378797483582,0.12106781978108008,0.15560333910552215,3.898118622658849e-06,0.02732018551341922,5.0188389142235145e-11,0.12724672219844824,1.4813486320652695e-12,0.009934184871160816,3.2592464649521267e-10,0.03394084126563612,0.013843466809427956,0.4253097012883628,0.8362036611243199,0.21828708042432055,0.14355024042379874,0.3137309813338306,0.6723762769900726,3.674298882445105e-05,0.05448570953648078,0.09413777930843911,0.8850402310946673,0.0015546774378131494,0.4719724340259995,0.027595732233728333,0.7376459766321147,0.04087962458461521,0.16844447572414814,2.1084106488653717e-06,0.5295282417817897,0.7334709809617088,0.2607592463185679,0.14653461829314865,0.020214994176439776,0.7525598772674311,0.43648365108255427
temporal_30,1.3405645112040927e-07,0.5706141954854401,1.4834735366377864e-32,3.0192526366847024e-09,2.6370025263649995e-20,2.116650421390963e-15,0.003459491909859918,3.501182273130656e-29,1.4420706713551856e-15,5.470838682717265e-20,4.2438308647924645e-24,1.942936261634649e-39,4.796575700373882e-23,8.139822461183325e-27,1.9810300455547054e-13,7.736752431573656e-11,2.5662839643642404e-36,2.4634819042345744e-11,0.0019723712738465597,5.077890609260723e-09,1.4408971198985598e-08,8.036753214685986e-16,4.614537874992883e-10,2.847965452529259e-16,1.7057727578800217e-18,1.8505942356093352e-05,3.1356185533780197e-25,4.528835816885641e-11,3.311418683742462e-15,3.424846045147544e-05,0.0,4.426481189585678e-09,9.937461040560958e-28,0.28228822851523927,9.730295764674887e-20,1.1942233457956975e-27,1.4800032362764932e-34,1.1277542726504027e-06,8.140973283021835e-15,1.4478377645202858e-22,0.002713409339490811,0.15514917627875738,2.0193583169230166e-12,0.5355587294830224,2.0037427184066247e-11,1.6498000299693095e-09,5.863312415099576e-11,1.1791595753572022e-13,4.1961300494810544e-22,9.151823713011747e-36,1.5535655724866978e-40,2.7943126675351916e-25,3.245274788347145e-25,7.394303070152635e-23,5.6074560277572955e-30,1.6633934720160267e-32,0.8894402807401275,0.6853124729951876,0.1579928274339177,3.701686112994152e-05,1.7267392007566422e-13,3.311392003762058e-24,2.184595778941911e-29,5.931466046063254e-07,1.9373532159062267e-06,0.05903699624957184,0.0360721948180614,0.4968227896301718,0.22123248785897268,0.9092521587250746,0.016839720469002728,4.189333870410714e-06,1.3354540811331043e-15,4.4193923716640904e-08,4.0996444653871325e-05,1.831163824214445e-12,6.316474331904297e-26,1.4780848588284145e-11,4.155064596291075e-22,2.4431759715585448e-27,6.093963854538664e-13,1.2742411936109333e-24,1.998081275013753e-09,1.0297928706010202e-32,0.5529735426268244,0.0541508869542077,0.8457811642433635,0.12389178129956033,0.2865522472298709,0.9385825802588664,0.2669016683784347,0.7422753699940235,0.001440744217574458,0.003888944675002933,0.1264383670204237,0.11186333702781891,0.20592724368750595,0.021902180849294364,6.765720274996733e-05,1.9424819217632366e-07,2.3139314940891732e-20,9.07569907476496e-12,0.00875687666633557,8.327053650822818e-05,7.864384182486932e-33,1.2932281838214389e-14,0.0773193357236624,0.0031755583387432715,2.0413015615857806e-24,4.420053847014377e-15,3.8343732133459546e-05,0.19338906355881366,0.0007465380795624381,1.0883010488216415e-07,0.09730236779064703,1.536319989745438e-17,2.4077398589662546e-07,2.5711470219481085e-10,0.003390662212951007,3.558681242241329e-18,6.605542416674867e-11,7.612664743271638e-10,0.6332388653546747,0.5675426321341321,1.0523977877736574e-19,0.46624489807508107,0.37012491467708225,0.5914483044382439,4.423158675032778e-11,0.4819711215273068,0.10510822867254528,0.8139491595011918,0.0037843631644163917,0.5013692740342995,0.15569828925182827,0.5215541989118645,0.000266345253342311,0.4368009191234982,4.025253768317964e-12,0.5765174726539408,0.48180309681222094,1.2283963771479224e-18,0.30879732361537726,0.0015131082055505896,4.935116838828771e-16,5.406744349350778e-19
temporal_31,4.894957446232057e-14,0.6529495750729366,8.011329464821141e-06,4.192501765462766e-08,3.3669140811857e-14,0.04332367684909543,0.017608519630896702,4.00596722797987e-09,0.015215661883164254,0.0015133308534227823,0.00022391068128875744,4.494931412680512e-08,1.1474356619742508e-13,0.009639059827003362,0.11539703052138073,0.0031654422389075358,1.0592575416902804e-06,5.838720855731527e-05,0.0006897208765695701,3.594048087396893e-06,0.003838847017133038,5.6161320600827935e-09,2.0455797464622784e-07,1.3776540621624871e-06,1.9083337561440832e-05,0.0006175550960767072,2.60500612667802e-06,0.6268994997109493,2.3137715862273937e-11,0.01646158419034808,4.426481189585678e-09,0.0,8.947450034746842e-10,0.6181201171483782,3.200268961427217e-06,7.390406961539946e-10,5.3019994595677236e-08,0.15470753014526412,2.375875712715995e-07,5.935783027977775e-11,6.688876982323197e-07,0.121912211104609,1.1340489979228446e-09,0.12506818475085305,3.4200126341879735e-11,8.33309870687072e-09,2.672519804098579e-09,6.71395444652563e-12,5.145986315570001e-13,4.987693564600952e-07,2.5537778930901648e-05,5.839495079683823e-09,1.1585647203543469e-06,6.158660265726327e-08,0.0006221511013256326,1.2293206335953637e-05,0.03028041971095917,0.022018635127559062,0.001959968135514644,1.3941248556438409e-05,0.0012997530977567927,8.586256563244502e-06,0.0029101853193056375,0.02759827286090538,0.02390662588402682,1.0712869345032444e-06,2.4718320208823287e-07,0.005114859134681357,0.40520697367708364,0.0002639914187314325,0.01918938735229943,2.6021375478002742e-16,0.01351235259936435,5.0960541976638826e-08,1.6992993015526883e-22,6.14140700188137e-11,2.8455062019283463e-09,7.865366986483023e-16,5.190211550379757e-06,4.588248033939611e-12,5.505700490430671e-31,0.006369577043343696,1.0576576078778232e-19,0.039595744495440906,0.062078061120889344,0.7025106090471626,0.038630822109154195,0.46996464630010976,0.013332626375740758,0.3616339548468619,0.0041308805349273975,0.5352894671924461,0.001130710228673282,0.6196079201341235,0.0005661481953067989,0.09524057601350941,0.4545901685695228,0.267680545778316,8.924878013940024e-06,0.02921702956206062,1.9049107949407375e-05,0.001972983626991082,0.44587460202911805,2.0851667680555773e-06,2.1793929224536915e-09,2.0370656529925295e-09,0.04030965359464435,9.763014459465419e-06,3.678824370471731e-10,6.838419396131105e-11,0.37323501269479914,0.29383380454881336,1.0390925697549094e-07,0.000554169541543173,1.3785626734390579e-06,1.4866654171582537e-17,2.95286721076182e-16,1.102716791359745e-05,3.495425890472999e-09,9.160410484755972e-19,2.1078916339463585e-20,0.010751874334198124,0.027642807920221054,0.5124701004030203,0.00019464943145769794,0.019237033469754108,0.05305875424751248,0.5652151896415676,4.2158737096456225e-13,0.00019083965748210055,0.030697867801227362,0.6047750784063911,0.186831979733461,0.014195010478892796,0.6624241133224739,0.041795391188017804,0.288375180594634,0.1354980824406724,2.9334598814790055e-14,0.41755901398148015,0.7075327554615087,2.810307654809366e-05,0.513613439400363,4.8912697608655775e-06,1.9125873055329935e-11,3.2477641876801807e-12
AGE,0.00016907183764699384,0.3538855508367006,3.327856200181933e-08,0.00011263402117344114,1.889215705632865e-12,1.2343150635820166e-12,0.487788059688486,4.023892986127099e-26,9.776348947554931e-12,3.859619297747985e-16,1.7576493531053553e-14,1.4049352906544344e-10,9.656165315008338e-14,3.076795006961308e-16,3.0606198054785496e-09,0.46016588569274924,1.8681080675080068e-19,1.0940745879086868e-08,0.003467727163521357,8.522285334295712e-05,9.582876283721616e-11,9.986172000695929e-14,1.1600018130555299e-05,9.10500707920018e-13,5.89111448266489e-06,0.03635590920431561,5.999586211049777e-18,0.00047644677290129494,9.760101941272381e-12,0.01780323501928876,9.937461040560958e-28,8.947450034746842e-10,0.0,0.001223798304315786,5.76214957176416e-106,0.0,2.9355516470576115e-263,1.6414570375373204e-15,2.1141545245217247e-48,6.26950659991506e-169,1.4931302076952006e-05,0.8899306614672101,5.752268650384976e-154,0.16140709216695287,7.239974008417128e-129,9.167419313500858e-113,0.03318463899004365,2.4498269556779005e-149,2.1212229206694813e-201,1.2547957193389638e-182,5.813184571251748e-135,1.5423671700048895e-186,1.0265436814471474e-189,2.3559872307773043e-193,2.3660493727971043e-177,6.759342791421941e-107,9.498673859939097e-06,2.8779519555791944e-07,7.068270459480563e-10,5.218162267435336e-19,1.919939599494598e-33,1.853793215028919e-123,3.7722100230522346e-95,2.5977051867998467e-14,8.590504541432363e-14,4.69886351437262e-13,1.4665555312694934e-13,1.2148860810738641e-14,0.08248957521461191,0.005847347987985249,0.0001350724996354109,5.1706920249899844e-23,2.246027726492769e-53,1.0526942416681083e-13,1.49992490230469e-50,2.3724828055883957e-132,4.654408147943231e-225,1.8066246662205025e-17,2.5999129155808502e-185,7.457002271920187e-209,1.625995473813408e-30,6.040972026449243e-172,2.012860364238011e-68,2.770595481617118e-122,1.5078926704647861e-06,0.0832076428371386,1.1648532642653582e-08,0.0009605780267197037,1.207387038932105e-11,0.03007540197994735,3.14447894538286e-17,0.00556554677861983,1.1045320817103348e-20,0.0026475376967091844,2.9740418928275315e-28,0.050587178210991145,0.13679981649191927,0.00043562883724695034,1.2558694520254656e-29,3.475937751637609e-16,1.624077978459221e-05,6.147042265051479e-17,2.8346348450632152e-12,9.766800245523772e-17,6.003592034400148e-17,5.320701546493199e-23,0.00019614937057961068,5.047227732493322e-15,2.5348227760933228e-23,1.7800176419548369e-28,0.8543235970870466,0.07199429266516744,4.545959653522737e-12,0.00010143543851863743,6.032814996969541e-06,3.874283113740092e-20,2.2520038331519044e-23,2.6922798319142217e-09,5.332624871384821e-16,1.0360917999654676e-19,1.8281820304022158e-39,7.124226134658696e-42,0.02918503083627611,0.9707406060863619,0.005785482675314757,0.00013662407592259385,0.5127775791406378,0.3290695638784004,1.636173095011362e-16,0.7463675941994228,0.0049034563430278505,0.21632178013745346,0.06691633812905207,4.002159282532948e-05,0.015344971072866325,0.12669229321094827,0.9768436501414929,0.5647554452628984,8.043172092512687e-22,0.416351186095267,0.8944350846254784,0.0005363697411749579,0.6253198241118203,1.6289477447136e-55,1.383075159444197e-170,5.445653267360537e-197
MATI,0.023085984042906117,0.524204159963224,0.07195932345212308,0.3963177117345562,0.8338853796294637,0.0372447234918856,2.6453766989047475e-07,0.012600826403695656,0.5541738132992583,0.79284553142363,0.7452153058253909,0.025388954755129,0.06486227057662891,0.16243767508347037,0.0018199110292535438,0.04057322719512524,0.6314629097502273,0.0002549899202604039,0.008788835341302453,1.3224393578536233e-06,0.119415328463184,0.7893933102959398,0.0015367405131548853,0.00020805792980857043,6.56277841553163e-06,1.2593118940088328e-06,0.3024551197242523,0.023516939837045468,0.13149437940316866,0.008555844695305837,0.28228822851523927,0.6181201171483782,0.001223798304315786,0.0,0.1992599242402623,0.0013473693818244151,0.021932078598313046,1.6477727352799364e-06,0.014981541056258268,1.1386894086977934e-05,2.46527481734632e-08,0.0015893506564252653,1.649874334964461e-10,0.0017354207085152496,6.381780497292824e-07,1.617178190131604e-10,0.9368670595782611,1.9640353631859112e-08,0.003685716427101284,0.4467445402002299,0.03316164772703799,8.215195816242231e-06,9.977528316467786e-05,0.0011633329264570487,0.0582037236171805,0.11554414504570792,5.107708532965417e-59,2.5050898956909855e-40,1.1621401192163173e-24,1.0340646509535766e-09,0.00045322200674676935,0.42080922322196945,0.7838557742567712,9.731865564566349e-05,0.012198970039494746,0.08128692407999782,0.08392686876187624,0.0002426945585804467,8.320331828324376e-05,0.0032293121368088566,0.07013343347133524,0.825940576900098,0.9078624393390431,0.021890441252536582,2.9220159172444164e-09,2.2816251403893413e-06,1.0902529762391991e-05,0.9811832117674434,6.643507995353855e-06,4.200936143498826e-05,0.034968404642687426,0.0030480431565085395,2.4436799234751404e-05,0.11987785008277015,2.931578016278322e-122,1.8990799706554256e-32,1.385204884359646e-105,3.662297284238665e-92,4.296024337079721e-64,3.727807786175233e-24,1.973120760015054e-59,3.1606806151350107e-41,1.424979814019992e-40,8.495649470384256e-12,2.6488661008530745e-44,1.2766991540144905e-17,4.353974238444987e-106,5.56575560801062e-22,0.001364165860703485,3.606163701427005e-05,1.940340939401272e-07,4.313356252145006e-06,0.005822023832918938,0.0012051606649652576,0.0021885998264443655,0.0016074680280635174,0.002085679500606428,0.0021375586558458936,0.014624061110822551,0.00477988910594423,1.569636321055051e-05,4.934626530553822e-06,4.735626251488546e-05,0.0023662408177865823,0.0008179525324876363,0.0017738613254690626,0.003358099594674099,0.1205552431288179,0.03975117100818328,0.0018991678354086073,0.05461125068147353,0.23095000272569438,0.003937855245315823,0.9304019976779759,1.6561174711999015e-05,6.494552616397995e-08,0.6431248003088514,0.1239264338330746,0.4986448666539466,0.13657444678273845,0.0024845583413198352,1.0730241026310502e-05,2.4280244000687654e-18,0.0054104215559161745,8.092548847750153e-203,9.393594620234285e-09,6.957313362527454e-22,0.6845299350119008,0.2434758178335777,0.009534699954548944,0.8321813929660948,6.770591196753746e-06,9.92838885872517e-07,7.367503081989772e-14,2.3986447095407954e-07,9.348257208545248e-06
JML_DEPLESI,0.0006901998988466814,0.4422284103237346,5.3205670522509046e-06,2.123813664909081e-05,3.776641515122512e-11,1.2354914395304433e-05,0.3310275640826317,3.2803333519504503e-15,2.2576091828713636e-09,1.962055035894122e-08,2.861901111439419e-14,5.5508408252568727e-11,3.5342234937238474e-07,5.106704100484593e-09,0.0001634312159221814,0.004563893388491144,7.046791932822629e-12,1.752177248684667e-06,0.1643040195249968,0.0003189291915447098,8.280501521803607e-07,5.503178096457109e-12,0.017681489262854268,2.7791574718401525e-06,4.1240925702003365e-05,0.0006984886088548377,4.0339974109565543e-19,0.00013538696468255187,0.00033085682657183895,0.06262311917644406,9.730295764674887e-20,3.200268961427217e-06,5.76214957176416e-106,0.1992599242402623,0.0,1.7056166742238606e-105,1.544659573335946e-98,2.5018980248652616e-25,1.2194075804126283e-70,1.159905995057976e-67,2.863843980248216e-18,0.07903830414365816,3.61229329407549e-75,0.11453451628093611,2.5724787911293296e-63,2.1828050696387144e-48,0.2062706581136756,9.679019093033834e-72,8.11128232270172e-79,2.868253257136585e-80,1.267754618594168e-67,9.521339107660952e-71,1.6432766695266667e-70,1.0696994356106019e-71,2.122164966645427e-71,1.106260970553627e-57,0.4355212700189279,0.5292801566665468,0.9013740376285013,0.022493117627966585,6.41664080897281e-07,1.542816391941576e-213,2.999008185100503e-126,2.5027026634806802e-25,1.0985251328119055e-24,1.700668774293002e-23,3.777942984077006e-21,3.9458165369259986e-19,0.0007577713891304872,9.277084438271236e-06,1.1844676549758405e-07,2.3705168769826346e-24,2.05225445627086e-43,2.8078542302893527e-09,1.8870841814042967e-27,1.9245989537897604e-55,3.1551169520557806e-76,8.36187122381618e-14,5.425175321405002e-68,8.783603896971659e-77,1.8251577585529684e-22,1.0616144129715121e-63,2.429671076661779e-36,4.920473070318906e-58,0.25940121820598533,0.1382439683489242,0.636472163293033,0.02870800990438065,0.5491431277938383,0.011424317903301381,0.000989438520328555,0.00041848281297636583,0.3959296372358843,0.0017391515222071148,1.0155574283050857e-09,1.0911579358107737e-07,5.008936821258063e-05,1.2869454377931119e-28,5.390098288511429e-96,1.9401570604563502e-28,7.04877881273606e-07,6.372671257969257e-28,1.7915138489076404e-22,1.098961525123692e-31,6.20904972623998e-20,5.49008699441433e-34,2.4078003382085407e-11,1.9898440869618183e-31,4.462067071660648e-34,9.373271312310578e-41,0.1842300005089853,5.927904528097921e-05,5.907325815253628e-16,0.132493454520897,4.36707951385639e-13,2.0471260265843335e-16,2.461853420183954e-27,0.0014202787710793135,2.92613654750858e-28,3.2467313673833215e-17,3.2522880304520665e-37,2.1214393665015547e-27,0.07564289358360311,0.7967214534759485,0.00015141468313378096,0.005083374861348703,0.5524453847365502,0.3672413679487802,7.987753013178192e-13,0.6854174715176489,0.20067337800492735,0.3840531522357985,0.19859062601750027,0.09779212534872861,0.029767393530833235,0.7684428613542081,0.0023891803213698833,0.6403710270277422,1.6033698357213168e-17,0.6149491308214848,0.676270379168132,3.0149133468575387e-05,0.5936631521310243,1.786452642098996e-34,5.819152563090568e-78,2.527846537943086e-84
STD_CUM_DEPLESI_%,0.000145982932458467,0.31825809717622644,3.563707364029459e-08,9.549231663822809e-05,2.0072781558009914e-12,1.121121754169768e-12,0.47584822514792063,2.60172985058171e-26,1.0050499871530007e-11,3.663849635214869e-16,2.8766538068983247e-14,2.35695511001614e-10,9.767107748963403e-14,3.265941461851644e-16,2.630494841783637e-09,0.4578867686704562,1.7474164533941158e-19,1.0250847661582648e-08,0.003033457612067934,7.483646832735482e-05,9.251855066786069e-11,8.155898243072647e-14,8.559193345200121e-06,1.2576624626549414e-12,6.79251524748333e-06,0.038447080858286,6.5340692543630246e-18,0.00046147791590048595,1.1361141560558846e-11,0.017200684031480007,1.1942233457956975e-27,7.390406961539946e-10,0.0,0.0013473693818244151,1.7056166742238606e-105,0.0,4.611319130548717e-260,2.0342159064432878e-15,3.3583975413478994e-48,5.0712176727947895e-169,1.505157238685606e-05,0.8815079489969495,3.7337368039790683e-152,0.17485005148180824,2.2249854935163715e-126,1.757818701617716e-110,0.03366957755820039,4.102493346889437e-148,2.4520470904045978e-206,4.0040981107599413e-181,2.3252030557266407e-133,3.018952796926183e-187,1.2478046218312316e-189,2.3765470538465928e-194,2.1702308209861077e-176,8.591907403636951e-106,9.704819027296654e-06,3.312530613863813e-07,7.741170238011452e-10,2.3006094642096584e-19,2.2160417386693747e-33,7.393226772228773e-124,1.3039802261513162e-94,3.3252113524143023e-14,1.2191645867454322e-13,6.65735498731534e-13,1.1282051029096279e-13,1.0830077290803909e-14,0.08594610241555573,0.005631332670696334,0.00015915960725905055,2.901239607448165e-23,2.6865206897590912e-53,1.2332872958696344e-13,1.5577383624319833e-50,1.7388535622491863e-133,1.973613392937423e-225,1.5250999672832577e-17,2.1330590334903523e-185,3.1427671972430027e-209,1.6345802065738478e-30,1.812868282437703e-172,3.110169047387425e-69,5.8401884028129955e-121,1.677263021543293e-06,0.08458449648458849,1.4439602829998411e-08,0.0010135499450794794,9.743330454250285e-12,0.025465280330410976,3.9650347105150336e-17,0.004303885057010149,1.0868693780739628e-20,0.002503376831134698,3.9443377381427177e-28,0.04829135113700339,0.1348155259435406,0.0006474012172413996,1.6267556827994762e-29,4.706235457112079e-16,1.5954441227061747e-05,7.997640636223787e-17,3.642158952099567e-12,1.2309252244658616e-16,8.028535705074516e-17,7.143708766703176e-23,0.00018585053905405589,6.159058905373352e-15,3.295050505460509e-23,2.1925301207032563e-28,0.8519293392612894,0.07145859686943885,4.1794290001727785e-12,9.566699897062847e-05,6.1542558107241785e-06,4.2974864044971646e-20,2.456402520661774e-23,3.3975956566461053e-09,6.086189755396419e-16,1.0547272086130109e-19,1.906780927110969e-39,1.1263112758491039e-41,0.030445818653459425,0.9769793123447105,0.005424496700900868,0.00014899771266247035,0.529130152645834,0.31682045465624026,1.400289481248087e-16,0.7407392481550684,0.0046570363642086865,0.2334213674400455,0.07036539523809952,4.256870784315411e-05,0.01627430067149699,0.11923669493585215,0.9828848852660242,0.5542279166547254,6.930817205792249e-22,0.4102638048653672,0.8901507928010506,0.0004974409407665807,0.6052669786775677,7.046769568361426e-55,3.3170377948317016e-169,1.7978669842182215e-195
PAKAN_STD_CUM_GR/EK,0.00043611505768829093,0.6187146131728183,1.7503598346706327e-12,2.1417809357680043e-05,1.3633833437316965e-15,8.933698809014046e-18,0.020672943683030902,9.320249265936115e-30,1.1811700607651745e-14,1.2752261421290998e-15,1.7474602051444162e-19,1.0155533771090126e-15,6.397404576344364e-14,4.6017085073307716e-20,2.313645652351443e-14,0.023476869265833433,1.1082704165034511e-21,1.542890519679999e-11,0.003819608522334089,5.337528285879294e-06,2.337881152150335e-12,8.416528751923562e-15,1.4327317524824646e-05,6.756254029124578e-17,8.031173289037447e-10,0.006396534306001676,2.7840173850846955e-18,2.468419363157609e-07,1.6036434046694804e-11,0.00011432991683333292,1.4800032362764932e-34,5.3019994595677236e-08,2.9355516470576115e-263,0.021932078598313046,1.544659573335946e-98,4.611319130548717e-260,0.0,1.1410754721541672e-19,4.3301112303191013e-60,2.8701995873103382e-130,1.3708694271137349e-05,0.5580691633651301,5.634229463842595e-100,0.009904738228002509,2.1665578585775188e-76,1.5896363269565416e-69,0.03743335671898929,8.343108652929728e-90,6.546823576617534e-125,1.8747075515500335e-194,4.9566096849902106e-229,1.0699136372737887e-143,5.7451783138457054e-154,1.227729965423391e-166,4.2063737360379315e-196,5.2316587309569975e-176,0.0024843306330532685,0.001056316907565953,4.0934799341668416e-05,2.910006125748002e-11,2.4999329432529852e-31,2.3159004919005202e-122,1.5983924652063904e-113,4.181709917969747e-17,4.799206279553014e-16,1.2549147659528966e-14,5.495037853989049e-14,3.542368827272159e-14,0.36395698279202393,0.09056164484949877,0.011725069396672989,1.4979224180983327e-17,1.1135808004637934e-46,3.578198268272266e-08,1.4517709137146835e-29,3.109746110250453e-78,2.674776308163246e-165,6.200102860016317e-18,1.0202090395734102e-141,9.554822870071399e-160,1.2774888036855877e-24,5.991229921082975e-163,1.0544195292816282e-41,2.769357120666534e-178,0.0013200775407088423,0.40117282314719005,6.970676285219526e-05,0.03899939218116572,6.492012797037614e-06,0.35993310544075025,1.2920118498878018e-09,0.1774118968044214,5.017120809263035e-12,0.03095869775029797,3.408363067252167e-16,0.276103828594496,0.3218168170500144,0.0006531663385307782,1.8893153537354016e-25,1.5177821114287945e-19,9.863037240930761e-06,1.9509019312968226e-19,1.8843035983003203e-15,1.1465785467665398e-19,4.283465783135096e-21,5.998604175829924e-26,4.7983631427094236e-05,5.968376763461351e-17,1.433892413096686e-29,8.774119862126707e-31,0.6648302476105421,0.4864262012099229,9.918457662883538e-10,7.917511756498425e-07,0.002058306423673423,4.6906364179602066e-24,5.191217387898755e-19,2.9204562221605473e-13,1.2874247066259318e-11,1.2083255042560755e-24,3.5919490224216927e-34,9.798813903158794e-41,0.1958509537964524,0.9594657620129462,0.01054745205355678,0.016180534716273155,0.7658329991716561,0.6128982297042673,9.726229838282688e-18,0.7186445613832193,0.06433419353767361,0.4427823480512293,0.36348730669980706,0.012281295919488651,0.08178052217430162,0.3535944345814052,0.5983685751738184,0.5581467821328964,5.283540644296006e-22,0.21059611775365308,0.9838083322233131,0.0009034207122973868,0.21723234803642918,1.1512780471558098e-31,2.3756013914028297e-106,2.3356421027260913e-128
DELTA_PAKAN_ZAK,0.03677184976676748,0.18299364231912213,1.013362822349554e-06,1.821845375690504e-05,0.30561466260166376,1.2125829756387468e-05,0.0017359809050998861,0.0021330644291796485,0.595632127157786,0.7554452269751243,0.18409816914442545,1.977191745949305e-07,6.882831085216391e-08,0.5637401068907845,7.746747590495895e-08,0.0008686478525287818,0.16662913485579292,2.924674669814065e-05,0.16209512917990662,2.880438224470555e-05,2.504801698405972e-07,0.014975734871725727,5.954459804725438e-07,0.010013169245531242,3.0750608938672674e-09,0.08304416689273905,9.588846283171901e-05,0.00012919226758767964,0.0002411054611615616,0.9199898003878528,1.1277542726504027e-06,0.15470753014526412,1.6414570375373204e-15,1.6477727352799364e-06,2.5018980248652616e-25,2.0342159064432878e-15,1.1410754721541672e-19,0.0,4.649318723047222e-77,0.00046069180859985314,6.5279009486681484e-49,7.313421421060798e-13,9.591010206167809e-11,0.9956708014442988,1.7212390465814266e-06,0.008009271686753236,0.13679471178148875,9.273730367341481e-11,1.1110562867724878e-09,1.4427704403550701e-15,1.2653957816615057e-16,0.0005094091243522588,0.00016872777545254666,6.647068874023028e-06,5.5707529674653195e-11,5.241856941677275e-16,9.288821460720638e-06,1.3584734498893902e-05,0.0018032600317433173,0.47655033220000464,0.0004990047408523968,1.2855888823966545e-15,1.1110160014705398e-13,5.462993580655975e-119,2.4594942499686206e-71,2.1971689708081094e-46,2.615225180821845e-18,9.92553121047666e-18,1.0584571653861843e-20,1.1834526500223484e-20,1.4007017347594273e-15,3.5692271616614024e-10,8.592160074654494e-15,0.29824247392375675,0.0030622078458978023,0.4889100101742483,0.00022111724544205766,0.014284213674600005,0.0009110527325168717,0.00014728033518171516,0.3804371649603451,4.1879655296774105e-06,0.2889719511407184,5.179507587586065e-15,1.2750535475713323e-07,2.320519960110076e-06,0.0012933113969043487,1.931345823707581e-10,1.294948378758118e-05,2.761826550176542e-08,0.5541343070769914,1.1950871668336948e-12,0.03681922080148236,3.348610955809231e-05,0.10964350154244426,2.6360593431867083e-08,1.0283884793394012e-13,2.8691908096881057e-25,5.199844527060588e-25,1.8760160337112313e-177,1.5162823776698619e-29,3.6553234105703716e-181,5.23133299061831e-116,1.2325316570612709e-108,1.5888100163035098e-48,4.021348005022313e-114,3.052030733565646e-48,2.5282035646137858e-82,9.765101757206827e-59,3.3341306816317883e-94,8.10628419159473e-22,1.1957319228326829e-31,2.0903459785144337e-31,1.950326830921781e-12,1.2310966941640338e-40,0.00018415894054140368,6.6843981309797925e-28,2.544539470908818e-07,1.8262274705509503e-44,0.0002664135213791644,1.0901163045922234e-21,3.3802312787567365e-05,8.539120008166567e-10,0.450514341697977,3.169396519344812e-18,2.0716784486225087e-16,0.6861208495298199,0.7904759629114102,0.00859241045386753,0.7823809455619201,0.7671959982655032,0.6765908219376675,3.773815248578759e-05,0.795650927793103,2.912526430029916e-08,0.8397422884578033,1.0144201667477622e-10,0.968501053844391,0.00210034975101044,3.489431108175878e-15,0.16873631952235268,2.0433046177225165e-24,8.630393081860677e-25,6.457738297592787e-05,6.258910496136554e-12,4.259388777829669e-14
DELTA_PAKAN_CUM_GR/EKOR,4.9181886622556205e-06,0.0010500922240792919,8.393382879218878e-10,3.5666212278581882e-16,4.4330850466844985e-06,3.829435819485685e-08,0.00020591102994618515,4.7041808390163126e-11,0.0317558527830984,0.4840648148635514,0.00017971487064894075,1.6510380362193847e-13,3.8609564690522905e-13,9.928776174339343e-06,4.914764489803796e-12,7.644041977229038e-05,2.2924405348936267e-06,7.824527659409899e-10,0.25344359864889376,1.370662350009325e-08,3.7830913671733446e-07,1.407341734921461e-13,7.610727469773194e-06,0.01637556628555214,4.847895168797654e-10,0.08036889753843114,1.0069785074404932e-12,0.0006531802267057652,0.00010493402157143394,0.36403892840358193,8.140973283021835e-15,2.375875712715995e-07,2.1141545245217247e-48,0.014981541056258268,1.2194075804126283e-70,3.3583975413478994e-48,4.3301112303191013e-60,4.649318723047222e-77,0.0,1.5873204657933598e-20,5.970243941642248e-88,8.858374974872503e-08,8.485007092642114e-31,0.5747731799012492,1.16973650872064e-21,3.757236764606753e-12,0.0037036754516429644,2.2885177355927766e-29,8.672417635694258e-33,3.895200849685108e-42,8.607510342436069e-47,1.9968019803313814e-22,9.645109655428326e-24,7.957699401923293e-26,2.2726852170219585e-29,4.326622488458475e-43,0.030854235174547173,0.015835492667339933,0.08857677763943211,0.41611757826793805,6.358836632793032e-08,4.57169832064369e-55,6.033374034967212e-39,7.232998631180433e-86,1.5939332610511685e-87,3.2248676843648305e-85,1.739547466550052e-67,2.7298619485768457e-35,1.8265393960432884e-11,6.555970355888748e-13,1.0952919511789523e-13,1.7733037231310078e-33,4.8451108529568875e-36,2.150675024433055e-07,1.9475912113830035e-09,7.984364351562347e-13,1.1687731254307044e-23,6.583813356385844e-12,2.7189850498607984e-19,1.6705608861745897e-25,3.5066691172154105e-14,1.8975195834872355e-20,8.024762633208902e-09,3.045267093988185e-31,0.005815797246722384,0.008859079716871233,0.19276936565434094,0.00038905033026722426,0.013083637976232042,4.4058159027325946e-05,0.31585960647158134,1.6033787235832387e-07,0.36730213887088387,4.3770190953524066e-05,0.001203688332073461,1.4165046172094294e-10,8.248620220416842e-06,5.0413565976675794e-23,1.5280432989258168e-55,3.4444025935551443e-103,1.0958389218356086e-13,1.0990796449964058e-91,4.876111477036535e-84,9.22953220581311e-148,5.6864472123682296e-39,8.548047146372477e-118,5.2750164442315716e-67,3.7331424190425954e-153,6.973890977212064e-75,2.657686362370451e-125,1.7996548688337444e-27,1.3246397093839409e-17,2.6377277262758628e-34,0.022368090732556963,1.3280138072163266e-37,1.1853660506152752e-19,3.250894014575517e-48,0.7264242354302959,1.2345771324066652e-71,3.350698549231745e-21,5.4471596838756576e-58,1.8564216907805984e-20,0.4410763604024756,0.662570224216129,1.1916340555837313e-11,0.37246645492725927,0.7873633679616173,0.6869351782916974,5.577250614264609e-14,0.38843684063940953,0.6171936728840696,0.7969972087481939,0.010109903426455865,0.822313133475072,0.0023716248249481178,0.9338725632233568,3.804675160646616e-05,0.4342683226302961,2.8579275490618796e-13,0.5711073917017271,0.6424232492002424,2.111791454708453e-14,0.30781828509962506,3.5554296447596025e-11,1.941396803009226e-35,1.3467157418917613e-43
DG_ACT,0.0017335073284514928,0.45376426494814553,2.076324041549809e-05,0.0017650066956693023,2.1499251488936136e-14,8.18656338040653e-12,0.7943159504713478,3.0881341241616838e-21,1.536861162503025e-14,3.223377608449933e-18,1.4720464414797294e-17,5.5873175944607744e-09,5.999928649551469e-10,1.6469337274623828e-16,5.602617755713928e-07,0.8010851778968251,5.583757670048176e-22,5.974982291730452e-06,0.008537360856187596,0.008645215545630743,1.0931108639102691e-06,4.4311197976899695e-11,0.0032193717979561672,1.0021732122332804e-10,0.00044016968181430024,0.03983159467438939,2.6947043849641752e-15,0.00035121520389079335,5.958832867262258e-08,0.01401503140927495,1.4478377645202858e-22,5.935783027977775e-11,6.26950659991506e-169,1.1386894086977934e-05,1.159905995057976e-67,5.0712176727947895e-169,2.8701995873103382e-130,0.00046069180859985314,1.5873204657933598e-20,0.0,0.6482690639879094,1.685416636664076e-15,1.9509378792441572e-107,0.003226578294405468,3.73834804949861e-105,2.533734686341754e-112,0.3617870971766303,1.8735277417043134e-106,5.253299482782699e-143,3.8833281735185603e-110,1.7475017594906187e-87,3.243935844996175e-163,5.239641348847941e-153,6.217486904886947e-146,1.5409932886660158e-119,5.636887494489851e-72,1.3948091054674864e-07,2.8539899230493857e-09,4.1509790472926255e-11,3.5784656014979496e-21,1.784906158716722e-27,1.2664004876279048e-82,2.408826609996179e-66,0.0004268516891545194,0.0002718340610843067,5.4575732874772776e-05,2.6948212320666297e-06,3.5211479416513846e-06,0.3164691504712685,0.5454541152001473,0.03609538154913981,6.54127104247824e-17,7.192083904996543e-34,7.45522134626813e-11,4.724526644518999e-53,4.7345272029962e-128,1.112014764528817e-249,1.224236905808198e-19,1.6425931579412338e-194,1.7196157671721101e-237,1.1843185351492731e-37,3.256398579024068e-147,1.6546098855286879e-91,1.1277319630955484e-85,3.7663010019317625e-09,0.005002981948888981,2.771670753338861e-10,2.0583130142830427e-06,4.378922159321481e-14,0.0025177265668308887,9.755694640915816e-17,6.698558156791582e-05,4.7193191342779064e-23,0.00012585116618180628,1.5949383813575728e-26,0.0011241833995017142,0.0015640969134631411,0.09225680568361175,5.395941775212083e-19,0.00025755675138658456,0.09284562370592399,0.000216253167946531,0.002924700193668806,8.642762434220979e-05,2.003478383789705e-07,1.8774491503128109e-07,0.7524532976165885,0.0006208528724627334,6.691222751914586e-10,2.2499931984268203e-10,0.004500133603301996,4.435849688080425e-05,0.10849653302306743,1.724893466582714e-17,0.8974402804071363,1.357848109007648e-15,3.667764569828441e-08,2.2543179750746227e-19,0.0013695120571836862,2.3754597584052137e-14,2.796908055381211e-17,9.9040584343143e-10,0.0005805032491061349,0.6163699216110452,0.5525329769983928,3.938302139112637e-07,4.536735513226127e-09,0.045854863550310626,1.2130898581874076e-12,2.911938682429186e-09,0.018417235583084307,0.19721604153451058,0.015825851312674357,0.0002353473988308954,0.00012545905696722994,0.2262449950873327,0.13981640839562215,2.5932404230081614e-06,8.245851569982368e-24,0.6668827575033548,0.6783963848693976,0.26858762149692444,0.3491372466941662,9.06827351282418e-46,3.188318592581736e-104,4.402998637148763e-110
DELTA_ABW,3.7648833988759467e-07,7.142089094051982e-05,0.0047885202226675885,2.1200611810222992e-15,0.8447425343079683,0.29639048824963815,0.0003931528292499037,0.23597511709773644,0.0009138890490883766,0.0005354526289179397,0.010085293726142457,0.002341853666297561,2.171503183110122e-10,0.7473517785636663,3.9726144320615604e-05,0.002336908541642961,0.4817467971949288,1.5204226244849558e-06,0.8608342110832635,5.685203204690113e-08,0.0032078630732565107,2.332195287159259e-09,1.7442796119003782e-07,0.052829890155364496,0.0018356636248533947,0.09377533014881692,0.0006117056887194308,0.198352749601812,0.004454284679538893,0.06960033177604877,0.002713409339490811,6.688876982323197e-07,1.4931302076952006e-05,2.46527481734632e-08,2.863843980248216e-18,1.505157238685606e-05,1.3708694271137349e-05,6.5279009486681484e-49,5.970243941642248e-88,0.6482690639879094,0.0,9.209658159513984e-32,0.0003188708113973601,1.1927063605074196e-12,0.0006307673724932492,0.7938384847248665,2.6886957779853433e-06,5.716190529882152e-07,3.13268818575529e-06,6.268032961356961e-06,0.022738826893922644,0.8186522555000858,0.7786872706389665,0.498283022108898,0.27417824008859343,0.06032797214058307,3.1352111012829237e-07,1.183629371129404e-06,9.531789184728008e-05,0.4732776044443077,0.08276558748118067,1.557898524394072e-09,3.556911017207694e-05,1.528300802053186e-62,2.61422935406224e-64,1.983153208571868e-65,2.0775162871054025e-53,8.803016231109106e-33,7.621008883206214e-31,2.4581075587422857e-32,1.894371721998459e-28,1.835821994124153e-30,4.8127079265150696e-18,6.69841097481486e-08,0.0027948923579507214,0.21023526460262495,0.9850616317062144,0.004424758784149235,0.4883980568056183,0.6516033551556576,0.00013809370271917722,0.29640577844857247,0.3530757455965781,0.9442516772403532,1.9169565143323373e-09,9.689159903772265e-07,3.439801928645828e-05,5.919392529455315e-12,4.2556547326670866e-07,3.2971004047590594e-09,0.11123528378685917,1.6299985281033676e-14,0.0008560228236449524,1.2773915895144172e-07,0.8654122130601976,1.5404210330073074e-14,1.2241466825171991e-14,3.10702944933758e-27,3.5448823953342075e-29,4.2165130447178e-72,2.1049009612926434e-17,4.822651604251539e-72,1.2638941975393107e-55,4.891418966250663e-104,6.62587501979272e-28,8.557054690957464e-85,2.962410625964634e-69,2.0465384097069946e-122,3.5991434295063826e-42,6.35110256571049e-86,8.621339797629525e-54,3.210594915648677e-63,3.423152633145698e-58,1.8104176274087353e-24,4.087786807198467e-117,1.2156009357882706e-08,1.280861989952118e-63,1.0989056248046937e-14,1.4062437457191124e-161,9.36563134084672e-10,9.296230466061607e-57,1.6404870553826138e-09,0.906586761210517,0.7986179642339616,5.794935717874078e-20,0.983258255565619,0.12462307558351955,0.2682988711212782,0.00027957671604087635,0.10240550693309508,0.888651485889745,0.8372877859788218,3.1475222206017364e-07,0.9128448815515898,5.499251315078605e-10,0.9114631838062718,1.091622419473688e-10,0.08585182885502511,0.004658277627620245,0.9191165489353094,0.5378893204213502,6.816188473891967e-22,0.4900814955344852,0.004832553750355043,7.054452817671166e-09,6.115189255392787e-11
DELTA_DG,0.2177902556563157,0.2630530891790367,0.7623004554814556,0.6586780313025167,1.761235517771586e-05,0.007950176983014265,0.7599207033681472,0.7383964603283886,1.9267963405066275e-06,0.0068653136559273294,1.7384184767708994e-08,0.02453920372268559,0.21864475728975147,0.0019946479877877904,0.3281895028851141,0.18857947036741177,0.0001266803942688513,0.5788937728811191,0.5454179999515809,0.11567996679695572,0.09231726406058825,0.9520190340538887,0.002803459830414147,0.16334740820410432,0.4448510439126003,0.3553357176718336,0.7435627465213525,0.0010805625718974703,0.04583278812203662,0.006994852237903532,0.15514917627875738,0.121912211104609,0.8899306614672101,0.0015893506564252653,0.07903830414365816,0.8815079489969495,0.5580691633651301,7.313421421060798e-13,8.858374974872503e-08,1.685416636664076e-15,9.209658159513984e-32,0.0,0.2805300338023202,1.1815552522553608e-11,0.29565481476758954,0.20094923804678,0.009806395961305036,0.08934245449870687,0.38856031638822325,0.8080106633237837,0.030628636909622323,0.027905660453346734,0.07438680917774122,0.1361192260154242,0.2699599575586279,0.011700847136922805,0.05235991515538308,0.21077722475787614,0.8357099662454718,0.947511109824082,0.7122420123958204,0.5917796979034708,0.5133320692718317,2.2322594911934606e-11,6.886619983405621e-10,9.664086731846377e-07,1.7090756665230565e-05,3.4438875799320154e-09,2.883816367919022e-14,9.098577777029586e-10,5.974720284479535e-07,0.007369469334823227,6.014264970056612e-05,0.005561827466892174,0.7835543259219613,0.7329526975922291,4.652700068879398e-05,0.0003514039185819571,0.00032477385521039506,1.069240635626685e-05,5.120181636343789e-05,0.005899842601898941,0.00047863081489243057,0.024246180972371092,0.016362535435653792,0.02036833999638685,0.16741382363572346,0.0009516091078550432,0.40715800810685054,0.37145869749649385,0.6180553198619942,0.08711700691223105,0.5626001355461034,0.2104009479492547,0.3655945352494018,0.03337065109499642,1.0466036216591408e-05,0.00034673411283760505,0.0016386963147982066,1.307098436637438e-13,4.797529388958198e-08,4.3946715482172275e-16,1.013311262739046e-10,7.414073614213122e-13,0.0002149380746018604,4.501089445568733e-13,3.596582673557367e-13,6.7334687020353175e-15,3.240965991809171e-05,1.4660517218603532e-12,2.108979853748682e-14,1.0308691979611244e-80,1.0394180066333002e-40,7.232536696279752e-50,1.4352685037985553e-42,0.639253866915648,9.470381233247292e-21,9.412961661115763e-28,7.69693797995226e-34,0.7510707507023735,8.839928959333214e-15,5.1664834582588486e-46,0.012265773922698401,0.24759103132268345,2.825004132819657e-07,0.0324086414431256,1.1137527643153054e-46,2.3984006675537098e-16,0.8283067858955435,1.9987170173938743e-50,0.11102162722246464,0.9111598008476053,0.3020693622819114,0.03293266569765941,0.00010979233689781632,0.20346508276194578,0.0006210015352624779,1.1563054348607525e-49,0.00037402937640785503,0.01464276580119261,0.5459639606983103,1.1736960227787727e-07,0.00804580447933258,0.03297701025670606,0.008807961307930488,0.00982201569142288
FCR_STD,0.007252288195076595,0.753558615240689,0.0010901528172857062,0.0034600639386904194,4.493998612415552e-07,0.0002823891776117999,0.01970314381501363,4.776265359667286e-10,1.1138554090695227e-05,4.674372027926299e-10,2.679552587233221e-07,0.00037448040112543046,3.850300302237008e-08,1.1870742075402995e-07,0.09456454873465463,0.5811629853519485,8.977917531339368e-10,0.014266351398732245,0.19171490223851206,0.048669665191126164,1.3345439264711394e-06,1.1522778637747307e-06,0.024758932335864594,0.000472249532131105,0.04978358147534618,0.8290101726506085,1.1728479686883758e-11,0.545752669981029,4.873476659156953e-07,0.9776192935829693,2.0193583169230166e-12,1.1340489979228446e-09,5.752268650384976e-154,1.649874334964461e-10,3.61229329407549e-75,3.7337368039790683e-152,5.634229463842595e-100,9.591010206167809e-11,8.485007092642114e-31,1.9509378792441572e-107,0.0003188708113973601,0.2805300338023202,0.0,0.00040690234643238257,3.8918715466167737e-150,2.0748858591726563e-136,0.03567930804405381,5.681646701858509e-258,2.8599245619738884e-124,4.6529264616262645e-71,7.811876961751139e-60,4.616813684175817e-106,9.900571745798529e-98,8.578198090621615e-93,5.39675858789819e-73,1.872522842316734e-49,2.3784809644143435e-15,6.324753358754908e-18,5.5549772631842e-20,1.1173130891089657e-20,3.8762272477961054e-20,2.2727413886377205e-70,1.8019023135585792e-46,2.0670164621133624e-11,1.1279858254866563e-11,1.5260996139446428e-11,1.6197202909326772e-11,1.2122522953146107e-08,0.003229913683240271,2.0586678036912544e-05,1.740871972297283e-07,6.63182436841025e-23,1.7345624267259927e-31,2.1965108655242345e-18,7.899742543565792e-68,2.741615192600383e-118,9.734650716996759e-117,2.8275586847876104e-14,2.931652227170493e-101,3.049614702380159e-116,6.997298104217666e-33,4.605519634832388e-77,1.321000103816802e-70,3.564283241448745e-51,3.6791036743746345e-18,6.308957780347292e-05,6.1000148998035595e-24,4.465843544899908e-10,1.1489743409693678e-24,0.0005934865734619946,1.731432265451909e-41,2.684083799814196e-05,6.913665160676574e-32,0.006574812076280003,2.5291007639722366e-58,0.09608024451763644,0.0019302494163634181,0.0002176903561416966,2.674513518199284e-30,1.5903906309089482e-12,0.0008760146704715152,1.5056454050788825e-13,3.33330910959047e-09,1.4565172421952594e-13,2.470875203880094e-12,9.084089200638056e-20,0.004183913193279265,5.618020679374944e-13,1.0458400584688859e-17,9.683021764703513e-25,0.30510967960473445,0.0009000227177166222,3.28641628768653e-14,0.057187283327029145,9.258525617608363e-10,1.0000484376665492e-10,7.596171812162148e-25,0.00012155893614442201,4.093592262345852e-21,1.8823507111573737e-10,1.0239328704275522e-36,1.2975564700859663e-33,0.0012975115502722053,0.6269666418213073,0.023659225174198488,9.740289945654186e-08,0.07262239623786117,0.07528244269290807,1.0317961785837237e-11,0.04211405351014954,1.1078081133699487e-05,0.05217477169004854,5.7849073009743265e-05,9.656071367200378e-10,1.5409192914621898e-06,0.03209437867621386,0.12188536485444308,0.7778113010306915,2.887415325116892e-19,0.8016009990034307,0.5305254086523072,0.0037203716718338755,0.23953451988017485,8.69421215007864e-145,2.318369701742251e-247,1.3006564025882235e-198
DELTA_FCR,0.08251286781639032,0.9170983767085151,0.951791131026781,0.12686226525347602,0.3639960578971923,0.10676640883081699,0.13546418684714046,0.2170106995324577,0.20194373820671158,0.3296932797876731,0.005573912120017352,0.5734050684895876,0.000350819855510045,0.09022672808672921,0.015771050065620466,0.9697733103359945,0.3730703349711067,0.07968244443936291,0.3875240798820299,0.002493973869072632,0.7767507300014913,0.1285260850057115,4.030436993848928e-05,0.7826861274510989,0.7411832423994703,0.0002101235011787844,0.30917053373972186,0.11964745631306631,0.0003601699609639597,0.4730613019185176,0.5355587294830224,0.12506818475085305,0.16140709216695287,0.0017354207085152496,0.11453451628093611,0.17485005148180824,0.009904738228002509,0.9956708014442988,0.5747731799012492,0.003226578294405468,1.1927063605074196e-12,1.1815552522553608e-11,0.00040690234643238257,0.0,0.8435397492109326,0.06751113818754759,9.049469203389572e-09,0.32423797689620715,0.12666261117390532,0.42902790077034686,0.00015929437325114569,0.013557327680848314,0.04291438888827404,0.0494125331971329,0.10787222411261871,5.712322404510821e-06,0.005777591095681568,0.03064335996166841,0.3366426101026593,0.0012313430664155779,0.000511117293677395,0.04319227668823693,0.030635840975935552,0.7096698363199837,0.5499507579389026,0.4154710361548201,0.29432051192130043,0.31600999486242454,8.617445279754474e-10,9.370061899984172e-07,3.897471477591329e-06,0.030210298466297723,0.007152405119373493,0.012002778232603975,0.4250566160397059,0.5136729855022656,0.010338454496306455,0.7933710604550162,0.01008316525588168,0.016782681105359104,0.9343762435291707,0.007016971237299466,0.48774441865747736,1.9030780572978557e-05,0.002438133873884351,0.007783402896848504,0.014159160601505662,0.0013770616584924682,0.4117906995560465,0.7415221784153876,0.1700742928416815,0.6271420060390586,0.2957876287575498,0.03665576105838976,0.4272626603872577,0.031140142518676344,0.0033047846651879285,0.19042082496527352,0.43264044071613467,0.8949149128428692,0.0001132259363821567,0.3152252041522168,0.284782986971208,0.7264151555113646,0.15084869304599416,0.5289246097787528,0.9301296869772747,0.6909092894552223,0.9475245333529797,0.48957113670592645,0.12867441725625448,5.03728947013039e-16,6.520550975201696e-11,2.9709095524656425e-09,4.2504297881237203e-16,0.0533908005341508,1.1076090241490068e-08,2.3802288166873136e-05,1.3679998335830633e-12,0.0373509980509991,2.584783665041096e-07,2.788252365615005e-05,0.06853066488588296,0.45210087943716326,5.865993457810853e-07,0.14197490414228106,0.16266405041956414,0.8942997121566412,0.9960609397599651,0.02449538052888882,0.8527407057182343,0.9716487025631741,0.005581160453854275,0.9708156270162652,0.002141071164629048,0.9561504741428892,0.0009005732621276347,0.2798179549441655,0.44583809998265794,0.06147245176289491,0.5110434264685283,1.8784853837851423e-06,0.06647314603825402,0.904958051797644,0.12374895123212769,0.09641745552344441
IP_STD,0.0004389013286944525,0.31502059187213416,0.04169100856279354,0.01729703601732332,8.537751802173132e-05,0.0011044934891474441,0.032764570522314275,4.642782151091446e-12,5.395886091479493e-05,8.64146139184638e-11,1.3408744011626074e-05,0.0012970036048158828,2.7215242504079477e-10,8.876155795666607e-07,0.15944640592166318,0.030115851702367663,3.857909423939069e-10,0.021102413398515693,0.04158502393409592,0.02277946159279847,2.5198539326382055e-05,6.092507880120566e-09,0.0011443557093873652,6.959546333665553e-05,0.2520916915464877,0.6393529967390256,5.5507366745718936e-12,0.559970387108887,1.91968818312316e-08,0.622830935495552,2.0037427184066247e-11,3.4200126341879735e-11,7.239974008417128e-129,6.381780497292824e-07,2.5724787911293296e-63,2.2249854935163715e-126,2.1665578585775188e-76,1.7212390465814266e-06,1.16973650872064e-21,3.73834804949861e-105,0.0006307673724932492,0.29565481476758954,3.8918715466167737e-150,0.8435397492109326,0.0,1.9518532440286004e-292,0.06605809560866972,8.72907079157802e-179,7.741501740863382e-143,4.0154427719030877e-66,1.7200967505949996e-40,8.057684654097336e-106,4.30270322600865e-101,2.7480697760483106e-92,4.965936995306888e-64,2.286751851602375e-32,9.770062612955085e-11,7.451493485777245e-16,1.4635813709757345e-21,1.13986259817367e-26,4.605696886670248e-21,1.8957309380652837e-62,1.3710488383407592e-38,3.159555858211775e-07,5.557933741187974e-08,7.910138283733285e-09,7.68749703311945e-10,2.021139127815088e-09,0.006296698373354501,0.0001979481440346048,6.893450862358295e-08,3.9580124847331904e-25,9.002125455369504e-34,9.44501587664295e-23,3.542327125019437e-83,5.733136835998276e-153,5.3910316917019445e-117,1.728330319467461e-11,5.950988464325381e-108,8.362412847011899e-111,5.890885459137578e-32,2.6604372571561577e-75,1.5625961909120419e-89,6.268135100023549e-40,1.3588535236609189e-13,0.0015677363508212016,2.814989986777546e-16,2.070901427821769e-08,1.7140669985162222e-23,2.0871388548403003e-05,5.9642744394285015e-30,1.8234339345897775e-07,8.922927525753814e-31,0.0008467585254176091,7.501297841609457e-45,0.012347401289481894,0.0014544405130576619,0.004267124008841314,4.366455401521245e-27,4.8849724693605345e-08,0.0008772040372152651,3.7340712829015416e-09,6.491361928592158e-06,2.6325066014265972e-09,4.7526006465172634e-08,1.1088251374032747e-13,0.005390575043937436,7.192937620082467e-09,5.4291552605155906e-11,1.016402362270143e-17,0.5772542003319702,0.0024659159060831043,3.126689169251673e-11,0.12320360960384227,3.2054243223825553e-09,2.348933868873028e-08,1.0479176771979209e-20,0.015539563928604325,3.7433358987261224e-17,3.2972611453501055e-08,1.8252980663464133e-30,3.530534564773588e-26,0.0006750112212463341,0.9065808040946832,0.0067242372698716035,1.2354768923853438e-08,0.19806971323696082,0.22525629538441302,1.7836908872709662e-09,0.1660658665983328,0.0005257091524759388,0.042347394666602735,0.00037261556003369734,4.438349257121758e-09,3.996014282936427e-05,0.055608564125818605,0.24320912664099859,0.8528863713615333,1.4666667334836706e-14,0.8504961762840669,0.8490910641326386,0.0012726223852767436,0.25919754107962106,1.8957943622580724e-83,9.960925471569969e-161,1.0835541384921338e-147
IP_ACT,0.00988633294114867,0.6974290741227899,0.15095459906635336,0.26893603050596926,9.408345917282409e-05,0.0030343454225235634,0.004069160768030503,1.0360976423603455e-11,2.703958675881844e-06,9.911145626941548e-13,7.225025392683352e-07,0.006315841367082135,2.2784780365432863e-07,6.318954722789541e-07,0.5991005612415866,0.004098421706484005,6.715806922917616e-11,0.1927322286528107,0.040698157125482685,0.233634960970179,0.00045995908169486937,1.5326050424064052e-06,0.04441480262098833,2.5057293000483e-05,0.558909904462956,0.8768512455907952,3.772950397758991e-10,0.37943716049071724,1.2378908294385398e-06,0.7802378563266998,1.6498000299693095e-09,8.33309870687072e-09,9.167419313500858e-113,1.617178190131604e-10,2.1828050696387144e-48,1.757818701617716e-110,1.5896363269565416e-69,0.008009271686753236,3.757236764606753e-12,2.533734686341754e-112,0.7938384847248665,0.20094923804678,2.0748858591726563e-136,0.06751113818754759,1.9518532440286004e-292,0.0,0.41157211031492114,1.4232774777076063e-143,1.07273092636349e-116,1.060137410092843e-56,5.9911058732626765e-40,9.428642348891696e-109,1.5223139846336983e-103,2.850321436616953e-93,6.862759946584716e-63,1.6845948829172257e-32,7.040123558170454e-15,2.8933183521369374e-20,8.496960401193329e-26,1.3410457577792217e-26,2.1113404792718928e-19,8.834834375641012e-52,3.660331347703319e-33,0.005811963005650443,0.0020585263021062282,0.0005168426457811509,3.3822127612278494e-05,6.988353302050159e-05,0.5816703818134152,0.13091151142473445,0.0012349204165859114,3.5395705556906333e-16,1.2714339599165587e-24,2.0991379775353767e-17,7.034559570900719e-77,8.720088027166435e-142,4.342275728058009e-122,1.7095567197198092e-10,1.0084041386335526e-114,6.254638708192786e-114,1.1484423549832965e-29,2.1723540159401227e-79,1.440647902776351e-87,4.4487258510909375e-42,4.441320676132765e-19,1.661516196845472e-05,1.3252283975871844e-20,4.2875291934269973e-13,3.0677167166062524e-29,7.507877708019907e-08,3.482601097562946e-33,2.2638038153193595e-11,1.046642024497917e-34,5.4736414032033754e-05,7.938053106989831e-47,0.00033742304771795204,7.952101784638497e-07,0.3167806249440405,1.0897924274640017e-18,0.0030177413436504185,0.14047611691757703,0.0012857546728735575,0.015454426269316136,0.0011046138610045523,0.0006170472600459609,4.129717253061463e-06,0.5049649510892721,0.0030776442507364494,9.36073989802516e-06,1.3573036966848133e-08,0.0072881031538670395,0.9591829547065925,0.0001679937477484008,0.0002783395425966457,0.015896482318449784,4.417731978915084e-06,1.9852642273012749e-10,5.675103840165515e-05,3.834236159997905e-06,1.0150965234159193e-05,2.1857469651917975e-17,5.965936886259191e-20,0.000552786430541824,0.912409733529832,0.5203272364598259,7.550149633865642e-09,0.08769957003122884,0.3422981460621663,3.297492947381753e-08,0.06857540575070173,0.0006122827110765613,0.05164198959201498,2.3140088201399083e-06,1.1998481273719316e-08,1.8842295409320376e-08,0.05926474149084225,0.010313873265040822,0.8043905691463851,2.582954928546207e-13,0.7765234594683521,0.9195878312660662,0.2683737139982871,0.1743747271086606,9.68997975729346e-78,1.1158469663253953e-126,1.025353760350281e-114
JUMLAH_AYAM_AKHIR,1.6282621139086072e-12,0.35106824344455817,1.3001039433295077e-05,7.216402723305652e-13,0.0002398287622672296,0.3779689643046536,1.7418510198580339e-06,0.01961278221066058,0.199677730317361,0.19281825457477625,0.2793914805460957,7.059130121216467e-09,3.112816997899769e-10,0.06889305401534465,1.0487662956110092e-05,0.0001940684040496497,0.0436518267603741,3.8617428706743857e-13,0.00619926412843604,4.708535387514514e-12,0.24750000369750905,0.00015315419299498652,7.798750623715597e-12,0.09438747007586218,2.0188860404364626e-06,0.10571209767681165,0.0822891479790965,0.9917590165268931,4.750853035846128e-08,0.03395527040421436,5.863312415099576e-11,2.672519804098579e-09,0.03318463899004365,0.9368670595782611,0.2062706581136756,0.03366957755820039,0.03743335671898929,0.13679471178148875,0.0037036754516429644,0.3617870971766303,2.6886957779853433e-06,0.009806395961305036,0.03567930804405381,9.049469203389572e-09,0.06605809560866972,0.41157211031492114,0.0,0.0008243230554596004,0.0025675999859038007,0.0014470646500230465,0.006579847815513503,0.38211002225554863,0.37970937160639395,0.30041485708464966,0.35749349559297444,0.1053023890507452,0.61724338466364,0.4105528837363779,0.2577171104535568,0.05552733511608556,2.1584450947487314e-05,0.5452596160671795,0.8326122079649516,0.01696493563411889,0.008467800793563417,0.006183808030686148,0.019763503577816685,0.0005759469911062914,0.001299879469162442,0.000922264180343204,0.0026973353927499193,0.0001297501166700138,0.05693382987321526,1.6387514688597362e-07,0.00037765234360354706,0.1740477571909427,0.361362222682659,4.716458302787201e-18,0.44219069915057596,0.017744268398199606,2.1970809623119627e-21,0.19373279577048452,1.0018690931353645e-07,0.27411495142490794,0.6714240090987595,0.9721625206046337,0.4186121195105829,0.7753438387261647,0.4214750509502947,0.987863286891984,0.405781184237557,0.3519649312528768,0.08474160811947101,0.09101739075699417,0.6127871852538267,0.9763116576482358,0.39177365177636225,0.06999959932288938,0.01197236552415434,0.01102744923806401,1.6911344571219616e-10,7.298042788876601e-05,0.39834088513082466,0.0012311764336899189,1.5576998420536367e-19,1.6616728406619088e-10,0.7148279117392274,0.003962852967378709,2.2336952303049008e-23,8.760609848202411e-13,0.0008951648156074924,5.77899775468264e-05,7.64482795612929e-18,0.06671977205193184,2.1137962795871977e-07,2.864902492841006e-29,5.2921298760843976e-21,3.6230318539657704e-07,4.452466537560748e-10,1.0723818575132606e-32,3.1393783102836113e-24,2.7801066879745205e-05,0.9688202242287784,0.5373147291563646,8.054765151900552e-14,0.5735686363989738,0.9134795878567139,0.8966947667838745,1.1976574026124925e-18,0.9275056938410945,0.23136963233832694,0.3939039339609185,0.31491145241832225,0.17068658234237083,0.5613506022090845,0.8988754080418233,0.07434396030249875,0.8904821424531293,1.260947883381268e-16,0.9335638557271456,0.4698836731722819,5.750123545283693e-10,0.6967370993386008,0.01087491992646795,0.00019434774662934335,5.0255675477248265e-05
FCR_ACT_lag_1,0.000993039258995179,0.7588178586836408,0.0009146465066690638,0.00044851935775109256,2.524867288006198e-06,0.0011626780531897283,0.04346859819714372,1.510921074960041e-09,3.9638153132824376e-05,8.569664915051283e-10,8.185017243787705e-06,0.0003926246490876493,1.1934531452042658e-10,6.482653356830913e-07,0.030681932097212723,0.42786850972449586,4.457512727311177e-10,0.007734601563849168,0.07426371851511418,0.006023408201462397,9.202487436530304e-07,3.746232962878116e-08,0.002007040399954835,0.000285130895883294,0.05691852787761986,0.49974376746903,1.569171783004123e-11,0.8658952243899223,2.905495823865178e-09,0.5711760629944134,1.1791595753572022e-13,6.71395444652563e-12,2.4498269556779005e-149,1.9640353631859112e-08,9.679019093033834e-72,4.102493346889437e-148,8.343108652929728e-90,9.273730367341481e-11,2.2885177355927766e-29,1.8735277417043134e-106,5.716190529882152e-07,0.08934245449870687,5.681646701858509e-258,0.32423797689620715,8.72907079157802e-179,1.4232774777076063e-143,0.0008243230554596004,0.0,1.0386464482004498e-148,8.342639866301734e-74,3.8832373704065635e-50,1.8144122722901402e-100,1.8131114396220629e-93,2.598810551653399e-88,9.931039655875852e-69,1.0885662075302418e-39,7.454075619456553e-14,2.5995914937024383e-17,8.513928906471158e-21,6.858653893306542e-26,4.739468314994659e-24,2.546649257700412e-66,3.120965800923442e-42,4.5365300750032884e-11,4.344118423159737e-11,5.6210055292172915e-11,1.0497246785436165e-10,7.328333906131136e-09,1.5032574062440392e-05,2.9367744580585935e-08,6.062493102649055e-11,6.836709425663915e-27,9.05668070728476e-36,1.73498252424069e-21,8.557552229093592e-76,3.83657666067365e-135,2.0490029709886566e-112,5.93073592869553e-15,1.190165675192155e-97,1.3127356957406988e-112,8.858780557254271e-36,7.446761011167826e-72,3.0804454973489553e-82,9.698470001096697e-43,4.806911043261077e-16,0.00035245857431208025,9.995932784262489e-21,5.6422183060673676e-09,8.947865107878122e-25,0.00045744400199255466,1.5444042663305032e-38,1.547081612265765e-05,1.3708754898060761e-34,0.0012312352984952244,3.101041593432306e-56,0.025112035787533307,0.0067316947663892505,7.437533083616343e-05,2.2594437710680774e-30,2.351913311608742e-12,2.366920766057499e-05,3.229906008432753e-14,1.2779869083079197e-08,4.1130757682697803e-13,2.1612080649137776e-13,2.915202494511543e-20,0.004164775335433575,2.4285849963233367e-12,8.616586578524771e-18,1.6069375840013635e-25,0.4164354765844254,2.3830414502122407e-06,2.6215784719389885e-18,0.4273693832582583,6.475375936478937e-15,1.1268135272280408e-11,9.796031524958351e-31,0.003995564809060299,6.997898988102357e-28,2.0039094469848876e-11,1.0497688684474525e-43,5.259833026483384e-32,0.005927354237890859,0.7734154453677079,0.0006624138064820359,6.813860581560367e-07,0.03144523548917202,0.16042201367936143,1.302564666332485e-11,0.021364634591086864,1.0998598196545618e-05,0.03993158760978164,0.0003937664891966637,2.8449971220457494e-10,1.5582039083998046e-05,0.030790848619795898,0.34007938449871705,0.8797636895331672,1.2336233552964267e-19,0.7643966845433232,0.6600594858463777,6.478089459180347e-05,0.525081011830209,2.121386747649092e-156,0.0,8.079167118445881e-244
FCR_ACT_lag_7,3.0125410590073467e-06,0.08953325727596365,8.341959388171437e-06,3.3284064813848387e-06,1.2076833265727093e-09,1.239999734523395e-08,0.9930219459185752,3.2339124233671083e-24,1.3509768525876733e-09,2.2569956953765002e-15,4.126105287844977e-09,1.174574296800355e-06,3.5697758751187744e-14,1.4282995593526269e-12,3.2880834021804974e-07,0.636175644468724,3.4305461596382697e-19,4.775674504295032e-07,0.00012400755712719944,0.0001075474681476223,2.1090970722127624e-09,5.29383719573006e-15,1.1152720277960242e-07,1.2652031957269094e-08,0.00198921986947415,0.07294608142943651,8.403119664298694e-17,0.02737223619007222,7.064616875285852e-14,0.3060877393295404,4.1961300494810544e-22,5.145986315570001e-13,2.1212229206694813e-201,0.003685716427101284,8.11128232270172e-79,2.4520470904045978e-206,6.546823576617534e-125,1.1110562867724878e-09,8.672417635694258e-33,5.253299482782699e-143,3.13268818575529e-06,0.38856031638822325,2.8599245619738884e-124,0.12666261117390532,7.741501740863382e-143,1.07273092636349e-116,0.0025675999859038007,1.0386464482004498e-148,0.0,2.7767079393657696e-116,2.527670291624337e-67,5.4253087622068965e-157,3.3000539509008945e-154,2.3703880700722217e-149,1.3339767161242527e-106,1.1909893388666815e-50,4.487962547251093e-06,3.8971352200992326e-09,3.8797592807308725e-13,1.5260580723677203e-29,1.487138443884382e-30,1.2836376657162218e-95,3.9333988283140916e-58,2.2824275142389125e-09,2.898353200442798e-09,3.2414410687243435e-09,9.47570288411911e-13,2.82479840159808e-11,0.032380551383575394,0.0016406051671468522,1.4758539774822207e-05,6.151242062208793e-32,4.37767638296945e-52,1.1374223351233987e-16,1.2626091811630694e-66,1.2717636409186114e-179,2.054640941439318e-178,1.6110494239300839e-15,1.2758607777873603e-156,6.7569349737265e-166,1.445165411857492e-32,6.714325952395947e-126,2.6521932667882586e-103,1.5634625028154434e-62,4.050045293263143e-07,0.05821870126832517,7.861547286059437e-09,0.0003116535371261098,4.703249943428553e-16,0.0006850972538897584,7.487996736524859e-19,1.743136514162687e-05,2.7691707434624164e-25,0.00025550522114294586,4.775781501080119e-31,0.0061259069487128405,0.09805712219814888,0.04126023157972656,6.80506499567661e-27,1.6214452066525248e-10,0.00012771465647085637,1.4773724835735436e-11,7.467957579334546e-08,7.302181289588553e-12,8.214546901520197e-12,3.5747060647535994e-17,0.0006963632436485044,6.708232614125271e-11,1.1256554746004795e-16,7.080518489611882e-23,0.8687548232849482,0.012617418410502937,6.106032452945948e-13,0.002409802578241124,6.580808827277834e-08,1.1679882877311336e-16,3.5026064833818694e-24,8.898255683619618e-06,1.7809061383363105e-18,6.323984614511509e-15,1.144420459546672e-38,4.881818061993297e-34,0.0054444388506582325,0.9033199376758306,0.002052569873554066,2.7604522422052287e-06,0.617188431862115,0.25372184078329324,1.0603466356292826e-15,0.6546374515778143,0.001105936103571438,0.18905362283722937,0.03943690003340389,3.4700996794198377e-07,0.029938490613152135,0.037949991582550684,0.8515736569520802,0.5289315964333465,1.0681203036138709e-18,0.574409925493846,0.8566023450416131,0.00034637788514333795,0.9017853607697905,7.466520142248689e-55,1.0145881920643766e-157,1.3667924908081646e-170
FCR_ACT_lag_14,5.0222779704416e-05,0.22815631991267832,2.675006273659769e-10,0.0006659188035088579,1.0725178974667986e-14,3.619239556718664e-16,0.00838718018770852,9.368578489717654e-30,9.954851776332056e-13,5.599451064970119e-16,2.825481031245063e-16,3.7692042753719234e-14,1.3732729437439881e-16,7.138652608989235e-18,1.3626056761797861e-15,0.07957385894367952,5.465438656852612e-20,2.2408899865716514e-14,0.0007519210534873143,4.068327194196639e-06,2.9756920184710986e-10,5.253815388120046e-15,1.011061486492547e-06,1.1675231516941253e-18,4.677275206753481e-09,0.0008953935098488475,2.7346059651586734e-18,2.2142646942046845e-05,1.9798446205742294e-13,0.00026353664921611536,9.151823713011747e-36,4.987693564600952e-07,1.2547957193389638e-182,0.4467445402002299,2.868253257136585e-80,4.0040981107599413e-181,1.8747075515500335e-194,1.4427704403550701e-15,3.895200849685108e-42,3.8833281735185603e-110,6.268032961356961e-06,0.8080106633237837,4.6529264616262645e-71,0.42902790077034686,4.0154427719030877e-66,1.060137410092843e-56,0.0014470646500230465,8.342639866301734e-74,2.7767079393657696e-116,0.0,2.451261016329024e-149,9.9319480947379e-127,5.587821249762216e-139,3.4518191801718774e-151,9.967983414333939e-185,3.624742279129958e-107,0.11762454240036507,0.03472421866783382,0.0024610642193561745,2.22156315747587e-11,1.2273476267618156e-40,4.808629360856512e-94,1.2304455352112366e-104,2.320678409778863e-13,3.339707993482288e-12,1.211488901545761e-10,6.5267729158107855e-09,1.433507736086526e-13,0.2134810404758302,0.07654751634373876,0.012196963308779448,5.827817489360887e-16,7.728266980555424e-70,1.1604878916076771e-09,1.7237074623618013e-26,2.8918233725822584e-75,9.509454969984664e-142,3.3569603166889984e-13,2.557691702661487e-130,2.9071358640624896e-131,1.0714196614188131e-18,1.1812265362100754e-152,4.7582508670774426e-40,7.154467162983188e-141,0.10061912672066857,0.8285437495199436,0.010439852520491342,0.6083023227376791,0.0008534153428641539,0.7216766318536293,4.388739227788365e-06,0.6424339321940807,4.084986646582244e-12,0.002927733352008213,1.1696538032800964e-12,0.03665242245722703,0.5773581839090872,5.995779710736403e-05,4.275472467999438e-19,2.620948332054249e-15,5.462305348340928e-08,5.45168571401367e-17,1.0526678700393343e-10,2.2676926874898413e-14,5.6066399421324146e-18,3.942260613790737e-20,0.0009704153787624838,3.8774824558001835e-12,3.969883024469056e-22,2.6377313510570722e-23,0.5581033027438898,0.1963592820028934,2.2683378772079032e-09,0.00010096521806149679,0.0004310979749698407,3.7466173927294824e-22,3.8345258780473306e-18,2.8006748432369493e-11,4.261157947045909e-12,2.627658849372148e-22,1.6822765125044724e-32,4.426500766495622e-40,0.2751756248102821,0.8524607639916766,0.00031939799014631674,0.021597904918771855,0.7587866366450705,0.5756020810050647,8.047095904701441e-14,0.24698534873445674,0.094520456689419,0.40209074415191925,0.7978380868142482,0.013184548530991338,0.8355302750051962,0.39572019796388136,0.09850366418638391,0.3004156664110739,1.3121337954698193e-15,0.1414279606068967,0.955348346375677,2.0674314828657307e-05,0.12969835181239464,1.4856762580060473e-25,4.859616434515775e-89,8.645979809741178e-111
PAKAN_ACT_GR/EK_lag_14,0.003605493557146949,0.6433980043142761,3.8398423350683023e-16,7.569689781700904e-05,2.2750725241742906e-18,1.3004461404842567e-18,0.0004332297772942829,1.5609329484961395e-29,3.1549174470042208e-18,5.1239644869792825e-15,1.4261881119962657e-24,5.750913502494481e-20,1.0165769287301039e-11,1.541966861711757e-19,2.9260053887180364e-16,0.0006298938665693004,2.6099375531746535e-21,3.4936566045954e-11,0.04674455552031733,1.0587615802471121e-05,5.66056445676906e-11,6.16342513978787e-12,0.0005762347509443645,1.6069685878338627e-19,5.826103798949771e-13,0.005555339633865954,1.3434741697305585e-16,1.700575366900698e-10,4.039695939309451e-10,4.7100756373066415e-07,1.5535655724866978e-40,2.5537778930901648e-05,5.813184571251748e-135,0.03316164772703799,1.267754618594168e-67,2.3252030557266407e-133,4.9566096849902106e-229,1.2653957816615057e-16,8.607510342436069e-47,1.7475017594906187e-87,0.022738826893922644,0.030628636909622323,7.811876961751139e-60,0.00015929437325114569,1.7200967505949996e-40,5.9911058732626765e-40,0.006579847815513503,3.8832373704065635e-50,2.527670291624337e-67,2.451261016329024e-149,0.0,2.0989673640162717e-95,1.56881595157149e-102,2.589886605555895e-110,7.348607416650202e-147,2.4012817050252215e-245,0.026357159592296717,0.06267728791521734,0.021346502516514054,3.808928750964624e-05,6.209243015772122e-26,3.339709070815841e-85,4.347396211047457e-102,1.0872516408136287e-13,1.4807671510579312e-12,7.628489552103583e-11,9.055247064999567e-08,0.0005359080097593618,0.34165308509326237,0.8362034627010995,0.4957990180258824,7.059714835676546e-10,2.0688293534111723e-30,0.0005001598924579417,6.681805203092977e-14,5.554644972234031e-39,2.3231330558353446e-105,4.235627364632893e-15,2.3586887906627078e-94,5.630879602126927e-103,5.349390927688254e-16,2.8913832550900737e-120,3.111483943496138e-20,5.4393822765024874e-207,0.021500130137187826,0.7028478801749319,0.003732318437634621,0.14527142117308373,0.009414405312585795,0.858967583421307,5.101432848126021e-05,0.8750390455365832,1.8619004640576e-06,0.1612918846559687,2.5466419213434842e-08,0.5803016008750504,0.227459961235561,0.00582966082563288,2.829189677323965e-16,1.287144515468029e-15,5.368752209823272e-05,3.089316312382184e-15,3.0937373014748713e-12,1.953993074296835e-14,1.4407420178258807e-22,1.0388034272909957e-20,0.01893239671626808,1.6836768616050295e-10,1.8380295625068166e-29,1.8512272906451727e-22,0.09588600915229503,0.10714424560230801,0.0001908058713363063,1.4868110640533112e-10,0.6742387874758511,1.8590848978986248e-21,7.312202141279123e-10,5.2197813299841526e-18,0.00012366675910866214,1.0321588324935812e-23,3.2394106778302255e-20,5.082432920060097e-32,0.5605401685980437,0.9538918959394782,0.04828401543152297,0.21315406453907704,0.974441869578553,0.8305181118228923,6.370583638418464e-15,0.4714712215967449,0.418662983419959,0.702317756791531,0.7315322194682531,0.4879727583096652,0.06876474552317395,0.9137911416885605,0.5433350824833685,0.5775582502818147,2.6363912466376924e-18,0.16626754420178733,0.9905285234974281,0.012072512453891243,0.12231590450332071,5.693253414195835e-17,9.551332581790153e-61,1.7566245899609669e-74
DG_ACT_lag_1,0.0030499072585225334,0.07593566764724063,1.332790529914763e-05,0.0015221776629630536,2.1205402647345468e-12,1.954403618920343e-10,0.663589174553941,1.0353016195930308e-28,5.59216751205319e-15,8.502172530603933e-22,7.89894604930881e-14,2.661460376733748e-07,5.529506839687094e-08,2.003459015306282e-16,1.0105667435788272e-06,0.5150146300821727,1.3120328272880038e-20,1.3254114144942411e-06,0.00036963783024884333,0.010251495031139712,4.3104254984864565e-07,7.79868578840873e-14,0.0009668255136549204,5.18228998194406e-11,0.013415393350884278,0.42872049931717826,8.679346839468465e-20,0.0067589423676574995,1.2470759471962563e-07,0.04063952478394918,2.7943126675351916e-25,5.839495079683823e-09,1.5423671700048895e-186,8.215195816242231e-06,9.521339107660952e-71,3.018952796926183e-187,1.0699136372737887e-143,0.0005094091243522588,1.9968019803313814e-22,3.243935844996175e-163,0.8186522555000858,0.027905660453346734,4.616813684175817e-106,0.013557327680848314,8.057684654097336e-106,9.428642348891696e-109,0.38211002225554863,1.8144122722901402e-100,5.4253087622068965e-157,9.9319480947379e-127,2.0989673640162717e-95,0.0,2.3906842835770463e-183,3.0214140297339876e-162,4.064911495865907e-126,3.6131018496803523e-75,1.7744786801428146e-07,6.917805152723482e-09,2.916221024660179e-11,5.789119336652348e-20,4.2688646285896505e-30,1.6511502295533408e-89,1.3698450051684292e-72,0.0006217657708654875,0.0001441864672247392,6.629758687787565e-05,2.4084190170352496e-07,6.57151541359417e-07,3.1105490933150413e-08,0.8844119027788884,0.0394600488080661,6.586491615249559e-21,1.311397298435027e-41,2.324253417149269e-12,7.277423546829706e-56,1.1629909868946004e-136,1.6229041520251205e-277,3.5710914439105015e-14,5.739639658296463e-227,8.81098774057083e-219,1.8050707009025146e-28,1.7832982708062237e-168,8.434773619274263e-82,5.448789241775077e-94,4.673233265140393e-09,0.002843711129347233,1.3027091139949644e-09,1.3901818444918314e-06,1.3506188923677284e-13,0.000988709068488243,2.484580723421873e-15,2.8883495426905085e-05,1.1593024174367667e-22,3.109314003039972e-05,1.1572062462591433e-24,0.0003297685361389011,0.0005506010804734467,0.19932929113886938,2.6467689774830214e-19,0.00023976372175444022,0.041561723995371586,0.0001051128480843384,0.00254220292220971,3.839528210937183e-05,9.923693839545355e-08,2.7159175650035472e-08,0.5206745608997125,0.00021607117644585855,1.7584745887263006e-10,2.996340986698354e-11,0.019243472304024758,0.00032401463919589415,0.042711207402501755,4.364848213714499e-14,0.9671274358991883,2.6417285599799447e-13,9.73426375803468e-09,2.862946722253115e-14,0.00018220262947881653,1.4247510925815149e-12,3.920968942935242e-19,4.1935598539333187e-29,0.001428599866316806,0.8657203510186452,0.660640587034857,5.5547571564241635e-08,0.0021765657028872953,3.645338834265006e-08,1.3633713385114064e-13,0.7820160396768502,0.028443277974979923,0.23916540782522708,0.001663352517873442,0.0007564299152588025,7.840551322878028e-05,0.2651939819673288,0.07598504637815287,4.1820367481073345e-05,1.8927546651641795e-17,0.7824619771883461,0.9703808216865455,0.2967617334986212,0.2794305300928007,3.978550217007421e-41,3.774819740067071e-107,8.128893444378139e-116
DG_ACT_lag_2,0.002266211711736312,0.1577154762792699,1.3667382568867948e-06,0.002010200186128757,1.755546469128333e-14,1.7947024268668493e-11,0.8907151640166863,7.107225461737115e-31,3.383609807363046e-14,1.6141968279013807e-23,2.5367726637716383e-18,1.7994707408316345e-12,6.902162321411478e-08,5.705944125217746e-17,8.691666976603389e-07,0.736461586874126,6.895289065453283e-24,2.9661987499639642e-06,0.055139126866856715,0.1545286126484093,3.606199992021999e-08,6.409860099274246e-10,0.0007026945577599194,5.465317474283975e-11,0.00014466304495383263,0.2737016070792235,1.0885722107157077e-17,0.00024918472916908514,6.45888141730442e-11,0.09440043638637163,3.245274788347145e-25,1.1585647203543469e-06,1.0265436814471474e-189,9.977528316467786e-05,1.6432766695266667e-70,1.2478046218312316e-189,5.7451783138457054e-154,0.00016872777545254666,9.645109655428326e-24,5.239641348847941e-153,0.7786872706389665,0.07438680917774122,9.900571745798529e-98,0.04291438888827404,4.30270322600865e-101,1.5223139846336983e-103,0.37970937160639395,1.8131114396220629e-93,3.3000539509008945e-154,5.587821249762216e-139,1.56881595157149e-102,2.3906842835770463e-183,0.0,6.6072784921707e-187,2.886424035064182e-143,4.274538548414699e-78,2.0070438026154328e-07,1.615303128019752e-08,1.4017298781143501e-10,3.592191350945928e-17,1.8545405678740892e-31,1.1374254257595426e-93,1.9848477806947903e-76,0.0017297839433618718,0.0005644657105887508,0.00014686378731721675,5.281604278083588e-07,3.353513338390533e-08,0.1959411062554918,8.037769224412619e-06,0.39884512896997504,7.615580521280156e-17,1.4632638230076945e-48,7.684166553176711e-11,1.8279544566074596e-52,1.2399896560440998e-133,7.406115729427691e-264,1.3408877425221286e-12,4.397386418228011e-243,9.085016741886957e-213,2.071349742321728e-25,1.8888688994390014e-187,4.5502506462952833e-76,3.295848116916234e-103,2.2373052410891667e-08,0.002762104286331551,1.5210862373028488e-08,2.75497179361057e-06,5.290189109973898e-13,0.0004023038456231932,6.721869024001987e-14,1.170488167708522e-05,4.407785562737093e-21,2.1966597894566203e-05,3.603229370533235e-22,0.0002911628728617852,0.0011624847327647075,0.38126567678457274,1.9358183713139483e-18,0.00039139946116357777,0.015353830513966715,0.00011298264867462913,0.005195240123572427,4.612953117693525e-05,1.5378204956223854e-07,3.264292527587044e-08,0.4546762476488144,0.00012609391732802314,8.386959684304513e-11,1.6554776752840987e-11,0.030084099050710543,0.0006410428389494551,0.03930980994299314,2.1972517356399082e-15,0.7508075632948543,1.5026675122977353e-14,5.694606464647773e-08,2.6516652270185847e-16,0.00037827178187419246,4.754296207344092e-14,1.2679581820815731e-18,3.6024017548189182e-34,0.02542461046558001,0.5370889623572671,0.41311286398463537,8.310621043417671e-06,0.8757158528346647,0.3446473049677311,3.8801188857395827e-16,0.0004015365221987719,0.006378110503993196,0.5232398426465101,0.0016276616765304819,0.0002350275107760354,0.0006949355225725137,0.0738404315870433,0.05423506030637114,0.26737261465383405,1.854268803520342e-15,0.49109325153820416,0.5597679145713188,0.16618311799312413,0.7924547440837566,5.711904273543195e-37,1.0412694815490888e-101,2.0817691952196397e-112
DG_ACT_lag_3,0.013448005269044355,0.4065960948394459,6.086698233146936e-06,0.4411861808994437,4.588853487736059e-15,3.5123525512336106e-11,0.7580045942221191,3.3911531666736945e-24,2.9818002682219623e-12,2.1401301193423384e-15,2.5466068976371327e-14,3.101803318877336e-07,2.3470639749785785e-10,3.820387114330259e-15,3.3782515215730967e-06,0.6567642837096067,1.3359426390244385e-24,7.062877330490594e-07,0.0007719167888045854,0.2722361377612903,1.8656928603685206e-10,3.613625840876576e-10,0.004323397639825243,3.151651816659154e-14,0.0012990476106713607,0.045092282972453976,5.937271962588286e-18,3.799118433872484e-05,1.5137939292847822e-12,0.02886702903648776,7.394303070152635e-23,6.158660265726327e-08,2.3559872307773043e-193,0.0011633329264570487,1.0696994356106019e-71,2.3765470538465928e-194,1.227729965423391e-166,6.647068874023028e-06,7.957699401923293e-26,6.217486904886947e-146,0.498283022108898,0.1361192260154242,8.578198090621615e-93,0.0494125331971329,2.7480697760483106e-92,2.850321436616953e-93,0.30041485708464966,2.598810551653399e-88,2.3703880700722217e-149,3.4518191801718774e-151,2.589886605555895e-110,3.0214140297339876e-162,6.6072784921707e-187,0.0,1.3255810041844518e-157,5.609398525853403e-89,3.7246603103051855e-06,2.7723586560031964e-08,5.536199351361647e-10,3.0163479067375514e-17,1.8264385171362929e-32,2.6470264996414782e-98,1.2407800483402636e-80,0.0007353449610418618,0.0018096101004502869,0.0005512851160041255,8.917004603426348e-08,1.3485705489661543e-10,0.7571369499090068,0.7316329334224123,0.0010333587480982514,3.5489406680512496e-15,6.044689461699369e-45,2.716955820364993e-07,2.7109517909890377e-46,1.4875410828667142e-126,9.000644165973984e-196,1.8763420851675707e-11,5.947661588114305e-188,1.882987624251678e-168,1.6342011873318998e-21,6.301036350104853e-197,2.3041959687714927e-68,1.7924446232626338e-110,3.2964697315914957e-07,0.018199561027124455,6.660759739210114e-08,3.898325465424266e-05,5.910103161109168e-12,0.0010536100005448612,5.289732035722523e-13,3.663930831367526e-05,4.228286268592402e-19,6.789499574628698e-05,2.8355912615905856e-20,0.0009082990803437053,0.009377506691839881,0.5192003693879277,4.961532889017712e-18,0.00014756876926461855,0.011261392894758636,4.404794732620047e-05,0.0024678107224886977,2.449784133632541e-05,1.2031956110723866e-07,1.1214575176406364e-08,0.2861573484434132,3.739736578540997e-05,1.299917023774096e-11,2.0144224984265018e-12,0.07069549556380716,0.26443966772077626,0.000801855248556435,4.7908188535800625e-08,0.8324399025823485,5.475651239547675e-15,1.4938625139594575e-08,7.604819051929089e-16,0.00017754435995485942,3.328752588446758e-15,5.095316107029292e-20,3.316598807374945e-34,0.24894583502758483,0.46801165887047463,0.5608178997305745,0.0033678122129240894,0.7365658127451733,0.8353519444101781,1.6237689222437635e-15,0.44272916419378355,0.006589880189770966,0.37065304618041095,0.0038508396780858535,3.622932496353434e-05,0.006040806683410662,0.06513784968313084,0.2097865028246835,0.5758506226042382,4.581547777233755e-14,0.10847465175204155,0.5786867272528725,0.22698693717968843,0.24097429465966327,1.0258931696013235e-33,8.832695364786045e-98,2.046367733596252e-111
DG_ACT_lag_7,0.0013957649225130376,0.8523709770876514,4.127504950222894e-09,0.05699058952877679,1.055718125174616e-11,9.067360264762136e-19,0.030667268803516667,5.241925753183445e-31,5.187768514759771e-15,2.8702765867372206e-21,1.7879457899711641e-19,1.6966817795877254e-12,1.7694633949927966e-12,7.257340405853219e-20,4.4616327925249757e-13,0.3183433428164227,9.654481459363333e-22,1.1622090236131074e-11,0.00022734426628116716,6.635925515741726e-06,1.358098083864416e-11,1.0738981354410218e-11,2.762546477179522e-05,3.3035311316387034e-20,6.59765676427842e-09,0.0006072912626129736,6.668728910639252e-15,1.8010224989553978e-07,2.118293835792785e-12,4.014931668453618e-06,5.6074560277572955e-30,0.0006221511013256326,2.3660493727971043e-177,0.0582037236171805,2.122164966645427e-71,2.1702308209861077e-176,4.2063737360379315e-196,5.5707529674653195e-11,2.2726852170219585e-29,1.5409932886660158e-119,0.27417824008859343,0.2699599575586279,5.39675858789819e-73,0.10787222411261871,4.965936995306888e-64,6.862759946584716e-63,0.35749349559297444,9.931039655875852e-69,1.3339767161242527e-106,9.967983414333939e-185,7.348607416650202e-147,4.064911495865907e-126,2.886424035064182e-143,1.3255810041844518e-157,0.0,5.618863936310764e-122,0.024309560710797224,0.008366728447272126,6.495749601014017e-05,1.0217184962013976e-13,3.4900028097283653e-34,1.0834608089624066e-94,2.8468787076482805e-98,2.1690168798588392e-08,1.4829627871144528e-07,7.698599657052734e-06,0.00016667845734417598,6.024051155185197e-12,0.45958311499491206,0.4223667774330895,0.16684834151452632,0.011443069739491095,1.0124318098039514e-43,1.6718110171669765e-06,1.421216483940199e-20,7.257188383684507e-79,8.460043864787687e-148,2.2976246998637353e-13,2.915827513878526e-139,7.038509837497637e-139,1.2336363467252558e-16,5.809937397572011e-181,5.999970623535979e-38,2.6749844878540428e-167,0.011562488343355475,0.49846425890773643,0.00202058622939177,0.11783218574933231,3.4441680320338577e-06,0.0357387934664155,1.2802291188964344e-07,0.01012341460623428,1.0658423639065597e-13,5.623144586877761e-05,2.076258816851647e-13,0.0005960197986481036,0.5265130337355504,0.02002314642440984,2.1251111699552242e-14,1.062031641617902e-09,0.000775289997534215,5.581044380223211e-10,1.7089066365558657e-07,5.119106910906848e-07,2.4291497243348787e-10,3.9388371303171065e-10,0.188233983389148,1.3391012309382964e-05,9.60779623148295e-13,7.962488100349305e-13,0.277114478048913,0.9834927959172906,6.316584445465557e-06,4.7227432830659026e-07,0.18682208607639536,2.433148853613832e-18,1.389210767794244e-11,1.8223971704389692e-13,0.00032885411948796776,4.3774569129717264e-17,1.9894499269676973e-20,7.654877444576095e-37,0.34460773035579473,0.6237289281615946,0.18274976117542108,0.022338646165994076,0.5450789661156878,0.8137832084270876,1.7006553672541956e-12,0.553793194941714,0.2127523987221753,0.3261532550768993,0.6383221909716371,0.043918471044011746,0.15328852702281778,0.6702060951095603,0.6168406707797663,0.9040223159392461,4.681206849795515e-16,0.11820750657193295,0.746147214945286,0.05792956970608277,0.1395977010748053,2.5927456548875256e-24,3.091218904057062e-80,1.4939080099974855e-93
DG_ACT_lag_14,0.031572671279644964,0.5616021365102124,3.8030312716633523e-13,0.0012609024726385517,3.7575797826412284e-15,2.6942539079637666e-18,0.0005185272405262695,8.359544118426436e-26,3.927368009251679e-15,1.44474292605136e-12,1.2109667683097878e-21,9.188239858660048e-18,9.65422908312471e-10,1.820275789503783e-17,5.796400162777632e-16,0.0005501864813518475,9.05897001988157e-18,8.189868470872347e-12,0.0603644763826134,2.8102304920653586e-06,4.773766731286782e-10,1.13448247757051e-09,0.0002879841408432444,2.911680041360654e-19,9.456674918816697e-13,0.003238487399384825,5.0252013239908655e-12,1.9759133611610726e-09,1.1989137077795814e-07,9.220363247540038e-07,1.6633934720160267e-32,1.2293206335953637e-05,6.759342791421941e-107,0.11554414504570792,1.106260970553627e-57,8.591907403636951e-106,5.2316587309569975e-176,5.241856941677275e-16,4.326622488458475e-43,5.636887494489851e-72,0.06032797214058307,0.011700847136922805,1.872522842316734e-49,5.712322404510821e-06,2.286751851602375e-32,1.6845948829172257e-32,0.1053023890507452,1.0885662075302418e-39,1.1909893388666815e-50,3.624742279129958e-107,2.4012817050252215e-245,3.6131018496803523e-75,4.274538548414699e-78,5.609398525853403e-89,5.618863936310764e-122,0.0,0.04714563103280464,0.21684674626826098,0.062433321238930854,0.000373858530431312,1.0993208750167454e-21,7.084296215582676e-71,7.143692796609128e-87,6.489277506664504e-13,2.8836822107570514e-11,3.8643107971217794e-10,8.893014297769754e-08,8.033643554430677e-07,0.37706359701923653,0.7825370125356456,0.7734598885518859,3.8232100061523897e-07,2.076323333257816e-12,0.008173937614781334,1.2801308327514566e-10,1.3346196138811853e-30,3.2875181294773824e-82,9.056873088300422e-15,1.4926512464457618e-73,3.9384216276577015e-82,1.722470342076376e-14,3.753179122888647e-95,3.284678221530504e-15,1.1135544639383844e-173,0.078135429391573,0.9269569058805367,0.015620416223413053,0.3735970300156858,0.05446092103688703,0.6270014510017978,0.0006876122933979162,0.774656615605968,0.00013297877829006446,0.3516751432344306,2.9344687467524854e-06,0.978288798763971,0.3684996154936814,0.004126966263141017,7.227422945064507e-15,1.2621110431915783e-14,0.0002783746382244011,7.837887240610538e-14,1.0777911062120298e-11,2.213736170557662e-13,5.327574545343145e-20,3.1505896401599613e-18,0.024834292802815187,5.558533896324799e-10,2.0641595225159936e-25,9.411858116032472e-20,0.40395334513635467,0.12345222039706022,0.0002942214266152875,3.7958109159977324e-10,0.9915033235005667,1.6595098110937172e-21,4.60142909849811e-09,4.7268859494873894e-18,0.001767186269424905,5.680323033467658e-25,1.3485276818270526e-18,9.265006656738487e-28,0.9044051092338992,0.9902092348251118,0.16280326996206954,0.6627296217759836,0.6746078007779466,0.9335110110863513,3.9101999734938216e-13,0.9956653040776866,0.28034751933006913,0.7883173452431932,0.9291722786392416,0.6312637273128364,0.20130803211975742,0.5847496260343942,0.31118754770495477,0.9771395285886652,1.8761441765347855e-17,0.12898083185567488,0.9772293167432795,0.044695089116381696,0.05686900533130194,6.220658364284047e-13,1.8197195006446692e-48,5.934125024835806e-59
MATI_lag_1,0.0011552735188124163,0.19891049507029032,0.785373293780026,0.5105377022099394,0.5565301321406052,0.0037836593472823127,9.140819870543213e-10,0.492163569476673,0.8892592813662534,0.11131633394888642,0.7762235134489043,0.27527979800902147,0.25080966897758894,0.5758947512724296,0.0004579838849203609,0.03599317836227773,0.5540914962393251,2.1260165379035413e-06,0.18108919339490373,3.2786981802308575e-05,0.11237556169334512,0.9207776087586192,0.28369385868863467,0.06798344408322439,0.00345028544163904,4.845674007155552e-07,0.12130802100105542,0.0007713192716571199,0.14280669338387278,0.0010582717153664125,0.8894402807401275,0.03028041971095917,9.498673859939097e-06,5.107708532965417e-59,0.4355212700189279,9.704819027296654e-06,0.0024843306330532685,9.288821460720638e-06,0.030854235174547173,1.3948091054674864e-07,3.1352111012829237e-07,0.05235991515538308,2.3784809644143435e-15,0.005777591095681568,9.770062612955085e-11,7.040123558170454e-15,0.61724338466364,7.454075619456553e-14,4.487962547251093e-06,0.11762454240036507,0.026357159592296717,1.7744786801428146e-07,2.0070438026154328e-07,3.7246603103051855e-06,0.024309560710797224,0.04714563103280464,0.0,9.713667313581397e-72,1.4763304889696204e-51,3.611241244631757e-19,4.822488802082041e-07,0.14300273830633353,0.9988638547761911,1.748633302455489e-05,0.0011588288823835462,0.04768430088639487,0.21229960418940114,0.022351815160587613,0.032528559625038166,0.006400736842519878,0.05322585709908941,0.057721815518832084,0.814516882866746,8.332114507128227e-06,1.090844364579114e-15,6.4288652530850145e-12,6.022447924230226e-08,0.8413628381347686,2.8522595713822815e-08,5.660320469852969e-07,0.0013969507128868451,6.771008943576625e-05,5.937395539270156e-10,0.08401119416899384,6.73293451875442e-160,1.1453632524585522e-44,2.028197580710969e-99,1.5714718893275643e-113,4.121567466694781e-94,2.1147009408162236e-37,2.2441356141722473e-62,2.586359315146508e-53,1.525976558496755e-60,8.272607806656032e-21,3.699372700018015e-48,3.815311166659001e-23,2.9016008706917286e-90,4.910412367580975e-28,0.0006591742980824683,1.2968894193610335e-05,0.01267390765482686,3.800817742749731e-05,6.360631273787211e-05,0.0008247705835364107,0.005872010531322309,0.006179242441972398,0.0016126437208307473,0.003103863087830333,0.02276150659790454,0.030813400909121148,2.153256125000182e-05,0.0016025779623030506,0.010265303897596983,0.03635050157772619,0.005346919529050642,0.02467612086987066,0.06034066415272462,0.116265890641162,0.19694256631136076,0.029087161478588645,0.5379567947863751,0.005656496944487247,0.04566916703528616,0.9943142492270882,0.0052871230446484094,8.835711022180809e-06,0.47570320218993284,0.485707825477566,0.7660557147225416,0.606785098629502,2.7449080428444296e-40,1.0586077301119032e-06,1.5108684055548301e-30,1.7806965508937188e-10,1.608015807654238e-44,6.065472333529409e-18,4.961538299428503e-21,0.732546520305236,0.21676873214328093,0.25919395844273646,0.9158391514853591,0.004713856778829771,0.0004646838241918182,4.292217597099731e-21,1.032395876259048e-11,1.7198554989422706e-09
MATI_lag_2,0.03844164062949741,0.8108534961020515,0.6538417307755624,0.2547585405988731,0.39690548187554403,0.304706027495737,1.0814338728674298e-10,0.44198623951439336,0.08256302901641116,0.34598660182592333,0.4396325047984946,0.0002874444249297972,0.3066743227295411,0.06278531291359232,0.0002412022304989238,0.001022016619399896,0.24880779981421355,0.00233422300305992,0.20304804392647188,0.0014231272022219301,0.8598408478397401,0.6735094644475527,0.05682753966967467,0.9163060308337723,0.0017323595704587388,0.0013977346297128358,0.2759463471729924,1.581350590694587e-05,0.755941869908865,0.013160654438357917,0.6853124729951876,0.022018635127559062,2.8779519555791944e-07,2.5050898956909855e-40,0.5292801566665468,3.312530613863813e-07,0.001056316907565953,1.3584734498893902e-05,0.015835492667339933,2.8539899230493857e-09,1.183629371129404e-06,0.21077722475787614,6.324753358754908e-18,0.03064335996166841,7.451493485777245e-16,2.8933183521369374e-20,0.4105528837363779,2.5995914937024383e-17,3.8971352200992326e-09,0.03472421866783382,0.06267728791521734,6.917805152723482e-09,1.615303128019752e-08,2.7723586560031964e-08,0.008366728447272126,0.21684674626826098,9.713667313581397e-72,0.0,6.74729828558924e-85,5.210965145167984e-30,1.0225228214122875e-10,0.09287521331811406,0.9896131329105168,9.304448690304272e-06,4.1449633379782415e-05,0.002244305936971253,0.21366744865402104,0.21560611793830287,0.3120109441012065,0.22089601979114454,0.07186497023932646,0.00454053989779409,0.09926224544482813,4.327976290639038e-05,5.011582959500439e-22,9.587983484236488e-18,1.969220305283703e-09,0.6367472119264612,6.13754484248373e-10,2.0071041677020042e-08,0.0005343904701600685,1.88008429398826e-06,4.945717477601119e-14,0.06970989502716235,6.739595299787052e-140,1.3412311885476467e-55,3.428378071214836e-82,1.6953337708951647e-124,1.3280485200108063e-116,4.011288799324856e-45,1.2171781423351168e-62,5.190986414714301e-61,4.101235281241492e-78,1.0759533825154505e-28,1.7032801157612906e-49,3.710715108186706e-28,1.4185408036593412e-37,1.498696618298731e-31,0.0001525941749374408,4.174501128721199e-06,0.06959468044927906,4.058131954087002e-05,8.935689635081829e-06,0.00019905652937981334,0.005813598978672755,0.005920388144700644,0.0006593476778827296,0.0010717672637458341,0.008545439401997876,0.033013519257178665,4.828553050178643e-05,0.09138626945519661,0.18008945012520963,0.27705171130099726,0.01631238642195112,0.06531291825841874,0.1957112499147348,0.16398798007426793,0.32309221784195674,0.08966373363466278,0.9250137465591617,0.0017988751789402447,0.11214534303878208,0.8825878337635252,0.2816376714012913,0.00038704159967718315,0.3536599921294103,0.5437798259945219,0.5353423224802236,0.3128044681951983,9.477496680206668e-14,1.736447049744296e-11,1.0653147326539604e-35,9.787847856669816e-61,2.4808378843346355e-30,0.0008660997657149258,4.836668386464139e-21,0.9425096360523357,0.17564807458498957,0.6774070930070105,0.8704704169843847,0.3085381978761938,0.04770993640097891,4.945665956636859e-22,1.457920278671551e-14,1.467110377652497e-12
MATI_lag_3,0.10758262690389754,0.015890508443940226,0.40295848480783114,0.0268547724283237,0.9190056249445796,0.516617937620479,3.8096580153573716e-08,0.2206569676985199,0.6064232178179507,4.641407662713795e-05,0.8477865885268553,0.3552487201567491,0.26925905353580226,0.003189530425026089,0.024968235100047538,1.3288856611566597e-05,0.009871036096207512,0.008265737709772316,0.14619853626221968,0.12933755528194668,0.01114016656394982,0.1399046062381576,0.8748592867908271,0.3575983514772627,0.06262212761564437,0.00019382059601045728,0.27417707741982095,0.00021103898180447928,0.017320884241483616,0.0004044119861214845,0.1579928274339177,0.001959968135514644,7.068270459480563e-10,1.1621401192163173e-24,0.9013740376285013,7.741170238011452e-10,4.0934799341668416e-05,0.0018032600317433173,0.08857677763943211,4.1509790472926255e-11,9.531789184728008e-05,0.8357099662454718,5.5549772631842e-20,0.3366426101026593,1.4635813709757345e-21,8.496960401193329e-26,0.2577171104535568,8.513928906471158e-21,3.8797592807308725e-13,0.0024610642193561745,0.021346502516514054,2.916221024660179e-11,1.4017298781143501e-10,5.536199351361647e-10,6.495749601014017e-05,0.062433321238930854,1.4763304889696204e-51,6.74729828558924e-85,0.0,2.5307808257899614e-41,6.508247867773791e-15,0.014118653084752618,0.5398693703224327,0.0002741246720684063,0.0002806461681456597,0.0008496182261440771,0.6565336962400219,0.6653464400982178,0.8403500965354963,0.9494448477907634,0.866602689415866,0.024855217688788647,0.08805358878337788,0.00016161359819510232,1.7640444814253426e-22,2.2252033716669512e-23,1.1614579038473472e-11,0.10544619897590901,9.642029699643188e-12,5.066052691097473e-11,0.00020185026595293182,7.442336805028879e-09,1.2751089200304745e-17,0.013699346701903793,8.690371975164114e-68,1.5987319685480185e-31,1.1505050338961291e-49,1.901155747436145e-58,8.301890482376817e-123,7.97651777648583e-50,3.7013464654990462e-62,8.45353098819638e-68,2.4337341821984655e-88,1.924881936689592e-33,7.143210945423173e-50,7.102553039485288e-31,1.0064584116199982e-23,9.982933072187612e-29,0.0003121085750897903,0.00022872100638455338,0.391323991092166,0.002103867271897986,0.00017477124877644288,0.0005687846856528683,0.03041589715163389,0.04104719971654663,0.00320253048349355,0.004026293501790926,0.03294372698426011,0.22286698699922697,0.0003803406898275902,0.7359497405666394,0.7044104798326886,0.35713399321662176,0.18476069507201903,0.17910400869449708,0.8368298026479704,0.39350920541498735,0.8670997704677422,0.28710536779182394,0.2341956219242458,9.605368497116698e-05,0.3900471002918194,0.9087315451807506,0.6498119865618918,0.008051596254837652,0.6157292099911169,0.36139308238370943,0.25164615778917987,0.4124160052689613,3.5380006729139526e-15,0.0007476146001135237,2.9146755849154004e-28,3.6092803587717907e-32,9.499043411073308e-18,4.2177088153895465e-05,1.2997837874369016e-09,0.7309478184091046,0.02279040862381217,0.5933477315614474,0.9093952805627473,0.7399054812741234,0.46026605410524185,8.592588580538718e-22,3.5480859065956636e-18,3.493855905828972e-16
MATI_lag_7,0.04576330595602948,0.024322664768400778,0.042532665793399156,0.3293908995467128,0.23929142184451607,0.0004743116789559969,0.005675781230350583,5.3614295708587885e-08,0.010894723304025758,5.904678630998193e-07,0.24996449153384617,0.7917924432218627,3.1664015661921804e-08,0.0001448979345852766,0.20960846663385552,0.0005942107244309893,0.0009276859863658509,0.6200418807659405,0.04025989999574207,0.010425499453619884,0.00031161740645694713,0.14723542859639097,0.0007537341077638602,0.005709110344791688,0.6263393900958694,0.727779226316815,0.15089286587489506,0.40878748247899804,2.4579621659543633e-05,0.7128871816826566,3.701686112994152e-05,1.3941248556438409e-05,5.218162267435336e-19,1.0340646509535766e-09,0.022493117627966585,2.3006094642096584e-19,2.910006125748002e-11,0.47655033220000464,0.41611757826793805,3.5784656014979496e-21,0.4732776044443077,0.947511109824082,1.1173130891089657e-20,0.0012313430664155779,1.13986259817367e-26,1.3410457577792217e-26,0.05552733511608556,6.858653893306542e-26,1.5260580723677203e-29,2.22156315747587e-11,3.808928750964624e-05,5.789119336652348e-20,3.592191350945928e-17,3.0163479067375514e-17,1.0217184962013976e-13,0.000373858530431312,3.611241244631757e-19,5.210965145167984e-30,2.5307808257899614e-41,0.0,2.2642802910619782e-46,0.00010088685927206498,0.0036664588576838745,0.41551732825465093,0.6720980556047543,0.8989912239983916,0.6029999253341114,0.05554905220650073,0.1985375304269339,0.0024670959634939486,0.004342886477339958,0.00016451713132698977,6.142771251447893e-06,1.2916739435432763e-09,1.5128142727028496e-20,3.15286407156731e-35,1.1315105577620968e-20,0.005154589398913607,2.2129119391443466e-20,1.5963662909733652e-19,6.437322923676765e-07,1.8901749873105373e-16,5.891030762915706e-23,9.885671818475128e-07,1.0172451184797379e-23,1.1261126068997819e-09,7.695640437730366e-22,7.663976033404358e-18,4.461969616015487e-61,7.081471304738667e-35,3.6797168112619886e-37,9.693937177697689e-46,9.520841063619702e-94,7.686846000154798e-49,1.8270992490822966e-39,5.1811370341358804e-45,1.95162910477203e-07,1.4045068228750969e-06,0.019168632856260324,0.5044810581840258,0.15876470944499305,0.9694952777516527,0.21336001578080147,0.3019946817785054,0.3278282380741705,0.7486596276820683,0.018095671629309945,0.17020589377216136,0.41789935759321584,0.4282667379750337,0.1344370867798022,0.0904579570819529,0.0021973429218212436,0.813961549060003,0.004851038392026798,0.10339032742941623,9.570699382066515e-05,0.9637060087186379,0.011904620284853418,0.6460708227832036,0.00014094610351434778,1.4540891832947368e-07,0.04691124464061583,0.9609139109042376,0.1983751250487004,6.471944005084215e-05,0.21316580133956847,0.42706823645298886,0.03289356356966392,0.011252801117673603,2.2744439448758333e-08,0.0032027851005939387,3.236989962019315e-07,9.879877953391016e-17,1.99822387145151e-06,0.010689720143198193,0.17761342550985443,0.4591991042152237,0.0007901435307824434,0.8263949721451553,0.7961527432165255,0.13265420177029832,0.2887434080393122,7.09063794665756e-17,2.2400197215642454e-25,4.1217170952079365e-25
MATI_lag_14,0.001506723502263034,0.11512477615501616,0.017226466824314345,0.26805765233135537,0.000405826387868707,1.2567912168987082e-09,0.12030176067260474,9.511129779618204e-10,0.00020626661487865643,7.426762686817198e-10,0.0012340113822704292,9.492654338374972e-05,5.334752844096218e-11,5.554465290077266e-11,8.855279074560686e-07,0.23226677199058568,5.294430172519982e-08,9.69483119966232e-08,0.5507763244551832,0.00012251450513827317,8.672777474889003e-05,0.006464010413842024,8.551778415147136e-06,3.363633407588006e-06,0.0005690341560061704,0.16748340623751506,0.003321098840159743,0.031991832793310096,2.8634191154975776e-09,0.05057981101788861,1.7267392007566422e-13,0.0012997530977567927,1.919939599494598e-33,0.00045322200674676935,6.41664080897281e-07,2.2160417386693747e-33,2.4999329432529852e-31,0.0004990047408523968,6.358836632793032e-08,1.784906158716722e-27,0.08276558748118067,0.7122420123958204,3.8762272477961054e-20,0.000511117293677395,4.605696886670248e-21,2.1113404792718928e-19,2.1584450947487314e-05,4.739468314994659e-24,1.487138443884382e-30,1.2273476267618156e-40,6.209243015772122e-26,4.2688646285896505e-30,1.8545405678740892e-31,1.8264385171362929e-32,3.4900028097283653e-34,1.0993208750167454e-21,4.822488802082041e-07,1.0225228214122875e-10,6.508247867773791e-15,2.2642802910619782e-46,0.0,1.235818946295888e-08,3.202215361976736e-09,0.0009505319270795235,0.0038358630688113127,0.011140880566687928,0.08551628431247008,6.4809485018439325e-06,0.4506971054984953,0.30942958898865686,0.15084537556842312,1.0428662011741308e-05,2.39811238627194e-20,0.0001291129145193125,1.2318897749328814e-10,3.9002711728626034e-25,1.1128889948352096e-31,1.0678290433061482e-06,1.4100453514064025e-29,3.4127523294393257e-31,3.307543728439362e-08,1.4082329760336034e-31,5.536488603590906e-17,7.476273667825993e-26,1.930619185008688e-08,1.1305889390682034e-05,1.8143947380595996e-07,5.906441432363539e-07,4.529320484834524e-19,7.341324543696804e-14,3.2948740574521743e-12,3.162381471323412e-14,1.1018571916470153e-48,2.6579470921142267e-42,1.2954313173182586e-19,3.876828337497746e-41,0.0288194872292821,0.5006866076612316,0.1261876898781078,0.0004430329728060213,0.019070396219608148,0.000233956081561266,0.003294065018700693,0.0030029570792922157,0.001192457919811833,0.000177690214150783,0.16536341903595053,0.03341479805758463,0.0009429692453702874,6.0937633082414084e-05,0.9344141127223482,0.3839869540722525,5.8053126971989605e-05,0.008405293731511977,0.03739800372140594,1.087040820164747e-10,8.562023927909357e-09,2.397117874790436e-05,0.00010209046274746068,9.252492216645817e-10,1.1034285075079996e-13,8.274818616032972e-15,0.49261866199225346,0.8296943211213081,0.18068927844054872,0.11742031953400851,0.7310652150228855,0.7287034347635325,8.825191783512574e-09,0.47417985184456246,0.00034776062764200485,0.010233655733544456,0.0004118369843926458,1.5415510411286733e-07,0.01754190531805306,0.28826000672576235,0.659940306847192,0.5344008637306312,8.541337976899834e-08,0.3593424317233273,0.7140899453847402,0.03591065931556277,0.3602987546348552,1.9346495144933094e-10,1.4326226943091842e-27,4.8476544760748007e-32
JML_DEPLESI_lag_7,0.019035965005612346,0.35589487470474496,1.1901885803287753e-08,0.00018585068201112514,4.844384701075099e-11,1.2338205010623865e-08,0.6876902834553731,5.650314935033867e-21,3.601759877516049e-12,3.8735364969871127e-13,4.492557347412761e-16,4.546376242188251e-11,6.488103696816824e-07,1.8296828674566782e-14,5.665896981903542e-05,0.0433598694904414,3.8772856091857766e-17,4.6220177913437774e-05,0.006861576485135232,0.0020188451548903393,2.2081083570347588e-09,7.11017025815005e-15,0.016039800018879453,4.7757175548230025e-09,1.4382901068270524e-05,0.0018428154097912372,2.3369023665498076e-19,5.770467134891686e-05,5.7717397552548685e-05,0.00779564322522127,3.311392003762058e-24,8.586256563244502e-06,1.853793215028919e-123,0.42080922322196945,1.542816391941576e-213,7.393226772228773e-124,2.3159004919005202e-122,1.2855888823966545e-15,4.57169832064369e-55,1.2664004876279048e-82,1.557898524394072e-09,0.5917796979034708,2.2727413886377205e-70,0.04319227668823693,1.8957309380652837e-62,8.834834375641012e-52,0.5452596160671795,2.546649257700412e-66,1.2836376657162218e-95,4.808629360856512e-94,3.339709070815841e-85,1.6511502295533408e-89,1.1374254257595426e-93,2.6470264996414782e-98,1.0834608089624066e-94,7.084296215582676e-71,0.14300273830633353,0.09287521331811406,0.014118653084752618,0.00010088685927206498,1.235818946295888e-08,0.0,5.080584151345048e-173,3.6030099426248e-14,2.075219275967232e-13,1.4400838146172769e-12,1.4259655096574388e-16,1.7971797994244045e-16,0.08180380914783497,0.021074127883956916,0.0035469446569900147,1.5101334776690635e-19,5.773533888270122e-45,1.880753974175209e-07,3.412581912849551e-28,1.1408463737883522e-69,6.523472749228056e-98,1.6655179046577506e-11,6.444830400322347e-92,1.6476560842781106e-93,4.418941544473294e-18,3.9909983116522125e-94,5.888157352853554e-40,8.212128512509617e-78,0.14412257614374763,0.9456904266618255,0.01724546349261414,0.5430098185430313,0.013230053612869936,0.6762262390440673,5.155997884219759e-06,0.5949152826929947,0.004322655605615616,0.6483847464390923,2.852675837471458e-10,0.05336706375155648,0.6659519626551367,2.662337873092446e-06,3.7857003235272677e-47,6.886079508200721e-16,0.00010503444394155426,8.286719799133256e-16,1.10242343179824e-12,1.9254555864916256e-17,3.182817996049643e-13,3.2430625327093217e-20,3.2792709872819108e-06,4.153574389954956e-18,5.912235403508815e-23,3.0508221140284615e-26,0.8268055724303762,0.06311964359056495,7.306225813874563e-09,0.003852704564994922,4.100215643959312e-05,5.275477908395742e-13,2.625725305161995e-15,2.4436180436204997e-05,2.9738671093990766e-15,1.4525504822198964e-13,4.136517656679356e-25,2.4697516611101263e-30,0.13039191804075204,0.9845381424273968,0.005573609091150082,0.010288330835899346,0.8728133953740561,0.5628093782442218,2.3245010361651932e-11,0.6717724510634182,0.16686281262217686,0.6901161058175981,0.8469024099764805,0.05579460126583583,0.7097158035560664,0.3808995511231669,0.38527020026620784,0.5042624490808656,3.7257989236050345e-15,0.42017503893079944,0.8938311733932048,0.002154000328467387,0.38424681844946923,2.0765947970161496e-26,1.0705307707553749e-73,2.18867067896079e-83
JML_DEPLESI_lag_14,0.04211087600637896,0.7638976297760505,9.926769663305188e-13,0.022659588673545256,5.413191788375717e-14,9.993818025847617e-14,0.07710384761769255,7.658544769778558e-23,3.3488126560066463e-16,2.3741267280446157e-17,1.7576398806895753e-22,8.116714190210567e-14,6.209001654820212e-08,5.528018537073352e-17,2.286034723681323e-08,0.002295951966351582,4.122233377773788e-17,1.3816311263365308e-05,0.021641117954946304,0.003606702104993235,8.217383006454033e-11,1.0762530492281543e-11,0.033814733076264154,8.767945317835024e-14,1.9419916476687568e-08,0.00014422594650144094,1.9351491537902034e-15,1.1138509660533753e-07,9.330169718917887e-06,5.5619017180283784e-05,2.184595778941911e-29,0.0029101853193056375,3.7722100230522346e-95,0.7838557742567712,2.999008185100503e-126,1.3039802261513162e-94,1.5983924652063904e-113,1.1110160014705398e-13,6.033374034967212e-39,2.408826609996179e-66,3.556911017207694e-05,0.5133320692718317,1.8019023135585792e-46,0.030635840975935552,1.3710488383407592e-38,3.660331347703319e-33,0.8326122079649516,3.120965800923442e-42,3.9333988283140916e-58,1.2304455352112366e-104,4.347396211047457e-102,1.3698450051684292e-72,1.9848477806947903e-76,1.2407800483402636e-80,2.8468787076482805e-98,7.143692796609128e-87,0.9988638547761911,0.9896131329105168,0.5398693703224327,0.0036664588576838745,3.202215361976736e-09,5.080584151345048e-173,0.0,1.0617012201413025e-10,5.63299615267939e-09,3.0512917572401433e-07,8.865295892596152e-06,1.0349864336244929e-13,0.7292885334557027,0.27993491090918415,0.059559453836749994,2.7207207504010023e-10,1.5775301393036867e-40,0.0013093795648476073,5.202028237048844e-13,9.087787716920763e-43,2.326568271836922e-78,3.5967436806660777e-07,2.3742426480278203e-77,5.424563337441897e-72,4.332647345061712e-09,8.875267563275438e-92,4.724084208165161e-19,6.551501430859806e-104,0.8872554287967255,0.17112380214752748,0.34237335970553884,0.3475762162125671,0.5170248198663275,0.16075864644649662,0.0038712565632512594,0.21831691876732812,0.008897540621730522,0.8411438309753602,1.9056489839291598e-05,0.5239432036918014,0.18674804054159544,4.097625056902061e-06,4.439483596472947e-19,4.6844887331983196e-12,5.15566042883125e-06,5.950234133868866e-13,1.766592603628323e-08,3.3208738533193623e-10,5.922893303772396e-17,6.0024196918202605e-15,0.19603883186446044,4.27716167092115e-09,2.5504039138479057e-19,8.748466670023075e-18,0.13988445734263596,0.8360766157763239,0.00029699927482697037,0.0008548911440822426,0.02456335138030172,1.2294395210872143e-09,6.45378354939834e-08,3.93706921051326e-06,1.2555142169081577e-07,4.985310338359024e-10,1.948686800353466e-14,1.2106962283759579e-26,0.701526899359682,0.8883968814576956,0.009601522766666752,0.3797583283035296,0.9028981796704725,0.6515749526930876,6.967933109054565e-07,0.4720494404512805,0.5856243893753403,0.9398327738699538,0.23470389114215598,0.47389168112514557,0.5929390617123442,0.6935030174011401,0.07493931935342699,0.46276459543705334,2.819275544580945e-10,0.11409503516905044,0.9543925239685159,0.0021116146628462657,0.043122480752160006,2.3316529372152687e-15,3.713299656041751e-49,2.4868197588999094e-58
DELTA_PAKAN_GR/EKOR_lag_1,6.5157471312647504e-06,0.011922721441062833,0.0007707790700672547,4.184685152653325e-12,0.22259860417862148,0.0004689335693658577,9.604326124122104e-06,0.00031049780156604,0.7844329313934436,0.587482561264821,0.4197495086602654,1.0740945366429054e-08,7.000601920578269e-10,0.927499735463146,2.1181442843071645e-07,8.301908157645665e-05,0.2351537125057166,1.6526487366129174e-05,0.3436834849211335,4.4255765545323845e-08,0.001363692311331888,0.00013045530020910784,2.4288615405398877e-05,0.178750063361406,3.667506484984303e-11,0.17788211143793872,0.00010181757525572235,0.0014450273479602771,0.0002674042411770482,0.818965622247774,5.931466046063254e-07,0.02759827286090538,2.5977051867998467e-14,9.731865564566349e-05,2.5027026634806802e-25,3.3252113524143023e-14,4.181709917969747e-17,5.462993580655975e-119,7.232998631180433e-86,0.0004268516891545194,1.528300802053186e-62,2.2322594911934606e-11,2.0670164621133624e-11,0.7096698363199837,3.159555858211775e-07,0.005811963005650443,0.01696493563411889,4.5365300750032884e-11,2.2824275142389125e-09,2.320678409778863e-13,1.0872516408136287e-13,0.0006217657708654875,0.0017297839433618718,0.0007353449610418618,2.1690168798588392e-08,6.489277506664504e-13,1.748633302455489e-05,9.304448690304272e-06,0.0002741246720684063,0.41551732825465093,0.0009505319270795235,3.6030099426248e-14,1.0617012201413025e-10,0.0,7.500893128258501e-119,1.1696081689584042e-66,1.335000290229914e-28,1.5574859487763728e-17,4.447290321962875e-19,3.51496851835369e-26,4.353578143478604e-27,7.111692231817777e-14,2.7451925477490646e-14,0.0003149747846388063,0.10654511219104101,0.49907237987575176,0.0005116353971213858,0.002761206020910747,0.0032606501401281746,0.00021238611914223333,0.01635011721485445,0.0004273476473294302,0.8970747837079541,1.68144455864836e-10,8.041205052978993e-07,8.964185361603619e-07,0.007817521721516221,9.115294279097867e-10,1.6158240546560372e-05,1.4223500642279538e-09,0.7556465391168998,5.476875866662301e-14,0.02945214774036338,2.9658434827266295e-07,0.04739051581651731,1.5838089502535928e-11,8.653110359161587e-12,2.4326880825244753e-31,6.258624877370852e-31,7.05326830694084e-244,1.6185702250119456e-16,1.924750651163534e-167,4.506007663908756e-162,5.5682107901049224e-142,1.4698461881064722e-44,3.2930815875787266e-116,1.5528173398460435e-60,4.329406399011443e-106,2.3392146570832717e-61,6.049567518458383e-96,5.399485896192712e-28,5.109399458000252e-32,8.850937272747678e-33,2.0025023538848696e-12,6.611483679675789e-52,8.042592915275605e-06,4.941117797353908e-35,1.5679069214228627e-07,2.205947907872521e-57,7.414562007000443e-06,5.239329078301123e-28,3.99822010935952e-05,1.7813469583032327e-05,1.5221218130408982e-12,3.3922164597803997e-16,0.19316299145434432,0.5735203726632319,0.572104255719293,0.0068869569157083465,0.28518760785799285,0.6147806332623197,0.5188193606648733,2.470714379865889e-07,0.5449726350172166,5.006633589383839e-06,0.33676664092181013,9.053907153444978e-12,0.8995238028436101,0.0002042753275983861,0.0006423886583696619,8.139289059085515e-13,1.9881021322788996e-19,0.012723737476102892,1.848669509569066e-05,1.8515883322831904e-12,1.809098550941467e-14
DELTA_PAKAN_GR/EKOR_lag_2,3.225761681202346e-08,0.0014531992179921667,0.0033459339428757303,6.650706105839131e-11,0.08523218998544346,0.006144760401767136,1.4728167638532882e-05,0.003056580469072211,0.591703883162984,0.6069421792107932,0.10577356921765929,2.929886168890197e-11,5.878604395806983e-09,0.5948471452630717,5.1310695574377103e-05,0.0004321519151234079,0.04007520109527217,1.4537430806332534e-05,0.6351060562570743,8.828092601898625e-07,0.06181203568104174,1.678389840632307e-05,0.010205299672535221,0.009954475789924006,1.9863064665220718e-08,0.6338124583546598,0.023006930874205474,0.009926186559473164,0.0014009173543416246,0.3635268427388844,1.9373532159062267e-06,0.02390662588402682,8.590504541432363e-14,0.012198970039494746,1.0985251328119055e-24,1.2191645867454322e-13,4.799206279553014e-16,2.4594942499686206e-71,1.5939332610511685e-87,0.0002718340610843067,2.61422935406224e-64,6.886619983405621e-10,1.1279858254866563e-11,0.5499507579389026,5.557933741187974e-08,0.0020585263021062282,0.008467800793563417,4.344118423159737e-11,2.898353200442798e-09,3.339707993482288e-12,1.4807671510579312e-12,0.0001441864672247392,0.0005644657105887508,0.0018096101004502869,1.4829627871144528e-07,2.8836822107570514e-11,0.0011588288823835462,4.1449633379782415e-05,0.0002806461681456597,0.6720980556047543,0.0038358630688113127,2.075219275967232e-13,5.63299615267939e-09,7.500893128258501e-119,0.0,1.3635033784039886e-110,3.0620808249781625e-32,2.8820536629115684e-16,9.348153133190434e-14,2.931240805159148e-20,6.110299138144855e-29,4.192351319807153e-14,5.004866978677355e-15,9.631639478232088e-18,0.5380112666656408,0.2528938235353713,0.00017530975665941518,0.00019719476067192813,0.00201465410776602,4.250029484380204e-05,0.00020660078569457213,0.0030293884175563086,0.4755340421429185,2.099396879653938e-08,0.00010089114787305391,0.0006376622217926751,0.02609417940515465,2.6249898364866207e-06,5.595749523119417e-05,4.963386064553161e-08,0.7378731021439328,4.638215747372904e-12,0.027571981154569443,1.3917025102760028e-07,0.04072466523240515,4.0159078771345016e-12,4.5266905590742783e-07,1.703504877167904e-31,7.594692031580937e-35,1.0811039867056193e-167,7.085864145306855e-08,1.3418639774128522e-118,2.021914681967144e-167,1.465948417287271e-149,4.3050139753836027e-35,1.7307840104405138e-101,2.253268942462192e-67,7.793693239133879e-115,9.798255471093846e-57,4.049537960968442e-87,1.0171476639412287e-29,1.9319623263082937e-24,1.9045011579850004e-28,7.242139528917379e-08,2.020423354996042e-52,9.963266702050354e-07,1.3225941805009435e-37,1.1592909414877342e-06,1.90399728185515e-59,1.3170041071304986e-06,2.132784022239717e-30,4.684710203244178e-06,0.000170735421415287,0.40467310073133095,8.75333842108179e-12,4.5383580714340724e-10,0.9842106599578436,0.30864468454933097,0.002577642963946884,0.5105751005545677,0.42597128113543664,0.7755255869375222,3.306052572165426e-05,0.11738356946262643,0.002372879305220329,0.20773275789842235,1.3723153861375606e-06,0.6278423874129683,1.1157707428597268e-05,0.007327446256909126,0.2628204952155892,5.837983384867376e-14,2.2551315307028871e-07,1.5103444349679477e-05,1.937517750890423e-12,9.181935044004736e-15
DELTA_PAKAN_GR/EKOR_lag_3,1.819820804749568e-07,0.0001870664622525151,0.007291299720278083,3.2663855216091932e-12,0.41908497948026013,0.13367885885529845,5.749453236629218e-05,0.00029795759302460474,0.5519536078561672,0.0064757320321437335,0.22936361523294815,1.6079806840612998e-05,7.964818978637841e-08,0.4347888155686628,7.124213117816329e-06,0.09012090798339566,0.8086489727010476,2.282222113844008e-05,0.06983717181378395,1.9034690150834088e-06,0.22008375493195464,7.936199433037269e-06,0.00020337847728025998,0.007693711023174739,0.0005733449720627562,0.6296368913118755,0.01482144618145614,0.5170987457427486,0.002407706694910397,0.42168219294710024,0.05903699624957184,1.0712869345032444e-06,4.69886351437262e-13,0.08128692407999782,1.700668774293002e-23,6.65735498731534e-13,1.2549147659528966e-14,2.1971689708081094e-46,3.2248676843648305e-85,5.4575732874772776e-05,1.983153208571868e-65,9.664086731846377e-07,1.5260996139446428e-11,0.4154710361548201,7.910138283733285e-09,0.0005168426457811509,0.006183808030686148,5.6210055292172915e-11,3.2414410687243435e-09,1.211488901545761e-10,7.628489552103583e-11,6.629758687787565e-05,0.00014686378731721675,0.0005512851160041255,7.698599657052734e-06,3.8643107971217794e-10,0.04768430088639487,0.002244305936971253,0.0008496182261440771,0.8989912239983916,0.011140880566687928,1.4400838146172769e-12,3.0512917572401433e-07,1.1696081689584042e-66,1.3635033784039886e-110,0.0,4.339908269448341e-37,2.555324167807391e-16,6.839007107086532e-11,1.5897379655746177e-14,1.6548116676968285e-21,4.557832023220782e-19,1.2565442790337471e-12,1.4421511631802816e-14,0.00045033586629660585,0.04644454884278456,4.651952218184214e-05,1.1258535877133398e-05,0.0011559964267823003,7.423426290065846e-06,1.0319126485436569e-08,0.021942428173285164,0.03334473278921686,4.71063062394038e-06,0.007110945663189084,0.10464685719968492,0.05215937040688023,0.0025319836840143536,0.0002335864970079124,1.3981303776651938e-06,0.7316987852290268,3.8471602935271275e-10,0.028662408582890604,9.883019582750584e-08,0.038894181569047365,9.523349485825427e-13,0.0003624782544124081,1.0938642416231789e-27,1.073401920747556e-37,6.787094208128666e-84,8.609416002188205e-07,1.2279827860713986e-68,1.0640207820047008e-80,1.3874870755699295e-138,7.765794539412153e-25,5.307630945179206e-85,5.795813367322959e-74,8.435215764104945e-117,3.7160254406329673e-47,3.8363989563996834e-76,3.336483124303459e-31,3.164358732261756e-17,2.5427001975298897e-24,5.9821396423962974e-05,1.5189924868006e-47,6.566844210251786e-09,6.440766777420523e-40,8.482817181651685e-05,1.3104627250386266e-58,4.0550863303284597e-08,2.034528448893956e-33,1.0669172390618542e-05,0.0028910977467962043,0.35398940453627686,1.2406158947916631e-06,3.0594594827378104e-07,0.6495205414765332,0.6435710683879109,7.955186879454837e-05,0.4350405971266512,0.8874692462861495,0.7686871294118348,0.023591628895919817,0.24190371273295605,0.02828238903730502,0.6222962365377518,0.010435146611324548,0.9726518527417901,1.0924147366645331e-06,0.06642245332416757,0.2552513369458631,6.201115066145582e-08,0.00011264749908261853,1.964676436983973e-05,3.5028643529816985e-12,1.8056287223001777e-14
DELTA_PAKAN_GR/EKOR_lag_7,0.000801148793832174,2.347558972197069e-07,0.056308633383659275,4.932733351792386e-12,0.07901981618556744,0.027450039071814883,0.0790993647613921,5.5860954303603205e-05,0.09223023074384555,0.033521499186540654,0.9555073020564017,0.0023921615107883854,0.00026974698195419646,0.002508667611844792,0.002185798211678781,0.024577995612337877,0.02253142809613857,1.0604334090612966e-05,0.9343804722875153,0.0006313648952297881,0.10796862625423069,2.7835197025941338e-11,0.00011157370531221915,0.07404453130902329,0.019189987432196857,0.1212433898101988,7.211227224725467e-07,0.7572473958596062,0.5396838547589694,0.15550778015102307,0.0360721948180614,2.4718320208823287e-07,1.4665555312694934e-13,0.08392686876187624,3.777942984077006e-21,1.1282051029096279e-13,5.495037853989049e-14,2.615225180821845e-18,1.739547466550052e-67,2.6948212320666297e-06,2.0775162871054025e-53,1.7090756665230565e-05,1.6197202909326772e-11,0.29432051192130043,7.68749703311945e-10,3.3822127612278494e-05,0.019763503577816685,1.0497246785436165e-10,9.47570288411911e-13,6.5267729158107855e-09,9.055247064999567e-08,2.4084190170352496e-07,5.281604278083588e-07,8.917004603426348e-08,0.00016667845734417598,8.893014297769754e-08,0.21229960418940114,0.21366744865402104,0.6565336962400219,0.6029999253341114,0.08551628431247008,1.4259655096574388e-16,8.865295892596152e-06,1.335000290229914e-28,3.0620808249781625e-32,4.339908269448341e-37,0.0,1.464267171707827e-26,1.3862460142932182e-05,1.9564778923812617e-07,1.5600222736653434e-06,2.654116913604694e-32,2.3055503551114044e-13,6.441343185318289e-06,1.3376784733744172e-15,8.10822416585933e-09,3.086469183853345e-07,4.543654942018308e-08,2.6799032251372622e-05,1.6866414722295017e-08,9.888057845219114e-11,0.0002647386463275738,3.9520793212749976e-11,0.0041181064227734645,0.09983523574545063,0.18892741255510243,0.3794900404360889,0.037965204507866966,0.3542688472159395,0.03632533605367817,0.40803394837172663,0.0038118158297540516,0.1666525383985525,8.127256685772722e-07,0.019421231769644273,1.4033897977149524e-13,0.00386679428504573,7.263315134755713e-08,1.1459446494754883e-33,1.1505246512393043e-29,0.013402624812305405,2.3911469835746837e-24,1.0851695751234961e-29,2.0795986843706928e-54,3.651280910463826e-09,3.569803617087943e-40,7.249085110945514e-55,3.117934066402895e-84,4.482422238486085e-25,3.224137927596509e-51,5.2781814153866565e-37,9.591989940948164e-10,1.453903702874836e-18,0.12004341025643002,3.6341637764674423e-17,5.155417079522955e-10,1.4574258910677856e-23,0.567072471657756,1.169390587588991e-43,1.443416104456486e-14,4.184908907646858e-37,3.9861101530730665e-06,0.0014382888685295992,0.386561668205016,6.515540897725463e-05,0.0008561461119456821,0.5035913318242192,0.28782109250996624,1.5777025035095795e-08,0.7310081986348034,0.5082955171022687,0.9720638335015921,0.1991613347995423,0.44496026785898307,0.03410637884308686,0.6012847751035786,0.041991846239501,0.3326885063006398,6.352335093392233e-08,0.00912509710094112,0.18713809255019417,1.2654940271778343e-05,0.027003957870262735,9.635402121200522e-05,1.2396787827904263e-12,2.3512306578800433e-14
DELTA_PAKAN_GR/EKOR_lag_14,0.23890931460920448,0.0010065557650866055,0.9723877586173786,0.16206433964560468,0.8931635578360315,1.3291999170518865e-05,0.4152081052063921,0.07046005929851741,0.02737932538503489,0.9988182209874616,0.8379774259207386,0.15939149440357472,0.0006540823376292515,0.00037385038761751757,0.00016618070269891505,0.5005009867986527,0.30950526981891463,2.14851924056269e-08,0.0034712012267233646,0.00267338502025542,0.0010064449703411748,2.5821719755080703e-05,0.000616246522331978,0.02313100025604582,0.02531336252184874,0.004824954688551248,0.02577699352364496,0.8989368031580147,0.13441563652653135,0.8820337922966307,0.4968227896301718,0.005114859134681357,1.2148860810738641e-14,0.0002426945585804467,3.9458165369259986e-19,1.0830077290803909e-14,3.542368827272159e-14,9.92553121047666e-18,2.7298619485768457e-35,3.5211479416513846e-06,8.803016231109106e-33,3.4438875799320154e-09,1.2122522953146107e-08,0.31600999486242454,2.021139127815088e-09,6.988353302050159e-05,0.0005759469911062914,7.328333906131136e-09,2.82479840159808e-11,1.433507736086526e-13,0.0005359080097593618,6.57151541359417e-07,3.353513338390533e-08,1.3485705489661543e-10,6.024051155185197e-12,8.033643554430677e-07,0.022351815160587613,0.21560611793830287,0.6653464400982178,0.05554905220650073,6.4809485018439325e-06,1.7971797994244045e-16,1.0349864336244929e-13,1.5574859487763728e-17,2.8820536629115684e-16,2.555324167807391e-16,1.464267171707827e-26,0.0,1.1495588268683002e-11,3.1773337197306822e-09,3.131422851896055e-05,2.887364629876352e-08,5.0115354375940764e-23,0.0020689863836037743,7.836149456537425e-06,1.3767921791828144e-11,1.9631051366603738e-07,0.0051553050032656,8.097256690425502e-07,1.3061210158327875e-07,0.0002158800757063545,7.148296251716567e-08,1.0360474309705314e-05,4.639661780535831e-07,0.006723648112215466,0.015554748926492185,0.08083375992306473,0.0009507054347558908,0.3221944762405292,0.11257571701094848,0.6968666175702037,0.024212854651098074,0.4119716290234591,0.7366399458613743,0.058990072850794203,0.1233173964973984,4.370426295953218e-06,1.0873883092839869e-07,1.821144485338192e-12,6.128031904153587e-20,0.0001604357106989789,4.94132343207255e-19,2.448193744238955e-18,1.6312830347404428e-24,0.0010058668844711166,8.216921969614786e-17,3.443157198986057e-25,2.6166233041539587e-35,1.283044938980009e-06,2.9281948626616477e-21,1.675071447492281e-42,7.741341635202122e-17,1.4490996155219782e-19,2.844623302490791e-05,5.155631478775201e-18,5.8461443966243235e-08,1.3015441472334548e-20,0.2012093119116966,9.192334521339597e-26,2.3758851663049706e-07,4.668124821116258e-24,5.68153505897169e-11,0.7722093618493423,0.3824821306659793,0.0019022485486370015,0.8442561450942474,0.6891627578428408,0.8519690456029947,0.0007954625511923157,0.13876360071387153,0.15097070887150063,0.9915285857409922,0.022593067376079544,0.011458372496568413,3.7303635694990095e-05,0.10643258181112708,0.0017724838410597317,0.5214652776950446,0.0025462249105212605,0.2419052105020596,0.5478473507949878,6.6759792249179806e-06,0.10032735375481854,0.004018223951927138,6.43521815984963e-11,6.854339765221255e-13
DELTA_DG_lag_1,0.016462606031285635,0.13717608115520386,0.6410954622919018,0.33026408724892875,0.03785012259276882,0.6228378594822003,0.14839264578631445,0.011538398105730905,8.700267906644546e-06,7.290781728411172e-05,0.02076182532495262,0.536598746020164,8.846447795868226e-06,0.04055870200850829,0.608564014360888,0.12830877668392443,0.040770422369029315,0.3454184085906078,0.18900713964889646,0.00791314250363492,0.01659886128402284,0.27175410808949074,0.0017384684532974976,0.7409402520123897,0.0022054525725314546,0.001506588662659454,0.03662814128756598,0.713714385414443,0.0003042198241414669,0.21836202930807408,0.22123248785897268,0.40520697367708364,0.08248957521461191,8.320331828324376e-05,0.0007577713891304872,0.08594610241555573,0.36395698279202393,1.0584571653861843e-20,1.8265393960432884e-11,0.3164691504712685,7.621008883206214e-31,2.883816367919022e-14,0.003229913683240271,8.617445279754474e-10,0.006296698373354501,0.5816703818134152,0.001299879469162442,1.5032574062440392e-05,0.032380551383575394,0.2134810404758302,0.34165308509326237,3.1105490933150413e-08,0.1959411062554918,0.7571369499090068,0.45958311499491206,0.37706359701923653,0.032528559625038166,0.3120109441012065,0.8403500965354963,0.1985375304269339,0.4506971054984953,0.08180380914783497,0.7292885334557027,4.447290321962875e-19,9.348153133190434e-14,6.839007107086532e-11,1.3862460142932182e-05,1.1495588268683002e-11,0.0,5.2351754307860864e-20,4.122142727366371e-09,0.15235024740554945,0.000696645701390022,0.021048682915326827,0.9707006058200557,0.499588142683125,0.008312086569581798,0.47747236297054124,0.005968073003725923,0.048040645633265835,0.7216212683879242,0.05941539556025372,0.34973437527101464,0.2613085969594198,0.006755813655229082,0.001317720890993161,0.28043093740681635,6.302564751876593e-05,0.6263317323683796,0.06660506270290864,0.1138674604338279,0.01209952121801792,0.9455907599082786,0.048212427327745076,0.022960907196988237,0.0021157579259042016,3.980036542357751e-09,1.9265138067618672e-08,1.0679551789756604e-05,3.3050884227302037e-21,1.99971137334442e-08,2.1185593590924194e-22,2.7235659008658796e-16,8.669721047766095e-18,8.129127829853901e-07,7.299122576800185e-17,1.4155934512534584e-14,4.495778052967174e-19,7.966498051501125e-08,4.558937488103922e-17,3.217852603422617e-13,1.8257605795533978e-85,1.1625960089204858e-46,8.163707264620067e-36,7.714373991052812e-52,0.01098232824049015,2.1404139691113774e-27,1.8912825254440104e-12,4.731443590928943e-36,0.01718996420990452,1.8465776975811966e-18,0.002113915399863697,0.05065661857083242,0.5434125649488172,5.098465190375271e-11,0.0014635044737138058,1.5849145643200964e-28,1.3401029116126101e-40,0.5773754904657621,0.5808791880708614,0.0240982246181728,0.6373351568736845,0.0009118973730627999,0.000839759466715851,1.8331193229770458e-06,0.08516167380945801,1.0948648565664087e-06,5.227260516241526e-25,0.3911607764210307,0.014794035381894626,0.6872833259668816,4.701065910692137e-11,0.00028410841579955726,3.9529833891751485e-06,1.4879519172227354e-05,2.4329657387429175e-05
DELTA_DG_lag_2,0.014265948668986407,0.626360070296531,0.9412086734845588,0.15587176030929267,0.0030156281435506148,0.7407695980063805,0.15258226473035805,0.017513647194187607,0.0017556400770713811,9.873500159632063e-06,3.594303428428945e-06,0.00046142839888637223,8.46801648939237e-08,0.11087172733104664,0.1342931458233957,0.36173399610070384,0.001651925082599483,0.023440134402169816,0.0002513931793516106,4.49443179668854e-11,0.07468768418131619,0.0023568011739058562,0.000810891094646764,0.44457028034300905,0.8162785545226624,0.003988242300155888,0.8851509813849371,0.027561554734627437,0.4314038848354705,0.6194554872150387,0.9092521587250746,0.0002639914187314325,0.005847347987985249,0.0032293121368088566,9.277084438271236e-06,0.005631332670696334,0.09056164484949877,1.1834526500223484e-20,6.555970355888748e-13,0.5454541152001473,2.4581075587422857e-32,9.098577777029586e-10,2.0586678036912544e-05,9.370061899984172e-07,0.0001979481440346048,0.13091151142473445,0.000922264180343204,2.9367744580585935e-08,0.0016406051671468522,0.07654751634373876,0.8362034627010995,0.8844119027788884,8.037769224412619e-06,0.7316329334224123,0.4223667774330895,0.7825370125356456,0.006400736842519878,0.22089601979114454,0.9494448477907634,0.0024670959634939486,0.30942958898865686,0.021074127883956916,0.27993491090918415,3.51496851835369e-26,2.931240805159148e-20,1.5897379655746177e-14,1.9564778923812617e-07,3.1773337197306822e-09,5.2351754307860864e-20,0.0,8.013527036414288e-21,2.5778431454224683e-05,0.034729689169703315,0.0004960087774839454,0.42610356196741883,0.16279943092436316,0.18621452222420865,0.013098401146404454,0.034545559553494684,0.4655198460525699,0.03632716366562664,0.13628115345476133,0.7769157598969315,0.5015331813180502,0.007427861403833666,0.00016792192806236081,0.4967931176912624,2.500205134555556e-05,0.5314767910127048,0.003801893577843512,0.04917520656712626,0.0004782507539181255,0.5128850013917383,0.02886123589951965,0.0020061924696060485,0.001275851528342597,2.032455376005283e-08,1.541109256493795e-12,8.970958611860978e-08,9.59237401277436e-27,1.0131130836179567e-06,4.181179694173878e-26,4.340121305056723e-22,3.156437280558305e-21,2.900059014762942e-09,4.298416849668467e-20,7.535130679380107e-15,7.996629819241694e-20,3.6888776092325113e-09,6.913822542475885e-19,1.6514032413230354e-12,3.5323798138630008e-74,2.494692162435424e-47,5.4449866667948676e-39,1.3002563811518157e-60,0.012805681991857098,2.5410470892915613e-34,4.214513696338138e-15,3.945601471156453e-40,0.029461909411077906,2.2107240921796387e-22,0.10893627507253512,0.7259420086261407,0.10380398643409688,1.7599427670385075e-08,0.3795976971893451,0.049536470757927074,7.330380220170815e-09,0.4732749006108703,3.7485442047641244e-32,0.6381748275147225,0.06422585715829295,0.00013308284321767656,0.03167204047517509,0.00022944377396071026,0.799181726200619,7.683949757053312e-09,0.17245050358287206,0.006037880055606033,0.9476093520724646,0.05240681047939955,6.066803572720778e-09,0.08435784331002492,5.064523484569368e-08,5.606596934793256e-08,1.5575277901683727e-07
DELTA_DG_lag_3,4.497557133215374e-06,0.28036566904139254,0.08855196929456037,1.284629810743123e-18,0.006691926768309129,0.2459866311154409,0.002508291040467498,0.030281833232950178,0.49080821479544123,0.17528707850444106,0.4507017730223928,0.004931327996618975,0.0003290995148944777,0.45561645878394436,0.0002562942875781622,0.04683284162972717,0.006864970856277989,0.007881179274377184,0.9706467160721609,3.267272802146315e-18,0.8501023464495684,0.0001933013517124429,1.1746408789848568e-08,0.4894228495128625,0.002510945150482319,0.2938923844547338,0.6611792746437349,0.0115077434579963,0.9530348093433404,0.8544498584486298,0.016839720469002728,0.01918938735229943,0.0001350724996354109,0.07013343347133524,1.1844676549758405e-07,0.00015915960725905055,0.011725069396672989,1.4007017347594273e-15,1.0952919511789523e-13,0.03609538154913981,1.894371721998459e-28,5.974720284479535e-07,1.740871972297283e-07,3.897471477591329e-06,6.893450862358295e-08,0.0012349204165859114,0.0026973353927499193,6.062493102649055e-11,1.4758539774822207e-05,0.012196963308779448,0.4957990180258824,0.0394600488080661,0.39884512896997504,0.0010333587480982514,0.16684834151452632,0.7734598885518859,0.05322585709908941,0.07186497023932646,0.866602689415866,0.004342886477339958,0.15084537556842312,0.0035469446569900147,0.059559453836749994,4.353578143478604e-27,6.110299138144855e-29,1.6548116676968285e-21,1.5600222736653434e-06,3.131422851896055e-05,4.122142727366371e-09,8.013527036414288e-21,0.0,1.0238531015594622e-08,2.305098312781862e-05,4.882547022730602e-13,0.01626803351138196,0.015734693691063378,0.08253801889610309,5.945550637768112e-05,0.4173900757167185,0.020415969393624864,7.1719570039841465e-06,0.6068197887483192,0.054756660742774146,0.8019741313191487,0.027124912507883174,0.007194465227791782,0.45393124978570976,0.0005610722581199852,0.6206033744297369,0.007969764746519852,0.05369040327984875,0.0008007016563408345,0.14249678850849454,0.13429344535272372,0.0003128615286635019,0.01318797048760581,1.9646019488024734e-05,4.3813654563996877e-16,1.5675291199685953e-09,9.999612439138739e-28,3.3771303293997645e-07,2.9449229185887303e-27,9.975940426423269e-23,2.928116394476719e-23,1.5803946601342527e-11,1.5235339461856627e-21,2.4885875477140703e-13,2.7613649525207763e-19,9.116256193073612e-10,6.769328632245616e-19,1.5370950000489306e-10,7.166764117556302e-19,2.2882518271614394e-23,1.1647747748005387e-06,2.1787478175900793e-56,0.001676668733258592,1.6712243550654715e-32,1.9194221501997064e-11,4.080795953303465e-37,0.019462279568704142,4.6214184555199015e-21,0.020886072688695526,0.0007461581019126388,0.035133676658556295,3.555332965319561e-11,0.0024960895248068125,0.6876600741185566,0.026074568267084604,0.7804091201263931,0.004619700740275622,0.8589511003187225,0.33233116625324644,0.00016033566548446167,0.6682361012626774,0.014175841408949945,0.5610488187280801,9.652628911061931e-06,0.8267110832916401,1.5679776090517613e-05,0.017814994513220862,0.052405785170503955,2.3239322691032527e-11,0.055745980402774474,1.3528272227444355e-09,1.6568982988404315e-10,1.6724258881316904e-09
DELTA_DG_lag_7,0.0012847391939521929,2.464824111720214e-05,0.02229808711609826,4.647261768082952e-13,6.376957411288465e-05,0.678478296949433,0.831446706233136,0.000266403479063873,0.43797100219365603,0.9620425092407892,0.8263092990095616,0.01599333317297642,0.00013783818279622183,0.059822584919153425,0.014752221662131016,0.1669338431462667,0.014312339780327962,0.009453504930107392,0.9817091213438895,0.2323041858439869,0.04613032723860351,5.802292695135062e-07,0.00016440555625158823,0.9990468668275194,0.5828173298927595,0.6362857237411733,2.877607048091828e-08,0.13470012256181388,0.03138045180138146,0.006744826861954061,4.189333870410714e-06,2.6021375478002742e-16,5.1706920249899844e-23,0.825940576900098,2.3705168769826346e-24,2.901239607448165e-23,1.4979224180983327e-17,3.5692271616614024e-10,1.7733037231310078e-33,6.54127104247824e-17,1.835821994124153e-30,0.007369469334823227,6.63182436841025e-23,0.030210298466297723,3.9580124847331904e-25,3.5395705556906333e-16,0.0001297501166700138,6.836709425663915e-27,6.151242062208793e-32,5.827817489360887e-16,7.059714835676546e-10,6.586491615249559e-21,7.615580521280156e-17,3.5489406680512496e-15,0.011443069739491095,3.8232100061523897e-07,0.057721815518832084,0.00454053989779409,0.024855217688788647,0.00016451713132698977,1.0428662011741308e-05,1.5101334776690635e-19,2.7207207504010023e-10,7.111692231817777e-14,4.192351319807153e-14,4.557832023220782e-19,2.654116913604694e-32,2.887364629876352e-08,0.15235024740554945,2.5778431454224683e-05,1.0238531015594622e-08,0.0,7.425130931894248e-19,9.623879885968623e-11,2.3662392439031002e-35,8.089984924006613e-22,2.475108126627348e-19,4.952977791031013e-06,3.205136905577416e-16,7.3006803771817315e-19,1.0432536790027903e-15,6.073051376329793e-10,1.780868424690561e-23,6.313087261635351e-05,0.0824377645450999,0.8145121265486843,0.0062500006105820904,0.4866941081405946,0.05789479999202347,0.04101882743349508,9.143523984524518e-05,0.03655777197475033,0.0017523378362495061,0.033550390206662235,1.5264324946517534e-08,0.00026509124150382086,0.4732663041916485,1.3059094001722186e-05,2.1666181780321367e-25,1.6416774722068596e-14,3.027659523724083e-06,1.640631610101995e-15,6.317099444478267e-11,5.00072569087491e-29,5.070536775075359e-16,2.5011885875503236e-32,2.9166166885871946e-16,2.5396778768098444e-30,6.145254824361002e-23,6.054379238751899e-35,9.490203602102779e-08,0.0003410352206257895,1.5890540287859946e-11,0.5920407720386995,1.7710735019484509e-16,1.187756789491499e-07,3.398221674606311e-21,0.6565498773148996,1.0648166672162234e-39,8.030739893055679e-09,1.4409058222922059e-31,5.975592267505769e-07,0.007757697375680759,0.22555941523114337,1.9577931684303593e-07,0.003057171783894863,0.15920689529136228,0.002331288043405909,6.871157838908967e-08,0.6029468411435389,0.002181820553783033,0.9550278732658428,0.569660227472138,3.429335187169904e-05,0.4533083737934089,0.009311297188783417,0.15155024151092578,0.037388472589972535,4.939070487309831e-07,0.3261475563643608,0.27097468661999663,1.1457183585433416e-08,0.4436726252702452,2.9150680990770724e-15,2.0111510583959626e-27,1.1894774947093522e-29
DELTA_DG_lag_14,0.00024218426739306545,0.010687996707579726,1.6050692112155992e-05,0.00012949767480077156,1.3971361345895406e-06,5.451957026998224e-07,0.2995362082021387,4.881352608166203e-11,0.0011174959428767318,1.198347700790721e-06,9.194551562710636e-06,9.399152838426876e-07,4.067252158169894e-09,7.067968331934073e-10,1.002192540274312e-06,0.2298087565723713,1.5794730076734482e-08,1.4806595956132983e-07,0.024080009659272265,0.047483880199617245,6.534579667703268e-06,6.20188628424546e-11,0.005303924697518709,7.172285543294338e-06,0.0008016613141138054,0.022937893983911984,3.667008034041805e-15,0.021996679088228353,5.756917466317709e-08,0.11218328232523764,1.3354540811331043e-15,0.01351235259936435,2.246027726492769e-53,0.9078624393390431,2.05225445627086e-43,2.6865206897590912e-53,1.1135808004637934e-46,8.592160074654494e-15,4.8451108529568875e-36,7.192083904996543e-34,4.8127079265150696e-18,6.014264970056612e-05,1.7345624267259927e-31,0.007152405119373493,9.002125455369504e-34,1.2714339599165587e-24,0.05693382987321526,9.05668070728476e-36,4.37767638296945e-52,7.728266980555424e-70,2.0688293534111723e-30,1.311397298435027e-41,1.4632638230076945e-48,6.044689461699369e-45,1.0124318098039514e-43,2.076323333257816e-12,0.814516882866746,0.09926224544482813,0.08805358878337788,6.142771251447893e-06,2.39811238627194e-20,5.773533888270122e-45,1.5775301393036867e-40,2.7451925477490646e-14,5.004866978677355e-15,1.2565442790337471e-12,2.3055503551114044e-13,5.0115354375940764e-23,0.000696645701390022,0.034729689169703315,2.305098312781862e-05,7.425130931894248e-19,0.0,2.7005244066478916e-09,8.806383824982917e-19,1.5825132559940458e-39,4.937303335666242e-44,1.2695857658180332e-05,1.3511452195125023e-42,3.310322478129642e-41,2.3016075488544797e-09,6.466947291666053e-43,1.3386829895028547e-22,7.053635549052518e-32,0.6340148817142686,0.9861725901818013,0.2704783107480039,0.9615774264225434,0.032102087657292944,0.9332331320634462,0.0009630726633601691,0.90914153157099,4.3828832594051293e-07,0.03861446861022639,2.720123880549798e-08,0.17201228641537591,0.06534248139757111,3.261324538967778e-05,3.625951054169695e-16,1.2734568026197854e-16,1.4925904102480045e-07,2.2572627726609998e-18,9.237041778367454e-13,1.0113827548250267e-18,8.250446989275845e-11,1.8679594716854387e-20,6.192546207854398e-11,5.152449601131237e-20,4.571532333841898e-15,1.3356146898847807e-23,9.013410194727001e-06,2.6886430474617903e-05,4.848449240863678e-12,0.8874267865302815,1.636531532008617e-11,1.0023208526720587e-09,7.114082420343127e-18,0.1100293247001855,2.554920486958264e-22,8.034940242214064e-08,8.48593620849295e-25,1.1911576127212099e-23,0.1928116525466735,0.6289239328654891,2.001510797466886e-06,0.006008416401317244,0.11338864096850206,0.5432227737619788,6.0580004083947406e-09,0.001017876799855343,0.7679158270434915,0.021529335688159637,0.851404286941105,0.009627400849077206,0.5722867852604232,0.7136430666703316,0.32842567340357454,0.020146171136794244,4.0062096308004297e-07,0.37648384559934167,0.7295701785652672,5.017907187566473e-08,0.6083630640936776,2.25005993958207e-15,8.221844973045434e-41,1.2901553835661135e-47
PAKAN_ACT_GR/EK_rolling_std_3,1.8119161034117334e-06,0.0022948790694844717,0.045661040543304485,0.003677984628465464,0.039784688160435414,0.626356261606238,0.9161214562062054,9.199910208812587e-05,0.3882032713236313,0.11250383549889961,0.09679323463233895,0.0008742110672513782,7.599597456562897e-08,0.014298393244479821,0.9227707175003171,0.8988166668075227,0.00020517849667892307,0.004435153896331976,0.6125201130936334,0.015534415582943382,0.15733855077720535,5.830193509689876e-06,0.0012424402053825372,0.026054624275006853,0.15223209871313012,0.7774863088286564,0.008123400976835643,0.06845152994717991,0.001774020565171918,0.36814412699030197,4.4193923716640904e-08,5.0960541976638826e-08,1.0526942416681083e-13,0.021890441252536582,2.8078542302893527e-09,1.2332872958696344e-13,3.578198268272266e-08,0.29824247392375675,2.150675024433055e-07,7.45522134626813e-11,6.69841097481486e-08,0.005561827466892174,2.1965108655242345e-18,0.012002778232603975,9.44501587664295e-23,2.0991379775353767e-17,1.6387514688597362e-07,1.73498252424069e-21,1.1374223351233987e-16,1.1604878916076771e-09,0.0005001598924579417,2.324253417149269e-12,7.684166553176711e-11,2.716955820364993e-07,1.6718110171669765e-06,0.008173937614781334,8.332114507128227e-06,4.327976290639038e-05,0.00016161359819510232,1.2916739435432763e-09,0.0001291129145193125,1.880753974175209e-07,0.0013093795648476073,0.0003149747846388063,9.631639478232088e-18,1.4421511631802816e-14,6.441343185318289e-06,0.0020689863836037743,0.021048682915326827,0.0004960087774839454,4.882547022730602e-13,9.623879885968623e-11,2.7005244066478916e-09,0.0,5.894716640998023e-34,1.0668062736994662e-19,4.83343291221437e-12,8.833213996202235e-05,1.8634522643430465e-10,9.714341910534938e-13,1.004061092734055e-14,2.5170392298947794e-05,2.7392237459457108e-17,0.01005997215169492,4.042712205393925e-05,0.11430866351688099,1.0156035909210801e-05,0.0026529413265538367,5.843226057129795e-07,0.056066755147515926,5.668147949672877e-08,0.02497779915958265,3.732926168594434e-08,0.18948659547436195,8.237886672530052e-10,0.7866041031370254,0.04330438134776193,0.011167332016021173,1.1012820807298338e-07,0.00016193254290465355,5.518448902008819e-12,7.402327755110963e-08,0.09673070187359403,1.8398260499578359e-07,8.35134383689319e-09,2.6037335828480276e-11,0.0086472294668778,6.190212451334751e-08,6.203434642895886e-09,1.2211164306316503e-12,0.14701091721684206,0.00023840352061312508,5.990930642591201e-08,0.5842380852641482,1.9474818277608614e-14,3.053974131728978e-05,9.200944985023432e-17,0.4515611992211212,1.8297553667412257e-16,2.1055562848056232e-05,2.552312382494701e-18,4.706942181741238e-10,1.2381631465513438e-24,0.8172339602943397,1.8432248920547894e-18,3.869477962591098e-59,0.6602446555660111,0.045806107798146804,0.002934271639813641,0.7162330915470116,0.0004738283093269974,0.4491933532856652,0.36207497037341146,0.0009477522265375132,0.07243081015519541,0.005173068144906957,0.6362267009438677,0.17090348153624665,3.772208628378616e-05,1.066632305508719e-16,0.7958684343704869,4.441752311064362e-16,3.5109591582370524e-40,2.6834473317672583e-16,6.79054913953077e-22,8.977872872006421e-21
PAKAN_ACT_GR/EK_rolling_std_7,0.00044966164027912233,0.010066238671200012,0.4817539808141974,0.0015271292962805972,9.82628026686338e-06,0.6853149018798318,0.0016735776148955872,5.48172915798739e-07,0.10694971903160029,0.0025444028712776,0.010918490507484327,0.30283101902298193,0.0004354468473560433,0.0006333829530460269,0.9230954526134948,0.062234079654747636,1.2040280305807769e-06,0.004987246390382999,0.8516956503652301,0.8881662458394096,0.24112499684599337,5.883326997400958e-07,0.026699289984411404,0.2468586382121136,0.11010454294992315,0.44535031651499846,2.0773947422091385e-10,0.0033257554748146807,0.0012699951405526569,0.014049652085883537,4.0996444653871325e-05,1.6992993015526883e-22,1.49992490230469e-50,2.9220159172444164e-09,1.8870841814042967e-27,1.5577383624319833e-50,1.4517709137146835e-29,0.0030622078458978023,1.9475912113830035e-09,4.724526644518999e-53,0.0027948923579507214,0.7835543259219613,7.899742543565792e-68,0.4250566160397059,3.542327125019437e-83,7.034559570900719e-77,0.00037765234360354706,8.557552229093592e-76,1.2626091811630694e-66,1.7237074623618013e-26,6.681805203092977e-14,7.277423546829706e-56,1.8279544566074596e-52,2.7109517909890377e-46,1.421216483940199e-20,1.2801308327514566e-10,1.090844364579114e-15,5.011582959500439e-22,1.7640444814253426e-22,1.5128142727028496e-20,1.2318897749328814e-10,3.412581912849551e-28,5.202028237048844e-13,0.10654511219104101,0.5380112666656408,0.00045033586629660585,1.3376784733744172e-15,7.836149456537425e-06,0.9707006058200557,0.42610356196741883,0.01626803351138196,2.3662392439031002e-35,8.806383824982917e-19,5.894716640998023e-34,0.0,1.0684934002818333e-109,1.761632833208891e-58,7.288147914283482e-13,1.9405196874589412e-50,2.322463909723781e-59,5.713733669141527e-45,6.365184073672582e-28,4.1980550107694875e-100,1.2827814912550495e-09,1.6530222490278541e-19,6.790430417749661e-06,1.160762048763687e-19,1.4209624757324234e-13,3.1371045670964863e-24,9.57210819227935e-06,8.546137216482771e-26,3.215437515145438e-08,1.517258289756631e-24,0.010305158592421544,7.987944398548498e-32,0.21106583491811146,3.4551870767331624e-07,0.9048299985855603,3.999721974028242e-17,0.14420373268027176,0.3543380276271198,0.5514092997476665,0.025352892635505428,0.004683208628217636,0.030196106838257353,0.00011022852320482564,0.16589425097108876,7.665780642896367e-05,0.00034466896558155445,8.146455411197076e-08,0.49408191177288835,0.9974796592322726,6.3064561315779965e-06,5.518096192292335e-05,0.00027399316611596765,7.270888135160038e-11,5.62245863582921e-16,6.337117084296872e-06,7.902308496309073e-13,1.2853029697408909e-11,1.432620704385524e-28,3.1857966279211924e-17,1.7972766398619355e-07,0.18619834956512704,0.10647015827036373,4.473784911830515e-22,0.5930368889419146,0.07836941387862509,1.334954055916566e-13,0.37047491823217477,4.7343940335355226e-05,0.13619692208064407,1.2001236646106859e-05,1.4585300091358262e-10,1.6476566596719538e-07,0.006457446360931879,0.00257810612850247,0.4015576143122506,1.3827348621527508e-13,0.0050449105363176506,0.2939428448581399,0.111242120283234,3.2412145240324167e-09,6.941259479478956e-53,7.104636762655044e-72,4.069714745997559e-67
PAKAN_ACT_GR/EK_rolling_std_14,0.0016125682219177279,0.1101926977196461,0.011004225708437627,0.06252898446377407,3.2805015292950537e-07,6.761492761705577e-05,0.008296540645876269,7.001334622054511e-17,1.2167326656948704e-06,1.1947268176391411e-14,7.18801343278427e-07,0.013914065172176466,2.9684591904844266e-08,1.977763073908785e-12,0.02915364507392688,0.0646981251226447,4.032274317286667e-15,0.0005473604952058881,0.002551058117217156,0.070207550788965,2.776058496891403e-06,1.0311205371725681e-10,0.0003007792449471345,2.0106374687733265e-06,0.6678255210873141,0.27181311565929617,2.341514170000507e-13,0.7751266988614394,1.3069634217974046e-07,0.5608303249047564,1.831163824214445e-12,6.14140700188137e-11,2.3724828055883957e-132,2.2816251403893413e-06,1.9245989537897604e-55,1.7388535622491863e-133,3.109746110250453e-78,0.4889100101742483,7.984364351562347e-13,4.7345272029962e-128,0.21023526460262495,0.7329526975922291,2.741615192600383e-118,0.5136729855022656,5.733136835998276e-153,8.720088027166435e-142,0.1740477571909427,3.83657666067365e-135,1.2717636409186114e-179,2.8918233725822584e-75,5.554644972234031e-39,1.1629909868946004e-136,1.2399896560440998e-133,1.4875410828667142e-126,7.257188383684507e-79,1.3346196138811853e-30,6.4288652530850145e-12,9.587983484236488e-18,2.2252033716669512e-23,3.15286407156731e-35,3.9002711728626034e-25,1.1408463737883522e-69,9.087787716920763e-43,0.49907237987575176,0.2528938235353713,0.04644454884278456,8.10822416585933e-09,1.3767921791828144e-11,0.499588142683125,0.16279943092436316,0.015734693691063378,8.089984924006613e-22,1.5825132559940458e-39,1.0668062736994662e-19,1.0684934002818333e-109,0.0,2.5276583955893606e-153,4.091506575524023e-13,8.4848723116559e-140,6.561806148956361e-143,6.031067570045459e-33,5.471201097355005e-103,1.1431275673876267e-136,5.103909098244426e-40,1.4146652403100195e-14,0.00011488990620577062,1.7861550543632704e-15,4.2546140336700806e-10,3.635548082989093e-28,6.568882269610513e-09,1.7244794353929528e-27,8.045638795566998e-13,9.466594039930004e-37,2.981365956297829e-08,6.255478327505569e-38,1.6533318342938236e-06,0.0001815348275547828,0.9237487585416144,1.1455828662664018e-16,0.41043062135889286,0.059948655594820564,0.11889105341484489,0.9798513296017276,0.06252805533753174,0.004004672839633321,0.000357179811331927,0.8652493359052389,0.004928180035200971,0.0003445553168980656,6.26879470088021e-08,0.1636771512626427,0.5991791241761407,9.916731290539137e-07,4.351900387951178e-05,0.008730101305155516,3.541918067921369e-11,7.803459522821494e-14,1.0326446691420412e-07,5.164017102181433e-09,3.920641283045865e-10,5.876651415152309e-26,2.3812437659017898e-29,0.0005183847129470687,0.543911689478602,0.21238101388754316,3.516886158920839e-10,0.45939268924961507,0.20927116709439925,4.369790760180061e-13,0.5120262697870244,4.922189436903349e-05,0.14084828960497772,3.594583094346566e-05,1.1173216865408508e-10,7.06580422359101e-05,0.0057140398765479355,0.021712307539517566,0.5576787263583594,6.873443961630395e-16,0.716884920662759,0.7193461551659514,0.08606948409079028,0.10346843090629054,1.8060263983473528e-63,5.385610591652149e-134,4.974542369113676e-130
DG_ACT_rolling_mean_3,0.0016546965456991805,0.1787877581813457,3.887571472819402e-06,0.001226904436775388,1.6094423355199172e-14,7.41417568888818e-12,0.7631483184097839,2.249171588813622e-28,1.9955822032477664e-15,1.9944807362592582e-22,1.714901641732462e-17,6.273717185010063e-10,5.085418830142238e-09,1.1183687574131302e-17,3.786708340549276e-07,0.9812448768093429,1.418709469620703e-23,1.4474240801785154e-06,0.0053747951439649016,0.02276476163609522,1.1337490148888267e-07,3.384514791229022e-12,0.0009773304138927992,1.6340067411300995e-11,0.0007828160600013923,0.17394932722255912,1.3144225786734356e-18,0.0006465811454466061,3.041044078227269e-09,0.03456704219062962,6.316474331904297e-26,2.8455062019283463e-09,4.654408147943231e-225,1.0902529762391991e-05,3.1551169520557806e-76,1.973613392937423e-225,2.674776308163246e-165,0.00022111724544205766,1.1687731254307044e-23,1.112014764528817e-249,0.9850616317062144,4.652700068879398e-05,9.734650716996759e-117,0.010338454496306455,5.3910316917019445e-117,4.342275728058009e-122,0.361362222682659,2.0490029709886566e-112,2.054640941439318e-178,9.509454969984664e-142,2.3231330558353446e-105,1.6229041520251205e-277,7.406115729427691e-264,9.000644165973984e-196,8.460043864787687e-148,3.2875181294773824e-82,6.022447924230226e-08,1.969220305283703e-09,1.1614579038473472e-11,1.1315105577620968e-20,1.1128889948352096e-31,6.523472749228056e-98,2.326568271836922e-78,0.0005116353971213858,0.00017530975665941518,4.651952218184214e-05,3.086469183853345e-07,1.9631051366603738e-07,0.008312086569581798,0.18621452222420865,0.08253801889610309,2.475108126627348e-19,4.937303335666242e-44,4.83343291221437e-12,1.761632833208891e-58,2.5276583955893606e-153,0.0,2.957869994093466e-16,3.401964838034036e-303,4.57303369847e-313,2.1133289869731262e-32,6.801322261921328e-200,1.4043535992552131e-91,2.8978693341512164e-104,2.103152381606278e-09,0.002528501020239193,4.5839687454912393e-10,8.659311070223809e-07,1.9392357665468635e-14,0.0007237782346638421,2.389163390510722e-16,1.568916742268295e-05,8.255557982286668e-24,2.6855591917256444e-05,3.2860023036721725e-26,0.00032309790201355006,0.000680340785360014,0.18225352097147318,3.583998403623099e-20,0.00018040292111303543,0.03527641655606522,8.22983700109061e-05,0.002460001234034335,3.0249285287745933e-05,5.751568001687922e-08,2.007964869028586e-08,0.5570583829491895,0.00016228357884772829,5.5731645418244494e-11,1.0868315496273213e-11,0.011441887747450166,0.00014281950510881068,0.049850903040193226,1.5655066365693113e-16,0.8994329320881024,2.5686796687884412e-15,9.312318241074937e-09,1.4050139049186017e-17,0.0002958599358832684,1.969975967828414e-14,1.6245019653351846e-19,1.3611939061060486e-23,0.0022064974496032257,0.9253406015300627,0.5234619148754187,2.481666775753454e-07,0.3544223980762324,0.4011029409672319,6.752151759654262e-15,0.34486002527293536,0.012220441085127747,0.2844067419385017,0.0027588012856231414,0.0002199225226517092,0.00011222290706532305,0.15711727883644858,0.07531550709057049,0.8876386361244935,6.063921575364165e-20,0.985760391102288,0.9673441255813788,0.2236329694958183,0.4263540345398836,9.086453380628562e-45,1.667712588792042e-117,9.108875222322835e-128
DG_ACT_rolling_std_3,4.4053165279577187e-10,0.10811138327434114,5.5470181316325746e-05,1.1372140190894058e-12,4.5048094522680615e-10,0.0089898509312948,0.005974974660501934,8.080273442696085e-06,1.6408523140280997e-06,0.0009994850779662316,1.817692888387754e-10,1.6947554757176934e-16,4.212599904214595e-07,2.9237204440054184e-08,5.795896599093057e-09,8.405650623139492e-07,3.953103332085075e-08,2.7785760405684323e-10,0.0051840173730167746,7.835851145114624e-12,0.38661043924353633,1.4432735914882982e-05,3.1962186702523897e-06,2.1246077152375617e-08,9.98955390159963e-10,0.00979033255821056,0.0004664113513274722,0.011544616176014644,0.00019978327916134317,1.0276652594564904e-06,1.4780848588284145e-11,7.865366986483023e-16,1.8066246662205025e-17,0.9811832117674434,8.36187122381618e-14,1.5250999672832577e-17,6.200102860016317e-18,0.014284213674600005,6.583813356385844e-12,1.224236905808198e-19,0.004424758784149235,0.0003514039185819571,2.8275586847876104e-14,0.7933710604550162,1.728330319467461e-11,1.7095567197198092e-10,4.716458302787201e-18,5.93073592869553e-15,1.6110494239300839e-15,3.3569603166889984e-13,4.235627364632893e-15,3.5710914439105015e-14,1.3408877425221286e-12,1.8763420851675707e-11,2.2976246998637353e-13,9.056873088300422e-15,0.8413628381347686,0.6367472119264612,0.10544619897590901,0.005154589398913607,1.0678290433061482e-06,1.6655179046577506e-11,3.5967436806660777e-07,0.002761206020910747,0.00019719476067192813,1.1258535877133398e-05,4.543654942018308e-08,0.0051553050032656,0.47747236297054124,0.013098401146404454,5.945550637768112e-05,4.952977791031013e-06,1.2695857658180332e-05,8.833213996202235e-05,7.288147914283482e-13,4.091506575524023e-13,2.957869994093466e-16,0.0,2.6651300142220556e-05,6.981349737888436e-34,1.1822925466856383e-95,2.1185649026142677e-06,1.3852464295381346e-34,6.963215052482978e-08,0.8459613534142263,0.7179146913847696,0.6066314686310207,0.7982978580417395,0.41909346968394495,0.51316497126638,0.05672706687838708,0.20136342221630024,0.05011756928915694,0.4005870379218042,0.018046974377486685,0.32990920628901604,0.18977183799307537,5.3918611148488094e-05,1.7898102154468353e-12,0.0011072123084311814,0.024672356336689665,0.0005553821416691588,0.006186852989330503,6.496731464199732e-06,2.2357523368205133e-09,1.547210804170499e-08,0.08220700159215588,2.5649378804532257e-06,6.639474122871227e-11,1.4807476303814439e-09,0.6723520455898572,0.6724773391083178,9.703553223532191e-32,4.1090632284771335e-42,0.03944232154792957,1.5364897363902032e-105,2.7741104731246953e-37,7.045886608720684e-48,0.0005586332100519215,2.1094686949521588e-86,2.88728215239025e-42,4.2402007571457416e-07,0.21305263444787756,0.8871198504870376,0.0038415658166750647,0.010473441214158448,0.0003254725618972181,0.21266284573337058,7.242840129011479e-110,1.3106976017659683e-05,0.4512088548366572,0.3313927701083982,0.408774000894643,0.2420230970877775,0.6166023093431385,0.9154174666301247,0.3371863700189527,0.0009520644358317923,1.5423330346998924e-284,0.5725915900033456,0.953576600656947,0.007294514736787623,0.1552750400464838,4.649748944580482e-08,5.163397590953172e-16,8.055371709125911e-18
DG_ACT_rolling_min_3,0.029185728980982623,0.0979911389195971,4.088849218975601e-05,0.05908610885930837,2.090974644120361e-11,1.5567763086251175e-11,0.418280747608593,1.1589227637832102e-27,2.6770211731397167e-13,2.266018498598746e-22,9.656710334462863e-15,8.573501611794354e-07,2.9205503838392513e-07,1.0336834113284337e-15,2.5280926628467227e-05,0.29668320439306894,1.2647658146565665e-21,0.00021073616611622377,0.01343177631593282,0.2808590925871596,3.9068991428515455e-08,1.2251549022180205e-10,0.012660799874330279,1.0478553424824654e-09,0.017195333892435355,0.3213343315312291,5.96940050037489e-18,0.0013340241682488407,1.3134800178295628e-08,0.17333882782151666,4.155064596291075e-22,5.190211550379757e-06,2.5999129155808502e-185,6.643507995353855e-06,5.425175321405002e-68,2.1330590334903523e-185,1.0202090395734102e-141,0.0009110527325168717,2.7189850498607984e-19,1.6425931579412338e-194,0.4883980568056183,0.00032477385521039506,2.931652227170493e-101,0.01008316525588168,5.950988464325381e-108,1.0084041386335526e-114,0.44219069915057596,1.190165675192155e-97,1.2758607777873603e-156,2.557691702661487e-130,2.3586887906627078e-94,5.739639658296463e-227,4.397386418228011e-243,5.947661588114305e-188,2.915827513878526e-139,1.4926512464457618e-73,2.8522595713822815e-08,6.13754484248373e-10,9.642029699643188e-12,2.2129119391443466e-20,1.4100453514064025e-29,6.444830400322347e-92,2.3742426480278203e-77,0.0032606501401281746,0.00201465410776602,0.0011559964267823003,2.6799032251372622e-05,8.097256690425502e-07,0.005968073003725923,0.034545559553494684,0.4173900757167185,3.205136905577416e-16,1.3511452195125023e-42,1.8634522643430465e-10,1.9405196874589412e-50,8.4848723116559e-140,3.401964838034036e-303,2.6651300142220556e-05,0.0,2.9862380345816013e-189,1.6884811123942895e-17,2.7167322832091915e-222,2.812043660737627e-70,5.464478086085831e-104,6.973803156710054e-10,0.0017882264521388112,3.321382406605213e-10,2.0376148867110406e-07,3.3247468271927284e-15,0.00011339316262291712,7.185146858265629e-16,7.284138757341917e-07,3.893515944137716e-24,1.0190208531899675e-05,1.1504205694567094e-25,3.5469607918930895e-05,0.00015057184671019125,0.6285030321186577,4.823209866960816e-16,0.0015014559479558953,0.08421788394201139,0.000890142765198108,0.010575668997997221,0.0009473549395489336,1.5043875383037267e-05,5.6943833503274486e-06,0.8412965697963004,0.004158194347171284,6.765071827655467e-08,1.1426707554527827e-08,0.008374492673992909,7.610418208008346e-05,0.7767151664623702,6.647427517600494e-10,0.4580216827795231,2.469160907784271e-06,0.0006106575208476016,3.41596992946926e-10,0.003908724407415428,3.0287236503589725e-06,3.5626414389447665e-11,2.1465985615310703e-21,0.0036011925070288608,0.9310346598555808,0.9039802497394118,1.2074496720022733e-06,0.7115700905932609,0.4363611000039848,4.113948586357818e-06,0.9360073055945989,0.014316365173254958,0.3243286668927275,0.000683938560787854,0.0002352948263934598,4.6947705517476664e-05,0.1390896394732108,0.037514919019103934,0.5211254244302903,1.937721138803298e-07,0.8693719305041503,0.9359038565442764,0.45264193517517526,0.6277385693341855,7.658019171899904e-40,8.228769383376389e-101,5.089327984390972e-108
DG_ACT_rolling_max_3,6.565262087331526e-05,0.43837340020428933,6.565897000963914e-07,3.700591308722454e-05,1.9426652189919151e-16,3.0535169975633064e-11,0.8621823085150605,2.1629009486173513e-27,3.377838328877942e-16,1.4629629975196124e-21,5.647604853378102e-20,5.656937958173684e-13,3.3124052957076587e-10,5.277890555955062e-19,1.5949166710021834e-08,0.34614435913840896,8.270451480540302e-25,4.655092212099593e-08,0.003124799058513594,0.0009191954141820106,6.089705392121201e-07,1.8371602881032917e-12,0.00014699980534533304,9.58194143127561e-13,1.9350021790396035e-05,0.0878121798107584,5.967276818283456e-18,0.00027960621587892124,4.4770186436094347e-10,0.0036338435688537,2.4431759715585448e-27,4.588248033939611e-12,7.457002271920187e-209,4.200936143498826e-05,8.783603896971659e-77,3.1427671972430027e-209,9.554822870071399e-160,0.00014728033518171516,1.6705608861745897e-25,1.7196157671721101e-237,0.6516033551556576,1.069240635626685e-05,3.049614702380159e-116,0.016782681105359104,8.362412847011899e-111,6.254638708192786e-114,0.017744268398199606,1.3127356957406988e-112,6.7569349737265e-166,2.9071358640624896e-131,5.630879602126927e-103,8.81098774057083e-219,9.085016741886957e-213,1.882987624251678e-168,7.038509837497637e-139,3.9384216276577015e-82,5.660320469852969e-07,2.0071041677020042e-08,5.066052691097473e-11,1.5963662909733652e-19,3.4127523294393257e-31,1.6476560842781106e-93,5.424563337441897e-72,0.00021238611914223333,4.250029484380204e-05,7.423426290065846e-06,1.6866414722295017e-08,1.3061210158327875e-07,0.048040645633265835,0.4655198460525699,0.020415969393624864,7.3006803771817315e-19,3.310322478129642e-41,9.714341910534938e-13,2.322463909723781e-59,6.561806148956361e-143,4.57303369847e-313,6.981349737888436e-34,2.9862380345816013e-189,0.0,5.151625443801122e-50,8.846216912693567e-154,1.6690122205521123e-106,2.1250508812191326e-93,2.793075572133526e-08,0.005163827208213467,3.7486783635891616e-09,8.905354649237847e-06,5.185552677401372e-13,0.0029041729515761434,1.121503400388873e-15,0.00017961563507548606,8.041435057230492e-22,6.965772183986585e-05,1.0136062283769868e-24,0.0017970728022307465,0.004736830548589984,0.04672722129659882,9.797107425165366e-23,6.43701010473657e-05,0.02142750012725875,2.448920018650335e-05,0.0012256385293425954,4.884406471617991e-06,2.239010873695912e-09,9.803179990436528e-10,0.4385752544637207,2.0349443758567565e-05,1.0970833194786602e-12,3.0788129366011235e-13,0.013518170944472835,0.0006256251803480636,8.329669518920804e-05,1.899924069532593e-24,0.7611028222542354,1.614978186455427e-27,2.5018379430960886e-14,1.65334192790585e-26,7.501566111616999e-05,3.0135406259231015e-25,8.868498214686388e-28,1.4185015098743036e-24,0.002053878182107639,0.9125297516858913,0.2295624399414734,1.4891641108124998e-07,0.06938964760759267,0.7901780329526736,2.6408406788355825e-27,0.08164423621934075,0.016209847914672643,0.22149081418998753,0.009856628659765446,0.0002906736491348846,0.0004912333597295483,0.21678755944315345,0.1566214782896328,0.4636511326600419,5.1431607712753366e-39,0.866972415065469,0.9796996211225382,0.09375412297839059,0.29378986851792066,8.939620312535094e-46,1.2559268038040692e-118,2.7882995055982302e-129
DG_ACT_rolling_std_7,6.474203990550671e-15,0.4122799403804963,0.0002894152396452677,5.845192995447443e-18,7.773633883556706e-13,0.28419264723648174,0.051593326702454284,8.110304665483291e-07,2.594790687524036e-07,0.00020195322024421796,1.608214181180665e-08,3.9031877758650295e-13,8.256318325675238e-13,2.0623170857605493e-09,6.166831361097169e-06,9.920482728997107e-05,2.5292126340102156e-10,7.302156135757078e-08,0.00044104734205213116,3.429449192245455e-11,0.9500574704025555,1.479168021926784e-11,3.959575836570683e-06,0.0003647233962531587,6.988219540803613e-06,0.17402794590119616,5.4925299644457676e-08,0.578411938429814,2.7443261067073585e-08,0.001436884516413719,6.093963854538664e-13,5.505700490430671e-31,1.625995473813408e-30,0.034968404642687426,1.8251577585529684e-22,1.6345802065738478e-30,1.2774888036855877e-24,0.3804371649603451,3.5066691172154105e-14,1.1843185351492731e-37,0.00013809370271917722,5.120181636343789e-05,6.997298104217666e-33,0.9343762435291707,5.890885459137578e-32,1.1484423549832965e-29,2.1970809623119627e-21,8.858780557254271e-36,1.445165411857492e-32,1.0714196614188131e-18,5.349390927688254e-16,1.8050707009025146e-28,2.071349742321728e-25,1.6342011873318998e-21,1.2336363467252558e-16,1.722470342076376e-14,0.0013969507128868451,0.0005343904701600685,0.00020185026595293182,6.437322923676765e-07,3.307543728439362e-08,4.418941544473294e-18,4.332647345061712e-09,0.01635011721485445,0.00020660078569457213,1.0319126485436569e-08,9.888057845219114e-11,0.0002158800757063545,0.7216212683879242,0.03632716366562664,7.1719570039841465e-06,1.0432536790027903e-15,2.3016075488544797e-09,1.004061092734055e-14,5.713733669141527e-45,6.031067570045459e-33,2.1133289869731262e-32,1.1822925466856383e-95,1.6884811123942895e-17,5.151625443801122e-50,0.0,2.4568094644082416e-08,2.9466784885639923e-86,7.700680568409432e-07,0.001111064354152641,0.0711179739303671,0.000380444822507679,0.023735051565204016,0.000411955853652758,0.6422588126411167,2.810471611245166e-06,0.9357805327131725,3.76586229275852e-06,0.34715301084856165,1.072700507765886e-08,0.19888598109531688,0.40450148517741935,1.3250913983958226e-05,1.6127808135182413e-21,0.01150574260018624,0.03191232415527916,0.005018125380438228,0.087268643578499,1.9349993880236476e-07,1.3622284630681893e-08,9.545819346641993e-10,0.021320289155919304,5.8170389762152754e-08,2.2958860009962244e-13,1.2663935662998666e-12,0.5814729998391589,0.3123241853974129,2.5233287451137525e-18,1.0370907447321155e-27,2.763506732445283e-05,4.0327249890208395e-106,1.6393234491401638e-50,2.235870560086873e-42,2.901477745859015e-09,9.418095116660694e-92,6.276489270218006e-62,2.651619054506801e-07,0.0006544302881689742,0.8353628253794942,0.08271761740418951,1.2488759294794866e-08,6.878394907367967e-05,0.3469588473731794,2.604893499084187e-64,1.3788738143292965e-06,0.015706869295610257,0.3820699685610743,0.4468804668002368,0.0026324152243151827,0.1654207234955059,0.24857367606833686,0.9772335154482921,0.0009652189704754634,5.1556756237811396e-92,0.034469130462311356,0.6060429645813582,0.13083501412434886,0.0003082541552509251,3.1440694973687823e-22,3.096724697260249e-35,1.2023107430110962e-35
DG_ACT_rolling_min_7,0.1910783492968255,0.36672324837560283,4.419162604929453e-07,0.3785801300985538,2.8384118380793363e-11,2.3947887481220437e-17,0.9835509880928993,3.706882990906792e-29,3.736814939429181e-14,5.229132162025886e-22,3.181855671137543e-17,1.3740099761157602e-07,2.596078820366771e-07,6.716197719776262e-19,4.131916384030908e-08,0.6366735375532426,7.132482054658397e-23,4.0746660959694915e-06,0.0025198454573548074,0.07826264195729787,1.1762366314362664e-11,1.046541273105025e-09,0.004682548678481913,2.2971315282048334e-16,0.0002553073784915537,0.025794371275355686,5.68556402266166e-16,2.699610996267832e-06,5.3738269965763035e-08,0.004545054855204151,1.2742411936109333e-24,0.006369577043343696,6.040972026449243e-172,0.0030480431565085395,1.0616144129715121e-63,1.812868282437703e-172,5.991229921082975e-163,4.1879655296774105e-06,1.8975195834872355e-20,3.256398579024068e-147,0.29640577844857247,0.005899842601898941,4.605519634832388e-77,0.007016971237299466,2.6604372571561577e-75,2.1723540159401227e-79,0.19373279577048452,7.446761011167826e-72,6.714325952395947e-126,1.1812265362100754e-152,2.8913832550900737e-120,1.7832982708062237e-168,1.8888688994390014e-187,6.301036350104853e-197,5.809937397572011e-181,3.753179122888647e-95,6.771008943576625e-05,1.88008429398826e-06,7.442336805028879e-09,1.8901749873105373e-16,1.4082329760336034e-31,3.9909983116522125e-94,8.875267563275438e-92,0.0004273476473294302,0.0030293884175563086,0.021942428173285164,0.0002647386463275738,7.148296251716567e-08,0.05941539556025372,0.13628115345476133,0.6068197887483192,6.073051376329793e-10,6.466947291666053e-43,2.5170392298947794e-05,6.365184073672582e-28,5.471201097355005e-103,6.801322261921328e-200,2.1185649026142677e-06,2.7167322832091915e-222,8.846216912693567e-154,2.4568094644082416e-08,0.0,8.056854472435132e-45,7.6857073993279225e-149,8.684911924692903e-06,0.033157751696124775,3.2644692656386294e-06,0.00019829353307464667,5.385694356124434e-11,0.00045598904534874745,5.271626818340859e-11,4.790012939056256e-06,7.10433369904709e-19,4.591803929816833e-06,9.365174396295095e-18,7.159556957352036e-06,0.01410859953886487,0.968643847789726,1.7185448458195423e-11,0.00015738302507889253,0.035840391047469486,9.869660325751112e-05,0.0014079717402837636,0.0031187481684995994,3.0066450791268892e-06,1.0212467264742198e-05,0.8818832112800578,0.010049934342816615,6.453682771231344e-08,4.0894318127454726e-08,0.012061811512480078,0.0039799395425727906,0.39419285070897964,1.1509220419679333e-08,0.0589627147094246,2.6135211393008743e-06,0.014600773244561603,1.654276451124815e-11,0.0821109006606988,2.669099237667914e-06,9.180159936486204e-09,3.1437210097490387e-26,0.1291144250063014,0.9764025079309085,0.6780080939954429,0.009613330512007611,0.9620213754648705,0.652372672749212,3.351822596084616e-07,0.46380746835071845,0.03630047746982281,0.40659630437593947,0.012108929899250845,0.0008922722447939924,0.008904730067298576,0.1637415502097369,0.19274693562150924,0.4607141225815517,1.5580511155641707e-08,0.18460032460261216,0.944479598478492,0.2507697179297502,0.15139219410718316,1.140390247792064e-26,1.0702778176948424e-78,1.909482645754681e-89
DG_ACT_rolling_std_14,2.1436084642181385e-08,0.27562390202534964,0.06599391739013591,4.19848835718039e-07,7.162912480861558e-10,0.07315096855386258,0.20483614701077096,1.2457666895277603e-10,1.596126613876486e-06,5.698052716180615e-09,6.891096158340813e-06,0.0003246847030923221,1.6895974012526941e-09,9.901520745893595e-11,0.018790547305584836,0.8662446140861461,2.436593330618784e-15,0.00029799392703471145,5.1000106550483646e-05,0.0011906244581861949,0.0754285737094831,9.319740450073519e-14,0.00016194520849723096,0.001499880137791363,0.48501011934107024,0.6581429839747706,4.725670632433487e-11,0.7100957357174008,1.9779078286360338e-07,0.40334175884469053,1.998081275013753e-09,1.0576576078778232e-19,2.012860364238011e-68,2.4436799234751404e-05,2.429671076661779e-36,3.110169047387425e-69,1.0544195292816282e-41,0.2889719511407184,8.024762633208902e-09,1.6546098855286879e-91,0.3530757455965781,0.00047863081489243057,1.321000103816802e-70,0.48774441865747736,1.5625961909120419e-89,1.440647902776351e-87,1.0018690931353645e-07,3.0804454973489553e-82,2.6521932667882586e-103,4.7582508670774426e-40,3.111483943496138e-20,8.434773619274263e-82,4.5502506462952833e-76,2.3041959687714927e-68,5.999970623535979e-38,3.284678221530504e-15,5.937395539270156e-10,4.945717477601119e-14,1.2751089200304745e-17,5.891030762915706e-23,5.536488603590906e-17,5.888157352853554e-40,4.724084208165161e-19,0.8970747837079541,0.4755340421429185,0.03334473278921686,3.9520793212749976e-11,1.0360474309705314e-05,0.34973437527101464,0.7769157598969315,0.054756660742774146,1.780868424690561e-23,1.3386829895028547e-22,2.7392237459457108e-17,4.1980550107694875e-100,1.1431275673876267e-136,1.4043535992552131e-91,1.3852464295381346e-34,2.812043660737627e-70,1.6690122205521123e-106,2.9466784885639923e-86,8.056854472435132e-45,0.0,2.5556616154201827e-13,9.805271768807718e-12,1.1559907962739049e-05,1.94837153217615e-11,5.9081920185858425e-09,4.080033982193913e-19,6.991291131132542e-07,1.5269509263312257e-18,5.006384543975001e-08,1.6804307340766765e-23,1.6412548868384934e-05,5.370741842995101e-26,0.004275408871127965,0.0012466326615572596,0.4179124399711439,2.4474195898461196e-20,0.8359399503778613,0.5680238421553875,0.8230322995045926,0.4817349193831491,0.07238368356372481,0.016845007220401602,0.002304118840754451,0.8741997514793025,0.003958292075262213,4.071438671317514e-05,5.382917755698565e-07,0.03525367011620645,0.03518297185704662,2.3373887179105387e-06,5.848329241240746e-18,0.2135530779613573,4.626897358221073e-30,4.254579008426698e-18,3.584806391575344e-24,2.997413761394074e-07,2.343348564402316e-29,5.442541085673845e-35,5.0655425913520615e-12,8.641203291751437e-06,0.6557219923095657,0.6332409374816418,8.311139088136824e-13,0.013820217850998694,0.8369685510572547,5.3460817000175885e-31,0.00308525767453019,0.00010233662905470963,0.14258466631820205,4.2815378247121425e-05,6.242972412254584e-09,0.0007089549955173921,0.01733849203071744,0.010761628184144056,0.1509791824041124,2.517063660530422e-36,0.0676817146631016,0.5006276497325491,0.5714770759769029,0.0013728776448824489,9.53117731485984e-48,7.835535122458156e-77,3.1440080653420964e-74
DG_ACT_rolling_min_14,0.28805932740031326,0.7622845449784686,5.60550567310899e-12,0.2687564495872034,1.3293247668406645e-11,3.9226259369594604e-22,0.03707145937772779,2.0582907287320147e-29,2.335390272932794e-16,4.750476525256816e-18,1.230163803678825e-23,4.289980511390176e-14,2.0482906774320536e-07,2.5316176763076466e-17,4.015085480199807e-13,0.12515340492914198,4.16182079089704e-19,7.988016533188783e-09,0.04812428267037636,0.002288480862269128,5.141618269956996e-12,2.3752414640892673e-06,0.007619079471549939,9.04897393112966e-24,1.0950068544880846e-10,0.0021924633861271415,3.461608660496464e-13,6.490748693500174e-11,7.660880196826705e-08,9.567046318623533e-06,1.0297928706010202e-32,0.039595744495440906,2.770595481617118e-122,0.11987785008277015,4.920473070318906e-58,5.8401884028129955e-121,2.769357120666534e-178,5.179507587586065e-15,3.045267093988185e-31,1.1277319630955484e-85,0.9442516772403532,0.024246180972371092,3.564283241448745e-51,1.9030780572978557e-05,6.268135100023549e-40,4.4487258510909375e-42,0.27411495142490794,9.698470001096697e-43,1.5634625028154434e-62,7.154467162983188e-141,5.4393822765024874e-207,5.448789241775077e-94,3.295848116916234e-103,1.7924446232626338e-110,2.6749844878540428e-167,1.1135544639383844e-173,0.08401119416899384,0.06970989502716235,0.013699346701903793,9.885671818475128e-07,7.476273667825993e-26,8.212128512509617e-78,6.551501430859806e-104,1.68144455864836e-10,2.099396879653938e-08,4.71063062394038e-06,0.0041181064227734645,4.639661780535831e-07,0.2613085969594198,0.5015331813180502,0.8019741313191487,6.313087261635351e-05,7.053635549052518e-32,0.01005997215169492,1.2827814912550495e-09,5.103909098244426e-40,2.8978693341512164e-104,6.963215052482978e-08,5.464478086085831e-104,2.1250508812191326e-93,7.700680568409432e-07,7.6857073993279225e-149,2.5556616154201827e-13,0.0,0.057854065308375634,0.9047874566551589,0.016514025604927127,0.23836645440337423,0.003283902808559231,0.5389544623260194,0.00014638139315418337,0.25858520209500435,6.644469521934253e-08,0.011305664075797268,4.222799228079295e-08,0.026787204946481423,0.3855223921850371,0.05448597768311993,3.5360800183331453e-10,4.539021765946336e-12,0.0005032114401021928,1.0469410943852468e-11,9.363743552337894e-10,2.3768674230329042e-08,1.5903943582244546e-13,8.106460580564014e-12,0.18051207728926072,5.062978691054562e-05,3.762021677327222e-15,4.094859261149149e-12,0.074468028078612,0.05350277924761825,0.03806569676487186,1.2677734979878753e-07,0.3876437218381163,2.0594950997806158e-10,0.00015726981008517255,2.9617911857571066e-11,0.21318426269345817,9.372149907889661e-10,7.830835305176744e-09,2.125860793472733e-27,0.920844309675853,0.7775361343079363,0.22552273718349225,0.7578588632137488,0.9105492892383328,0.9437400455619737,2.56409988731208e-07,0.29578967154884495,0.49410520327439955,0.6147128259407828,0.8434343900070337,0.2986752081662028,0.1727009428029305,0.8232434332958384,0.5514091458423219,0.5159378866402783,3.971636362130662e-10,0.02426420482465628,0.7135961421427949,0.05293620825041241,0.006293333939706549,1.34317863124915e-13,2.8783357865478055e-50,5.786232357714975e-61
MATI_rolling_mean_3,0.003435089398245317,0.41861381651891316,0.32015668023272215,0.261448072317665,0.8260413114374039,0.028189768228946546,3.339042991084299e-11,0.1270833278937419,0.32009022986605634,0.30211950763537765,0.5760214952466102,0.004927065427035448,0.12224894317281354,0.6758718845690476,9.64329932655183e-05,0.0032063894003371953,0.38966693843013434,1.0587920836713159e-05,0.3440456157908421,2.8657586925694884e-06,0.2247672088350423,0.8300444089281119,0.015942359424965438,0.0438581118719217,5.9919636529409646e-05,6.947075437973756e-07,0.5821627631186211,0.00010934220248649652,0.32708385215699204,0.0018305943906058574,0.5529735426268244,0.062078061120889344,1.5078926704647861e-06,2.931578016278322e-122,0.25940121820598533,1.677263021543293e-06,0.0013200775407088423,1.2750535475713323e-07,0.005815797246722384,3.7663010019317625e-09,1.9169565143323373e-09,0.016362535435653792,3.6791036743746345e-18,0.002438133873884351,1.3588535236609189e-13,4.441320676132765e-19,0.6714240090987595,4.806911043261077e-16,4.050045293263143e-07,0.10061912672066857,0.021500130137187826,4.673233265140393e-09,2.2373052410891667e-08,3.2964697315914957e-07,0.011562488343355475,0.078135429391573,6.73293451875442e-160,6.739595299787052e-140,8.690371975164114e-68,1.0172451184797379e-23,1.930619185008688e-08,0.14412257614374763,0.8872554287967255,8.041205052978993e-07,0.00010089114787305391,0.007110945663189084,0.09983523574545063,0.006723648112215466,0.006755813655229082,0.007427861403833666,0.027124912507883174,0.0824377645450999,0.6340148817142686,4.042712205393925e-05,1.6530222490278541e-19,1.4146652403100195e-14,2.103152381606278e-09,0.8459613534142263,6.973803156710054e-10,2.793075572133526e-08,0.001111064354152641,8.684911924692903e-06,9.805271768807718e-12,0.057854065308375634,0.0,6.460923133443019e-58,3.500823393840253e-164,1.6803641904119387e-199,2.0486689803843458e-145,7.799825272073759e-46,4.5704990556099116e-91,6.218084436208253e-73,1.2615986719857708e-83,6.179461495099549e-25,9.122120377929875e-67,4.7415572005916e-30,5.4713583098958714e-108,5.139570619566985e-38,3.241180769757471e-05,3.0015156896567523e-07,0.0003076825323612184,5.797473109783051e-07,1.0718648474838194e-05,5.2419912909864525e-05,0.0007233173547857458,0.0006742885500530932,0.00019376673488699897,0.00025624510483431267,0.0033471610766625717,0.004953703664736831,1.37563647391229e-06,0.0003281395989841572,0.0022107457218556222,0.01867424279946527,0.0008392549434559093,0.0054193232996984555,0.01660655590969741,0.08568301898293941,0.08131375167554634,0.007082709552634909,0.32335056158934233,0.006502077525615819,0.014844936835980134,0.9851678371410909,0.0022763062809479876,4.880611187053438e-07,0.43633303993436456,0.29924498331566407,0.9436159643323921,0.2718629577590045,4.641827137317268e-10,0.039566547306848054,5.392845153675734e-36,8.710290664371445e-13,2.2700735548641754e-87,0.0077653753081947975,1.7294513156194992e-28,0.8040659175539436,0.17421656774023692,0.12239485954877896,0.9614637463345194,0.0018633925904428703,0.00010876303435763858,2.1259056856093024e-23,1.198140563669098e-13,4.3902940825464086e-11
MATI_rolling_std_3,0.0026809388692578258,0.12107344688817583,0.0710842185305024,0.06251219719398214,0.0914652215030925,0.017472268423993624,6.717342188866401e-13,0.0017970607466364806,0.01550775986836912,0.5458828581684403,0.1831365675866942,0.00016665166472897572,0.015537308251042306,0.6932728171771778,0.0006480276549400952,0.021741735889564975,0.7164309002299694,7.799409848759288e-05,0.15557211908688248,4.054764376736023e-07,0.022808243739862295,0.6354396212117994,0.0006575248524799376,6.664651445345706e-05,1.829471486253757e-10,1.1387291232640644e-05,0.5529961795220049,0.0006909251267526538,0.01955717242542151,6.702391600276469e-05,0.0541508869542077,0.7025106090471626,0.0832076428371386,1.8990799706554256e-32,0.1382439683489242,0.08458449648458849,0.40117282314719005,2.320519960110076e-06,0.008859079716871233,0.005002981948888981,9.689159903772265e-07,0.02036833999638685,6.308957780347292e-05,0.007783402896848504,0.0015677363508212016,1.661516196845472e-05,0.9721625206046337,0.00035245857431208025,0.05821870126832517,0.8285437495199436,0.7028478801749319,0.002843711129347233,0.002762104286331551,0.018199561027124455,0.49846425890773643,0.9269569058805367,1.1453632524585522e-44,1.3412311885476467e-55,1.5987319685480185e-31,1.1261126068997819e-09,1.1305889390682034e-05,0.9456904266618255,0.17112380214752748,8.964185361603619e-07,0.0006376622217926751,0.10464685719968492,0.18892741255510243,0.015554748926492185,0.001317720890993161,0.00016792192806236081,0.007194465227791782,0.8145121265486843,0.9861725901818013,0.11430866351688099,6.790430417749661e-06,0.00011488990620577062,0.002528501020239193,0.7179146913847696,0.0017882264521388112,0.005163827208213467,0.0711179739303671,0.033157751696124775,1.1559907962739049e-05,0.9047874566551589,6.460923133443019e-58,0.0,2.3194024118588692e-15,4.79930013458302e-117,5.9965075270154496e-36,2.1677574294711658e-70,9.31592204176283e-12,2.6314263883232527e-45,1.6606508175443083e-24,1.113221771995246e-39,2.79240311768973e-10,4.092672555579404e-25,2.77203021335926e-27,2.519394098725352e-13,0.056835459249273385,1.7576486906705106e-06,0.00028113628924166634,1.3077065239801135e-06,0.00025962270448308064,0.0004289053229408715,1.8924590588432895e-06,7.182378335204162e-05,0.07624347895650208,0.00506368806690221,0.0008432335249995766,0.0003541177494192067,0.0009584549273444432,3.580647545628121e-05,0.0003723400546723733,0.002870089171689337,8.481111872568198e-05,0.03959069315925251,0.0014246797914788695,0.08451304968560126,0.01104739546079482,0.0449076568171467,0.018312086468799397,0.21844275611627462,0.22182696365108992,0.6217113289299716,0.008103390830405614,8.798559655661245e-05,0.8443592232913022,0.6986741465297559,0.6799725384462433,0.7558757636426577,2.635334864851326e-09,4.7107736271499764e-08,1.1189512982326984e-102,4.2611057713414975e-12,1.1632777621020642e-21,0.6810270814250775,7.56542240087001e-99,0.6423123804043804,0.707520761970854,0.5402627756146813,0.5460629435426553,0.0037612109816254615,0.0012467605053244047,4.15087494783061e-07,0.001968115180013778,0.0032616184883684255
MATI_rolling_min_3,0.04899487940087353,0.6533539437747254,0.7099885235469522,0.7927351720621653,0.8945032366428669,0.057540545140484615,5.8670115836218e-08,0.2578495405067998,0.8318420826988344,0.19495388843367176,0.9474230104183593,0.06377520823847035,0.6934036135341325,0.7048306127448767,0.0011273824191465013,0.04366739182644742,0.7190964524057902,0.00044158428159046223,0.2951940931717738,0.0012724612688190537,0.9325805781784214,0.6162770790621231,0.21079568467170967,0.29924685684794816,0.017924409477867383,3.866484699180475e-05,0.7085732903326519,0.004249726956593864,0.6409236975715872,0.04636712182234219,0.8457811642433635,0.038630822109154195,1.1648532642653582e-08,1.385204884359646e-105,0.636472163293033,1.4439602829998411e-08,6.970676285219526e-05,0.0012933113969043487,0.19276936565434094,2.771670753338861e-10,3.439801928645828e-05,0.16741382363572346,6.1000148998035595e-24,0.014159160601505662,2.814989986777546e-16,1.3252283975871844e-20,0.4186121195105829,9.995932784262489e-21,7.861547286059437e-09,0.010439852520491342,0.003732318437634621,1.3027091139949644e-09,1.5210862373028488e-08,6.660759739210114e-08,0.00202058622939177,0.015620416223413053,2.028197580710969e-99,3.428378071214836e-82,1.1505050338961291e-49,7.695640437730366e-22,1.8143947380595996e-07,0.01724546349261414,0.34237335970553884,0.007817521721516221,0.02609417940515465,0.05215937040688023,0.3794900404360889,0.08083375992306473,0.28043093740681635,0.4967931176912624,0.45393124978570976,0.0062500006105820904,0.2704783107480039,1.0156035909210801e-05,1.160762048763687e-19,1.7861550543632704e-15,4.5839687454912393e-10,0.6066314686310207,3.321382406605213e-10,3.7486783635891616e-09,0.000380444822507679,3.2644692656386294e-06,1.94837153217615e-11,0.016514025604927127,3.500823393840253e-164,2.3194024118588692e-15,0.0,8.614918763020164e-73,2.652127968570324e-119,8.109878938111631e-20,2.7304345424049803e-155,2.136759715552954e-40,2.7600275129512754e-81,2.463704687338354e-11,2.7499406272734017e-108,2.620912597739895e-16,7.673475331454632e-63,1.4211732797931797e-21,0.005740422154207816,0.003321766548325661,0.033345389506624044,0.00669734712462341,0.005503718931082067,0.01639569429866603,0.33223727941245773,0.2007702313904861,0.0008913996267798573,0.02653337271513634,0.2800402388244721,0.46782938028709403,4.783190190172489e-05,0.11842875419465572,0.30580366543035126,0.2705812224354908,0.251873967568224,0.04009123688512471,0.6953453543158575,0.23146718439870478,0.7197459174025281,0.050466306691976506,0.3864535865682444,0.0008071094172864645,0.012232633436805621,0.5194530968185976,0.030934214821469786,1.2440558290465234e-05,0.155474068924052,0.2484551708083533,0.8932297214954867,0.05460439447437032,1.7196554215715974e-07,0.08447175947725459,6.998977290031119e-11,2.888354045777034e-09,8.398971868948037e-66,0.025930970594976475,0.00019297483963408809,0.8998461589187466,0.05677903393616357,0.11342835715345426,0.4493346531363276,0.038393010485516854,0.0015174289673949865,9.76855540013424e-31,1.0019545347716504e-18,9.125205038235263e-15
MATI_rolling_max_3,0.00018104145306870826,0.19559974831984822,0.09357389756640193,0.07652485797191064,0.3920773548462496,0.00835451706352345,2.428543196297708e-13,0.01703168702498181,0.12403965738502622,0.7326118824619303,0.22759602483566693,0.00022678873224101135,0.016542690060304534,0.8760979775212094,2.090969551939368e-05,0.0003900880723631332,0.3560745304213717,2.8885425936173695e-07,0.266184806322113,3.0146809579779648e-09,0.05799896918962378,0.9765132077999309,0.00022698383848416339,0.0016370879470156143,1.1780053383546106e-08,1.3443541725208183e-07,0.4550666419593628,7.230335183560639e-05,0.1327231320273937,0.00020943890313373278,0.12389178129956033,0.46996464630010976,0.0009605780267197037,3.662297284238665e-92,0.02870800990438065,0.0010135499450794794,0.03899939218116572,1.931345823707581e-10,0.00038905033026722426,2.0583130142830427e-06,5.919392529455315e-12,0.0009516091078550432,4.465843544899908e-10,0.0013770616584924682,2.070901427821769e-08,4.2875291934269973e-13,0.7753438387261647,5.6422183060673676e-09,0.0003116535371261098,0.6083023227376791,0.14527142117308373,1.3901818444918314e-06,2.75497179361057e-06,3.898325465424266e-05,0.11783218574933231,0.3735970300156858,1.5714718893275643e-113,1.6953337708951647e-124,1.901155747436145e-58,7.663976033404358e-18,5.906441432363539e-07,0.5430098185430313,0.3475762162125671,9.115294279097867e-10,2.6249898364866207e-06,0.0025319836840143536,0.037965204507866966,0.0009507054347558908,6.302564751876593e-05,2.500205134555556e-05,0.0005610722581199852,0.4866941081405946,0.9615774264225434,0.0026529413265538367,1.4209624757324234e-13,4.2546140336700806e-10,8.659311070223809e-07,0.7982978580417395,2.0376148867110406e-07,8.905354649237847e-06,0.023735051565204016,0.00019829353307464667,5.9081920185858425e-09,0.23836645440337423,1.6803641904119387e-199,4.79930013458302e-117,8.614918763020164e-73,0.0,2.468285515636781e-96,3.00376019424642e-63,1.1278369823418558e-43,4.892014171976165e-84,3.288492126004532e-55,1.6321885942584143e-32,3.6027647003445015e-32,7.07754965587477e-36,8.162193857348867e-106,6.25419218530978e-42,4.0769714947173e-06,3.428006530134096e-10,2.4351077626398463e-06,2.364874113740221e-10,4.588000232907106e-07,7.753415756995547e-07,2.8718223109974957e-07,1.3345357995568467e-06,0.00042774500132308654,1.3667102923331275e-05,2.2920549326648443e-05,1.937072182362709e-05,1.752728416932864e-06,1.7884438160146734e-07,1.6090895446646316e-06,0.001235385831311861,2.5946777973327295e-07,0.0007586869190276124,2.3171794255968912e-05,0.04477075615795109,0.0005373228488297393,0.0009602186319693665,0.0044957940985645975,0.12046208752333386,0.017323963484181675,0.7578293699443565,0.0002493743566888042,4.124928592505115e-07,0.7732136083641132,0.44741384994412314,0.8471420354840535,0.6427866078890505,6.820953303833353e-07,0.002941310111283561,1.561403767080275e-63,3.2237374700234864e-11,1.8084691687643085e-79,0.12147475989449044,1.5143870746874979e-65,0.7348035977009252,0.5484890744247806,0.10184693585412558,0.734157617163827,0.0001333424611184306,3.090745458095892e-05,4.734692516909269e-13,3.3455734394312126e-07,3.759431585852846e-06
MATI_rolling_mean_7,0.06196035550921624,0.310573509670878,0.6366734703234251,0.09097490758631628,0.24956862907747418,0.5508858644733592,2.565815861365666e-10,0.238456932347534,0.8473128096966033,0.0001836984517303818,0.797933095729485,0.02433335381800522,0.13909598529525294,0.0062933996392819935,0.003175016304769112,6.472260976938875e-06,0.02560737945182271,0.00011600597295314905,0.38037518926641106,0.03999366395508055,0.0708678724984695,0.2996576532255073,0.9421780053740179,0.939426643586167,0.059697750017524295,0.00038521586662751737,0.7871366334610106,0.012295705641546088,0.09584422884410954,0.03513290278342985,0.2865522472298709,0.013332626375740758,1.207387038932105e-11,4.296024337079721e-64,0.5491431277938383,9.743330454250285e-12,6.492012797037614e-06,1.294948378758118e-05,0.013083637976232042,4.378922159321481e-14,4.2556547326670866e-07,0.40715800810685054,1.1489743409693678e-24,0.4117906995560465,1.7140669985162222e-23,3.0677167166062524e-29,0.4214750509502947,8.947865107878122e-25,4.703249943428553e-16,0.0008534153428641539,0.009414405312585795,1.3506188923677284e-13,5.290189109973898e-13,5.910103161109168e-12,3.4441680320338577e-06,0.05446092103688703,4.121567466694781e-94,1.3280485200108063e-116,8.301890482376817e-123,4.461969616015487e-61,4.529320484834524e-19,0.013230053612869936,0.5170248198663275,1.6158240546560372e-05,5.595749523119417e-05,0.0002335864970079124,0.3542688472159395,0.3221944762405292,0.6263317323683796,0.5314767910127048,0.6206033744297369,0.05789479999202347,0.032102087657292944,5.843226057129795e-07,3.1371045670964863e-24,3.635548082989093e-28,1.9392357665468635e-14,0.41909346968394495,3.3247468271927284e-15,5.185552677401372e-13,0.000411955853652758,5.385694356124434e-11,4.080033982193913e-19,0.003283902808559231,2.0486689803843458e-145,5.9965075270154496e-36,2.652127968570324e-119,2.468285515636781e-96,0.0,3.0958230636209036e-64,6.652907748385142e-129,7.685706587089484e-114,5.976228356276621e-174,3.1831533586834714e-42,9.602706897981732e-93,3.780878138760945e-48,1.2469515478239188e-51,1.1373714097061834e-41,4.603662356118864e-08,5.387782577211356e-06,0.10550567329601643,7.476562507540832e-05,5.565433224049742e-06,6.69422435629253e-06,0.006198331137145572,0.002454454178840789,4.3852549368956474e-05,5.7017665864668247e-05,0.0014276326886513934,0.029177982980033833,1.553634484413962e-05,0.311976469236769,0.5848240825812656,0.2894496682740172,0.12806868984039038,0.038147814565552954,0.5202837302479786,0.42567172899403316,0.5414429524360107,0.027499249962075055,0.5228885581752886,1.305957722223214e-05,0.03265276778819331,0.7601659539401183,0.21817407293722046,2.024239149695834e-05,0.2766942270589137,0.4752782755446023,0.6569504813382253,0.21479947832995727,8.431919662817943e-13,0.0051724373841270255,6.55556076243059e-26,2.289120470271087e-22,3.5684087654794467e-44,0.00047930140525847,2.6374522649333584e-13,0.9294904973717637,0.0696616901379411,0.49441698177457744,0.7165165659196548,0.2126427881185408,0.02413215584012926,4.040625931498748e-28,3.316388910483511e-22,9.530954033483026e-19
MATI_rolling_std_7,0.002746297628009439,0.05090362128007977,0.3780208847471655,0.0007626306960998981,4.54247808205732e-05,0.4697636149742863,1.5582620948250628e-11,0.9221692778013955,0.042088925549190186,0.06990160749249759,0.28109365031920375,0.00028531089763670487,0.5300803401847376,0.004188628136794234,0.0008309764206303169,7.286855186202409e-07,0.1227236213599837,2.562880469063481e-06,0.5003096912907375,0.07559743000386847,0.6417787153221683,0.7334391537959524,0.5508091790947739,0.09591603095861932,1.2951256090738578e-06,0.00012105124971805232,0.9922371979591958,0.008666282008668355,0.10134317630255446,0.10471586446682712,0.9385825802588664,0.3616339548468619,0.03007540197994735,3.727807786175233e-24,0.011424317903301381,0.025465280330410976,0.35993310544075025,2.761826550176542e-08,4.4058159027325946e-05,0.0025177265668308887,3.2971004047590594e-09,0.37145869749649385,0.0005934865734619946,0.7415221784153876,2.0871388548403003e-05,7.507877708019907e-08,0.987863286891984,0.00045744400199255466,0.0006850972538897584,0.7216766318536293,0.858967583421307,0.000988709068488243,0.0004023038456231932,0.0010536100005448612,0.0357387934664155,0.6270014510017978,2.1147009408162236e-37,4.011288799324856e-45,7.97651777648583e-50,7.081471304738667e-35,7.341324543696804e-14,0.6762262390440673,0.16075864644649662,1.4223500642279538e-09,4.963386064553161e-08,1.3981303776651938e-06,0.03632533605367817,0.11257571701094848,0.06660506270290864,0.003801893577843512,0.007969764746519852,0.04101882743349508,0.9332331320634462,0.056066755147515926,9.57210819227935e-06,6.568882269610513e-09,0.0007237782346638421,0.51316497126638,0.00011339316262291712,0.0029041729515761434,0.6422588126411167,0.00045598904534874745,6.991291131132542e-07,0.5389544623260194,7.799825272073759e-46,2.1677574294711658e-70,8.109878938111631e-20,3.00376019424642e-63,3.0958230636209036e-64,0.0,1.085713464076106e-13,2.1929310729452602e-168,1.4202704075200942e-40,6.700387647017122e-110,1.714459847845655e-10,1.7552547279416524e-67,6.062268872730143e-24,2.410717209691056e-30,5.876065840520442e-07,8.291460832295865e-10,0.0050916145269505764,6.887504015616404e-09,8.64790678320761e-08,1.3421359130136366e-09,1.2260677676965165e-10,1.4719705065206263e-09,0.0015359815287197018,2.1216791839272451e-07,4.709549812653425e-09,7.163949790057952e-08,8.34602021674561e-06,0.014458824547824161,0.004297166922174542,0.14139504433907193,4.540932166202067e-05,0.0030561848503763704,8.818053941716451e-05,0.6123296254936431,0.00015568614501770627,0.0029067269906260657,0.001195387747322521,0.01364142213686833,0.5427055619931412,0.8520356682091108,0.20537853928941519,0.015406988621788308,0.638941837978702,0.9904176386016965,0.7556642422436759,0.3255271343256076,2.344902651972989e-09,3.3073189974232756e-05,6.713946969538049e-59,4.0351528370673144e-11,8.90239201376384e-17,0.6110465065982584,2.203927998934958e-31,0.6190383724181963,0.41097711692092376,0.9236854590923088,0.8173921991666138,0.04945849267338837,0.1456325327792628,0.00012572288086292374,0.0007866504715633045,0.0008460724976200058
MATI_rolling_min_7,0.4789541677775956,0.8609394581935134,0.7416559794003068,0.7474427339748756,0.7141016316613267,0.5536715433496437,1.111634838549442e-07,0.6921975441645433,0.4686650528518583,0.0019903703472611257,0.8737828488805395,0.18430850741879293,0.043310783995175905,0.22719626270906584,0.010783757690759186,0.014474748262885273,0.31832368912902,0.006027144268113716,0.6569926083977153,0.12701829557804045,0.09247196615476092,0.2627214008095839,0.8519486085569065,0.9565067076275222,0.41277402321559215,0.010833493390689513,0.6551397630850527,0.11017887948124266,0.05133963284563706,0.03796163992313097,0.2669016683784347,0.0041308805349273975,3.14447894538286e-17,1.973120760015054e-59,0.000989438520328555,3.9650347105150336e-17,1.2920118498878018e-09,0.5541343070769914,0.31585960647158134,9.755694640915816e-17,0.11123528378685917,0.6180553198619942,1.731432265451909e-41,0.1700742928416815,5.9642744394285015e-30,3.482601097562946e-33,0.405781184237557,1.5444042663305032e-38,7.487996736524859e-19,4.388739227788365e-06,5.101432848126021e-05,2.484580723421873e-15,6.721869024001987e-14,5.289732035722523e-13,1.2802291188964344e-07,0.0006876122933979162,2.2441356141722473e-62,1.2171781423351168e-62,3.7013464654990462e-62,3.6797168112619886e-37,3.2948740574521743e-12,5.155997884219759e-06,0.0038712565632512594,0.7556465391168998,0.7378731021439328,0.7316987852290268,0.40803394837172663,0.6968666175702037,0.1138674604338279,0.04917520656712626,0.05369040327984875,9.143523984524518e-05,0.0009630726633601691,5.668147949672877e-08,8.546137216482771e-26,1.7244794353929528e-27,2.389163390510722e-16,0.05672706687838708,7.185146858265629e-16,1.121503400388873e-15,2.810471611245166e-06,5.271626818340859e-11,1.5269509263312257e-18,0.00014638139315418337,4.5704990556099116e-91,9.31592204176283e-12,2.7304345424049803e-155,1.1278369823418558e-43,6.652907748385142e-129,1.085713464076106e-13,0.0,2.308881785219353e-32,1.3295847877718572e-111,3.1079975894228565e-09,1.0908728886288009e-212,1.4341908347191376e-13,5.110817078993937e-27,1.4804753760522743e-09,0.4283083397529268,0.64207570364215,0.8533436653861194,0.9459573555745723,0.3784486995946197,0.6268257207348594,0.3328370655959402,0.2775297728962721,0.041087385449719495,0.7449997959398509,0.6921968153809819,0.08410217379717538,0.016423199117847204,0.11877639210328342,0.0171129179277484,0.7550879450710226,0.0462879414779816,0.42986509484702884,0.005137187326159231,0.8802531713241466,0.0010661213066574299,0.3346554353148835,0.00015283868216447877,1.1027559484216724e-07,0.01755439037872285,0.43342938863258956,0.5231150506993494,2.8107662123560072e-05,0.05994724972811853,0.2625970461151653,0.2155547625368976,0.021618694831399825,2.2285659095589883e-09,0.012265622679427058,7.619062724819862e-08,1.0154907914731625e-14,2.0504424677548248e-33,0.00896182450978574,0.06343998904156913,0.7244020326346775,0.0007060197674319457,0.43045344285215154,0.36542539266155516,0.7865493673470361,0.04354337997474887,7.292863415161967e-50,1.6403023218696723e-35,1.2599523617126346e-28
MATI_rolling_max_7,0.00016875160109033291,0.12922243922964063,0.384672682784475,0.00010666758501316629,0.0005739215991606152,0.5061042989532051,1.7976326447029917e-11,0.8113685799942967,0.3208634913037682,0.004808826939449224,0.13391455556233353,4.193835949461697e-05,0.6515989548133029,0.00909481566225487,0.00021246840794503095,6.510935956717902e-10,0.041815747604020896,2.8873197518977914e-08,0.4096347397824886,0.0072714859046708715,0.3443205511799922,0.8488334522978509,0.25935914911981744,0.21640837876555324,2.3643410509877837e-05,3.388373961677639e-05,0.6163803119940845,0.010675499272830114,0.7864757166080133,0.23939061373212722,0.7422753699940235,0.5352894671924461,0.00556554677861983,3.1606806151350107e-41,0.00041848281297636583,0.004303885057010149,0.1774118968044214,1.1950871668336948e-12,1.6033787235832387e-07,6.698558156791582e-05,1.6299985281033676e-14,0.08711700691223105,2.684083799814196e-05,0.6271420060390586,1.8234339345897775e-07,2.2638038153193595e-11,0.3519649312528768,1.547081612265765e-05,1.743136514162687e-05,0.6424339321940807,0.8750390455365832,2.8883495426905085e-05,1.170488167708522e-05,3.663930831367526e-05,0.01012341460623428,0.774656615605968,2.586359315146508e-53,5.190986414714301e-61,8.45353098819638e-68,9.693937177697689e-46,3.162381471323412e-14,0.5949152826929947,0.21831691876732812,5.476875866662301e-14,4.638215747372904e-12,3.8471602935271275e-10,0.0038118158297540516,0.024212854651098074,0.01209952121801792,0.0004782507539181255,0.0008007016563408345,0.03655777197475033,0.90914153157099,0.02497779915958265,3.215437515145438e-08,8.045638795566998e-13,1.568916742268295e-05,0.20136342221630024,7.284138757341917e-07,0.00017961563507548606,0.9357805327131725,4.790012939056256e-06,5.006384543975001e-08,0.25858520209500435,6.218084436208253e-73,2.6314263883232527e-45,2.136759715552954e-40,4.892014171976165e-84,7.685706587089484e-114,2.1929310729452602e-168,2.308881785219353e-32,0.0,3.741543029175001e-64,1.6156822339992636e-78,4.549378929858269e-22,1.619303007172412e-86,1.1653664930425231e-52,2.4755478635790695e-64,2.0294952756345708e-15,6.4978755443482705e-15,6.836798440594735e-05,8.628531700495552e-14,9.308144147686136e-12,5.099909591258539e-15,4.7792572432816735e-14,1.0823714206227936e-13,5.2214315158905075e-06,3.5410650203246467e-12,4.916198016849505e-14,3.4678387942714314e-11,3.4504981060827107e-07,0.000616937265874148,7.166691861227381e-05,0.06137682785459635,5.301941075105394e-08,2.0200494128662378e-05,2.2497191028184047e-07,0.5335360403973091,4.714360348063206e-07,1.0054213162445832e-05,3.03358241664822e-05,0.016186314443557604,0.19691262853620745,0.6899715564180893,0.02103052520168638,0.001590404326249302,0.8899252648275218,0.8962914709785107,0.38330953172205506,0.5930455557301282,1.5310685717811015e-05,0.04355860991441855,7.509410307101283e-39,3.9835840039635484e-09,1.463079173160449e-37,0.05293954228674891,3.7586325317312775e-29,0.7022492223827957,0.40360340299809105,0.6364438209122756,0.6943663182871828,0.0045860151373826276,0.043793210742419285,8.464293693778878e-06,5.044566103270965e-05,0.00014101202659548825
MATI_rolling_mean_14,0.8353014062194889,0.3258240019421198,0.11621979480539524,0.27758500161800137,0.38777834255958116,0.00580137459472843,8.210613296320433e-05,0.0008382699900069612,0.07435762554824554,6.8008845296916e-08,0.2276790483176402,0.5836788335597267,3.1741809710493485e-05,8.22987676534022e-05,0.9545172483340268,0.0008184819734467354,0.0007155211663893605,0.220266233367716,0.2982456336681908,0.8784176563829595,0.0032024815035217886,0.15387955255481423,0.050441247585170955,0.054493108462865626,0.9987722177984426,0.0693055756902079,0.29831322301134233,0.2794262853029392,8.889102849754154e-05,0.35969735140606524,0.001440744217574458,0.001130710228673282,1.1045320817103348e-20,1.424979814019992e-40,0.3959296372358843,1.0868693780739628e-20,5.017120809263035e-12,0.03681922080148236,0.36730213887088387,4.7193191342779064e-23,0.0008560228236449524,0.5626001355461034,6.913665160676574e-32,0.2957876287575498,8.922927525753814e-31,1.046642024497917e-34,0.08474160811947101,1.3708754898060761e-34,2.7691707434624164e-25,4.084986646582244e-12,1.8619004640576e-06,1.1593024174367667e-22,4.407785562737093e-21,4.228286268592402e-19,1.0658423639065597e-13,0.00013297877829006446,1.525976558496755e-60,4.101235281241492e-78,2.4337341821984655e-88,9.520841063619702e-94,1.1018571916470153e-48,0.004322655605615616,0.008897540621730522,0.02945214774036338,0.027571981154569443,0.028662408582890604,0.1666525383985525,0.4119716290234591,0.9455907599082786,0.5128850013917383,0.14249678850849454,0.0017523378362495061,4.3828832594051293e-07,3.732926168594434e-08,1.517258289756631e-24,9.466594039930004e-37,8.255557982286668e-24,0.05011756928915694,3.893515944137716e-24,8.041435057230492e-22,3.76586229275852e-06,7.10433369904709e-19,1.6804307340766765e-23,6.644469521934253e-08,1.2615986719857708e-83,1.6606508175443083e-24,2.7600275129512754e-81,3.288492126004532e-55,5.976228356276621e-174,1.4202704075200942e-40,1.3295847877718572e-111,3.741543029175001e-64,0.0,5.883947388299788e-52,5.327694318758321e-109,1.5336652581902714e-60,3.3231759052149883e-26,7.677062693254234e-18,2.4940705004903314e-06,0.02212681831628442,0.8757564882927501,0.11506872798821059,0.00592783900671639,0.004412195196033099,0.8628768366327176,0.3099424608484334,6.567733124535615e-05,0.00268368380831653,0.13395278052072396,0.6972068658966488,0.0013098572945585976,0.9047551543765763,0.2710949194109174,0.24462062412136415,0.5744341704959324,0.8724998531458907,0.06170061010998903,0.1848108463778867,0.2028594658222523,0.6395475223358156,0.0026930084922316927,2.9034709163893426e-08,0.04835075228198028,0.6680625042269311,0.8814786849765831,7.32797983680392e-05,0.28288941715254157,0.32250579737903057,0.10019476736643122,0.11342520375613267,3.959415261339012e-13,0.0014288722654580937,4.3207574409956437e-16,6.0320016106157326e-24,3.310843039261741e-25,0.0008268951081903128,7.264548772687989e-06,0.9506309439550423,0.0026079512917219945,0.9424305845275026,0.6569692223998554,0.8399461817303489,0.18280798562745132,1.1076967020524303e-32,1.196551711258297e-32,2.098261630069864e-29
MATI_rolling_std_14,0.43024876160403014,0.08980111096642755,0.21729551065184077,0.004148776285622592,0.04929912546381424,0.005545714781267845,3.4396085550245355e-05,0.03883651854077264,0.8495262179448546,0.00012170691986769623,0.7744255552330216,0.20919594643324818,0.06705213057360838,4.06617188426232e-06,0.9361551137014459,0.0007984416124372611,0.10790193713350732,0.020529334910167327,0.3148098940253944,0.548184194940134,0.015027722870935928,0.19917573431288665,0.07691184274161926,0.18509643337256526,0.06500670176061685,0.017313239161447377,0.9625719335469777,0.18825993345872571,0.17646283353478037,0.4658277833769287,0.003888944675002933,0.6196079201341235,0.0026475376967091844,8.495649470384256e-12,0.0017391515222071148,0.002503376831134698,0.03095869775029797,3.348610955809231e-05,4.3770190953524066e-05,0.00012585116618180628,1.2773915895144172e-07,0.2104009479492547,0.006574812076280003,0.03665576105838976,0.0008467585254176091,5.4736414032033754e-05,0.09101739075699417,0.0012312352984952244,0.00025550522114294586,0.002927733352008213,0.1612918846559687,3.109314003039972e-05,2.1966597894566203e-05,6.789499574628698e-05,5.623144586877761e-05,0.3516751432344306,8.272607806656032e-21,1.0759533825154505e-28,1.924881936689592e-33,7.686846000154798e-49,2.6579470921142267e-42,0.6483847464390923,0.8411438309753602,2.9658434827266295e-07,1.3917025102760028e-07,9.883019582750584e-08,8.127256685772722e-07,0.7366399458613743,0.048212427327745076,0.02886123589951965,0.13429344535272372,0.033550390206662235,0.03861446861022639,0.18948659547436195,0.010305158592421544,2.981365956297829e-08,2.6855591917256444e-05,0.4005870379218042,1.0190208531899675e-05,6.965772183986585e-05,0.34715301084856165,4.591803929816833e-06,1.6412548868384934e-05,0.011305664075797268,6.179461495099549e-25,1.113221771995246e-39,2.463704687338354e-11,1.6321885942584143e-32,3.1831533586834714e-42,6.700387647017122e-110,3.1079975894228565e-09,1.6156822339992636e-78,5.883947388299788e-52,0.0,2.165673656816841e-06,6.148122058777122e-172,5.6811355439865274e-11,7.180908721923273e-21,2.594552881914181e-15,2.3356853655046035e-07,0.6945417440629257,1.324778451898952e-05,1.5466701602764752e-07,5.022641550417749e-10,0.0002544833780903988,2.426928680540007e-07,3.7232815361651454e-07,1.3346488792244461e-09,7.678610851935636e-08,9.430346513790726e-07,2.6448515647348678e-05,0.018228204298355897,0.1184639265335108,0.010218743639214179,0.002417096635604671,0.981614653790573,0.04201962894863303,0.021919380540922007,0.0008358411048932627,0.4688191180923135,0.08423359118709944,0.0033750298802847733,0.6829554055767828,0.9073915625915532,0.8144934052338891,0.4686296174323682,0.5468878626214185,0.8810216908818032,0.1465885274531233,0.49333124362501635,1.7265820570654196e-08,3.879446366625686e-05,7.406882315201613e-33,3.188531862613555e-11,2.751822376985366e-07,0.5749314605774585,1.5461602330480812e-15,0.6328710165826569,0.47300475686043214,0.2040971641030602,0.8279446926339203,0.9195563882726937,0.6361943126783531,0.00832054786380257,0.0006796370949262487,0.00015735291072850027
MATI_rolling_min_14,0.8757635638442081,0.7631551081672904,0.9911683434302687,0.9008942261243426,0.17919043388575812,0.6437878913675686,4.4329655820935585e-05,0.14630828575465338,0.24416417983297867,0.00018151480082334546,0.3351747724059808,0.35987400261440466,0.003123771209135151,0.11847630018421207,0.10605550028394387,0.010622265157737284,0.021521339513467463,0.22075556748783087,0.8154193939635552,0.409838725804791,0.05398907515576699,0.07907839420290604,0.5696960218788983,0.7968574234290807,0.6392283114661232,0.07230982288131205,0.08973172984456161,0.2978294627258117,0.015738678256619225,0.02766999796208374,0.1264383670204237,0.0005661481953067989,2.9740418928275315e-28,2.6488661008530745e-44,1.0155574283050857e-09,3.9443377381427177e-28,3.408363067252167e-16,0.10964350154244426,0.001203688332073461,1.5949383813575728e-26,0.8654122130601976,0.3655945352494018,2.5291007639722366e-58,0.4272626603872577,7.501297841609457e-45,7.938053106989831e-47,0.6127871852538267,3.101041593432306e-56,4.775781501080119e-31,1.1696538032800964e-12,2.5466419213434842e-08,1.1572062462591433e-24,3.603229370533235e-22,2.8355912615905856e-20,2.076258816851647e-13,2.9344687467524854e-06,3.699372700018015e-48,1.7032801157612906e-49,7.143210945423173e-50,1.8270992490822966e-39,1.2954313173182586e-19,2.852675837471458e-10,1.9056489839291598e-05,0.04739051581651731,0.04072466523240515,0.038894181569047365,0.019421231769644273,0.058990072850794203,0.022960907196988237,0.0020061924696060485,0.0003128615286635019,1.5264324946517534e-08,2.720123880549798e-08,8.237886672530052e-10,7.987944398548498e-32,6.255478327505569e-38,3.2860023036721725e-26,0.018046974377486685,1.1504205694567094e-25,1.0136062283769868e-24,1.072700507765886e-08,9.365174396295095e-18,5.370741842995101e-26,4.222799228079295e-08,9.122120377929875e-67,2.79240311768973e-10,2.7499406272734017e-108,3.6027647003445015e-32,9.602706897981732e-93,1.714459847845655e-10,1.0908728886288009e-212,4.549378929858269e-22,5.327694318758321e-109,2.165673656816841e-06,0.0,2.073020704846436e-09,2.300630822409001e-16,0.01901773235153965,0.004047051391821478,0.04690506498703837,0.9557518511935436,0.04116862340223147,0.08674573741971478,0.0455728165007534,0.15296193007890171,0.004388783174943244,0.6674358706868865,0.07304029661940015,0.07516539653589975,0.000616447211311959,0.32673132488078416,0.012187255709034964,0.0005421626619718165,0.4579182411415738,9.682364923464249e-05,0.9711796768736896,2.451958470295068e-06,0.674173601724136,9.71818957309382e-08,0.7955270674703442,1.245548998137483e-08,9.62315945866771e-10,0.008320661919305538,0.47484555074132884,0.5574306918226682,2.3147360580138877e-06,0.04690937457289541,0.18170729893137474,0.12745691598823614,0.009276624625650112,7.149092749917869e-10,0.008311438645927387,1.7075019208274239e-06,1.2336072626997e-15,5.393237400648837e-23,0.008090386472585729,0.290305243146706,0.7295998050162775,0.00010985550828257634,0.49218470490726524,0.37864739371346096,0.8621126409577461,0.048115997712169484,5.850499151949611e-65,4.05088257398016e-52,6.2309787223420675e-43
MATI_rolling_max_14,0.06065215044418617,0.47017303963036616,0.6765018856762698,2.858472740473723e-05,0.05725254551046473,0.011386174504316553,6.943199493208231e-05,0.16851137912451536,0.7997814590317914,1.0547337430360528e-05,0.2775325131259257,0.014088014865159218,0.16861529510986903,0.00014013966458877839,0.6116327439959844,2.3293933563496727e-06,0.12085371555029048,0.0006195775203926492,0.4569346768561671,0.557825426461078,0.0205094417813634,0.028137384251035284,0.4309387161748711,0.24269151130666428,0.0441329131092326,0.004894187733759007,0.19680545639148278,0.19632108664268483,0.03893727508601837,0.23028384845542924,0.11186333702781891,0.09524057601350941,0.050587178210991145,1.2766991540144905e-17,1.0911579358107737e-07,0.04829135113700339,0.276103828594496,2.6360593431867083e-08,1.4165046172094294e-10,0.0011241833995017142,1.5404210330073074e-14,0.03337065109499642,0.09608024451763644,0.031140142518676344,0.012347401289481894,0.00033742304771795204,0.9763116576482358,0.025112035787533307,0.0061259069487128405,0.03665242245722703,0.5803016008750504,0.0003297685361389011,0.0002911628728617852,0.0009082990803437053,0.0005960197986481036,0.978288798763971,3.815311166659001e-23,3.710715108186706e-28,7.102553039485288e-31,5.1811370341358804e-45,3.876828337497746e-41,0.05336706375155648,0.5239432036918014,1.5838089502535928e-11,4.0159078771345016e-12,9.523349485825427e-13,1.4033897977149524e-13,0.1233173964973984,0.0021157579259042016,0.001275851528342597,0.01318797048760581,0.00026509124150382086,0.17201228641537591,0.7866041031370254,0.21106583491811146,1.6533318342938236e-06,0.00032309790201355006,0.32990920628901604,3.5469607918930895e-05,0.0017970728022307465,0.19888598109531688,7.159556957352036e-06,0.004275408871127965,0.026787204946481423,4.7415572005916e-30,4.092672555579404e-25,2.620912597739895e-16,7.07754965587477e-36,3.780878138760945e-48,1.7552547279416524e-67,1.4341908347191376e-13,1.619303007172412e-86,1.5336652581902714e-60,6.148122058777122e-172,2.073020704846436e-09,0.0,9.168051085190867e-23,5.225975393938122e-38,6.011263280209503e-31,5.255081554636227e-12,0.022468141743853785,3.183713550711007e-10,8.927116054687564e-11,1.0540780432532942e-17,8.99620965101871e-10,2.0211243290099587e-14,1.904072521419122e-10,3.2370414967591957e-18,2.7286363785896512e-17,3.3951997620710316e-14,3.7098447744446686e-06,0.0002027356260759355,0.00019378343194135987,0.00937214895485374,8.327969148366847e-07,0.020185431991105944,9.572117274336137e-06,0.07101448706868252,1.541829987839628e-08,0.0009537938562512402,2.601093807901593e-05,0.09066168766848007,0.6985156224259087,0.5468723408002159,0.169860591610085,0.505927927469266,0.5630351123509012,0.7250525933467581,0.8248858639234286,0.6049842170707116,0.0009110295627544033,0.09232793720644575,1.0808751192451934e-20,2.0598688893994723e-06,5.338230977314612e-16,0.1256451971814642,8.058009163349816e-17,0.5808912690262434,0.5365963546502014,0.2654010525538718,0.5056802786018443,0.1733719958850807,0.7223946902277926,0.06720466538769189,0.023218660937019523,0.014573288721250972
JML_DEPLESI_rolling_std_3,0.0003991374160912137,0.22573611247429548,0.07806731200667616,0.12704888476017667,0.59174866968108,0.006051356447359712,6.687259436647412e-05,0.19731540479660734,0.9893499588917829,0.4091607796217977,0.316091484810292,0.08459054616647065,0.015839154491120576,0.17036598747188764,0.0008994997407182579,0.0006799020805608229,0.3780733935492938,3.46025335161338e-07,0.0707005733445487,1.9575899583879936e-09,0.01949084883550229,0.8916890865333448,0.0007912239861332679,0.0018526604400323937,1.4165984505834324e-05,8.635902712036808e-08,0.05075151343509408,0.004478959682185684,0.13199120153622731,0.012230290263079747,0.20592724368750595,0.4545901685695228,0.13679981649191927,4.353974238444987e-106,5.008936821258063e-05,0.1348155259435406,0.3218168170500144,1.0283884793394012e-13,8.248620220416842e-06,0.0015640969134631411,1.2241466825171991e-14,1.0466036216591408e-05,0.0019302494163634181,0.0033047846651879285,0.0014544405130576619,7.952101784638497e-07,0.39177365177636225,0.0067316947663892505,0.09805712219814888,0.5773581839090872,0.227459961235561,0.0005506010804734467,0.0011624847327647075,0.009377506691839881,0.5265130337355504,0.3684996154936814,2.9016008706917286e-90,1.4185408036593412e-37,1.0064584116199982e-23,1.95162910477203e-07,0.0288194872292821,0.6659519626551367,0.18674804054159544,8.653110359161587e-12,4.5266905590742783e-07,0.0003624782544124081,0.00386679428504573,4.370426295953218e-06,3.980036542357751e-09,2.032455376005283e-08,1.9646019488024734e-05,0.4732663041916485,0.06534248139757111,0.04330438134776193,3.4551870767331624e-07,0.0001815348275547828,0.000680340785360014,0.18977183799307537,0.00015057184671019125,0.004736830548589984,0.40450148517741935,0.01410859953886487,0.0012466326615572596,0.3855223921850371,5.4713583098958714e-108,2.77203021335926e-27,7.673475331454632e-63,8.162193857348867e-106,1.2469515478239188e-51,6.062268872730143e-24,5.110817078993937e-27,1.1653664930425231e-52,3.3231759052149883e-26,5.6811355439865274e-11,2.300630822409001e-16,9.168051085190867e-23,0.0,1.8565628314364334e-59,4.525618227528054e-12,1.6502347859384258e-12,1.3302992109874972e-09,7.461618452223955e-14,6.982002271889296e-08,7.6681201353943e-09,4.4827914975810194e-08,4.720751122849654e-09,2.425690421618654e-05,3.539878491449352e-08,8.631122785527977e-07,5.356433352854813e-08,8.381359888315633e-07,1.006800111240087e-12,4.368804679238966e-12,5.678613984499772e-05,3.492863535378138e-11,2.454845326248892e-05,1.9206248994591925e-09,0.05135732983590038,6.772929010719729e-08,2.9173924442134313e-05,3.4606194359790793e-06,0.9895821376617154,0.010758019885183573,0.40192307701380825,3.4843324591658406e-07,1.151654243889971e-06,0.7191404285180133,0.3772262752232149,0.18766707610915045,0.8638477420456525,0.45255825796525945,4.080069020793525e-05,3.234168680993356e-20,0.032587529528171705,2.820650935496244e-145,0.025879660530438702,7.254568867214413e-36,0.5142261202391761,0.7821533565679634,0.014797043020907704,0.4268477639076611,1.0690018217203865e-07,1.698510279615929e-06,0.0016581598352980434,0.027519543036934428,0.07464485769658967
JML_DEPLESI_rolling_std_7,2.2514606372578595e-06,0.7118451839545387,0.9413542343431412,0.000748219850833393,0.014828008372205388,0.9619784826045745,0.001064321017912236,0.47926886047481854,0.4217186648162305,0.1544022006407519,0.012054127143417016,9.42693342908899e-05,0.0017806625646870171,0.1409018854762579,0.011977673793465017,1.0162558739016538e-05,0.3859236312864736,4.064052633706575e-06,0.04097293115858662,2.4932885177201e-05,0.8938852446729072,0.2694502524879796,0.11898725269303229,0.8854817383873008,0.014724585380086915,7.634746850951717e-05,0.00603303705592291,0.0029688981823942978,0.5695047417439257,0.8663927835293921,0.021902180849294364,0.267680545778316,0.00043562883724695034,5.56575560801062e-22,1.2869454377931119e-28,0.0006474012172413996,0.0006531663385307782,2.8691908096881057e-25,5.0413565976675794e-23,0.09225680568361175,3.10702944933758e-27,0.00034673411283760505,0.0002176903561416966,0.19042082496527352,0.004267124008841314,0.3167806249440405,0.06999959932288938,7.437533083616343e-05,0.04126023157972656,5.995779710736403e-05,0.00582966082563288,0.19932929113886938,0.38126567678457274,0.5192003693879277,0.02002314642440984,0.004126966263141017,4.910412367580975e-28,1.498696618298731e-31,9.982933072187612e-29,1.4045068228750969e-06,0.5006866076612316,2.662337873092446e-06,4.097625056902061e-06,2.4326880825244753e-31,1.703504877167904e-31,1.0938642416231789e-27,7.263315134755713e-08,1.0873883092839869e-07,1.9265138067618672e-08,1.541109256493795e-12,4.3813654563996877e-16,1.3059094001722186e-05,3.261324538967778e-05,0.011167332016021173,0.9048299985855603,0.9237487585416144,0.18225352097147318,5.3918611148488094e-05,0.6285030321186577,0.04672722129659882,1.3250913983958226e-05,0.968643847789726,0.4179124399711439,0.05448597768311993,5.139570619566985e-38,2.519394098725352e-13,1.4211732797931797e-21,6.25419218530978e-42,1.1373714097061834e-41,2.410717209691056e-30,1.4804753760522743e-09,2.4755478635790695e-64,7.677062693254234e-18,7.180908721923273e-21,0.01901773235153965,5.225975393938122e-38,1.8565628314364334e-59,0.0,1.491746958183109e-70,3.9735672395482305e-34,3.118603946763955e-07,1.0461261500099266e-31,8.079992384246896e-28,2.1522113946964857e-33,9.277038761717182e-19,7.481193830297381e-29,9.575838770708166e-14,4.5072355081413463e-29,7.998593258979706e-23,3.940005532921159e-26,6.845644321625394e-08,1.392953210193231e-12,4.0270773567966625e-17,0.002107218646848257,6.013353679039411e-27,1.589031052121423e-09,1.1554190812032607e-25,0.16567269515669747,3.398757078555495e-26,3.352893743060095e-09,9.62000209493108e-19,0.08564091566717723,0.3823565368310291,0.3158345980592608,6.399341519036628e-05,0.6403038948058687,0.25127356551001745,0.6713103864924559,0.0006176044935560979,0.08419369156614083,0.09843761134385888,0.0766677272581511,2.5024090718008137e-13,0.0016933894845901178,2.9664553900468415e-29,0.0003190906239272321,2.768839954749527e-23,0.5348688987189654,0.00011627113891690151,0.6372874452595153,0.28111113418040146,1.44189610256483e-05,0.9234693470992104,8.807042600679648e-05,5.3062400007505995e-05,5.826332292887985e-05
JML_DEPLESI_rolling_std_14,0.00011098247815089757,0.3441740591992409,0.9749602094593465,3.9586905080723486e-08,3.860892820943642e-05,0.9068434278141685,0.21619038768077145,0.008790009351586863,0.09386299091161401,0.863409437873468,0.0005167110209064276,2.055233056467998e-05,0.02121181453487311,0.4361307981735271,0.17805274961795656,0.005615688004913945,0.0030620549326463094,7.307240951489641e-07,0.3457239002468387,0.002817258095131511,0.5168802561276956,4.3344040258508396e-06,0.19355321111257398,0.9277325563736778,0.23238440110654074,0.03199261987147482,1.7568811686256566e-10,0.11083246003093239,0.566891538207907,0.34241487950536376,6.765720274996733e-05,8.924878013940024e-06,1.2558694520254656e-29,0.001364165860703485,5.390098288511429e-96,1.6267556827994762e-29,1.8893153537354016e-25,5.199844527060588e-25,1.5280432989258168e-55,5.395941775212083e-19,3.5448823953342075e-29,0.0016386963147982066,2.674513518199284e-30,0.43264044071613467,4.366455401521245e-27,1.0897924274640017e-18,0.01197236552415434,2.2594437710680774e-30,6.80506499567661e-27,4.275472467999438e-19,2.829189677323965e-16,2.6467689774830214e-19,1.9358183713139483e-18,4.961532889017712e-18,2.1251111699552242e-14,7.227422945064507e-15,0.0006591742980824683,0.0001525941749374408,0.0003121085750897903,0.019168632856260324,0.1261876898781078,3.7857003235272677e-47,4.439483596472947e-19,6.258624877370852e-31,7.594692031580937e-35,1.073401920747556e-37,1.1459446494754883e-33,1.821144485338192e-12,1.0679551789756604e-05,8.970958611860978e-08,1.5675291199685953e-09,2.1666181780321367e-25,3.625951054169695e-16,1.1012820807298338e-07,3.999721974028242e-17,1.1455828662664018e-16,3.583998403623099e-20,1.7898102154468353e-12,4.823209866960816e-16,9.797107425165366e-23,1.6127808135182413e-21,1.7185448458195423e-11,2.4474195898461196e-20,3.5360800183331453e-10,3.241180769757471e-05,0.056835459249273385,0.005740422154207816,4.0769714947173e-06,4.603662356118864e-08,5.876065840520442e-07,0.4283083397529268,2.0294952756345708e-15,2.4940705004903314e-06,2.594552881914181e-15,0.004047051391821478,6.011263280209503e-31,4.525618227528054e-12,1.491746958183109e-70,0.0,1.1600797314691342e-34,0.0007161899144429483,6.921381679442542e-30,2.686882071683875e-32,9.136559334528061e-49,1.471899567559386e-13,3.257466188430905e-38,1.5117087177115647e-29,1.6340370189929662e-49,2.6175701734935947e-35,5.0787813083779345e-43,2.343302649173352e-05,2.799012306135399e-08,2.698949575125458e-19,0.8357855782247955,2.6157931364443597e-20,1.1862937029725615e-15,2.5213458352915863e-33,0.2346486260261824,1.1928647920067056e-36,4.510165116145435e-18,1.234267847786511e-37,1.6215078531651343e-09,0.030702178787958403,0.6884658951301244,0.0021973202156695673,0.001360735456902143,0.5760052241512027,0.3423076099767851,7.772291178679149e-12,0.4888404890908285,0.7649201362786491,0.14986367355229324,0.05930785746832657,0.739193672698466,1.5512688725236035e-05,0.1366536486939682,0.00012553477293814267,0.7273557716511442,3.2904608125147014e-13,0.4573789157960829,0.5453179909396408,0.001015633024579315,0.276200232179201,1.685760797921043e-20,1.7337811328717192e-30,1.385567947318338e-30
DELTA_PAKAN_GR/EKOR_rolling_mean_3,1.0727841800856887e-05,0.013459019374992772,8.0195426731459e-05,1.7179967059018258e-10,0.1997003840099808,0.000166071612467903,1.0953038819600283e-05,0.0006065777359827483,0.8667584505472249,0.7411950938315791,0.2359404617287675,4.839318318801048e-10,3.3580382999006506e-10,0.7256390340988679,1.5613343539133068e-07,0.00016141038945203677,0.13449908314156847,2.8428121911722115e-06,0.475229857600291,7.758627688260247e-08,0.0003123317511370501,0.0001986573634953339,1.207167634522556e-05,0.5597520577649832,4.825869578547619e-11,0.19880265228952473,0.0003610295772977348,0.0008144707148619293,0.0001382353048356293,0.7187076777760167,1.9424819217632366e-07,0.02921702956206062,3.475937751637609e-16,3.606163701427005e-05,1.9401570604563502e-28,4.706235457112079e-16,1.5177821114287945e-19,1.8760160337112313e-177,3.4444025935551443e-103,0.00025755675138658456,4.2165130447178e-72,1.307098436637438e-13,1.5903906309089482e-12,0.8949149128428692,4.8849724693605345e-08,0.0030177413436504185,0.01102744923806401,2.351913311608742e-12,1.6214452066525248e-10,2.620948332054249e-15,1.287144515468029e-15,0.00023976372175444022,0.00039139946116357777,0.00014756876926461855,1.062031641617902e-09,1.2621110431915783e-14,1.2968894193610335e-05,4.174501128721199e-06,0.00022872100638455338,0.5044810581840258,0.0004430329728060213,6.886079508200721e-16,4.6844887331983196e-12,7.05326830694084e-244,1.0811039867056193e-167,6.787094208128666e-84,1.1505246512393043e-29,6.128031904153587e-20,3.3050884227302037e-21,9.59237401277436e-27,9.999612439138739e-28,1.6416774722068596e-14,1.2734568026197854e-16,0.00016193254290465355,0.14420373268027176,0.41043062135889286,0.00018040292111303543,0.0011072123084311814,0.0015014559479558953,6.43701010473657e-05,0.01150574260018624,0.00015738302507889253,0.8359399503778613,4.539021765946336e-12,3.0015156896567523e-07,1.7576486906705106e-06,0.003321766548325661,3.428006530134096e-10,5.387782577211356e-06,8.291460832295865e-10,0.64207570364215,6.4978755443482705e-15,0.02212681831628442,2.3356853655046035e-07,0.04690506498703837,5.255081554636227e-12,1.6502347859384258e-12,3.9735672395482305e-34,1.1600797314691342e-34,0.0,6.598616772959652e-20,2.507570428146306e-243,1.2844604242692732e-213,2.298482903379013e-186,2.88672664690825e-51,1.5897794506815065e-149,3.3331639445122987e-70,5.258993791026529e-129,6.267329901160281e-72,2.2662418064769646e-119,7.11296927835256e-31,7.111588809926444e-36,1.8314280431745294e-37,5.676255575697382e-13,8.436556325822915e-60,2.119176518815099e-06,2.332115969870489e-40,1.9708537173591693e-08,7.828419716706668e-66,2.4059595356612695e-06,1.0493637091899673e-31,4.303482119895318e-06,0.6649462133071042,0.05577701321402962,5.584309213566833e-18,0.14180232178714636,0.7544681138607112,0.6358205128774937,0.0033233381821241143,0.6225204866821877,0.7612298342811278,0.586133067963657,8.222712648792847e-07,0.5703179901211859,1.2654877804281698e-06,0.39693369922549787,2.5982112528959954e-11,0.895022029532267,7.246644277615341e-05,0.4175669477744975,0.1027118821703698,2.1928260657746527e-22,0.0036200279384302723,6.709642467155946e-06,7.456970865445307e-14,2.2816858572088183e-16
DELTA_PAKAN_GR/EKOR_rolling_std_3,0.002031015704649502,0.08793125851834767,3.2268809748267507e-15,0.0008007744110570177,0.11539708447399821,0.004561140334406302,0.40227968353196325,1.3377827568583974e-06,0.1629793248481046,0.06709714373002008,0.006198466767330431,5.996187843752679e-09,1.736654537933043e-10,0.0005269743252526465,8.244208158938278e-07,0.0010747658003824598,0.0013450832292771413,2.567151104344692e-07,0.16922344055071206,0.0022812319676413684,0.00033894077751222185,0.0023324241970655753,6.231135549101657e-13,3.067875407774377e-06,3.8224900729536274e-07,1.0265157201794075e-05,2.1458201992049005e-07,0.0157840705766882,1.4102826944125555e-05,0.10904146185163849,2.3139314940891732e-20,1.9049107949407375e-05,1.624077978459221e-05,1.940340939401272e-07,7.04877881273606e-07,1.5954441227061747e-05,9.863037240930761e-06,1.5162823776698619e-29,1.0958389218356086e-13,0.09284562370592399,2.1049009612926434e-17,4.797529388958198e-08,0.0008760146704715152,0.0001132259363821567,0.0008772040372152651,0.14047611691757703,1.6911344571219616e-10,2.366920766057499e-05,0.00012771465647085637,5.462305348340928e-08,5.368752209823272e-05,0.041561723995371586,0.015353830513966715,0.011261392894758636,0.000775289997534215,0.0002783746382244011,0.01267390765482686,0.06959468044927906,0.391323991092166,0.15876470944499305,0.019070396219608148,0.00010503444394155426,5.15566042883125e-06,1.6185702250119456e-16,7.085864145306855e-08,8.609416002188205e-07,0.013402624812305405,0.0001604357106989789,1.99971137334442e-08,1.0131130836179567e-06,3.3771303293997645e-07,3.027659523724083e-06,1.4925904102480045e-07,5.518448902008819e-12,0.3543380276271198,0.059948655594820564,0.03527641655606522,0.024672356336689665,0.08421788394201139,0.02142750012725875,0.03191232415527916,0.035840391047469486,0.5680238421553875,0.0005032114401021928,0.0003076825323612184,0.00028113628924166634,0.033345389506624044,2.4351077626398463e-06,0.10550567329601643,0.0050916145269505764,0.8533436653861194,6.836798440594735e-05,0.8757564882927501,0.6945417440629257,0.9557518511935436,0.022468141743853785,1.3302992109874972e-09,3.118603946763955e-07,0.0007161899144429483,6.598616772959652e-20,0.0,6.970897315464085e-51,0.006325731775854211,4.585728900678876e-15,1.9885322589561052e-59,3.164884474542126e-43,0.023211855389453053,1.2956576635893534e-13,5.572272233293253e-35,1.397011539998079e-38,0.1257091065177846,8.004480327563639e-13,1.6031740246663257e-14,6.033304552336534e-05,4.3151577832080445e-19,0.00026684645297355005,3.554131270771631e-14,0.0017506155438090647,2.0125847387312658e-18,3.7225181441348854e-05,1.5354669649272837e-12,0.00018370654187804366,4.4153347737408757e-07,0.9454993800813383,8.82535849385348e-72,1.2539227547449198e-12,0.4675899216080813,0.9667205595620338,0.02790947428001375,0.12218583450204876,0.0018769767451980073,0.7461078539659597,0.003424727126052646,0.002087340942909529,1.2414550526866117e-09,0.023630260125980983,3.5533065370463024e-08,0.4549898762476911,0.041417123316242,2.8103503041580122e-11,0.5399110695703025,1.2009792171485166e-87,2.3256316460136167e-19,0.008875151332252026,4.15889715099136e-06,7.726008750734305e-07
DELTA_PAKAN_GR/EKOR_rolling_min_3,5.0356772153229245e-06,0.01108196134538319,3.671715422791693e-08,7.013755736487298e-10,0.11539288468859182,0.00011483290257486087,0.0003379815319239904,6.916136918132601e-05,0.6380874633577917,0.8430051563083364,0.08538872093357569,1.1027942311761666e-11,1.155775923933463e-12,0.28778757499772395,1.8107196343948588e-08,4.766664700017884e-05,0.029543542044308944,1.4344451568511478e-07,0.42047076591534743,1.5446016269009603e-07,3.955597083934091e-05,6.34143834493938e-05,1.3300668617105706e-08,0.15353267350708924,1.6619713481008627e-11,0.03132798301931196,7.598353779170817e-06,0.0007999456066229249,5.056576816098583e-06,0.9506125693829358,9.07569907476496e-12,0.001972983626991082,6.147042265051479e-17,4.313356252145006e-06,6.372671257969257e-28,7.997640636223787e-17,1.9509019312968226e-19,3.6553234105703716e-181,1.0990796449964058e-91,0.000216253167946531,4.822651604251539e-72,4.3946715482172275e-16,1.5056454050788825e-13,0.3152252041522168,3.7340712829015416e-09,0.0012857546728735575,7.298042788876601e-05,3.229906008432753e-14,1.4773724835735436e-11,5.45168571401367e-17,3.089316312382184e-15,0.0001051128480843384,0.00011298264867462913,4.404794732620047e-05,5.581044380223211e-10,7.837887240610538e-14,3.800817742749731e-05,4.058131954087002e-05,0.002103867271897986,0.9694952777516527,0.000233956081561266,8.286719799133256e-16,5.950234133868866e-13,1.924750651163534e-167,1.3418639774128522e-118,1.2279827860713986e-68,2.3911469835746837e-24,4.94132343207255e-19,2.1185593590924194e-22,4.181179694173878e-26,2.9449229185887303e-27,1.640631610101995e-15,2.2572627726609998e-18,7.402327755110963e-08,0.5514092997476665,0.11889105341484489,8.22983700109061e-05,0.0005553821416691588,0.000890142765198108,2.448920018650335e-05,0.005018125380438228,9.869660325751112e-05,0.8230322995045926,1.0469410943852468e-11,5.797473109783051e-07,1.3077065239801135e-06,0.00669734712462341,2.364874113740221e-10,7.476562507540832e-05,6.887504015616404e-09,0.9459573555745723,8.628531700495552e-14,0.11506872798821059,1.324778451898952e-05,0.04116862340223147,3.183713550711007e-10,7.461618452223955e-14,1.0461261500099266e-31,6.921381679442542e-30,2.507570428146306e-243,6.970897315464085e-51,0.0,1.2938728115412767e-114,4.088370157895567e-147,4.317490046160989e-73,2.1024578466523892e-187,6.99341720137862e-51,4.2567078719142996e-111,1.6685154989148932e-84,5.133420736636923e-144,1.667780316957691e-23,1.280546351368691e-38,1.866864145570401e-41,2.6380337073974063e-13,4.367751625499025e-65,8.522758803093754e-07,1.4823944356526385e-43,9.023563486350792e-09,6.949617802205082e-71,5.841946857362536e-07,1.2598306982230235e-34,1.8235933832496073e-07,0.1872634702022925,0.29940142105550055,9.248104643666972e-36,0.002733487886705945,0.9943975026030781,0.5574911586776256,0.0016889657137005804,0.9429525148598593,0.5601461262924338,0.6708904528834503,2.1041788057932927e-06,0.6248175904074099,4.6369422002380896e-08,0.9512956265278367,6.161001092335887e-12,0.6072412021924831,5.3172549925382736e-05,0.003709363871475846,0.554667025570475,1.3497236856019673e-44,1.3997808045834568e-06,3.2596617533181557e-07,5.678658535202494e-16,1.9170737727786823e-18
DELTA_PAKAN_GR/EKOR_rolling_max_3,0.00014253157745578425,0.026230057605651464,0.079949067067394,1.5456641746511526e-08,0.5344534547977491,0.0018470879417891173,5.402764737700552e-06,0.050151279061537726,0.6500615750418726,0.2334751869346948,0.8039960539743473,1.5322621261824886e-06,5.63094819756887e-06,0.3680320457661887,2.919461664516523e-05,0.003241261860859874,0.47669175865593677,0.0006945048953652075,0.6129702608521871,7.302196112173568e-07,0.007297445778613512,0.0016743629963438113,0.01028857687634759,0.2793856537267919,3.2021371307643795e-07,0.9848783581817725,0.03184464774799688,0.008787675746051167,0.006903626591839471,0.33042815976601725,0.00875687666633557,0.44587460202911805,2.8346348450632152e-12,0.005822023832918938,1.7915138489076404e-22,3.642158952099567e-12,1.8843035983003203e-15,5.23133299061831e-116,4.876111477036535e-84,0.002924700193668806,1.2638941975393107e-55,1.013311262739046e-10,3.33330910959047e-09,0.284782986971208,6.491361928592158e-06,0.015454426269316136,0.39834088513082466,1.2779869083079197e-08,7.467957579334546e-08,1.0526678700393343e-10,3.0937373014748713e-12,0.00254220292220971,0.005195240123572427,0.0024678107224886977,1.7089066365558657e-07,1.0777911062120298e-11,6.360631273787211e-05,8.935689635081829e-06,0.00017477124877644288,0.21336001578080147,0.003294065018700693,1.10242343179824e-12,1.766592603628323e-08,4.506007663908756e-162,2.021914681967144e-167,1.0640207820047008e-80,1.0851695751234961e-29,2.448193744238955e-18,2.7235659008658796e-16,4.340121305056723e-22,9.975940426423269e-23,6.317099444478267e-11,9.237041778367454e-13,0.09673070187359403,0.025352892635505428,0.9798513296017276,0.002460001234034335,0.006186852989330503,0.010575668997997221,0.0012256385293425954,0.087268643578499,0.0014079717402837636,0.4817349193831491,9.363743552337894e-10,1.0718648474838194e-05,0.00025962270448308064,0.005503718931082067,4.588000232907106e-07,5.565433224049742e-06,8.64790678320761e-08,0.3784486995946197,9.308144147686136e-12,0.00592783900671639,1.5466701602764752e-07,0.08674573741971478,8.927116054687564e-11,6.982002271889296e-08,8.079992384246896e-28,2.686882071683875e-32,1.2844604242692732e-213,0.006325731775854211,1.2938728115412767e-114,0.0,2.848961346657571e-146,1.8735517926119846e-25,2.398493082490552e-86,1.3445649027609272e-80,3.1417427933081753e-107,1.054159994413244e-45,1.9914625373920345e-73,9.671298150369307e-35,1.0103408789008893e-27,9.550204304570666e-28,5.937696188887092e-11,4.2062066935260156e-43,0.00016287342727978145,2.8973544718463306e-29,1.1059782146026764e-07,1.0565958542375486e-47,0.00037885008748492254,2.171934577932532e-22,0.00026379259182208006,0.18603719331256327,0.24506349052780596,1.4413571713664395e-05,0.6314610984739334,0.8727987527284087,0.5554731186695762,0.01632491452999226,0.5522618282479052,0.12347930660766374,0.40705532161498115,5.023672118423538e-05,0.06453383540843964,0.0014801695949413095,0.05427405176447557,7.170884150864588e-07,0.8427972582529734,0.0004780865518115358,0.6574099914942814,0.3065000123146745,3.264567329697638e-07,0.598763804308655,0.0006494894391609991,1.6863719844015666e-09,1.2657744523352154e-11
DELTA_PAKAN_GR/EKOR_rolling_mean_7,5.34964860219184e-07,0.0001180788061661636,0.0016467156170423337,8.118468039873758e-15,0.07606232471777692,0.006442039971811098,0.00010547892590619616,0.0011298513205692737,0.3483769851318122,0.013151842964348773,0.7270184564478821,1.0986715796886335e-07,1.8739326768346843e-08,0.7398243939063198,1.718799008791746e-07,0.001265429038982947,0.3753160964155367,2.454850299193478e-07,0.7841551512306721,1.0587925172833442e-05,0.021643739625372235,9.653235583846466e-06,1.6613333091458494e-05,0.46079365853418874,2.1010128255535967e-06,0.8295515284434413,1.907911084713162e-05,0.08487221095745326,0.0012314062817468012,0.13198809195863337,8.327053650822818e-05,2.0851667680555773e-06,9.766800245523772e-17,0.0012051606649652576,1.098961525123692e-31,1.2309252244658616e-16,1.1465785467665398e-19,1.2325316570612709e-108,9.22953220581311e-148,8.642762434220979e-05,4.891418966250663e-104,7.414073614213122e-13,1.4565172421952594e-13,0.7264151555113646,2.6325066014265972e-09,0.0011046138610045523,0.0012311764336899189,4.1130757682697803e-13,7.302181289588553e-12,2.2676926874898413e-14,1.953993074296835e-14,3.839528210937183e-05,4.612953117693525e-05,2.449784133632541e-05,5.119106910906848e-07,2.213736170557662e-13,0.0008247705835364107,0.00019905652937981334,0.0005687846856528683,0.3019946817785054,0.0030029570792922157,1.9254555864916256e-17,3.3208738533193623e-10,5.5682107901049224e-142,1.465948417287271e-149,1.3874870755699295e-138,2.0795986843706928e-54,1.6312830347404428e-24,8.669721047766095e-18,3.156437280558305e-21,2.928116394476719e-23,5.00072569087491e-29,1.0113827548250267e-18,1.8398260499578359e-07,0.004683208628217636,0.06252805533753174,3.0249285287745933e-05,6.496731464199732e-06,0.0009473549395489336,4.884406471617991e-06,1.9349993880236476e-07,0.0031187481684995994,0.07238368356372481,2.3768674230329042e-08,5.2419912909864525e-05,0.0004289053229408715,0.01639569429866603,7.753415756995547e-07,6.69422435629253e-06,1.3421359130136366e-09,0.6268257207348594,5.099909591258539e-15,0.004412195196033099,5.022641550417749e-10,0.0455728165007534,1.0540780432532942e-17,7.6681201353943e-09,2.1522113946964857e-33,9.136559334528061e-49,2.298482903379013e-186,4.585728900678876e-15,4.088370157895567e-147,2.848961346657571e-146,0.0,4.11732477365148e-41,3.1083430984891485e-170,1.5552995384878351e-113,9.97268637989133e-247,3.040197223084435e-74,5.0840508820646524e-141,1.9089169134929535e-43,4.374442991538487e-30,4.498294500145604e-39,6.5876890234642024e-09,7.731956328952782e-65,1.1145252765212126e-10,2.5899749072201563e-52,3.907401145100724e-06,5.24226087727648e-89,5.127794081603978e-11,6.070064625298923e-46,2.8521943216712533e-07,0.26944886194378304,0.44928922331848875,2.3806827918811377e-14,0.49338791302787827,0.9617416897650738,0.546273741997207,1.1810472819472696e-06,0.9808101158198397,0.9513766121308177,0.7182114020342704,0.0003722148028831113,0.6814525359028714,0.00010212973519470504,0.5595860088962823,3.437936113112492e-07,0.6066337096227097,7.715311799175913e-07,0.984071657472902,0.5481632226306935,2.2031436385775e-17,0.5197399477911938,3.1569426933939135e-06,5.9882474403903874e-15,2.976328758632648e-18
DELTA_PAKAN_GR/EKOR_rolling_std_7,3.276201400935118e-09,0.027035828181286296,1.0286439999605079e-23,1.980919854543748e-12,1.6386523663483483e-09,2.016678518376949e-05,1.2647282471800748e-07,5.193163485986743e-11,3.22959148681157e-06,0.008929783450548776,1.3514983565084492e-10,2.0094994501546974e-27,5.839138223675374e-14,0.0029630374528731235,1.50334959761715e-14,2.9359317392932296e-14,2.68013385991071e-07,4.336466787082554e-16,0.5579915092335831,2.230885948044886e-08,6.151328214454534e-05,1.749745778756728e-07,3.5999771179491256e-13,0.0001072429074525991,9.981339874505202e-19,1.3994023001185873e-05,6.763325615219279e-10,2.4351391344274086e-05,4.252023548992143e-11,0.06601690881401821,7.864384182486932e-33,2.1793929224536915e-09,6.003592034400148e-17,0.0021885998264443655,6.20904972623998e-20,8.028535705074516e-17,4.283465783135096e-21,1.5888100163035098e-48,5.6864472123682296e-39,2.003478383789705e-07,6.62587501979272e-28,0.0002149380746018604,2.470875203880094e-12,0.15084869304599416,4.7526006465172634e-08,0.0006170472600459609,1.5576998420536367e-19,2.1612080649137776e-13,8.214546901520197e-12,5.6066399421324146e-18,1.4407420178258807e-22,9.923693839545355e-08,1.5378204956223854e-07,1.2031956110723866e-07,2.4291497243348787e-10,5.327574545343145e-20,0.005872010531322309,0.005813598978672755,0.03041589715163389,0.3278282380741705,0.001192457919811833,3.182817996049643e-13,5.922893303772396e-17,1.4698461881064722e-44,4.3050139753836027e-35,7.765794539412153e-25,3.651280910463826e-09,0.0010058668844711166,8.129127829853901e-07,2.900059014762942e-09,1.5803946601342527e-11,5.070536775075359e-16,8.250446989275845e-11,8.35134383689319e-09,0.030196106838257353,0.004004672839633321,5.751568001687922e-08,2.2357523368205133e-09,1.5043875383037267e-05,2.239010873695912e-09,1.3622284630681893e-08,3.0066450791268892e-06,0.016845007220401602,1.5903943582244546e-13,0.0007233173547857458,1.8924590588432895e-06,0.33223727941245773,2.8718223109974957e-07,0.006198331137145572,1.2260677676965165e-10,0.3328370655959402,4.7792572432816735e-14,0.8628768366327176,0.0002544833780903988,0.15296193007890171,8.99620965101871e-10,4.4827914975810194e-08,9.277038761717182e-19,1.471899567559386e-13,2.88672664690825e-51,1.9885322589561052e-59,4.317490046160989e-73,1.8735517926119846e-25,4.11732477365148e-41,0.0,4.2512155393199103e-109,0.020494325278246853,1.456752388250519e-31,3.172279620531869e-144,9.452864727080269e-99,0.47556518060639047,1.5904524334756295e-10,1.165092981849197e-22,0.12516455911029398,2.290207329379155e-24,2.2076734960389877e-14,9.121235490433587e-28,0.9191500182445619,1.522416036568197e-32,1.4287045134773628e-16,1.9212507845332377e-29,7.881383918480589e-08,0.16308558625945238,0.33909230682388236,1.1848703135514822e-38,0.01165308175724908,0.9559783675835927,0.6985767619347926,2.422674942232426e-08,0.8711572548593587,0.5216469174365643,0.33667878985816024,6.557276911915794e-09,0.781489636220347,0.0001007317016051065,0.5022354413399565,2.902273078940513e-13,0.8122511506180271,8.507253003258815e-11,0.0055184444668861694,0.5617883472452215,3.3014084346518834e-45,2.406465143118918e-05,2.249350793255682e-06,3.3382189885336892e-15,1.3848107870485889e-17
DELTA_PAKAN_GR/EKOR_rolling_min_7,3.7253179317635964e-09,0.00027032196089928827,5.858910652443486e-11,5.884687138020691e-16,0.00045803585410306624,0.0005105455793935515,5.504666231215526e-05,1.4189053111452646e-06,0.2994826216347725,0.6542008942611501,0.00719934876948034,1.1871189336954706e-14,5.796441981009038e-13,0.1801284783753955,3.0264240945216876e-10,3.6302261616561563e-07,0.0029474620518977293,4.669324275499914e-11,0.911472852673443,5.42434998795176e-07,0.00019452509519753814,3.0601269139796296e-08,1.4621686039399397e-10,0.2997153793621284,2.578557347725771e-10,0.1565894582911917,1.196280023895061e-09,0.008264274200232102,2.1587073544897162e-07,0.7369127369229733,1.2932281838214389e-14,2.0370656529925295e-09,5.320701546493199e-23,0.0016074680280635174,5.49008699441433e-34,7.143708766703176e-23,5.998604175829924e-26,4.021348005022313e-114,8.548047146372477e-118,1.8774491503128109e-07,8.557054690957464e-85,4.501089445568733e-13,9.084089200638056e-20,0.5289246097787528,1.1088251374032747e-13,4.129717253061463e-06,1.6616728406619088e-10,2.915202494511543e-20,3.5747060647535994e-17,3.942260613790737e-20,1.0388034272909957e-20,2.7159175650035472e-08,3.264292527587044e-08,1.1214575176406364e-08,3.9388371303171065e-10,3.1505896401599613e-18,0.006179242441972398,0.005920388144700644,0.04104719971654663,0.7486596276820683,0.000177690214150783,3.2430625327093217e-20,6.0024196918202605e-15,3.2930815875787266e-116,1.7307840104405138e-101,5.307630945179206e-85,3.569803617087943e-40,8.216921969614786e-17,7.299122576800185e-17,4.298416849668467e-20,1.5235339461856627e-21,2.5011885875503236e-32,1.8679594716854387e-20,2.6037335828480276e-11,0.00011022852320482564,0.000357179811331927,2.007964869028586e-08,1.547210804170499e-08,5.6943833503274486e-06,9.803179990436528e-10,9.545819346641993e-10,1.0212467264742198e-05,0.002304118840754451,8.106460580564014e-12,0.0006742885500530932,7.182378335204162e-05,0.2007702313904861,1.3345357995568467e-06,0.002454454178840789,1.4719705065206263e-09,0.2775297728962721,1.0823714206227936e-13,0.3099424608484334,2.426928680540007e-07,0.004388783174943244,2.0211243290099587e-14,4.720751122849654e-09,7.481193830297381e-29,3.257466188430905e-38,1.5897794506815065e-149,3.164884474542126e-43,2.1024578466523892e-187,2.398493082490552e-86,3.1083430984891485e-170,4.2512155393199103e-109,0.0,9.638796111735421e-47,4.0043133532923683e-137,3.32257748830733e-137,8.229038886789345e-274,2.0160597706554407e-19,5.403979649804932e-29,2.37038088579063e-44,7.575424914625334e-07,1.6344249822036538e-60,2.24845440861915e-13,1.7278473461389226e-54,0.0007565586244865846,4.897835925155989e-88,1.1778732741823846e-14,1.225763399300936e-52,2.4480273734837233e-10,0.6677727727592465,0.5610402154646168,8.610253981399194e-34,0.25691929590215973,0.7985297607906808,0.3716172550249808,4.192278115102994e-09,0.7666066849166581,0.4527714298482708,0.5770541875172781,2.7493863047735555e-05,0.45289690887187556,6.913224525918147e-05,0.9918455952617191,2.2194299499884712e-09,0.38498785096167465,4.968822331157005e-10,0.03900158387337737,0.815866187512203,5.481521159597099e-41,0.002132921990896887,2.416320156502521e-10,1.017887170421439e-22,2.3335204901635555e-26
DELTA_PAKAN_GR/EKOR_rolling_max_7,0.004489012603803487,4.540170712857981e-05,0.035402098728314,6.772248709180743e-07,0.018658263169477263,0.7559065286661653,0.08201843210532035,0.9929741677315987,3.7460995886023353e-07,2.6414201016354467e-07,4.225418003552431e-06,0.8840636707685648,0.012198159116184064,0.04314944885452725,0.04034375737092165,0.5303370135733286,0.02586492952072673,0.0405497538496578,0.9368981927668879,0.043413787824015886,0.7997622948297723,0.0043865080504175945,0.03506842711753165,0.002629783995430704,0.972464932846422,0.022080371562516285,0.08970513389273471,0.41223629373031534,0.9135196495019124,0.006482077998832827,0.0773193357236624,0.04030965359464435,0.00019614937057961068,0.002085679500606428,2.4078003382085407e-11,0.00018585053905405589,4.7983631427094236e-05,3.052030733565646e-48,5.2750164442315716e-67,0.7524532976165885,2.962410625964634e-69,3.596582673557367e-13,0.004183913193279265,0.9301296869772747,0.005390575043937436,0.5049649510892721,0.7148279117392274,0.004164775335433575,0.0006963632436485044,0.0009704153787624838,0.01893239671626808,0.5206745608997125,0.4546762476488144,0.2861573484434132,0.188233983389148,0.024834292802815187,0.0016126437208307473,0.0006593476778827296,0.00320253048349355,0.018095671629309945,0.16536341903595053,3.2792709872819108e-06,0.19603883186446044,1.5528173398460435e-60,2.253268942462192e-67,5.795813367322959e-74,7.249085110945514e-55,3.443157198986057e-25,1.4155934512534584e-14,7.535130679380107e-15,2.4885875477140703e-13,2.9166166885871946e-16,6.192546207854398e-11,0.0086472294668778,0.16589425097108876,0.8652493359052389,0.5570583829491895,0.08220700159215588,0.8412965697963004,0.4385752544637207,0.021320289155919304,0.8818832112800578,0.8741997514793025,0.18051207728926072,0.00019376673488699897,0.07624347895650208,0.0008913996267798573,0.00042774500132308654,4.3852549368956474e-05,0.0015359815287197018,0.041087385449719495,5.2214315158905075e-06,6.567733124535615e-05,3.7232815361651454e-07,0.6674358706868865,1.904072521419122e-10,2.425690421618654e-05,9.575838770708166e-14,1.5117087177115647e-29,3.3331639445122987e-70,0.023211855389453053,6.99341720137862e-51,1.3445649027609272e-80,1.5552995384878351e-113,0.020494325278246853,9.638796111735421e-47,0.0,1.6527729431813582e-117,3.2644811221032495e-14,1.7032250718587752e-42,8.086778480527118e-85,6.147077782607111e-25,4.548062119472648e-22,1.5789306323134556e-11,1.6063910120267241e-38,0.0013215160024505426,5.985354980148072e-26,6.294444158341984e-10,1.25933590076269e-46,0.0019849480019366026,4.9671972019124816e-21,0.020709383550585277,0.3474518469013506,0.9005577702057485,0.0016568014611753343,0.45385996716798,0.47800857163867505,0.6975328102706692,0.010063825111229512,0.38584533471666965,0.6665258595654506,0.8546352853780508,0.2835950842816596,0.48887849534521877,0.0010013633771060613,0.7769300503358835,0.033271554254234864,0.45087725015947805,0.09229117056968876,0.6150216813421893,0.8869264211022317,0.0004318016386583361,0.8286298352944271,0.2923013078323849,0.0013127347971815632,5.387690074458398e-05
DELTA_PAKAN_GR/EKOR_rolling_mean_14,2.767589303866078e-06,3.0479121504083803e-06,0.0031991610672319664,4.410038919131354e-14,0.16265575440762733,0.02919433972778071,0.009872721639238174,0.00656316481918714,0.04647101147146645,0.0012705279789416801,0.6826228012269312,7.375099015555097e-06,1.265773647137489e-07,0.5619871906130557,1.1046770929278337e-05,0.000585573702868476,0.39594499500075275,5.387361352950987e-07,0.788794520106669,7.098336148230838e-05,0.04152938361223943,7.104119477208204e-08,2.193142562494159e-05,0.113276056035361,0.00037838982839344425,0.901564063581299,1.1198680863832401e-05,0.3704578492689172,0.03172366311181468,0.10515870384333648,0.0031755583387432715,9.763014459465419e-06,5.047227732493322e-15,0.0021375586558458936,1.9898440869618183e-31,6.159058905373352e-15,5.968376763461351e-17,2.5282035646137858e-82,3.7331424190425954e-153,0.0006208528724627334,2.0465384097069946e-122,6.7334687020353175e-15,5.618020679374944e-13,0.6909092894552223,7.192937620082467e-09,0.0030776442507364494,0.003962852967378709,2.4285849963233367e-12,6.708232614125271e-11,3.8774824558001835e-12,1.6836768616050295e-10,0.00021607117644585855,0.00012609391732802314,3.739736578540997e-05,1.3391012309382964e-05,5.558533896324799e-10,0.003103863087830333,0.0010717672637458341,0.004026293501790926,0.17020589377216136,0.03341479805758463,4.153574389954956e-18,4.27716167092115e-09,4.329406399011443e-106,7.793693239133879e-115,8.435215764104945e-117,3.117934066402895e-84,2.6166233041539587e-35,4.495778052967174e-19,7.996629819241694e-20,2.7613649525207763e-19,2.5396778768098444e-30,5.152449601131237e-20,6.190212451334751e-08,7.665780642896367e-05,0.004928180035200971,0.00016228357884772829,2.5649378804532257e-06,0.004158194347171284,2.0349443758567565e-05,5.8170389762152754e-08,0.010049934342816615,0.003958292075262213,5.062978691054562e-05,0.00025624510483431267,0.00506368806690221,0.02653337271513634,1.3667102923331275e-05,5.7017665864668247e-05,2.1216791839272451e-07,0.7449997959398509,3.5410650203246467e-12,0.00268368380831653,1.3346488792244461e-09,0.07304029661940015,3.2370414967591957e-18,3.539878491449352e-08,4.5072355081413463e-29,1.6340370189929662e-49,5.258993791026529e-129,1.2956576635893534e-13,4.2567078719142996e-111,3.1417427933081753e-107,9.97268637989133e-247,1.456752388250519e-31,4.0043133532923683e-137,1.6527729431813582e-117,0.0,1.1842354639319543e-61,3.0002667246989485e-136,2.2098132448950922e-58,8.552469289904765e-32,2.3085725640881733e-41,5.7686466167323675e-09,1.3526286944902625e-60,4.13111250059336e-11,8.123755334937653e-51,4.0576581986106814e-05,3.0932122340429414e-102,1.7761005941801525e-12,1.0196831390727824e-50,5.961866621623975e-08,0.1785637908114048,0.5786664240658262,4.588539255767747e-14,0.2477326458033284,0.8055065600545518,0.6057278265038909,5.038728871524682e-08,0.5528848053732057,0.8015214438393216,0.7637404214574062,0.008834190533917222,0.9974822402656145,0.00018447928541899641,0.7919146658108547,2.120604550961406e-05,0.46926760517500704,4.6031737270886025e-07,0.6655423937248794,0.571858161908157,5.1356377259303176e-17,0.9945046576915203,2.8930202544508897e-06,2.3608095059978886e-14,2.3300833335459885e-17
DELTA_PAKAN_GR/EKOR_rolling_std_14,5.547170588939629e-09,0.019021001419801075,2.7816230856331614e-18,1.5894943540536402e-16,1.0275484178128299e-11,2.088179588712171e-05,2.3746785835463302e-11,1.696372898515069e-10,4.947844666893653e-06,0.37828701725350844,2.50209665565175e-10,3.837841565838269e-27,7.60011520492403e-12,0.0025958826168336188,1.3742279289338299e-14,2.787278720019367e-12,6.422883126417326e-09,8.808544982893911e-17,0.26651910787970035,1.8460547059555237e-08,0.0008930936249595071,2.7497142430025473e-13,3.8115312263653266e-08,0.03582983939117203,6.30887598678373e-17,0.00029818825867682623,2.8608479589430406e-11,3.82660644811119e-06,2.4585409637767167e-08,0.3628109061755161,2.0413015615857806e-24,3.678824370471731e-10,2.5348227760933228e-23,0.014624061110822551,4.462067071660648e-34,3.295050505460509e-23,1.433892413096686e-29,9.765101757206827e-59,6.973890977212064e-75,6.691222751914586e-10,3.5991434295063826e-42,3.240965991809171e-05,1.0458400584688859e-17,0.9475245333529797,5.4291552605155906e-11,9.36073989802516e-06,2.2336952303049008e-23,8.616586578524771e-18,1.1256554746004795e-16,3.969883024469056e-22,1.8380295625068166e-29,1.7584745887263006e-10,8.386959684304513e-11,1.299917023774096e-11,9.60779623148295e-13,2.0641595225159936e-25,0.02276150659790454,0.008545439401997876,0.03294372698426011,0.41789935759321584,0.0009429692453702874,5.912235403508815e-23,2.5504039138479057e-19,2.3392146570832717e-61,9.798255471093846e-57,3.7160254406329673e-47,4.482422238486085e-25,1.283044938980009e-06,7.966498051501125e-08,3.6888776092325113e-09,9.116256193073612e-10,6.145254824361002e-23,4.571532333841898e-15,6.203434642895886e-09,0.00034466896558155445,0.0003445553168980656,5.5731645418244494e-11,6.639474122871227e-11,6.765071827655467e-08,1.0970833194786602e-12,2.2958860009962244e-13,6.453682771231344e-08,4.071438671317514e-05,3.762021677327222e-15,0.0033471610766625717,0.0008432335249995766,0.2800402388244721,2.2920549326648443e-05,0.0014276326886513934,4.709549812653425e-09,0.6921968153809819,4.916198016849505e-14,0.13395278052072396,7.678610851935636e-08,0.07516539653589975,2.7286363785896512e-17,8.631122785527977e-07,7.998593258979706e-23,2.6175701734935947e-35,6.267329901160281e-72,5.572272233293253e-35,1.6685154989148932e-84,1.054159994413244e-45,3.040197223084435e-74,3.172279620531869e-144,3.32257748830733e-137,3.2644811221032495e-14,1.1842354639319543e-61,0.0,1.1374031211495437e-158,0.057411360239373516,1.115434042007572e-11,1.0050183982623395e-25,0.1262466116684411,2.3167416164958124e-26,3.7296611270630222e-19,2.710407099949515e-35,0.575080715615972,3.421276797599244e-46,5.087226025712426e-23,2.1901774359688406e-42,3.365250085811192e-10,0.8240086971533521,0.3361281496785533,2.2666325748217904e-24,0.4514631785837754,0.970875487660395,0.7890177427284006,3.0231877327988066e-11,0.740374244900453,0.5440282917024533,0.3705573610845778,1.0635810666667278e-05,0.9392938557964934,0.001015282254179463,0.40034041388607244,1.6182478926839924e-08,0.6713189477469835,5.461760037044422e-12,0.12326668209800637,0.5363912482534966,1.1837769369731325e-27,0.019679024201979898,1.763687337451893e-08,5.231085846953667e-20,1.7590384849102654e-23
DELTA_PAKAN_GR/EKOR_rolling_min_14,2.538889261926473e-09,7.205217501389232e-05,3.984094435462037e-12,5.533706384583189e-17,2.04622331673232e-05,0.00014766418623556765,2.726689404896377e-05,1.8458886318000662e-07,0.14604585317274144,0.8866435856427906,0.002474821180168554,2.895053832473462e-15,4.946350370103265e-14,0.020701135016743664,2.3542901768001596e-10,2.595465844145256e-07,0.00018224169068593648,4.393261651674704e-12,0.5934257096754741,1.4927712446228294e-07,4.79161923249407e-05,3.270241800790832e-13,5.667536269706186e-11,0.42726188544980165,1.1328860933916524e-09,0.10320520175662863,1.1260830876731121e-10,0.01155548822729652,1.5584034737594738e-07,0.8340629883908778,4.420053847014377e-15,6.838419396131105e-11,1.7800176419548369e-28,0.00477988910594423,9.373271312310578e-41,2.1925301207032563e-28,8.774119862126707e-31,3.3341306816317883e-94,2.657686362370451e-125,2.2499931984268203e-10,6.35110256571049e-86,1.4660517218603532e-12,9.683021764703513e-25,0.48957113670592645,1.016402362270143e-17,1.3573036966848133e-08,8.760609848202411e-13,1.6069375840013635e-25,7.080518489611882e-23,2.6377313510570722e-23,1.8512272906451727e-22,2.996340986698354e-11,1.6554776752840987e-11,2.0144224984265018e-12,7.962488100349305e-13,9.411858116032472e-20,0.030813400909121148,0.033013519257178665,0.22286698699922697,0.4282667379750337,6.0937633082414084e-05,3.0508221140284615e-26,8.748466670023075e-18,6.049567518458383e-96,4.049537960968442e-87,3.8363989563996834e-76,3.224137927596509e-51,2.9281948626616477e-21,4.558937488103922e-17,6.913822542475885e-19,6.769328632245616e-19,6.054379238751899e-35,1.3356146898847807e-23,1.2211164306316503e-12,8.146455411197076e-08,6.26879470088021e-08,1.0868315496273213e-11,1.4807476303814439e-09,1.1426707554527827e-08,3.0788129366011235e-13,1.2663935662998666e-12,4.0894318127454726e-08,5.382917755698565e-07,4.094859261149149e-12,0.004953703664736831,0.0003541177494192067,0.46782938028709403,1.937072182362709e-05,0.029177982980033833,7.163949790057952e-08,0.08410217379717538,3.4678387942714314e-11,0.6972068658966488,9.430346513790726e-07,0.000616447211311959,3.3951997620710316e-14,5.356433352854813e-08,3.940005532921159e-26,5.0787813083779345e-43,2.2662418064769646e-119,1.397011539998079e-38,5.133420736636923e-144,1.9914625373920345e-73,5.0840508820646524e-141,9.452864727080269e-99,8.229038886789345e-274,1.7032250718587752e-42,3.0002667246989485e-136,1.1374031211495437e-158,0.0,2.7858615378450756e-18,5.776365550976934e-28,6.966624274138063e-45,5.5652258581968395e-06,1.955124953922923e-55,1.0916870918693616e-15,2.9266887674154456e-55,0.017784914054470562,8.631961292375656e-95,1.255313778261151e-17,6.452123804262035e-61,1.886813183799733e-12,0.9594933276742872,0.6089154530938188,1.8338391381741524e-30,0.6391932822505348,0.9481132025224139,0.4877987153737103,5.659552139689186e-11,0.7128220969174484,0.2542913473466383,0.6122308442978861,9.593453220646463e-05,0.2264396033869798,0.0002355855232360305,0.7416723876346,1.9757288965687227e-08,0.45399922411132154,3.623897998740076e-11,0.06409873164342228,0.8770582419093018,6.453652175734598e-37,0.008933650597118984,5.709290713145297e-13,2.2069363907162314e-28,5.234720043170867e-32
DELTA_PAKAN_GR/EKOR_rolling_max_14,0.021406801933888255,1.274016146605866e-07,0.0005068003991631003,0.003139477871320231,7.63332345334188e-05,0.7735850961431935,0.444939315841161,0.09351142230412735,9.388864667376068e-16,2.3269192578022552e-08,5.4944276946256355e-14,0.01135583783974337,0.013103162773865275,0.0032368616166673354,0.197544281132101,0.5137509591383678,6.751295371598072e-07,0.043507363121770226,0.9931110979189968,0.1865786356046877,0.8104615578322447,0.07785618585646199,0.0034225647255680188,0.004581744252363076,0.10726863517178409,0.13146228480041203,0.2659138754353939,0.004043240365520431,0.7546572241141505,0.018689378797483582,3.8343732133459546e-05,0.37323501269479914,0.8543235970870466,1.569636321055051e-05,0.1842300005089853,0.8519293392612894,0.6648302476105421,8.10628419159473e-22,1.7996548688337444e-27,0.004500133603301996,8.621339797629525e-54,2.108979853748682e-14,0.30510967960473445,0.12867441725625448,0.5772542003319702,0.0072881031538670395,0.0008951648156074924,0.4164354765844254,0.8687548232849482,0.5581033027438898,0.09588600915229503,0.019243472304024758,0.030084099050710543,0.07069549556380716,0.277114478048913,0.40395334513635467,2.153256125000182e-05,4.828553050178643e-05,0.0003803406898275902,0.1344370867798022,0.9344141127223482,0.8268055724303762,0.13988445734263596,5.399485896192712e-28,1.0171476639412287e-29,3.336483124303459e-31,5.2781814153866565e-37,1.675071447492281e-42,3.217852603422617e-13,1.6514032413230354e-12,1.5370950000489306e-10,9.490203602102779e-08,9.013410194727001e-06,0.14701091721684206,0.49408191177288835,0.1636771512626427,0.011441887747450166,0.6723520455898572,0.008374492673992909,0.013518170944472835,0.5814729998391589,0.012061811512480078,0.03525367011620645,0.074468028078612,1.37563647391229e-06,0.0009584549273444432,4.783190190172489e-05,1.752728416932864e-06,1.553634484413962e-05,8.34602021674561e-06,0.016423199117847204,3.4504981060827107e-07,0.0013098572945585976,2.6448515647348678e-05,0.32673132488078416,3.7098447744446686e-06,8.381359888315633e-07,6.845644321625394e-08,2.343302649173352e-05,7.11296927835256e-31,0.1257091065177846,1.667780316957691e-23,9.671298150369307e-35,1.9089169134929535e-43,0.47556518060639047,2.0160597706554407e-19,8.086778480527118e-85,2.2098132448950922e-58,0.057411360239373516,2.7858615378450756e-18,0.0,1.0842809361468398e-23,9.262362260606443e-16,1.3842939626192522e-15,2.1032300911956367e-30,0.13559226200500998,1.1457436202554895e-15,2.404955804178751e-12,1.2303744843424506e-31,0.18695635553812742,8.494258332078358e-13,0.3373905570774468,0.5270176539079018,0.98815670982666,0.05317394416146352,0.9723136155417547,0.17704810632397508,0.7081120556282051,0.6109800933861321,0.12664577200619784,0.5013749929426997,0.7124878604872794,0.007874215613168528,0.5778459854634493,1.433329507491226e-05,0.9742904776149393,0.0007023248648393743,0.2759548120733015,0.5417204367033566,0.4838070964852844,0.8882070621073096,0.0035009611016450595,0.9258360793899482,0.02895617911425759,0.7892006606674369,0.5809628356956539
DELTA_DG_rolling_mean_3,0.008732261256123268,0.7773859739509354,0.9982614521445227,0.23975418841330762,2.761757031276348e-05,0.10659950709008095,0.14642038106856956,0.026652479883922598,2.9030366933561797e-08,8.992552514225576e-07,1.2518608908210448e-08,0.022324320101102156,1.8631365408681296e-06,0.0019502965133965167,0.6678920791269843,0.7181132913390355,4.037030624037522e-05,0.10110295286783355,0.21111025158183502,3.6987555735090966e-06,0.010127486334437994,0.4110072588231784,2.2302395455409644e-05,0.6176999483168165,0.3016577588061628,0.03535465125212688,0.2511533577122313,0.008620833330385153,0.005575044909778008,0.12106781978108008,0.19338906355881366,0.29383380454881336,0.07199429266516744,4.934626530553822e-06,5.927904528097921e-05,0.07145859686943885,0.4864262012099229,1.1957319228326829e-31,1.3246397093839409e-17,4.435849688080425e-05,3.210594915648677e-63,1.0308691979611244e-80,0.0009000227177166222,5.03728947013039e-16,0.0024659159060831043,0.9591829547065925,5.77899775468264e-05,2.3830414502122407e-06,0.012617418410502937,0.1963592820028934,0.10714424560230801,0.00032401463919589415,0.0006410428389494551,0.26443966772077626,0.9834927959172906,0.12345222039706022,0.0016025779623030506,0.09138626945519661,0.7359497405666394,0.0904579570819529,0.3839869540722525,0.06311964359056495,0.8360766157763239,5.109399458000252e-32,1.9319623263082937e-24,3.164358732261756e-17,9.591989940948164e-10,7.741341635202122e-17,1.8257605795533978e-85,3.5323798138630008e-74,7.166764117556302e-19,0.0003410352206257895,2.6886430474617903e-05,0.00023840352061312508,0.9974796592322726,0.5991791241761407,0.00014281950510881068,0.6724773391083178,7.610418208008346e-05,0.0006256251803480636,0.3123241853974129,0.0039799395425727906,0.03518297185704662,0.05350277924761825,0.0003281395989841572,3.580647545628121e-05,0.11842875419465572,1.7884438160146734e-07,0.311976469236769,0.014458824547824161,0.11877639210328342,0.000616937265874148,0.9047551543765763,0.018228204298355897,0.012187255709034964,0.0002027356260759355,1.006800111240087e-12,1.392953210193231e-12,2.799012306135399e-08,7.111588809926444e-36,8.004480327563639e-13,1.280546351368691e-38,1.0103408789008893e-27,4.374442991538487e-30,1.5904524334756295e-10,5.403979649804932e-29,6.147077782607111e-25,8.552469289904765e-32,1.115434042007572e-11,5.776365550976934e-28,1.0842809361468398e-23,0.0,1.323884405831536e-98,8.131364537978245e-90,5.640361721998951e-119,0.05868484987502126,4.9014682648811836e-51,5.818697092421603e-33,1.2910653468647108e-74,0.07658392286122534,1.368075582591074e-32,3.6788272388219586e-17,0.05071180714804843,0.7030607337512974,1.0212852615877308e-14,0.004402512216858726,0.3029839050779853,0.3058981171772709,0.9933744774400933,0.1050563050416778,0.06280722977446536,0.3130672372736373,0.0003494557767957973,0.0010278876591506302,2.0265099004964402e-08,0.22666858530476922,4.560131983810237e-10,0.10304498192693412,0.7828589351672264,0.023088023528211973,0.492169345859287,2.855772985004748e-15,0.000308016234109114,8.272020426794857e-07,2.225936477497808e-07,4.2642614107228883e-07
DELTA_DG_rolling_min_3,1.715776379250776e-08,0.7249380498430764,0.011181929911093647,6.605050735846195e-08,0.39224136966379014,0.5515662941451087,0.003142910761988627,0.16447210576065965,0.23277990764092624,0.060258128163077525,0.4054932321589189,0.0014501593750328938,8.141228577665316e-13,0.4195694814059706,4.185648954781576e-05,0.00234982137163987,0.9496934051679863,1.0957134014428352e-08,0.013185390820784786,4.063474137342872e-15,0.0044023588266385106,0.0010242033947489072,6.098073746153362e-12,0.005448318854632393,2.5732427507728325e-06,0.0023128086953644964,0.1703591199193531,0.6390755545355615,1.2991563456355419e-06,0.15560333910552215,0.0007465380795624381,1.0390925697549094e-07,4.545959653522737e-12,4.735626251488546e-05,5.907325815253628e-16,4.1794290001727785e-12,9.918457662883538e-10,2.0903459785144337e-31,2.6377277262758628e-34,0.10849653302306743,3.423152633145698e-58,1.0394180066333002e-40,3.28641628768653e-14,6.520550975201696e-11,3.126689169251673e-11,0.0001679937477484008,7.64482795612929e-18,2.6215784719389885e-18,6.106032452945948e-13,2.2683378772079032e-09,0.0001908058713363063,0.042711207402501755,0.03930980994299314,0.000801855248556435,6.316584445465557e-06,0.0002942214266152875,0.010265303897596983,0.18008945012520963,0.7044104798326886,0.0021973429218212436,5.8053126971989605e-05,7.306225813874563e-09,0.00029699927482697037,8.850937272747678e-33,1.9045011579850004e-28,2.5427001975298897e-24,1.453903702874836e-18,1.4490996155219782e-19,1.1625960089204858e-46,2.494692162435424e-47,2.2882518271614394e-23,1.5890540287859946e-11,4.848449240863678e-12,5.990930642591201e-08,6.3064561315779965e-06,9.916731290539137e-07,0.049850903040193226,9.703553223532191e-32,0.7767151664623702,8.329669518920804e-05,2.5233287451137525e-18,0.39419285070897964,2.3373887179105387e-06,0.03806569676487186,0.0022107457218556222,0.0003723400546723733,0.30580366543035126,1.6090895446646316e-06,0.5848240825812656,0.004297166922174542,0.0171129179277484,7.166691861227381e-05,0.2710949194109174,0.1184639265335108,0.0005421626619718165,0.00019378343194135987,4.368804679238966e-12,4.0270773567966625e-17,2.698949575125458e-19,1.8314280431745294e-37,1.6031740246663257e-14,1.866864145570401e-41,9.550204304570666e-28,4.498294500145604e-39,1.165092981849197e-22,2.37038088579063e-44,4.548062119472648e-22,2.3085725640881733e-41,1.0050183982623395e-25,6.966624274138063e-45,9.262362260606443e-16,1.323884405831536e-98,0.0,2.6990202238640637e-10,1.1537459956734746e-84,3.988266417597849e-38,1.8780395071422982e-146,0.10153990530290931,1.692893606872711e-72,9.759924370166198e-33,1.6971326293818784e-103,4.069636387940548e-34,0.32100049173889783,0.9759951856318555,8.402349873694775e-17,0.35650208844162656,0.6030723010042384,0.27094402507809434,4.373118390902364e-28,0.4202095642954405,0.023240750326665657,0.3348501727157807,0.00016947132088684507,0.0004703547439206447,1.1084830717401093e-07,0.16638877491896223,4.2595412676578336e-09,0.21438723947558086,4.822298642766828e-31,0.08951215999009836,0.6453681482309305,3.1044634920409055e-17,0.019848758695180203,2.622349801022422e-13,6.254787083907023e-22,5.754566012118677e-23
DELTA_DG_rolling_max_3,0.08849415324621801,0.4683796457754746,0.009341924738393636,0.003962992171461339,2.250471032501821e-14,0.001279845607873467,0.6336281074612938,3.7007476212834253e-07,3.165994326983861e-14,5.161348512821236e-11,2.327495726526294e-19,3.5421242817389297e-13,0.6328518468514748,2.4898051656135854e-10,0.0008265496346468856,0.00018184492621691305,2.1477378900506452e-12,0.007370797643885457,0.8333899104040572,0.7358003150268906,0.3064627389633338,0.120274140173574,0.9233428336404497,0.00014788577002775602,0.0005596609325429131,0.9164969434473573,0.0009706809387228301,1.4579113055289052e-05,0.22375187844036262,3.898118622658849e-06,1.0883010488216415e-07,0.000554169541543173,0.00010143543851863743,0.0023662408177865823,0.132493454520897,9.566699897062847e-05,7.917511756498425e-07,1.950326830921781e-12,0.022368090732556963,1.724893466582714e-17,1.8104176274087353e-24,7.232536696279752e-50,0.057187283327029145,2.9709095524656425e-09,0.12320360960384227,0.0002783395425966457,0.06671977205193184,0.4273693832582583,0.002409802578241124,0.00010096521806149679,1.4868110640533112e-10,4.364848213714499e-14,2.1972517356399082e-15,4.7908188535800625e-08,4.7227432830659026e-07,3.7958109159977324e-10,0.03635050157772619,0.27705171130099726,0.35713399321662176,0.813961549060003,0.008405293731511977,0.003852704564994922,0.0008548911440822426,2.0025023538848696e-12,7.242139528917379e-08,5.9821396423962974e-05,0.12004341025643002,2.844623302490791e-05,8.163707264620067e-36,5.4449866667948676e-39,1.1647747748005387e-06,0.5920407720386995,0.8874267865302815,0.5842380852641482,5.518096192292335e-05,4.351900387951178e-05,1.5655066365693113e-16,4.1090632284771335e-42,6.647427517600494e-10,1.899924069532593e-24,1.0370907447321155e-27,1.1509220419679333e-08,5.848329241240746e-18,1.2677734979878753e-07,0.01867424279946527,0.002870089171689337,0.2705812224354908,0.001235385831311861,0.2894496682740172,0.14139504433907193,0.7550879450710226,0.06137682785459635,0.24462062412136415,0.010218743639214179,0.4579182411415738,0.00937214895485374,5.678613984499772e-05,0.002107218646848257,0.8357855782247955,5.676255575697382e-13,6.033304552336534e-05,2.6380337073974063e-13,5.937696188887092e-11,6.5876890234642024e-09,0.12516455911029398,7.575424914625334e-07,1.5789306323134556e-11,5.7686466167323675e-09,0.1262466116684411,5.5652258581968395e-06,1.3842939626192522e-15,8.131364537978245e-90,2.6990202238640637e-10,0.0,2.9073841372464935e-44,1.2254720417219057e-21,0.001295592817371883,9.923383434494199e-104,1.507242108255595e-25,3.24755163897136e-19,0.33903146211349716,0.10906302156673577,0.0438013707660823,0.38382489384617596,0.00021360915978008765,0.00015463969822806202,0.020310391274591996,0.02992266502957418,9.569519659660068e-32,0.10435495433687143,0.32897360499845296,0.680222570990897,0.03689201774699386,0.05833119257636064,0.0005933405080536543,0.394284264675492,6.012817259079503e-05,0.010642287961800287,5.594769769642257e-39,0.07522831936671218,0.3213255716208756,8.134733084933623e-05,0.00033565914236148,0.4406686326887973,0.3794678906019183,0.21013131947880492
DELTA_DG_rolling_mean_7,7.185241067842343e-08,0.04227074767945468,0.2618811468855708,9.1004077984403e-09,0.09987390353024622,0.4193706601355346,0.018123814074979826,0.7167340254804893,0.0005037829004227139,0.008369097577248468,9.393398021159367e-05,0.30756396803404695,1.2305242862747777e-10,0.013200181434040361,0.03337788408661184,0.35698107507632426,0.004915194592464178,0.003361504037983867,0.9738946584260415,7.194304021746896e-08,0.013329481086534046,0.0023188084534377573,1.5930211050805703e-08,0.027744394582308516,0.043750277095186065,0.13592312670639295,0.17555134927188093,0.018442787790418892,4.6004694555905345e-05,0.02732018551341922,0.09730236779064703,1.3785626734390579e-06,6.032814996969541e-06,0.0008179525324876363,4.36707951385639e-13,6.1542558107241785e-06,0.002058306423673423,1.2310966941640338e-40,1.3280138072163266e-37,0.8974402804071363,4.087786807198467e-117,1.4352685037985553e-42,9.258525617608363e-10,4.2504297881237203e-16,3.2054243223825553e-09,0.015896482318449784,2.1137962795871977e-07,6.475375936478937e-15,6.580808827277834e-08,0.0004310979749698407,0.6742387874758511,0.9671274358991883,0.7508075632948543,0.8324399025823485,0.18682208607639536,0.9915033235005667,0.005346919529050642,0.01631238642195112,0.18476069507201903,0.004851038392026798,0.03739800372140594,4.100215643959312e-05,0.02456335138030172,6.611483679675789e-52,2.020423354996042e-52,1.5189924868006e-47,3.6341637764674423e-17,5.155631478775201e-18,7.714373991052812e-52,1.3002563811518157e-60,2.1787478175900793e-56,1.7710735019484509e-16,1.636531532008617e-11,1.9474818277608614e-14,0.00027399316611596765,0.008730101305155516,0.8994329320881024,0.03944232154792957,0.4580216827795231,0.7611028222542354,2.763506732445283e-05,0.0589627147094246,0.2135530779613573,0.3876437218381163,0.0008392549434559093,8.481111872568198e-05,0.251873967568224,2.5946777973327295e-07,0.12806868984039038,4.540932166202067e-05,0.0462879414779816,5.301941075105394e-08,0.5744341704959324,0.002417096635604671,9.682364923464249e-05,8.327969148366847e-07,3.492863535378138e-11,6.013353679039411e-27,2.6157931364443597e-20,8.436556325822915e-60,4.3151577832080445e-19,4.367751625499025e-65,4.2062066935260156e-43,7.731956328952782e-65,2.290207329379155e-24,1.6344249822036538e-60,1.6063910120267241e-38,1.3526286944902625e-60,2.3167416164958124e-26,1.955124953922923e-55,2.1032300911956367e-30,5.640361721998951e-119,1.1537459956734746e-84,2.9073841372464935e-44,0.0,2.7722841396272123e-05,9.66804697887872e-93,9.044623617567138e-30,5.329676017979848e-163,0.00014809624727098942,2.1893789864543724e-57,3.6322102846437236e-12,0.6319116112725817,0.7011097097785955,2.976687427977976e-20,0.39606309905208964,0.9654209754114662,0.1604572129333496,0.17763758782590652,0.6398943901415799,0.23642024129320938,0.3516496423025522,2.4248035691820615e-05,0.1124054711780088,7.744204756458568e-06,0.8439110970068016,2.534451919073227e-10,0.4120123908414032,0.02031778603377802,0.7359273414164165,0.5004152320170041,6.407414819620691e-21,0.604181751622236,5.976750809579473e-13,3.0694017334585836e-16,5.772237388542458e-16
DELTA_DG_rolling_std_7,2.3464640643564243e-14,0.07012490024170377,4.555410060487047e-07,3.104915158403873e-19,1.473122691869224e-14,0.0011553383138875233,1.940710963645588e-08,4.953167161796608e-08,8.007963723036916e-08,0.016297353357391214,6.446661832242834e-10,1.2659501271184662e-21,4.096921324120822e-15,2.4655105375387284e-13,4.122652232202173e-17,1.2624160505854872e-11,3.5531614354095305e-09,1.200112559689887e-20,2.348537102092593e-05,4.705253445495475e-21,0.4448151381934649,1.6041666890661065e-09,4.524744734766248e-11,3.627163846170271e-11,7.036406423716045e-17,0.00010390102294116415,1.3685816200601946e-05,0.0011239317860697246,1.4339104462259816e-09,5.0188389142235145e-11,1.536319989745438e-17,1.4866654171582537e-17,3.874283113740092e-20,0.0017738613254690626,2.0471260265843335e-16,4.2974864044971646e-20,4.6906364179602066e-24,0.00018415894054140368,1.1853660506152752e-19,1.357848109007648e-15,1.2156009357882706e-08,0.639253866915648,1.0000484376665492e-10,0.0533908005341508,2.348933868873028e-08,4.417731978915084e-06,2.864902492841006e-29,1.1268135272280408e-11,1.1679882877311336e-16,3.7466173927294824e-22,1.8590848978986248e-21,2.6417285599799447e-13,1.5026675122977353e-14,5.475651239547675e-15,2.433148853613832e-18,1.6595098110937172e-21,0.02467612086987066,0.06531291825841874,0.17910400869449708,0.10339032742941623,1.087040820164747e-10,5.275477908395742e-13,1.2294395210872143e-09,8.042592915275605e-06,9.963266702050354e-07,6.566844210251786e-09,5.155417079522955e-10,5.8461443966243235e-08,0.01098232824049015,0.012805681991857098,0.001676668733258592,1.187756789491499e-07,1.0023208526720587e-09,3.053974131728978e-05,7.270888135160038e-11,3.541918067921369e-11,2.5686796687884412e-15,1.5364897363902032e-105,2.469160907784271e-06,1.614978186455427e-27,4.0327249890208395e-106,2.6135211393008743e-06,4.626897358221073e-30,2.0594950997806158e-10,0.0054193232996984555,0.03959069315925251,0.04009123688512471,0.0007586869190276124,0.038147814565552954,0.0030561848503763704,0.42986509484702884,2.0200494128662378e-05,0.8724998531458907,0.981614653790573,0.9711796768736896,0.020185431991105944,2.454845326248892e-05,1.589031052121423e-09,1.1862937029725615e-15,2.119176518815099e-06,0.00026684645297355005,8.522758803093754e-07,0.00016287342727978145,1.1145252765212126e-10,2.2076734960389877e-14,2.24845440861915e-13,0.0013215160024505426,4.13111250059336e-11,3.7296611270630222e-19,1.0916870918693616e-15,0.13559226200500998,0.05868484987502126,3.988266417597849e-38,1.2254720417219057e-21,2.7722841396272123e-05,0.0,4.4730042807640974e-67,4.782865314315183e-59,1.0081823883354797e-08,7.841579513182327e-227,1.3955347833848528e-79,2.4546898056837513e-16,0.36351582001683025,0.9256662799663482,0.005691634919271049,0.0879417148395448,0.07243352189333988,0.11134661798389783,1.1407559891352658e-91,0.3014391435861173,0.29749598388256887,0.778777622685668,0.0032204267660147262,0.21347868371463183,0.00023022378473915782,0.5811717762508967,0.0005508808484432155,0.07149959105489502,3.935597457598452e-93,0.7372530261198746,0.7210362902944715,0.009460294721930015,0.5548138367796442,0.0007695507787677244,6.02801429389298e-15,2.475551865226868e-18
DELTA_DG_rolling_min_7,4.206414540767344e-14,0.9327839878994643,0.00444082844752538,1.8299873158671657e-16,0.0034400812807123572,0.5283932709452298,0.00011240178770760621,0.0021192709029211505,0.3987269462033326,0.925496439699115,0.5984982316268748,2.998958402825315e-07,6.450291883165132e-16,0.05213711501201829,4.047638079898066e-07,0.0005723662233769746,0.1456727553917981,3.246853908948601e-12,0.012013386464491725,6.026290988857828e-17,0.04956062143622198,5.187359355867086e-07,1.1099554881340257e-12,0.03259380341352069,4.645503537766675e-07,0.009408120075653708,0.0025163910370240043,0.6951902554539131,5.016521396619939e-09,0.12724672219844824,2.4077398589662546e-07,2.95286721076182e-16,2.2520038331519044e-23,0.003358099594674099,2.461853420183954e-27,2.456402520661774e-23,5.191217387898755e-19,6.6843981309797925e-28,3.250894014575517e-48,3.667764569828441e-08,1.280861989952118e-63,9.470381233247292e-21,7.596171812162148e-25,1.1076090241490068e-08,1.0479176771979209e-20,1.9852642273012749e-10,5.2921298760843976e-21,9.796031524958351e-31,3.5026064833818694e-24,3.8345258780473306e-18,7.312202141279123e-10,9.73426375803468e-09,5.694606464647773e-08,1.4938625139594575e-08,1.389210767794244e-11,4.60142909849811e-09,0.06034066415272462,0.1957112499147348,0.8368298026479704,9.570699382066515e-05,8.562023927909357e-09,2.625725305161995e-15,6.45378354939834e-08,4.941117797353908e-35,1.3225941805009435e-37,6.440766777420523e-40,1.4574258910677856e-23,1.3015441472334548e-20,2.1404139691113774e-27,2.5410470892915613e-34,1.6712243550654715e-32,3.398221674606311e-21,7.114082420343127e-18,9.200944985023432e-17,5.62245863582921e-16,7.803459522821494e-14,9.312318241074937e-09,2.7741104731246953e-37,0.0006106575208476016,2.5018379430960886e-14,1.6393234491401638e-50,0.014600773244561603,4.254579008426698e-18,0.00015726981008517255,0.01660655590969741,0.0014246797914788695,0.6953453543158575,2.3171794255968912e-05,0.5202837302479786,8.818053941716451e-05,0.005137187326159231,2.2497191028184047e-07,0.06170061010998903,0.04201962894863303,2.451958470295068e-06,9.572117274336137e-06,1.9206248994591925e-09,1.1554190812032607e-25,2.5213458352915863e-33,2.332115969870489e-40,3.554131270771631e-14,1.4823944356526385e-43,2.8973544718463306e-29,2.5899749072201563e-52,9.121235490433587e-28,1.7278473461389226e-54,5.985354980148072e-26,8.123755334937653e-51,2.710407099949515e-35,2.9266887674154456e-55,1.1457436202554895e-15,4.9014682648811836e-51,1.8780395071422982e-146,0.001295592817371883,9.66804697887872e-93,4.4730042807640974e-67,0.0,0.5742831660803379,2.6636233438412486e-87,2.617782371388154e-55,4.4865332003532936e-197,3.683072055319666e-30,0.3138834338636911,0.9479692250751457,1.0464470699260854e-12,0.03080531901310781,0.8646764734816762,0.19597523204200096,9.128453214156454e-31,0.5762837457225831,0.05204440272845303,0.3730529537477449,0.00019002940346887504,0.009407741338103437,3.434161788105064e-05,0.380055662027738,1.8146099612829672e-08,0.4976711235916564,1.9954539832229082e-37,0.8989504624347204,0.7166461407287747,7.924114563381668e-13,0.8425117240411379,9.320287376735788e-20,1.716293958083149e-35,3.040932735499909e-37
DELTA_DG_rolling_max_7,0.022653469983568313,0.0009059363611385111,9.720428281372934e-05,0.0010481263976077364,9.247148605368718e-20,0.000533349908818418,0.09067764731262719,4.930514003777187e-05,9.184749086917803e-14,7.313263905433175e-07,2.14486161906165e-20,7.642770983631673e-15,0.004462626491785821,5.500620058648095e-18,5.391334994022065e-07,1.4673089382608904e-08,2.3869478864534945e-13,3.2810766219007717e-06,0.011237549221157689,0.001105619747610844,0.7490211911837056,0.0012477206552467136,0.39221018899520704,2.767712481220014e-11,5.521551861886035e-09,0.0524382611292567,0.00012924311530819615,6.884973122991917e-06,0.0033289108543157584,1.4813486320652695e-12,2.5711470219481085e-10,1.102716791359745e-05,2.6922798319142217e-09,0.1205552431288179,0.0014202787710793135,3.3975956566461053e-09,2.9204562221605473e-13,2.544539470908818e-07,0.7264242354302959,2.2543179750746227e-19,1.0989056248046937e-14,9.412961661115763e-28,0.00012155893614442201,2.3802288166873136e-05,0.015539563928604325,5.675103840165515e-05,3.6230318539657704e-07,0.003995564809060299,8.898255683619618e-06,2.8006748432369493e-11,5.2197813299841526e-18,2.862946722253115e-14,2.6516652270185847e-16,7.604819051929089e-16,1.8223971704389692e-13,4.7268859494873894e-18,0.116265890641162,0.16398798007426793,0.39350920541498735,0.9637060087186379,2.397117874790436e-05,2.4436180436204997e-05,3.93706921051326e-06,1.5679069214228627e-07,1.1592909414877342e-06,8.482817181651685e-05,0.567072471657756,0.2012093119116966,1.8912825254440104e-12,4.214513696338138e-15,1.9194221501997064e-11,0.6565498773148996,0.1100293247001855,0.4515611992211212,6.337117084296872e-06,1.0326446691420412e-07,1.4050139049186017e-17,7.045886608720684e-48,3.41596992946926e-10,1.65334192790585e-26,2.235870560086873e-42,1.654276451124815e-11,3.584806391575344e-24,2.9617911857571066e-11,0.08568301898293941,0.08451304968560126,0.23146718439870478,0.04477075615795109,0.42567172899403316,0.6123296254936431,0.8802531713241466,0.5335360403973091,0.1848108463778867,0.021919380540922007,0.674173601724136,0.07101448706868252,0.05135732983590038,0.16567269515669747,0.2346486260261824,1.9708537173591693e-08,0.0017506155438090647,9.023563486350792e-09,1.1059782146026764e-07,3.907401145100724e-06,0.9191500182445619,0.0007565586244865846,6.294444158341984e-10,4.0576581986106814e-05,0.575080715615972,0.017784914054470562,2.404955804178751e-12,5.818697092421603e-33,0.10153990530290931,9.923383434494199e-104,9.044623617567138e-30,4.782865314315183e-59,0.5742831660803379,0.0,9.482217651829248e-14,4.937844612201658e-55,0.0005014359456522901,0.05381132122859622,0.154989789143823,0.910153820017357,0.0003257646574904966,0.0482805798430564,0.0009642050031507827,0.0050941341719368425,5.96419428218737e-47,0.03879152164072068,0.8123790309607324,0.9331497054518498,0.3012828176323331,0.8746585570424109,0.10596792652792518,0.8605049004368494,0.04468180166098248,0.0009972912515036204,1.8404384646792635e-44,0.24089661568212428,0.9397136045229729,0.000174138455401157,0.09195740916757042,0.26406027922503317,0.000952818617319536,0.00020140288832632664
DELTA_DG_rolling_mean_14,4.891941610189653e-07,0.00025923931837483765,0.03171186010724257,2.6450848544149346e-12,0.4010298428386413,0.8131037557247609,0.034007577854662616,0.17806204587132393,0.004637510279599988,0.03377363163753405,0.0063489378760002765,0.019270899920579024,4.4940911730303656e-10,0.7326818460809447,0.0036554761518179536,0.0629003496990405,0.5952079454307997,1.0745621150768719e-05,0.8174389455569945,1.7825213867456496e-05,0.006054266739261817,3.1773209942348155e-08,1.2459941762883562e-08,0.014461771227513433,0.043979856430663974,0.3463452264674595,0.00018657659358841758,0.02135549650541814,4.540841874917598e-05,0.009934184871160816,0.003390662212951007,3.495425890472999e-09,5.332624871384821e-16,0.03975117100818328,2.92613654750858e-28,6.086189755396419e-16,1.2874247066259318e-11,1.8262274705509503e-44,1.2345771324066652e-71,0.0013695120571836862,1.4062437457191124e-161,7.69693797995226e-34,4.093592262345852e-21,1.3679998335830633e-12,3.7433358987261224e-17,3.834236159997905e-06,4.452466537560748e-10,6.997898988102357e-28,1.7809061383363105e-18,4.261157947045909e-12,0.00012366675910866214,0.00018220262947881653,0.00037827178187419246,0.00017754435995485942,0.00032885411948796776,0.001767186269424905,0.19694256631136076,0.32309221784195674,0.8670997704677422,0.011904620284853418,0.00010209046274746068,2.9738671093990766e-15,1.2555142169081577e-07,2.205947907872521e-57,1.90399728185515e-59,1.3104627250386266e-58,1.169390587588991e-43,9.192334521339597e-26,4.731443590928943e-36,3.945601471156453e-40,4.080795953303465e-37,1.0648166672162234e-39,2.554920486958264e-22,1.8297553667412257e-16,7.902308496309073e-13,5.164017102181433e-09,0.0002958599358832684,0.0005586332100519215,0.003908724407415428,7.501566111616999e-05,2.901477745859015e-09,0.0821109006606988,2.997413761394074e-07,0.21318426269345817,0.08131375167554634,0.01104739546079482,0.7197459174025281,0.0005373228488297393,0.5414429524360107,0.00015568614501770627,0.0010661213066574299,4.714360348063206e-07,0.2028594658222523,0.0008358411048932627,9.71818957309382e-08,1.541829987839628e-08,6.772929010719729e-08,3.398757078555495e-26,1.1928647920067056e-36,7.828419716706668e-66,2.0125847387312658e-18,6.949617802205082e-71,1.0565958542375486e-47,5.24226087727648e-89,1.522416036568197e-32,4.897835925155989e-88,1.25933590076269e-46,3.0932122340429414e-102,3.421276797599244e-46,8.631961292375656e-95,1.2303744843424506e-31,1.2910653468647108e-74,1.692893606872711e-72,1.507242108255595e-25,5.329676017979848e-163,1.0081823883354797e-08,2.6636233438412486e-87,9.482217651829248e-14,0.0,5.762811006184415e-10,1.0707459976867438e-83,9.9843373657395e-19,0.20216822148381694,0.5157981853053267,1.3054345585618898e-20,0.05835500556533232,0.5517725123689943,0.07670937242757164,0.00011955661812465029,0.6420069206163863,0.0703200440008961,0.3271490332603472,0.00886085245971117,0.024449685822940215,0.0009528359997335381,0.5633682511809284,6.518198743645496e-07,0.11156267795072099,8.051891955575572e-05,0.8667345885324161,0.34088458617807305,9.139782313672091e-22,0.8888036727459183,7.0434921313756025e-22,2.5666396840105214e-31,7.460930467276476e-32
DELTA_DG_rolling_std_14,7.328423059780422e-15,0.08615111175884416,5.279874216832394e-07,3.971282435986329e-18,1.468891719531805e-14,0.0004960171039277865,1.1332731775235266e-09,9.143443083440131e-07,1.4774979028485913e-06,0.05711527191461663,1.869507589381595e-09,1.6564919815866693e-21,3.685321085676301e-15,1.3822427230659925e-14,6.375108983052038e-15,5.548133239889946e-13,8.265626574318134e-09,1.2578454792825284e-22,0.0005000080756025238,4.1600186878614946e-21,0.2605728544264197,3.5542890774444153e-13,9.916393929893319e-11,2.4483902647732607e-10,2.5455258805491148e-15,0.0005876497701960873,4.306086333919488e-06,0.0033554903896043553,6.429178865197469e-09,3.2592464649521267e-10,3.558681242241329e-18,9.160410484755972e-19,1.0360917999654676e-19,0.0018991678354086073,3.2467313673833215e-17,1.0547272086130109e-19,1.2083255042560755e-24,0.0002664135213791644,3.350698549231745e-21,2.3754597584052137e-14,9.36563134084672e-10,0.7510707507023735,1.8823507111573737e-10,0.0373509980509991,3.2972611453501055e-08,1.0150965234159193e-05,1.0723818575132606e-32,2.0039094469848876e-11,6.323984614511509e-15,2.627658849372148e-22,1.0321588324935812e-23,1.4247510925815149e-12,4.754296207344092e-14,3.328752588446758e-15,4.3774569129717264e-17,5.680323033467658e-25,0.029087161478588645,0.08966373363466278,0.28710536779182394,0.6460708227832036,9.252492216645817e-10,1.4525504822198964e-13,4.985310338359024e-10,7.414562007000443e-06,1.3170041071304986e-06,4.0550863303284597e-08,1.443416104456486e-14,2.3758851663049706e-07,0.01718996420990452,0.029461909411077906,0.019462279568704142,8.030739893055679e-09,8.034940242214064e-08,2.1055562848056232e-05,1.2853029697408909e-11,3.920641283045865e-10,1.969975967828414e-14,2.1094686949521588e-86,3.0287236503589725e-06,3.0135406259231015e-25,9.418095116660694e-92,2.669099237667914e-06,2.343348564402316e-29,9.372149907889661e-10,0.007082709552634909,0.0449076568171467,0.050466306691976506,0.0009602186319693665,0.027499249962075055,0.0029067269906260657,0.3346554353148835,1.0054213162445832e-05,0.6395475223358156,0.4688191180923135,0.7955270674703442,0.0009537938562512402,2.9173924442134313e-05,3.352893743060095e-09,4.510165116145435e-18,2.4059595356612695e-06,3.7225181441348854e-05,5.841946857362536e-07,0.00037885008748492254,5.127794081603978e-11,1.4287045134773628e-16,1.1778732741823846e-14,0.0019849480019366026,1.7761005941801525e-12,5.087226025712426e-23,1.255313778261151e-17,0.18695635553812742,0.07658392286122534,9.759924370166198e-33,3.24755163897136e-19,0.00014809624727098942,7.841579513182327e-227,2.617782371388154e-55,4.937844612201658e-55,5.762811006184415e-10,0.0,1.1363612768669782e-84,2.7602509859098597e-16,0.4384522371317083,0.8271489786081574,0.0008397086367639543,0.145367611710027,0.13359400291805792,0.11765888255943747,2.0543205190474082e-77,0.5507941911139184,0.2607348524372327,0.7076333543608064,0.004368429702617361,0.16036748274230475,0.00022476491186215858,0.5680168929282944,0.00044884065390471775,0.12227150512180739,8.984381402892843e-77,0.6779168533540342,0.5715232639085736,0.0016165946463338639,0.5782528468100753,0.0010630312937843743,9.32184344032409e-15,4.940907790504375e-18
DELTA_DG_rolling_min_14,1.3229036520419782e-14,0.7992039586377624,0.0002506634871680119,1.7242057967196462e-19,6.0631067467150145e-06,0.05791902555022739,1.0542102429468087e-05,2.6044243113023697e-05,0.08499228109975451,0.49491300980825087,0.0709700742299418,1.8754054749984226e-09,9.854712056536642e-18,2.6047722394458908e-05,2.0069169878049914e-09,4.4735543627175635e-05,0.00043102563856753124,9.13520369969319e-18,0.00885303771299409,1.1553236179439542e-16,0.0067669534810660265,5.633213211308985e-15,2.924889633025743e-14,0.005323732426914921,3.736267059403167e-07,0.028084835830791202,1.6705359183945082e-05,0.7748734718215812,5.411298484644732e-10,0.03394084126563612,6.605542416674867e-11,2.1078916339463585e-20,1.8281820304022158e-39,0.05461125068147353,3.2522880304520665e-37,1.906780927110969e-39,3.5919490224216927e-34,1.0901163045922234e-21,5.4471596838756576e-58,2.796908055381211e-17,9.296230466061607e-57,8.839928959333214e-15,1.0239328704275522e-36,2.584783665041096e-07,1.8252980663464133e-30,2.1857469651917975e-17,3.1393783102836113e-24,1.0497688684474525e-43,1.144420459546672e-38,1.6822765125044724e-32,3.2394106778302255e-20,3.920968942935242e-19,1.2679581820815731e-18,5.095316107029292e-20,1.9894499269676973e-20,1.3485276818270526e-18,0.5379567947863751,0.9250137465591617,0.2341956219242458,0.00014094610351434778,1.1034285075079996e-13,4.136517656679356e-25,1.948686800353466e-14,5.239329078301123e-28,2.132784022239717e-30,2.034528448893956e-33,4.184908907646858e-37,4.668124821116258e-24,1.8465776975811966e-18,2.2107240921796387e-22,4.6214184555199015e-21,1.4409058222922059e-31,8.48593620849295e-25,2.552312382494701e-18,1.432620704385524e-28,5.876651415152309e-26,1.6245019653351846e-19,2.88728215239025e-42,3.5626414389447665e-11,8.868498214686388e-28,6.276489270218006e-62,9.180159936486204e-09,5.442541085673845e-35,7.830835305176744e-09,0.32335056158934233,0.018312086468799397,0.3864535865682444,0.0044957940985645975,0.5228885581752886,0.001195387747322521,0.00015283868216447877,3.03358241664822e-05,0.0026930084922316927,0.08423359118709944,1.245548998137483e-08,2.601093807901593e-05,3.4606194359790793e-06,9.62000209493108e-19,1.234267847786511e-37,1.0493637091899673e-31,1.5354669649272837e-12,1.2598306982230235e-34,2.171934577932532e-22,6.070064625298923e-46,1.9212507845332377e-29,1.225763399300936e-52,4.9671972019124816e-21,1.0196831390727824e-50,2.1901774359688406e-42,6.452123804262035e-61,8.494258332078358e-13,1.368075582591074e-32,1.6971326293818784e-103,0.33903146211349716,2.1893789864543724e-57,1.3955347833848528e-79,4.4865332003532936e-197,0.0005014359456522901,1.0707459976867438e-83,1.1363612768669782e-84,0.0,2.1089738338365468e-38,0.10634033043465482,0.9336691599874998,2.4706186541112956e-10,0.0034026837010153084,0.8850094791924533,0.18146380442191445,6.00429660114005e-38,0.9102352249861488,0.01597264993214487,0.3722900538966438,0.005161829249253684,0.0010487137609018597,0.002006154119586564,0.19064547986481856,2.489301051890817e-06,0.2865733157394042,1.465822611336848e-43,0.7900819376488999,0.5960561842007074,5.545678280646843e-11,0.5148973893759593,5.070611120088608e-25,2.0294690958203157e-51,1.6891741855875026e-54
PAKAN_DG_RATIO,0.029673570015018826,0.8012069889215288,0.00029746496944732417,0.08983268652962224,0.0019807204884513155,0.002729899853559285,0.3175197862595414,1.478542065056338e-11,0.0028058217873006765,8.027668534612932e-05,0.0012410671372057995,0.0006207922837904088,2.44493045110429e-05,7.1690510675431245e-06,0.003094734647961593,0.9577590361900871,0.00014712869867456854,9.790506928943083e-05,0.027263073963367572,0.0015344963600921412,4.798383867232579e-05,0.0007608614637491024,0.0002827369422902067,2.3484232360831713e-06,0.001728863465321586,0.2781564548450846,7.313724761865349e-05,0.289120216259479,5.2203870158008345e-08,0.013843466809427956,7.612664743271638e-10,0.010751874334198124,7.124226134658696e-42,0.23095000272569438,2.1214393665015547e-27,1.1263112758491039e-41,9.798813903158794e-41,3.3802312787567365e-05,1.8564216907805984e-20,9.9040584343143e-10,1.6404870553826138e-09,5.1664834582588486e-46,1.2975564700859663e-33,2.788252365615005e-05,3.530534564773588e-26,5.965936886259191e-20,2.7801066879745205e-05,5.259833026483384e-32,4.881818061993297e-34,4.426500766495622e-40,5.082432920060097e-32,4.1935598539333187e-29,3.6024017548189182e-34,3.316598807374945e-34,7.654877444576095e-37,9.265006656738487e-28,0.005656496944487247,0.0017988751789402447,9.605368497116698e-05,1.4540891832947368e-07,8.274818616032972e-15,2.4697516611101263e-30,1.2106962283759579e-26,3.99822010935952e-05,4.684710203244178e-06,1.0669172390618542e-05,3.9861101530730665e-06,5.68153505897169e-11,0.002113915399863697,0.10893627507253512,0.020886072688695526,5.975592267505769e-07,1.1911576127212099e-23,4.706942181741238e-10,3.1857966279211924e-17,2.3812437659017898e-29,1.3611939061060486e-23,4.2402007571457416e-07,2.1465985615310703e-21,1.4185015098743036e-24,2.651619054506801e-07,3.1437210097490387e-26,5.0655425913520615e-12,2.125860793472733e-27,0.006502077525615819,0.21844275611627462,0.0008071094172864645,0.12046208752333386,1.305957722223214e-05,0.01364142213686833,1.1027559484216724e-07,0.016186314443557604,2.9034709163893426e-08,0.0033750298802847733,9.62315945866771e-10,0.09066168766848007,0.9895821376617154,0.08564091566717723,1.6215078531651343e-09,4.303482119895318e-06,0.00018370654187804366,1.8235933832496073e-07,0.00026379259182208006,2.8521943216712533e-07,7.881383918480589e-08,2.4480273734837233e-10,0.020709383550585277,5.961866621623975e-08,3.365250085811192e-10,1.886813183799733e-12,0.3373905570774468,3.6788272388219586e-17,4.069636387940548e-34,0.10906302156673577,3.6322102846437236e-12,2.4546898056837513e-16,3.683072055319666e-30,0.05381132122859622,9.9843373657395e-19,2.7602509859098597e-16,2.1089738338365468e-38,0.0,0.34737674927856116,0.6236156163547003,0.005250616665847416,0.0038035956772835503,1.5579656226938308e-23,2.286417701850414e-09,1.636731912009664e-14,7.936187114017217e-32,0.0016607552615083589,0.8958134360447064,0.06898030293630861,0.00032702977150973446,0.8523871302657878,0.02885264300352069,0.8430960746623022,3.2101442460750976e-28,9.49251950265511e-08,0.5887397434193018,0.8503537756509036,0.0024066920088101755,0.6594635505003222,1.3619725657589613e-19,3.8603823661809344e-45,3.1886125982808654e-48
PAKAN_ACT_GR/EK_momentum_1,0.0006253436723715892,0.0407250057458618,0.02168340811311759,0.0006376652684459251,0.03923666964117178,0.13106379121093828,0.5411787006335871,0.05562576839307817,0.6804507094730844,0.5503852256535423,0.2781726581148394,0.2738773201502859,0.12964500395083703,0.7984673293781884,0.38473980448473427,0.4167204136589723,0.17763933084152522,0.6006249987421406,0.11815695910793209,0.26579650458105364,0.012523223273507874,0.019252194349564475,0.019800226555037645,0.021110104616078387,0.5749850563306192,0.2908477827105405,0.6714728396422761,0.6530536365220659,0.5398026671896733,0.4253097012883628,0.6332388653546747,0.027642807920221054,0.02918503083627611,0.003937855245315823,0.07564289358360311,0.030445818653459425,0.1958509537964524,8.539120008166567e-10,0.4410763604024756,0.0005805032491061349,0.906586761210517,0.012265773922698401,0.0012975115502722053,0.06853066488588296,0.0006750112212463341,0.000552786430541824,0.9688202242287784,0.005927354237890859,0.0054444388506582325,0.2751756248102821,0.5605401685980437,0.001428599866316806,0.02542461046558001,0.24894583502758483,0.34460773035579473,0.9044051092338992,0.04566916703528616,0.11214534303878208,0.3900471002918194,0.04691124464061583,0.49261866199225346,0.13039191804075204,0.701526899359682,1.7813469583032327e-05,0.000170735421415287,0.0028910977467962043,0.0014382888685295992,0.7722093618493423,0.05065661857083242,0.7259420086261407,0.0007461581019126388,0.007757697375680759,0.1928116525466735,1.2381631465513438e-24,1.7972766398619355e-07,0.0005183847129470687,0.0022064974496032257,0.21305263444787756,0.0036011925070288608,0.002053878182107639,0.0006544302881689742,0.1291144250063014,8.641203291751437e-06,0.920844309675853,0.014844936835980134,0.22182696365108992,0.012232633436805621,0.017323963484181675,0.03265276778819331,0.5427055619931412,0.01755439037872285,0.19691262853620745,0.04835075228198028,0.6829554055767828,0.008320661919305538,0.6985156224259087,0.010758019885183573,0.3823565368310291,0.030702178787958403,0.6649462133071042,4.4153347737408757e-07,0.1872634702022925,0.18603719331256327,0.26944886194378304,0.16308558625945238,0.6677727727592465,0.3474518469013506,0.1785637908114048,0.8240086971533521,0.9594933276742872,0.5270176539079018,0.05071180714804843,0.32100049173889783,0.0438013707660823,0.6319116112725817,0.36351582001683025,0.3138834338636911,0.154989789143823,0.20216822148381694,0.4384522371317083,0.10634033043465482,0.34737674927856116,0.0,1.7918418473520727e-60,0.06149427070820561,2.1191229243715958e-61,0.3600682635477918,0.1758975139534499,0.6229530506032275,0.004691188876382973,0.4736452306893902,0.9009496083744308,0.9051373623953859,0.5395418738686227,0.0021849587395601213,0.6135797853255859,0.19989241250458578,0.6129520251896523,0.11434981640561687,5.052369295092619e-192,2.674563273684997e-51,0.04582006842175735,3.1704312982543892e-55,0.009261477714328652,0.004251310977394147,0.006860572789514459
PAKAN_ACT_GR/EK_acceleration,0.145246801741242,0.4862025914417338,0.36922755055896445,0.001347656648887284,0.6198415052257649,0.6815537791229132,0.07678189031370788,0.10079275188400844,0.29967554703952365,0.5994441926486526,0.4777481177678752,0.7650953606044989,0.18192184121545504,0.44321798085559816,0.2517816655027139,0.2265232332836813,0.4325803094206983,0.15099749212160987,0.3335955840042821,0.07946308361218339,0.9439721315725105,0.4710951524380037,0.7501090899121781,0.0017427674964017078,0.058065025523995645,0.7594006816046731,0.08917250001883845,0.38509948569007363,0.8502787969597783,0.8362036611243199,0.5675426321341321,0.5124701004030203,0.9707406060863619,0.9304019976779759,0.7967214534759485,0.9769793123447105,0.9594657620129462,0.450514341697977,0.662570224216129,0.6163699216110452,0.7986179642339616,0.24759103132268345,0.6269666418213073,0.45210087943716326,0.9065808040946832,0.912409733529832,0.5373147291563646,0.7734154453677079,0.9033199376758306,0.8524607639916766,0.9538918959394782,0.8657203510186452,0.5370889623572671,0.46801165887047463,0.6237289281615946,0.9902092348251118,0.9943142492270882,0.8825878337635252,0.9087315451807506,0.9609139109042376,0.8296943211213081,0.9845381424273968,0.8883968814576956,1.5221218130408982e-12,0.40467310073133095,0.35398940453627686,0.386561668205016,0.3824821306659793,0.5434125649488172,0.10380398643409688,0.035133676658556295,0.22555941523114337,0.6289239328654891,0.8172339602943397,0.18619834956512704,0.543911689478602,0.9253406015300627,0.8871198504870376,0.9310346598555808,0.9125297516858913,0.8353628253794942,0.9764025079309085,0.6557219923095657,0.7775361343079363,0.9851678371410909,0.6217113289299716,0.5194530968185976,0.7578293699443565,0.7601659539401183,0.8520356682091108,0.43342938863258956,0.6899715564180893,0.6680625042269311,0.9073915625915532,0.47484555074132884,0.5468723408002159,0.40192307701380825,0.3158345980592608,0.6884658951301244,0.05577701321402962,0.9454993800813383,0.29940142105550055,0.24506349052780596,0.44928922331848875,0.33909230682388236,0.5610402154646168,0.9005577702057485,0.5786664240658262,0.3361281496785533,0.6089154530938188,0.98815670982666,0.7030607337512974,0.9759951856318555,0.38382489384617596,0.7011097097785955,0.9256662799663482,0.9479692250751457,0.910153820017357,0.5157981853053267,0.8271489786081574,0.9336691599874998,0.6236156163547003,1.7918418473520727e-60,0.0,0.9673443329576552,0.9325565511821781,0.12248887701264463,0.69176515094699,0.7085836425919594,0.01387260542249455,0.6697780014487583,0.5324783112651961,0.12542197351359435,0.5675032997603808,0.6829392530931685,0.8539532279973904,0.05721039178327712,0.09054609787023785,0.8935248837429134,9.707114556510781e-51,2.416878360525222e-202,0.9889874922278169,0.9731815295894608,0.3452931006130438,0.702728962265796,0.7856709385729567
PAKAN_ACT_GR/EK_volatility_3,0.0010997726170762431,0.003748364876386364,7.820175110838403e-13,0.0015147647193237718,0.033359019159572845,0.005919032074956618,0.15351084932214068,0.003007599890005517,0.24452045352361873,0.15009837749593227,0.21454526859951523,1.3877230973887471e-06,3.428826476703032e-10,0.005030025212168069,0.0007629918781209108,1.6012478506938893e-06,0.006573746316596204,8.85866637678133e-10,0.102816649470356,1.549489189438149e-05,0.007943410682774042,4.277808284961773e-05,4.0958258996125735e-14,0.0009367374446068978,7.73784463265967e-06,0.00012902729980637199,1.4632727872448646e-11,0.3910897494345554,2.500105344903557e-06,0.21828708042432055,1.0523977877736574e-19,0.00019464943145769794,0.005785482675314757,1.6561174711999015e-05,0.00015141468313378096,0.005424496700900868,0.01054745205355678,3.169396519344812e-18,1.1916340555837313e-11,0.5525329769983928,5.794935717874078e-20,2.825004132819657e-07,0.023659225174198488,5.865993457810853e-07,0.0067242372698716035,0.5203272364598259,8.054765151900552e-14,0.0006624138064820359,0.002052569873554066,0.00031939799014631674,0.04828401543152297,0.660640587034857,0.41311286398463537,0.5608178997305745,0.18274976117542108,0.16280326996206954,0.0052871230446484094,0.2816376714012913,0.6498119865618918,0.1983751250487004,0.18068927844054872,0.005573609091150082,0.009601522766666752,3.3922164597803997e-16,8.75333842108179e-12,1.2406158947916631e-06,6.515540897725463e-05,0.0019022485486370015,5.098465190375271e-11,1.7599427670385075e-08,3.555332965319561e-11,1.9577931684303593e-07,2.001510797466886e-06,1.8432248920547894e-18,0.10647015827036373,0.21238101388754316,0.5234619148754187,0.0038415658166750647,0.9039802497394118,0.2295624399414734,0.08271761740418951,0.6780080939954429,0.6332409374816418,0.22552273718349225,0.0022763062809479876,0.008103390830405614,0.030934214821469786,0.0002493743566888042,0.21817407293722046,0.20537853928941519,0.5231150506993494,0.02103052520168638,0.8814786849765831,0.8144934052338891,0.5574306918226682,0.169860591610085,3.4843324591658406e-07,6.399341519036628e-05,0.0021973202156695673,5.584309213566833e-18,8.82535849385348e-72,9.248104643666972e-36,1.4413571713664395e-05,2.3806827918811377e-14,1.1848703135514822e-38,8.610253981399194e-34,0.0016568014611753343,4.588539255767747e-14,2.2666325748217904e-24,1.8338391381741524e-30,0.05317394416146352,1.0212852615877308e-14,8.402349873694775e-17,0.00021360915978008765,2.976687427977976e-20,0.005691634919271049,1.0464470699260854e-12,0.0003257646574904966,1.3054345585618898e-20,0.0008397086367639543,2.4706186541112956e-10,0.005250616665847416,0.06149427070820561,0.9673443329576552,0.0,0.002946084064494803,0.6701128057832142,0.4951786900504115,0.003330573889714909,0.6382321364014428,0.14166678377862318,0.5667466570402021,0.008717247217132403,0.002765452286972784,1.883439612929386e-06,0.15816931162676182,0.0007461972668800403,0.7502859309173409,0.00562338523862703,0.022053871327483047,0.9420407631418721,6.268619670689463e-207,0.00020109932488808068,0.04551633896080697,0.00021902140310587698,6.130531815654421e-05
PAKAN_ACT_GR/EK_trend_slope_3,0.00021180611749263675,0.021255680346809535,0.024930506779716838,0.05567631721080681,0.016263803749686844,0.05237321002511649,0.5275634382986804,0.18450994397214288,0.08832854027021081,0.13504852354782923,0.0535225735514515,0.1550142549108367,0.2554123026170609,0.3179339764030896,0.015303794918800911,0.4300617484501733,0.01032525451911976,0.842367504401694,0.02142596390058137,0.9685565177963682,0.0007694781611922869,0.0054739121939044845,0.0008387632874456436,1.1349031268654265e-09,0.20583584900759277,0.022859072778390294,0.4142119640276923,0.13514625662117064,0.551030661915773,0.14355024042379874,0.46624489807508107,0.019237033469754108,0.00013662407592259385,6.494552616397995e-08,0.005083374861348703,0.00014899771266247035,0.016180534716273155,2.0716784486225087e-16,0.37246645492725927,3.938302139112637e-07,0.983258255565619,0.0324086414431256,9.740289945654186e-08,0.14197490414228106,1.2354768923853438e-08,7.550149633865642e-09,0.5735686363989738,6.813860581560367e-07,2.7604522422052287e-06,0.021597904918771855,0.21315406453907704,5.5547571564241635e-08,8.310621043417671e-06,0.0033678122129240894,0.022338646165994076,0.6627296217759836,8.835711022180809e-06,0.00038704159967718315,0.008051596254837652,6.471944005084215e-05,0.11742031953400851,0.010288330835899346,0.3797583283035296,0.19316299145434432,4.5383580714340724e-10,3.0594594827378104e-07,0.0008561461119456821,0.8442561450942474,0.0014635044737138058,0.3795976971893451,0.0024960895248068125,0.003057171783894863,0.006008416401317244,3.869477962591098e-59,4.473784911830515e-22,3.516886158920839e-10,2.481666775753454e-07,0.010473441214158448,1.2074496720022733e-06,1.4891641108124998e-07,1.2488759294794866e-08,0.009613330512007611,8.311139088136824e-13,0.7578588632137488,4.880611187053438e-07,8.798559655661245e-05,1.2440558290465234e-05,4.124928592505115e-07,2.024239149695834e-05,0.015406988621788308,2.8107662123560072e-05,0.001590404326249302,7.32797983680392e-05,0.4686296174323682,2.3147360580138877e-06,0.505927927469266,1.151654243889971e-06,0.6403038948058687,0.001360735456902143,0.14180232178714636,1.2539227547449198e-12,0.002733487886705945,0.6314610984739334,0.49338791302787827,0.01165308175724908,0.25691929590215973,0.45385996716798,0.2477326458033284,0.4514631785837754,0.6391932822505348,0.9723136155417547,0.004402512216858726,0.35650208844162656,0.00015463969822806202,0.39606309905208964,0.0879417148395448,0.03080531901310781,0.0482805798430564,0.05835500556533232,0.145367611710027,0.0034026837010153084,0.0038035956772835503,2.1191229243715958e-61,0.9325565511821781,0.002946084064494803,0.0,0.7636466532114363,0.020253279586556434,0.10449492436650763,0.10363920887616132,0.8651153353617008,0.7699055992794038,0.033727449464392975,0.7716536947392578,5.652485610891732e-08,0.6559234261567992,0.00010029767977074504,0.3482380441097209,0.003364705956252339,1.2648757035592092e-49,0.915485041890858,0.0011431100886122128,6.136445673164114e-216,5.975628584768484e-07,7.316147717168125e-07,1.6083132604479017e-06
DG_ACT_momentum_1,0.6980427450207437,0.01640126140154708,0.933700369343946,0.9534839422592525,0.06559100733026443,0.23520805346586096,0.8972506208511131,0.0041971355554130734,0.8392545583407316,0.2008357809259946,0.008382518893967093,0.1008767524179373,0.047914526085330554,0.7852623296811997,0.7572467733544339,0.034840443743601616,0.30210009937165155,0.5927756619704068,0.021463936178315223,0.9419495619727212,0.9247564997552481,0.0924507737697438,0.46977631436721695,0.8670376420959529,0.013198005038905182,0.005442760932255635,0.038019189133794117,0.0439618513621112,0.545958528314533,0.3137309813338306,0.37012491467708225,0.05305875424751248,0.5127775791406378,0.6431248003088514,0.5524453847365502,0.529130152645834,0.7658329991716561,0.6861208495298199,0.7873633679616173,4.536735513226127e-09,0.12462307558351955,1.1137527643153054e-46,0.07262239623786117,0.16266405041956414,0.19806971323696082,0.08769957003122884,0.9134795878567139,0.03144523548917202,0.617188431862115,0.7587866366450705,0.974441869578553,0.0021765657028872953,0.8757158528346647,0.7365658127451733,0.5450789661156878,0.6746078007779466,0.47570320218993284,0.3536599921294103,0.6157292099911169,0.21316580133956847,0.7310652150228855,0.8728133953740561,0.9028981796704725,0.5735203726632319,0.9842106599578436,0.6495205414765332,0.5035913318242192,0.6891627578428408,1.5849145643200964e-28,0.049536470757927074,0.6876600741185566,0.15920689529136228,0.11338864096850206,0.6602446555660111,0.5930368889419146,0.45939268924961507,0.3544223980762324,0.0003254725618972181,0.7115700905932609,0.06938964760759267,6.878394907367967e-05,0.9620213754648705,0.013820217850998694,0.9105492892383328,0.43633303993436456,0.8443592232913022,0.155474068924052,0.7732136083641132,0.2766942270589137,0.638941837978702,0.05994724972811853,0.8899252648275218,0.28288941715254157,0.5468878626214185,0.04690937457289541,0.5630351123509012,0.7191404285180133,0.25127356551001745,0.5760052241512027,0.7544681138607112,0.4675899216080813,0.9943975026030781,0.8727987527284087,0.9617416897650738,0.9559783675835927,0.7985297607906808,0.47800857163867505,0.8055065600545518,0.970875487660395,0.9481132025224139,0.17704810632397508,0.3029839050779853,0.6030723010042384,0.020310391274591996,0.9654209754114662,0.07243352189333988,0.8646764734816762,0.0009642050031507827,0.5517725123689943,0.13359400291805792,0.8850094791924533,1.5579656226938308e-23,0.3600682635477918,0.12248887701264463,0.6701128057832142,0.7636466532114363,0.0,2.8721797041335494e-106,0.8434148489686267,3.331012660890991e-50,0.5391821305809654,0.7273178651576836,0.15325428638856092,0.3029501582623921,0.8109458496826594,0.7231352708489059,0.581112322438132,1.0845046018149397e-291,0.00015542304180302414,0.6388207499336035,0.37859148709055335,0.7935125544680202,0.8824864118007125,0.005830140287767283,0.20744690455503972,0.34729435421803534
DG_ACT_acceleration,0.6330976679208351,0.0567905901199111,0.5388859068126766,0.8409039366260896,0.06154361908781795,0.1311302039464717,0.20122389038814512,0.2997405347636874,0.7200584189490138,0.5304628291276122,0.0015118837188611211,8.218878828876295e-05,0.1905976638044967,0.7105859457815483,0.4574837890929435,0.004762334085061128,0.12569271886120068,0.687151990087259,0.0007931177607022281,0.15449775512176372,0.7070693434448645,0.007386600715663322,0.9247600419268267,0.7639390922113334,0.00023945362672527323,0.009104301535322422,0.028670918491982486,0.002536503872119219,0.07103915081159833,0.6723762769900726,0.5914483044382439,0.5652151896415676,0.3290695638784004,0.1239264338330746,0.3672413679487802,0.31682045465624026,0.6128982297042673,0.7904759629114102,0.6869351782916974,0.045854863550310626,0.2682988711212782,2.3984006675537098e-16,0.07528244269290807,0.8942997121566412,0.22525629538441302,0.3422981460621663,0.8966947667838745,0.16042201367936143,0.25372184078329324,0.5756020810050647,0.8305181118228923,3.645338834265006e-08,0.3446473049677311,0.8353519444101781,0.8137832084270876,0.9335110110863513,0.485707825477566,0.5437798259945219,0.36139308238370943,0.42706823645298886,0.7287034347635325,0.5628093782442218,0.6515749526930876,0.572104255719293,0.30864468454933097,0.6435710683879109,0.28782109250996624,0.8519690456029947,1.3401029116126101e-40,7.330380220170815e-09,0.026074568267084604,0.002331288043405909,0.5432227737619788,0.045806107798146804,0.07836941387862509,0.20927116709439925,0.4011029409672319,0.21266284573337058,0.4363611000039848,0.7901780329526736,0.3469588473731794,0.652372672749212,0.8369685510572547,0.9437400455619737,0.29924498331566407,0.6986741465297559,0.2484551708083533,0.44741384994412314,0.4752782755446023,0.9904176386016965,0.2625970461151653,0.8962914709785107,0.32250579737903057,0.8810216908818032,0.18170729893137474,0.7250525933467581,0.3772262752232149,0.6713103864924559,0.3423076099767851,0.6358205128774937,0.9667205595620338,0.5574911586776256,0.5554731186695762,0.546273741997207,0.6985767619347926,0.3716172550249808,0.6975328102706692,0.6057278265038909,0.7890177427284006,0.4877987153737103,0.7081120556282051,0.3058981171772709,0.27094402507809434,0.02992266502957418,0.1604572129333496,0.11134661798389783,0.19597523204200096,0.0050941341719368425,0.07670937242757164,0.11765888255943747,0.18146380442191445,2.286417701850414e-09,0.1758975139534499,0.69176515094699,0.4951786900504115,0.020253279586556434,2.8721797041335494e-106,0.0,0.5497050890389927,0.014824206970692103,0.47978110809661434,0.45311114408060404,0.18911376939681573,0.5432162897921455,0.130293456444768,0.29128696019945066,0.7312556386539639,7.30160206261161e-116,0.2959990142339743,0.16314520833607465,0.7506463097969097,0.654308970475454,0.08763273081164202,0.05338811562022591,0.0843412846663241,0.12660943646932077
DG_ACT_volatility_3,1.1273923790249385e-09,0.24519879570389252,0.00013758286751188896,1.2546182391559838e-09,3.568337635262068e-14,0.011338120945505301,0.05285156318969594,2.3948150901187593e-06,0.00015981436832654029,0.0002838708756969827,9.600356163059254e-08,7.8458415784074e-15,2.890447944437836e-07,1.6290802315161683e-07,8.395869485054051e-06,3.2134665260830615e-06,8.34645399898279e-07,1.6330290876381874e-09,0.003911833773787255,1.639758998431256e-06,0.30196573853346803,2.9607803798137052e-05,2.833304920234474e-05,3.4728603695892247e-09,1.3018241812904273e-08,0.0225521393018126,3.474788485849725e-07,0.016839598684098532,2.998743699450813e-08,3.674298882445105e-05,4.423158675032778e-11,4.2158737096456225e-13,1.636173095011362e-16,0.4986448666539466,7.987753013178192e-13,1.400289481248087e-16,9.726229838282688e-18,0.00859241045386753,5.577250614264609e-14,1.2130898581874076e-12,0.00027957671604087635,0.8283067858955435,1.0317961785837237e-11,0.9960609397599651,1.7836908872709662e-09,3.297492947381753e-08,1.1976574026124925e-18,1.302564666332485e-11,1.0603466356292826e-15,8.047095904701441e-14,6.370583638418464e-15,1.3633713385114064e-13,3.8801188857395827e-16,1.6237689222437635e-15,1.7006553672541956e-12,3.9101999734938216e-13,0.7660557147225416,0.5353423224802236,0.25164615778917987,0.03289356356966392,8.825191783512574e-09,2.3245010361651932e-11,6.967933109054565e-07,0.0068869569157083465,0.002577642963946884,7.955186879454837e-05,1.5777025035095795e-08,0.0007954625511923157,0.5773754904657621,0.4732749006108703,0.7804091201263931,6.871157838908967e-08,6.0580004083947406e-09,0.002934271639813641,1.334954055916566e-13,4.369790760180061e-13,6.752151759654262e-15,7.242840129011479e-110,4.113948586357818e-06,2.6408406788355825e-27,2.604893499084187e-64,3.351822596084616e-07,5.3460817000175885e-31,2.56409988731208e-07,0.9436159643323921,0.6799725384462433,0.8932297214954867,0.8471420354840535,0.6569504813382253,0.7556642422436759,0.2155547625368976,0.38330953172205506,0.10019476736643122,0.1465885274531233,0.12745691598823614,0.8248858639234286,0.18766707610915045,0.0006176044935560979,7.772291178679149e-12,0.0033233381821241143,0.02790947428001375,0.0016889657137005804,0.01632491452999226,1.1810472819472696e-06,2.422674942232426e-08,4.192278115102994e-09,0.010063825111229512,5.038728871524682e-08,3.0231877327988066e-11,5.659552139689186e-11,0.6109800933861321,0.9933744774400933,4.373118390902364e-28,9.569519659660068e-32,0.17763758782590652,1.1407559891352658e-91,9.128453214156454e-31,5.96419428218737e-47,0.00011955661812465029,2.0543205190474082e-77,6.00429660114005e-38,1.636731912009664e-14,0.6229530506032275,0.7085836425919594,0.003330573889714909,0.10449492436650763,0.8434148489686267,0.5497050890389927,0.0,0.11197492362591069,0.13693857595184605,0.9037629876542018,0.9908526449199612,0.054741987451236374,0.27025296969716367,0.25946436477222296,0.5511134418888917,0.7134588457124714,9.192394453730953e-101,0.9828934084542549,0.935799565515419,0.004310971989932623,0.6560704333083853,2.3518524921651143e-05,1.6975285987011964e-13,5.921162711294414e-16
DG_ACT_trend_slope_3,0.8458467494030933,0.15319159600777274,0.28657950073017774,0.902380554524048,0.5344484929801634,0.5421215940745809,0.773685932869271,0.0012732583109025647,0.4683441207042285,0.057283588862415934,0.901602443733416,0.0317481416840775,0.03603402516473516,0.9237366006816145,0.654146660766648,0.8540032391609653,0.7725961267161261,0.9726504065818679,0.11776934106646782,0.010370719401386418,0.29918211385750576,0.23789434434775042,0.41686683894002585,0.9216167583081304,0.7215980129362506,0.03113245465633404,0.3984832823437545,0.9257832107956991,0.05174818465509349,0.05448570953648078,0.4819711215273068,0.00019083965748210055,0.7463675941994228,0.13657444678273845,0.6854174715176489,0.7407392481550684,0.7186445613832193,0.7823809455619201,0.38843684063940953,2.911938682429186e-09,0.10240550693309508,1.9987170173938743e-50,0.04211405351014954,0.02449538052888882,0.1660658665983328,0.06857540575070173,0.9275056938410945,0.021364634591086864,0.6546374515778143,0.24698534873445674,0.4714712215967449,0.7820160396768502,0.0004015365221987719,0.44272916419378355,0.553793194941714,0.9956653040776866,0.606785098629502,0.3128044681951983,0.4124160052689613,0.011252801117673603,0.47417985184456246,0.6717724510634182,0.4720494404512805,0.28518760785799285,0.5105751005545677,0.4350405971266512,0.7310081986348034,0.13876360071387153,0.5808791880708614,3.7485442047641244e-32,0.004619700740275622,0.6029468411435389,0.001017876799855343,0.7162330915470116,0.37047491823217477,0.5120262697870244,0.34486002527293536,1.3106976017659683e-05,0.9360073055945989,0.08164423621934075,1.3788738143292965e-06,0.46380746835071845,0.00308525767453019,0.29578967154884495,0.2718629577590045,0.7558757636426577,0.05460439447437032,0.6427866078890505,0.21479947832995727,0.3255271343256076,0.021618694831399825,0.5930455557301282,0.11342520375613267,0.49333124362501635,0.009276624625650112,0.6049842170707116,0.8638477420456525,0.08419369156614083,0.4888404890908285,0.6225204866821877,0.12218583450204876,0.9429525148598593,0.5522618282479052,0.9808101158198397,0.8711572548593587,0.7666066849166581,0.38584533471666965,0.5528848053732057,0.740374244900453,0.7128220969174484,0.12664577200619784,0.1050563050416778,0.4202095642954405,0.10435495433687143,0.6398943901415799,0.3014391435861173,0.5762837457225831,0.03879152164072068,0.6420069206163863,0.5507941911139184,0.9102352249861488,7.936187114017217e-32,0.004691188876382973,0.01387260542249455,0.6382321364014428,0.10363920887616132,3.331012660890991e-50,0.014824206970692103,0.11197492362591069,0.0,0.4455049963845275,0.1777521082047131,0.13339383671384877,0.8197625679034947,0.1761636917016192,0.29611307950658194,0.3595310650230433,6.563614629509154e-47,3.399599645052056e-06,0.01273369524929632,0.02772318737016381,0.5781782304960286,0.1166441144904347,0.002999748821945295,0.20953948113342868,0.43258524122114483
MATI_momentum_1,0.15205144261736928,0.3410422890729245,0.08686425533148878,0.8184897952047046,0.6300442077123325,0.2757872416172746,0.0019159021253464933,0.2175786869141303,0.8920800167198336,0.13054745276960794,0.7126679772782978,0.5394255183490931,0.41730462217748104,0.006724458815275618,0.3938446048759761,0.8610254364557803,0.9001304753771547,0.07187319445992617,0.4492314779640945,0.6478824187809608,0.9960661167905795,0.728204193006707,0.01164675362501854,0.13414575228875097,0.3444136900346743,0.19778257370787705,0.3715147189228954,0.04230368250083954,0.35784517138101757,0.09413777930843911,0.10510822867254528,0.030697867801227362,0.0049034563430278505,0.0024845583413198352,0.20067337800492735,0.0046570363642086865,0.06433419353767361,0.7671959982655032,0.6171936728840696,0.018417235583084307,0.888651485889745,0.11102162722246464,1.1078081133699487e-05,0.8527407057182343,0.0005257091524759388,0.0006122827110765613,0.23136963233832694,1.0998598196545618e-05,0.001105936103571438,0.094520456689419,0.418662983419959,0.028443277974979923,0.006378110503993196,0.006589880189770966,0.2127523987221753,0.28034751933006913,2.7449080428444296e-40,9.477496680206668e-14,3.5380006729139526e-15,2.2744439448758333e-08,0.00034776062764200485,0.16686281262217686,0.5856243893753403,0.6147806332623197,0.42597128113543664,0.8874692462861495,0.5082955171022687,0.15097070887150063,0.0240982246181728,0.6381748275147225,0.8589511003187225,0.002181820553783033,0.7679158270434915,0.0004738283093269974,4.7343940335355226e-05,4.922189436903349e-05,0.012220441085127747,0.4512088548366572,0.014316365173254958,0.016209847914672643,0.015706869295610257,0.03630047746982281,0.00010233662905470963,0.49410520327439955,4.641827137317268e-10,2.635334864851326e-09,1.7196554215715974e-07,6.820953303833353e-07,8.431919662817943e-13,2.344902651972989e-09,2.2285659095589883e-09,1.5310685717811015e-05,3.959415261339012e-13,1.7265820570654196e-08,7.149092749917869e-10,0.0009110295627544033,0.45255825796525945,0.09843761134385888,0.7649201362786491,0.7612298342811278,0.0018769767451980073,0.5601461262924338,0.12347930660766374,0.9513766121308177,0.5216469174365643,0.4527714298482708,0.6665258595654506,0.8015214438393216,0.5440282917024533,0.2542913473466383,0.5013749929426997,0.06280722977446536,0.023240750326665657,0.32897360499845296,0.23642024129320938,0.29749598388256887,0.05204440272845303,0.8123790309607324,0.0703200440008961,0.2607348524372327,0.01597264993214487,0.0016607552615083589,0.4736452306893902,0.6697780014487583,0.14166678377862318,0.8651153353617008,0.5391821305809654,0.47978110809661434,0.13693857595184605,0.4455049963845275,0.0,4.768112162176908e-19,1.6896147487786404e-08,1.0790628481572183e-44,7.868823167212506e-10,1.0902831025176922e-80,0.360409952416018,0.9569252877199772,0.45362370411803293,0.09864601988371231,0.9764802689573615,0.09927030872642965,0.312909612388043,2.400631999699565e-07,2.6361425180497886e-05,9.634535261792036e-05
MATI_acceleration,0.08622341919420978,0.21953413497717517,0.4766549017577002,0.7190208246277323,0.0535797766930117,0.10972228856718613,0.03392972627980355,0.22803213359610763,0.05308839748013881,0.25047302646001335,0.8857278111638505,0.023885412888007114,0.8142283995295253,0.4903625075711055,0.9429121690517355,0.9408361293166012,0.8903929647122781,0.011604690911891135,0.22661223601687713,0.308807482308529,0.22470757751411732,0.4106056619994551,0.3555161567319327,0.5869591106295031,0.1030813736581052,0.18751236947797445,0.010054738632607606,0.7408725972043643,0.5305297165073879,0.8850402310946673,0.8139491595011918,0.6047750784063911,0.21632178013745346,1.0730241026310502e-05,0.3840531522357985,0.2334213674400455,0.4427823480512293,0.6765908219376675,0.7969972087481939,0.19721604153451058,0.8372877859788218,0.9111598008476053,0.05217477169004854,0.9716487025631741,0.042347394666602735,0.05164198959201498,0.3939039339609185,0.03993158760978164,0.18905362283722937,0.40209074415191925,0.702317756791531,0.23916540782522708,0.5232398426465101,0.37065304618041095,0.3261532550768993,0.7883173452431932,1.0586077301119032e-06,1.736447049744296e-11,0.0007476146001135237,0.0032027851005939387,0.010233655733544456,0.6901161058175981,0.9398327738699538,0.5188193606648733,0.7755255869375222,0.7686871294118348,0.9720638335015921,0.9915285857409922,0.6373351568736845,0.06422585715829295,0.33233116625324644,0.9550278732658428,0.021529335688159637,0.4491933532856652,0.13619692208064407,0.14084828960497772,0.2844067419385017,0.3313927701083982,0.3243286668927275,0.22149081418998753,0.3820699685610743,0.40659630437593947,0.14258466631820205,0.6147128259407828,0.039566547306848054,4.7107736271499764e-08,0.08447175947725459,0.002941310111283561,0.0051724373841270255,3.3073189974232756e-05,0.012265622679427058,0.04355860991441855,0.0014288722654580937,3.879446366625686e-05,0.008311438645927387,0.09232793720644575,4.080069020793525e-05,0.0766677272581511,0.14986367355229324,0.586133067963657,0.7461078539659597,0.6708904528834503,0.40705532161498115,0.7182114020342704,0.33667878985816024,0.5770541875172781,0.8546352853780508,0.7637404214574062,0.3705573610845778,0.6122308442978861,0.7124878604872794,0.3130672372736373,0.3348501727157807,0.680222570990897,0.3516496423025522,0.778777622685668,0.3730529537477449,0.9331497054518498,0.3271490332603472,0.7076333543608064,0.3722900538966438,0.8958134360447064,0.9009496083744308,0.5324783112651961,0.5667466570402021,0.7699055992794038,0.7273178651576836,0.45311114408060404,0.9037629876542018,0.1777521082047131,4.768112162176908e-19,0.0,0.002797334541403596,0.0003309276341671687,0.007569038256057431,2.436453566741803e-86,0.8284504679823865,0.8124210368897503,0.43755194203917175,0.9740472046537819,0.30377982772681195,0.579562412327758,0.7275840592705244,0.013113667834004665,0.06014630144671261,0.04455637269526501
MATI_volatility_3,0.006270467020085124,0.37790604257619836,0.010928693638210094,0.001794969478969923,0.0037746247099661625,0.043005411410994225,2.586336291712477e-11,0.007605321246114034,0.036017603431724894,0.29819947341070263,0.002851806719941595,3.1826577515874825e-07,0.008261510334216885,0.9486789356716553,0.00014156831038237053,4.0286562588079925e-07,0.5829575501755815,1.8778324358021e-05,0.3205229126845454,8.152065372192808e-10,0.09500913687069688,0.143293765764643,0.0047580440551776675,7.630919329022796e-05,2.2727831176080433e-19,8.581467493940348e-07,0.8383013459061941,0.0005133432425289724,0.056161474256380704,0.0015546774378131494,0.0037843631644163917,0.186831979733461,0.06691633812905207,2.4280244000687654e-18,0.19859062601750027,0.07036539523809952,0.36348730669980706,3.773815248578759e-05,0.010109903426455865,0.015825851312674357,3.1475222206017364e-07,0.3020693622819114,5.7849073009743265e-05,0.005581160453854275,0.00037261556003369734,2.3140088201399083e-06,0.31491145241832225,0.0003937664891966637,0.03943690003340389,0.7978380868142482,0.7315322194682531,0.001663352517873442,0.0016276616765304819,0.0038508396780858535,0.6383221909716371,0.9291722786392416,1.5108684055548301e-30,1.0653147326539604e-35,2.9146755849154004e-28,3.236989962019315e-07,0.0004118369843926458,0.8469024099764805,0.23470389114215598,2.470714379865889e-07,3.306052572165426e-05,0.023591628895919817,0.1991613347995423,0.022593067376079544,0.0009118973730627999,0.00013308284321767656,0.00016033566548446167,0.569660227472138,0.851404286941105,0.36207497037341146,1.2001236646106859e-05,3.594583094346566e-05,0.0027588012856231414,0.408774000894643,0.000683938560787854,0.009856628659765446,0.4468804668002368,0.012108929899250845,4.2815378247121425e-05,0.8434343900070337,5.392845153675734e-36,1.1189512982326984e-102,6.998977290031119e-11,1.561403767080275e-63,6.55556076243059e-26,6.713946969538049e-59,7.619062724819862e-08,7.509410307101283e-39,4.3207574409956437e-16,7.406882315201613e-33,1.7075019208274239e-06,1.0808751192451934e-20,3.234168680993356e-20,2.5024090718008137e-13,0.05930785746832657,8.222712648792847e-07,0.003424727126052646,2.1041788057932927e-06,5.023672118423538e-05,0.0003722148028831113,6.557276911915794e-09,2.7493863047735555e-05,0.2835950842816596,0.008834190533917222,1.0635810666667278e-05,9.593453220646463e-05,0.007874215613168528,0.0003494557767957973,0.00016947132088684507,0.03689201774699386,2.4248035691820615e-05,0.0032204267660147262,0.00019002940346887504,0.3012828176323331,0.00886085245971117,0.004368429702617361,0.005161829249253684,0.06898030293630861,0.9051373623953859,0.12542197351359435,0.008717247217132403,0.033727449464392975,0.15325428638856092,0.18911376939681573,0.9908526449199612,0.13339383671384877,1.6896147487786404e-08,0.002797334541403596,0.0,1.5971655258285808e-09,1.926849909759269e-13,0.2407064126137477,6.377451352130143e-66,0.07048291674632177,0.4666961337123548,0.5298882668893552,0.12969939223430713,0.0031198342244818707,0.13028337386758648,1.6158554485567256e-06,0.001312941257082194,0.002997356401891091
MATI_trend_slope_3,0.8906875119136525,0.8682142624456143,0.1633233955169664,0.6633858809864177,0.30790660465841374,0.40785107883727406,0.0001564682645357166,0.37910212369574886,0.06649766610934083,0.3977930949156463,0.8798823368280279,0.014313457291494138,0.3054425762699079,0.0002377731418410022,0.08418466775278294,0.15106590197614692,0.4483292252564198,0.6104546800399402,0.000512937163924566,0.4153927211314617,0.16844517989900618,0.763255574807604,0.4047385334394872,0.0011864352534523062,0.617728236238639,0.8158215570724052,0.022394663114129954,0.0018241807021510384,0.10932446331843129,0.4719724340259995,0.5013692740342995,0.014195010478892796,4.002159282532948e-05,0.0054104215559161745,0.09779212534872861,4.256870784315411e-05,0.012281295919488651,0.795650927793103,0.822313133475072,0.0002353473988308954,0.9128448815515898,0.03293266569765941,9.656071367200378e-10,0.9708156270162652,4.438349257121758e-09,1.1998481273719316e-08,0.17068658234237083,2.8449971220457494e-10,3.4700996794198377e-07,0.013184548530991338,0.4879727583096652,0.0007564299152588025,0.0002350275107760354,3.622932496353434e-05,0.043918471044011746,0.6312637273128364,1.7806965508937188e-10,9.787847856669816e-61,3.6092803587717907e-32,9.879877953391016e-17,1.5415510411286733e-07,0.05579460126583583,0.47389168112514557,0.5449726350172166,0.11738356946262643,0.24190371273295605,0.44496026785898307,0.011458372496568413,0.000839759466715851,0.03167204047517509,0.6682361012626774,3.429335187169904e-05,0.009627400849077206,0.0009477522265375132,1.4585300091358262e-10,1.1173216865408508e-10,0.0002199225226517092,0.2420230970877775,0.0002352948263934598,0.0002906736491348846,0.0026324152243151827,0.0008922722447939924,6.242972412254584e-09,0.2986752081662028,8.710290664371445e-13,4.2611057713414975e-12,2.888354045777034e-09,3.2237374700234864e-11,2.289120470271087e-22,4.0351528370673144e-11,1.0154907914731625e-14,3.9835840039635484e-09,6.0320016106157326e-24,3.188531862613555e-11,1.2336072626997e-15,2.0598688893994723e-06,0.032587529528171705,0.0016933894845901178,0.739193672698466,0.5703179901211859,0.002087340942909529,0.6248175904074099,0.06453383540843964,0.6814525359028714,0.781489636220347,0.45289690887187556,0.48887849534521877,0.9974822402656145,0.9392938557964934,0.2264396033869798,0.5778459854634493,0.0010278876591506302,0.0004703547439206447,0.05833119257636064,0.1124054711780088,0.21347868371463183,0.009407741338103437,0.8746585570424109,0.024449685822940215,0.16036748274230475,0.0010487137609018597,0.00032702977150973446,0.5395418738686227,0.5675032997603808,0.002765452286972784,0.7716536947392578,0.3029501582623921,0.5432162897921455,0.054741987451236374,0.8197625679034947,1.0790628481572183e-44,0.0003309276341671687,1.5971655258285808e-09,0.0,5.501563494460723e-07,2.4361874748364878e-27,0.0779437419860203,0.5434893537075332,0.19772336704331028,0.054310830157852236,0.7472677901576209,0.001031011104104604,0.05708247011963934,9.403169378681695e-11,2.8200699792508267e-09,1.4053783137379486e-08
JML_DEPLESI_momentum_1,0.015890951724507753,0.5614807487877888,0.045941111211627514,0.31768454606916546,0.824900755165654,0.019562361556603455,4.5880412531230396e-05,0.043669760255639366,0.9750443716419626,0.692384136876447,0.4872345470485374,0.05916592351281769,0.0316298573072797,0.04725525789924211,0.0010280172361521384,0.008194585656760423,0.41263655825448614,0.00015475750159149072,0.02037792655349461,7.618758118163321e-08,0.06083749324456444,0.8238429304078748,0.0001779247664440565,0.00027857961290456623,1.0905910697069466e-05,3.5395285615241206e-06,0.34287390226685105,0.05038701523058945,0.4095072184270993,0.027595732233728333,0.15569828925182827,0.6624241133224739,0.015344971072866325,8.092548847750153e-203,0.029767393530833235,0.01627430067149699,0.08178052217430162,2.912526430029916e-08,0.0023716248249481178,0.00012545905696722994,5.499251315078605e-10,0.00010979233689781632,1.5409192914621898e-06,0.002141071164629048,3.996014282936427e-05,1.8842295409320376e-08,0.5613506022090845,1.5582039083998046e-05,0.029938490613152135,0.8355302750051962,0.06876474552317395,7.840551322878028e-05,0.0006949355225725137,0.006040806683410662,0.15328852702281778,0.20130803211975742,1.608015807654238e-44,2.4808378843346355e-30,9.499043411073308e-18,1.99822387145151e-06,0.01754190531805306,0.7097158035560664,0.5929390617123442,5.006633589383839e-06,0.002372879305220329,0.02828238903730502,0.03410637884308686,3.7303635694990095e-05,1.8331193229770458e-06,0.00022944377396071026,0.014175841408949945,0.4533083737934089,0.5722867852604232,0.07243081015519541,1.6476566596719538e-07,7.06580422359101e-05,0.00011222290706532305,0.6166023093431385,4.6947705517476664e-05,0.0004912333597295483,0.1654207234955059,0.008904730067298576,0.0007089549955173921,0.1727009428029305,2.2700735548641754e-87,1.1632777621020642e-21,8.398971868948037e-66,1.8084691687643085e-79,3.5684087654794467e-44,8.90239201376384e-17,2.0504424677548248e-33,1.463079173160449e-37,3.310843039261741e-25,2.751822376985366e-07,5.393237400648837e-23,5.338230977314612e-16,2.820650935496244e-145,2.9664553900468415e-29,1.5512688725236035e-05,1.2654877804281698e-06,1.2414550526866117e-09,4.6369422002380896e-08,0.0014801695949413095,0.00010212973519470504,0.0001007317016051065,6.913224525918147e-05,0.0010013633771060613,0.00018447928541899641,0.001015282254179463,0.0002355855232360305,1.433329507491226e-05,2.0265099004964402e-08,1.1084830717401093e-07,0.0005933405080536543,7.744204756458568e-06,0.00023022378473915782,3.434161788105064e-05,0.10596792652792518,0.0009528359997335381,0.00022476491186215858,0.002006154119586564,0.8523871302657878,0.0021849587395601213,0.6829392530931685,1.883439612929386e-06,5.652485610891732e-08,0.8109458496826594,0.130293456444768,0.27025296969716367,0.1761636917016192,7.868823167212506e-10,0.007569038256057431,1.926849909759269e-13,5.501563494460723e-07,0.0,1.7780038386102697e-08,1.47734553854832e-24,0.6490499158733668,0.4711858591168974,0.0031381320089030585,0.9238601856004279,5.982478132326453e-07,2.5222115244769954e-07,1.3912364923994648e-08,0.0001707701703396333,0.0014668046575879992
JML_DEPLESI_acceleration,0.1083192703549389,0.3276974431335448,0.12660083115084925,0.5495452861473392,0.2944804787477466,0.37860928771885133,0.5876662759604088,0.10230921182968342,0.5972783500920757,0.11829569146947375,0.9761912005858896,0.673645797225366,0.3856898739382469,0.08184618472621481,0.2951247536699245,0.3910190793271647,0.7143605578103838,0.010412475456179035,0.2490696629750873,0.7071787073072043,0.8512862750331133,0.5935272039504565,0.17561998948650434,0.11049080580686957,0.0777321228732357,0.30997859430229224,0.42211840417206986,0.08807670321241833,0.6351115992479903,0.7376459766321147,0.5215541989118645,0.041795391188017804,0.12669229321094827,9.393594620234285e-09,0.7684428613542081,0.11923669493585215,0.3535944345814052,0.8397422884578033,0.9338725632233568,0.2262449950873327,0.9114631838062718,0.20346508276194578,0.03209437867621386,0.9561504741428892,0.055608564125818605,0.05926474149084225,0.8988754080418233,0.030790848619795898,0.037949991582550684,0.39572019796388136,0.9137911416885605,0.2651939819673288,0.0738404315870433,0.06513784968313084,0.6702060951095603,0.5847496260343942,6.065472333529409e-18,0.0008660997657149258,4.2177088153895465e-05,0.010689720143198193,0.28826000672576235,0.3808995511231669,0.6935030174011401,0.33676664092181013,0.20773275789842235,0.6222962365377518,0.6012847751035786,0.10643258181112708,0.08516167380945801,0.799181726200619,0.5610488187280801,0.009311297188783417,0.7136430666703316,0.005173068144906957,0.006457446360931879,0.0057140398765479355,0.15711727883644858,0.9154174666301247,0.1390896394732108,0.21678755944315345,0.24857367606833686,0.1637415502097369,0.01733849203071744,0.8232434332958384,0.0077653753081947975,0.6810270814250775,0.025930970594976475,0.12147475989449044,0.00047930140525847,0.6110465065982584,0.00896182450978574,0.05293954228674891,0.0008268951081903128,0.5749314605774585,0.008090386472585729,0.1256451971814642,0.025879660530438702,0.0003190906239272321,0.1366536486939682,0.39693369922549787,0.023630260125980983,0.9512956265278367,0.05427405176447557,0.5595860088962823,0.5022354413399565,0.9918455952617191,0.7769300503358835,0.7919146658108547,0.40034041388607244,0.7416723876346,0.9742904776149393,0.22666858530476922,0.16638877491896223,0.394284264675492,0.8439110970068016,0.5811717762508967,0.380055662027738,0.8605049004368494,0.5633682511809284,0.5680168929282944,0.19064547986481856,0.02885264300352069,0.6135797853255859,0.8539532279973904,0.15816931162676182,0.6559234261567992,0.7231352708489059,0.29128696019945066,0.25946436477222296,0.29611307950658194,1.0902831025176922e-80,2.436453566741803e-86,0.2407064126137477,2.4361874748364878e-27,1.7780038386102697e-08,0.0,0.3465065635942009,0.8563000759346993,0.887198515800424,0.22696477398779413,0.4827861503885084,0.10703174396941184,0.36047761801920397,0.05935341449276323,0.036374462796875694,0.0696347901925912
JML_DEPLESI_volatility_3,0.00019630375598722106,0.7781266063978876,0.007231461035818186,0.003305792797557037,0.07147099009546579,0.04162851585077903,4.3993961594345e-07,5.6317880939138236e-05,0.023723379992161536,0.2105248797973542,0.036700730611197385,2.4202034117200978e-06,2.4668988741610326e-05,0.524772179834844,0.0007349122507853299,0.0008391371765077581,0.34324170617120514,0.00010735378713153236,0.1676669075540842,5.029568243027299e-11,0.0025103792069817808,0.26457260810164795,3.1432341335749845e-06,7.678167735566552e-07,2.9970628468142825e-12,9.24162999483773e-06,0.292181214896984,0.00016329724125762753,0.015588677906027727,0.04087962458461521,0.000266345253342311,0.288375180594634,0.9768436501414929,6.957313362527454e-22,0.0023891803213698833,0.9828848852660242,0.5983685751738184,1.0144201667477622e-10,3.804675160646616e-05,0.13981640839562215,1.091622419473688e-10,0.0006210015352624779,0.12188536485444308,0.0009005732621276347,0.24320912664099859,0.010313873265040822,0.07434396030249875,0.34007938449871705,0.8515736569520802,0.09850366418638391,0.5433350824833685,0.07598504637815287,0.05423506030637114,0.2097865028246835,0.6168406707797663,0.31118754770495477,4.961538299428503e-21,4.836668386464139e-21,1.2997837874369016e-09,0.17761342550985443,0.659940306847192,0.38527020026620784,0.07493931935342699,9.053907153444978e-12,1.3723153861375606e-06,0.010435146611324548,0.041991846239501,0.0017724838410597317,1.0948648565664087e-06,7.683949757053312e-09,9.652628911061931e-06,0.15155024151092578,0.32842567340357454,0.6362267009438677,0.00257810612850247,0.021712307539517566,0.07531550709057049,0.3371863700189527,0.037514919019103934,0.1566214782896328,0.9772335154482921,0.19274693562150924,0.010761628184144056,0.5514091458423219,1.7294513156194992e-28,7.56542240087001e-99,0.00019297483963408809,1.5143870746874979e-65,2.6374522649333584e-13,2.203927998934958e-31,0.06343998904156913,3.7586325317312775e-29,7.264548772687989e-06,1.5461602330480812e-15,0.290305243146706,8.058009163349816e-17,7.254568867214413e-36,2.768839954749527e-23,0.00012553477293814267,2.5982112528959954e-11,3.5533065370463024e-08,6.161001092335887e-12,7.170884150864588e-07,3.437936113112492e-07,2.902273078940513e-13,2.2194299499884712e-09,0.033271554254234864,2.120604550961406e-05,1.6182478926839924e-08,1.9757288965687227e-08,0.0007023248648393743,4.560131983810237e-10,4.2595412676578336e-09,6.012817259079503e-05,2.534451919073227e-10,0.0005508808484432155,1.8146099612829672e-08,0.04468180166098248,6.518198743645496e-07,0.00044884065390471775,2.489301051890817e-06,0.8430960746623022,0.19989241250458578,0.05721039178327712,0.0007461972668800403,0.00010029767977074504,0.581112322438132,0.7312556386539639,0.5511134418888917,0.3595310650230433,0.360409952416018,0.8284504679823865,6.377451352130143e-66,0.0779437419860203,1.47734553854832e-24,0.3465065635942009,0.0,0.4607326932365126,0.3528103456067845,0.34338435547764323,0.04601920110426369,0.0003047702983762263,0.00024993085757115313,0.05330203446647407,0.6117288456128347,0.8485189586325165
ABW_ACT_acceleration,0.5860661871240057,0.019743376397219264,0.9434024533656084,0.909021030935998,0.09962843311330243,0.1116035454051048,0.4184060293041498,0.013702958503756737,0.9029619968483237,0.1577753923302531,0.017602104038036782,0.0667540349652659,0.029488976393532613,0.60748025689922,0.36858289094303065,0.025926789240094505,0.2464537876881028,0.858635299377066,0.06482004954811964,0.8238410092157686,0.7260026280195239,0.10631045432985944,0.591592959109796,0.6923793985341635,0.014277698729099675,0.0016009106615215666,0.07156237542371778,0.03246148417100061,0.7213332663035122,0.16844447572414814,0.4368009191234982,0.1354980824406724,0.5647554452628984,0.6845299350119008,0.6403710270277422,0.5542279166547254,0.5581467821328964,0.968501053844391,0.4342683226302961,2.5932404230081614e-06,0.08585182885502511,1.1563054348607525e-49,0.7778113010306915,0.2798179549441655,0.8528863713615333,0.8043905691463851,0.8904821424531293,0.8797636895331672,0.5289315964333465,0.3004156664110739,0.5775582502818147,4.1820367481073345e-05,0.26737261465383405,0.5758506226042382,0.9040223159392461,0.9771395285886652,0.732546520305236,0.9425096360523357,0.7309478184091046,0.4591991042152237,0.5344008637306312,0.5042624490808656,0.46276459543705334,0.8995238028436101,0.6278423874129683,0.9726518527417901,0.3326885063006398,0.5214652776950446,5.227260516241526e-25,0.17245050358287206,0.8267110832916401,0.037388472589972535,0.020146171136794244,0.17090348153624665,0.4015576143122506,0.5576787263583594,0.8876386361244935,0.0009520644358317923,0.5211254244302903,0.4636511326600419,0.0009652189704754634,0.4607141225815517,0.1509791824041124,0.5159378866402783,0.8040659175539436,0.6423123804043804,0.8998461589187466,0.7348035977009252,0.9294904973717637,0.6190383724181963,0.7244020326346775,0.7022492223827957,0.9506309439550423,0.6328710165826569,0.7295998050162775,0.5808912690262434,0.5142261202391761,0.5348688987189654,0.7273557716511442,0.895022029532267,0.4549898762476911,0.6072412021924831,0.8427972582529734,0.6066337096227097,0.8122511506180271,0.38498785096167465,0.45087725015947805,0.46926760517500704,0.6713189477469835,0.45399922411132154,0.2759548120733015,0.10304498192693412,0.21438723947558086,0.010642287961800287,0.4120123908414032,0.07149959105489502,0.4976711235916564,0.0009972912515036204,0.11156267795072099,0.12227150512180739,0.2865733157394042,3.2101442460750976e-28,0.6129520251896523,0.09054609787023785,0.7502859309173409,0.3482380441097209,1.0845046018149397e-291,7.30160206261161e-116,0.7134588457124714,6.563614629509154e-47,0.9569252877199772,0.8124210368897503,0.07048291674632177,0.5434893537075332,0.6490499158733668,0.8563000759346993,0.4607326932365126,0.0,0.0009663830522014555,0.77638352593405,0.3204130810261924,0.9301280694069852,0.6131534193058648,0.9222090060890613,0.5185473144176966,0.45369558032660834
ABW_ACT_volatility_3,7.106735725157824e-09,0.09939135559045172,3.565271866072127e-05,1.2571498438980517e-11,1.5584926146593484e-11,0.006645202119963809,0.013887983343998,2.2177871539202164e-05,1.0296566426283354e-07,6.56676374083645e-05,8.065804892384034e-12,1.1661026643587477e-16,2.2316267184834314e-06,1.1893795057071819e-08,3.749478691721966e-08,4.0183493032417754e-07,1.3635640732631193e-08,4.5278595948679674e-11,0.011014368024297116,2.6816171727864164e-10,0.46699305284318376,3.2832466435962202e-06,1.0679099110157536e-05,7.361692852849244e-08,2.9385633399867214e-10,0.04313698921703018,0.00034222992667825187,0.012945567853353875,0.00012837224649040794,2.1084106488653717e-06,4.025253768317964e-12,2.9334598814790055e-14,8.043172092512687e-22,0.2434758178335777,1.6033698357213168e-17,6.930817205792249e-22,5.283540644296006e-22,0.00210034975101044,2.8579275490618796e-13,8.245851569982368e-24,0.004658277627620245,0.00037402937640785503,2.887415325116892e-19,0.44583809998265794,1.4666667334836706e-14,2.582954928546207e-13,1.260947883381268e-16,1.2336233552964267e-19,1.0681203036138709e-18,1.3121337954698193e-15,2.6363912466376924e-18,1.8927546651641795e-17,1.854268803520342e-15,4.581547777233755e-14,4.681206849795515e-16,1.8761441765347855e-17,0.21676873214328093,0.17564807458498957,0.02279040862381217,0.0007901435307824434,8.541337976899834e-08,3.7257989236050345e-15,2.819275544580945e-10,0.0002042753275983861,1.1157707428597268e-05,1.0924147366645331e-06,6.352335093392233e-08,0.0025462249105212605,0.3911607764210307,0.006037880055606033,1.5679776090517613e-05,4.939070487309831e-07,4.0062096308004297e-07,3.772208628378616e-05,1.3827348621527508e-13,6.873443961630395e-16,6.063921575364165e-20,1.5423330346998924e-284,1.937721138803298e-07,5.1431607712753366e-39,5.1556756237811396e-92,1.5580511155641707e-08,2.517063660530422e-36,3.971636362130662e-10,0.17421656774023692,0.707520761970854,0.05677903393616357,0.5484890744247806,0.0696616901379411,0.41097711692092376,0.0007060197674319457,0.40360340299809105,0.0026079512917219945,0.47300475686043214,0.00010985550828257634,0.5365963546502014,0.7821533565679634,0.00011627113891690151,3.2904608125147014e-13,7.246644277615341e-05,0.041417123316242,5.3172549925382736e-05,0.0004780865518115358,7.715311799175913e-07,8.507253003258815e-11,4.968822331157005e-10,0.09229117056968876,4.6031737270886025e-07,5.461760037044422e-12,3.623897998740076e-11,0.5417204367033566,0.7828589351672264,4.822298642766828e-31,5.594769769642257e-39,0.02031778603377802,3.935597457598452e-93,1.9954539832229082e-37,1.8404384646792635e-44,8.051891955575572e-05,8.984381402892843e-77,1.465822611336848e-43,9.49251950265511e-08,0.11434981640561687,0.8935248837429134,0.00562338523862703,0.003364705956252339,0.00015542304180302414,0.2959990142339743,9.192394453730953e-101,3.399599645052056e-06,0.45362370411803293,0.43755194203917175,0.4666961337123548,0.19772336704331028,0.4711858591168974,0.887198515800424,0.3528103456067845,0.0009663830522014555,0.0,0.4386906545558523,0.8929555770234427,0.009179945856628551,0.10408175345338845,2.97090102236515e-11,1.7722138233899565e-20,9.6296956775966e-22
DELTA_PAKAN_GR/EKOR_momentum_1,0.003929095212195138,0.05655458068580648,0.004693576603287529,0.0015491447309608495,0.2772484333848787,0.04676859436775756,0.38518085543491376,0.6265672572669587,0.40809193245945186,0.2537389440559463,0.7283585485774291,0.7701551966088093,0.5908510820382,0.33065780666398487,0.2793488684627179,0.2816348047258482,0.9198589269441917,0.47172638351133145,0.1573366614460428,0.5881175978522172,0.0007969515247310319,0.053207329264732046,0.011872755222067414,0.004335830392294601,0.9845877493714426,0.1716044651934145,0.6978694065435169,0.3092435641807056,0.5262572269493825,0.5295282417817897,0.5765174726539408,0.41755901398148015,0.416351186095267,0.009534699954548944,0.6149491308214848,0.4102638048653672,0.21059611775365308,3.489431108175878e-15,0.5711073917017271,0.6668827575033548,0.9191165489353094,0.01464276580119261,0.8016009990034307,0.06147245176289491,0.8504961762840669,0.7765234594683521,0.9335638557271456,0.7643966845433232,0.574409925493846,0.1414279606068967,0.16626754420178733,0.7824619771883461,0.49109325153820416,0.10847465175204155,0.11820750657193295,0.12898083185567488,0.25919395844273646,0.6774070930070105,0.5933477315614474,0.8263949721451553,0.3593424317233273,0.42017503893079944,0.11409503516905044,0.0006423886583696619,0.007327446256909126,0.06642245332416757,0.00912509710094112,0.2419052105020596,0.014794035381894626,0.9476093520724646,0.017814994513220862,0.3261475563643608,0.37648384559934167,1.066632305508719e-16,0.0050449105363176506,0.716884920662759,0.985760391102288,0.5725915900033456,0.8693719305041503,0.866972415065469,0.034469130462311356,0.18460032460261216,0.0676817146631016,0.02426420482465628,0.12239485954877896,0.5402627756146813,0.11342835715345426,0.10184693585412558,0.49441698177457744,0.9236854590923088,0.43045344285215154,0.6364438209122756,0.9424305845275026,0.2040971641030602,0.49218470490726524,0.2654010525538718,0.014797043020907704,0.6372874452595153,0.4573789157960829,0.4175669477744975,2.8103503041580122e-11,0.003709363871475846,0.6574099914942814,0.984071657472902,0.0055184444668861694,0.03900158387337737,0.6150216813421893,0.6655423937248794,0.12326668209800637,0.06409873164342228,0.4838070964852844,0.023088023528211973,0.08951215999009836,0.07522831936671218,0.7359273414164165,0.7372530261198746,0.8989504624347204,0.24089661568212428,0.8667345885324161,0.6779168533540342,0.7900819376488999,0.5887397434193018,5.052369295092619e-192,9.707114556510781e-51,0.022053871327483047,1.2648757035592092e-49,0.6388207499336035,0.16314520833607465,0.9828934084542549,0.01273369524929632,0.09864601988371231,0.9740472046537819,0.5298882668893552,0.054310830157852236,0.0031381320089030585,0.22696477398779413,0.34338435547764323,0.77638352593405,0.4386906545558523,0.0,7.838289337709331e-64,0.0011286313212344086,6.721996662691295e-63,0.8942602540443715,0.8604592852848326,0.7194575675883961
DELTA_PAKAN_GR/EKOR_acceleration,0.18054188969298943,0.44064349844252515,0.24757271806392545,0.0009002461808381429,0.8480244132186777,0.787641263085078,0.11600691651109905,0.10966626402500886,0.11275239417370189,0.34436051124039807,0.13416109948157895,0.8101595421021671,0.1927205342939956,0.4629690878541664,0.23670905960836247,0.3776887182927999,0.29121991490852506,0.3520815174978563,0.10858464083528205,0.12954283758972324,0.657934489987034,0.2412610261060834,0.4032648620686988,0.0009929109725565482,0.1442123776389177,0.9733346019259844,0.03482191680548742,0.7483695130799568,0.9115002315250391,0.7334709809617088,0.48180309681222094,0.7075327554615087,0.8944350846254784,0.8321813929660948,0.676270379168132,0.8901507928010506,0.9838083322233131,0.16873631952235268,0.6424232492002424,0.6783963848693976,0.5378893204213502,0.5459639606983103,0.5305254086523072,0.5110434264685283,0.8490910641326386,0.9195878312660662,0.4698836731722819,0.6600594858463777,0.8566023450416131,0.955348346375677,0.9905285234974281,0.9703808216865455,0.5597679145713188,0.5786867272528725,0.746147214945286,0.9772293167432795,0.9158391514853591,0.8704704169843847,0.9093952805627473,0.7961527432165255,0.7140899453847402,0.8938311733932048,0.9543925239685159,8.139289059085515e-13,0.2628204952155892,0.2552513369458631,0.18713809255019417,0.5478473507949878,0.6872833259668816,0.05240681047939955,0.052405785170503955,0.27097468661999663,0.7295701785652672,0.7958684343704869,0.2939428448581399,0.7193461551659514,0.9673441255813788,0.953576600656947,0.9359038565442764,0.9796996211225382,0.6060429645813582,0.944479598478492,0.5006276497325491,0.7135961421427949,0.9614637463345194,0.5460629435426553,0.4493346531363276,0.734157617163827,0.7165165659196548,0.8173921991666138,0.36542539266155516,0.6943663182871828,0.6569692223998554,0.8279446926339203,0.37864739371346096,0.5056802786018443,0.4268477639076611,0.28111113418040146,0.5453179909396408,0.1027118821703698,0.5399110695703025,0.554667025570475,0.3065000123146745,0.5481632226306935,0.5617883472452215,0.815866187512203,0.8869264211022317,0.571858161908157,0.5363912482534966,0.8770582419093018,0.8882070621073096,0.492169345859287,0.6453681482309305,0.3213255716208756,0.5004152320170041,0.7210362902944715,0.7166461407287747,0.9397136045229729,0.34088458617807305,0.5715232639085736,0.5960561842007074,0.8503537756509036,2.674563273684997e-51,2.416878360525222e-202,0.9420407631418721,0.915485041890858,0.37859148709055335,0.7506463097969097,0.935799565515419,0.02772318737016381,0.9764802689573615,0.30377982772681195,0.12969939223430713,0.7472677901576209,0.9238601856004279,0.4827861503885084,0.04601920110426369,0.3204130810261924,0.8929555770234427,7.838289337709331e-64,0.0,0.6073796675773113,0.6799341416726746,0.27286358925446896,0.6063006825885381,0.7350317140294961
DELTA_PAKAN_GR/EKOR_volatility_3,0.0006935712053268894,0.011671370016116884,6.995421974981874e-13,0.0014640312113615025,0.008354159076023746,0.0025856129689754096,0.1419152839222275,0.007363754940041164,0.3575698008150341,0.15470518618286502,0.06421029356050417,4.969810120157575e-07,1.388096905456688e-10,0.006154182723738413,0.0003168745043337985,7.521141989595167e-07,0.008776865264233916,1.5134779437694024e-09,0.27818951283323007,5.165874228825001e-06,0.0009130681844745876,0.00012536609826076893,7.335392841055527e-12,0.00038857340471838356,2.631809759138669e-06,9.620062941225255e-05,3.3610606080669203e-09,0.1659762915434878,1.7190511266928695e-06,0.2607592463185679,1.2283963771479224e-18,2.810307654809366e-05,0.0005363697411749579,6.770591196753746e-06,3.0149133468575387e-05,0.0004974409407665807,0.0009034207122973868,2.0433046177225165e-24,2.111791454708453e-14,0.26858762149692444,6.816188473891967e-22,1.1736960227787727e-07,0.0037203716718338755,1.8784853837851423e-06,0.0012726223852767436,0.2683737139982871,5.750123545283693e-10,6.478089459180347e-05,0.00034637788514333795,2.0674314828657307e-05,0.012072512453891243,0.2967617334986212,0.16618311799312413,0.22698693717968843,0.05792956970608277,0.044695089116381696,0.004713856778829771,0.3085381978761938,0.7399054812741234,0.13265420177029832,0.03591065931556277,0.002154000328467387,0.0021116146628462657,1.9881021322788996e-19,5.837983384867376e-14,6.201115066145582e-08,1.2654940271778343e-05,6.6759792249179806e-06,4.701065910692137e-11,6.066803572720778e-09,2.3239322691032527e-11,1.1457183585433416e-08,5.017907187566473e-08,4.441752311064362e-16,0.111242120283234,0.08606948409079028,0.2236329694958183,0.007294514736787623,0.45264193517517526,0.09375412297839059,0.13083501412434886,0.2507697179297502,0.5714770759769029,0.05293620825041241,0.0018633925904428703,0.0037612109816254615,0.038393010485516854,0.0001333424611184306,0.2126427881185408,0.04945849267338837,0.7865493673470361,0.0045860151373826276,0.8399461817303489,0.9195563882726937,0.8621126409577461,0.1733719958850807,1.0690018217203865e-07,1.44189610256483e-05,0.001015633024579315,2.1928260657746527e-22,1.2009792171485166e-87,1.3497236856019673e-44,3.264567329697638e-07,2.2031436385775e-17,3.3014084346518834e-45,5.481521159597099e-41,0.0004318016386583361,5.1356377259303176e-17,1.1837769369731325e-27,6.453652175734598e-37,0.0035009611016450595,2.855772985004748e-15,3.1044634920409055e-17,8.134733084933623e-05,6.407414819620691e-21,0.009460294721930015,7.924114563381668e-13,0.000174138455401157,9.139782313672091e-22,0.0016165946463338639,5.545678280646843e-11,0.0024066920088101755,0.04582006842175735,0.9889874922278169,6.268619670689463e-207,0.0011431100886122128,0.7935125544680202,0.654308970475454,0.004310971989932623,0.5781782304960286,0.09927030872642965,0.579562412327758,0.0031198342244818707,0.001031011104104604,5.982478132326453e-07,0.10703174396941184,0.0003047702983762263,0.9301280694069852,0.009179945856628551,0.0011286313212344086,0.6073796675773113,0.0,3.258353797534152e-06,0.017491498036272438,1.6782215553270026e-05,1.8083155202509404e-06
DELTA_PAKAN_GR/EKOR_trend_slope_3,0.0020559681829886945,0.04215448920255875,0.003645317195326036,0.1517270014869766,0.17648507800873442,0.004499464501102139,0.8092217371908444,0.42678115157652374,0.6619549941494245,0.513462100128105,0.48636533714124347,0.43520643854632185,0.7683472575824372,0.9218020572462301,0.004286905249076997,0.96687958257855,0.28934756531267564,0.2888381690679447,0.0030118896548218766,0.45182949373568526,1.2262381770818892e-05,0.0830071515870362,1.4138447263473817e-05,1.3884901431174356e-13,0.08092099020926975,0.01204587303363851,0.014368700343104198,0.07207252903485202,0.2577543580126591,0.14653461829314865,0.30879732361537726,0.513613439400363,0.6253198241118203,9.92838885872517e-07,0.5936631521310243,0.6052669786775677,0.21723234803642918,8.630393081860677e-25,0.30781828509962506,0.3491372466941662,0.4900814955344852,0.00804580447933258,0.23953451988017485,0.06647314603825402,0.25919754107962106,0.1743747271086606,0.6967370993386008,0.525081011830209,0.9017853607697905,0.12969835181239464,0.12231590450332071,0.2794305300928007,0.7924547440837566,0.24097429465966327,0.1395977010748053,0.05686900533130194,0.0004646838241918182,0.04770993640097891,0.46026605410524185,0.2887434080393122,0.3602987546348552,0.38424681844946923,0.043122480752160006,0.012723737476102892,2.2551315307028871e-07,0.00011264749908261853,0.027003957870262735,0.10032735375481854,0.00028410841579955726,0.08435784331002492,0.055745980402774474,0.4436726252702452,0.6083630640936776,3.5109591582370524e-40,3.2412145240324167e-09,0.10346843090629054,0.4263540345398836,0.1552750400464838,0.6277385693341855,0.29378986851792066,0.0003082541552509251,0.15139219410718316,0.0013728776448824489,0.006293333939706549,0.00010876303435763858,0.0012467605053244047,0.0015174289673949865,3.090745458095892e-05,0.02413215584012926,0.1456325327792628,0.04354337997474887,0.043793210742419285,0.18280798562745132,0.6361943126783531,0.048115997712169484,0.7223946902277926,1.698510279615929e-06,0.9234693470992104,0.276200232179201,0.0036200279384302723,2.3256316460136167e-19,1.3997808045834568e-06,0.598763804308655,0.5197399477911938,2.406465143118918e-05,0.002132921990896887,0.8286298352944271,0.9945046576915203,0.019679024201979898,0.008933650597118984,0.9258360793899482,0.000308016234109114,0.019848758695180203,0.00033565914236148,0.604181751622236,0.5548138367796442,0.8425117240411379,0.09195740916757042,0.8888036727459183,0.5782528468100753,0.5148973893759593,0.6594635505003222,3.1704312982543892e-55,0.9731815295894608,0.00020109932488808068,6.136445673164114e-216,0.8824864118007125,0.08763273081164202,0.6560704333083853,0.1166441144904347,0.312909612388043,0.7275840592705244,0.13028337386758648,0.05708247011963934,2.5222115244769954e-07,0.36047761801920397,0.00024993085757115313,0.6131534193058648,0.10408175345338845,6.721996662691295e-63,0.6799341416726746,3.258353797534152e-06,0.0,0.1115704680244019,0.5290711804611098,0.6567245504866047
FEED_EFFICIENCY_lag_1,0.17503592001970922,0.8667837416636364,0.30717898091823703,0.10766650063336126,0.042786420263654354,0.732373050042293,3.281429967174335e-05,0.11357130822377205,0.09220589065109998,0.0005529912363515106,0.09596969629193494,0.6816696019494719,0.003984548765841904,0.038504887021400896,0.18501189545456925,0.11169447155716578,0.007154950416878673,0.4734399346846313,0.9360438041829028,0.6974127779486009,0.015527503398505477,0.09489740776162393,0.5359653339423451,0.6854488606204608,0.5417515249540696,0.16542686573024729,0.00014965947124081523,0.047598528758032166,0.001203204523198416,0.020214994176439776,0.0015131082055505896,4.8912697608655775e-06,1.6289477447136e-55,7.367503081989772e-14,1.786452642098996e-34,7.046769568361426e-55,1.1512780471558098e-31,6.457738297592787e-05,3.5554296447596025e-11,9.06827351282418e-46,0.004832553750355043,0.03297701025670606,8.69421215007864e-145,0.904958051797644,1.8957943622580724e-83,9.68997975729346e-78,0.01087491992646795,2.121386747649092e-156,7.466520142248689e-55,1.4856762580060473e-25,5.693253414195835e-17,3.978550217007421e-41,5.711904273543195e-37,1.0258931696013235e-33,2.5927456548875256e-24,6.220658364284047e-13,4.292217597099731e-21,4.945665956636859e-22,8.592588580538718e-22,7.09063794665756e-17,1.9346495144933094e-10,2.0765947970161496e-26,2.3316529372152687e-15,1.848669509569066e-05,1.5103444349679477e-05,1.964676436983973e-05,9.635402121200522e-05,0.004018223951927138,3.9529833891751485e-06,5.064523484569368e-08,1.3528272227444355e-09,2.9150680990770724e-15,2.25005993958207e-15,2.6834473317672583e-16,6.941259479478956e-53,1.8060263983473528e-63,9.086453380628562e-45,4.649748944580482e-08,7.658019171899904e-40,8.939620312535094e-46,3.1440694973687823e-22,1.140390247792064e-26,9.53117731485984e-48,1.34317863124915e-13,2.1259056856093024e-23,4.15087494783061e-07,9.76855540013424e-31,4.734692516909269e-13,4.040625931498748e-28,0.00012572288086292374,7.292863415161967e-50,8.464293693778878e-06,1.1076967020524303e-32,0.00832054786380257,5.850499151949611e-65,0.06720466538769189,0.0016581598352980434,8.807042600679648e-05,1.685760797921043e-20,6.709642467155946e-06,0.008875151332252026,3.2596617533181557e-07,0.0006494894391609991,3.1569426933939135e-06,2.249350793255682e-06,2.416320156502521e-10,0.2923013078323849,2.8930202544508897e-06,1.763687337451893e-08,5.709290713145297e-13,0.02895617911425759,8.272020426794857e-07,2.622349801022422e-13,0.4406686326887973,5.976750809579473e-13,0.0007695507787677244,9.320287376735788e-20,0.26406027922503317,7.0434921313756025e-22,0.0010630312937843743,5.070611120088608e-25,1.3619725657589613e-19,0.009261477714328652,0.3452931006130438,0.04551633896080697,5.975628584768484e-07,0.005830140287767283,0.05338811562022591,2.3518524921651143e-05,0.002999748821945295,2.400631999699565e-07,0.013113667834004665,1.6158554485567256e-06,9.403169378681695e-11,1.3912364923994648e-08,0.05935341449276323,0.05330203446647407,0.9222090060890613,2.97090102236515e-11,0.8942602540443715,0.27286358925446896,0.017491498036272438,0.1115704680244019,0.0,5.339596994295223e-131,4.2229985594011025e-101
FCR_NEXT_1D,0.0007834966825000985,0.6721256111640501,0.00015070928761809247,0.0002606987724992046,4.0158813176155296e-07,0.00013089590595886876,0.14463246000184207,1.0328515412724623e-11,1.0902957126440572e-05,3.4143371044580233e-10,1.287063128701235e-06,8.784868199858958e-05,4.692901705801525e-12,5.1133834577119354e-08,0.002342889794880434,0.6856721634617144,9.525856826042104e-11,0.000303324596048754,0.07495919301104295,0.0010657851016363522,2.3763687706030724e-07,1.248777523486741e-08,0.0002469599404876831,4.309614258430053e-05,0.010748050031382218,0.3518396970090644,2.389568024937126e-12,0.45647090886682673,2.0598702695420064e-10,0.7525598772674311,4.935116838828771e-16,1.9125873055329935e-11,1.383075159444197e-170,2.3986447095407954e-07,5.819152563090568e-78,3.3170377948317016e-169,2.3756013914028297e-106,6.258910496136554e-12,1.941396803009226e-35,3.188318592581736e-104,7.054452817671166e-09,0.008807961307930488,2.318369701742251e-247,0.12374895123212769,9.960925471569969e-161,1.1158469663253953e-126,0.00019434774662934335,0.0,1.0145881920643766e-157,4.859616434515775e-89,9.551332581790153e-61,3.774819740067071e-107,1.0412694815490888e-101,8.832695364786045e-98,3.091218904057062e-80,1.8197195006446692e-48,1.032395876259048e-11,1.457920278671551e-14,3.5480859065956636e-18,2.2400197215642454e-25,1.4326226943091842e-27,1.0705307707553749e-73,3.713299656041751e-49,1.8515883322831904e-12,1.937517750890423e-12,3.5028643529816985e-12,1.2396787827904263e-12,6.43521815984963e-11,1.4879519172227354e-05,5.606596934793256e-08,1.6568982988404315e-10,2.0111510583959626e-27,8.221844973045434e-41,6.79054913953077e-22,7.104636762655044e-72,5.385610591652149e-134,1.667712588792042e-117,5.163397590953172e-16,8.228769383376389e-101,1.2559268038040692e-118,3.096724697260249e-35,1.0702778176948424e-78,7.835535122458156e-77,2.8783357865478055e-50,1.198140563669098e-13,0.001968115180013778,1.0019545347716504e-18,3.3455734394312126e-07,3.316388910483511e-22,0.0007866504715633045,1.6403023218696723e-35,5.044566103270965e-05,1.196551711258297e-32,0.0006796370949262487,4.05088257398016e-52,0.023218660937019523,0.027519543036934428,5.3062400007505995e-05,1.7337811328717192e-30,7.456970865445307e-14,4.15889715099136e-06,5.678658535202494e-16,1.6863719844015666e-09,5.9882474403903874e-15,3.3382189885336892e-15,1.017887170421439e-22,0.0013127347971815632,2.3608095059978886e-14,5.231085846953667e-20,2.2069363907162314e-28,0.7892006606674369,2.225936477497808e-07,6.254787083907023e-22,0.3794678906019183,3.0694017334585836e-16,6.02801429389298e-15,1.716293958083149e-35,0.000952818617319536,2.5666396840105214e-31,9.32184344032409e-15,2.0294690958203157e-51,3.8603823661809344e-45,0.004251310977394147,0.702728962265796,0.00021902140310587698,7.316147717168125e-07,0.20744690455503972,0.0843412846663241,1.6975285987011964e-13,0.20953948113342868,2.6361425180497886e-05,0.06014630144671261,0.001312941257082194,2.8200699792508267e-09,0.0001707701703396333,0.036374462796875694,0.6117288456128347,0.5185473144176966,1.7722138233899565e-20,0.8604592852848326,0.6063006825885381,1.6782215553270026e-05,0.5290711804611098,5.339596994295223e-131,0.0,2.8735e-320
FCR_NEXT_3D,5.8398494594419666e-05,0.2772855285453905,2.609906995520028e-05,7.099557171277605e-05,3.516468852565528e-08,1.4171183384339827e-05,0.5588024050602789,1.638644182217607e-14,2.291840392257882e-06,5.30864014842275e-10,1.1731357390516163e-07,5.805884053456627e-06,4.3676810326781506e-14,3.1637850872535583e-09,7.760335868561591e-05,0.9934607105347607,7.1826547175480944e-12,1.0615745151710594e-05,0.04409980849663529,4.615641976959721e-05,8.482497342920413e-09,1.0524757231749192e-09,4.063331679920093e-05,1.2839617792779436e-06,0.002540794499640324,0.2142639536056129,7.503148565751877e-13,0.16333354687703758,4.9943830317075055e-12,0.43648365108255427,5.406744349350778e-19,3.2477641876801807e-12,5.445653267360537e-197,9.348257208545248e-06,2.527846537943086e-84,1.7978669842182215e-195,2.3356421027260913e-128,4.259388777829669e-14,1.3467157418917613e-43,4.402998637148763e-110,6.115189255392787e-11,0.00982201569142288,1.3006564025882235e-198,0.09641745552344441,1.0835541384921338e-147,1.025353760350281e-114,5.0255675477248265e-05,8.079167118445881e-244,1.3667924908081646e-170,8.645979809741178e-111,1.7566245899609669e-74,8.128893444378139e-116,2.0817691952196397e-112,2.046367733596252e-111,1.4939080099974855e-93,5.934125024835806e-59,1.7198554989422706e-09,1.467110377652497e-12,3.493855905828972e-16,4.1217170952079365e-25,4.8476544760748007e-32,2.18867067896079e-83,2.4868197588999094e-58,1.809098550941467e-14,9.181935044004736e-15,1.8056287223001777e-14,2.3512306578800433e-14,6.854339765221255e-13,2.4329657387429175e-05,1.5575277901683727e-07,1.6724258881316904e-09,1.1894774947093522e-29,1.2901553835661135e-47,8.977872872006421e-21,4.069714745997559e-67,4.974542369113676e-130,9.108875222322835e-128,8.055371709125911e-18,5.089327984390972e-108,2.7882995055982302e-129,1.2023107430110962e-35,1.909482645754681e-89,3.1440080653420964e-74,5.786232357714975e-61,4.3902940825464086e-11,0.0032616184883684255,9.125205038235263e-15,3.759431585852846e-06,9.530954033483026e-19,0.0008460724976200058,1.2599523617126346e-28,0.00014101202659548825,2.098261630069864e-29,0.00015735291072850027,6.2309787223420675e-43,0.014573288721250972,0.07464485769658967,5.826332292887985e-05,1.385567947318338e-30,2.2816858572088183e-16,7.726008750734305e-07,1.9170737727786823e-18,1.2657744523352154e-11,2.976328758632648e-18,1.3848107870485889e-17,2.3335204901635555e-26,5.387690074458398e-05,2.3300833335459885e-17,1.7590384849102654e-23,5.234720043170867e-32,0.5809628356956539,4.2642614107228883e-07,5.754566012118677e-23,0.21013131947880492,5.772237388542458e-16,2.475551865226868e-18,3.040932735499909e-37,0.00020140288832632664,7.460930467276476e-32,4.940907790504375e-18,1.6891741855875026e-54,3.1886125982808654e-48,0.006860572789514459,0.7856709385729567,6.130531815654421e-05,1.6083132604479017e-06,0.34729435421803534,0.12660943646932077,5.921162711294414e-16,0.43258524122114483,9.634535261792036e-05,0.04455637269526501,0.002997356401891091,1.4053783137379486e-08,0.0014668046575879992,0.0696347901925912,0.8485189586325165,0.45369558032660834,9.6296956775966e-22,0.7194575675883961,0.7350317140294961,1.8083155202509404e-06,0.6567245504866047,4.2229985594011025e-101,2.8735e-320,0.0
