AGE;MATI;JML_DEPLESI;STD_CUM_DEPLESI_%;PAKAN_STD_CUM_GR/EK;DELTA_PAKAN_ZAK;DELTA_PAKAN_CUM_GR/EKOR;DG_ACT;DELTA_ABW;DELTA_DG;FCR_STD;FCR_ACT;DELTA_FCR;IP_STD;IP_ACT;JUMLAH_AYAM_AKHIR;PERIODE;FCR_ACT_lag_1;FCR_ACT_lag_7;FCR_ACT_lag_14;PAKAN_ACT_GR/EK_lag_14;DG_ACT_lag_1;DG_ACT_lag_2;DG_ACT_lag_3;DG_ACT_lag_7;DG_ACT_lag_14;MATI_lag_1;MATI_lag_2;MATI_lag_3;MATI_lag_7;MATI_lag_14;JML_DEPLESI_lag_7;JML_DEPLESI_lag_14;DELTA_PAKAN_GR/EKOR_lag_1;DELTA_PAKAN_GR/EKOR_lag_2;DELTA_PAKAN_GR/EKOR_lag_3;DELTA_PAKAN_GR/EKOR_lag_7;DELTA_PAKAN_GR/EKOR_lag_14;DELTA_DG_lag_1;DELTA_DG_lag_2;DELTA_DG_lag_3;DELTA_DG_lag_7;DELTA_DG_lag_14;PAKAN_ACT_GR/EK_rolling_std_3;PAKAN_ACT_GR/EK_rolling_std_7;PAKAN_ACT_GR/EK_rolling_std_14;DG_ACT_rolling_mean_3;DG_ACT_rolling_std_3;DG_ACT_rolling_min_3;DG_ACT_rolling_max_3;DG_ACT_rolling_std_7;DG_ACT_rolling_min_7;DG_ACT_rolling_std_14;DG_ACT_rolling_min_14;MATI_rolling_mean_3;MATI_rolling_std_3;MATI_rolling_min_3;MATI_rolling_max_3;MATI_rolling_mean_7;MATI_rolling_std_7;MATI_rolling_min_7;MATI_rolling_max_7;MATI_rolling_mean_14;MATI_rolling_std_14;MATI_rolling_min_14;MATI_rolling_max_14;JML_DEPLESI_rolling_std_3;JML_DEPLESI_rolling_std_7;JML_DEPLESI_rolling_std_14;DELTA_PAKAN_GR/EKOR_rolling_mean_3;DELTA_PAKAN_GR/EKOR_rolling_std_3;DELTA_PAKAN_GR/EKOR_rolling_min_3;DELTA_PAKAN_GR/EKOR_rolling_max_3;DELTA_PAKAN_GR/EKOR_rolling_mean_7;DELTA_PAKAN_GR/EKOR_rolling_std_7;DELTA_PAKAN_GR/EKOR_rolling_min_7;DELTA_PAKAN_GR/EKOR_rolling_max_7;DELTA_PAKAN_GR/EKOR_rolling_mean_14;DELTA_PAKAN_GR/EKOR_rolling_std_14;DELTA_PAKAN_GR/EKOR_rolling_min_14;DELTA_PAKAN_GR/EKOR_rolling_max_14;DELTA_DG_rolling_mean_3;DELTA_DG_rolling_min_3;DELTA_DG_rolling_max_3;DELTA_DG_rolling_mean_7;DELTA_DG_rolling_std_7;DELTA_DG_rolling_min_7;DELTA_DG_rolling_max_7;DELTA_DG_rolling_mean_14;DELTA_DG_rolling_std_14;DELTA_DG_rolling_min_14;PAKAN_DG_RATIO;PAKAN_ACT_GR/EK_momentum_1;PAKAN_ACT_GR/EK_acceleration;PAKAN_ACT_GR/EK_volatility_3;PAKAN_ACT_GR/EK_trend_slope_3;DG_ACT_momentum_1;DG_ACT_acceleration;DG_ACT_volatility_3;DG_ACT_trend_slope_3;MATI_momentum_1;MATI_acceleration;MATI_volatility_3;MATI_trend_slope_3;JML_DEPLESI_momentum_1;JML_DEPLESI_acceleration;JML_DEPLESI_volatility_3;ABW_ACT_acceleration;ABW_ACT_volatility_3;DELTA_PAKAN_GR/EKOR_momentum_1;DELTA_PAKAN_GR/EKOR_acceleration;DELTA_PAKAN_GR/EKOR_volatility_3;DELTA_PAKAN_GR/EKOR_trend_slope_3;FEED_EFFICIENCY_lag_1
-0.9411764705882353;1.1428571428571428;-0.8903225806451613;-0.9411764705882354;-0.5077433628318584;1.1666666666666667;0.45161290322580644;-0.9019607843137255;0.08108108108108109;1.0;-2.9673202614379086;0.428;2.3098591549295775;-2.609375;-2.9743589743589745;-1.8535606820461383;1;-2.403785488958991;-0.945480631276901;-0.3425345043914679;0.0;-0.8431372549019608;-0.78;-0.6730769230769231;-0.44;-0.07407407407407407;1.1428571428571428;1.0;1.0;0.6;0.4;-0.6666666666666666;-0.375;1.8333333333333333;1.8333333333333333;2.2;2.5;5.0;1.0;0.8888888888888888;0.7777777777777778;0.6363636363636364;0.375;-0.2877578176979373;-1.2968416973454757;-1.2106775197510176;-0.8571317255620057;-0.5014231499051234;-0.7608695652173914;-0.9444444444444444;-1.1204617389685345;-0.44680851063829785;-1.3529021998409752;-0.07692307692307693;1.2778333333333334;-0.6393500529848111;1.8333333333333333;0.625;1.2462035541195478;-1.054613935969868;4.0;0.2857142857142857;1.1351495726495726;-0.9562795878585353;3.25;0.0;0.4221178756476683;-0.58313930927435;-1.034402468129693;1.8333333333333333;2.2495941558441555;1.3333333333333333;3.3333333333333335;2.1392454297938546;1.2677871148459383;1.0;3.0;2.903364737550471;1.046173469387755;1.0714285714285714;2.0;1.2778333333333334;1.0909090909090908;0.5714285714285714;1.6616461603733559;-0.2569507541341086;1.1666666666666667;0.0;1.8777281746031744;-0.2159417089865312;1.5454545454545454;-0.3294460641399417;-2.3913043478260874;3.269230769230769;3.1824596774193554;-0.9444444444444444;-0.6;0.25;-0.3187338976812661;-0.5454545454545454;-0.2;-0.7272727272727273;0.3607824197053851;-1.6666666666666667;0.875;-1.8;1.4169429097605892;-0.1111111111111111;-0.5739869479435422;-3.3333333333333335;2.8333333333333335;3.1328968903436993;-0.4;6.233333333333333
-0.8823529411764706;1.0;-0.7935483870967742;-0.8823529411764707;-0.49557522123893805;0.03333333333333333;0.45161290322580644;-0.9607843137254902;0.13513513513513514;0.25;-2.222222222222222;0.593;1.4225352112676055;-2.609375;-2.9743589743589745;-1.868605817452357;1;-2.403785488958991;-0.945480631276901;-0.3425345043914679;0.0;-0.8431372549019608;-0.78;-0.6730769230769231;-0.44;-0.07407407407407407;1.1428571428571428;1.0;1.0;0.6;0.4;-0.6666666666666666;-0.375;1.8333333333333333;1.8333333333333333;2.2;2.5;5.0;1.0;0.8888888888888888;0.7777777777777778;0.6363636363636364;0.375;-0.2877578176979373;-1.2968416973454757;-1.2106775197510176;-0.886352125297074;-0.5014231499051234;-0.8260869565217391;-0.9444444444444444;-1.1204617389685345;-0.5106382978723404;-1.3529021998409752;-0.19230769230769232;1.1945;-0.6393500529848111;1.6666666666666667;0.625;1.1654281098546042;-1.054613935969868;3.6666666666666665;0.2857142857142857;1.0461182336182338;-0.9562795878585353;3.0;0.0;0.4221178756476683;-0.58313930927435;-1.034402468129693;1.0;2.2495941558441555;0.2222222222222222;3.3333333333333335;1.1668611435239207;1.2677871148459383;0.2857142857142857;3.0;1.5574697173620458;1.046173469387755;0.35714285714285715;2.0;0.7778333333333333;0.5454545454545454;0.5714285714285714;1.025243954179041;-0.2569507541341086;0.6666666666666666;0.0;1.1336805555555556;-0.2159417089865312;1.0;-0.6647230320699709;-2.3913043478260874;3.269230769230769;3.1824596774193554;-0.9444444444444444;-0.6;0.25;-0.3187338976812661;-0.5454545454545454;-0.2;-0.7272727272727273;0.3607824197053851;-1.6666666666666667;0.875;-1.8;1.4169429097605892;-0.1111111111111111;-0.5739869479435422;-3.3333333333333335;2.8333333333333335;3.1328968903436993;-0.4;6.233333333333333
-0.8235294117647058;-0.2857142857142857;-0.7548387096774194;-0.8235294117647061;-0.4811946902654867;0.8666666666666667;0.5268817204301075;-0.9215686274509803;0.13513513513513514;0.125;-1.69281045751634;0.794;1.971830985915493;-2.609375;-2.9743589743589745;-1.8746238716148445;1;-1.883280757097792;-0.945480631276901;-0.3425345043914679;0.0;-0.9019607843137255;-0.78;-0.6730769230769231;-0.44;-0.07407407407407407;1.0;1.0;1.0;0.6;0.4;-0.6666666666666666;-0.375;0.16666666666666666;1.8333333333333333;2.2;2.5;5.0;0.25;0.8888888888888888;0.7777777777777778;0.6363636363636364;0.375;0.13306719893546257;-1.0517341600465027;-1.1097278748703217;-0.8830989207932364;-0.5951929158760279;-0.8260869565217391;-0.9444444444444444;-1.2308694842673615;-0.5106382978723404;-1.431486880466472;-0.19230769230769232;0.6666666666666666;1.0565171317555635;0.16666666666666666;0.625;0.6537964458804524;0.7536723163841806;0.6666666666666666;0.2857142857142857;0.48219373219373224;0.3806739069896965;0.75;0.0;0.45612046632124353;-0.562766783081102;-1.0221782408754874;1.1111666666666666;1.4626623376623376;0.2222222222222222;3.3333333333333335;1.2965772073123298;0.7246498599439775;0.2857142857142857;3.0;1.7370121130551817;0.5515306122448979;0.35714285714285715;2.0;0.5556666666666666;0.45454545454545453;0.5714285714285714;0.7424692405600338;-0.3399963656187534;0.5833333333333334;0.0;0.8030753968253969;-0.3168469860896445;0.9090909090909091;0.5393586005830906;1.3043478260869565;3.269230769230769;3.1824596774193554;-0.9444444444444444;-0.1;0.25;-0.3187338976812661;-0.5454545454545454;-1.8;-0.7272727272727273;0.3607824197053851;-1.6666666666666667;-0.25;-1.8;1.4169429097605892;-0.1111111111111111;-0.5739869479435422;2.3333333333333335;2.8333333333333335;3.1328968903436993;-0.4;3.525
-0.7647058823529411;1.1428571428571428;-0.6516129032258065;-0.7647058823529412;-0.4646017699115044;1.0666666666666667;0.6236559139784946;-0.7450980392156863;0.32432432432432434;0.75;-1.3169934640522878;0.909;1.971830985915493;-2.609375;-2.9743589743589745;-1.8906720160481445;1;-1.249211356466877;-0.945480631276901;-0.3425345043914679;0.0;-0.8627450980392157;-0.84;-0.6730769230769231;-0.44;-0.07407407407407407;-0.2857142857142857;0.875;1.0;0.6;0.4;-0.6666666666666666;-0.375;1.3333333333333333;0.16666666666666666;2.2;2.5;5.0;0.125;0.2222222222222222;0.7777777777777778;0.6363636363636364;0.375;1.1689953426480375;-0.7173028482852161;-0.9719894661240125;-0.8311645303307749;0.08965844402277043;-0.8260869565217391;-0.7962962962962963;-0.6160863898715321;-0.5106382978723404;-0.9939040551285447;-0.19230769230769232;0.6666666666666666;1.0565171317555635;0.16666666666666666;0.625;0.8019386106623586;0.5080979284369114;0.6666666666666666;0.2857142857142857;0.645477207977208;0.1991088833194096;0.75;0.0;0.5459844559585492;-0.12737679472254548;-0.7609290412713196;1.0555;1.2978896103896105;0.2222222222222222;3.0;1.458576429404901;0.550140056022409;0.2857142857142857;3.0;1.9612382234185732;0.39260204081632655;0.35714285714285715;2.0;0.44449999999999995;0.45454545454545453;0.2857142857142857;0.8661434026304624;-0.4275849536616391;0.5833333333333334;0.0;0.9476686507936508;-0.4232722455288144;0.9090909090909091;-0.2507288629737605;0.2173913043478261;-0.9615384615384615;2.0789650537634414;1.277777777777778;0.6;0.375;-0.08943687891056315;0.5454545454545454;2.0;1.7272727272727273;1.2982371407872493;0.16666666666666666;1.0;2.0;1.101657458563536;0.6666666666666666;0.10062224920321752;0.6666666666666666;-0.8333333333333334;2.057937806873977;2.0;1.7458333333333331
-0.7058823529411765;0.2857142857142857;-0.5870967741935483;-0.7058823529411765;-0.4452433628318584;-0.06666666666666667;0.6129032258064516;-0.5490196078431373;0.6756756756756757;1.625;-1.0294117647058825;0.891;0.4788732394366197;-2.609375;-2.9743589743589745;-1.9007021063189569;1;-0.8864353312302838;-0.945480631276901;-0.3425345043914679;0.0;-0.6862745098039216;-0.8;-0.7307692307692307;-0.44;-0.07407407407407407;1.1428571428571428;-0.25;0.875;0.6;0.4;-0.6666666666666666;-0.375;1.6666666666666667;1.3333333333333333;0.2;2.5;5.0;0.75;0.1111111111111111;0.1111111111111111;0.6363636363636364;0.375;-0.5469061876247505;-0.8858748304592134;-1.0414172851328705;-0.6948026649004558;0.6660341555977229;-0.782608695652174;-0.6111111111111112;0.10035375162911961;-0.5106382978723404;-0.4839650145772593;-0.19230769230769232;0.38899999999999996;0.8887318968562348;0.16666666666666666;0.625;0.6969305331179321;0.3551789077212806;0.6666666666666666;0.2857142857142857;0.5297364672364672;0.08604845446950715;0.75;0.0;0.8282059585492229;0.1792782305005823;-0.5769253157925373;1.0;1.5275974025974026;0.1111111111111111;3.0;1.1668611435239207;0.7291316526610643;0.21428571428571427;3.0;1.5574697173620458;0.555612244897959;0.2857142857142857;2.0;1.0556666666666665;0.45454545454545453;1.2857142857142858;1.2373780229104794;-0.14701072142467747;0.5833333333333334;0.625;1.3816964285714286;-0.0823581364539634;0.9090909090909091;-1.6355685131195334;-2.3913043478260874;-2.3076923076923075;2.0789650537634414;-1.8703703703703705;0.7;0.0;-0.243006993006993;1.2727272727272727;-1.2;-1.4545454545454546;1.461241246075827;0.6666666666666666;0.25;-1.2;0.9267034990791898;0.7777777777777778;0.653816967673395;-3.3333333333333335;-2.0;2.057937806873977;-1.4;1.083333333333334
-0.6470588235294118;0.2857142857142857;-0.5225806451612903;-0.6470588235294118;-0.42367256637168144;0.09999999999999999;0.6021505376344086;-0.7843137254901961;0.5945945945945946;-0.375;-0.8169934640522878;0.963;0.5774647887323944;-2.609375;-2.9743589743589745;-1.9107321965897692;1;-0.9432176656151419;-0.945480631276901;-0.3425345043914679;0.0;-0.49019607843137253;-0.62;-0.6923076923076923;-0.44;-0.07407407407407407;0.2857142857142857;1.0;-0.25;0.6;0.4;-0.6666666666666666;-0.375;0.0;1.6666666666666667;1.6;2.5;5.0;1.625;0.6666666666666666;0.0;0.6363636363636364;0.375;-0.5469061876247505;-0.8473164115481497;-1.0255366690607295;-0.6493357229126894;0.17979127134724865;-0.6304347826086957;-0.6111111111111112;-0.06516477378514236;-0.5106382978723404;-0.6017757752451629;-0.19230769230769232;0.6111666666666666;0.33451077357824094;0.8333333333333334;0.625;0.6269789983844911;0.23050847457627102;0.6666666666666666;0.2857142857142857;0.45263532763532766;-0.006126427179058825;0.75;0.0;0.3238341968911917;0.4555684904928213;-0.4111415099831188;0.6666666666666666;1.5275974025974026;0.1111111111111111;3.0;1.0371450797355115;0.6554621848739495;0.21428571428571427;3.0;1.3779273216689099;0.4885204081632652;0.2857142857142857;2.0;0.8333333333333334;0.09090909090909091;1.2857142857142858;0.919176919813322;0.004724695620570561;0.25;0.625;1.009672619047619;0.10200927357032452;0.5454545454545454;0.020408163265306464;0.2173913043478261;2.3076923076923075;1.4711021505376347;-1.8703703703703705;-1.5;-1.4375;0.4989878542510121;-0.6363636363636364;0.0;0.5454545454545454;0.9466312484907027;-1.0;0.25;0.0;0.3488029465930018;-1.7777777777777777;0.24449840643496745;0.6666666666666666;2.0;1.4657937806873975;-1.4;1.1750000000000007
-0.5882352941176471;-0.14285714285714285;-0.4774193548387097;-0.6787330316742082;-0.40154867256637167;0.16666666666666666;0.6559139784946236;-0.8431372549019608;0.43243243243243246;-1.0;-0.6535947712418305;1.052;1.1267605633802815;-0.5;-0.36752136752136755;-1.917753259779338;1;-0.7160883280757099;-0.945480631276901;-0.3425345043914679;0.0;-0.7254901960784313;-0.42;-0.5192307692307693;-0.44;-0.07407407407407407;0.2857142857142857;0.25;1.0;0.6;0.4;-0.6666666666666666;-0.375;0.3333333333333333;0.0;2.0;2.5;5.0;-0.375;1.4444444444444444;0.5555555555555556;0.6363636363636364;0.375;0.13306719893546257;-0.6775818639798489;-0.9556300375069827;-0.6818093271515954;0.418247944339026;-0.6956521739130435;-0.6111111111111112;-0.18637125302550725;-0.5106382978723404;-0.6880466472303206;-0.19230769230769232;0.11116666666666664;-0.2772871776757329;0.3333333333333333;-0.125;0.5077544426494347;0.2749529190207156;0.6666666666666666;0.2857142857142857;0.32122507122507127;0.02673350041771097;0.75;0.0;0.08808290155440422;0.6601668606907256;-0.2883753419873101;0.22216666666666665;-0.15137987012987014;0.1111111111111111;0.3333333333333333;0.9445740956826139;0.5851540616246499;0.21428571428571427;3.0;1.249798115746972;0.4244897959183674;0.2857142857142857;2.0;0.05566666666666667;-0.36363636363636365;1.2857142857142858;0.5403054730589733;0.24713792476830826;-0.16666666666666666;0.625;0.5667162698412699;0.3965555310223008;0.09090909090909091;1.090379008746356;0.0;-0.1923076923076923;1.380376344086022;0.16666666666666674;-0.6;0.5;0.37357379462642626;-1.8181818181818181;-0.6;-0.2727272727272727;-0.2808500362231346;-0.5;-0.125;-0.6;-0.28913443830570895;-0.5555555555555556;0.447564122021551;0.0;-0.3333333333333333;1.3024549918166939;0.6;0.8250000000000003
-0.5294117647058824;0.0;-0.4258064516129032;-0.5294117647058825;-0.37389380530973454;-0.06666666666666667;0.5913978494623656;-0.6862745098039216;0.2702702702702703;-0.5;-0.5261437908496732;1.09;1.112676056338028;-0.515625;-0.452991452991453;-1.9257773319959879;1;-0.4353312302839114;-0.945480631276901;-0.3425345043914679;0.0;-0.7843137254901961;-0.66;-0.3269230769230769;-0.44;-0.07407407407407407;-0.14285714285714285;0.25;0.25;0.6;0.4;-0.6666666666666666;-0.375;0.3333333333333333;0.3333333333333333;0.0;2.5;5.0;-1.0;-0.3333333333333333;1.3333333333333333;0.6363636363636364;0.375;-0.7388556220891551;-0.6192598333656268;-0.9315298060809194;-0.7272567888728717;-0.19781783681214413;-0.6956521739130435;-0.7407407407407407;-0.17277974306460603;-0.5106382978723404;-0.7056718791412668;-0.19230769230769232;0.0;-0.3493465206640763;0.3333333333333333;-0.125;0.32310177705977383;0.13333333333333336;0.6666666666666666;0.2857142857142857;0.24483618233618235;-0.009746588693957156;0.75;0.0;-0.07998704663212432;0.47506790842064434;-0.17154665580068681;0.22216666666666665;-0.15137987012987014;0.1111111111111111;0.3333333333333333;0.6390509529366006;0.4159663865546219;0.21428571428571427;2.6666666666666665;1.0864064602960968;0.4211734693877552;0.2857142857142857;2.0;-0.8888333333333334;-0.36363636363636365;-1.0;0.17670767925328806;0.239687443212793;-0.16666666666666666;0.625;0.3586309523809524;0.3744756016780746;0.09090909090909091;-0.15451895043731761;-1.0869565217391306;-0.9615384615384615;0.22345430107526887;-0.9444444444444444;0.5;0.625;0.277603974972396;0.0;0.2;0.36363636363636365;-0.5025356194156002;-0.3333333333333333;0.0;0.2;-0.36427255985267026;0.5555555555555556;-0.15677644559113665;-0.6666666666666666;-0.3333333333333333;-0.1472995090016367;-0.2;0.46249999999999997
-0.47058823529411764;0.2857142857142857;-0.36129032258064514;-0.47058823529411775;-0.34513274336283184;-0.03333333333333333;0.6021505376344086;-0.43137254901960786;0.40540540540540543;0.625;-0.42483660130718987;1.098;0.7887323943661971;-0.46875;-0.358974358974359;-1.9358074222668005;1;-0.315457413249211;-0.7087517934002868;-0.3425345043914679;0.0;-0.6274509803921569;-0.72;-0.5576923076923077;-0.5;-0.07407407407407407;0.0;-0.125;0.25;0.5;0.4;-0.553030303030303;-0.375;0.0;0.3333333333333333;0.4;0.0;5.0;-0.5;-0.8888888888888888;-0.4444444444444444;0.09090909090909091;0.375;0.02927478376580176;-0.7546987018019763;-0.8030484398691246;-0.6103751899325982;0.8391840607210627;-0.6956521739130435;-0.5;0.09849190094954383;-0.46808510638297873;-0.4340047707394646;-0.19230769230769232;0.0;-0.3493465206640763;0.3333333333333333;-0.125;0.2075928917609047;-0.0934086629001884;0.6666666666666666;0.2857142857142857;0.22507122507122496;-0.07964355332776386;0.75;0.0;0.1648316062176167;0.42413659293752426;-0.036439839338727374;0.16666666666666666;-0.2142857142857143;0.1111111111111111;0.3333333333333333;0.6390509529366006;0.4159663865546219;0.21428571428571427;2.6666666666666665;0.9892328398384926;0.37933673469387746;0.2857142857142857;2.0;-0.4443333333333334;-0.36363636363636365;0.14285714285714285;0.26771319473907507;0.2691259313101944;-0.16666666666666666;0.625;0.4446924603174603;0.29410465886509163;0.09090909090909091;-0.6822157434402333;0.8695652173913044;1.7307692307692306;0.6582661290322583;-0.20370370370370366;1.0;0.25;0.10903570114096434;1.4545454545454546;0.4;0.09090909090909091;-0.36633663366336644;0.5;0.25;0.4;-0.36427255985267026;1.1111111111111112;0.820003035361967;0.3333333333333333;0.5;-0.30180032733224227;0.0;0.32083333333333364
-0.4117647058823529;-0.2857142857142857;-0.3225806451612903;-0.41176470588235303;-0.31194690265486724;-0.06666666666666667;0.5591397849462365;-0.6666666666666666;0.10810810810810811;-1.375;-0.32679738562091526;1.152;1.1267605633802815;-0.4140625;-0.47863247863247865;-1.941825476429288;1;-0.29022082018927403;-0.42037302725968423;-0.3425345043914679;0.0;-0.37254901960784315;-0.56;-0.6153846153846154;-0.46;-0.07407407407407407;0.2857142857142857;0.0;-0.125;-0.4;0.4;-0.5075757575757576;-0.375;0.16666666666666666;0.0;0.4;1.75;5.0;0.625;-0.4444444444444444;-1.0;0.0;0.375;0.3782435129740521;-0.5448556481302073;-0.7009815657170219;-0.5519343904624615;0.30708412397216955;-0.5217391304347826;-0.5;-0.16961459690932779;-0.3829787234042553;-0.48582030214683275;-0.19230769230769232;-0.05550000000000003;-0.18262098198516422;0.16666666666666666;-0.125;0.2075928917609047;-0.0934086629001884;0.6666666666666666;0.2857142857142857;0.13799857549857558;-0.053188526872737354;0.75;0.0;0.013439119170984486;0.1726814124951495;0.07410210140287558;0.11116666666666668;-0.38595779220779225;0.1111111111111111;0.0;0.4445740956826138;0.26694677871148464;0.21428571428571427;2.6666666666666665;0.9114401076716017;0.3392857142857142;0.2857142857142857;2.0;-0.6110000000000001;-0.6363636363636364;0.14285714285714285;-0.09609673313534152;0.5271669998182809;-0.4166666666666667;0.625;0.11681547619047619;0.49436961801722235;-0.18181818181818182;0.7609329446064144;-0.4347826086956522;-1.1538461538461537;0.6831317204301077;0.35185185185185197;-1.5;-1.625;0.5731505336768494;-0.36363636363636365;-0.8;-0.5454545454545454;-0.22893021009418024;-0.3333333333333333;-0.25;-0.8;-0.19042357274401467;-1.6666666666666667;0.3093033844285931;0.0;-0.16666666666666666;-0.30180032733224227;0.4;0.2958333333333336
-0.35294117647058826;-0.14285714285714285;-0.27741935483870966;-0.35294117647058837;-0.2771017699115044;-0.5666666666666667;0.5053763440860215;-0.23529411764705882;0.2702702702702703;0.875;-0.2614379084967322;1.138;0.6478873239436619;-0.3515625;-0.3076923076923077;-1.9488465396188566;1;-0.11987381703470044;-0.255380200860832;-0.3425345043914679;0.0;-0.6078431372549019;-0.3;-0.46153846153846156;-0.28;-0.07407407407407407;-0.2857142857142857;0.25;0.0;0.6;0.4;-0.38636363636363635;-0.375;0.16666666666666666;0.16666666666666666;0.0;2.25;5.0;-1.375;0.5555555555555556;-0.5555555555555556;0.45454545454545453;0.375;-0.8619427811044579;-0.3231931796163533;-0.6249301731705371;-0.4025986675497721;0.9049652118912083;-0.5;-0.3148148148148148;0.49525228076708244;-0.3829787234042553;-0.12324410283593952;-0.19230769230769232;-0.11100000000000006;-0.15365595196043802;0.16666666666666666;-0.125;0.0;-0.6790960451977401;0.6666666666666666;-0.5714285714285714;0.08297720797720785;-0.07128933444722925;0.75;0.0;-0.24190414507772015;0.06761738455568517;0.17923045578904478;-0.11116666666666668;0.5515422077922078;-0.3333333333333333;0.0;0.05562038117464023;-0.13613445378151254;-0.07142857142857142;0.0;0.7254374158815613;0.4359693877551021;0.0;2.0;0.0;-0.6363636363636364;0.42857142857142855;-0.06576156130674586;0.550790477921134;-0.4166666666666667;0.625;0.2544642857142857;0.4619121218812099;-0.18181818181818182;-1.020408163265306;-0.6521739130434783;-0.1923076923076923;0.4153225806451614;-0.9444444444444444;1.9;2.0625;0.9768126610231873;0.45454545454545453;0.2;0.45454545454545453;-0.22893021009418024;-0.5;-0.125;0.2;-0.16022099447513813;2.111111111111111;0.8831385642737897;-1.6666666666666667;-0.8333333333333334;0.25040916530278223;-0.8;0.11666666666666678
-0.29411764705882354;0.14285714285714285;-0.21935483870967742;-0.2941176470588236;-0.23783185840707965;-0.16666666666666666;0.46236559139784944;-0.3333333333333333;0.16216216216216217;-0.5;-0.19607843137254916;1.158;0.6478873239436619;-0.2890625;-0.26495726495726496;-1.9578736208625878;1;-0.16403785488959008;-0.28120516499282633;-0.3425345043914679;0.0;-0.17647058823529413;-0.54;-0.21153846153846154;-0.08;-0.07407407407407407;-0.14285714285714285;-0.25;0.25;0.0;0.4;-0.3106060606060606;-0.375;-0.6666666666666666;0.16666666666666666;0.2;-0.25;5.0;0.875;-1.2222222222222223;0.4444444444444444;1.0909090909090908;0.375;0.24983366600133083;-0.22437512110056182;-0.48136621179474914;-0.3701250633108661;0.986875395319418;-0.5;-0.3148148148148148;0.7136473654812884;-0.3829787234042553;-0.023588656241717573;-0.19230769230769232;-0.16666666666666666;-0.3493465206640763;0.16666666666666666;-0.25;-0.02310177705977365;-0.728060263653484;0.6666666666666666;-0.5714285714285714;0.06677350427350427;-0.11807296017822333;0.75;0.0;0.0034002590673576417;0.029200620876988933;0.2964084056115025;-0.16666666666666666;0.4537337662337662;-0.3333333333333333;0.0;0.05562038117464023;-0.13613445378151254;-0.07142857142857142;0.0;0.6602960969044416;0.4002551020408162;0.0;2.0;-0.5;-0.6363636363636364;0.42857142857142855;-0.5808230801866779;0.1537343267308741;-0.4166666666666667;-0.125;0.1416170634920635;0.42548023846323685;-0.18181818181818182;-0.20991253644314825;0.8695652173913044;1.346153846153846;0.4153225806451614;0.16666666666666674;-0.8;-1.75;1.0079131394920868;1.0909090909090908;0.4;0.09090909090909091;-0.22893021009418024;0.5;0.125;0.4;-0.36427255985267026;-1.0;0.9373197753832144;1.3333333333333333;1.5;0.6739770867430442;0.0;0.16250000000000014
-0.23529411764705882;-0.2857142857142857;-0.18064516129032257;-0.22624434389140283;-0.19469026548672566;-0.09999999999999999;0.3978494623655914;-0.27450980392156865;0.05405405405405406;-0.25;-0.14052287581699394;1.178;0.6901408450704225;-0.2265625;-0.2222222222222222;-1.9638916750250752;1;-0.10094637223974774;-0.17790530846484934;-0.3425345043914679;0.0;-0.27450980392156865;-0.1;-0.4423076923076923;-0.32;-0.07407407407407407;0.14285714285714285;-0.125;-0.25;0.0;0.4;-0.23484848484848486;-0.375;0.0;-0.6666666666666666;0.2;0.25;5.0;-0.5;0.7777777777777778;-1.3333333333333333;-0.36363636363636365;0.375;0.6610113107119097;-0.0600658787056773;-0.34203176123214435;-0.24025012662173215;-0.4388045540796964;-0.13043478260869565;-0.3148148148148148;0.7233289890150809;-0.3829787234042553;0.07805459846276178;-0.19230769230769232;-0.16666666666666666;-0.3493465206640763;0.16666666666666666;-0.25;-0.11550888529886912;-0.751412429378531;0.6666666666666666;-0.5714285714285714;0.011930199430199462;-0.11500974658869391;0.75;0.0;-0.07286269430051816;0.0;0.40147854939169925;-0.2221666666666667;0.31696428571428575;-0.3333333333333333;-0.3333333333333333;0.0;-0.17647058823529407;-0.07142857142857142;0.0;0.6051144010767161;0.3670918367346938;0.0;2.0;0.0;0.0;0.42857142857142855;-0.5507000424268136;0.1537343267308741;-0.4166666666666667;-0.125;0.08432539682539683;0.3693972179289026;-0.18181818181818182;-0.15451895043731761;0.0;-0.7692307692307692;0.3232526881720431;0.7222222222222223;0.0;0.4375;0.631947000368053;-0.6363636363636364;-0.6;-0.45454545454545453;-0.36633663366336644;-0.16666666666666666;-0.25;-0.6;-0.36427255985267026;0.1111111111111111;-0.324935498558203;0.0;-0.6666666666666666;0.6739770867430442;1.0;0.10000000000000009
-0.17647058823529413;-0.42857142857142855;-0.14838709677419354;-0.17647058823529418;-0.14823008849557523;-0.03333333333333333;0.3333333333333333;0.0196078431372549;0.2702702702702703;1.0;-0.06862745098039257;1.172;0.295774647887324;-0.1640625;-0.05128205128205128;-1.9689067201604815;1;-0.037854889589905405;-0.05021520803443317;-0.3425345043914679;0.0;-0.21568627450980393;-0.2;-0.019230769230769232;-0.38;-0.07407407407407407;-0.2857142857142857;0.125;-0.125;-0.3;0.4;-0.18181818181818182;-0.375;0.0;0.0;-0.8;0.25;5.0;-0.25;-0.4444444444444444;0.6666666666666666;-0.8181818181818182;0.375;0.13306719893546257;0.1639217205967836;-0.19511611204213553;-0.15584213192036467;0.6881720430107527;-0.13043478260869565;-0.07407407407407407;0.8495624650902998;-0.2127659574468085;0.3980917042141531;-0.19230769230769232;-0.27766666666666673;-0.15365595196043802;0.0;-0.25;-0.16155088852988692;-0.6433145009416196;0.3333333333333333;-0.5714285714285714;-0.04772079772079785;-0.09635199108883323;0.5;0.0;-0.40349740932642486;-0.10254171517268128;0.4928109901624078;0.055499999999999994;-0.38595779220779225;0.1111111111111111;0.0;-0.027810190587320115;-0.21624649859943976;-0.07142857142857142;-0.3333333333333333;0.576850605652759;0.3275510204081631;0.0;2.0;0.05566666666666667;0.0;0.5714285714285714;-0.06576156130674586;0.24586589133200068;-0.4166666666666667;0.0;0.21254960317460317;0.37072201368955626;-0.18181818181818182;-0.7463556851311954;0.2173913043478261;0.1923076923076923;-0.15725806451612906;0.16666666666666674;1.2;0.6875;0.2821126242178874;1.1818181818181819;-0.2;0.18181818181818182;-0.397488529340739;-0.6666666666666666;-0.375;-0.2;-0.16022099447513813;1.3333333333333333;0.7316740021247533;0.3333333333333333;0.16666666666666666;-0.1204582651391163;0.4;0.03750000000000003
-0.11764705882352941;-0.5714285714285714;-0.12258064516129032;-0.11764705882352952;-0.10176991150442478;0.26666666666666666;0.3548387096774194;-0.09803921568627451;0.21621621621621623;-0.25;-0.032679738562091526;1.191;0.40845070422535207;-0.109375;0.0;-1.9729187562688064;1;-0.0567823343848581;0.004304160688665873;-0.3425345043914679;0.0;0.0784313725490196;-0.14;-0.11538461538461539;-0.22;-0.07407407407407407;-0.42857142857142855;-0.25;0.125;-0.2;0.4;-0.12121212121212122;-0.375;0.16666666666666666;0.0;0.0;-0.25;5.0;1.0;-0.2222222222222222;-0.5555555555555556;-0.45454545454545453;0.375;0.6373918829008652;0.26041464832396816;-0.04867927539701564;-0.07792106596018233;0.35705249841872233;-0.06521739130434782;-0.07407407407407407;0.6067771364736548;-0.19148936170212766;0.48674794593161935;-0.19230769230769232;-0.5555;-0.5358530554574356;-0.16666666666666666;-0.625;-0.25395799676898206;-0.5156308851224106;0.0;-0.5714285714285714;-0.20032051282051283;-0.17153996101364527;0.25;0.0;-0.565252590673575;-0.2569848661233992;0.3501367949240354;0.22216666666666665;0.0;0.1111111111111111;0.6666666666666666;0.05562038117464023;-0.11400560224089636;-0.07142857142857142;0.3333333333333333;0.42314939434724097;0.12704081632653055;0.0;1.75;0.16666666666666666;0.18181818181818182;0.5714285714285714;-0.0050912176495545225;0.21969834635653274;-0.4166666666666667;0.0;0.03521825396825396;0.31883417973062483;-0.18181818181818182;-0.0612244897959181;0.6521739130434783;0.3846153846153846;-0.34341397849462363;0.7222222222222223;-0.9;-1.375;0.3253588516746411;0.36363636363636365;-0.2;0.0;-0.72639459067858;-0.3333333333333333;-0.5;-0.2;-0.5587476979742172;-1.0;0.3572621035058431;0.6666666666666666;0.16666666666666666;-0.47463175122749596;0.8;0.05416666666666672
-0.058823529411764705;-0.14285714285714285;-0.07741935483870968;-0.0542986425339367;-0.05254424778761062;-0.13333333333333333;0.3548387096774194;0.0392156862745098;0.2972972972972973;0.25;0.0;1.199;0.38028169014084506;-0.0546875;0.10256410256410256;-1.979939819458375;1;0.003154574132492467;0.015781922525107777;-0.13550815558343784;-0.12903225806451613;-0.0392156862745098;0.16;-0.057692307692307696;0.04;-0.18518518518518517;-0.5714285714285714;-0.375;-0.25;0.0;0.3;-0.045454545454545456;-0.21875;0.5;0.16666666666666666;0.0;0.0;0.0;-0.25;0.8888888888888888;-0.3333333333333333;0.36363636363636365;-0.375;0.19228210246174332;0.3791900794419688;-0.018514085069029036;0.02596719523123073;-0.23814041745730546;0.13043478260869565;-0.05555555555555555;0.7944516849748652;-0.19148936170212766;0.551815531407368;-0.11538461538461539;-0.5;-0.3493465206640763;-0.16666666666666666;-0.5;-0.32310177705977383;-0.7167608286252354;0.0;-0.7142857142857143;-0.30199430199430194;-0.3180172653856864;0.25;0.0;-0.3937823834196892;-0.30888630190143573;0.2501309738634379;0.22216666666666665;0.0;0.1111111111111111;0.6666666666666666;0.027810190587320115;-0.1201680672268907;-0.07142857142857142;0.3333333333333333;0.4037685060565276;0.1341836734693877;0.0;1.75;0.38899999999999996;0.18181818181818182;0.5714285714285714;-0.09609673313534152;0.17154279483917861;-0.4166666666666667;0.0;0.03521825396825396;0.31883417973062483;-0.18181818181818182;-0.33527696793002915;-0.4347826086956522;-0.9615384615384615;-0.01108870967741933;0.16666666666666674;0.4;0.75;0.3311556864188443;-0.36363636363636365;0.6;0.36363636363636365;-0.4477179425259599;0.3333333333333333;-0.125;0.6;-0.36427255985267026;0.4444444444444444;-0.21399301866747603;-1.0;-0.8333333333333334;0.06415711947626832;0.0;0.0
0.0;-0.14285714285714285;-0.03225806451612903;0.0;0.0;0.4666666666666666;0.40860215053763443;0.058823529411764705;0.2972972972972973;0.0;0.032679738562091526;1.218;0.5070422535211268;0.0;0.1623931623931624;-1.986960882647944;1;0.0283911671924294;0.09325681492109031;0.1166875784190716;0.10752688172043011;0.09803921568627451;0.04;0.23076923076923078;-0.2;-0.1111111111111111;-0.14285714285714285;-0.5;-0.375;-0.4;-0.6;0.0;-0.15625;0.0;0.5;0.2;0.0;3.5;0.25;-0.2222222222222222;0.7777777777777778;-1.0909090909090908;-0.5;0.752827677977379;0.6481302073241622;0.13678078365653168;0.03896053298009117;-0.14753320683111953;0.13043478260869565;-0.037037037037037035;0.035002792776019476;0.1702127659574468;0.5496952027564274;0.038461538461538464;-0.38883333333333336;-0.2772871776757329;-0.16666666666666666;-0.5;-0.2999999999999999;-0.711487758945386;0.0;-0.7142857142857143;-0.28935185185185186;-0.3285992759676971;0.25;0.0;-0.16191709844559585;-0.35613116026387265;0.11956458466732649;0.44449999999999995;0.4013798701298701;0.1111111111111111;1.3333333333333333;0.13885647607934656;0.07478991596638652;-0.07142857142857142;1.0;0.346164199192463;0.04744897959183672;0.0;1.75;-0.0555;0.18181818181818182;-0.2857142857142857;0.2373780229104794;-0.18389969107759413;0.16666666666666666;0.0;0.017609126984126987;0.31883417973062483;-0.18181818181818182;0.06413994169096215;1.3043478260869565;1.5384615384615383;0.5010080645161293;0.7222222222222223;-0.2;-0.4375;-0.045454545454545435;0.2727272727272727;0.0;-0.2727272727272727;-0.5025356194156002;0.5;-0.125;0.0;-0.28913443830570895;-0.2222222222222222;-0.12702989831537406;1.6666666666666667;1.3333333333333333;0.5207855973813421;0.6;-0.025000000000000022
0.058823529411764705;1.0;0.06451612903225806;0.058823529411764656;0.05530973451327434;-0.2333333333333333;0.40860215053763443;0.47058823529411764;0.7837837837837838;2.25;0.06535947712418305;1.204;0.16901408450704228;0.0703125;0.37606837606837606;-2.0020060180541623;1;0.08832807570977927;0.07317073170731697;0.2609786700125471;0.23655913978494625;0.11764705882352941;0.18;0.11538461538461539;0.24;0.2222222222222222;-0.14285714285714285;-0.125;-0.5;-0.3;0.4;0.05303030303030303;0.010416666666666666;0.8333333333333334;0.0;0.6;-1.25;4.5;0.0;0.2222222222222222;-0.3333333333333333;0.5454545454545454;0.125;0.41350632069194965;0.3921720596783571;0.24052350171574488;0.22727626913936183;1.1276091081593929;0.2826086956521739;0.35185185185185186;0.9996276298640848;0.1702127659574468;0.9347998939835673;0.038461538461538464;0.22233333333333327;0.7424938184387142;0.3333333333333333;0.5;-0.11550888529886912;0.05197740112994346;0.0;0.14285714285714285;-0.30199430199430194;-0.38485101642996383;0.25;-0.08333333333333333;0.5246113989637305;-0.1629802095459835;0.10844635892659639;0.22216666666666665;0.6846590909090908;0.0;1.3333333333333333;0.2222870478413069;-0.1201680672268907;0.14285714285714285;1.0;0.13458950201884254;-0.2336734693877552;0.0;0.5;1.0556666666666665;0.36363636363636365;2.0;0.5706406448875689;0.3774304924586589;0.16666666666666666;1.25;0.23015873015873015;0.6255243983219254;-0.18181818181818182;-0.8717201166180757;-1.0869565217391306;-2.1153846153846154;1.0537634408602152;0.16666666666666674;1.8;1.1875;0.30023923444976075;1.5454545454545454;1.6;0.7272727272727273;-0.02946148273363919;1.3333333333333333;0.875;1.6;0.7742173112338857;2.0;1.0968280467445743;-2.0;-1.8333333333333333;1.0592471358428803;0.0;-0.07916666666666675
0.11764705882352941;-0.42857142857142855;0.0967741935483871;0.11764705882352931;0.11393805309734513;0.26666666666666666;0.43010752688172044;0.11764705882352941;0.6756756756756757;-0.375;0.09803921568627386;1.225;0.32394366197183094;0.34375;0.41025641025641024;-2.0070210631895686;1;0.044164037854889635;0.10186513629842173;0.23839397741530743;0.10752688172043011;0.5294117647058824;0.2;0.25;0.14;0.5925925925925926;1.0;-0.125;-0.125;-0.1;-0.2;0.12121212121212122;0.11458333333333333;-0.16666666666666666;0.8333333333333334;0.0;-0.25;-0.5;2.25;0.0;0.1111111111111111;-0.45454545454545453;1.0;-0.1626746506986028;0.3921720596783571;0.2847338600271325;0.2532434643705926;0.9592030360531311;0.30434782608695654;0.35185185185185186;0.6421522993855892;0.23404255319148937;0.9966869864829045;0.038461538461538464;0.11116666666666664;0.9802190038855528;0.0;0.5;-0.2077544426494345;0.07156308851224102;0.0;0.14285714285714285;-0.3657407407407408;-0.37538290169869115;0.25;-0.08333333333333333;0.3898963730569947;-0.018626309662398154;0.0937772862215496;0.38883333333333336;0.619724025974026;0.0;1.3333333333333333;0.3055231427460132;-0.11092436974789913;0.14285714285714285;1.0;0.19246298788694485;-0.21454081632653066;0.0;0.5;0.7778333333333333;0.09090909090909091;2.0;0.6009758167161646;0.3519898237325096;0.25;1.25;-0.053323412698412696;0.4771472731287259;-0.18181818181818182;0.21282798833819294;0.6521739130434783;1.5384615384615383;1.0537634408602152;-0.38888888888888884;-2.1;-2.5;1.1503496503496502;-0.18181818181818182;-2.0;-1.6363636363636365;1.1724221202608067;-0.3333333333333333;-0.375;-2.0;1.022099447513812;-2.3333333333333335;0.9351950220063743;1.3333333333333333;1.6666666666666667;1.1891980360065466;-0.2;-0.03750000000000003
0.17647058823529413;0.0;0.14838709677419354;0.17647058823529396;0.17699115044247787;0.0;0.43010752688172044;0.35294117647058826;1.4054054054054055;0.75;0.14052287581699321;1.233;0.2535211267605634;0.3828125;0.5042735042735043;-2.0150451354062184;1;0.11041009463722444;0.13055954088952648;0.3287327478042659;0.23655913978494625;0.17647058823529413;0.62;0.2692307692307692;0.2;0.14814814814814814;-0.42857142857142855;0.875;-0.125;-0.4;-0.2;0.16666666666666666;0.21875;0.5;-0.16666666666666666;1.0;-0.25;0.5;-0.375;2.0;-0.1111111111111111;-0.2727272727272727;-1.0;0.6373918829008652;0.3468320093005234;0.3403559173250337;0.3506447968208205;0.6124288425047437;0.3695652173913043;0.35185185185185186;0.39545708434183585;0.425531914893617;1.0030479724357275;0.038461538461538464;0.16666666666666666;0.9237018721299893;0.0;0.5;-0.16155088852988692;0.06666666666666668;0.0;0.14285714285714285;-0.391025641025641;-0.3987747145641883;0.25;-0.08333333333333333;-0.23364637305699476;0.11224291812184711;0.1026252983293557;0.16666666666666666;0.19155844155844154;0.0;0.6666666666666666;0.33333333333333337;-0.13613445378151254;0.14285714285714285;1.0;0.1730820995962315;-0.2201530612244898;0.0;0.5;1.1111666666666666;0.09090909090909091;2.0;0.8434450572761985;0.3009267672178811;0.25;1.25;0.10615079365079365;0.49701920953852957;-0.18181818181818182;-0.17492711370262343;0.2173913043478261;-0.3846153846153846;0.5420026881720432;0.7222222222222223;0.9;1.8125;1.23490982701509;-1.0;0.6;1.1818181818181819;1.2385897126297996;-1.1666666666666667;0.0;0.6;0.9631675874769795;1.0;0.6023675823341932;-0.6666666666666666;-1.0;0.8454991816693944;0.6;-0.10000000000000009
0.23529411764705882;-0.42857142857142855;0.18064516129032257;0.23529411764705885;0.24668141592920353;-0.06666666666666667;0.3548387096774194;0.2549019607843137;0.8378378378378378;-0.125;0.21241830065359457;1.251;0.19718309859154934;0.4140625;0.5555555555555556;-2.0200601805416247;1;0.13564668769716137;0.12195121951219506;0.4404015056461732;0.34408602150537637;0.4117647058823529;0.26;0.6730769230769231;0.5;0.037037037037037035;0.0;-0.375;0.875;-0.5;-0.5;0.20454545454545456;0.2916666666666667;0.16666666666666666;0.5;-0.2;0.0;0.5;0.75;-0.3333333333333333;1.8888888888888888;0.6363636363636364;-1.625;0.13306719893546257;0.25595814764580505;0.3876785571781978;0.2792106596018233;0.11638203668564197;0.3695652173913043;0.24074074074074073;0.3641779929249676;0.425531914893617;0.7671614100185528;0.34615384615384615;-0.38883333333333336;-0.2772871776757329;0.0;-0.375;-0.16155088852988692;0.06666666666666668;0.0;0.14285714285714285;-0.4164886039886041;-0.37761069340016706;0.25;-0.08333333333333333;-0.23364637305699476;0.1320333721381452;0.09069212410501191;0.22216666666666665;0.0;0.1111111111111111;0.6666666666666666;0.3055231427460132;-0.11092436974789913;0.14285714285714285;1.0;0.13458950201884254;-0.22423469387755102;0.0;0.5;0.05566666666666667;0.09090909090909091;0.2857142857142857;0.5706406448875689;0.3009267672178811;0.25;1.25;0.23015873015873015;0.4051667034665489;-0.18181818181818182;0.2419825072886303;0.0;-0.1923076923076923;-0.34341397849462363;0.16666666666666674;-0.8;-1.125;0.7401545822598454;0.18181818181818182;-0.6;-0.5454545454545454;0.5658053610239072;0.0;-0.375;-0.6;-0.28913443830570895;-0.8888888888888888;0.12627105782364545;-0.3333333333333333;0.16666666666666666;0.25040916530278223;-0.4;-0.12083333333333299
0.29411764705882354;0.14285714285714285;0.23870967741935484;0.2941176470588235;0.3213495575221239;0.19999999999999998;0.27956989247311825;0.9411764705882353;1.7027027027027026;4.0;-0.30065359477124204;1.237;2.2112676056338025;0.4453125;0.7863247863247863;-2.029087261785356;1;0.19242902208201879;0.14921090387374475;0.4880803011292347;0.34408602150537637;0.3137254901960784;0.5;0.3269230769230769;0.38;0.3333333333333333;-0.42857142857142855;0.0;-0.375;-0.6;-0.4;0.23484848484848486;0.375;0.0;0.16666666666666666;0.6;0.5;-0.5;-0.125;0.6666666666666666;-0.4444444444444444;-0.2727272727272727;-1.125;0.6610113107119097;0.438674675450494;0.4148112680552228;0.5519343904624615;2.1565464895635675;0.5217391304347826;0.7962962962962963;1.4920871346118039;0.574468085106383;1.1429896633978263;0.38461538461538464;-0.16666666666666666;-0.15365595196043802;0.0;-0.25;-0.04620355411954759;-0.03427495291902079;0.3333333333333333;0.14285714285714285;-0.40384615384615385;-0.368421052631579;0.25;-0.08333333333333333;-0.1465349740932643;0.09565386107877383;0.09674602712614253;0.22216666666666665;0.0;0.1111111111111111;0.6666666666666666;0.3055231427460132;-0.11092436974789913;0.14285714285714285;1.0;0.19246298788694485;-0.2053571428571429;0.0;0.5;2.0;0.2727272727272727;4.0;1.6009758167161645;1.2962020715973104;0.25;3.0;0.8680555555555556;1.1909913888275558;-0.18181818181818182;-0.825072886297376;0.8695652173913044;0.7692307692307692;-0.15725806451612906;0.7222222222222223;3.2;2.4375;1.2030732425469266;2.272727272727273;0.8;0.6363636363636364;-0.09104081139821305;0.16666666666666666;0.125;0.8;-0.16022099447513813;3.5555555555555554;2.0843830626802244;1.0;0.6666666666666666;0.06415711947626832;0.6;-0.17083333333333303
0.35294117647058826;0.5714285714285714;0.3161290322580645;0.35294117647058815;0.39823008849557523;0.5;0.24731182795698925;0.7450980392156863;2.2432432432432434;2.5;0.35294117647058776;1.24;-0.5633802816901408;0.46875;0.9145299145299145;-2.041123370110331;1;0.14826498422712983;0.16068866571018664;0.49811794228356343;0.5376344086021505;1.0;0.4;0.5576923076923077;0.52;0.8148148148148148;0.14285714285714285;-0.375;0.0;-0.3;-0.2;0.2878787878787879;0.4791666666666667;0.5;0.0;0.2;-0.25;0.0;4.0;-0.1111111111111111;0.5555555555555556;0.09090909090909091;0.0;1.1300731869594152;0.5353613640767293;0.4923789003271884;0.6818093271515954;2.0139152435167613;0.5217391304347826;0.7962962962962963;1.5700986780860173;0.5957446808510638;1.2873045322024912;0.38461538461538464;0.05566666666666661;0.35146591310491;0.0;0.125;0.06914378029079173;0.06666666666666668;0.3333333333333333;0.14285714285714285;-0.3783831908831909;-0.3160679476468951;0.25;-0.08333333333333333;0.410621761658031;0.11951882033372166;0.15775074218522617;0.44449999999999995;0.4013798701298701;0.1111111111111111;1.3333333333333333;0.4445740956826138;-0.05182072829131654;0.14285714285714285;1.0;0.2691790040376851;-0.13928571428571435;0.0;0.5;2.7778333333333336;0.2727272727272727;4.0;2.1465846414934235;1.379792840268944;0.25;3.0;1.1336805555555556;1.3766835946124971;-0.18181818181818182;-0.30029154518950435;0.6521739130434783;-0.1923076923076923;-0.15725806451612906;1.277777777777778;-1.3;-2.875;1.625322046374678;1.8181818181818181;0.6;-0.09090909090909091;-0.09104081139821305;1.1666666666666667;0.5;0.6;0.3664825046040516;-1.4444444444444444;1.947488237972378;0.6666666666666666;-0.16666666666666666;-0.1204582651391163;1.2;-0.133333333333333
0.4117647058823529;0.0;0.36774193548387096;0.4117647058823528;0.4795353982300885;0.09999999999999999;0.16129032258064516;0.45098039215686275;2.324324324324324;0.375;0.4281045751633986;1.259;-0.6197183098591549;0.4921875;0.9487179487179487;-2.049147442326981;1;0.15772870662460584;0.187948350071736;0.5658720200752821;0.6021505376344086;0.803921568627451;1.1;0.46153846153846156;0.54;0.37037037037037035;0.5714285714285714;0.125;-0.375;-0.3;-0.6;0.3409090909090909;0.5416666666666666;0.8333333333333334;0.5;0.0;1.0;0.0;2.5;3.5555555555555554;-0.2222222222222222;-0.09090909090909091;-2.0;0.19228210246174332;0.6886262352257315;0.5100949644880696;0.7467370553629172;1.1529095509171412;0.7391304347826086;0.7962962962962963;1.175758704151927;0.6595744680851063;0.9334746885767291;1.0384615384615385;0.22233333333333327;-0.15365595196043802;0.5;0.125;0.09224555735056537;0.0444444444444444;0.3333333333333333;0.14285714285714285;-0.352920227920228;-0.32414369256474523;0.25;-0.08333333333333333;0.33452072538860117;0.07072176949941819;0.2092671284708075;0.5555;0.0;0.3333333333333333;1.3333333333333333;0.36114352392065346;-0.1428571428571428;0.14285714285714285;1.0;0.2885598923283984;-0.13750000000000004;0.0;0.5;3.0;0.6363636363636364;4.0;2.2373780229104794;1.3172814828275488;0.25;3.0;1.3816964285714286;1.1711194524177524;0.45454545454545453;0.41107871720116623;-0.4347826086956522;-0.9615384615384615;0.22345430107526887;0.16666666666666674;-1.8;-0.375;1.8897681266102317;-2.727272727272727;-0.8;-0.6363636363636364;0.047331562424535074;-0.16666666666666666;0.0;-0.8;-0.16022099447513813;-2.0;1.1211109424798906;-1.0;-0.8333333333333334;0.25040916530278223;0.0;-0.14166666666666633
0.47058823529411764;-0.5714285714285714;0.3935483870967742;0.4705882352941177;0.5652654867256637;0.06666666666666667;0.053763440860215055;0.49019607843137253;2.3783783783783785;0.375;0.4999999999999993;1.277;-0.6760563380281689;0.515625;0.9743589743589743;-2.053159478435306;1;0.2176656151419557;0.16786226685796268;0.5483061480552068;0.6451612903225806;0.5098039215686274;0.9;1.1346153846153846;0.96;1.1851851851851851;0.0;0.5;0.125;0.5;-0.5;0.45454545454545453;0.6145833333333334;0.3333333333333333;0.8333333333333334;0.6;-0.5;-2.5;0.375;2.2222222222222223;3.4444444444444446;1.5454545454545454;0.25;-0.3549567531603458;0.5150164696764192;0.47617907589178826;0.5974013324502279;0.45113851992409865;0.7391304347826086;0.6111111111111112;1.1759448892198847;0.6595744680851063;0.8551550490326001;1.0384615384615385;-0.05550000000000003;0.5238431649593783;-0.16666666666666666;0.125;-0.16155088852988692;-0.26177024482109235;0.0;-0.2857142857142857;-0.391025641025641;-0.281258702311334;0.25;-0.08333333333333333;-0.3060233160621761;0.09759410166860694;0.2289423132894815;0.44449999999999995;0.22483766233766228;0.2222222222222222;1.3333333333333333;0.41676390509529365;-0.24341736694677868;0.21428571428571427;1.0;0.384656796769852;-0.2714285714285715;0.21428571428571427;0.5;1.389;0.6363636363636364;2.2857142857142856;1.782774713619007;1.2869343994184992;0.25;3.0;1.3107638888888888;1.176639434753809;0.45454545454545453;0.472303206997085;0.0;0.3846153846153846;-0.01108870967741933;-0.38888888888888884;-0.1;1.0;0.159827015090173;-1.6363636363636365;-0.8;0.0;-0.02946148273363919;-1.3333333333333333;-0.5;-0.8;0.5462246777163904;-0.1111111111111111;0.447564122021551;-0.3333333333333333;0.3333333333333333;0.021931260229132478;-0.6;-0.19166666666666637
0.5294117647058824;-0.2857142857142857;0.432258064516129;0.5294117647058824;0.6548672566371682;0.0;-0.07526881720430108;0.27450980392156865;2.108108108108108;-1.25;0.5751633986928102;1.305;-0.6056338028169014;0.53125;0.9401709401709402;-2.0591775325977935;1;0.27444794952681384;0.1979913916786228;0.5734002509410288;0.8387096774193549;0.5490196078431373;0.6;0.9423076923076923;0.6;1.0;-0.5714285714285714;0.0;0.5;-0.5;-0.3;0.49242424242424243;0.7083333333333334;0.16666666666666666;0.3333333333333333;1.0;0.5;-0.5;0.375;0.3333333333333333;2.111111111111111;-0.36363636363636365;-1.125;0.13306719893546257;0.4282115869017634;0.4726677838959379;0.44155920052986325;0.08965844402277043;0.5434782608695652;0.37037037037037035;0.9046732452057344;0.8085106382978723;0.5999204876755895;1.1538461538461537;-0.38883333333333336;-0.18262098198516422;-0.16666666666666666;-0.375;-0.13844911147011296;-0.304331450094162;0.0;-0.2857142857142857;-0.42930911680911676;-0.2848788638262323;0.25;-0.08333333333333333;-0.48040803108808283;0.035118354675980006;0.2503056056813552;0.22216666666666665;-0.38595779220779225;0.2222222222222222;0.3333333333333333;0.36114352392065346;-0.24341736694677868;0.21428571428571427;1.0;0.4037685060565276;-0.2836734693877551;0.21428571428571427;0.5;-0.2776666666666667;-0.5454545454545454;-0.14285714285714285;1.5706406448875687;1.5178993276394692;-0.3333333333333333;3.0;1.2046130952380951;1.294325458158534;-0.09090909090909091;1.2915451895043735;0.2173913043478261;0.1923076923076923;-0.34341397849462363;0.16666666666666674;-1.4;-0.875;0.17372101582627897;-1.2727272727272727;0.4;0.5454545454545454;-0.16879980680994935;-0.3333333333333333;-0.25;0.4;-0.19042357274401467;-1.5555555555555556;0.10062224920321752;0.0;0.16666666666666666;-0.30180032733224227;0.0;-0.23749999999999977
0.5882352941176471;0.42857142857142855;0.5032258064516129;0.5520361990950226;0.7461283185840708;-0.06666666666666667;-0.1827956989247312;1.1176470588235294;2.945945945945946;3.875;0.643790849673202;1.301;-0.9577464788732394;0.546875;1.1025641025641026;-2.070210631895687;1;0.3627760252365931;0.20946915351506473;0.5984943538268506;0.946236559139785;0.3333333333333333;0.64;0.6538461538461539;0.84;1.1111111111111112;-0.2857142857142857;-0.5;0.0;-0.2;-0.6;0.553030303030303;0.7708333333333334;0.16666666666666666;0.16666666666666666;0.4;0.0;-0.5;-1.25;0.3333333333333333;0.2222222222222222;0.45454545454545453;-0.875;0.29673985362608135;0.3381127688432473;0.4595004389114994;0.6623290606615498;2.695445920303605;0.5434782608695652;0.9629629629629629;1.6432694097933345;0.8085106382978723;0.8037370792472831;1.5;-0.2221666666666667;0.38466972801130345;-0.16666666666666666;0.0;-0.06930533117932139;-0.1819209039548023;0.0;-0.2857142857142857;-0.3657407407407408;-0.24784182678919525;0.25;-0.08333333333333333;0.1007124352331606;0.06480403570042713;0.28831713138133763;0.16666666666666666;-0.6201298701298702;0.2222222222222222;0.0;0.36114352392065346;-0.24341736694677868;0.21428571428571427;1.0;0.42314939434724097;-0.2971938775510205;0.21428571428571427;0.5;1.2778333333333334;-0.5454545454545454;3.857142857142857;2.3283835383962663;1.9716518262765765;-0.3333333333333333;3.0;1.789186507936508;1.671671450651358;-0.09090909090909091;-0.40233236151603474;0.2173913043478261;0.0;-0.662970430107527;0.35185185185185197;4.0;3.3125;1.9492086860507913;2.4545454545454546;1.0;0.2727272727272727;0.10142477662400384;1.1666666666666667;0.375;1.0;0.40110497237569054;4.444444444444445;2.601608741842465;0.0;0.0;-0.6130932896890344;0.2;-0.3083333333333332
0.6470588235294118;0.0;0.5548387096774193;0.6470588235294117;0.8401548672566371;-0.43333333333333335;-0.3118279569892473;-0.17647058823529413;2.0;-4.5;0.7091503267973851;1.347;-0.5915492957746479;0.5546875;0.9487179487179487;-2.078234704112337;1;0.35015772870662465;0.23529411764705868;0.590966122961104;1.075268817204301;1.1764705882352942;0.42;0.6923076923076923;0.74;1.6666666666666667;0.42857142857142855;-0.25;-0.5;-0.5;-0.7;0.5909090909090909;0.8229166666666666;0.16666666666666666;0.16666666666666666;0.2;-0.25;0.0;3.875;-1.1111111111111112;0.2222222222222222;-0.18181818181818182;0.375;-0.3143712574850298;0.0031001743848091483;0.410102944697151;0.44155920052986325;4.460626185958254;0.043478260869565216;0.9629629629629629;2.6060323962018246;0.3404255319148936;0.9265836204611713;1.3461538461538463;0.0;0.0;0.16666666666666666;0.0;0.0;-0.28436911487758953;0.0;-0.2857142857142857;-0.32745726495726507;-0.2712336396546924;0.25;-0.08333333333333333;0.24919041450777196;0.009701202949165835;0.30968042377321164;-0.055499999999999994;0.31696428571428575;-0.2222222222222222;0.0;0.2779074290159471;-0.029411764705882346;0.0;1.0;0.346164199192463;-0.1938775510204082;0.07142857142857142;0.5;-0.8888333333333334;-2.909090909090909;3.857142857142857;1.267713194739075;3.382700345266218;-2.5;3.0;1.009672619047619;2.6683594612497243;-2.4545454545454546;3.766763848396502;-0.6521739130434783;-0.7692307692307692;-0.08098118279569883;-0.38888888888888884;-6.9;-6.875;4.370721383879278;-2.5454545454545454;-0.6;-0.7272727272727273;-0.02946148273363919;0.3333333333333333;0.0;-0.6;0.0;-7.666666666666667;4.295796023675823;-1.3333333333333333;-0.6666666666666666;-0.046153846153846156;-0.6;-0.29583333333333317
0.7058823529411765;0.0;0.6064516129032258;0.7058823529411765;0.9397123893805309;-0.5;-0.4838709677419355;-0.19607843137254902;0.972972972972973;-4.75;0.7875816993464048;1.393;-0.2816901408450703;0.5625;0.8034188034188035;-2.086258776328987;1;0.495268138801262;0.21520803443328568;0.6148055207026349;1.2473118279569892;-0.11764705882352941;1.28;0.4807692307692308;1.44;1.4444444444444444;0.0;0.375;-0.25;-0.1;-0.8;0.6590909090909091;0.8645833333333334;-0.5;0.16666666666666666;0.2;0.5;1.0;-4.5;3.4444444444444446;-1.2222222222222223;2.8181818181818183;-0.875;-0.3143712574850298;-0.10579345088161198;0.3876785571781978;0.2857170686094986;5.234819734345351;0.021739130434782608;0.9629629629629629;2.9836157140197357;0.3191489361702128;0.9933739729658096;1.3076923076923077;0.11116666666666664;-0.2772871776757329;0.5;0.0;-0.02310177705977365;-0.29114877589453864;0.0;-0.2857142857142857;-0.2767094017094018;-0.3252575884154832;0.25;-0.08333333333333333;0.0;-0.03017074117190531;0.3026951510565224;-0.2778333333333333;0.31696428571428575;-0.2222222222222222;0.0;0.11104628549202646;0.07703081232492993;0.0;1.0;0.2306864064602961;-0.12908163265306127;0.07142857142857142;0.5;-2.4443333333333332;-3.090909090909091;3.857142857142857;-0.8536274925753076;3.7308740686898054;-2.6666666666666665;2.875;0.37202380952380953;3.4155442702583354;-2.6363636363636362;4.204081632653061;0.2173913043478261;0.7692307692307692;-0.08098118279569883;-0.38888888888888884;-0.4;4.0;4.401545822598454;-6.545454545454546;0.0;0.2727272727272727;-0.02946148273363919;-0.5;0.0;0.0;-0.28913443830570895;-0.4444444444444444;5.038852633176506;0.0;0.6666666666666666;-0.046153846153846156;-0.6;-0.40833333333333327
0.7647058823529411;0.2857142857142857;0.6709677419354839;0.7647058823529411;1.040929203539823;-0.43333333333333335;-0.6236559139784946;0.29411764705882354;0.5945945945945946;-1.75;0.8562091503267972;1.421;-0.1830985915492958;0.5703125;0.7606837606837606;-2.0962888665997994;1;0.6403785488958994;0.21951219512195125;0.6248431618569636;1.3118279569892473;-0.13725490196078433;-0.04;1.3076923076923077;1.24;1.7037037037037037;0.0;0.0;0.375;0.2;-0.5;0.75;0.9375;-0.5;-0.5;0.2;1.0;-0.5;-4.75;-4.0;3.3333333333333335;1.7272727272727273;-0.375;0.13306719893546257;-0.04805270296454163;0.330540260154816;0.012993337748860434;1.4013282732447818;0.021739130434782608;0.18518518518518517;2.727425060510147;0.3191489361702128;0.9259210177577524;1.3076923076923077;0.05566666666666661;-0.48110208406923344;0.5;-0.125;-0.06930533117932139;-0.4395480225988701;0.0;-0.42857142857142855;-0.238425925925926;-0.3182957393483709;0.25;-0.08333333333333333;0.1648316062176167;0.08993015133876632;0.3004831480295711;-0.5;-0.6201298701298702;-0.2222222222222222;-1.3333333333333333;-0.11104628549202646;-0.06890756302521008;0.0;0.0;0.1730820995962315;-0.0727040816326531;0.07142857142857142;0.5;-4.944333333333333;-3.090909090909091;-2.5714285714285716;-1.8839626644039031;3.350536071233872;-2.6666666666666665;2.875;0.08854166666666667;3.5111503643188344;-2.6363636363636362;1.895043731778426;0.0;-0.1923076923076923;-0.15725806451612906;0.16666666666666674;2.2;1.5625;3.6687523003312474;1.7272727272727273;0.4;0.18181818181818182;-0.397488529340739;0.3333333333333333;0.25;0.4;-0.5016574585635358;2.4444444444444446;1.3595386249810288;0.0;0.0;-0.046153846153846156;0.2;-0.5083333333333333
0.8235294117647058;0.0;0.7225806451612903;0.8235294117647058;1.1438053097345133;-0.3666666666666667;-0.7419354838709677;0.8627450980392157;0.972972972972973;1.75;0.9215686274509796;1.429;-0.352112676056338;0.578125;0.8290598290598291;-2.104312938816449;1;0.7287066246056787;0.2467718794835006;0.6486825595984943;1.5483870967741935;0.35294117647058826;-0.06;0.038461538461538464;0.94;1.7407407407407407;0.2857142857142857;0.0;0.0;-0.2;-0.5;0.8106060606060606;1.0104166666666667;-0.5;-0.5;-0.6;0.25;2.0;-1.75;-4.222222222222222;-4.111111111111111;0.18181818181818182;-0.625;0.13306719893546257;-0.03255183104049589;0.33397175005985147;0.3571317255620056;3.436590765338393;0.021739130434782608;0.7222222222222222;3.1515546453174452;0.3191489361702128;0.9923138086403392;1.3076923076923077;0.05566666666666661;-0.48110208406923344;0.5;-0.125;-0.06930533117932139;-0.4395480225988701;0.0;-0.42857142857142855;-0.2257834757834759;-0.32414369256474523;0.25;-0.08333333333333333;0.1648316062176167;0.20886689949553766;0.2853483904767451;-0.44449999999999995;-0.38595779220779225;-0.2222222222222222;-1.0;-0.22228704784130687;-0.1428571428571428;0.0;-0.3333333333333333;0.038492597577388966;-0.12015306122448982;0.07142857142857142;0.5;-2.1666666666666665;-3.090909090909091;1.4285714285714286;-1.5507000424268136;3.5720516082137017;-2.6666666666666665;2.875;0.33655753968253965;3.5749613601236474;-2.6363636363636362;0.5131195335276972;0.2173913043478261;0.1923076923076923;-0.662970430107527;0.16666666666666674;2.6;0.1875;0.854711078395289;4.454545454545454;-0.4;-0.36363636363636365;-0.5223375996136199;0.0;0.0;-0.4;-0.5016574585635358;2.888888888888889;3.3129458187888905;0.3333333333333333;0.16666666666666666;-0.6130932896890344;0.4;-0.5666666666666668
0.8823529411764706;0.0;0.7741935483870968;0.8823529411764705;1.2527654867256637;-0.6333333333333333;-0.946236559139785;1.3333333333333333;2.0;4.625;0.9967320261437905;1.422;-0.7746478873239436;0.578125;0.8974358974358975;-2.1123370110330995;1;0.7539432176656156;0.27259684361549485;0.631116687578419;1.5483870967741935;0.9215686274509803;0.44;0.019230769230769232;0.98;2.5185185185185186;0.0;0.25;0.0;-0.6;0.3;0.8409090909090909;1.1666666666666667;-0.3333333333333333;-0.5;-0.6;0.0;-1.0;1.75;-1.5555555555555556;-4.333333333333333;0.18181818181818182;1.625;-0.17465069860279428;-0.12187560550280946;0.2555262947889233;0.8636186543031907;3.359740670461733;0.5652173913043478;1.1666666666666667;4.290076335877862;0.3191489361702128;1.4613040021203283;1.3076923076923077;0.05566666666666661;-0.48110208406923344;0.5;-0.125;0.023101777059773936;-0.711487758945386;0.6666666666666666;-0.42857142857142855;-0.31481481481481477;-0.5176830966304651;0.25;-0.3333333333333333;0.0;0.22332169188979464;0.3209732813318586;-0.5;-0.2142857142857143;-0.3333333333333333;-1.0;-0.3611435239206535;-0.1428571428571428;-0.07142857142857142;-0.3333333333333333;-0.01911170928667563;-0.0581632653061225;0.0;0.5;2.0;-0.9090909090909091;4.714285714285714;-0.520364870598218;4.486461929856442;-2.6666666666666665;3.625;0.6731150793650793;3.938396997129609;-2.6363636363636362;-0.22448979591836724;-0.4347826086956522;-0.5769230769230769;-0.34341397849462363;-0.20370370370370366;2.1;-0.375;-0.4006256900993743;4.363636363636363;0.0;0.18181818181818182;-0.5223375996136199;-0.3333333333333333;0.0;0.0;-0.5016574585635358;2.3333333333333335;3.2391865229928674;-0.6666666666666666;-0.5;-0.30180032733224227;0.0;-0.5833333333333334
0.9411764705882353;-0.42857142857142855;0.8064516129032258;0.9411764705882352;1.364491150442478;-0.9;-1.1827956989247312;-0.49019607843137253;0.4594594594594595;-7.125;1.068627450980392;1.476;-0.32394366197183094;0.578125;1.1282051282051282;-2.1173520561685053;1;0.7318611987381705;0.31276901004304153;0.6574654956085321;1.7204301075268817;1.392156862745098;1.02;0.5;0.76;1.8518518518518519;0.0;0.0;0.25;-0.4;-0.7;0.8863636363636364;1.21875;-0.6666666666666666;-0.3333333333333333;-0.6;0.0;1.0;4.625;1.5555555555555556;-1.6666666666666667;-1.0;-1.0;-0.7012641383898869;-0.22146870761480347;0.18115074614954907;0.603888261191413;6.797596457938014;-0.30434782608695654;1.1666666666666667;5.30013032954757;0.0;1.8841770474423531;0.7307692307692307;-0.2221666666666667;-0.2772871776757329;0.0;-0.375;0.0;-0.6090395480225989;0.3333333333333333;-0.42857142857142855;-0.31481481481481477;-0.5176830966304651;0.25;-0.3333333333333333;-0.23364637305699476;0.0910942956926659;0.3146865358868387;-0.6666666666666666;0.19155844155844154;-0.5555555555555556;-1.0;-0.5556203811746403;-0.1201680672268907;-0.21428571428571427;-0.3333333333333333;-0.19219380888290713;0.022193877551020345;-0.14285714285714285;0.5;-0.38883333333333336;-4.818181818181818;4.714285714285714;-1.9446330080610943;5.666908958749772;-4.25;3.625;-0.28348214285714285;5.057187017001546;-4.363636363636363;8.230320699708454;-0.4347826086956522;0.0;-0.27486559139784944;-0.7592592592592593;-9.6;-7.375;5.70841001104159;-6.7272727272727275;-0.6;-0.2727272727272727;-0.636319729533929;-0.5;-0.375;-0.6;-0.28913443830570895;-10.666666666666666;6.538776749127334;-0.6666666666666666;0.0;-0.235024549918167;-0.6;-0.5708333333333334
1.0;1.0;0.9032258064516129;0.9999999999999998;1.4740044247787611;-0.8333333333333334;-1.3118279569892473;1.9803921568627452;2.27027027027027;8.5;1.1405228758169932;1.449;-1.0140845070422535;0.5703125;1.1965811965811965;-2.132397191574724;1;0.9022082018927448;0.3070301291248206;0.6675031367628608;1.8494623655913978;-0.43137254901960786;1.5;1.0576923076923077;1.62;2.2962962962962963;-0.42857142857142855;0.0;0.0;0.1;-0.4;0.9696969696969697;1.3020833333333333;-1.0;-0.6666666666666666;-0.4;0.0;0.0;-7.125;4.111111111111111;1.4444444444444444;2.727272727272727;0.125;-0.3549567531603458;-0.2073241619841117;0.11132391668661715;0.9740133245022792;9.49493991144845;-0.30434782608695654;1.7777777777777777;7.136287469744928;0.0;2.8320964749536177;0.7307692307692307;0.16666666666666666;0.9237018721299893;0.0;0.5;0.09224555735056537;-0.1615819209039549;0.3333333333333333;0.14285714285714285;-0.2257834757834759;-0.32414369256474523;0.25;-0.08333333333333333;0.3898963730569947;0.19402405898331393;0.3601490191512894;-0.8888333333333334;-0.15137987012987014;-0.5555555555555556;-1.6666666666666667;-0.7500972384286271;-0.2719887955182072;-0.21428571428571427;-1.3333333333333333;-0.32678331090174967;0.09719387755102035;-0.14285714285714285;0.5;2.6111666666666666;-4.818181818181818;9.142857142857142;-0.8232923207467118;7.192077048882428;-4.25;7.5;0.8147321428571429;6.268271141532347;-4.363636363636363;-0.8309037900874634;0.0;0.3846153846153846;-0.46875;-0.38888888888888884;12.3;13.625;9.439271255060728;2.5454545454545454;2.0;1.1818181818181819;0.6384931176044434;1.1666666666666667;0.875;2.0;0.9631675874769795;13.666666666666666;9.127636970708755;0.0;0.3333333333333333;-0.42389525368248776;-0.2;-0.6749999999999997
1.0588235294117647;0.2857142857142857;0.967741935483871;1.0588235294117645;1.5956858407079646;-0.7666666666666666;-1.6129032258064515;0.35294117647058826;1.864864864864865;-1.875;1.2124183006535945;1.476;-0.9436619718309859;0.5625;1.1025641025641026;-2.1424272818455368;1;0.8170347003154579;0.3730272596843615;0.6900878293601002;1.956989247311828;2.0392156862745097;-0.36;1.5192307692307692;0.3;2.111111111111111;1.0;-0.375;0.0;-0.2;-0.7;1.0303030303030303;1.3541666666666667;-1.0;-1.0;-0.8;-1.0;-0.5;8.5;-6.333333333333333;4.0;-3.3636363636363638;-0.75;0.13306719893546257;-0.25576438674675456;0.044609368765461455;0.6493357229126894;9.291113219481343;-0.30434782608695654;1.7777777777777777;6.69744926456898;0.0;2.8118208322289955;0.7307692307692307;0.2778333333333333;0.8770752384316497;0.0;0.5;0.13844911147011327;-0.1615819209039549;0.3333333333333333;0.14285714285714285;-0.16221509971509965;-0.3622946254525203;0.25;-0.08333333333333333;0.7420660621761658;0.2944315095071789;0.39041853425694184;-0.9445;-0.38595779220779225;-0.5555555555555556;-2.0;-0.8057176196032673;-0.2719887955182072;-0.21428571428571427;-1.3333333333333333;-0.4228802153432033;0.13520408163265302;-0.14285714285714285;0.5;-0.2776666666666667;-4.818181818181818;9.142857142857142;-0.1868901145523971;6.857895693258223;-4.25;7.5;0.5667162698412699;6.347096489291234;-4.363636363636363;2.4693877551020416;0.2173913043478261;0.1923076923076923;-0.34341397849462363;0.16666666666666674;-8.6;-13.125;10.733713654766285;3.4545454545454546;-1.0;-1.3636363636363635;0.9616034774209127;0.8333333333333334;0.25;-1.0;0.9145488029465929;-9.555555555555555;8.932007891941115;0.3333333333333333;0.16666666666666666;-0.30180032733224227;0.4;-0.6250000000000001
-0.9411764705882353;1.1428571428571428;-0.8903225806451613;-0.9411764705882354;-0.5077433628318584;1.0;0.41935483870967744;-0.9019607843137255;0.1891891891891892;1.0;-2.9673202614379086;0.369;1.4788732394366197;-2.609375;-2.9743589743589745;-2.1544633901705117;2;-2.5899053627760256;-1.0301291248206599;-0.41656210790464226;-0.055913978494623685;-0.8431372549019608;-0.78;-0.6730769230769231;-0.44;-0.07407407407407407;1.1428571428571428;1.0;1.0;0.6;0.4;-0.6666666666666666;-0.375;1.3333333333333333;1.3333333333333333;1.6;1.75;3.5;1.0;0.8888888888888888;0.7777777777777778;0.6363636363636364;0.375;-1.0405854956753162;-1.7353226118969192;-1.3912696512648632;-0.8571317255620057;0.057716635041113254;-0.7608695652173914;-0.9444444444444444;-0.46211133867063847;-0.44680851063829785;-0.8843095679830373;-0.07692307692307693;1.2778333333333334;-0.6393500529848111;1.8333333333333333;0.625;1.2462035541195478;-1.054613935969868;4.0;0.2857142857142857;1.1351495726495726;-0.9562795878585353;3.25;0.0;0.651068652849741;-0.44596429957314687;-0.9520926712847079;1.3333333333333333;1.1018668831168832;1.0;2.3333333333333335;1.5558148580318945;0.4756302521008404;0.7857142857142857;2.0;2.095827725437416;0.3247448979591837;0.8571428571428571;1.25;1.2778333333333334;1.0909090909090908;0.5714285714285714;1.6616461603733559;0.3854261312011629;1.1666666666666667;0.0;1.8777281746031744;0.5645837933318613;1.5454545454545454;-0.6734693877551017;-1.6956521739130437;1.0961538461538463;0.4976478494623656;-1.851851851851852;-1.1;0.5625;0.0065329407434670346;-1.0;0.2;-0.6363636363636364;0.19005071238831198;-0.8333333333333334;1.125;-1.2;0.6357274401473297;-0.16666666666666666;-0.6275610866595841;-2.0;0.6666666666666666;0.12373158756137469;-1.4;7.791666666666667
-0.8823529411764706;1.2857142857142858;-0.7806451612903226;-0.8823529411764707;-0.49557522123893805;0.0;0.43010752688172044;-1.0588235294117647;0.10810810810810811;-0.375;-2.222222222222222;0.579;1.225352112676056;-2.609375;-2.9743589743589745;-2.1715145436308925;2;-2.5899053627760256;-1.0301291248206599;-0.41656210790464226;-0.055913978494623685;-0.8431372549019608;-0.78;-0.6730769230769231;-0.44;-0.07407407407407407;1.1428571428571428;1.0;1.0;0.6;0.4;-0.6666666666666666;-0.375;1.3333333333333333;1.3333333333333333;1.6;1.75;3.5;1.0;0.8888888888888888;0.7777777777777778;0.6363636363636364;0.375;-1.0405854956753162;-1.7353226118969192;-1.3912696512648632;-0.935052791522188;0.057716635041113254;-0.9347826086956522;-0.9444444444444444;-0.46211133867063847;-0.6170212765957447;-0.8843095679830373;-0.38461538461538464;1.3611666666666666;-0.6393500529848111;1.8333333333333333;0.75;1.326978998384491;-1.054613935969868;4.0;0.42857142857142855;1.2241809116809117;-0.9562795878585353;3.25;0.08333333333333333;0.651068652849741;-0.44596429957314687;-0.9520926712847079;0.8333333333333334;1.1018668831168832;0.3333333333333333;2.3333333333333335;0.972384286269934;0.4756302521008404;0.35714285714285715;2.0;1.2882907133243606;0.3247448979591837;0.42857142857142855;1.25;0.36116666666666664;0.09090909090909091;0.5714285714285714;0.4949087823504455;0.3854261312011629;0.25;0.0;0.513640873015873;0.5645837933318613;0.5454545454545454;0.6647230320699715;-1.6956521739130437;1.0961538461538463;0.4976478494623656;-1.851851851851852;-1.1;0.5625;0.0065329407434670346;-1.0;0.2;-0.6363636363636364;0.19005071238831198;-0.8333333333333334;1.125;-1.2;0.6357274401473297;-0.16666666666666666;-0.6275610866595841;-2.0;0.6666666666666666;0.12373158756137469;-1.4;7.791666666666667
-0.8235294117647058;0.42857142857142855;-0.7096774193548387;-0.8235294117647061;-0.4811946902654867;0.0;0.43010752688172044;-1.0196078431372548;-0.02702702702702703;-0.625;-1.69281045751634;0.747;1.3098591549295773;-2.609375;-2.9743589743589745;-2.1825476429287862;2;-1.9274447949526816;-1.0301291248206599;-0.41656210790464226;-0.055913978494623685;-1.0;-0.78;-0.6730769230769231;-0.44;-0.07407407407407407;1.2857142857142858;1.0;1.0;0.6;0.4;-0.6666666666666666;-0.375;0.3333333333333333;1.3333333333333333;1.6;1.75;3.5;-0.375;0.8888888888888888;0.7777777777777778;0.6363636363636364;0.375;-1.1516966067864274;-1.80003875217981;-1.4179235495969995;-0.9480461292710484;-0.1785262492093611;-0.9347826086956522;-0.9444444444444444;-0.7402718301992178;-0.6170212765957447;-1.0822952557646432;-0.38461538461538464;1.0556666666666665;0.24655598728364533;1.0;0.75;1.0308562197092084;-0.10998116760828634;2.3333333333333335;0.42857142857142855;0.8977920227920229;-0.25786688944583686;2.0;0.08333333333333333;0.9888277202072537;-0.24359720605355056;-0.8306653472262645;0.5555;1.0693993506493507;0.1111111111111111;2.3333333333333335;0.6481913652275381;0.4532212885154062;0.21428571428571427;2.0;0.8395693135935398;0.30433673469387756;0.2857142857142857;1.25;-0.0555;-0.09090909090909091;0.5714285714285714;-0.03542638947815019;0.24404870070870432;0.08333333333333333;0.0;-0.10639880952380952;0.3928019430337823;0.36363636363636365;0.6064139941690968;-0.4565217391304348;1.0961538461538463;0.4976478494623656;-1.851851851851852;-0.1;0.5625;0.0065329407434670346;-1.0;-1.2;-0.6363636363636364;0.19005071238831198;-0.8333333333333334;0.375;-1.2;0.6357274401473297;-0.16666666666666666;-0.6275610866595841;-0.6666666666666666;0.6666666666666666;0.12373158756137469;-1.4;3.695833333333334
-0.7647058823529411;-0.14285714285714285;-0.6645161290322581;-0.7647058823529412;-0.4646017699115044;-0.3333333333333333;0.40860215053763443;-0.9019607843137255;-0.08108108108108109;-0.375;-1.3169934640522878;0.849;1.1267605633802815;-2.609375;-2.9743589743589745;-2.189568706118355;2;-1.3974763406940063;-1.0301291248206599;-0.41656210790464226;-0.055913978494623685;-0.9607843137254902;-0.94;-0.6730769230769231;-0.44;-0.07407407407407407;0.42857142857142855;1.125;1.0;0.6;0.4;-0.6666666666666666;-0.375;0.0;0.3333333333333333;1.6;1.75;3.5;-0.625;-0.3333333333333333;0.7777777777777778;0.6363636363636364;0.375;-0.7511643379906853;-1.668087579926371;-1.363578325752135;-0.9480461292710484;-0.1785262492093611;-0.9347826086956522;-0.9444444444444444;-0.7477192329175197;-0.6170212765957447;-1.0875960773919957;-0.38461538461538464;0.5556666666666666;0.8887318968562348;0.3333333333333333;0.75;0.7211631663974152;0.42900188323917127;1.0;0.42857142857142855;0.556445868945869;0.14062935115566694;1.0;0.08333333333333333;0.17389896373056993;-0.13242142025611162;-0.7639559927818848;0.055499999999999994;0.0;0.0;0.3333333333333333;0.4375729288214703;0.4162464985994397;0.14285714285714285;2.0;0.5480484522207268;0.27066326530612234;0.21428571428571427;1.25;-0.6666666666666666;-0.09090909090909091;-1.0;-0.19452694102672888;0.04579320370706883;0.08333333333333333;0.0;-0.2924107142857143;0.1519099138882755;0.36363636363636365;-0.2915451895043728;-0.47826086956521746;-0.019230769230769232;0.23924731182795708;-0.8148148148148148;0.3;0.1875;0.01941479573058523;0.2727272727272727;-0.8;0.18181818181818182;-0.13450857280850045;-1.6666666666666667;-0.125;-0.8;0.9267034990791898;0.3333333333333333;-0.1862194566702079;-0.3333333333333333;0.16666666666666666;0.06415711947626832;-0.4;2.0791666666666666
-0.7058823529411765;0.0;-0.6129032258064516;-0.7058823529411765;-0.4452433628318584;0.0;0.3978494623655914;-0.8627450980392157;-0.16216216216216217;-0.375;-1.0294117647058825;0.944;1.225352112676056;-2.609375;-2.9743589743589745;-2.197592778335005;2;-1.0757097791798107;-1.0301291248206599;-0.41656210790464226;-0.055913978494623685;-0.8431372549019608;-0.9;-0.8269230769230769;-0.44;-0.07407407407407407;-0.14285714285714285;0.375;1.125;0.6;0.4;-0.6666666666666666;-0.375;-0.16666666666666666;0.0;0.4;1.75;3.5;-0.375;-0.5555555555555556;-0.4444444444444444;0.6363636363636364;0.375;-0.25815036593479707;-1.2815345863204806;-1.20437315457665;-0.8830989207932364;-0.1785262492093611;-0.8913043478260869;-0.9074074074074074;-0.7080618134425617;-0.6170212765957447;-1.0593692022263448;-0.38461538461538464;0.05566666666666661;-0.15365595196043802;0.3333333333333333;0.0;0.5676898222940228;0.39284369114877576;1.0;0.42857142857142855;0.3872863247863249;0.11389585073795595;1.0;0.08333333333333333;-0.07998704663212432;0.01202949165696569;-0.6772804004889689;0.0;-0.2142857142857143;0.0;0.0;0.3889537145079736;0.27759103641456584;0.14285714285714285;2.0;0.48075370121130556;0.14438775510204077;0.21428571428571427;1.25;-0.6666666666666666;-0.09090909090909091;-1.0;-0.2899872719558761;-0.0803198255497002;0.08333333333333333;0.0;-0.40401785714285715;-0.0013247957606536162;0.36363636363636365;0.0903790087463561;0.1521739130434783;0.5576923076923077;-0.30376344086021506;-0.2962962962962963;-0.1;-0.3125;-0.4316341553183658;0.2727272727272727;0.2;0.45454545454545453;-0.13450857280850045;-0.5;0.0;0.2;-0.16022099447513813;-0.05555555555555555;-0.12566398543026247;0.6666666666666666;0.5;-0.1204582651391163;0.4;1.4083333333333332
-0.6470588235294118;0.14285714285714285;-0.5548387096774193;-0.6470588235294118;-0.42367256637168144;0.3333333333333333;0.40860215053763443;-0.8235294117647058;-0.2702702702702703;-0.5;-0.8169934640522878;1.033;1.5633802816901408;-2.609375;-2.9743589743589745;-2.206619859578736;2;-0.77602523659306;-1.0301291248206599;-0.41656210790464226;-0.055913978494623685;-0.803921568627451;-0.78;-0.7884615384615384;-0.44;-0.07407407407407407;0.0;-0.125;0.375;0.6;0.4;-0.6666666666666666;-0.375;0.16666666666666666;-0.16666666666666666;0.0;1.75;3.5;-0.375;-0.3333333333333333;-0.6666666666666666;0.6363636363636364;0.375;0.19693945442448457;-0.8759930246076343;-1.037347378501317;-0.8181711925819145;-0.5205566097406704;-0.7608695652173914;-0.8703703703703703;-0.6447588903369947;-0.6170212765957447;-1.0143122183938509;-0.38461538461538464;-0.05550000000000003;-0.5358530554574356;0.3333333333333333;-0.25;0.49224555735056547;0.27118644067796616;1.0;0.42857142857142855;0.3041310541310542;0.02394876079086614;1.0;0.08333333333333333;0.08176813471502603;0.20110593713620492;-0.5638279294487455;0.16666666666666666;0.19155844155844154;0.0;0.6666666666666666;0.42143134966938933;0.18039215686274512;0.14285714285714285;2.0;0.525706594885599;0.05586734693877548;0.21428571428571427;1.25;-0.6110000000000001;0.0;-1.0;-0.38905388205345776;-0.1551880792295112;0.08333333333333333;0.0;-0.5198412698412699;-0.09229410465886513;0.36363636363636365;0.41107871720116623;0.1521739130434783;0.0;-0.29435483870967744;0.2407407407407409;-0.1;-0.0625;-0.4316341553183658;-0.09090909090909091;0.2;0.0;-0.3081381308862594;0.3333333333333333;0.125;0.2;-0.5587476979742172;-0.1111111111111111;-0.4463499772347852;0.6666666666666666;0.0;-0.235024549918167;1.0;0.9124999999999999
-0.5882352941176471;-0.2857142857142857;-0.5161290322580645;-0.6787330316742082;-0.40154867256637167;0.0;0.43010752688172044;-0.803921568627451;-0.3783783783783784;-0.75;-0.6535947712418305;1.107;1.9014084507042253;-0.5;-0.811965811965812;-2.2126379137412235;2;-0.495268138801262;-1.0301291248206599;-0.41656210790464226;-0.055913978494623685;-0.7647058823529411;-0.74;-0.6730769230769231;-0.44;-0.07407407407407407;0.14285714285714285;0.0;-0.125;0.6;0.4;-0.6666666666666666;-0.375;0.5;0.16666666666666666;-0.2;1.75;3.5;-0.5;-0.3333333333333333;-0.4444444444444444;0.6363636363636364;0.375;-0.2438456420492348;-0.6211974423561325;-0.932407629079882;-0.7856975883430084;-0.5951929158760279;-0.717391304347826;-0.8518518518518519;-0.6041705455222489;-0.6170212765957447;-0.9854227405247812;-0.38461538461538464;-0.11100000000000006;-0.3493465206640763;0.16666666666666666;-0.25;0.3691437802907916;0.31864406779661003;0.6666666666666666;0.42857142857142855;0.16844729344729342;0.0590364800891116;0.75;0.08333333333333333;-0.07286269430051816;0.3519596429957315;-0.47331043716165083;0.2778333333333333;-0.15137987012987014;0.2222222222222222;0.6666666666666666;0.3889537145079736;0.11176470588235293;0.14285714285714285;2.0;0.48075370121130556;-0.006632653061224553;0.21428571428571427;1.25;-0.7776666666666667;-0.18181818181818182;-1.0;-0.520364870598218;-0.17753952389605676;0.0;0.0;-0.6733630952380952;-0.11945241775226327;0.2727272727272727;0.5597667638483971;-0.4565217391304348;-0.5384615384615384;-0.313508064516129;-0.2777777777777778;-0.2;-0.125;-0.5910011041589989;-0.18181818181818182;-0.6;-0.36363636363636365;-0.4477179425259599;-0.3333333333333333;-0.25;-0.6;-0.36427255985267026;-0.2222222222222222;-0.5566853847321293;-0.6666666666666666;-0.6666666666666666;-0.046153846153846156;0.2;0.5333333333333333
-0.5294117647058824;-0.5714285714285714;-0.49032258064516127;-0.5294117647058825;-0.37389380530973454;-2.0;0.20430107526881722;-0.6666666666666666;-0.5405405405405406;-0.5;-0.5261437908496732;1.07;0.8309859154929577;-0.515625;-0.6837606837606838;-2.2166499498495487;2;-0.26182965299684535;-1.0301291248206599;-0.41656210790464226;-0.055913978494623685;-0.7450980392156863;-0.7;-0.6346153846153846;-0.44;-0.07407407407407407;-0.2857142857142857;0.125;0.0;0.6;0.4;-0.6666666666666666;-0.375;0.16666666666666666;0.5;0.2;1.75;3.5;-0.75;-0.4444444444444444;-0.4444444444444444;0.6363636363636364;0.375;0.7967398536260815;-0.6783569075760513;-0.9728672891229752;-0.7207698601316865;-0.14753320683111953;-0.6739130434782609;-0.7222222222222222;-0.24930180599515908;-0.6170212765957447;-0.7975086138351443;-0.38461538461538464;-0.3333333333333333;0.0;-0.16666666666666666;-0.25;0.09224555735056537;0.2685499058380413;0.0;0.42857142857142855;0.02225783475783476;0.14230019493177393;0.25;0.08333333333333333;-0.48040803108808283;-0.014745828482731614;-0.41096687816520155;-0.6666666666666666;3.6168831168831166;-1.6666666666666667;0.6666666666666666;-0.2779074290159471;1.12296918767507;-0.9285714285714286;0.3333333333333333;-0.12489905787348586;1.0084183673469387;-0.8571428571428571;1.25;-0.8333333333333334;-0.18181818181818182;-1.1428571428571428;-0.8839626644039031;-0.8180992186080319;0.0;-1.375;-0.726438492063492;-0.18679620225215282;0.2727272727272727;-1.6064139941690962;-4.173913043478261;-3.2884615384615388;2.762768817204302;-3.9629629629629632;0.4;0.3125;-0.34827015090172986;0.2727272727272727;-0.4;0.09090909090909091;-0.5025356194156002;-0.8333333333333334;-0.5;-0.4;0.0;0.3888888888888889;-0.1705873425405979;-5.666666666666667;-2.5;2.4769230769230766;-3.6;0.26250000000000023
-0.47058823529411764;-0.2857142857142857;-0.45161290322580644;-0.47058823529411775;-0.34513274336283184;-1.0;0.12903225806451613;-0.47058823529411764;-0.4594594594594595;0.375;-0.42483660130718987;1.066;0.3380281690140845;-0.46875;-0.5470085470085471;-2.222668004012036;2;-0.37854889589905333;-0.7288378766140602;-0.41656210790464226;-0.055913978494623685;-0.6078431372549019;-0.68;-0.5961538461538461;-0.6;-0.07407407407407407;-0.5714285714285714;-0.25;0.125;0.7;0.4;-0.5378787878787878;-0.375;-2.6666666666666665;0.16666666666666666;0.6;0.25;3.5;-0.5;-0.6666666666666666;-0.5555555555555556;-0.36363636363636365;0.375;1.3330006653359951;-0.6024026351482271;-0.885005187135903;-0.603888261191413;0.5142314990512336;-0.6521739130434783;-0.5370370370370371;0.17017315211320078;-0.574468085106383;-0.4245958123509144;-0.38461538461538464;-0.5;-0.48110208406923344;-0.16666666666666666;-0.625;-0.16155088852988692;-0.4587570621468926;0.0;-0.42857142857142855;-0.05199430199430197;0.10776942355889713;0.25;0.08333333333333333;-0.48040803108808283;-0.18868839736127266;-0.3433843646312356;-1.2221666666666666;2.8315746753246755;-1.6666666666666667;0.0;-0.5278101905873201;1.1501400560224089;-0.9285714285714286;0.3333333333333333;-0.32678331090174967;0.9913265306122448;-0.8571428571428571;1.25;-0.4443333333333334;-0.18181818181818182;-0.14285714285714285;-0.7021637675010606;-0.499000545157187;0.0;-0.625;-0.5749007936507936;-0.16250827997350403;0.2727272727272727;-1.0320699708454808;2.608695652173913;6.0;4.393145161290324;-1.3518518518518519;0.7;0.125;-0.22239602502760394;1.0909090909090908;0.4;0.36363636363636365;-0.36633663366336644;-0.0;-0.25;0.4;-0.5016574585635358;0.7777777777777778;0.4729093944452875;3.0;4.333333333333333;3.4700490998363334;-1.4;0.3958333333333337
-0.4117647058823529;-0.7142857142857143;-0.432258064516129;-0.41176470588235303;-0.31194690265486724;-1.0;0.0;-0.5882352941176471;-0.6486486486486487;-0.875;-0.32679738562091526;1.09;0.2535211267605634;-0.4140625;-0.5384615384615384;-2.2256770310932796;2;-0.3911671924290218;-0.4878048780487804;-0.41656210790464226;-0.055913978494623685;-0.4117647058823529;-0.54;-0.5769230769230769;-0.56;-0.07407407407407407;-0.2857142857142857;-0.5;-0.25;0.1;0.4;-0.45454545454545453;-0.375;-1.1666666666666667;-2.6666666666666665;0.2;-0.25;3.5;0.375;-0.4444444444444444;-0.7777777777777778;-0.5454545454545454;0.375;1.8769128409846978;-0.5626816508428599;-0.8059213151384568;-0.5324541239724159;-0.04095509171410491;-0.5;-0.5370370370370371;0.0;-0.44680851063829785;-0.37821362311158213;-0.38461538461538464;-0.6666666666666666;-0.3493465206640763;-0.3333333333333333;-0.625;-0.3462035541195476;-0.5239171374764595;-0.3333333333333333;-0.7142857142857143;-0.16470797720797734;0.15984405458089665;0.0;0.08333333333333333;-0.553270725388601;-0.33876600698486603;-0.29518598288608167;-1.6666666666666667;1.4886363636363635;-1.6666666666666667;-2.6666666666666665;-0.722287047841307;1.1641456582633052;-0.9285714285714286;0.3333333333333333;-0.48829071332436075;0.9607142857142856;-0.8571428571428571;1.25;-0.5;-0.2727272727272727;-0.14285714285714285;-0.7628341111582518;-0.44521170270761407;-0.08333333333333333;-0.625;-0.7016369047619047;-0.15345550894237145;0.18181818181818182;-0.33527696793002915;-0.4565217391304348;-2.7115384615384612;4.393145161290324;1.8148148148148149;-0.9;-1.0625;0.13847994111152012;-0.09090909090909091;-0.6;-0.45454545454545453;-0.36633663366336644;-0.16666666666666666;-0.625;-0.6;-0.36427255985267026;-0.9444444444444444;-0.02853240248899677;0.0;-1.5;3.5201309328968904;2.0;0.40833333333333327
-0.35294117647058826;0.2857142857142857;-0.36774193548387096;-0.35294117647058837;-0.2771017699115044;0.0;0.0;-0.21568627450980393;-0.4594594594594595;1.0;-0.2614379084967322;1.091;-0.014084507042253532;-0.3515625;-0.358974358974359;-2.235707121364092;2;-0.315457413249211;-0.3414634146341463;-0.41656210790464226;-0.055913978494623685;-0.5294117647058824;-0.34;-0.4423076923076923;-0.44;-0.07407407407407407;-0.7142857142857143;-0.25;-0.5;-0.3;0.4;-0.4015151515151515;-0.375;-1.1666666666666667;-1.1666666666666667;-3.2;-0.5;3.5;-0.875;0.3333333333333333;-0.5555555555555556;-0.36363636363636365;0.375;1.3449767132401866;0.0025188916876574116;-0.5659564280584153;-0.3831184010597265;0.6990828589500315;-0.41304347826086957;-0.2962962962962963;0.6842301247439956;-0.40425531914893614;0.06453750331301351;-0.38461538461538464;-0.3333333333333333;0.35146591310491;-0.3333333333333333;-0.125;-0.277059773828756;-0.35178907721280606;-0.3333333333333333;-0.5714285714285714;-0.14369658119658127;0.09718741297688673;0.0;0.08333333333333333;-0.1931670984455958;-0.38833915405510266;-0.2054834390826007;-0.7778333333333333;1.0198863636363638;-0.6666666666666666;-0.3333333333333333;-0.6944768572539868;1.1859943977591036;-0.9285714285714286;0.3333333333333333;-0.44925975773889637;0.8772959183673469;-0.8571428571428571;1.25;0.16666666666666666;-0.2727272727272727;0.5714285714285714;-0.429359355112431;-0.047065237143376404;-0.08333333333333333;0.0;-0.46726190476190477;0.021196732170457075;0.18181818181818182;-0.8454810495626818;2.0;2.1730769230769234;1.6515456989247315;1.2962962962962967;1.6;1.5;0.520979020979021;0.7272727272727273;1.4;0.9090909090909091;0.2021250905578362;0.6666666666666666;0.25;1.4;0.3664825046040516;1.7777777777777777;0.6952496585217786;2.3333333333333335;1.1666666666666667;0.7450081833060556;1.6;0.32083333333333364
-0.29411764705882354;-0.7142857142857143;-0.34838709677419355;-0.2941176470588236;-0.23783185840707965;0.0;-0.03225806451612903;-0.45098039215686275;-0.7027027027027027;-1.125;-0.19607843137254916;1.137;0.352112676056338;-0.2890625;-0.39316239316239315;-2.238716148445336;2;-0.31230283911671924;-0.20516499282639886;-0.41656210790464226;-0.055913978494623685;-0.1568627450980392;-0.46;-0.25;-0.4;-0.07407407407407407;0.2857142857142857;-0.625;-0.25;-0.2;0.4;-0.3409090909090909;-0.375;0.0;-1.1666666666666667;-1.4;0.0;3.5;1.0;-0.7777777777777778;0.2222222222222222;-0.36363636363636365;0.375;1.7099135063206923;0.5132726215849643;-0.3623812943899132;-0.3766119920520512;0.6826375711574953;-0.41304347826086957;-0.2962962962962963;0.5291379631353565;-0.3617021276595745;0.09117413199045858;-0.38461538461538464;-0.5;0.5383256799717416;-0.3333333333333333;-0.125;-0.3924071082390952;-0.2681732580037665;-0.3333333333333333;-0.5714285714285714;-0.23005698005698003;0.127541074909496;0.0;0.08333333333333333;-0.1931670984455958;-0.4739037640667441;-0.13784271494266245;-0.3333333333333333;1.1489448051948052;-0.6666666666666666;0.0;-0.6944768572539868;1.1859943977591036;-0.9285714285714286;0.3333333333333333;-0.39407806191117095;0.8114795918367346;-0.8571428571428571;1.25;-0.5;-0.45454545454545453;0.5714285714285714;-0.6111582520152735;0.07087043430855891;-0.25;0.0;-0.623015873015873;0.06557739015235145;0.0;0.3790087463556855;0.1521739130434783;-1.6346153846153846;1.1206317204301077;1.8148148148148149;-1.5;-2.0;0.8687891056312109;0.18181818181818182;-1.4;-1.2727272727272727;0.7360540932141995;0.0;-0.625;-1.4;0.5613259668508288;-1.6666666666666667;0.6697526179996964;0.3333333333333333;-1.0;0.4373158756137479;1.8;0.32083333333333364
-0.23529411764705882;-0.42857142857142855;-0.3161290322580645;-0.22624434389140283;-0.19469026548672566;-0.3333333333333333;-0.10752688172043011;-0.21568627450980393;-0.7297297297297297;0.125;-0.14052287581699394;1.151;0.30985915492957744;-0.2265625;-0.29914529914529914;-2.243731193580742;2;-0.16719242902208184;-0.07747489239598285;-0.41656210790464226;-0.055913978494623685;-0.39215686274509803;-0.08;-0.36538461538461536;-0.36;-0.07407407407407407;-0.7142857142857143;0.25;-0.625;-0.1;0.4;-0.2727272727272727;-0.375;0.16666666666666666;0.0;-1.4;0.5;3.5;-1.125;0.8888888888888888;-0.8888888888888888;-0.45454545454545453;0.375;-0.25815036593479707;0.87793063359814;-0.21315138456627586;-0.2532434643705926;0.258697027197976;-0.2608695652173913;-0.2962962962962963;0.5784770061441074;-0.3404255319148936;0.2789557381394116;-0.38461538461538464;-0.38883333333333336;0.38466972801130345;-0.3333333333333333;-0.125;-0.4846526655896607;-0.40564971751412426;-0.3333333333333333;-0.5714285714285714;-0.27564102564102566;0.09969367864104697;0.0;0.08333333333333333;-0.6410297927461139;-0.48117966627861847;-0.07095872868036542;0.0;-0.2142857142857143;0.0;0.0;-0.8057176196032673;1.0470588235294118;-0.9285714285714286;-0.3333333333333333;-0.3889636608344549;0.7448979591836733;-0.8571428571428571;1.25;-0.0555;-0.45454545454545453;0.5714285714285714;-0.45969452694102664;0.09213156460112659;-0.25;0.0;-0.564236111111111;0.02892470744093624;0.0;-0.4081632653061222;-0.47826086956521746;-0.5576923076923077;1.1340725806451615;-0.2962962962962963;0.9;1.4375;0.8518586676481412;-0.45454545454545453;0.4;0.8181818181818182;0.708041535860903;-0.8333333333333334;-0.375;0.4;0.40110497237569054;1.0;0.26286234633480043;-0.6666666666666666;-0.5;0.6981996726677577;0.0;0.16666666666666682
-0.17647058823529413;-0.5714285714285714;-0.2903225806451613;-0.17647058823529418;-0.14823008849557523;-0.3333333333333333;-0.21505376344086022;-0.21568627450980393;-0.8378378378378378;-0.5;-0.06862745098039257;1.166;0.21126760563380279;-0.1640625;-0.23076923076923078;-2.247743229689067;2;-0.1230283911671922;0.02869440459110476;-0.41656210790464226;-0.055913978494623685;-0.1568627450980392;-0.32;0.0;-0.34;-0.07407407407407407;-0.42857142857142855;-0.625;0.25;-0.4;0.4;-0.22727272727272727;-0.375;-0.16666666666666666;0.16666666666666666;0.0;0.0;3.5;0.125;-1.0;0.7777777777777778;-0.6363636363636364;0.375;-0.7511643379906853;1.109087386165472;-0.0932088420716625;-0.2532434643705926;0.258697027197976;-0.2608695652173913;-0.2962962962962963;0.2861664494507542;-0.19148936170212766;0.39438112907500644;-0.38461538461538464;-0.7221666666666667;-0.5358530554574356;-0.3333333333333333;-0.75;-0.5308562197092083;-0.39849340866290023;-0.3333333333333333;-0.5714285714285714;-0.32745726495726507;0.08827624617098306;0.0;0.08333333333333333;-0.565252590673575;-0.49514939852541706;-0.00995401362128176;-0.16666666666666666;0.19155844155844154;-0.2222222222222222;0.0;-0.9167639050952938;0.9420168067226892;-0.9285714285714286;-0.3333333333333333;-0.4228802153432033;0.6910714285714286;-0.8571428571428571;1.25;-0.7221666666666667;-0.45454545454545453;-0.42857142857142855;-0.3990241832838354;0.06087588588042885;-0.25;0.0;-0.6024305555555555;-0.010377566791786202;0.0;-0.26239067055393545;-0.4565217391304348;0.019230769230769232;-0.30376344086021506;-0.8148148148148148;-0.3;-0.8125;0.46006624953993375;0.6363636363636364;-0.2;-0.2727272727272727;0.10142477662400384;0.16666666666666666;-0.5;-0.2;-0.5587476979742172;-0.3333333333333333;0.26286234633480043;-0.6666666666666666;0.0;-0.235024549918167;-0.6;0.12083333333333345
-0.11764705882352941;0.14285714285714285;-0.23225806451612904;-0.11764705882352952;-0.10176991150442478;0.0;-0.20430107526881722;0.0392156862745098;-0.7027027027027027;0.625;-0.032679738562091526;1.172;0.14084507042253522;-0.109375;-0.08547008547008547;-2.2567703109327986;2;-0.07570977917981081;-0.024390243902438883;-0.41656210790464226;-0.055913978494623685;-0.1568627450980392;-0.08;-0.23076923076923078;-0.2;-0.07407407407407407;-0.5714285714285714;-0.375;-0.625;-0.6;0.4;-0.19696969696969696;-0.375;-0.5;-0.16666666666666666;0.2;-4.25;3.5;-0.5;0.1111111111111111;-1.1111111111111112;-0.45454545454545453;0.375;0.8153692614770462;0.6289478783181556;0.08211635144840794;-0.09091440370904276;0.3500948766603416;0.0;-0.05555555555555555;0.5038167938931299;-0.10638297872340426;0.6861913596607472;-0.38461538461538464;-0.38883333333333336;0.045566937477922995;-0.16666666666666666;-0.25;-0.415508885298869;-0.26177024482109235;-0.3333333333333333;-0.5714285714285714;-0.4164886039886041;-0.09189640768588139;0.0;0.08333333333333333;-0.21729274611398958;-0.44800155219247173;-0.1526282088596542;-0.11116666666666668;0.4013798701298701;-0.2222222222222222;0.3333333333333333;-0.41676390509529365;0.31540616246498593;-0.2857142857142857;0.0;-0.5383580080753702;0.547704081632653;-0.8571428571428571;0.0;0.05566666666666667;0.0;0.14285714285714285;-0.1264319049639372;0.1301108486280211;-0.25;0.0;-0.6555059523809523;-0.09847648487524834;0.0;-0.4868804664723027;1.3913043478260871;1.6346153846153846;0.8020833333333336;0.777777777777778;1.0;0.75;0.021531100478468897;0.7272727272727273;1.0;0.5454545454545454;-0.2808500362231346;0.6666666666666666;0.125;1.0;0.047513812154696126;1.1111111111111112;0.3505843071786311;1.6666666666666667;1.1666666666666667;0.5207855973813421;0.8;0.07500000000000007
-0.058823529411764705;-0.42857142857142855;-0.2;-0.0542986425339367;-0.05254424778761062;0.0;-0.1827956989247312;-0.27450980392156865;-1.054054054054054;-1.75;0.0;1.215;0.6056338028169014;-0.0546875;-0.1282051282051282;-2.2617853560682044;2;-0.0567823343848581;-0.030129124820659835;-0.15307402760351313;-0.11612903225806448;0.09803921568627451;-0.08;0.0;0.0;-0.37037037037037035;0.14285714285714285;-0.5;-0.375;-0.4;0.5;-0.15151515151515152;-0.19791666666666666;0.3333333333333333;-0.5;-0.2;-2.0;0.5;0.625;-0.4444444444444444;0.0;0.18181818181818182;-1.0;1.1972721224218237;0.6289478783181556;0.20277711276035407;-0.11039467019908834;0.5080645161290325;-0.06521739130434782;-0.05555555555555555;0.3772109476819958;-0.10638297872340426;0.557911476278823;-0.3076923076923077;-0.38883333333333336;0.045566937477922995;-0.16666666666666666;-0.25;-0.43861066235864293;-0.25875706214689276;-0.3333333333333333;-0.5714285714285714;-0.569088319088319;-0.4227234753550543;0.0;-0.4166666666666667;-0.1465349740932643;-0.4110399689561504;-0.22125851330112334;0.055499999999999994;0.5515422077922078;-0.2222222222222222;0.3333333333333333;-0.16666666666666669;0.19383753501400564;-0.2857142857142857;0.0;-0.5383580080753702;0.547704081632653;-0.8571428571428571;0.0;-0.7776666666666667;-0.9090909090909091;0.14285714285714285;-0.6414934238438693;0.4083227330546974;-0.6666666666666666;0.0;-0.8504464285714285;0.1110620446014573;-0.45454545454545453;0.8717201166180764;0.1521739130434783;-1.0961538461538463;0.5987903225806452;1.2962962962962967;-1.9;-1.875;0.6924917188075083;-0.7272727272727273;-0.8;-0.8181818181818182;0.10142477662400384;0.16666666666666666;-0.375;-0.8;0.047513812154696126;-2.111111111111111;0.5022006374260132;0.0;-0.8333333333333334;0.37839607201309317;1.2;0.05416666666666672
0.0;0.0;-0.14838709677419354;0.0;0.0;-0.6666666666666666;-0.22580645161290322;0.0784313725490196;-1.027027027027027;0.125;0.032679738562091526;1.22;0.5352112676056339;0.0;-0.008547008547008548;-2.2698094282848547;2;0.07886435331230328;0.004304160688665873;0.057716436637390255;-0.053763440860215055;-0.21568627450980393;0.18;0.0;-0.12;-0.2962962962962963;-0.42857142857142855;0.125;-0.5;-0.7;-0.1;-0.12878787878787878;-0.08333333333333333;0.3333333333333333;0.3333333333333333;-0.6;-2.0;-0.5;-1.75;0.5555555555555556;-0.5555555555555556;-0.7272727272727273;-1.25;-0.594810379241517;0.11102499515597761;0.25353124251855397;-0.012993337748860434;0.7232764073371284;-0.06521739130434782;-0.018518518518518517;0.22267734127722982;0.0425531914893617;0.5993904055128546;-0.07692307692307693;-0.16666666666666666;-0.15365595196043802;0.0;-0.25;-0.32310177705977383;-0.3077212806026366;-0.3333333333333333;-0.5714285714285714;-0.6073717948717948;-0.5054302422723476;0.0;-0.5;-0.23364637305699476;-0.3947419480015521;-0.23895453751673554;0.0;0.7857142857142857;-0.3333333333333333;0.3333333333333333;-0.08343057176196035;-0.0490196078431372;-0.07142857142857142;0.0;-0.6150740242261105;0.5487244897959185;-0.8571428571428571;0.0;-0.5;-0.9090909090909091;0.14285714285714285;-0.3990241832838354;0.38633472651281126;-0.6666666666666666;0.0;-0.7440476190476191;0.12497240008831968;-0.45454545454545453;-0.35276967930029157;-1.065217391304348;-1.0769230769230769;1.041666666666667;-0.7962962962962964;1.5;2.0625;1.0450864924549135;-0.2727272727272727;0.6;0.6363636363636364;0.1359574981888432;-0.16666666666666666;0.0;0.6;-0.16022099447513813;1.6666666666666667;0.7087570192745485;-2.0;-1.0;1.0009819967266775;-1.0;-0.0708333333333334
0.058823529411764705;-0.5714285714285714;-0.12258064516129032;0.058823529411764656;0.05530973451327434;-2.0;-0.3763440860215054;0.1568627450980392;-0.972972972972973;0.25;0.06535947712418305;1.211;0.26760563380281693;0.0703125;0.13675213675213677;-2.2738214643931793;2;0.09463722397476351;0.0057388809182209516;0.18569636135508155;0.006451612903225822;0.13725490196078433;-0.14;0.25;0.26;-0.07407407407407407;0.0;-0.375;0.125;0.0;-0.5;-0.05303030303030303;-0.010416666666666666;-0.6666666666666666;0.3333333333333333;0.4;-0.25;-1.0;0.125;-1.5555555555555556;0.4444444444444444;0.6363636363636364;-1.0;-0.614105123087159;-0.25731447393915896;0.20596919639294545;0.02596719523123073;1.0162871600253005;-0.06521739130434782;0.05555555555555555;0.5823868925712158;0.0425531914893617;0.6728067850516829;0.0;-0.4443333333333334;-0.15365595196043802;-0.16666666666666666;-0.375;-0.4615508885298868;-0.4828625235404896;-0.3333333333333333;-0.7142857142857143;-0.645477207977208;-0.4887218045112782;0.0;-0.5;-0.3060233160621761;-0.32673651532790055;-0.2657314162640431;-1.0;3.099431818181818;-1.6666666666666667;0.3333333333333333;-0.5278101905873201;1.0565826330532213;-0.9285714285714286;0.0;-0.9036339165545088;0.8522959183673469;-0.8571428571428571;0.0;-0.6666666666666666;-0.9090909090909091;-0.2857142857142857;-0.5808230801866779;0.20825004542976555;-0.6666666666666666;-0.375;-0.6555059523809523;0.1525723117686023;-0.45454545454545453;-0.7638483965014572;-2.3260869565217392;-1.1153846153846154;1.0584677419354842;-2.9074074074074074;0.1;-0.9375;0.9282296650717704;1.5454545454545454;-0.8;-0.6363636363636364;-0.02946148273363919;-0.16666666666666666;-0.5;-0.8;-0.16022099447513813;0.1111111111111111;0.9899833055091819;-4.0;-1.0;1.1620294599018002;-3.4;-0.08333333333333341
0.11764705882352941;0.0;-0.07096774193548387;0.11764705882352931;0.11393805309734513;-0.6666666666666666;-0.45161290322580644;-0.058823529411764705;-1.3243243243243243;-1.5;0.09803921568627386;1.235;0.4647887323943662;0.34375;0.15384615384615385;-2.2818455366098296;2;0.0662460567823348;0.07173601147776189;0.3048933500627352;0.12903225806451613;0.21568627450980393;0.22;-0.057692307692307696;0.02;0.0;-0.5714285714285714;0.0;-0.375;-0.7;-0.4;-0.030303030303030304;0.07291666666666667;-2.6666666666666665;-0.6666666666666666;0.4;0.0;0.0;0.25;0.1111111111111111;-1.6666666666666667;-0.9090909090909091;-1.0;0.6956087824351299;-0.16857198217399716;0.2528130237012209;0.09740133245022792;0.04364326375711572;0.17391304347826086;0.05555555555555555;0.0821076149692796;0.23404255319148937;0.534057778955738;0.07692307692307693;-0.27766666666666673;-0.07347227128223234;-0.16666666666666666;-0.375;-0.3462035541195476;-0.5239171374764595;0.0;-0.7142857142857143;-0.645477207977208;-0.4887218045112782;0.0;-0.5;-0.3060233160621761;-0.26804423748544803;-0.2612491996041678;-1.3888333333333334;2.0819805194805197;-1.6666666666666667;-1.6666666666666667;-0.6944768572539868;1.0050420168067227;-0.9285714285714286;0.0;-1.0188425302826378;0.8267857142857143;-0.8571428571428571;0.0;-0.5555;-0.7272727272727273;-0.2857142857142857;-0.6718285956724649;0.30728693439941845;-0.6666666666666666;-0.375;-0.8149801587301587;0.27511591962905707;-0.45454545454545453;0.4314868804664727;2.0217391304347827;3.846153846153846;2.6008064516129035;-0.2777777777777778;-1.4;-1.0;0.6903754140596245;-1.0909090909090908;0.8;0.7272727272727273;0.047331562424535074;-0.0;0.0;0.8;-0.07661141804788203;-1.5555555555555556;0.0564577325846107;3.6666666666666665;3.8333333333333335;3.1031096563011458;0.0;-0.05833333333333339
0.17647058823529413;-0.2857142857142857;-0.03225806451612903;0.17647058823529396;0.17699115044247787;0.0;-0.45161290322580644;0.09803921568627451;-0.9459459459459459;-0.875;0.14052287581699321;1.26;0.6338028169014084;0.3828125;0.1794871794871795;-2.287863590772317;2;0.14195583596214562;0.09182209469153522;0.41656210790464226;0.25161290322580654;0.0;0.3;0.28846153846153844;0.26;0.07407407407407407;0.0;-0.5;0.0;-0.5;-0.3;0.007575757575757576;0.16666666666666666;-0.8333333333333334;-2.6666666666666665;-0.8;-0.5;1.0;-1.5;0.2222222222222222;0.0;0.0;-1.125;3.057884231536927;0.3311373764774268;0.4001276833453036;0.10388826119141306;0.06230234029095511;0.17391304347826086;0.05555555555555555;0.04878048780487813;0.23404255319148937;0.4212827988338192;0.11538461538461539;-0.38883333333333336;-0.18262098198516422;-0.16666666666666666;-0.375;-0.32310177705977383;-0.5453860640301318;0.0;-0.7142857142857143;-0.6835826210826212;-0.5335561125034809;0.0;-0.5;-0.15803108808290156;-0.24621653084982523;-0.2327842132836602;-1.1111666666666666;2.8790584415584415;-1.6666666666666667;0.0;-0.6390509529366005;1.0565826330532213;-0.9285714285714286;0.0;-1.0573351278600271;0.7905612244897958;-0.8571428571428571;-0.25;-1.0;-0.7272727272727273;-0.2857142857142857;-0.9142978362324988;0.28838815191713607;-0.6666666666666666;-0.375;-0.8680555555555556;0.29498785603886074;-0.45454545454545453;0.5131195335276972;2.0217391304347827;0.0;3.023185483870968;3.4259259259259265;0.5;1.125;0.277603974972396;-0.7272727272727273;-0.4;-0.5454545454545454;0.0;0.3333333333333333;-0.25;-0.4;-0.19042357274401467;0.5555555555555556;0.07436636818940662;2.0;-0.8333333333333334;3.1577741407528634;3.6;-0.12499999999999965
0.23529411764705882;-0.14285714285714285;0.012903225806451613;0.23529411764705885;0.24668141592920353;0.0;-0.5161290322580645;-0.3137254901960784;-2.2972972972972974;-3.75;0.21241830065359457;1.315;1.0985915492957745;0.4140625;0.05982905982905983;-2.2948846539618857;2;0.2208201892744482;0.11334289813486363;0.5094102885821831;0.31397849462365596;0.1568627450980392;0.08;0.36538461538461536;0.26;0.1111111111111111;-0.2857142857142857;0.0;-0.5;-0.6;-0.6;0.03787878787878788;0.22916666666666666;0.16666666666666666;-0.8333333333333334;-3.2;-1.0;0.0;-0.875;-1.3333333333333333;0.1111111111111111;-0.45454545454545453;-1.375;1.7285429141716573;0.5593877155590004;0.5219056739286568;-0.0519538707289516;0.8391840607210627;-0.10869565217391304;0.0;0.2541426177620555;0.19148936170212766;0.1329181023058574;0.38461538461538464;-0.2221666666666667;-0.5358530554574356;0.16666666666666666;-0.375;-0.25395799676898206;-0.6433145009416196;0.0;-0.7142857142857143;-0.670940170940171;-0.5271512113617377;0.0;-0.5;-0.24190414507772015;-0.2774544043461389;-0.1945980557657605;-0.16666666666666666;0.7857142857142857;-0.4444444444444444;0.0;-0.5278101905873201;1.1148459383753502;-0.9285714285714286;0.0;-1.0573351278600271;0.7905612244897958;-0.8571428571428571;-0.25;-2.7776666666666663;-2.3636363636363638;-1.5714285714285714;-1.7021637675010608;1.181355624204979;-2.0;-0.375;-1.2934027777777777;0.9986752042393464;-1.9090909090909092;2.670553935860059;0.1521739130434783;-1.6538461538461537;0.8114919354838711;1.8333333333333335;-2.4;-1.875;0.7113544350386455;-1.6363636363636365;0.2;0.2727272727272727;-0.2808500362231346;-0.16666666666666666;-0.125;0.2;-0.5587476979742172;-2.6666666666666665;0.820003035361967;0.0;-1.0;1.0009819967266775;1.4;-0.19166666666666637
0.29411764705882354;-0.2857142857142857;0.05161290322580645;0.2941176470588235;0.3213495575221239;-2.6666666666666665;-0.8602150537634409;-0.49019607843137253;-3.4054054054054053;-5.125;-0.30065359477124204;1.36;3.943661971830986;0.4453125;-0.05128205128205128;-2.300902708124373;2;0.39432176656151424;0.12195121951219506;0.46298619824341286;0.008602150537634377;-0.2549019607843137;0.24;0.15384615384615385;0.52;0.37037037037037035;-0.14285714285714285;-0.25;0.0;-0.1;-0.8;0.10606060606060606;0.2708333333333333;0.16666666666666666;0.16666666666666666;-1.0;0.25;-8.5;-3.75;-0.7777777777777778;-1.4444444444444444;0.36363636363636365;-1.125;1.1972721224218237;0.335206355357489;0.24810470034314883;-0.19480266490045584;1.5975648323845668;-0.30434782608695654;0.0;0.8285235524110968;0.0;0.000397561622051433;0.5384615384615384;-0.3333333333333333;-0.6852702225362063;0.16666666666666666;-0.5;-0.32310177705977383;-0.7574387947269303;0.0;-0.8571428571428571;-0.645477207977208;-0.544973544973545;0.0;-0.5;-0.24190414507772015;-0.2554326736515327;-0.17009139065137668;-1.1111666666666666;4.769074675324675;-2.3333333333333335;0.0;-1.194671334111241;1.9019607843137256;-1.3571428571428572;0.0;-1.1728129205921938;1.0596938775510205;-1.2857142857142858;-0.25;-4.388833333333333;-3.3636363636363638;-1.5714285714285714;-3.0963088672040726;1.8620752316918043;-2.9166666666666665;-0.75;-1.9489087301587302;1.8767939942592184;-2.909090909090909;2.9154518950437325;-4.804347826086957;-4.384615384615385;4.595430107526882;-3.981481481481482;-1.2;0.6875;0.6967243283032756;-3.1818181818181817;-0.2;-0.18181818181818182;-0.636319729533929;0.0;-0.25;-0.2;-0.714548802946593;-1.3333333333333333;1.5478828350280769;-7.666666666666667;-3.8333333333333335;4.208837970540098;-4.4;-0.3333333333333332
0.35294117647058826;4.714285714285714;0.3161290322580645;0.35294117647058815;0.39823008849557523;-3.3333333333333335;-1.2580645161290323;-0.2549019607843137;-4.243243243243243;-3.875;0.35294117647058776;1.386;1.4929577464788732;0.46875;-0.09401709401709402;-2.342026078234704;2;0.5362776025236599;0.18364418938307045;0.45796737766624845;0.37419354838709673;-0.43137254901960786;-0.18;0.3076923076923077;0.2;0.7407407407407407;-0.2857142857142857;-0.125;-0.25;-0.5;-0.6;0.14393939393939395;0.3333333333333333;-3.6666666666666665;0.16666666666666666;0.2;0.25;-4.0;-5.125;-3.3333333333333335;-0.8888888888888888;-1.3636363636363635;-0.25;1.5565535595475724;0.19782987793063378;0.07301891309552302;-0.31168426384072934;0.15069576217583813;-0.30434782608695654;-0.3333333333333333;0.8093464904114692;0.0;-0.07646435197455603;0.5384615384615384;1.6111666666666666;6.149063935005299;0.16666666666666666;3.75;0.5077544426494347;3.6180790960451974;0.0;3.857142857142857;-0.20032051282051283;1.5218602060707325;0.0;2.0833333333333335;2.8465025906735746;0.7325378346915019;0.16624949065719782;-2.7221666666666664;5.592532467532467;-3.0;0.0;-2.028199144301828;2.533053221288515;-1.7857142857142858;-0.3333333333333333;-1.5765814266487213;1.682142857142857;-1.7142857142857142;-0.25;-5.722166666666666;-3.3636363636363638;-4.857142857142857;-3.611370386084005;2.0761402871161185;-2.9166666666666665;-0.75;-2.5510912698412698;2.094502097593288;-2.909090909090909;1.4139941690962103;-1.0217391304347827;3.346153846153846;3.1468413978494625;-4.981481481481482;0.9;1.25;0.8928045638571953;-0.18181818181818182;7.0;3.272727272727273;3.8804636561217096;5.666666666666667;4.125;7.0;6.4117863720073665;1.0;0.15920473516466843;-2.0;2.8333333333333335;3.1031096563011458;-5.6;-0.43749999999999994
0.4117647058823529;1.1428571428571428;0.41935483870967744;0.4117647058823528;0.4795353982300885;-3.0;-1.6344086021505377;0.0784313725490196;-4.675675675675675;-2.0;0.4281045751633986;1.396;1.3098591549295773;0.4921875;-0.05128205128205128;-2.358074222668004;2;0.6182965299684542;0.19081779053084647;0.4880803011292347;0.43655913978494615;-0.19607843137254902;-0.36;-0.09615384615384616;0.56;0.5185185185185185;4.714285714285714;-0.25;-0.125;-0.2;-0.9;0.20454545454545456;0.3645833333333333;-4.666666666666667;-3.6666666666666665;0.2;-1.25;-4.0;-3.875;-4.555555555555555;-3.4444444444444446;0.0;-1.5;-0.017964071856287223;0.06413485758573911;-0.11291995850291299;-0.1818093271515954;1.467425679949399;-0.30434782608695654;-0.018518518518518517;0.8093464904114692;0.0;-0.21070765968725147;0.7307692307692307;2.1111666666666666;5.478982691628399;0.16666666666666666;3.75;0.6922455573505654;3.6180790960451974;0.0;3.857142857142857;-0.03490028490028486;1.5371762740183792;0.0;2.0833333333333335;3.465025906735751;1.4733216918897944;0.48675708714127697;-4.166666666666667;0.5974025974025974;-3.0;-7.666666666666667;-2.611629716063789;2.743697478991596;-1.7857142857142858;-0.3333333333333333;-1.9227456258411846;2.017857142857143;-1.7142857142857142;-0.25;-4.944333333333333;-3.3636363636363638;-2.857142857142857;-4.126644039032669;1.739233145556969;-2.9166666666666665;-0.75;-2.7105654761904763;2.108191653786708;-2.909090909090909;0.47521865889212844;0.782608695652174;1.5961538461538463;3.550403225806452;-0.2222222222222221;1.4;0.25;0.6253220463746779;2.1818181818181817;-5.0;-5.454545454545454;6.287370200434678;1.6666666666666667;1.0;-5.0;5.713075506445671;1.5555555555555556;1.422977690089543;1.0;1.5;3.5201309328968904;-0.4;-0.49166666666666664
0.47058823529411764;1.8571428571428572;0.5548387096774193;0.4705882352941177;0.5652654867256637;-2.3333333333333335;-1.978494623655914;0.5098039215686274;-4.594594594594595;0.5;0.4999999999999993;1.389;0.9014084507042253;0.515625;0.06837606837606838;-2.37913741223671;2;0.6498422712933754;0.1779053084648495;0.48933500627352566;0.7419354838709677;0.13725490196078433;-0.12;-0.2692307692307692;0.64;1.2222222222222223;1.1428571428571428;4.125;-0.25;-0.6;-0.2;0.23484848484848486;0.46875;-4.166666666666667;-4.666666666666667;-4.4;-4.25;-0.5;-2.0;-3.4444444444444446;-4.666666666666667;0.09090909090909091;0.375;1.6729873586161017;-0.361751598527417;-0.12760354321283218;0.14935520317917952;2.25506008855155;-0.043478260869565216;0.3888888888888889;1.6248370880655372;0.0;0.20606944076331823;0.7307692307692307;2.9445;3.78382197103497;1.8333333333333333;3.75;1.0846526655896607;3.512241054613936;0.6666666666666666;3.857142857142857;0.10487891737891746;1.6722361459203567;0.0;2.0833333333333335;1.70919689119171;2.1156383391540556;0.8721695092845916;-4.055499999999999;1.0198863636363638;-3.0;-7.0;-2.7226760015558154;2.8081232492997197;-1.7857142857142858;-0.3333333333333333;-2.3071332436069985;2.101785714285714;-1.7142857142857142;-0.25;-2.4443333333333332;-2.4545454545454546;0.0;-4.065973695375478;1.826094857350536;-2.9166666666666665;-0.5;-2.781498015873016;2.030691101788474;-2.909090909090909;-0.22157434402332318;1.434782608695652;0.5769230769230769;1.1098790322580647;1.8703703703703705;1.9;0.25;-0.1840264998159735;3.090909090909091;1.0;2.727272727272727;6.239314175319971;-3.3333333333333335;1.625;1.0;3.9454880294659294;2.111111111111111;2.178934587949613;1.6666666666666667;0.3333333333333333;1.115875613747954;1.8;-0.5166666666666667
0.5294117647058824;-0.2857142857142857;0.5935483870967742;0.5294117647058824;0.6548672566371682;-1.0;-2.204301075268817;0.6862745098039216;-4.297297297297297;1.375;0.5751633986928102;1.387;0.5492957746478874;0.53125;0.19658119658119658;-2.3851554663991976;2;0.6277602523659309;0.2123385939741752;0.5470514429109159;0.8645161290322582;0.5686274509803921;0.22;-0.038461538461538464;0.42;0.7777777777777778;1.8571428571428572;1.0;4.125;-0.2;-0.9;0.29545454545454547;0.5;-3.3333333333333335;-4.166666666666667;-5.6;-1.5;0.0;0.5;-1.7777777777777777;-3.5555555555555554;-1.1818181818181819;-1.75;3.13872255489022;0.42491765161790346;0.015641209799696586;0.46103946701990883;1.6850094876660342;0.32608695652173914;0.5555555555555556;2.616831130143362;0.0;0.545852107076597;0.7307692307692307;1.0;1.8089014482515013;0.16666666666666666;1.25;1.038449111470113;3.5887005649717514;0.6666666666666666;3.857142857142857;0.1431623931623932;1.6351991088833195;0.25;2.0833333333333335;1.0001619170984455;2.3439076445479246;1.1342918679783456;-3.0;2.7017045454545454;-2.6666666666666665;-3.3333333333333335;-2.8337222870478413;2.6980392156862743;-1.7857142857142858;-0.3333333333333333;-2.499327052489906;2.017857142857143;-1.7142857142857142;-0.25;-0.111;-1.0909090909090908;1.0;-3.368901145523971;2.495184444848265;-2.9166666666666665;0.375;-2.427083333333333;2.2815190991388827;-2.909090909090909;-0.06705539358600557;2.673913043478261;1.0961538461538463;0.6280241935483871;3.4814814814814814;0.6;-0.875;-0.04076186970923809;2.3636363636363638;-3.0;-1.8181818181818181;2.683409804395074;-1.6666666666666667;-0.25;-3.0;1.8861878453038674;0.6666666666666666;1.6318105934132645;3.6666666666666665;1.0;0.5607201309328969;3.4;-0.5
0.5882352941176471;-0.5714285714285714;0.6193548387096774;0.5520361990950226;0.7461283185840708;0.0;-2.3225806451612905;0.19607843137254902;-4.72972972972973;-2.0;0.643790849673202;1.42;0.7183098591549295;0.546875;0.1794871794871795;-2.3891675025075227;2;0.6214511041009467;0.248206599713056;0.5646173149309912;0.9247311827956989;0.7450980392156863;0.66;0.28846153846153844;0.58;1.2222222222222223;-0.2857142857142857;1.625;1.0;-0.4;-0.7;0.3409090909090909;0.5520833333333334;-1.5;-3.3333333333333335;-5.0;0.0;-1.0;1.375;0.4444444444444444;-1.8888888888888888;-0.7272727272727273;-0.5;3.564870259481039;1.646192598333656;0.23669300135663535;0.5;1.1654016445287794;0.45652173913043476;0.5555555555555556;2.6507168125116367;0.0;0.5379008746355683;0.7307692307692307;0.3333333333333333;2.393147297774638;-0.16666666666666666;1.25;0.9924071082390954;3.6798493408662893;0.0;3.857142857142857;0.13034188034188024;1.6477304372041215;0.25;2.0833333333333335;-0.48040803108808283;2.174427629025999;1.2975726177309503;-1.6111666666666666;3.4452110389610384;-2.111111111111111;-0.3333333333333333;-2.8615324776351616;2.6394957983193277;-1.7857142857142858;-0.3333333333333333;-2.4802153432032306;2.033163265306122;-1.7142857142857142;-0.25;-0.111;-1.0909090909090908;1.0;-3.641705557912601;2.4263129202253317;-2.9166666666666665;0.375;-2.7281746031746033;2.2355928461028927;-2.909090909090909;1.7405247813411087;2.0217391304347827;-0.5769230769230769;0.10114247311827963;3.981481481481482;-2.8;-2.1875;1.588976812661023;-1.9090909090909092;-0.4;1.1818181818181819;1.4455445544554453;-2.8333333333333335;-0.5;-0.4;2.495395948434622;-3.111111111111111;1.1331006222492033;3.0;-0.3333333333333333;0.19803600654664483;4.2;-0.49583333333333335
0.6470588235294118;-0.42857142857142855;0.6516129032258065;0.6470588235294117;0.8401548672566371;-0.6666666666666666;-2.4516129032258065;1.1764705882352942;-3.810810810810811;4.125;0.7091503267973851;1.404;0.21126760563380279;0.5546875;0.37606837606837606;-2.3941825476429286;2;0.7255520504731862;0.3271162123385939;0.5834378920953575;0.9870967741935485;0.2549019607843137;0.84;0.7115384615384616;0.16;1.2222222222222223;-0.5714285714285714;-0.25;1.625;-0.3;-0.8;0.3939393939393939;0.59375;0.0;-1.5;-4.0;0.0;-2.0;-2.0;1.2222222222222223;0.3333333333333333;-2.8181818181818183;-1.125;1.3639387890884902;2.43383065297423;0.3685260553826509;0.7207698601316865;3.116382036685642;0.45652173913043476;1.0185185185185186;3.895177806739899;0.0;1.3267956533262653;0.7307692307692307;-0.5555;-0.5358530554574356;-0.16666666666666666;-0.625;0.9462035541195478;3.757815442561205;0.0;3.857142857142857;0.1431623931623932;1.6351991088833195;0.25;2.0833333333333335;-0.565252590673575;1.6248544819557624;1.3802898888177424;-0.6666666666666666;1.2398538961038963;-0.8888888888888888;-0.3333333333333333;-2.9727732399844427;2.4134453781512604;-1.7857142857142858;-0.6666666666666666;-2.4802153432032306;2.033163265306122;-1.7142857142857142;-0.25;1.5;-1.0909090909090908;4.142857142857143;-1.7324989393296562;3.6238415409776485;-2.9166666666666665;3.125;-2.072916666666667;3.0982556855818064;-2.909090909090909;-0.4518950437317779;-0.4565217391304348;-2.1923076923076925;1.6959005376344092;1.3148148148148149;4.7;4.625;2.8113728376886273;1.8181818181818181;0.2;0.2727272727272727;1.0485390002414876;-0.16666666666666666;-0.375;0.2;-0.5587476979742172;5.222222222222222;3.005615419638792;-1.0;-2.0;1.676595744680851;1.4;-0.5666666666666668
0.7058823529411765;-0.7142857142857143;0.6709677419354839;0.7058823529411765;0.9397123893805309;-0.6666666666666666;-2.6344086021505375;0.9411764705882353;-3.27027027027027;2.5;0.7875816993464048;1.405;-0.11267605633802816;0.5625;0.49572649572649574;-2.3971915747241725;2;0.6750788643533123;0.3916786226685798;0.590966122961104;1.232258064516129;1.2352941176470589;0.34;0.8846153846153846;-0.02;1.7037037037037037;-0.42857142857142855;-0.5;-0.25;-0.4;-0.3;0.4393939393939394;0.6875;-0.5;0.0;-1.8;-5.75;0.5;4.125;-1.7777777777777777;1.1111111111111112;-3.8181818181818183;0.0;-0.2255489021956088;2.5260608409223018;0.536270050275317;0.805177854833054;3.2906388361796335;0.45652173913043476;1.0185185185185186;3.2686650530627444;0.2553191489361702;1.6724092234296313;0.7307692307692307;-0.7221666666666667;-0.5358530554574356;-0.3333333333333333;-0.75;0.8768982229402262;3.887758945386064;-0.3333333333333333;3.857142857142857;0.06677350427350427;1.6889445836814259;0.0;2.0833333333333335;-0.6410297927461139;0.36156383391540553;1.4077070842307469;-0.38883333333333336;0.22483766233766228;-0.3333333333333333;-0.3333333333333333;-2.472578763127188;2.4879551820728287;-1.7857142857142858;-0.6666666666666666;-2.5956931359353974;1.943367346938775;-1.7142857142857142;-0.25;2.0;-1.0909090909090908;4.142857142857143;0.1160373355960967;3.0995820461566415;-2.0833333333333335;3.125;-1.807043650793651;3.3539412673879445;-2.909090909090909;0.06705539358600622;0.17391304347826084;0.5576923076923077;1.1340725806451615;-0.25925925925925936;-1.5;-3.9375;3.0437062937062938;3.0;-0.4;-0.2727272727272727;-0.58705626660227;-0.16666666666666666;-0.625;-0.4;-0.5587476979742172;-1.6666666666666667;3.1728638640157834;-0.3333333333333333;0.3333333333333333;1.3024549918166939;-0.6;-0.5333333333333333
0.7647058823529411;0.0;0.7225806451612903;0.7647058823529411;1.040929203539823;0.0;-2.752688172043011;0.35294117647058826;-3.5675675675675675;-1.375;0.8562091503267972;1.434;0.0;0.5703125;0.47863247863247865;-2.4052156469408223;2;0.6782334384858048;0.42898134863701565;0.6449184441656212;1.3548387096774193;1.0;1.34;0.40384615384615385;0.22;1.1111111111111112;-0.7142857142857143;-0.375;-0.5;3.1;-0.7;0.75;0.7395833333333334;-0.6666666666666666;-0.5;0.0;-7.25;0.5;2.5;3.6666666666666665;-1.8888888888888888;-2.909090909090909;-2.375;0.728542914171657;2.170315830265453;0.7238049636900487;0.8571317255620057;2.583965844402277;0.6304347826086957;1.0185185185185186;2.2649413517035932;0.6170212765957447;1.5612244897959182;0.7307692307692307;-0.5;0.0;-0.3333333333333333;-0.375;0.11534733441033931;1.2519774011299436;-0.3333333333333333;1.0;0.10487891737891746;1.6661097187412979;0.0;2.0833333333333335;-0.3746761658031088;-0.13795110593713608;1.3915245357704171;-0.38883333333333336;0.22483766233766228;-0.3333333333333333;-0.3333333333333333;-1.694671334111241;2.086834733893557;-1.5714285714285714;-0.6666666666666666;-2.6339165545087484;1.9043367346938775;-1.7142857142857142;-0.5;2.277833333333333;-0.6363636363636364;4.142857142857143;0.7221043699618159;2.4275849536616385;-0.8333333333333334;3.125;-1.753968253968254;3.3395893133141974;-2.909090909090909;1.7930029154518952;0.8043478260869564;0.5576923076923077;0.11760752688172048;0.814814814814815;-3.3;-1.1875;3.217519322782481;-4.2727272727272725;1.0;0.6363636363636364;-0.15720840376720605;0.5;0.0;1.0;0.0;-3.6666666666666665;2.494612232508726;1.3333333333333333;0.8333333333333334;0.37839607201309317;0.8;-0.5333333333333333
0.8235294117647058;-0.42857142857142855;0.7548387096774194;0.8235294117647058;1.1438053097345133;0.0;-2.838709677419355;0.45098039215686275;-3.7567567567567566;-0.875;0.9215686274509796;1.459;0.07042253521126766;0.578125;0.47863247863247865;-2.4102306920762286;2;0.7697160883280758;0.443328550932568;0.6511919698870764;1.356989247311828;0.4117647058823529;1.1;1.3653846153846154;0.56;1.7777777777777777;0.0;-0.625;-0.375;0.6;-0.4;0.8712121212121212;0.8229166666666666;0.0;-0.6666666666666666;-0.6;-6.5;-2.5;-1.375;2.2222222222222223;3.5555555555555554;-1.5454545454545454;-0.5;0.728542914171657;1.5252857973260996;0.8554784135344344;0.6168815989402735;1.704775458570525;0.6304347826086957;0.7962962962962963;1.7484639731893503;0.7446808510638298;1.5718261330506225;0.7307692307692307;-0.5;0.0;-0.3333333333333333;-0.375;-0.13844911147011296;1.0097928436911485;-0.3333333333333333;1.0;0.06677350427350427;1.6889445836814259;0.0;2.0833333333333335;-0.23364637305699476;-0.5517074117190531;1.3318586646486987;-0.16666666666666666;0.4537337662337662;-0.3333333333333333;0.0;-0.972384286269934;1.3708683473389356;-1.2142857142857142;-0.3333333333333333;-2.537819650067295;1.9772959183673469;-1.7142857142857142;-0.5;0.05566666666666667;-0.6363636363636364;2.2857142857142856;0.9949087823504454;2.194439396692713;-0.8333333333333334;3.125;-1.8955853174603177;3.313093398101126;-2.909090909090909;1.658892128279884;0.17391304347826084;-0.5576923076923077;-0.29435483870967744;0.814814814814815;0.2;2.125;0.9663231505336767;-2.727272727272727;-0.6;-0.7272727272727273;0.047331562424535074;0.3333333333333333;-0.375;-0.6;0.0;0.2222222222222222;1.6507816057064806;0.3333333333333333;-0.5;0.021931260229132478;1.2;-0.5958333333333334
0.8823529411764706;0.14285714285714285;0.8129032258064516;0.8823529411764705;1.2527654867256637;0.0;-2.978494623655914;0.6078431372549019;-3.72972972972973;0.0;0.9967320261437905;1.479;0.028169014084507064;0.578125;0.49572649572649574;-2.41925777331996;2;0.848580441640379;0.4332855093256815;0.6398996235884568;1.2344086021505378;0.5098039215686274;0.5;1.1346153846153846;1.0;1.9259259259259258;-0.42857142857142855;0.0;-0.625;1.1;-0.8;1.0303030303030303;0.8645833333333334;0.16666666666666666;0.0;-0.8;-5.25;-8.5;-0.875;-1.2222222222222223;2.111111111111111;0.2727272727272727;-0.375;0.23020625415835008;0.767099399341213;0.8691245710637617;0.5064869287411852;0.20003162555344728;0.6304347826086957;0.48148148148148145;1.7192329175200152;0.7446808510638298;1.6277498012191887;0.7307692307692307;-0.16666666666666666;-0.15365595196043802;0.0;-0.25;-0.415508885298869;-0.5156308851224106;-0.3333333333333333;-0.7142857142857143;0.13034188034188024;1.6499582289055976;0.0;2.0833333333333335;-0.1465349740932643;-0.4393674815677142;1.220792828453344;0.16666666666666666;-0.2142857142857143;0.1111111111111111;0.3333333333333333;-0.3611435239206535;0.35294117647058826;-0.42857142857142855;0.0;-2.1919246298788697;2.028826530612245;-1.7142857142857142;-0.25;-1.0555;-0.6363636363636364;-0.5714285714285714;0.8737802291047941;2.2120661457386874;-0.8333333333333334;3.125;-1.9310515873015874;3.299183042614264;-2.909090909090909;1.3702623906705547;0.17391304347826084;-0.0;-0.29435483870967744;0.2777777777777778;0.5;0.125;1.2998711814501287;0.7272727272727273;0.8;0.6363636363636364;0.047331562424535074;0.16666666666666666;0.125;0.8;-0.16022099447513813;0.5555555555555556;0.20655638184853553;0.3333333333333333;0.0;-0.235024549918167;0.6;-0.645833333333333
0.9411764705882353;0.8571428571428571;0.9032258064516129;0.9411764705882352;1.364491150442478;0.0;-3.139784946236559;0.6470588235294118;-3.7027027027027026;0.125;1.068627450980392;1.497;-0.028169014084506967;0.578125;0.5213675213675214;-2.4332998996990973;2;0.9116719242902215;0.430416068866571;0.670012547051443;1.5419354838709678;0.6666666666666666;0.6;0.5576923076923077;1.18;1.5185185185185186;0.14285714285714285;-0.375;0.0;-0.4;-0.4;1.0757575757575757;0.9479166666666666;0.3333333333333333;0.16666666666666666;0.0;-2.5;-3.0;0.0;-0.7777777777777778;-1.3333333333333333;0.9090909090909091;-2.125;-0.21091151031270777;0.3313311373764776;0.9165270130077408;0.603888261191413;0.0;0.7391304347826086;0.5185185185185185;1.7119716998696703;0.7446808510638298;1.6160879936390136;0.7307692307692307;0.16666666666666666;0.7036382903567645;0.0;0.375;-0.23085621970920828;0.11224105461393598;-0.3333333333333333;0.0;0.20673076923076916;1.6555277081592874;0.0;2.0833333333333335;0.5812823834196891;-0.11689949553744648;1.1064671983235344;0.16666666666666666;-0.2142857142857143;0.1111111111111111;0.3333333333333333;-0.11104628549202646;-0.11092436974789913;-0.07142857142857142;0.0;-2.095558546433378;2.0755102040816324;-1.7142857142857142;-0.25;-0.38883333333333336;-0.2727272727272727;-0.42857142857142855;0.5706406448875689;2.1704524804652006;-0.8333333333333334;3.125;-1.7008928571428572;3.3144181938617794;-2.909090909090909;1.349854227405248;-0.4347826086956522;-0.5384615384615384;-0.313508064516129;-0.24074074074074056;-0.1;-0.4375;-0.368052999631947;0.45454545454545453;1.0;0.09090909090909091;0.047331562424535074;1.5;0.75;1.0;0.7337016574585636;-0.1111111111111111;0.014569737441189874;-0.6666666666666666;-0.5;-0.235024549918167;0.0;-0.683333333333333
1.0;-1.0;0.9096774193548387;0.9999999999999998;1.4740044247787611;0.0;-3.204301075268817;0.6078431372549019;-3.7837837837837838;-0.25;1.1405228758169932;1.518;-0.0422535211267605;0.5703125;0.5384615384615384;-2.4343029087261785;2;0.9684542586750795;0.47776183644189374;0.7013801756587201;1.8494623655913978;0.7058823529411765;0.76;0.6538461538461539;0.68;1.8148148148148149;0.8571428571428571;0.125;-0.375;-0.6;-0.6;1.106060606060606;1.0104166666666667;0.0;0.3333333333333333;0.2;-0.25;0.0;0.125;0.0;-0.8888888888888888;-1.5454545454545454;-1.5;-0.21091151031270777;0.3340437899631855;1.0211475540659165;0.6558421319203647;-0.6541745730550285;0.9130434782608695;0.5185185185185185;1.1858126978216346;0.9148936170212766;1.6160879936390136;0.7307692307692307;-0.05550000000000003;1.4270575768279763;-0.6666666666666666;0.375;-0.2999999999999999;0.304331450094162;-1.0;0.0;0.1431623931623932;1.7298802561960458;-0.5;2.0833333333333335;0.062499999999999875;-0.04443150950717874;0.8867803713836659;0.11116666666666668;-0.15137987012987014;0.1111111111111111;0.3333333333333333;-0.11104628549202646;-0.11092436974789913;-0.07142857142857142;0.0;-2.114939434724092;2.061224489795918;-1.7142857142857142;-0.25;-0.111;0.18181818181818182;-0.42857142857142855;0.9949087823504454;1.8440850445211703;-0.4166666666666667;3.125;-1.6121031746031746;3.3217045705453745;-2.909090909090909;1.6268221574344026;0.17391304347826084;0.5384615384615384;-0.313508064516129;-0.24074074074074056;-0.5;-0.3125;-0.1809900625690099;-0.45454545454545453;-2.6;-1.6363636363636365;1.4375754648635595;-1.3333333333333333;-0.875;-2.6;1.4880294659300186;-0.5555555555555556;-0.6132948854150856;0.0;0.3333333333333333;-0.30180032733224227;-0.2;-0.7166666666666665
1.0588235294117647;-1.1428571428571428;0.9096774193548387;1.0588235294117645;1.5956858407079646;0.0;-3.4408602150537635;3.5098039215686274;0.16216216216216217;18.25;1.2124183006535945;1.444;-1.3943661971830985;0.5625;1.017094017094017;-2.4343029087261785;2;1.0347003154574137;0.4548063127690099;0.7703889585947301;1.9720430107526883;0.6666666666666666;0.8;0.8076923076923077;1.68;1.037037037037037;-1.0;0.75;0.125;-0.5;-0.5;1.143939393939394;1.0833333333333333;0.0;0.0;0.4;-1.0;0.0;-0.25;0.1111111111111111;-0.1111111111111111;2.909090909090909;-4.375;0.21357285429141734;0.19860492152683598;1.1230548240363898;1.6168621186737833;12.584440227703986;0.9130434782608695;3.2222222222222223;9.067398994600634;0.9148936170212766;4.679432812085873;0.7307692307692307;-0.5555;1.8696573648887316;-0.8333333333333334;0.375;-0.415508885298869;0.5461393596986815;-1.3333333333333333;0.0;0.05413105413105418;1.8251183514341411;-0.75;2.0833333333333335;-1.201910621761658;-0.12660069848661215;0.5511380173467605;0.055499999999999994;-0.38595779220779225;0.1111111111111111;0.0;0.0;-0.17647058823529407;-0.07142857142857142;0.0;-2.114939434724092;2.061224489795918;-1.7142857142857142;-0.25;8.0;0.18181818181818182;20.285714285714285;4.419389053882052;9.145011811739051;-0.4166666666666667;17.25;1.505704365079365;8.660631485979247;-2.909090909090909;-1.702623906705539;0.1521739130434783;-0.019230769230769232;-0.3229166666666667;0.25925925925925936;14.5;9.3125;7.220371733529628;12.818181818181818;-0.2;1.0909090909090908;1.2079207920792077;-2.3333333333333335;-1.0;-0.2;1.9495395948434617;16.11111111111111;12.092882076187585;0.3333333333333333;0.16666666666666666;-0.30180032733224227;0.4;-0.7541666666666664
-0.9411764705882353;1.1428571428571428;-0.8903225806451613;-0.9411764705882354;-0.5077433628318584;1.0;0.41935483870967744;-0.9019607843137255;0.1891891891891892;1.0;-2.9673202614379086;0.362;1.380281690140845;-2.609375;-2.9743589743589745;-2.1544633901705117;3;-2.6119873817034702;-1.0401721664275465;-0.4253450439146799;-0.055913978494623685;-0.8431372549019608;-0.78;-0.6730769230769231;-0.44;-0.07407407407407407;1.1428571428571428;1.0;1.0;0.6;0.4;-0.6666666666666666;-0.375;1.3333333333333333;1.3333333333333333;1.6;1.75;3.5;1.0;0.8888888888888888;0.7777777777777778;0.6363636363636364;0.375;-1.0405854956753162;-1.7353226118969192;-1.3912696512648632;-0.8571317255620057;0.057716635041113254;-0.7608695652173914;-0.9444444444444444;-0.46211133867063847;-0.44680851063829785;-0.8843095679830373;-0.07692307692307693;1.2778333333333334;-0.6393500529848111;1.8333333333333333;0.625;1.2462035541195478;-1.054613935969868;4.0;0.2857142857142857;1.1351495726495726;-0.9562795878585353;3.25;0.0;0.651068652849741;-0.44596429957314687;-0.9520926712847079;1.3333333333333333;1.1018668831168832;1.0;2.3333333333333335;1.5558148580318945;0.4756302521008404;0.7857142857142857;2.0;2.095827725437416;0.3247448979591837;0.8571428571428571;1.25;1.2778333333333334;1.0909090909090908;0.5714285714285714;1.6616461603733559;0.3854261312011629;1.1666666666666667;0.0;1.8777281746031744;0.5645837933318613;1.5454545454545454;-0.6734693877551017;-1.6956521739130437;1.0961538461538463;0.4976478494623656;-1.851851851851852;-1.1;0.5625;0.0065329407434670346;-1.0;0.2;-0.6363636363636364;0.19005071238831198;-0.8333333333333334;1.125;-1.2;0.6357274401473297;-0.16666666666666666;-0.6275610866595841;-2.0;0.6666666666666666;0.12373158756137469;-1.4;8.008333333333335
-0.8823529411764706;1.2857142857142858;-0.7806451612903226;-0.8823529411764707;-0.49557522123893805;0.0;0.43010752688172044;-1.0588235294117647;0.10810810810810811;-0.375;-2.222222222222222;0.578;1.2112676056338028;-2.609375;-2.9743589743589745;-2.1715145436308925;3;-2.6119873817034702;-1.0401721664275465;-0.4253450439146799;-0.055913978494623685;-0.8431372549019608;-0.78;-0.6730769230769231;-0.44;-0.07407407407407407;1.1428571428571428;1.0;1.0;0.6;0.4;-0.6666666666666666;-0.375;1.3333333333333333;1.3333333333333333;1.6;1.75;3.5;1.0;0.8888888888888888;0.7777777777777778;0.6363636363636364;0.375;-1.0405854956753162;-1.7353226118969192;-1.3912696512648632;-0.935052791522188;0.057716635041113254;-0.9347826086956522;-0.9444444444444444;-0.46211133867063847;-0.6170212765957447;-0.8843095679830373;-0.38461538461538464;1.3611666666666666;-0.6393500529848111;1.8333333333333333;0.75;1.326978998384491;-1.054613935969868;4.0;0.42857142857142855;1.2241809116809117;-0.9562795878585353;3.25;0.08333333333333333;0.651068652849741;-0.44596429957314687;-0.9520926712847079;0.8333333333333334;1.1018668831168832;0.3333333333333333;2.3333333333333335;0.972384286269934;0.4756302521008404;0.35714285714285715;2.0;1.2882907133243606;0.3247448979591837;0.42857142857142855;1.25;0.36116666666666664;0.09090909090909091;0.5714285714285714;0.4949087823504455;0.3854261312011629;0.25;0.0;0.513640873015873;0.5645837933318613;0.5454545454545454;0.6647230320699715;-1.6956521739130437;1.0961538461538463;0.4976478494623656;-1.851851851851852;-1.1;0.5625;0.0065329407434670346;-1.0;0.2;-0.6363636363636364;0.19005071238831198;-0.8333333333333334;1.125;-1.2;0.6357274401473297;-0.16666666666666666;-0.6275610866595841;-2.0;0.6666666666666666;0.12373158756137469;-1.4;8.008333333333335
-0.8235294117647058;0.42857142857142855;-0.7096774193548387;-0.8235294117647061;-0.4811946902654867;0.0;0.43010752688172044;-1.0196078431372548;-0.02702702702702703;-0.625;-1.69281045751634;0.751;1.3661971830985915;-2.609375;-2.9743589743589745;-2.1825476429287862;3;-1.9305993690851737;-1.0401721664275465;-0.4253450439146799;-0.055913978494623685;-1.0;-0.78;-0.6730769230769231;-0.44;-0.07407407407407407;1.2857142857142858;1.0;1.0;0.6;0.4;-0.6666666666666666;-0.375;0.3333333333333333;1.3333333333333333;1.6;1.75;3.5;-0.375;0.8888888888888888;0.7777777777777778;0.6363636363636364;0.375;-1.1516966067864274;-1.80003875217981;-1.4179235495969995;-0.9480461292710484;-0.1785262492093611;-0.9347826086956522;-0.9444444444444444;-0.7402718301992178;-0.6170212765957447;-1.0822952557646432;-0.38461538461538464;1.0556666666666665;0.24655598728364533;1.0;0.75;1.0308562197092084;-0.10998116760828634;2.3333333333333335;0.42857142857142855;0.8977920227920229;-0.25786688944583686;2.0;0.08333333333333333;0.9888277202072537;-0.24359720605355056;-0.8306653472262645;0.5555;1.0693993506493507;0.1111111111111111;2.3333333333333335;0.6481913652275381;0.4532212885154062;0.21428571428571427;2.0;0.8395693135935398;0.30433673469387756;0.2857142857142857;1.25;-0.0555;-0.09090909090909091;0.5714285714285714;-0.03542638947815019;0.24404870070870432;0.08333333333333333;0.0;-0.10639880952380952;0.3928019430337823;0.36363636363636365;0.6064139941690968;-0.4565217391304348;1.0961538461538463;0.4976478494623656;-1.851851851851852;-0.1;0.5625;0.0065329407434670346;-1.0;-1.2;-0.6363636363636364;0.19005071238831198;-0.8333333333333334;0.375;-1.2;0.6357274401473297;-0.16666666666666666;-0.6275610866595841;-0.6666666666666666;0.6666666666666666;0.12373158756137469;-1.4;3.7083333333333335
-0.7647058823529411;-0.14285714285714285;-0.6645161290322581;-0.7647058823529412;-0.4646017699115044;-0.3333333333333333;0.40860215053763443;-0.9019607843137255;-0.08108108108108109;-0.375;-1.3169934640522878;0.85;1.140845070422535;-2.609375;-2.9743589743589745;-2.189568706118355;3;-1.384858044164038;-1.0401721664275465;-0.4253450439146799;-0.055913978494623685;-0.9607843137254902;-0.94;-0.6730769230769231;-0.44;-0.07407407407407407;0.42857142857142855;1.125;1.0;0.6;0.4;-0.6666666666666666;-0.375;0.0;0.3333333333333333;1.6;1.75;3.5;-0.625;-0.3333333333333333;0.7777777777777778;0.6363636363636364;0.375;-0.7511643379906853;-1.668087579926371;-1.363578325752135;-0.9480461292710484;-0.1785262492093611;-0.9347826086956522;-0.9444444444444444;-0.7477192329175197;-0.6170212765957447;-1.0875960773919957;-0.38461538461538464;0.5556666666666666;0.8887318968562348;0.3333333333333333;0.75;0.7211631663974152;0.42900188323917127;1.0;0.42857142857142855;0.556445868945869;0.14062935115566694;1.0;0.08333333333333333;0.17389896373056993;-0.13242142025611162;-0.7639559927818848;0.055499999999999994;0.0;0.0;0.3333333333333333;0.4375729288214703;0.4162464985994397;0.14285714285714285;2.0;0.5480484522207268;0.27066326530612234;0.21428571428571427;1.25;-0.6666666666666666;-0.09090909090909091;-1.0;-0.19452694102672888;0.04579320370706883;0.08333333333333333;0.0;-0.2924107142857143;0.1519099138882755;0.36363636363636365;-0.2915451895043728;-0.47826086956521746;-0.019230769230769232;0.23924731182795708;-0.8148148148148148;0.3;0.1875;0.01941479573058523;0.2727272727272727;-0.8;0.18181818181818182;-0.13450857280850045;-1.6666666666666667;-0.125;-0.8;0.9267034990791898;0.3333333333333333;-0.1862194566702079;-0.3333333333333333;0.16666666666666666;0.06415711947626832;-0.4;2.0500000000000007
-0.7058823529411765;0.0;-0.6129032258064516;-0.7058823529411765;-0.4452433628318584;0.0;0.3978494623655914;-0.8627450980392157;-0.16216216216216217;-0.375;-1.0294117647058825;0.944;1.225352112676056;-2.609375;-2.9743589743589745;-2.197592778335005;3;-1.0725552050473186;-1.0401721664275465;-0.4253450439146799;-0.055913978494623685;-0.8431372549019608;-0.9;-0.8269230769230769;-0.44;-0.07407407407407407;-0.14285714285714285;0.375;1.125;0.6;0.4;-0.6666666666666666;-0.375;-0.16666666666666666;0.0;0.4;1.75;3.5;-0.375;-0.5555555555555556;-0.4444444444444444;0.6363636363636364;0.375;-0.25815036593479707;-1.2815345863204806;-1.20437315457665;-0.8830989207932364;-0.1785262492093611;-0.8913043478260869;-0.9074074074074074;-0.7080618134425617;-0.6170212765957447;-1.0593692022263448;-0.38461538461538464;0.05566666666666661;-0.15365595196043802;0.3333333333333333;0.0;0.5676898222940228;0.39284369114877576;1.0;0.42857142857142855;0.3872863247863249;0.11389585073795595;1.0;0.08333333333333333;-0.07998704663212432;0.01202949165696569;-0.6772804004889689;0.0;-0.2142857142857143;0.0;0.0;0.3889537145079736;0.27759103641456584;0.14285714285714285;2.0;0.48075370121130556;0.14438775510204077;0.21428571428571427;1.25;-0.6666666666666666;-0.09090909090909091;-1.0;-0.2899872719558761;-0.0803198255497002;0.08333333333333333;0.0;-0.40401785714285715;-0.0013247957606536162;0.36363636363636365;0.0903790087463561;0.1521739130434783;0.5576923076923077;-0.30376344086021506;-0.2962962962962963;-0.1;-0.3125;-0.4316341553183658;0.2727272727272727;0.2;0.45454545454545453;-0.13450857280850045;-0.5;0.0;0.2;-0.16022099447513813;-0.05555555555555555;-0.12566398543026247;0.6666666666666666;0.5;-0.1204582651391163;0.4;1.4
-0.6470588235294118;0.14285714285714285;-0.5548387096774193;-0.6470588235294118;-0.42367256637168144;0.3333333333333333;0.40860215053763443;-0.8235294117647058;-0.2702702702702703;-0.5;-0.8169934640522878;1.035;1.5915492957746478;-2.609375;-2.9743589743589745;-2.206619859578736;3;-0.77602523659306;-1.0401721664275465;-0.4253450439146799;-0.055913978494623685;-0.803921568627451;-0.78;-0.7884615384615384;-0.44;-0.07407407407407407;0.0;-0.125;0.375;0.6;0.4;-0.6666666666666666;-0.375;0.16666666666666666;-0.16666666666666666;0.0;1.75;3.5;-0.375;-0.3333333333333333;-0.6666666666666666;0.6363636363636364;0.375;0.19693945442448457;-0.8759930246076343;-1.037347378501317;-0.8181711925819145;-0.5205566097406704;-0.7608695652173914;-0.8703703703703703;-0.6447588903369947;-0.6170212765957447;-1.0143122183938509;-0.38461538461538464;-0.05550000000000003;-0.5358530554574356;0.3333333333333333;-0.25;0.49224555735056547;0.27118644067796616;1.0;0.42857142857142855;0.3041310541310542;0.02394876079086614;1.0;0.08333333333333333;0.08176813471502603;0.20110593713620492;-0.5638279294487455;0.16666666666666666;0.19155844155844154;0.0;0.6666666666666666;0.42143134966938933;0.18039215686274512;0.14285714285714285;2.0;0.525706594885599;0.05586734693877548;0.21428571428571427;1.25;-0.6110000000000001;0.0;-1.0;-0.38905388205345776;-0.1551880792295112;0.08333333333333333;0.0;-0.5198412698412699;-0.09229410465886513;0.36363636363636365;0.41107871720116623;0.1521739130434783;0.0;-0.29435483870967744;0.2407407407407409;-0.1;-0.0625;-0.4316341553183658;-0.09090909090909091;0.2;0.0;-0.3081381308862594;0.3333333333333333;0.125;0.2;-0.5587476979742172;-0.1111111111111111;-0.4463499772347852;0.6666666666666666;0.0;-0.235024549918167;1.0;0.9124999999999999
-0.5882352941176471;-0.2857142857142857;-0.5161290322580645;-0.6787330316742082;-0.40154867256637167;0.0;0.43010752688172044;-0.803921568627451;-0.3783783783783784;-0.75;-0.6535947712418305;1.107;1.9014084507042253;-0.5;-0.811965811965812;-2.2126379137412235;3;-0.4889589905362778;-1.0401721664275465;-0.4253450439146799;-0.055913978494623685;-0.7647058823529411;-0.74;-0.6730769230769231;-0.44;-0.07407407407407407;0.14285714285714285;0.0;-0.125;0.6;0.4;-0.6666666666666666;-0.375;0.5;0.16666666666666666;-0.2;1.75;3.5;-0.5;-0.3333333333333333;-0.4444444444444444;0.6363636363636364;0.375;-0.2438456420492348;-0.6211974423561325;-0.932407629079882;-0.7856975883430084;-0.5951929158760279;-0.717391304347826;-0.8518518518518519;-0.6041705455222489;-0.6170212765957447;-0.9854227405247812;-0.38461538461538464;-0.11100000000000006;-0.3493465206640763;0.16666666666666666;-0.25;0.3691437802907916;0.31864406779661003;0.6666666666666666;0.42857142857142855;0.16844729344729342;0.0590364800891116;0.75;0.08333333333333333;-0.07286269430051816;0.3519596429957315;-0.47331043716165083;0.2778333333333333;-0.15137987012987014;0.2222222222222222;0.6666666666666666;0.3889537145079736;0.11176470588235293;0.14285714285714285;2.0;0.48075370121130556;-0.006632653061224553;0.21428571428571427;1.25;-0.7776666666666667;-0.18181818181818182;-1.0;-0.520364870598218;-0.17753952389605676;0.0;0.0;-0.6733630952380952;-0.11945241775226327;0.2727272727272727;0.5597667638483971;-0.4565217391304348;-0.5384615384615384;-0.313508064516129;-0.2777777777777778;-0.2;-0.125;-0.5910011041589989;-0.18181818181818182;-0.6;-0.36363636363636365;-0.4477179425259599;-0.3333333333333333;-0.25;-0.6;-0.36427255985267026;-0.2222222222222222;-0.5566853847321293;-0.6666666666666666;-0.6666666666666666;-0.046153846153846156;0.2;0.525
-0.5294117647058824;-0.5714285714285714;-0.49032258064516127;-0.5294117647058825;-0.37389380530973454;-2.0;0.20430107526881722;-0.6666666666666666;-0.5405405405405406;-0.5;-0.5261437908496732;1.072;0.8591549295774646;-0.515625;-0.6837606837606838;-2.2166499498495487;3;-0.26182965299684535;-1.0401721664275465;-0.4253450439146799;-0.055913978494623685;-0.7450980392156863;-0.7;-0.6346153846153846;-0.44;-0.07407407407407407;-0.2857142857142857;0.125;0.0;0.6;0.4;-0.6666666666666666;-0.375;0.16666666666666666;0.5;0.2;1.75;3.5;-0.75;-0.4444444444444444;-0.4444444444444444;0.6363636363636364;0.375;0.7967398536260815;-0.6783569075760513;-0.9728672891229752;-0.7207698601316865;-0.14753320683111953;-0.6739130434782609;-0.7222222222222222;-0.24930180599515908;-0.6170212765957447;-0.7975086138351443;-0.38461538461538464;-0.3333333333333333;0.0;-0.16666666666666666;-0.25;0.09224555735056537;0.2685499058380413;0.0;0.42857142857142855;0.02225783475783476;0.14230019493177393;0.25;0.08333333333333333;-0.48040803108808283;-0.014745828482731614;-0.41096687816520155;-0.6666666666666666;3.6168831168831166;-1.6666666666666667;0.6666666666666666;-0.2779074290159471;1.12296918767507;-0.9285714285714286;0.3333333333333333;-0.12489905787348586;1.0084183673469387;-0.8571428571428571;1.25;-0.8333333333333334;-0.18181818181818182;-1.1428571428571428;-0.8839626644039031;-0.8180992186080319;0.0;-1.375;-0.726438492063492;-0.18679620225215282;0.2727272727272727;-1.6064139941690962;-4.173913043478261;-3.2884615384615388;2.762768817204302;-3.9629629629629632;0.4;0.3125;-0.34827015090172986;0.2727272727272727;-0.4;0.09090909090909091;-0.5025356194156002;-0.8333333333333334;-0.5;-0.4;0.0;0.3888888888888889;-0.1705873425405979;-5.666666666666667;-2.5;2.4769230769230766;-3.6;0.26250000000000023
-0.47058823529411764;-0.2857142857142857;-0.45161290322580644;-0.47058823529411775;-0.34513274336283184;-1.0;0.12903225806451613;-0.47058823529411764;-0.4594594594594595;0.375;-0.42483660130718987;1.066;0.3380281690140845;-0.46875;-0.5470085470085471;-2.222668004012036;3;-0.3722397476340691;-0.7302725968436155;-0.4253450439146799;-0.055913978494623685;-0.6078431372549019;-0.68;-0.5961538461538461;-0.6;-0.07407407407407407;-0.5714285714285714;-0.25;0.125;0.7;0.4;-0.5378787878787878;-0.375;-2.6666666666666665;0.16666666666666666;0.6;0.25;3.5;-0.5;-0.6666666666666666;-0.5555555555555556;-0.36363636363636365;0.375;1.3330006653359951;-0.6024026351482271;-0.885005187135903;-0.603888261191413;0.5142314990512336;-0.6521739130434783;-0.5370370370370371;0.17017315211320078;-0.574468085106383;-0.4245958123509144;-0.38461538461538464;-0.5;-0.48110208406923344;-0.16666666666666666;-0.625;-0.16155088852988692;-0.4587570621468926;0.0;-0.42857142857142855;-0.05199430199430197;0.10776942355889713;0.25;0.08333333333333333;-0.48040803108808283;-0.18868839736127266;-0.3433843646312356;-1.2221666666666666;2.8315746753246755;-1.6666666666666667;0.0;-0.5278101905873201;1.1501400560224089;-0.9285714285714286;0.3333333333333333;-0.32678331090174967;0.9913265306122448;-0.8571428571428571;1.25;-0.4443333333333334;-0.18181818181818182;-0.14285714285714285;-0.7021637675010606;-0.499000545157187;0.0;-0.625;-0.5749007936507936;-0.16250827997350403;0.2727272727272727;-1.0320699708454808;2.608695652173913;6.0;4.393145161290324;-1.3518518518518519;0.7;0.125;-0.22239602502760394;1.0909090909090908;0.4;0.36363636363636365;-0.36633663366336644;-0.0;-0.25;0.4;-0.5016574585635358;0.7777777777777778;0.4729093944452875;3.0;4.333333333333333;3.4700490998363334;-1.4;0.38750000000000034
-0.4117647058823529;-0.7142857142857143;-0.432258064516129;-0.41176470588235303;-0.31194690265486724;-1.0;0.0;-0.5882352941176471;-0.6486486486486487;-0.875;-0.32679738562091526;1.09;0.2535211267605634;-0.4140625;-0.5384615384615384;-2.2256770310932796;3;-0.3911671924290218;-0.4820659971305594;-0.4253450439146799;-0.055913978494623685;-0.4117647058823529;-0.54;-0.5769230769230769;-0.56;-0.07407407407407407;-0.2857142857142857;-0.5;-0.25;0.1;0.4;-0.45454545454545453;-0.375;-1.1666666666666667;-2.6666666666666665;0.2;-0.25;3.5;0.375;-0.4444444444444444;-0.7777777777777778;-0.5454545454545454;0.375;1.8769128409846978;-0.5626816508428599;-0.8059213151384568;-0.5324541239724159;-0.04095509171410491;-0.5;-0.5370370370370371;0.0;-0.44680851063829785;-0.37821362311158213;-0.38461538461538464;-0.6666666666666666;-0.3493465206640763;-0.3333333333333333;-0.625;-0.3462035541195476;-0.5239171374764595;-0.3333333333333333;-0.7142857142857143;-0.16470797720797734;0.15984405458089665;0.0;0.08333333333333333;-0.553270725388601;-0.33876600698486603;-0.29518598288608167;-1.6666666666666667;1.4886363636363635;-1.6666666666666667;-2.6666666666666665;-0.722287047841307;1.1641456582633052;-0.9285714285714286;0.3333333333333333;-0.48829071332436075;0.9607142857142856;-0.8571428571428571;1.25;-0.5;-0.2727272727272727;-0.14285714285714285;-0.7628341111582518;-0.44521170270761407;-0.08333333333333333;-0.625;-0.7016369047619047;-0.15345550894237145;0.18181818181818182;-0.33527696793002915;-0.4565217391304348;-2.7115384615384612;4.393145161290324;1.8148148148148149;-0.9;-1.0625;0.13847994111152012;-0.09090909090909091;-0.6;-0.45454545454545453;-0.36633663366336644;-0.16666666666666666;-0.625;-0.6;-0.36427255985267026;-0.9444444444444444;-0.02853240248899677;0.0;-1.5;3.5201309328968904;2.0;0.40833333333333327
-0.35294117647058826;0.2857142857142857;-0.36774193548387096;-0.35294117647058837;-0.2771017699115044;0.0;0.0;-0.21568627450980393;-0.4594594594594595;1.0;-0.2614379084967322;1.092;0.0;-0.3515625;-0.358974358974359;-2.235707121364092;3;-0.315457413249211;-0.34002869440459105;-0.4253450439146799;-0.055913978494623685;-0.5294117647058824;-0.34;-0.4423076923076923;-0.44;-0.07407407407407407;-0.7142857142857143;-0.25;-0.5;-0.3;0.4;-0.4015151515151515;-0.375;-1.1666666666666667;-1.1666666666666667;-3.2;-0.5;3.5;-0.875;0.3333333333333333;-0.5555555555555556;-0.36363636363636365;0.375;1.3449767132401866;0.0025188916876574116;-0.5659564280584153;-0.3831184010597265;0.6990828589500315;-0.41304347826086957;-0.2962962962962963;0.6842301247439956;-0.40425531914893614;0.06453750331301351;-0.38461538461538464;-0.3333333333333333;0.35146591310491;-0.3333333333333333;-0.125;-0.277059773828756;-0.35178907721280606;-0.3333333333333333;-0.5714285714285714;-0.14369658119658127;0.09718741297688673;0.0;0.08333333333333333;-0.1931670984455958;-0.38833915405510266;-0.2054834390826007;-0.7778333333333333;1.0198863636363638;-0.6666666666666666;-0.3333333333333333;-0.6944768572539868;1.1859943977591036;-0.9285714285714286;0.3333333333333333;-0.44925975773889637;0.8772959183673469;-0.8571428571428571;1.25;0.16666666666666666;-0.2727272727272727;0.5714285714285714;-0.429359355112431;-0.047065237143376404;-0.08333333333333333;0.0;-0.46726190476190477;0.021196732170457075;0.18181818181818182;-0.8454810495626818;2.0;2.1730769230769234;1.6515456989247315;1.2962962962962967;1.6;1.5;0.520979020979021;0.7272727272727273;1.4;0.9090909090909091;0.2021250905578362;0.6666666666666666;0.25;1.4;0.3664825046040516;1.7777777777777777;0.6952496585217786;2.3333333333333335;1.1666666666666667;0.7450081833060556;1.6;0.32083333333333364
-0.29411764705882354;-0.7142857142857143;-0.34838709677419355;-0.2941176470588236;-0.23783185840707965;0.0;-0.03225806451612903;-0.45098039215686275;-0.7027027027027027;-1.125;-0.19607843137254916;1.138;0.36619718309859156;-0.2890625;-0.4017094017094017;-2.238716148445336;3;-0.30914826498422676;-0.20516499282639886;-0.4253450439146799;-0.055913978494623685;-0.1568627450980392;-0.46;-0.25;-0.4;-0.07407407407407407;0.2857142857142857;-0.625;-0.25;-0.2;0.4;-0.3409090909090909;-0.375;0.0;-1.1666666666666667;-1.4;0.0;3.5;1.0;-0.7777777777777778;0.2222222222222222;-0.36363636363636365;0.375;1.7099135063206923;0.5132726215849643;-0.3623812943899132;-0.3766119920520512;0.6826375711574953;-0.41304347826086957;-0.2962962962962963;0.5291379631353565;-0.3617021276595745;0.09117413199045858;-0.38461538461538464;-0.5;0.5383256799717416;-0.3333333333333333;-0.125;-0.3924071082390952;-0.2681732580037665;-0.3333333333333333;-0.5714285714285714;-0.23005698005698003;0.127541074909496;0.0;0.08333333333333333;-0.1931670984455958;-0.4739037640667441;-0.13784271494266245;-0.3333333333333333;1.1489448051948052;-0.6666666666666666;0.0;-0.6944768572539868;1.1859943977591036;-0.9285714285714286;0.3333333333333333;-0.39407806191117095;0.8114795918367346;-0.8571428571428571;1.25;-0.5;-0.45454545454545453;0.5714285714285714;-0.6111582520152735;0.07087043430855891;-0.25;0.0;-0.623015873015873;0.06557739015235145;0.0;0.3790087463556855;0.1521739130434783;-1.6346153846153846;1.1206317204301077;1.8148148148148149;-1.5;-2.0;0.8687891056312109;0.18181818181818182;-1.4;-1.2727272727272727;0.7360540932141995;0.0;-0.625;-1.4;0.5613259668508288;-1.6666666666666667;0.6697526179996964;0.3333333333333333;-1.0;0.4373158756137479;1.8;0.316666666666667
-0.23529411764705882;-0.42857142857142855;-0.3161290322580645;-0.22624434389140283;-0.19469026548672566;-0.3333333333333333;-0.10752688172043011;-0.21568627450980393;-0.7297297297297297;0.125;-0.14052287581699394;1.151;0.30985915492957744;-0.2265625;-0.29914529914529914;-2.243731193580742;3;-0.16403785488959008;-0.07460545193687237;-0.4253450439146799;-0.055913978494623685;-0.39215686274509803;-0.08;-0.36538461538461536;-0.36;-0.07407407407407407;-0.7142857142857143;0.25;-0.625;-0.1;0.4;-0.2727272727272727;-0.375;0.16666666666666666;0.0;-1.4;0.5;3.5;-1.125;0.8888888888888888;-0.8888888888888888;-0.45454545454545453;0.375;-0.25815036593479707;0.87793063359814;-0.21315138456627586;-0.2532434643705926;0.258697027197976;-0.2608695652173913;-0.2962962962962963;0.5784770061441074;-0.3404255319148936;0.2789557381394116;-0.38461538461538464;-0.38883333333333336;0.38466972801130345;-0.3333333333333333;-0.125;-0.4846526655896607;-0.40564971751412426;-0.3333333333333333;-0.5714285714285714;-0.27564102564102566;0.09969367864104697;0.0;0.08333333333333333;-0.6410297927461139;-0.48117966627861847;-0.07095872868036542;0.0;-0.2142857142857143;0.0;0.0;-0.8057176196032673;1.0470588235294118;-0.9285714285714286;-0.3333333333333333;-0.3889636608344549;0.7448979591836733;-0.8571428571428571;1.25;-0.0555;-0.45454545454545453;0.5714285714285714;-0.45969452694102664;0.09213156460112659;-0.25;0.0;-0.564236111111111;0.02892470744093624;0.0;-0.4081632653061222;-0.47826086956521746;-0.5576923076923077;1.1340725806451615;-0.2962962962962963;0.9;1.4375;0.8518586676481412;-0.45454545454545453;0.4;0.8181818181818182;0.708041535860903;-0.8333333333333334;-0.375;0.4;0.40110497237569054;1.0;0.26286234633480043;-0.6666666666666666;-0.5;0.6981996726677577;0.0;0.16250000000000014
-0.17647058823529413;-0.5714285714285714;-0.2903225806451613;-0.17647058823529418;-0.14823008849557523;-0.3333333333333333;-0.21505376344086022;-0.21568627450980393;-0.8378378378378378;-0.5;-0.06862745098039257;1.167;0.22535211267605632;-0.1640625;-0.23076923076923078;-2.247743229689067;3;-0.1230283911671922;0.02869440459110476;-0.4253450439146799;-0.055913978494623685;-0.1568627450980392;-0.32;0.0;-0.34;-0.07407407407407407;-0.42857142857142855;-0.625;0.25;-0.4;0.4;-0.22727272727272727;-0.375;-0.16666666666666666;0.16666666666666666;0.0;0.0;3.5;0.125;-1.0;0.7777777777777778;-0.6363636363636364;0.375;-0.7511643379906853;1.109087386165472;-0.0932088420716625;-0.2532434643705926;0.258697027197976;-0.2608695652173913;-0.2962962962962963;0.2861664494507542;-0.19148936170212766;0.39438112907500644;-0.38461538461538464;-0.7221666666666667;-0.5358530554574356;-0.3333333333333333;-0.75;-0.5308562197092083;-0.39849340866290023;-0.3333333333333333;-0.5714285714285714;-0.32745726495726507;0.08827624617098306;0.0;0.08333333333333333;-0.565252590673575;-0.49514939852541706;-0.00995401362128176;-0.16666666666666666;0.19155844155844154;-0.2222222222222222;0.0;-0.9167639050952938;0.9420168067226892;-0.9285714285714286;-0.3333333333333333;-0.4228802153432033;0.6910714285714286;-0.8571428571428571;1.25;-0.7221666666666667;-0.45454545454545453;-0.42857142857142855;-0.3990241832838354;0.06087588588042885;-0.25;0.0;-0.6024305555555555;-0.010377566791786202;0.0;-0.26239067055393545;-0.4565217391304348;0.019230769230769232;-0.30376344086021506;-0.8148148148148148;-0.3;-0.8125;0.46006624953993375;0.6363636363636364;-0.2;-0.2727272727272727;0.10142477662400384;0.16666666666666666;-0.5;-0.2;-0.5587476979742172;-0.3333333333333333;0.26286234633480043;-0.6666666666666666;0.0;-0.235024549918167;-0.6;0.12083333333333345
-0.11764705882352941;0.14285714285714285;-0.23225806451612904;-0.11764705882352952;-0.10176991150442478;0.0;-0.20430107526881722;0.0392156862745098;-0.7027027027027027;0.625;-0.032679738562091526;1.172;0.14084507042253522;-0.109375;-0.08547008547008547;-2.2567703109327986;3;-0.07255520504731834;-0.02152080344332841;-0.4253450439146799;-0.055913978494623685;-0.1568627450980392;-0.08;-0.23076923076923078;-0.2;-0.07407407407407407;-0.5714285714285714;-0.375;-0.625;-0.6;0.4;-0.19696969696969696;-0.375;-0.5;-0.16666666666666666;0.2;-4.25;3.5;-0.5;0.1111111111111111;-1.1111111111111112;-0.45454545454545453;0.375;0.8153692614770462;0.6289478783181556;0.08211635144840794;-0.09091440370904276;0.3500948766603416;0.0;-0.05555555555555555;0.5038167938931299;-0.10638297872340426;0.6861913596607472;-0.38461538461538464;-0.38883333333333336;0.045566937477922995;-0.16666666666666666;-0.25;-0.415508885298869;-0.26177024482109235;-0.3333333333333333;-0.5714285714285714;-0.4164886039886041;-0.09189640768588139;0.0;0.08333333333333333;-0.21729274611398958;-0.44800155219247173;-0.1526282088596542;-0.11116666666666668;0.4013798701298701;-0.2222222222222222;0.3333333333333333;-0.41676390509529365;0.31540616246498593;-0.2857142857142857;0.0;-0.5383580080753702;0.547704081632653;-0.8571428571428571;0.0;0.05566666666666667;0.0;0.14285714285714285;-0.1264319049639372;0.1301108486280211;-0.25;0.0;-0.6555059523809523;-0.09847648487524834;0.0;-0.4868804664723027;1.3913043478260871;1.6346153846153846;0.8020833333333336;0.777777777777778;1.0;0.75;0.021531100478468897;0.7272727272727273;1.0;0.5454545454545454;-0.2808500362231346;0.6666666666666666;0.125;1.0;0.047513812154696126;1.1111111111111112;0.3505843071786311;1.6666666666666667;1.1666666666666667;0.5207855973813421;0.8;0.0708333333333334
-0.058823529411764705;-0.42857142857142855;-0.2;-0.0542986425339367;-0.05254424778761062;0.0;-0.1827956989247312;-0.27450980392156865;-1.054054054054054;-1.75;0.0;1.215;0.6056338028169014;-0.0546875;-0.1282051282051282;-2.2617853560682044;3;-0.0567823343848581;-0.030129124820659835;-0.15432873274780423;-0.11612903225806448;0.09803921568627451;-0.08;0.0;0.0;-0.37037037037037035;0.14285714285714285;-0.5;-0.375;-0.4;0.5;-0.15151515151515152;-0.19791666666666666;0.3333333333333333;-0.5;-0.2;-2.0;0.5;0.625;-0.4444444444444444;0.0;0.18181818181818182;-1.0;1.1972721224218237;0.6289478783181556;0.20277711276035407;-0.11039467019908834;0.5080645161290325;-0.06521739130434782;-0.05555555555555555;0.3772109476819958;-0.10638297872340426;0.557911476278823;-0.3076923076923077;-0.38883333333333336;0.045566937477922995;-0.16666666666666666;-0.25;-0.43861066235864293;-0.25875706214689276;-0.3333333333333333;-0.5714285714285714;-0.569088319088319;-0.4227234753550543;0.0;-0.4166666666666667;-0.1465349740932643;-0.4110399689561504;-0.22125851330112334;0.055499999999999994;0.5515422077922078;-0.2222222222222222;0.3333333333333333;-0.16666666666666669;0.19383753501400564;-0.2857142857142857;0.0;-0.5383580080753702;0.547704081632653;-0.8571428571428571;0.0;-0.7776666666666667;-0.9090909090909091;0.14285714285714285;-0.6414934238438693;0.4083227330546974;-0.6666666666666666;0.0;-0.8504464285714285;0.1110620446014573;-0.45454545454545453;0.8717201166180764;0.1521739130434783;-1.0961538461538463;0.5987903225806452;1.2962962962962967;-1.9;-1.875;0.6924917188075083;-0.7272727272727273;-0.8;-0.8181818181818182;0.10142477662400384;0.16666666666666666;-0.375;-0.8;0.047513812154696126;-2.111111111111111;0.5022006374260132;0.0;-0.8333333333333334;0.37839607201309317;1.2;0.05416666666666672
0.0;0.0;-0.14838709677419354;0.0;0.0;-0.6666666666666666;-0.22580645161290322;0.0784313725490196;-1.027027027027027;0.125;0.032679738562091526;1.22;0.5352112676056339;0.0;-0.008547008547008548;-2.2698094282848547;3;0.07886435331230328;0.004304160688665873;0.06273525721455463;-0.053763440860215055;-0.21568627450980393;0.18;0.0;-0.12;-0.2962962962962963;-0.42857142857142855;0.125;-0.5;-0.7;-0.1;-0.12878787878787878;-0.08333333333333333;0.3333333333333333;0.3333333333333333;-0.6;-2.0;-0.5;-1.75;0.5555555555555556;-0.5555555555555556;-0.7272727272727273;-1.25;-0.594810379241517;0.11102499515597761;0.25353124251855397;-0.012993337748860434;0.7232764073371284;-0.06521739130434782;-0.018518518518518517;0.22267734127722982;0.0425531914893617;0.5993904055128546;-0.07692307692307693;-0.16666666666666666;-0.15365595196043802;0.0;-0.25;-0.32310177705977383;-0.3077212806026366;-0.3333333333333333;-0.5714285714285714;-0.6073717948717948;-0.5054302422723476;0.0;-0.5;-0.23364637305699476;-0.3947419480015521;-0.23895453751673554;0.0;0.7857142857142857;-0.3333333333333333;0.3333333333333333;-0.08343057176196035;-0.0490196078431372;-0.07142857142857142;0.0;-0.6150740242261105;0.5487244897959185;-0.8571428571428571;0.0;-0.5;-0.9090909090909091;0.14285714285714285;-0.3990241832838354;0.38633472651281126;-0.6666666666666666;0.0;-0.7440476190476191;0.12497240008831968;-0.45454545454545453;-0.35276967930029157;-1.065217391304348;-1.0769230769230769;1.041666666666667;-0.7962962962962964;1.5;2.0625;1.0450864924549135;-0.2727272727272727;0.6;0.6363636363636364;0.1359574981888432;-0.16666666666666666;0.0;0.6;-0.16022099447513813;1.6666666666666667;0.7087570192745485;-2.0;-1.0;1.0009819967266775;-1.0;-0.0708333333333334
0.058823529411764705;-0.5714285714285714;-0.12258064516129032;0.058823529411764656;0.05530973451327434;-2.0;-0.3763440860215054;0.1568627450980392;-0.972972972972973;0.25;0.06535947712418305;1.211;0.26760563380281693;0.0703125;0.13675213675213677;-2.2738214643931793;3;0.09463722397476351;0.007173601147776348;0.18695106649937263;0.006451612903225822;0.13725490196078433;-0.14;0.25;0.26;-0.07407407407407407;0.0;-0.375;0.125;0.0;-0.5;-0.05303030303030303;-0.010416666666666666;-0.6666666666666666;0.3333333333333333;0.4;-0.25;-1.0;0.125;-1.5555555555555556;0.4444444444444444;0.6363636363636364;-1.0;-0.614105123087159;-0.25731447393915896;0.20596919639294545;0.02596719523123073;1.0162871600253005;-0.06521739130434782;0.05555555555555555;0.5823868925712158;0.0425531914893617;0.6728067850516829;0.0;-0.4443333333333334;-0.15365595196043802;-0.16666666666666666;-0.375;-0.4615508885298868;-0.4828625235404896;-0.3333333333333333;-0.7142857142857143;-0.645477207977208;-0.4887218045112782;0.0;-0.5;-0.3060233160621761;-0.32673651532790055;-0.2657314162640431;-1.0;3.099431818181818;-1.6666666666666667;0.3333333333333333;-0.5278101905873201;1.0565826330532213;-0.9285714285714286;0.0;-0.9036339165545088;0.8522959183673469;-0.8571428571428571;0.0;-0.6666666666666666;-0.9090909090909091;-0.2857142857142857;-0.5808230801866779;0.20825004542976555;-0.6666666666666666;-0.375;-0.6555059523809523;0.1525723117686023;-0.45454545454545453;-0.7638483965014572;-2.3260869565217392;-1.1153846153846154;1.0584677419354842;-2.9074074074074074;0.1;-0.9375;0.9282296650717704;1.5454545454545454;-0.8;-0.6363636363636364;-0.02946148273363919;-0.16666666666666666;-0.5;-0.8;-0.16022099447513813;0.1111111111111111;0.9899833055091819;-4.0;-1.0;1.1620294599018002;-3.4;-0.08333333333333341
0.11764705882352941;0.0;-0.07096774193548387;0.11764705882352931;0.11393805309734513;-0.6666666666666666;-0.45161290322580644;-0.058823529411764705;-1.3243243243243243;-1.5;0.09803921568627386;1.235;0.4647887323943662;0.34375;0.15384615384615385;-2.2818455366098296;3;0.0662460567823348;0.07317073170731697;0.3048933500627352;0.12903225806451613;0.21568627450980393;0.22;-0.057692307692307696;0.02;0.0;-0.5714285714285714;0.0;-0.375;-0.7;-0.4;-0.030303030303030304;0.07291666666666667;-2.6666666666666665;-0.6666666666666666;0.4;0.0;0.0;0.25;0.1111111111111111;-1.6666666666666667;-0.9090909090909091;-1.0;0.6956087824351299;-0.16857198217399716;0.2528130237012209;0.09740133245022792;0.04364326375711572;0.17391304347826086;0.05555555555555555;0.0821076149692796;0.23404255319148937;0.534057778955738;0.07692307692307693;-0.27766666666666673;-0.07347227128223234;-0.16666666666666666;-0.375;-0.3462035541195476;-0.5239171374764595;0.0;-0.7142857142857143;-0.645477207977208;-0.4887218045112782;0.0;-0.5;-0.3060233160621761;-0.26804423748544803;-0.2612491996041678;-1.3888333333333334;2.0819805194805197;-1.6666666666666667;-1.6666666666666667;-0.6944768572539868;1.0050420168067227;-0.9285714285714286;0.0;-1.0188425302826378;0.8267857142857143;-0.8571428571428571;0.0;-0.5555;-0.7272727272727273;-0.2857142857142857;-0.6718285956724649;0.30728693439941845;-0.6666666666666666;-0.375;-0.8149801587301587;0.27511591962905707;-0.45454545454545453;0.4314868804664727;2.0217391304347827;3.846153846153846;2.6008064516129035;-0.2777777777777778;-1.4;-1.0;0.6903754140596245;-1.0909090909090908;0.8;0.7272727272727273;0.047331562424535074;-0.0;0.0;0.8;-0.07661141804788203;-1.5555555555555556;0.0564577325846107;3.6666666666666665;3.8333333333333335;3.1031096563011458;0.0;-0.05833333333333339
0.17647058823529413;-0.2857142857142857;-0.03225806451612903;0.17647058823529396;0.17699115044247787;0.0;-0.45161290322580644;0.09803921568627451;-0.9459459459459459;-0.875;0.14052287581699321;1.26;0.6338028169014084;0.3828125;0.1794871794871795;-2.287863590772317;3;0.14195583596214562;0.09182209469153522;0.41907151819322447;0.25161290322580654;0.0;0.3;0.28846153846153844;0.26;0.07407407407407407;0.0;-0.5;0.0;-0.5;-0.3;0.007575757575757576;0.16666666666666666;-0.8333333333333334;-2.6666666666666665;-0.8;-0.5;1.0;-1.5;0.2222222222222222;0.0;0.0;-1.125;3.057884231536927;0.3311373764774268;0.4001276833453036;0.10388826119141306;0.06230234029095511;0.17391304347826086;0.05555555555555555;0.04878048780487813;0.23404255319148937;0.4212827988338192;0.11538461538461539;-0.38883333333333336;-0.18262098198516422;-0.16666666666666666;-0.375;-0.32310177705977383;-0.5453860640301318;0.0;-0.7142857142857143;-0.6835826210826212;-0.5335561125034809;0.0;-0.5;-0.15803108808290156;-0.24621653084982523;-0.2327842132836602;-1.1111666666666666;2.8790584415584415;-1.6666666666666667;0.0;-0.6390509529366005;1.0565826330532213;-0.9285714285714286;0.0;-1.0573351278600271;0.7905612244897958;-0.8571428571428571;-0.25;-1.0;-0.7272727272727273;-0.2857142857142857;-0.9142978362324988;0.28838815191713607;-0.6666666666666666;-0.375;-0.8680555555555556;0.29498785603886074;-0.45454545454545453;0.5131195335276972;2.0217391304347827;0.0;3.023185483870968;3.4259259259259265;0.5;1.125;0.277603974972396;-0.7272727272727273;-0.4;-0.5454545454545454;0.0;0.3333333333333333;-0.25;-0.4;-0.19042357274401467;0.5555555555555556;0.07436636818940662;2.0;-0.8333333333333334;3.1577741407528634;3.6;-0.12499999999999965
0.23529411764705882;-0.14285714285714285;0.012903225806451613;0.23529411764705885;0.24668141592920353;0.0;-0.5161290322580645;-0.3137254901960784;-2.2972972972972974;-3.75;0.21241830065359457;1.315;1.0985915492957745;0.4140625;0.05982905982905983;-2.2948846539618857;3;0.2208201892744482;0.11477761836441903;0.5094102885821831;0.31397849462365596;0.1568627450980392;0.08;0.36538461538461536;0.26;0.1111111111111111;-0.2857142857142857;0.0;-0.5;-0.6;-0.6;0.03787878787878788;0.22916666666666666;0.16666666666666666;-0.8333333333333334;-3.2;-1.0;0.0;-0.875;-1.3333333333333333;0.1111111111111111;-0.45454545454545453;-1.375;1.7285429141716573;0.5593877155590004;0.5219056739286568;-0.0519538707289516;0.8391840607210627;-0.10869565217391304;0.0;0.2541426177620555;0.19148936170212766;0.1329181023058574;0.38461538461538464;-0.2221666666666667;-0.5358530554574356;0.16666666666666666;-0.375;-0.25395799676898206;-0.6433145009416196;0.0;-0.7142857142857143;-0.670940170940171;-0.5271512113617377;0.0;-0.5;-0.24190414507772015;-0.2774544043461389;-0.1945980557657605;-0.16666666666666666;0.7857142857142857;-0.4444444444444444;0.0;-0.5278101905873201;1.1148459383753502;-0.9285714285714286;0.0;-1.0573351278600271;0.7905612244897958;-0.8571428571428571;-0.25;-2.7776666666666663;-2.3636363636363638;-1.5714285714285714;-1.7021637675010608;1.181355624204979;-2.0;-0.375;-1.2934027777777777;0.9986752042393464;-1.9090909090909092;2.670553935860059;0.1521739130434783;-1.6538461538461537;0.8114919354838711;1.8333333333333335;-2.4;-1.875;0.7113544350386455;-1.6363636363636365;0.2;0.2727272727272727;-0.2808500362231346;-0.16666666666666666;-0.125;0.2;-0.5587476979742172;-2.6666666666666665;0.820003035361967;0.0;-1.0;1.0009819967266775;1.4;-0.19166666666666637
0.29411764705882354;-0.2857142857142857;0.05161290322580645;0.2941176470588235;0.3213495575221239;-2.6666666666666665;-0.8602150537634409;-0.49019607843137253;-3.4054054054054053;-5.125;-0.30065359477124204;1.36;3.943661971830986;0.4453125;-0.05128205128205128;-2.300902708124373;3;0.39432176656151424;0.12195121951219506;0.465495608531995;0.008602150537634377;-0.2549019607843137;0.24;0.15384615384615385;0.52;0.37037037037037035;-0.14285714285714285;-0.25;0.0;-0.1;-0.8;0.10606060606060606;0.2708333333333333;0.16666666666666666;0.16666666666666666;-1.0;0.25;-8.5;-3.75;-0.7777777777777778;-1.4444444444444444;0.36363636363636365;-1.125;1.1972721224218237;0.335206355357489;0.24810470034314883;-0.19480266490045584;1.5975648323845668;-0.30434782608695654;0.0;0.8285235524110968;0.0;0.000397561622051433;0.5384615384615384;-0.3333333333333333;-0.6852702225362063;0.16666666666666666;-0.5;-0.32310177705977383;-0.7574387947269303;0.0;-0.8571428571428571;-0.645477207977208;-0.544973544973545;0.0;-0.5;-0.24190414507772015;-0.2554326736515327;-0.17009139065137668;-1.1111666666666666;4.769074675324675;-2.3333333333333335;0.0;-1.194671334111241;1.9019607843137256;-1.3571428571428572;0.0;-1.1728129205921938;1.0596938775510205;-1.2857142857142858;-0.25;-4.388833333333333;-3.3636363636363638;-1.5714285714285714;-3.0963088672040726;1.8620752316918043;-2.9166666666666665;-0.75;-1.9489087301587302;1.8767939942592184;-2.909090909090909;2.9154518950437325;-4.804347826086957;-4.384615384615385;4.595430107526882;-3.981481481481482;-1.2;0.6875;0.6967243283032756;-3.1818181818181817;-0.2;-0.18181818181818182;-0.636319729533929;0.0;-0.25;-0.2;-0.714548802946593;-1.3333333333333333;1.5478828350280769;-7.666666666666667;-3.8333333333333335;4.208837970540098;-4.4;-0.3333333333333332
0.35294117647058826;4.714285714285714;0.3161290322580645;0.35294117647058815;0.39823008849557523;-3.3333333333333335;-1.2580645161290323;-0.2549019607843137;-4.243243243243243;-3.875;0.35294117647058776;1.385;1.4788732394366197;0.46875;-0.08547008547008547;-2.342026078234704;3;0.5362776025236599;0.18364418938307045;0.45796737766624845;0.37419354838709673;-0.43137254901960786;-0.18;0.3076923076923077;0.2;0.7407407407407407;-0.2857142857142857;-0.125;-0.25;-0.5;-0.6;0.14393939393939395;0.3333333333333333;-3.6666666666666665;0.16666666666666666;0.2;0.25;-4.0;-5.125;-3.3333333333333335;-0.8888888888888888;-1.3636363636363635;-0.25;1.5565535595475724;0.19782987793063378;0.07301891309552302;-0.31168426384072934;0.15069576217583813;-0.30434782608695654;-0.3333333333333333;0.8093464904114692;0.0;-0.07646435197455603;0.5384615384615384;1.6111666666666666;6.149063935005299;0.16666666666666666;3.75;0.5077544426494347;3.6180790960451974;0.0;3.857142857142857;-0.20032051282051283;1.5218602060707325;0.0;2.0833333333333335;2.8465025906735746;0.7325378346915019;0.16624949065719782;-2.7221666666666664;5.592532467532467;-3.0;0.0;-2.028199144301828;2.533053221288515;-1.7857142857142858;-0.3333333333333333;-1.5765814266487213;1.682142857142857;-1.7142857142857142;-0.25;-5.722166666666666;-3.3636363636363638;-4.857142857142857;-3.611370386084005;2.0761402871161185;-2.9166666666666665;-0.75;-2.5510912698412698;2.094502097593288;-2.909090909090909;1.4139941690962103;-1.0217391304347827;3.346153846153846;3.1468413978494625;-4.981481481481482;0.9;1.25;0.8928045638571953;-0.18181818181818182;7.0;3.272727272727273;3.8804636561217096;5.666666666666667;4.125;7.0;6.4117863720073665;1.0;0.15920473516466843;-2.0;2.8333333333333335;3.1031096563011458;-5.6;-0.43749999999999994
0.4117647058823529;1.1428571428571428;0.41935483870967744;0.4117647058823528;0.4795353982300885;-3.0;-1.6344086021505377;0.0784313725490196;-4.675675675675675;-2.0;0.4281045751633986;1.396;1.3098591549295773;0.4921875;-0.05128205128205128;-2.358074222668004;3;0.6151419558359624;0.19081779053084647;0.4880803011292347;0.43655913978494615;-0.19607843137254902;-0.36;-0.09615384615384616;0.56;0.5185185185185185;4.714285714285714;-0.25;-0.125;-0.2;-0.9;0.20454545454545456;0.3645833333333333;-4.666666666666667;-3.6666666666666665;0.2;-1.25;-4.0;-3.875;-4.555555555555555;-3.4444444444444446;0.0;-1.5;-0.017964071856287223;0.06413485758573911;-0.11291995850291299;-0.1818093271515954;1.467425679949399;-0.30434782608695654;-0.018518518518518517;0.8093464904114692;0.0;-0.21070765968725147;0.7307692307692307;2.1111666666666666;5.478982691628399;0.16666666666666666;3.75;0.6922455573505654;3.6180790960451974;0.0;3.857142857142857;-0.03490028490028486;1.5371762740183792;0.0;2.0833333333333335;3.465025906735751;1.4733216918897944;0.48675708714127697;-4.166666666666667;0.5974025974025974;-3.0;-7.666666666666667;-2.611629716063789;2.743697478991596;-1.7857142857142858;-0.3333333333333333;-1.9227456258411846;2.017857142857143;-1.7142857142857142;-0.25;-4.944333333333333;-3.3636363636363638;-2.857142857142857;-4.126644039032669;1.739233145556969;-2.9166666666666665;-0.75;-2.7105654761904763;2.108191653786708;-2.909090909090909;0.47521865889212844;0.782608695652174;1.5961538461538463;3.550403225806452;-0.2222222222222221;1.4;0.25;0.6253220463746779;2.1818181818181817;-5.0;-5.454545454545454;6.287370200434678;1.6666666666666667;1.0;-5.0;5.713075506445671;1.5555555555555556;1.422977690089543;1.0;1.5;3.5201309328968904;-0.4;-0.49166666666666664
0.47058823529411764;1.8571428571428572;0.5548387096774193;0.4705882352941177;0.5652654867256637;-2.3333333333333335;-1.978494623655914;0.5098039215686274;-4.594594594594595;0.5;0.4999999999999993;1.389;0.9014084507042253;0.515625;0.06837606837606838;-2.37913741223671;3;0.6498422712933754;0.1779053084648495;0.4905897114178169;0.7419354838709677;0.13725490196078433;-0.12;-0.2692307692307692;0.64;1.2222222222222223;1.1428571428571428;4.125;-0.25;-0.6;-0.2;0.23484848484848486;0.46875;-4.166666666666667;-4.666666666666667;-4.4;-4.25;-0.5;-2.0;-3.4444444444444446;-4.666666666666667;0.09090909090909091;0.375;1.6729873586161017;-0.361751598527417;-0.12760354321283218;0.14935520317917952;2.25506008855155;-0.043478260869565216;0.3888888888888889;1.6248370880655372;0.0;0.20606944076331823;0.7307692307692307;2.9445;3.78382197103497;1.8333333333333333;3.75;1.0846526655896607;3.512241054613936;0.6666666666666666;3.857142857142857;0.10487891737891746;1.6722361459203567;0.0;2.0833333333333335;1.70919689119171;2.1156383391540556;0.8721695092845916;-4.055499999999999;1.0198863636363638;-3.0;-7.0;-2.7226760015558154;2.8081232492997197;-1.7857142857142858;-0.3333333333333333;-2.3071332436069985;2.101785714285714;-1.7142857142857142;-0.25;-2.4443333333333332;-2.4545454545454546;0.0;-4.065973695375478;1.826094857350536;-2.9166666666666665;-0.5;-2.781498015873016;2.030691101788474;-2.909090909090909;-0.22157434402332318;1.434782608695652;0.5769230769230769;1.1098790322580647;1.8703703703703705;1.9;0.25;-0.1840264998159735;3.090909090909091;1.0;2.727272727272727;6.239314175319971;-3.3333333333333335;1.625;1.0;3.9454880294659294;2.111111111111111;2.178934587949613;1.6666666666666667;0.3333333333333333;1.115875613747954;1.8;-0.5166666666666667
0.5294117647058824;-0.2857142857142857;0.5935483870967742;0.5294117647058824;0.6548672566371682;-1.0;-2.204301075268817;0.6862745098039216;-4.297297297297297;1.375;0.5751633986928102;1.388;0.5633802816901408;0.53125;0.19658119658119658;-2.3851554663991976;3;0.6277602523659309;0.2123385939741752;0.5483061480552068;0.8645161290322582;0.5686274509803921;0.22;-0.038461538461538464;0.42;0.7777777777777778;1.8571428571428572;1.0;4.125;-0.2;-0.9;0.29545454545454547;0.5;-3.3333333333333335;-4.166666666666667;-5.6;-1.5;0.0;0.5;-1.7777777777777777;-3.5555555555555554;-1.1818181818181819;-1.75;3.13872255489022;0.42491765161790346;0.015641209799696586;0.46103946701990883;1.6850094876660342;0.32608695652173914;0.5555555555555556;2.616831130143362;0.0;0.545852107076597;0.7307692307692307;1.0;1.8089014482515013;0.16666666666666666;1.25;1.038449111470113;3.5887005649717514;0.6666666666666666;3.857142857142857;0.1431623931623932;1.6351991088833195;0.25;2.0833333333333335;1.0001619170984455;2.3439076445479246;1.1342918679783456;-3.0;2.7017045454545454;-2.6666666666666665;-3.3333333333333335;-2.8337222870478413;2.6980392156862743;-1.7857142857142858;-0.3333333333333333;-2.499327052489906;2.017857142857143;-1.7142857142857142;-0.25;-0.111;-1.0909090909090908;1.0;-3.368901145523971;2.495184444848265;-2.9166666666666665;0.375;-2.427083333333333;2.2815190991388827;-2.909090909090909;-0.06705539358600557;2.673913043478261;1.0961538461538463;0.6280241935483871;3.4814814814814814;0.6;-0.875;-0.04076186970923809;2.3636363636363638;-3.0;-1.8181818181818181;2.683409804395074;-1.6666666666666667;-0.25;-3.0;1.8861878453038674;0.6666666666666666;1.6318105934132645;3.6666666666666665;1.0;0.5607201309328969;3.4;-0.5
0.5882352941176471;-0.5714285714285714;0.6193548387096774;0.5520361990950226;0.7461283185840708;0.0;-2.3225806451612905;0.19607843137254902;-4.72972972972973;-2.0;0.643790849673202;1.42;0.7183098591549295;0.546875;0.1794871794871795;-2.3891675025075227;3;0.6246056782334385;0.248206599713056;0.5646173149309912;0.9247311827956989;0.7450980392156863;0.66;0.28846153846153844;0.58;1.2222222222222223;-0.2857142857142857;1.625;1.0;-0.4;-0.7;0.3409090909090909;0.5520833333333334;-1.5;-3.3333333333333335;-5.0;0.0;-1.0;1.375;0.4444444444444444;-1.8888888888888888;-0.7272727272727273;-0.5;3.564870259481039;1.646192598333656;0.23669300135663535;0.5;1.1654016445287794;0.45652173913043476;0.5555555555555556;2.6507168125116367;0.0;0.5379008746355683;0.7307692307692307;0.3333333333333333;2.393147297774638;-0.16666666666666666;1.25;0.9924071082390954;3.6798493408662893;0.0;3.857142857142857;0.13034188034188024;1.6477304372041215;0.25;2.0833333333333335;-0.48040803108808283;2.174427629025999;1.2975726177309503;-1.6111666666666666;3.4452110389610384;-2.111111111111111;-0.3333333333333333;-2.8615324776351616;2.6394957983193277;-1.7857142857142858;-0.3333333333333333;-2.4802153432032306;2.033163265306122;-1.7142857142857142;-0.25;-0.111;-1.0909090909090908;1.0;-3.641705557912601;2.4263129202253317;-2.9166666666666665;0.375;-2.7281746031746033;2.2355928461028927;-2.909090909090909;1.7405247813411087;2.0217391304347827;-0.5769230769230769;0.10114247311827963;3.981481481481482;-2.8;-2.1875;1.588976812661023;-1.9090909090909092;-0.4;1.1818181818181819;1.4455445544554453;-2.8333333333333335;-0.5;-0.4;2.495395948434622;-3.111111111111111;1.1331006222492033;3.0;-0.3333333333333333;0.19803600654664483;4.2;-0.5
0.6470588235294118;-0.42857142857142855;0.6516129032258065;0.6470588235294117;0.8401548672566371;-0.6666666666666666;-2.4516129032258065;1.1764705882352942;-3.810810810810811;4.125;0.7091503267973851;1.404;0.21126760563380279;0.5546875;0.37606837606837606;-2.3941825476429286;3;0.7255520504731862;0.3271162123385939;0.5846925972396487;0.9870967741935485;0.2549019607843137;0.84;0.7115384615384616;0.16;1.2222222222222223;-0.5714285714285714;-0.25;1.625;-0.3;-0.8;0.3939393939393939;0.59375;0.0;-1.5;-4.0;0.0;-2.0;-2.0;1.2222222222222223;0.3333333333333333;-2.8181818181818183;-1.125;1.3639387890884902;2.43383065297423;0.3685260553826509;0.7207698601316865;3.116382036685642;0.45652173913043476;1.0185185185185186;3.895177806739899;0.0;1.3267956533262653;0.7307692307692307;-0.5555;-0.5358530554574356;-0.16666666666666666;-0.625;0.9462035541195478;3.757815442561205;0.0;3.857142857142857;0.1431623931623932;1.6351991088833195;0.25;2.0833333333333335;-0.565252590673575;1.6248544819557624;1.3802898888177424;-0.6666666666666666;1.2398538961038963;-0.8888888888888888;-0.3333333333333333;-2.9727732399844427;2.4134453781512604;-1.7857142857142858;-0.6666666666666666;-2.4802153432032306;2.033163265306122;-1.7142857142857142;-0.25;1.5;-1.0909090909090908;4.142857142857143;-1.7324989393296562;3.6238415409776485;-2.9166666666666665;3.125;-2.072916666666667;3.0982556855818064;-2.909090909090909;-0.4518950437317779;-0.4565217391304348;-2.1923076923076925;1.6959005376344092;1.3148148148148149;4.7;4.625;2.8113728376886273;1.8181818181818181;0.2;0.2727272727272727;1.0485390002414876;-0.16666666666666666;-0.375;0.2;-0.5587476979742172;5.222222222222222;3.005615419638792;-1.0;-2.0;1.676595744680851;1.4;-0.5666666666666668
0.7058823529411765;-0.7142857142857143;0.6709677419354839;0.7058823529411765;0.9397123893805309;-0.6666666666666666;-2.6344086021505375;0.9411764705882353;-3.27027027027027;2.5;0.7875816993464048;1.404;-0.1267605633802817;0.5625;0.49572649572649574;-2.3971915747241725;3;0.6750788643533123;0.3916786226685798;0.590966122961104;1.232258064516129;1.2352941176470589;0.34;0.8846153846153846;-0.02;1.7037037037037037;-0.42857142857142855;-0.5;-0.25;-0.4;-0.3;0.4393939393939394;0.6875;-0.5;0.0;-1.8;-5.75;0.5;4.125;-1.7777777777777777;1.1111111111111112;-3.8181818181818183;0.0;-0.2255489021956088;2.5260608409223018;0.536270050275317;0.805177854833054;3.2906388361796335;0.45652173913043476;1.0185185185185186;3.2686650530627444;0.2553191489361702;1.6724092234296313;0.7307692307692307;-0.7221666666666667;-0.5358530554574356;-0.3333333333333333;-0.75;0.8768982229402262;3.887758945386064;-0.3333333333333333;3.857142857142857;0.06677350427350427;1.6889445836814259;0.0;2.0833333333333335;-0.6410297927461139;0.36156383391540553;1.4077070842307469;-0.38883333333333336;0.22483766233766228;-0.3333333333333333;-0.3333333333333333;-2.472578763127188;2.4879551820728287;-1.7857142857142858;-0.6666666666666666;-2.5956931359353974;1.943367346938775;-1.7142857142857142;-0.25;2.0;-1.0909090909090908;4.142857142857143;0.1160373355960967;3.0995820461566415;-2.0833333333333335;3.125;-1.807043650793651;3.3539412673879445;-2.909090909090909;0.06705539358600622;0.17391304347826084;0.5576923076923077;1.1340725806451615;-0.25925925925925936;-1.5;-3.9375;3.0437062937062938;3.0;-0.4;-0.2727272727272727;-0.58705626660227;-0.16666666666666666;-0.625;-0.4;-0.5587476979742172;-1.6666666666666667;3.1728638640157834;-0.3333333333333333;0.3333333333333333;1.3024549918166939;-0.6;-0.5333333333333333
0.7647058823529411;0.0;0.7225806451612903;0.7647058823529411;1.040929203539823;0.0;-2.752688172043011;0.35294117647058826;-3.5675675675675675;-1.375;0.8562091503267972;1.433;-0.014084507042253532;0.5703125;0.47863247863247865;-2.4052156469408223;3;0.6750788643533123;0.42754662840746055;0.6449184441656212;1.3548387096774193;1.0;1.34;0.40384615384615385;0.22;1.1111111111111112;-0.7142857142857143;-0.375;-0.5;3.1;-0.7;0.75;0.7395833333333334;-0.6666666666666666;-0.5;0.0;-7.25;0.5;2.5;3.6666666666666665;-1.8888888888888888;-2.909090909090909;-2.375;0.728542914171657;2.170315830265453;0.7238049636900487;0.8571317255620057;2.583965844402277;0.6304347826086957;1.0185185185185186;2.2649413517035932;0.6170212765957447;1.5612244897959182;0.7307692307692307;-0.5;0.0;-0.3333333333333333;-0.375;0.11534733441033931;1.2519774011299436;-0.3333333333333333;1.0;0.10487891737891746;1.6661097187412979;0.0;2.0833333333333335;-0.3746761658031088;-0.13795110593713608;1.3915245357704171;-0.38883333333333336;0.22483766233766228;-0.3333333333333333;-0.3333333333333333;-1.694671334111241;2.086834733893557;-1.5714285714285714;-0.6666666666666666;-2.6339165545087484;1.9043367346938775;-1.7142857142857142;-0.5;2.277833333333333;-0.6363636363636364;4.142857142857143;0.7221043699618159;2.4275849536616385;-0.8333333333333334;3.125;-1.753968253968254;3.3395893133141974;-2.909090909090909;1.7930029154518952;0.8043478260869564;0.5576923076923077;0.11760752688172048;0.814814814814815;-3.3;-1.1875;3.217519322782481;-4.2727272727272725;1.0;0.6363636363636364;-0.15720840376720605;0.5;0.0;1.0;0.0;-3.6666666666666665;2.494612232508726;1.3333333333333333;0.8333333333333334;0.37839607201309317;0.8;-0.5333333333333333
0.8235294117647058;-0.42857142857142855;0.7548387096774194;0.8235294117647058;1.1438053097345133;0.0;-2.838709677419355;0.45098039215686275;-3.7567567567567566;-0.875;0.9215686274509796;1.459;0.07042253521126766;0.578125;0.47863247863247865;-2.4102306920762286;3;0.766561514195584;0.443328550932568;0.6511919698870764;1.356989247311828;0.4117647058823529;1.1;1.3653846153846154;0.56;1.7777777777777777;0.0;-0.625;-0.375;0.6;-0.4;0.8712121212121212;0.8229166666666666;0.0;-0.6666666666666666;-0.6;-6.5;-2.5;-1.375;2.2222222222222223;3.5555555555555554;-1.5454545454545454;-0.5;0.728542914171657;1.5252857973260996;0.8554784135344344;0.6168815989402735;1.704775458570525;0.6304347826086957;0.7962962962962963;1.7484639731893503;0.7446808510638298;1.5718261330506225;0.7307692307692307;-0.5;0.0;-0.3333333333333333;-0.375;-0.13844911147011296;1.0097928436911485;-0.3333333333333333;1.0;0.06677350427350427;1.6889445836814259;0.0;2.0833333333333335;-0.23364637305699476;-0.5517074117190531;1.3318586646486987;-0.16666666666666666;0.4537337662337662;-0.3333333333333333;0.0;-0.972384286269934;1.3708683473389356;-1.2142857142857142;-0.3333333333333333;-2.537819650067295;1.9772959183673469;-1.7142857142857142;-0.5;0.05566666666666667;-0.6363636363636364;2.2857142857142856;0.9949087823504454;2.194439396692713;-0.8333333333333334;3.125;-1.8955853174603177;3.313093398101126;-2.909090909090909;1.658892128279884;0.17391304347826084;-0.5576923076923077;-0.29435483870967744;0.814814814814815;0.2;2.125;0.9663231505336767;-2.727272727272727;-0.6;-0.7272727272727273;0.047331562424535074;0.3333333333333333;-0.375;-0.6;0.0;0.2222222222222222;1.6507816057064806;0.3333333333333333;-0.5;0.021931260229132478;1.2;-0.5916666666666668
0.8823529411764706;0.14285714285714285;0.8129032258064516;0.8823529411764705;1.2527654867256637;0.0;-2.978494623655914;0.6078431372549019;-3.72972972972973;0.0;0.9967320261437905;1.479;0.028169014084507064;0.578125;0.5042735042735043;-2.41925777331996;3;0.848580441640379;0.4332855093256815;0.6398996235884568;1.2344086021505378;0.5098039215686274;0.5;1.1346153846153846;1.0;1.9259259259259258;-0.42857142857142855;0.0;-0.625;1.1;-0.8;1.0303030303030303;0.8645833333333334;0.16666666666666666;0.0;-0.8;-5.25;-8.5;-0.875;-1.2222222222222223;2.111111111111111;0.2727272727272727;-0.375;0.23020625415835008;0.767099399341213;0.8691245710637617;0.5064869287411852;0.20003162555344728;0.6304347826086957;0.48148148148148145;1.7192329175200152;0.7446808510638298;1.6277498012191887;0.7307692307692307;-0.16666666666666666;-0.15365595196043802;0.0;-0.25;-0.415508885298869;-0.5156308851224106;-0.3333333333333333;-0.7142857142857143;0.13034188034188024;1.6499582289055976;0.0;2.0833333333333335;-0.1465349740932643;-0.4393674815677142;1.220792828453344;0.16666666666666666;-0.2142857142857143;0.1111111111111111;0.3333333333333333;-0.3611435239206535;0.35294117647058826;-0.42857142857142855;0.0;-2.1919246298788697;2.028826530612245;-1.7142857142857142;-0.25;-1.0555;-0.6363636363636364;-0.5714285714285714;0.8737802291047941;2.2120661457386874;-0.8333333333333334;3.125;-1.9310515873015874;3.299183042614264;-2.909090909090909;1.3702623906705547;0.17391304347826084;-0.0;-0.29435483870967744;0.2777777777777778;0.5;0.125;1.2998711814501287;0.7272727272727273;0.8;0.6363636363636364;0.047331562424535074;0.16666666666666666;0.125;0.8;-0.16022099447513813;0.5555555555555556;0.20655638184853553;0.3333333333333333;0.0;-0.235024549918167;0.6;-0.645833333333333
0.9411764705882353;0.8571428571428571;0.9032258064516129;0.9411764705882352;1.364491150442478;0.0;-3.139784946236559;0.6470588235294118;-3.7027027027027026;0.125;1.068627450980392;1.498;-0.014084507042253532;0.578125;0.5213675213675214;-2.4332998996990973;3;0.9116719242902215;0.4318507890961261;0.670012547051443;1.5419354838709678;0.6666666666666666;0.6;0.5576923076923077;1.18;1.5185185185185186;0.14285714285714285;-0.375;0.0;-0.4;-0.4;1.0757575757575757;0.9479166666666666;0.3333333333333333;0.16666666666666666;0.0;-2.5;-3.0;0.0;-0.7777777777777778;-1.3333333333333333;0.9090909090909091;-2.125;-0.21091151031270777;0.3313311373764776;0.9165270130077408;0.603888261191413;0.0;0.7391304347826086;0.5185185185185185;1.7119716998696703;0.7446808510638298;1.6160879936390136;0.7307692307692307;0.16666666666666666;0.7036382903567645;0.0;0.375;-0.23085621970920828;0.11224105461393598;-0.3333333333333333;0.0;0.20673076923076916;1.6555277081592874;0.0;2.0833333333333335;0.5812823834196891;-0.11689949553744648;1.1064671983235344;0.16666666666666666;-0.2142857142857143;0.1111111111111111;0.3333333333333333;-0.11104628549202646;-0.11092436974789913;-0.07142857142857142;0.0;-2.095558546433378;2.0755102040816324;-1.7142857142857142;-0.25;-0.38883333333333336;-0.2727272727272727;-0.42857142857142855;0.5706406448875689;2.1704524804652006;-0.8333333333333334;3.125;-1.7008928571428572;3.3144181938617794;-2.909090909090909;1.349854227405248;-0.4347826086956522;-0.5384615384615384;-0.313508064516129;-0.24074074074074056;-0.1;-0.4375;-0.368052999631947;0.45454545454545453;1.0;0.09090909090909091;0.047331562424535074;1.5;0.75;1.0;0.7337016574585636;-0.1111111111111111;0.014569737441189874;-0.6666666666666666;-0.5;-0.235024549918167;0.0;-0.683333333333333
1.0;-1.0;0.9096774193548387;0.9999999999999998;1.4740044247787611;0.0;-3.204301075268817;0.6078431372549019;-3.7837837837837838;-0.25;1.1405228758169932;1.518;-0.0422535211267605;0.5703125;0.5384615384615384;-2.4343029087261785;3;0.9716088328075713;0.47776183644189374;0.7013801756587201;1.8494623655913978;0.7058823529411765;0.76;0.6538461538461539;0.68;1.8148148148148149;0.8571428571428571;0.125;-0.375;-0.6;-0.6;1.106060606060606;1.0104166666666667;0.0;0.3333333333333333;0.2;-0.25;0.0;0.125;0.0;-0.8888888888888888;-1.5454545454545454;-1.5;-0.21091151031270777;0.3340437899631855;1.0211475540659165;0.6558421319203647;-0.6541745730550285;0.9130434782608695;0.5185185185185185;1.1858126978216346;0.9148936170212766;1.6160879936390136;0.7307692307692307;-0.05550000000000003;1.4270575768279763;-0.6666666666666666;0.375;-0.2999999999999999;0.304331450094162;-1.0;0.0;0.1431623931623932;1.7298802561960458;-0.5;2.0833333333333335;0.062499999999999875;-0.04443150950717874;0.8867803713836659;0.11116666666666668;-0.15137987012987014;0.1111111111111111;0.3333333333333333;-0.11104628549202646;-0.11092436974789913;-0.07142857142857142;0.0;-2.114939434724092;2.061224489795918;-1.7142857142857142;-0.25;-0.111;0.18181818181818182;-0.42857142857142855;0.9949087823504454;1.8440850445211703;-0.4166666666666667;3.125;-1.6121031746031746;3.3217045705453745;-2.909090909090909;1.6268221574344026;0.17391304347826084;0.5384615384615384;-0.313508064516129;-0.24074074074074056;-0.5;-0.3125;-0.1809900625690099;-0.45454545454545453;-2.6;-1.6363636363636365;1.4375754648635595;-1.3333333333333333;-0.875;-2.6;1.4880294659300186;-0.5555555555555556;-0.6132948854150856;0.0;0.3333333333333333;-0.30180032733224227;-0.2;-0.7166666666666665
1.0588235294117647;-1.1428571428571428;0.9096774193548387;1.0588235294117645;1.5956858407079646;0.0;-3.4408602150537635;3.5098039215686274;0.16216216216216217;18.25;1.2124183006535945;1.444;-1.3943661971830985;0.5625;1.017094017094017;-2.4343029087261785;3;1.0347003154574137;0.4548063127690099;0.7703889585947301;1.9720430107526883;0.6666666666666666;0.8;0.8076923076923077;1.68;1.037037037037037;-1.0;0.75;0.125;-0.5;-0.5;1.143939393939394;1.0833333333333333;0.0;0.0;0.4;-1.0;0.0;-0.25;0.1111111111111111;-0.1111111111111111;2.909090909090909;-4.375;0.21357285429141734;0.19860492152683598;1.1230548240363898;1.6168621186737833;12.584440227703986;0.9130434782608695;3.2222222222222223;9.067398994600634;0.9148936170212766;4.679432812085873;0.7307692307692307;-0.5555;1.8696573648887316;-0.8333333333333334;0.375;-0.415508885298869;0.5461393596986815;-1.3333333333333333;0.0;0.05413105413105418;1.8251183514341411;-0.75;2.0833333333333335;-1.201910621761658;-0.12660069848661215;0.5511380173467605;0.055499999999999994;-0.38595779220779225;0.1111111111111111;0.0;0.0;-0.17647058823529407;-0.07142857142857142;0.0;-2.114939434724092;2.061224489795918;-1.7142857142857142;-0.25;8.0;0.18181818181818182;20.285714285714285;4.419389053882052;9.145011811739051;-0.4166666666666667;17.25;1.505704365079365;8.660631485979247;-2.909090909090909;-1.702623906705539;0.1521739130434783;-0.019230769230769232;-0.3229166666666667;0.25925925925925936;14.5;9.3125;7.220371733529628;12.818181818181818;-0.2;1.0909090909090908;1.2079207920792077;-2.3333333333333335;-1.0;-0.2;1.9495395948434617;16.11111111111111;12.092882076187585;0.3333333333333333;0.16666666666666666;-0.30180032733224227;0.4;-0.7541666666666664
-0.9411764705882353;1.8571428571428572;-0.8580645161290322;-0.9411764705882354;-0.5077433628318584;0.0;0.34408602150537637;-0.9019607843137255;-0.1891891891891892;1.0;-2.9673202614379086;0.318;0.76056338028169;-2.609375;-2.9743589743589745;0.14744232698094284;4;-2.7507886435331232;-1.1032998565279768;-0.48055207026348795;-0.22580645161290322;-0.8431372549019608;-0.78;-0.6730769230769231;-0.44;-0.07407407407407407;1.8571428571428572;1.625;1.625;1.1;0.9;-0.6287878787878788;-0.3229166666666667;0.16666666666666666;0.16666666666666666;0.2;0.0;0.0;1.0;0.8888888888888888;0.7777777777777778;0.6363636363636364;0.375;-1.1111111111111114;-1.7763999224956404;-1.4081876945175964;-0.8571317255620057;0.16951296647691336;-0.7608695652173914;-0.9444444444444444;-0.33047849562465076;-0.44680851063829785;-0.7906175457195864;-0.07692307692307693;2.1111666666666666;0.10985517484987635;2.6666666666666665;1.25;2.053957996768982;-0.2557438794726931;5.666666666666667;1.0;2.0254629629629632;-0.36563631300473415;4.5;0.4166666666666667;1.5670336787564767;0.10283275126115661;-0.6227952732987948;0.16666666666666666;1.3887987012987013;0.2222222222222222;0.0;0.1944768572539868;0.6736694677871149;0.2857142857142857;-0.3333333333333333;0.21157469717362049;0.5051020408163265;0.35714285714285715;-0.5;1.2778333333333334;1.0909090909090908;0.5714285714285714;1.6616461603733559;0.5139015082682172;1.1666666666666667;0.0;1.8777281746031744;0.7206888937955397;1.5454545454545454;-1.7230320699708452;-1.6304347826086958;0.4807692307692307;-0.26276881720430106;-2.3333333333333335;-1.2;0.8125;0.2667464114832535;-0.8181818181818182;0.8;-1.0909090909090908;1.0437092489736777;-0.6666666666666666;2.125;-1.6;1.156537753222836;0.2222222222222222;-0.251935043253908;-2.3333333333333335;0.5;-0.10769230769230774;-2.0;9.604166666666668
-0.8823529411764706;2.4285714285714284;-0.6967741935483871;-0.8823529411764707;-0.49557522123893805;-1.0;0.26881720430107525;-1.0784313725490196;-0.2972972972972973;-0.5;-2.222222222222222;0.479;-0.1830985915492958;-2.609375;-2.9743589743589745;0.12236710130391174;4;-2.7507886435331232;-1.1032998565279768;-0.48055207026348795;-0.22580645161290322;-0.8431372549019608;-0.78;-0.6730769230769231;-0.44;-0.07407407407407407;1.8571428571428572;1.625;1.625;1.1;0.9;-0.6287878787878788;-0.3229166666666667;0.16666666666666666;0.16666666666666666;0.2;0.0;0.0;1.0;0.8888888888888888;0.7777777777777778;0.6363636363636364;0.375;-1.1111111111111114;-1.7763999224956404;-1.4081876945175964;-0.9447929247672108;0.16951296647691336;-0.9565217391304348;-0.9444444444444444;-0.33047849562465076;-0.6382978723404256;-0.7906175457195864;-0.4230769230769231;2.4445;0.10985517484987635;2.6666666666666665;1.75;2.3770597738287558;-0.2557438794726931;5.666666666666667;1.5714285714285714;2.381588319088319;-0.36563631300473415;4.5;0.75;1.5670336787564767;0.10283275126115661;-0.6227952732987948;-0.4166666666666667;1.3887987012987013;-0.5555555555555556;0.0;-0.486192143134967;0.6736694677871149;-0.21428571428571427;-0.3333333333333333;-0.7305518169582773;0.5051020408163265;-0.14285714285714285;-0.5;0.2778333333333333;0.0;0.5714285714285714;0.3888417479847263;0.5139015082682172;0.16666666666666666;0.0;0.3896329365079365;0.7206888937955397;0.45454545454545453;-0.6763848396501457;-1.6304347826086958;0.4807692307692307;-0.26276881720430106;-2.3333333333333335;-1.2;0.8125;0.2667464114832535;-0.8181818181818182;0.8;-1.0909090909090908;1.0437092489736777;-0.6666666666666666;2.125;-1.6;1.156537753222836;0.2222222222222222;-0.251935043253908;-2.3333333333333335;0.5;-0.10769230769230774;-2.0;9.604166666666668
-0.8235294117647058;1.2857142857142858;-0.5870967741935483;-0.8235294117647061;-0.4811946902654867;-1.3333333333333333;0.15053763440860216;-0.9803921568627451;-0.3783783783783784;-0.25;-1.69281045751634;0.554;-1.408450704225352;-2.609375;-2.9743589743589745;0.10531594784353059;4;-2.242902208201893;-1.1032998565279768;-0.48055207026348795;-0.22580645161290322;-1.0196078431372548;-0.78;-0.6730769230769231;-0.44;-0.07407407407407407;2.4285714285714284;1.625;1.625;1.1;0.9;-0.6287878787878788;-0.3229166666666667;-1.0;0.16666666666666666;0.2;0.0;0.0;-0.5;0.8888888888888888;0.7777777777777778;0.6363636363636364;0.375;-1.2192282102461744;-1.8393722146870763;-1.4341233740323995;-0.9415397202633731;-0.12381404174573048;-0.9565217391304348;-0.9444444444444444;-0.6758517966859056;-0.6382978723404256;-1.0364431486880465;-0.4230769230769231;2.1111666666666666;0.5238431649593783;2.0;1.75;2.053957996768982;0.18568738229755172;4.333333333333333;1.5714285714285714;2.0254629629629632;-0.039264828738512954;3.5;0.75;2.1254857512953365;0.43742724097788127;-0.4220268932999592;-0.8333333333333334;1.6396103896103893;-1.0;0.0;-0.972384286269934;0.8467787114845937;-0.5;-0.3333333333333333;-1.40349932705249;0.6627551020408162;-0.42857142857142855;-0.5;0.05566666666666667;0.0;0.5714285714285714;0.10606703436571913;0.14028711611848088;0.16666666666666666;0.0;0.05902777777777779;0.2667255464782513;0.45454545454545453;-1.6122448979591837;-1.0869565217391306;0.4807692307692307;-0.26276881720430106;-2.3333333333333335;0.2;0.8125;0.2667464114832535;-0.8181818181818182;-1.6;-1.0909090909090908;1.0437092489736777;-0.6666666666666666;1.125;-1.6;1.156537753222836;0.2222222222222222;-0.251935043253908;-1.3333333333333333;0.5;-0.10769230769230774;-2.0;5.200000000000001
-0.7647058823529411;0.5714285714285714;-0.5096774193548387;-0.7647058823529412;-0.4646017699115044;-1.3333333333333333;0.043010752688172046;-1.0980392156862746;-0.6756756756756757;-1.5;-1.3169934640522878;0.691;-1.0985915492957747;-2.609375;-2.9743589743589745;0.09327983951855567;4;-2.006309148264984;-1.1032998565279768;-0.48055207026348795;-0.22580645161290322;-0.9215686274509803;-0.96;-0.6730769230769231;-0.44;-0.07407407407407407;1.2857142857142858;2.125;1.625;1.1;0.9;-0.6287878787878788;-0.3229166666666667;-1.6666666666666667;-1.0;0.2;0.0;0.0;-0.25;-0.4444444444444444;0.7777777777777778;0.6363636363636364;0.375;-0.7198935462408517;-1.6467738810308081;-1.354800095762509;-1.006486928741185;-0.3284313725490196;-0.9782608695652174;-1.0185185185185186;-0.6503444423757213;-0.6595744680851063;-1.0182878346143651;-0.46153846153846156;1.6111666666666666;1.4270575768279763;1.1666666666666667;1.75;1.6904684975767366;0.7732580037664781;2.6666666666666665;1.5714285714285714;1.6248219373219375;0.3951545530492898;2.25;0.75;1.0641191709844557;0.6593907644547925;-0.28884102683508933;-1.3888333333333334;0.22483766233766228;-1.0;-2.3333333333333335;-1.1668611435239207;0.6784313725490194;-0.5;-0.3333333333333333;-1.6726783310901752;0.509438775510204;-0.42857142857142855;-0.5;-1.0555;-0.7272727272727273;-0.8571428571428571;-0.5657615613067458;0.46683627112484116;-0.5;0.0;-0.726438492063492;0.6635018767939944;-0.2727272727272727;0.8425655976676389;0.021739130434782532;0.9807692307692306;0.4445564516129034;-0.925925925925926;-0.9;-0.75;0.03413691571586312;-0.5454545454545454;-1.0;0.2727272727272727;0.5027771069789906;-2.1666666666666665;0.5;-1.0;1.4880294659300186;-1.0;-0.3006526028228866;0.3333333333333333;0.8333333333333334;0.5207855973813421;-0.4;4.020833333333333
-0.7058823529411765;0.42857142857142855;-0.43870967741935485;-0.7058823529411765;-0.4452433628318584;-1.6666666666666667;-0.0967741935483871;-0.9607843137254902;-0.8918918918918919;-1.0;-1.0294117647058825;0.773;-1.1830985915492955;-2.609375;-2.9743589743589745;0.08224674022066199;4;-1.5741324921135649;-1.1032998565279768;-0.48055207026348795;-0.22580645161290322;-1.0392156862745099;-0.86;-0.8461538461538461;-0.44;-0.07407407407407407;0.5714285714285714;1.125;2.125;1.1;0.9;-0.6287878787878788;-0.3229166666666667;-1.5;-1.6666666666666667;-1.2;0.0;0.0;-1.5;-0.2222222222222222;-0.5555555555555556;0.6363636363636364;0.375;-0.4108449767132401;-1.477620616159659;-1.2851328704812068;-0.967526395761094;-0.23814041745730546;-0.9782608695652174;-1.0;-0.7320796872090857;-0.6595744680851063;-1.076464351974556;-0.46153846153846156;0.8333333333333334;0.24655598728364533;1.0;0.75;1.4400646203554117;0.9137476459510356;2.3333333333333335;1.5714285714285714;1.3488247863247862;0.49902534113060426;2.0;0.75;0.5673575129533678;0.8663174233604967;-0.16467780429594273;-1.6111666666666666;-0.38595779220779225;-1.0;-3.3333333333333335;-1.32244262932711;0.5918767507002802;-0.5;-0.3333333333333333;-1.8880215343203228;0.43061224489795924;-0.42857142857142855;-0.5;-1.2776666666666667;-0.7272727272727273;-0.8571428571428571;-0.7991090369113278;0.3416318371797201;-0.5;0.0;-0.9992559523809523;0.5113711636122764;-0.2727272727272727;-0.5743440233236148;-0.5434782608695653;-0.5;0.0;-0.462962962962963;0.4;0.75;0.0;-0.36363636363636365;-0.2;0.36363636363636365;-0.15720840376720605;-1.0;0.375;-0.2;0.2570902394106814;0.4444444444444444;-0.21399301866747603;-0.3333333333333333;-0.3333333333333333;0.021931260229132478;0.2;2.5291666666666672
-0.6470588235294118;0.5714285714285714;-0.36129032258064514;-0.6470588235294118;-0.42367256637168144;-2.0;-0.26881720430107525;-0.9607843137254902;-1.1891891891891893;-1.375;-0.8169934640522878;0.831;-1.2816901408450703;-2.609375;-2.9743589743589745;0.07021063189568706;4;-1.3154574132492114;-1.1032998565279768;-0.48055207026348795;-0.22580645161290322;-0.9019607843137255;-0.98;-0.75;-0.44;-0.07407407407407407;0.42857142857142855;0.5;1.125;1.1;0.9;-0.6287878787878788;-0.3229166666666667;-1.6666666666666667;-1.5;-2.0;0.0;0.0;-1.0;-1.3333333333333333;-0.3333333333333333;0.6363636363636364;0.375;-1.2192282102461744;-1.4413873280372023;-1.270209879498843;-0.9610199867534187;-0.19781783681214413;-0.9782608695652174;-1.0;-0.7950102401787376;-0.6595744680851063;-1.1212562947256823;-0.46153846153846156;0.5556666666666666;-0.6852702225362063;1.0;0.125;1.2999999999999998;0.8316384180790959;2.3333333333333335;1.5714285714285714;1.1944444444444442;0.43831801726538566;2.0;0.75;0.5673575129533678;1.1079743888242144;-0.01967518481867381;-1.8333333333333333;0.4537337662337662;-1.4444444444444444;-3.3333333333333335;-1.5558148580318945;0.715406162464986;-0.7857142857142857;-0.3333333333333333;-2.2110363391655454;0.5431122448979592;-0.7142857142857143;-0.5;-1.7776666666666667;-0.7272727272727273;-1.7142857142857142;-1.0606703436571912;0.3143739778302743;-0.5;0.0;-1.305059523809524;0.47825126959593717;-0.2727272727272727;-0.5743440233236148;-1.0869565217391306;-0.4807692307692307;0.0;-1.4074074074074074;-0.3;-0.5;-0.045454545454545435;0.18181818181818182;0.2;0.18181818181818182;-0.2675682202366578;0.0;0.5;0.2;-0.714548802946593;-0.3333333333333333;-0.1752921535893154;-1.3333333333333333;-0.5;0.021931260229132478;-0.8;1.891666666666667
-0.5882352941176471;0.42857142857142855;-0.2903225806451613;-0.6787330316742082;-0.40154867256637167;-1.0;-0.3225806451612903;-0.8431372549019608;-1.3513513513513513;-1.0;-0.6535947712418305;0.921;-0.7183098591549295;-0.5;-0.8547008547008547;0.05917753259779338;4;-1.1324921135646688;-1.1032998565279768;-0.48055207026348795;-0.22580645161290322;-0.9019607843137255;-0.84;-0.8653846153846154;-0.44;-0.07407407407407407;0.5714285714285714;0.375;0.5;1.1;0.9;-0.6287878787878788;-0.3229166666666667;-2.3333333333333335;-1.6666666666666667;-1.8;0.0;0.0;-1.375;-0.8888888888888888;-1.4444444444444444;0.6363636363636364;0.375;0.720891550232868;-0.7680682038364658;-0.9928976139174847;-0.8766119920520512;-0.2890575585072739;-0.8260869565217391;-0.8888888888888888;-0.6574194749581083;-0.6595744680851063;-1.0233236151603498;-0.46153846153846156;0.5;-0.6852702225362063;1.0;0.125;1.176898222940226;0.7856873822975516;2.3333333333333335;1.5714285714285714;1.0587606837606838;0.40434419381787806;2.0;0.75;0.5673575129533678;1.3523476911136982;0.12695733162582226;-1.7221666666666666;0.8051948051948052;-1.4444444444444444;-2.6666666666666665;-1.5280046674445742;0.5952380952380952;-0.7857142857142857;-0.3333333333333333;-2.1725437415881563;0.43367346938775503;-0.7142857142857143;-0.5;-1.5555;-0.6363636363636364;-1.7142857142857142;-1.1567670767925327;0.21660912229692897;-0.5;0.0;-1.4174107142857142;0.3594612497240009;-0.2727272727272727;0.06413994169096215;1.6521739130434783;2.423076923076923;1.3847446236559144;0.462962962962963;0.3;0.3125;-0.2957305852042694;0.09090909090909091;-0.2;-0.18181818181818182;-0.72639459067858;-0.0;0.375;-0.2;-0.714548802946593;0.3333333333333333;-0.2628623463348004;2.3333333333333335;1.8333333333333333;1.0592471358428803;0.8;1.5125000000000004
-0.5294117647058824;0.5714285714285714;-0.2129032258064516;-0.5294117647058825;-0.37389380530973454;-1.0;-0.45161290322580644;-0.8235294117647058;-1.7027027027027026;-1.375;-0.5261437908496732;0.995;-0.22535211267605623;-0.515625;-0.9743589743589743;0.04714142427281846;4;-0.8485804416403784;-1.1032998565279768;-0.48055207026348795;-0.22580645161290322;-0.7843137254901961;-0.84;-0.7307692307692307;-0.44;-0.07407407407407407;0.42857142857142855;0.5;0.375;1.1;0.9;-0.6287878787878788;-0.3229166666666667;-1.1666666666666667;-2.3333333333333335;-2.0;0.0;0.0;-1.0;-1.2222222222222223;-1.0;0.6363636363636364;0.375;0.9930139720558886;-0.3603952722340631;-0.8538823717181391;-0.8311645303307749;-0.23814041745730546;-0.8260869565217391;-0.8703703703703703;-0.5218767454850118;-0.6595744680851063;-0.9628942486085342;-0.46153846153846156;0.5556666666666666;-0.6852702225362063;1.0;0.125;0.9693053311793214;0.6207156308851224;2.3333333333333335;1.5714285714285714;0.9793447293447294;0.33110554163185746;2.0;0.75;0.5673575129533678;0.9379123011253399;0.2885499738052275;-1.5;1.1489448051948052;-1.4444444444444444;-2.3333333333333335;-1.722481524698561;0.08655462184873954;-0.7857142857142857;-2.6666666666666665;-2.1100942126514135;0.3579081632653061;-0.7142857142857143;-0.5;-1.7221666666666666;-0.6363636363636364;-1.7142857142857142;-1.7324989393296562;-0.3399963656187534;-0.5;-1.25;-1.5944940476190477;0.3166261867962023;-0.2727272727272727;0.18658892128279903;-0.5434782608695653;-1.942307692307692;1.3847446236559144;0.925925925925926;-0.2;-0.375;-0.34827015090172986;0.18181818181818182;0.2;0.18181818181818182;-0.72639459067858;0.0;0.5;0.2;-0.714548802946593;-0.2222222222222222;-0.21399301866747603;0.3333333333333333;-1.0;1.0009819967266775;1.8;1.0250000000000006
-0.47058823529411764;-0.14285714285714285;-0.16774193548387098;-0.47058823529411775;-0.34513274336283184;-1.3333333333333333;-0.5483870967741935;-0.6862745098039216;-1.9189189189189189;-1.0;-0.42483660130718987;1.041;-0.014084507042253532;-0.46875;-0.9829059829059829;0.04012036108324975;4;-0.6151419558359621;-0.8723098995695838;-0.48055207026348795;-0.22580645161290322;-0.7647058823529411;-0.72;-0.7307692307692307;-0.62;-0.07407407407407407;0.5714285714285714;0.375;0.5;1.5;0.9;-0.4393939393939394;-0.3229166666666667;-1.0;-1.1666666666666667;-2.8;-1.75;0.0;-1.375;-0.8888888888888888;-1.3333333333333333;-0.45454545454545453;0.375;-0.4108449767132401;-0.09494284053478012;-0.7158247546085708;-0.7402501266217322;-0.14753320683111953;-0.6956521739130435;-0.7407407407407407;-0.24483336436417788;-0.6595744680851063;-0.7605353829843624;-0.46153846153846156;0.2778333333333333;0.045566937477922995;0.3333333333333333;0.125;0.5537964458804524;-0.2180790960451978;1.0;0.42857142857142855;0.818554131054131;0.4269005847953218;1.0;0.75;0.2605246113989637;0.7116802483507957;0.4119564584667327;-1.2221666666666666;0.0;-0.8888888888888888;-2.3333333333333335;-1.8059120964605213;0.005042016806722755;-0.7857142857142857;-2.6666666666666665;-2.1512786002691793;0.29234693877551005;-0.7142857142857143;-0.5;-1.5555;-0.6363636363636364;-1.7142857142857142;-1.8536274925753073;-0.417590405233509;-0.5;-1.25;-1.6495535714285716;0.22963126517995144;-0.2727272727272727;-0.25947521865889206;0.021739130434782532;0.5;0.9052419354838711;-0.462962962962963;0.4;0.3125;-0.34827015090172986;0.2727272727272727;-1.0;-0.5454545454545454;-0.2675682202366578;-0.6666666666666666;-0.125;-1.0;0.047513812154696126;0.4444444444444444;-0.12702989831537406;-1.0;-0.6666666666666666;0.8454991816693944;-0.2;0.6874999999999997
-0.4117647058823529;0.0;-0.11612903225806452;-0.41176470588235303;-0.31194690265486724;-2.0;-0.7634408602150538;-0.6078431372549019;-2.135135135135135;-1.0;-0.32679738562091526;1.048;-0.3380281690140845;-0.4140625;-0.8888888888888888;0.0320962888665998;4;-0.47003154574132505;-0.764705882352941;-0.48055207026348795;-0.22580645161290322;-0.6274509803921569;-0.7;-0.6153846153846154;-0.52;-0.07407407407407407;-0.14285714285714285;0.5;0.375;0.7;0.9;-0.3106060606060606;-0.3229166666666667;-1.5;-1.0;-1.4;-2.75;0.0;-1.0;-1.2222222222222223;-1.0;-0.2727272727272727;0.375;-0.8509647371922823;-0.2714590195698508;-0.6780783656531802;-0.6623290606615498;0.04364326375711572;-0.6739130434782609;-0.6666666666666666;0.09290634891081745;-0.6595744680851063;-0.5661277498012192;-0.46153846153846156;0.11116666666666664;0.045566937477922995;0.3333333333333333;0.125;0.34620355411954773;-0.5412429378531074;1.0;-0.2857142857142857;0.7077991452991452;0.43414090782511844;1.0;0.75;-0.07998704663212432;0.5663562281722935;0.5248268234472321;-1.6666666666666667;1.2398538961038963;-1.5555555555555556;-2.3333333333333335;-1.944768572539868;0.23025210084033612;-0.8571428571428571;-2.6666666666666665;-2.345625841184388;0.39107142857142857;-0.7857142857142857;-0.5;-1.5555;-0.6363636363636364;-1.7142857142857142;-2.0356385235468815;-0.69852807559513;-0.5;-2.0;-1.693700396825397;0.15632589975712083;-0.2727272727272727;-0.8658892128279883;-1.6304347826086958;-1.4615384615384615;0.4411962365591399;-1.388888888888889;0.1;-0.25;-0.368052999631947;0.5454545454545454;0.2;0.5454545454545454;-0.16879980680994935;-0.6666666666666666;0.0;0.2;0.047513812154696126;0.1111111111111111;0.0564577325846107;-2.0;-0.5;0.34762684124386245;-1.6;0.5041666666666667
-0.35294117647058826;0.42857142857142855;-0.04516129032258064;-0.35294117647058837;-0.2771017699115044;-1.3333333333333333;-0.8709677419354839;-0.6470588235294118;-2.5405405405405403;-1.75;-0.2614379084967322;1.104;0.16901408450704228;-0.3515625;-0.9316239316239316;0.02106318956870612;4;-0.4479495268138799;-0.5681492109038737;-0.48055207026348795;-0.22580645161290322;-0.5490196078431373;-0.56;-0.5961538461538461;-0.64;-0.07407407407407407;0.0;-0.125;0.5;0.2;0.9;-0.2196969696969697;-0.3229166666666667;-2.5;-1.5;-1.2;-2.5;0.0;-1.0;-0.8888888888888888;-1.3333333333333333;-1.1818181818181819;0.375;0.5199600798403197;-0.007750435962022699;-0.5124092251216983;-0.603888261191413;-0.5205566097406704;-0.5217391304347826;-0.6666666666666666;-0.13572891454105365;-0.5106382978723404;-0.5026504108136759;-0.46153846153846156;0.05566666666666661;-0.15365595196043802;0.3333333333333333;0.0;0.32310177705977383;-0.5766478342749529;1.0;-0.2857142857142857;0.6657763532763534;0.3684210526315791;1.0;0.75;0.24919041450777196;0.47564998059759434;0.6558588974911228;-1.8333333333333333;0.7857142857142857;-1.5555555555555556;-3.3333333333333335;-1.944768572539868;0.23025210084033612;-0.8571428571428571;-2.6666666666666665;-2.3577388963660835;0.33290816326530615;-0.7857142857142857;-0.5;-1.7221666666666666;-0.9090909090909091;-1.7142857142857142;-2.0960967331353415;-0.5991277485008177;-0.6666666666666666;-2.0;-1.8650793650793651;0.18834179730624856;-0.45454545454545453;0.3644314868804665;1.6521739130434783;2.9038461538461537;1.6801075268817207;0.0;-0.5;-0.4375;-0.22239602502760394;-0.2727272727272727;0.6;0.18181818181818182;0.0;0.6666666666666666;0.375;0.6;-0.16022099447513813;-0.5555555555555556;-0.48505084231294576;2.0;2.0;1.2422258592471358;0.2;0.475
-0.29411764705882354;0.42857142857142855;0.025806451612903226;-0.2941176470588236;-0.23783185840707965;-1.6666666666666667;-1.043010752688172;-0.49019607843137253;-2.8378378378378377;-1.375;-0.19607843137254916;1.128;0.22535211267605632;-0.2890625;-0.8717948717948718;0.010030090270812437;4;-0.27129337539432136;-0.4505021520803442;-0.48055207026348795;-0.22580645161290322;-0.5882352941176471;-0.48;-0.46153846153846156;-0.5;-0.07407407407407407;0.42857142857142855;0.0;-0.125;0.1;0.9;-0.13636363636363635;-0.3229166666666667;-1.5;-2.5;-1.8;-2.75;0.0;-1.75;-0.8888888888888888;-1.0;-0.8181818181818182;0.375;0.9930139720558886;0.026739004068978865;-0.39150905753730764;-0.5389605329800912;-0.1785262492093611;-0.4782608695652174;-0.5555555555555556;0.013963880096816433;-0.5106382978723404;-0.32348263980917047;-0.46153846153846156;0.2778333333333333;-0.2772871776757329;0.5;0.0;0.32310177705977383;-0.5766478342749529;1.0;-0.2857142857142857;0.6306980056980057;0.30994152046783613;1.0;0.75;0.48575129533678757;0.42083818393480804;0.7999301472728331;-2.0;0.5974025974025974;-1.5555555555555556;-3.3333333333333335;-2.0003889537145083;0.25350140056022413;-0.8571428571428571;-2.6666666666666665;-2.435262449528937;0.3127551020408162;-0.7857142857142857;-0.5;-1.8888333333333334;-0.9090909090909091;-1.7142857142857142;-2.1871022486211285;-0.6158459022351445;-0.6666666666666666;-2.0;-1.9459325396825398;0.14992272024729528;-0.45454545454545453;-0.28571428571428537;-0.5434782608695653;-1.942307692307692;1.7278225806451617;0.925925925925926;0.5;0.5625;-0.1809900625690099;0.09090909090909091;0.0;-0.2727272727272727;-0.636319729533929;0.5;0.375;0.0;-0.28913443830570895;0.5555555555555556;-0.15677644559113665;-1.0;-1.5;1.2422258592471358;0.8;0.27500000000000024
-0.23529411764705882;0.2857142857142857;0.09032258064516129;-0.22624434389140283;-0.19469026548672566;-0.3333333333333333;-1.118279569892473;-0.3333333333333333;-3.027027027027027;-0.625;-0.14052287581699394;1.163;0.4788732394366197;-0.2265625;-0.811965811965812;0.0;4;-0.19558359621451124;-0.36728837876614057;-0.48055207026348795;-0.22580645161290322;-0.43137254901960786;-0.52;-0.38461538461538464;-0.5;-0.07407407407407407;0.42857142857142855;0.375;0.0;0.2;0.9;-0.045454545454545456;-0.3229166666666667;-2.0;-1.5;-3.0;-3.75;0.0;-1.375;-1.5555555555555556;-1.0;-1.0909090909090908;0.375;1.4873586161011316;0.3135051346638249;-0.14196791955949245;-0.4480461292710484;0.4282099936748894;-0.4782608695652174;-0.4074074074074074;0.1934462856078945;-0.3829787234042553;-0.06056188709249943;-0.46153846153846156;0.38899999999999996;-0.6852702225362063;0.8333333333333334;0.0;0.2768982229402262;-0.6331450094161958;1.0;-0.2857142857142857;0.5872507122507123;0.26900584795321647;1.0;0.75;0.40544041450777196;0.4130772215754756;0.9464462425053846;-1.2221666666666666;1.6874999999999998;-1.2222222222222223;-0.6666666666666666;-1.6392454297938548;0.5383753501400559;-0.8571428571428571;-1.0;-2.2732166890982506;0.4073979591836735;-0.7857142857142857;-0.5;-1.7221666666666666;-0.9090909090909091;-1.2857142857142858;-2.0053033517182857;-0.4959113210975831;-0.6666666666666666;-1.625;-1.8998015873015872;0.1031132700375358;-0.45454545454545453;-0.0058309037900874695;2.217391304347826;2.442307692307692;1.3975134408602152;1.4074074074074074;0.5;-0.0625;-0.11280824438719175;1.0;-0.2;-0.09090909090909091;-0.5025356194156002;-0.16666666666666666;0.25;-0.2;-0.714548802946593;0.5555555555555556;0.4255577477614206;3.6666666666666665;2.3333333333333335;1.520458265139116;1.8;0.19583333333333353
-0.17647058823529413;1.1428571428571428;0.1935483870967742;-0.17647058823529418;-0.14823008849557523;-3.0;-1.4301075268817205;-0.45098039215686275;-3.4594594594594597;-2.0;-0.06862745098039257;1.171;0.28169014084507044;-0.1640625;-0.7521367521367521;-0.0160481444332999;4;-0.0851735015772868;-0.23816355810616915;-0.48055207026348795;-0.22580645161290322;-0.27450980392156865;-0.36;-0.4230769230769231;-0.38;-0.07407407407407407;0.2857142857142857;0.375;0.375;0.1;0.9;0.03787878787878788;-0.3229166666666667;-0.16666666666666666;-2.0;-1.8;-2.0;0.0;-0.625;-1.2222222222222223;-1.6666666666666667;-0.8181818181818182;0.375;1.2105788423153696;0.09804301491958928;-0.12449126167105595;-0.3831184010597265;-0.1785262492093611;-0.30434782608695654;-0.4074074074074074;0.041891640290448964;-0.3617021276595745;0.004505698383249495;-0.46153846153846156;0.6666666666666666;0.24655598728364533;0.8333333333333334;0.625;0.39224555735056554;-0.2180790960451978;1.0;0.2857142857142857;0.6264245014245016;0.23224728487886373;1.0;0.75;0.8282059585492229;0.5804229724485837;1.135456080097794;-1.8888333333333334;3.4452110389610384;-2.2222222222222223;-0.6666666666666666;-2.028199144301828;1.0868347338935573;-1.2857142857142858;-1.0;-2.5187079407806197;0.6604591836734693;-1.2142857142857142;-0.5;-1.8333333333333333;-1.0909090909090908;-1.2857142857142858;-2.2477725922783196;-0.3410866799927313;-0.8333333333333334;-1.625;-2.0550595238095237;0.16030028703908147;-0.6363636363636364;-0.4460641399416904;-4.369565217391305;-5.826923076923077;4.256048387096775;-1.851851851851852;-0.9;-0.9375;0.09965034965034966;-0.2727272727272727;1.2;0.6363636363636364;-0.09104081139821305;0.8333333333333334;1.0;1.2;0.2570902394106814;-1.0;-0.15677644559113665;-6.666666666666667;-5.166666666666667;4.279541734860883;-1.6;0.08333333333333341
-0.11764705882352941;1.0;0.2903225806451613;-0.11764705882352952;-0.10176991150442478;-1.0;-1.5161290322580645;-0.21568627450980393;-3.675675675675676;-1.0;-0.032679738562091526;1.19;0.39436619718309857;-0.109375;-0.6581196581196581;-0.031093279839518557;4;-0.05993690851734987;-0.13199426111908172;-0.48055207026348795;-0.22580645161290322;-0.39215686274509803;-0.2;-0.2692307692307692;-0.36;-0.07407407407407407;1.1428571428571428;0.25;0.375;0.2;0.9;0.12878787878787878;-0.3229166666666667;-3.5;-0.16666666666666666;-2.4;-1.75;0.0;-2.0;-0.5555555555555556;-1.3333333333333333;-1.0909090909090908;0.375;1.8087159015302732;0.42704902150745994;0.03902322240842688;-0.29220399735068375;0.11195445920303608;-0.2608695652173913;-0.2962962962962963;0.12195121951219533;-0.2127659574468085;0.26689636893718516;-0.46153846153846156;0.8889999999999999;0.24655598728364533;0.8333333333333334;0.625;0.46155088852988707;-0.06365348399246705;1.0;0.2857142857142857;0.5500356125356126;0.09440267335004189;1.0;0.75;1.2148639896373057;0.8719441210710132;1.0275336166249491;-1.6111666666666666;3.5450487012987013;-2.2222222222222223;-0.6666666666666666;-2.0558148580318942;1.0577030812324928;-1.2857142857142858;-1.0;-2.6724091520861375;0.46556122448979587;-1.2142857142857142;-1.0;-1.6666666666666667;-1.0909090909090908;-1.2857142857142858;-2.1567670767925327;-0.32418680719607484;-0.8333333333333334;-1.625;-2.3385416666666665;-0.3086774122322809;-0.6363636363636364;-0.1632653061224485;3.3260869565217397;6.8076923076923075;5.57358870967742;-0.9074074074074074;0.9;1.0625;0.2256164887743835;0.09090909090909091;-0.2;-0.6363636363636364;-0.02946148273363919;0.8333333333333334;0.875;-0.2;0.2570902394106814;1.0;0.12202155106996512;4.666666666666667;5.666666666666667;5.35973813420622;-1.0;0.05833333333333339
-0.058823529411764705;1.7142857142857142;0.41935483870967744;-0.0542986425339367;-0.05254424778761062;-1.3333333333333333;-1.6021505376344085;-0.2549019607843137;-4.0;-1.625;0.0;1.22;0.676056338028169;-0.0546875;-0.6239316239316239;-0.05115346038114343;4;0.0;-0.06599713055954094;-0.27854454203262224;-0.27956989247311825;-0.1568627450980392;-0.32;-0.11538461538461539;-0.22;-0.4074074074074074;1.0;1.0;0.25;-0.3;1.3;0.18181818181818182;-0.0625;-1.1666666666666667;-3.5;-0.2;-2.5;-3.5;-1.0;-1.7777777777777777;-0.6666666666666666;-0.8181818181818182;-1.125;2.7707917498336667;0.6890137570238328;0.14691564919000857;-0.266236802119453;0.17979127134724865;-0.2608695652173913;-0.2962962962962963;0.07689443306646811;-0.1702127659574468;0.3132785581765174;-0.46153846153846156;1.4445;0.045566937477922995;1.6666666666666667;1.125;0.761550888529887;0.24708097928436915;1.3333333333333333;0.8571428571428571;0.4864672364672364;-0.17237538290169876;1.0;0.3333333333333333;1.5477655440414508;1.2460225067908421;1.087548751382502;-2.0;2.549512987012987;-2.2222222222222223;-2.6666666666666665;-2.028199144301828;1.0722689075630252;-1.2857142857142858;-1.0;-2.710901749663526;0.44234693877551007;-1.2142857142857142;-1.0;-2.111;-1.0909090909090908;-1.7142857142857142;-2.3082308018667796;-0.3185535162638561;-0.8333333333333334;-1.625;-2.498015873015873;-0.34223890483550456;-0.6363636363636364;0.24781341107871777;0.021739130434782532;-2.923076923076923;5.110551075268818;2.8333333333333335;-0.5;-0.9375;0.2256164887743835;0.45454545454545453;1.0;0.5454545454545454;-0.09104081139821305;0.6666666666666666;1.5;1.0;0.047513812154696126;-0.5555555555555556;0.18713006526028236;-0.3333333333333333;-2.5;4.775450081833061;2.8;0.0
0.0;1.0;0.5161290322580645;0.0;0.0;-1.3333333333333333;-1.6989247311827957;-0.13725490196078433;-4.27027027027027;-1.25;0.032679738562091526;1.24;0.8169014084507041;0.0;-0.5555555555555556;-0.06619859578736209;4;0.09463722397476351;-0.055954088952654114;-0.1844416562107903;-0.27956989247311825;-0.19607843137254902;-0.08;-0.23076923076923078;-0.14;-0.2222222222222222;1.7142857142857142;0.875;1.0;-0.2;0.5;0.24242424242424243;0.11458333333333333;-1.3333333333333333;-1.1666666666666667;-4.2;-4.0;-5.5;-1.625;-0.8888888888888888;-1.8888888888888888;-0.8181818181818182;-0.875;-0.0026613439787092513;0.5055221856229414;0.21027850929694342;-0.1623290606615498;-0.35373181530676784;-0.043478260869565216;-0.2222222222222222;0.17352448333643647;-0.1702127659574468;0.43016167505963426;-0.46153846153846156;1.3890000000000002;0.1306958671847404;1.6666666666666667;1.125;0.9231017770597738;0.019585687382297566;2.0;0.8571428571428571;0.4610042735042736;-0.21888053467000837;1.0;0.3333333333333333;1.5477655440414508;1.5032984090027162;1.2042028057512077;-1.3333333333333333;-0.2142857142857143;-0.8888888888888888;-2.6666666666666665;-1.8613380007779077;0.9820728291316526;-1.2857142857142858;-1.0;-2.691790040376851;0.4438775510204081;-1.2142857142857142;-1.0;-1.7776666666666667;-0.8181818181818182;-1.7142857142857142;-2.368901145523971;-0.3479920043612575;-0.8333333333333334;-1.625;-2.6396329365079367;-0.5036431883417973;-0.6363636363636364;0.06997084548104963;0.021739130434782532;-0.0;2.0920698924731185;0.018518518518518455;0.3;0.4375;0.002208317997791684;-0.09090909090909091;-1.0;-0.9090909090909091;0.2100941801497223;0.0;0.875;-1.0;0.13627992633517497;0.3333333333333333;-0.324935498558203;-0.3333333333333333;0.0;2.0327332242225857;-0.2;-0.08333333333333341
0.058823529411764705;0.5714285714285714;0.5935483870967742;0.058823529411764656;0.05530973451327434;-2.6666666666666665;-1.903225806451613;0.1568627450980392;-4.216216216216216;0.25;0.06535947712418305;1.221;0.40845070422535207;0.0703125;-0.358974358974359;-0.07823470411233702;4;0.15772870662460584;0.024390243902439202;-0.012547051442910925;-0.16989247311827954;-0.0784313725490196;-0.12;0.0;-0.18;-0.4444444444444444;1.0;1.5;0.875;0.1;0.0;0.32575757575757575;0.23958333333333334;-1.5;-1.3333333333333333;-1.4;-2.5;-5.0;-1.25;-1.4444444444444444;-1.0;-1.3636363636363635;-2.125;-0.7292082501663341;0.2805657818252278;0.18450243396376964;-0.03896053298009117;0.8736559139784947;-0.043478260869565216;0.05555555555555555;0.5518525414261777;0.0;0.6190034455340578;-0.19230769230769232;1.2223333333333333;0.5383256799717416;1.1666666666666667;1.125;0.9462035541195478;-0.02674199623352172;2.0;0.8571428571428571;0.4610042735042736;-0.21888053467000837;1.0;0.3333333333333333;0.895077720207254;1.622138145129996;1.313056638919611;-2.0555;2.0819805194805197;-2.111111111111111;-3.0;-2.167055620381175;1.3033613445378152;-1.2857142857142858;-1.0;-2.9030955585464335;0.6278061224489796;-1.2142857142857142;-1.0;-1.2221666666666666;-0.8181818181818182;-0.2857142857142857;-1.8839626644039031;0.040523350899509335;-0.8333333333333334;-0.75;-2.3916170634920637;-0.19540737469640093;-0.6363636363636364;-0.9329446064139938;-2.173913043478261;-1.942307692307692;1.1024865591397852;-1.851851851851852;1.2;0.5;0.13847994111152012;1.4545454545454546;-0.6;0.18181818181818182;0.2726394590678579;-1.3333333333333333;0.5;-0.6;0.5613259668508288;1.3333333333333333;0.8530884808013356;-3.6666666666666665;-1.6666666666666667;1.0880523731587561;-2.2;-0.14166666666666633
0.11764705882352941;0.0;0.6451612903225806;0.11764705882352931;0.11393805309734513;-1.3333333333333333;-2.010752688172043;-0.11764705882352941;-4.648648648648648;-1.875;0.09803921568627386;1.249;0.6619718309859154;0.34375;-0.3333333333333333;-0.08625877632898696;4;0.09779179810725597;0.058823529411764594;0.09033877038895866;-0.11612903225806448;0.21568627450980393;0.0;-0.038461538461538464;-0.02;-0.18518518518518517;0.5714285714285714;0.875;1.5;0.1;-0.1;0.4090909090909091;0.3541666666666667;-3.3333333333333335;-1.5;-1.6;-3.25;-5.5;0.25;-1.1111111111111112;-1.5555555555555556;-1.0909090909090908;-1.625;0.8779108449767135;0.35535748885874824;0.23645359508419098;0.006486928741185148;0.4892473118279569;0.08695652173913043;0.05555555555555555;0.310184323217278;0.0425531914893617;0.5507553670818977;-0.19230769230769232;0.5556666666666666;0.35146591310491;0.5;0.5;0.8768982229402262;0.1969868173258004;1.3333333333333333;0.8571428571428571;0.42289886039886043;-0.17014759120022285;1.0;0.3333333333333333;0.33452072538860117;1.5276484284051226;1.37877641306246;-2.1111666666666666;1.9573863636363638;-2.111111111111111;-3.3333333333333335;-2.0836250486192145;1.3117647058823527;-1.2857142857142858;-1.0;-2.883983849259758;0.6316326530612244;-1.2142857142857142;-1.0;-1.3333333333333333;-1.0;-0.2857142857142857;-2.0053033517182857;0.11993458113756135;-0.8333333333333334;-0.75;-2.515625;-0.14131154780304697;-0.6363636363636364;0.48396501457725993;2.217391304347826;3.884615384615384;2.536962365591398;0.018518518518518455;-1.7;-1.875;0.721751932278248;-0.36363636363636365;-0.8;-0.09090909090909091;-0.7638251630041053;-1.1666666666666667;0.0;-0.8;0.3664825046040516;-1.8888888888888888;0.48414023372287135;3.6666666666666665;3.6666666666666665;2.8036006546644847;0.2;-0.08750000000000008
0.17647058823529413;0.8571428571428571;0.7354838709677419;0.17647058823529396;0.17699115044247787;-1.6666666666666667;-2.139784946236559;-0.1568627450980392;-4.621621621621622;-2.5;0.14052287581699321;1.283;0.9577464788732394;0.3828125;-0.3418803418803419;-0.10030090270812438;4;0.18611987381703524;0.10903873744619808;0.1631116687578419;-0.11612903225806448;-0.058823529411764705;0.3;0.07692307692307693;0.14;-0.18518518518518517;0.0;0.5;0.875;0.0;0.0;0.48484848484848486;0.4791666666666667;-1.5;-3.3333333333333335;-1.8;-0.5;-7.5;-1.875;0.2222222222222222;-1.2222222222222223;-0.5454545454545454;-2.0;1.8273453093812384;0.7721371827165278;0.22983002154656443;0.0;0.5417457305502846;0.06521739130434782;0.05555555555555555;0.21411282815118232;0.0425531914893617;0.3762258150013252;0.038461538461538464;0.5;0.19003885552808203;0.5;0.375;0.9693053311793214;0.06666666666666668;1.3333333333333333;0.8571428571428571;0.4483618233618235;-0.15900863269284327;1.0;0.3333333333333333;0.5077720207253885;1.321012805587893;1.4571278887013213;-2.277833333333333;1.6874999999999998;-2.111111111111111;-3.3333333333333335;-2.389342668222482;0.9182072829131653;-1.2857142857142858;-3.0;-2.8454912516823687;0.6127551020408163;-1.2142857142857142;-1.0;-1.8888333333333334;-1.4545454545454546;-0.2857142857142857;-2.459906661009758;0.26494639287661276;-1.1666666666666667;-0.75;-2.675099206349206;0.02715831309339815;-1.0;0.8862973760932946;0.04347826086956526;-1.923076923076923;2.536962365591398;1.9074074074074074;-0.5;0.6875;0.6967243283032756;-1.9090909090909092;1.2;0.9090909090909091;0.3248007727602028;0.3333333333333333;0.75;1.2;0.19815837937384906;-0.5555555555555556;0.534527242373653;-1.0;-2.3333333333333335;2.843207855973813;1.8;-0.1624999999999997
0.23529411764705882;1.0;0.832258064516129;0.23529411764705885;0.24668141592920353;-3.0;-2.4623655913978495;0.2549019607843137;-5.1891891891891895;-0.125;0.21241830065359457;1.275;0.5352112676056339;0.4140625;-0.19658119658119658;-0.11534603811434303;4;0.2933753943217665;0.12051649928263998;0.2760351317440402;0.15483870967741942;-0.09803921568627451;0.02;0.36538461538461536;0.02;0.037037037037037035;0.8571428571428571;0.0;0.5;0.6;-0.1;0.6060606060606061;0.59375;-2.0;-1.5;-4.0;-5.5;-4.0;-2.5;-1.6666666666666667;0.1111111111111111;-1.5454545454545454;-1.625;-0.7192282102461743;-0.23173803526448358;0.20421355039502015;0.032473604238906016;0.995888678051866;0.06521739130434782;0.14814814814814814;0.3304784956246509;0.2553191489361702;0.5014577259475219;0.07692307692307693;0.6666666666666666;0.4482515012363123;0.5;0.5;0.9462035541195478;0.0444444444444444;1.3333333333333333;0.8571428571428571;0.4992877492877494;-0.14202172096908947;1.0;0.3333333333333333;1.05294689119171;1.1735545207605744;1.5454915885674367;-2.4445;2.3713474025974026;-2.4444444444444446;-3.3333333333333335;-2.444768572539868;1.064985994397759;-1.4285714285714286;-3.0;-3.153162853297443;0.8331632653061224;-1.3571428571428572;-1.0;-2.0555;-1.4545454545454546;-0.7142857142857143;-2.0053033517182857;0.3785208068326368;-1.1666666666666667;-0.75;-2.5510912698412698;0.1459483329653344;-1.0;-0.5714285714285713;-2.173913043478261;-1.9615384615384612;2.536962365591398;-1.8333333333333335;1.8;1.375;0.9924549135075452;1.2727272727272727;0.2;-0.45454545454545453;0.2021250905578362;1.1666666666666667;0.875;0.2;0.46740331491712706;2.0;0.9704052208225831;-3.6666666666666665;-1.3333333333333333;2.843207855973813;-2.6;-0.25416666666666643
0.29411764705882354;-0.42857142857142855;0.864516129032258;0.2941176470588235;0.3213495575221239;-2.6666666666666665;-2.774193548387097;-0.058823529411764705;-5.702702702702703;-2.375;-0.30065359477124204;1.3;3.0985915492957745;0.4453125;-0.1794871794871795;-0.12036108324974924;4;0.2681388012618296;0.14777618364418935;0.3688833124215809;0.20860215053763448;0.3137254901960784;-0.02;0.09615384615384616;0.26;0.07407407407407407;1.0;0.75;0.0;0.5;0.0;0.7196969696969697;0.71875;-3.8333333333333335;-2.0;-1.8;-2.0;-3.5;-0.125;-2.2222222222222223;-1.7777777777777777;-0.8181818181818182;-2.0;-0.019294743845641997;-0.16043402441387317;0.2070864256643523;0.0519538707289516;0.8978494623655916;0.06521739130434782;0.14814814814814814;0.22360826661701738;0.2553191489361702;0.3085078187119002;0.34615384615384615;0.5;1.0565171317555635;0.0;0.5;0.7153473344103394;0.5461393596986815;0.3333333333333333;0.8571428571428571;0.41025641025641035;0.0;0.5;0.3333333333333333;0.3898963730569947;0.8465269693441989;1.578904476395599;-2.9445;1.6152597402597402;-2.4444444444444446;-4.333333333333333;-2.750486192143135;0.9941176470588236;-1.4285714285714286;-3.3333333333333335;-3.383849259757739;0.8357142857142857;-1.3571428571428572;-1.0;-2.2776666666666667;-1.4545454545454546;-0.7142857142857143;-2.338565973695375;0.5189896420134472;-1.1666666666666667;-0.75;-2.6929563492063493;0.2536983881651579;-1.0;0.7346938775510204;1.108695652173913;2.9038461538461537;1.7315188172043015;-0.925925925925926;-1.9;-2.375;1.074898785425101;0.0;-2.0;-1.0;0.9712629799565323;-1.5;-0.375;-2.0;1.101657458563536;-2.111111111111111;0.876308999848232;1.6666666666666667;2.6666666666666665;1.8166939443535186;-1.0;-0.2333333333333331
0.35294117647058826;0.42857142857142855;0.9354838709677419;0.35294117647058815;0.39823008849557523;-2.6666666666666665;-3.064516129032258;0.21568627450980393;-5.891891891891892;-0.875;0.35294117647058776;1.31;0.4225352112676056;0.46875;-0.10256410256410256;-0.13139418254764293;4;0.34700315457413283;0.19081779053084647;0.426599749058971;0.3182795698924731;0.0;0.4;0.057692307692307696;0.22;0.3333333333333333;-0.42857142857142855;0.875;0.75;1.0;-0.5;0.8712121212121212;0.7916666666666666;-3.0;-3.8333333333333335;-2.4;-2.25;-5.0;-2.375;-0.1111111111111111;-2.3333333333333335;-1.2727272727272727;-1.625;0.8888888888888893;-0.020538655299360567;0.21442821801931192;0.17532239841041025;0.5417457305502846;0.17391304347826086;0.14814814814814814;0.1891640290448706;0.3617021276595745;0.3085078187119002;0.4230769230769231;0.3333333333333333;0.8887318968562348;0.0;0.5;0.5077544426494347;0.10282485875706202;0.3333333333333333;0.14285714285714285;0.4610042735042736;-0.06544138123085488;0.5;0.3333333333333333;0.029954663212435312;0.703919285991463;1.5704639385296;-3.3333333333333335;0.4537337662337662;-2.4444444444444446;-6.333333333333333;-3.0560093348891484;0.8691876750700279;-1.4285714285714286;-3.6666666666666665;-3.5760430686406464;0.8757653061224488;-1.3571428571428572;-1.0;-1.5555;-1.3636363636363635;-0.7142857142857143;-2.1567670767925327;0.5280755951299292;-1.1666666666666667;-0.75;-2.675099206349206;0.2612055641421947;-1.0;0.08163265306122457;0.04347826086956526;-0.9423076923076923;1.7315188172043015;0.9629629629629632;1.1;1.8125;1.1644276775855724;-0.6363636363636364;1.2;1.4545454545454546;0.9712629799565323;-0.6666666666666666;0.375;1.2;0.9267034990791898;1.2222222222222223;0.534527242373653;-0.3333333333333333;-1.0;1.843862520458265;1.0;-0.29583333333333317
0.4117647058823529;0.42857142857142855;1.0064516129032257;0.4117647058823528;0.4795353982300885;-2.6666666666666665;-3.3870967741935485;0.23529411764705882;-6.108108108108108;-1.0;0.4281045751633986;1.321;0.2535211267605634;0.4921875;-0.03418803418803419;-0.1424272818455366;4;0.37854889589905405;0.21951219512195125;0.4353826850690088;0.264516129032258;0.27450980392156865;0.08;0.46153846153846156;0.34;0.48148148148148145;0.42857142857142855;-0.375;0.875;0.5;-0.4;0.9848484848484849;0.875;-3.1666666666666665;-3.0;-4.6;-2.5;-8.0;-0.875;-2.111111111111111;-0.2222222222222222;-1.0;-1.625;0.01397205588822379;0.1701220693664019;0.13821722129119776;0.1688354696692251;0.4892473118279569;0.17391304347826086;0.12962962962962962;0.1891640290448706;0.3617021276595745;0.2880996554465941;0.4230769230769231;0.11116666666666664;0.33451077357824094;0.0;0.0;0.41534733441033916;-0.02674199623352172;0.3333333333333333;0.14285714285714285;0.4992877492877494;-0.112781954887218;0.5;0.3333333333333333;0.48575129533678757;0.6592937524253011;1.521858082542639;-3.1666666666666665;-0.2142857142857143;-2.111111111111111;-6.333333333333333;-3.361726954492416;0.6756302521008403;-1.4285714285714286;-3.6666666666666665;-3.6724091520861375;0.9395408163265305;-1.3571428571428572;-1.0;-1.9443333333333335;-1.3636363636363635;-1.5714285714285714;-2.0960967331353415;0.5342540432491367;-1.1666666666666667;-0.75;-2.675099206349206;0.2612055641421947;-1.0;0.21574344023323636;0.021739130434782532;-0.019230769230769232;0.10349462365591408;0.037037037037037236;-0.2;-0.875;0.7401545822598454;0.9090909090909091;0.0;-0.5454545454545454;0.9466312484907027;1.0;0.375;0.0;0.3488029465930018;-0.2222222222222222;0.48414023372287135;-0.3333333333333333;0.0;0.3319148936170212;-0.2;-0.3208333333333332
0.47058823529411764;0.42857142857142855;1.0774193548387097;0.4705882352941177;0.5652654867256637;-3.0;-3.7419354838709675;-0.1568627450980392;-6.945945945945946;-3.75;0.4999999999999993;1.359;0.4788732394366197;0.515625;-0.08547008547008547;-0.1534603811434303;4;0.41324921135646697;0.19225251076040187;0.50564617314931;0.5354838709677419;0.29411764705882354;0.36;0.15384615384615385;0.64;0.4074074074074074;0.42857142857142855;0.375;-0.375;0.2;-0.1;1.0757575757575757;0.9895833333333334;-3.3333333333333335;-3.1666666666666665;-3.6;-5.25;-5.0;-1.0;-0.7777777777777778;-2.2222222222222223;0.09090909090909091;-2.375;0.01397205588822379;-0.1763224181360202;0.14196791955949245;0.13636186543031908;0.9451296647691335;0.06521739130434782;0.12962962962962962;0.3304784956246509;0.3617021276595745;0.021865889212827873;0.7307692307692307;0.44449999999999995;-0.8890851289297068;1.0;0.0;0.39224555735056554;-0.039548022598870046;0.3333333333333333;0.14285714285714285;0.4992877492877494;-0.112781954887218;0.5;0.3333333333333333;0.48575129533678757;0.6519208381839351;1.4516560917399148;-3.3333333333333335;-0.2142857142857143;-2.2222222222222223;-6.666666666666667;-3.3895371450797356;0.7050420168067227;-1.4285714285714286;-3.6666666666666665;-3.9030955585464335;0.9795918367346937;-1.3571428571428572;-1.0;-2.5555;-2.3636363636363638;-1.5714285714285714;-3.065973695375477;0.7454115936761767;-2.0;-1.125;-2.9585813492063493;0.6716714506513579;-1.9090909090909092;1.8862973760932946;0.04347826086956526;0.019230769230769232;-0.8373655913978496;0.037037037037037236;-2.3;-1.375;0.9344865660655133;-2.1818181818181817;0.0;0.0;-0.16879980680994935;0.0;0.375;0.0;-0.9270718232044197;-2.5555555555555554;0.9216876612536045;-0.3333333333333333;0.0;-0.8019639934533551;-0.2;-0.3458333333333332
0.5294117647058824;2.2857142857142856;1.232258064516129;0.5294117647058824;0.6548672566371682;-4.333333333333333;-4.225806451612903;-0.27450980392156865;-7.972972972972973;-4.75;0.5751633986928102;1.396;0.676056338028169;0.53125;-0.1452991452991453;-0.17753259779338015;4;0.5331230283911674;0.23242467718794854;0.5357590966122959;0.589247311827957;-0.09803921568627451;0.38;0.4230769230769231;0.36;0.7037037037037037;0.42857142857142855;0.375;0.375;-0.2;-0.1;1.1363636363636365;1.1041666666666667;-3.5;-3.3333333333333335;-3.8;-2.5;-6.5;-3.75;-0.8888888888888888;-0.8888888888888888;-1.4545454545454546;-2.0;-0.7192282102461743;-0.32764968029451674;0.03646955550235394;-0.02596719523123073;1.3159392789373816;-0.06521739130434782;0.12962962962962962;0.5879724446099425;0.23404255319148937;-0.112774980121919;0.8076923076923077;1.1666666666666667;1.7622748145531617;1.0;1.625;0.761550888529887;0.8644067796610166;0.3333333333333333;1.4285714285714286;0.6645299145299145;0.18741297688666111;0.5;0.6666666666666666;1.6026554404145077;0.8914435389988359;1.4477559811397633;-4.055499999999999;2.0819805194805197;-3.4444444444444446;-7.0;-4.028393621159082;0.9809523809523808;-2.0714285714285716;-4.666666666666667;-4.287483176312247;1.3446428571428568;-2.0;-1.0;-4.277666666666666;-3.090909090909091;-1.7142857142857142;-3.762834111158252;1.3846992549518442;-2.6666666666666665;-1.125;-3.4370039682539684;1.2483992051225437;-2.6363636363636362;2.2769679300291545;-2.173913043478261;-1.9615384615384612;1.1122311827956992;-1.8333333333333335;-0.9;0.8125;0.339804931910195;-2.8181818181818183;2.6;1.1818181818181819;0.8072929244143926;2.1666666666666665;2.0;2.6;1.8375690607734807;-1.0;1.277583851874336;-3.6666666666666665;-1.6666666666666667;1.0880523731587561;-2.2;-0.4333333333333333
0.5882352941176471;1.8571428571428572;1.367741935483871;0.5520361990950226;0.7461283185840708;-5.0;-4.741935483870968;0.0;-8.675675675675675;-3.25;0.643790849673202;1.415;0.6478873239436619;0.546875;-0.1452991452991453;-0.19859578736208625;4;0.6498422712933754;0.28120516499282633;0.5796737766624843;0.9161290322580644;-0.21568627450980393;-0.02;0.4423076923076923;0.32;1.0;2.2857142857142856;0.375;0.375;0.4;-0.2;1.2424242424242424;1.2083333333333333;-5.333333333333333;-3.5;-4.0;-3.25;-1.0;-4.75;-3.3333333333333335;-1.0;-1.9090909090909092;-1.25;-0.7485029940119761;-0.4483627204030227;0.00837921953555158;-0.10388826119141306;0.27387729285262497;-0.06521739130434782;-0.09259259259259259;0.47495810835970953;0.23404255319148937;-0.18062549695202748;0.8076923076923077;1.7223333333333335;1.515365595196044;1.0;1.625;0.9231017770597738;1.1487758945386064;0.3333333333333333;1.4285714285714286;0.8044871794871796;0.27039821776663886;0.5;0.6666666666666666;2.350550518134715;1.3420644159875827;1.4726119098899817;-5.055499999999999;2.8790584415584415;-4.111111111111111;-7.333333333333333;-4.750875145857643;1.4134453781512604;-2.5;-6.666666666666667;-4.998923283983849;1.5515306122448977;-2.4285714285714284;-2.5;-5.277666666666666;-3.090909090909091;-4.285714285714286;-3.9448451421298256;1.4522987461384698;-2.6666666666666665;-1.125;-3.8090277777777777;1.2912342680503424;-2.6363636363636362;0.9795918367346942;-1.065217391304348;0.9807692307692306;0.8568548387096775;-2.777777777777778;1.1;1.1875;0.9282296650717704;0.2727272727272727;-0.6;-1.4545454545454546;1.0485390002414876;1.6666666666666667;1.625;-0.6;1.5801104972375692;1.2222222222222223;0.2774320837759903;-2.0;0.8333333333333334;0.834697217675941;-3.2;-0.5166666666666667
0.6470588235294118;2.4285714285714284;1.5290322580645161;0.6470588235294117;0.8401548672566371;-2.6666666666666665;-5.032258064516129;0.49019607843137253;-8.702702702702704;-0.25;0.7091503267973851;1.424;0.49295774647887325;0.5546875;-0.06837606837606838;-0.22367101303911735;4;0.7097791798107259;0.2697274031563844;0.589711417816813;0.5913978494623656;0.058823529411764705;-0.14;0.057692307692307696;0.74;0.7777777777777778;1.8571428571428572;2.0;0.375;0.5;0.4;1.356060606060606;1.375;-6.333333333333333;-5.333333333333333;-4.2;-6.0;-11.0;-3.25;-4.222222222222222;-3.4444444444444446;-0.18181818181818182;-2.625;3.2465069860279447;0.11470645223793849;-0.031043013326949396;0.11039467019908834;2.287318153067679;-0.06521739130434782;0.37037037037037035;0.9865946751070566;0.23404255319148937;-0.061224489795918324;1.1538461538461537;2.4999999999999996;-0.15365595196043802;2.6666666666666665;1.75;1.1539579967689824;1.6116760828625234;0.3333333333333333;1.5714285714285714;0.9189814814814815;0.48231690336953503;0.5;0.75;2.43345207253886;2.0250291036088472;1.600151347575528;-4.888833333333333;3.5450487012987013;-4.111111111111111;-6.333333333333333;-4.611824192921042;1.5204481792717086;-2.5;-6.666666666666667;-4.941318977119785;1.5433673469387752;-2.4285714285714284;-2.5;-3.7221666666666664;-3.090909090909091;-0.8571428571428571;-3.9749681798896908;1.4141377430492459;-2.6666666666666665;-1.25;-3.5610119047619047;1.4053875027599911;-2.6363636363636362;0.43440233236151615;4.5;4.923076923076923;4.67103494623656;2.907407407407408;2.2;0.625;0.8019874861980124;3.090909090909091;0.8;0.6363636363636364;0.9316590195604928;0.16666666666666666;2.125;0.8;-0.16022099447513813;2.4444444444444446;2.2098952800121414;6.666666666666667;4.333333333333333;4.64582651391162;3.0;-0.5541666666666667
0.7058823529411765;3.857142857142857;1.7548387096774194;0.7058823529411765;0.9397123893805309;-4.0;-5.483870967741935;-0.0196078431372549;-9.486486486486486;-3.625;0.7875816993464048;1.456;0.6056338028169014;0.5625;-0.10256410256410256;-0.2587763289869609;4;0.7381703470031546;0.3055954088952655;0.6135508155583437;1.0279569892473117;0.5490196078431373;0.14;-0.057692307692307696;0.42;1.2222222222222223;2.4285714285714284;1.625;2.0;-0.5;0.3;1.393939393939394;1.53125;-3.0;-6.333333333333333;-6.4;-4.75;-4.0;-0.25;-2.888888888888889;-4.333333333333333;-1.8181818181818181;-1.625;2.8399866932801068;0.18639798488664983;-0.012209719894661419;0.19480266490045584;1.4925679949399115;0.21739130434782608;0.37037037037037035;0.9612735058648296;0.23404255319148937;-0.11622051417969792;1.1538461538461537;3.111166666666667;1.6580713528788418;2.6666666666666665;3.0;1.8462035541195474;2.1495291902071565;2.3333333333333335;3.0;1.1732549857549857;1.0696184906711224;0.5;1.5833333333333333;3.5846826424870466;2.8635040745052387;1.8966179637930034;-4.722166666666666;3.4452110389610384;-4.111111111111111;-6.333333333333333;-4.91754181252431;1.4551820728291316;-2.5;-6.666666666666667;-5.364199192462987;1.4984693877551019;-2.4285714285714284;-2.75;-3.2221666666666664;-2.272727272727273;-0.8571428571428571;-4.278107764106916;1.5182627657641288;-2.6666666666666665;-1.25;-3.9330357142857144;1.520423934643409;-2.6363636363636362;1.9591836734693877;-2.1521739130434785;-5.884615384615385;4.658938172043011;1.9814814814814818;-2.9;-3.25;1.8254508649245489;-0.5454545454545454;2.0;0.5454545454545454;0.5658053610239072;2.3333333333333335;3.375;2.0;1.728913443830571;-3.2222222222222223;1.447108817726514;-3.6666666666666665;-5.166666666666667;4.64582651391162;2.0;-0.5750000000000001
0.7647058823529411;2.4285714285714284;1.9161290322580644;0.7647058823529411;1.040929203539823;-5.333333333333333;-6.021505376344086;0.27450980392156865;-9.891891891891891;-1.875;0.8562091503267972;1.467;0.4647887323943662;0.5703125;-0.06837606837606838;-0.283851554663992;4;0.8391167192429024;0.3199426111908179;0.6511919698870764;1.1376344086021506;0.0392156862745098;0.64;0.21153846153846154;0.7;1.1481481481481481;3.857142857142857;2.125;1.625;0.1;0.8;1.4772727272727273;1.7395833333333333;-4.833333333333333;-3.0;-7.6;-5.0;-4.5;-3.625;-0.2222222222222222;-3.0;-0.7272727272727273;-2.25;-0.06919494344644023;0.019182329006006627;-0.06344266219774972;0.2857170686094986;1.2269133459835548;0.21739130434782608;0.37037037037037035;1.0215974678830757;0.23404255319148937;-0.14312218393851045;1.1538461538461537;3.3333333333333335;1.1504768632991875;3.3333333333333335;3.0;2.1693053311793213;1.8802259887005652;2.3333333333333335;3.0;1.2368233618233622;1.1500974658869398;0.5;1.5833333333333333;3.5846826424870466;3.5094101668606905;2.27120321322545;-4.777833333333334;3.6428571428571423;-4.222222222222222;-6.333333333333333;-5.4731621936989505;1.7151260504201677;-2.5714285714285716;-6.666666666666667;-5.960430686406459;1.6757653061224487;-2.5;-3.0;-2.611;-2.272727272727273;-0.8571428571428571;-4.52057700466695;1.3469016899872799;-2.6666666666666665;-1.25;-3.9682539682539684;1.5162287480680061;-2.6363636363636362;0.6880466472303214;-2.1521739130434785;0.0;5.079637096774195;-3.685185185185185;1.2;2.5;1.8425653294074344;-1.4545454545454546;-2.0;-1.8181818181818181;1.4730741366819609;0.0;2.125;-2.0;1.1996316758747696;1.3333333333333333;1.1921384125056913;-3.3333333333333335;0.16666666666666666;4.964320785597381;-4.0;-0.6374999999999996
0.8235294117647058;0.2857142857142857;1.9806451612903226;0.8235294117647058;1.1438053097345133;-6.0;-6.591397849462366;0.23529411764705882;-10.378378378378379;-2.25;0.9215686274509796;1.477;0.32394366197183094;0.578125;-0.03418803418803419;-0.2938816449348044;4;0.873817034700316;0.33572453371592537;0.6762860727728983;1.2473118279569892;0.3333333333333333;0.12;0.6923076923076923;0.72;1.3703703703703705;2.4285714285714284;3.375;2.125;0.1;0.3;1.5606060606060606;1.8958333333333333;-6.5;-4.833333333333333;-3.6;-5.25;-5.0;-1.875;-3.2222222222222223;-0.3333333333333333;-0.8181818181818182;-1.875;-0.7674650698602794;-0.1224568881999612;-0.12648631394142532;0.20128959364164098;0.45113851992409865;0.21739130434782608;0.16666666666666666;1.0215974678830757;0.23404255319148937;-0.15597667638483959;1.1538461538461537;2.4999999999999996;3.555634051571883;0.8333333333333334;3.0;2.146203554119548;1.9615819209039547;2.0;3.0;1.1732549857549857;1.2002227791701479;0.5;1.5833333333333333;1.623704663212435;3.5945867287543654;2.551545491588567;-6.222166666666666;2.479707792207792;-4.777777777777778;-10.0;-6.139828860365617;1.9781512605042013;-2.9285714285714284;-6.666666666666667;-6.633378196500672;1.9043367346938775;-2.857142857142857;-3.0;-3.5;-2.272727272727273;-2.7142857142857144;-4.823504454815444;1.1319280392513174;-2.6666666666666665;-1.25;-4.1101190476190474;1.4952528151909914;-2.6363636363636362;0.8104956268221576;-1.065217391304348;0.9615384615384615;0.11323924731182804;-2.759259259259259;-0.5;-1.125;1.251288185498712;0.7272727272727273;-3.0;-0.45454545454545453;2.1893262496981403;-4.166666666666667;0.25;-3.0;3.707550644567219;-0.5555555555555556;0.447564122021551;-1.6666666666666667;0.8333333333333334;0.25040916530278223;-2.8;-0.658333333333333
0.8823529411764706;1.1428571428571428;2.0838709677419356;0.8823529411764705;1.2527654867256637;-5.0;-7.172043010752688;0.0784313725490196;-11.08108108108108;-3.375;0.9967320261437905;1.5;0.32394366197183094;0.578125;-0.05128205128205128;-0.30992978936810434;4;0.9053627760252372;0.3902439024390244;0.6524466750313677;1.1397849462365592;0.29411764705882354;0.42;0.19230769230769232;0.32;1.9259259259259258;0.2857142857142857;2.125;3.375;0.1;0.0;1.643939393939394;2.0208333333333335;-7.333333333333333;-6.5;-5.8;-5.5;-10.5;-2.25;-1.6666666666666667;-3.3333333333333335;-2.8181818181818183;-0.375;0.2887558216899536;0.019182329006006627;-0.24379538743915088;0.233763197880547;0.0;0.32608695652173914;0.16666666666666666;0.8266617017315213;0.23404255319148937;-0.1641929499072357;1.1538461538461537;1.4445;1.7778170257859411;0.8333333333333334;1.75;2.261712439418417;1.6425612052730698;2.0;3.0;1.2241809116809117;1.1759955444165973;0.5;1.5833333333333333;0.8282059585492229;3.2760962359332555;2.7868909715350134;-6.777833333333334;0.5515422077922078;-4.777777777777778;-13.333333333333334;-6.640023337222871;1.7151260504201677;-2.9285714285714284;-6.666666666666667;-6.998654104979812;2.0568877551020406;-2.857142857142857;-3.0;-3.388833333333333;-2.090909090909091;-2.7142857142857144;-4.732711073398388;1.0844993639832818;-2.6666666666666665;-1.25;-4.62375992063492;1.295429454625745;-2.6363636363636362;1.7667638483965018;1.1521739130434785;1.9615384615384612;1.7463037634408605;0.05555555555555569;-1.1;-0.4375;0.4536253220463746;-1.3636363636363635;1.2;1.9090909090909092;1.6438058439990342;-1.5;1.0;1.2;1.853775322283609;-1.2222222222222223;0.014569737441189874;1.6666666666666667;1.6666666666666667;1.6981996726677575;0.2;-0.6791666666666664
0.9411764705882353;-0.42857142857142855;2.1161290322580646;0.9411764705882352;1.364491150442478;-7.666666666666667;-7.967741935483871;-0.058823529411764705;-12.027027027027026;-4.375;1.068627450980392;1.518;0.26760563380281693;0.578125;-0.05982905982905983;-0.3149448345035105;4;0.9779179810725556;0.443328550932568;0.6875784190715183;1.4666666666666668;0.13725490196078433;0.38;0.4807692307692308;0.2;1.4074074074074074;1.1428571428571428;0.25;2.125;1.4;-0.4;1.8257575757575757;2.1041666666666665;-6.5;-7.333333333333333;-7.8;-8.25;-5.0;-3.375;-2.0;-1.7777777777777777;-3.5454545454545454;-2.5;0.895874916833001;-0.34625072660337164;-0.35184741840236217;0.12336852768145865;0.3500948766603416;0.17391304347826086;0.12962962962962962;0.37646620741016573;0.46808510638297873;-0.18711900344553414;1.1538461538461537;0.3333333333333333;1.0565171317555635;0.0;0.625;1.823101777059774;2.4945386064030135;0.3333333333333333;3.0;1.1860754985754989;1.2509050403787245;0.5;1.5833333333333333;0.4808937823834198;2.666569654637175;2.879678677455032;-7.888833333333333;3.6038961038961035;-6.444444444444445;-13.333333333333334;-7.3901205756514985;2.830252100840336;-4.0;-6.666666666666667;-7.959892328398385;2.57984693877551;-3.9285714285714284;-3.75;-4.5;-2.8181818181818183;-3.142857142857143;-4.6417055579126005;0.9674722878429947;-2.4166666666666665;-1.25;-4.978174603174603;1.4749392801943033;-2.6363636363636362;1.7055393586005838;-4.41304347826087;-4.923076923076923;3.473790322580646;-2.7962962962962967;-1.0;0.0;-0.34827015090172986;-1.8181818181818181;-2.2;-1.5454545454545454;1.6872736054093214;-0.8333333333333334;-0.375;-2.2;1.101657458563536;-1.1111111111111112;0.3505843071786311;-6.666666666666667;-4.166666666666667;3.3168576104746315;-2.8;-0.7208333333333331
1.0;1.2857142857142858;2.225806451612903;0.9999999999999998;1.4740044247787611;-7.666666666666667;-8.655913978494624;0.5098039215686274;-12.243243243243244;-0.875;1.1405228758169932;1.514;-0.09859154929577463;0.5703125;0.008547008547008548;-0.3319959879638917;4;1.0347003154574137;0.4705882352941177;0.7302383939774151;1.578494623655914;0.0;0.22;0.4423076923076923;0.48;1.3333333333333333;-0.42857142857142855;1.0;0.25;1.1;0.2;1.9848484848484849;2.25;-9.833333333333334;-6.5;-8.8;-9.75;-6.5;-4.375;-3.0;-2.111111111111111;-2.4545454545454546;-3.125;0.8888888888888893;-1.0238325905832204;-0.42917564440188344;0.21428293139050142;1.556135357368754;0.17391304347826086;0.3888888888888889;0.6611431763172594;0.46808510638297873;-0.06732043466737356;1.1538461538461537;0.7223333333333333;1.4627340162486755;0.0;0.75;1.7308562197092083;2.501694915254237;0.3333333333333333;3.0;1.2241809116809117;1.244221665274297;0.5;1.5833333333333333;0.5720531088082901;1.9605161039968957;2.9601257349089;-8.722166666666666;4.066152597402597;-6.444444444444445;-13.333333333333334;-7.973551147413459;3.4700280112044815;-4.0;-6.666666666666667;-8.863526244952894;2.8811224489795917;-3.9285714285714284;-5.25;-3.888833333333333;-2.8181818181818183;-1.5714285714285714;-4.065973695375478;1.160276212974741;-2.4166666666666665;-1.25;-4.747767857142857;1.5782733495252814;-2.6363636363636362;0.09329446064139951;0.04347826086956526;3.942307692307692;3.6962365591397854;-3.740740740740741;2.6;2.1875;1.2954545454545454;1.5454545454545454;2.4;2.090909090909091;1.8756339048539;0.16666666666666666;1.125;2.4;1.5252302025782687;2.888888888888889;1.5081195932614961;0.0;3.3333333333333335;3.528314238952537;-3.8;-0.7541666666666664
1.0588235294117647;2.7142857142857144;2.4;1.0588235294117645;1.5956858407079646;-7.666666666666667;-9.53763440860215;-0.17647058823529413;-13.378378378378379;-5.25;1.2124183006535945;1.542;-0.22535211267605623;0.5625;-0.042735042735042736;-0.35907723169508526;4;1.022082018927445;0.4835007173601147;0.7202007528230864;1.470967741935484;0.5686274509803921;0.08;0.28846153846153844;0.98;2.111111111111111;1.2857142857142858;-0.375;1.0;1.5;0.3;2.1742424242424243;2.40625;-9.833333333333334;-9.833333333333334;-7.8;-4.75;-12.0;-0.875;-3.888888888888889;-3.111111111111111;-0.2727272727272727;-0.75;0.04723885562208928;-1.1526835884518505;-0.5930093368446254;0.12987493668913394;2.1228652751423147;0.043478260869565216;0.3888888888888889;0.7121578849376281;0.3404255319148936;-0.00225284919162463;1.1538461538461537;1.333333333333333;3.001766160367362;0.0;2.0;1.7770597738287561;2.5856873822975515;0.3333333333333333;3.0;1.3767806267806268;1.3628515733778892;0.5;1.5833333333333333;2.2974417098445596;1.556655025223128;3.097852028639618;-9.777833333333334;-0.38595779220779225;-6.444444444444445;-19.666666666666668;-9.084791909762739;2.6591036414565825;-4.0;-10.333333333333334;-9.536473755047107;3.1831632653061224;-3.9285714285714284;-5.25;-4.722166666666666;-3.4545454545454546;-1.5714285714285714;-5.278107764106915;1.1744502998364528;-3.0;-1.875;-5.474206349206349;1.6515787149481123;-3.0;2.8075801749271148;0.0652173913043478;0.019230769230769232;3.130040322580646;0.07407407407407415;-3.8;-4.0625;2.3079683474420314;-1.0;2.0;-0.18181818181818182;2.0714803187635837;3.6666666666666665;2.375;2.0;3.1300184162062616;-4.222222222222222;2.052056457732584;0.3333333333333333;0.16666666666666666;3.0756137479541734;0.4;-0.7458333333333331
-0.9411764705882353;0.14285714285714285;-0.9354838709677419;-0.9411764705882354;-0.5077433628318584;0.0;0.34408602150537637;-0.9019607843137255;0.24324324324324326;1.0;-2.9673202614379086;0.255;-0.1267605633802817;-2.609375;-2.9743589743589745;0.15947843530591777;5;-2.9495268138801265;-1.1936872309899569;-0.5595984943538267;-0.22580645161290322;-0.8431372549019608;-0.78;-0.6730769230769231;-0.44;-0.07407407407407407;0.14285714285714285;0.125;0.125;-0.1;-0.3;-0.7196969696969697;-0.4479166666666667;0.16666666666666666;0.16666666666666666;0.2;0.0;0.0;1.0;0.8888888888888888;0.7777777777777778;0.6363636363636364;0.375;-0.5229540918163672;-1.43383065297423;-1.2670975979570667;-0.8571317255620057;-0.6132194813409235;-0.7608695652173914;-0.9444444444444444;-1.2520945820145222;-0.44680851063829785;-1.4465942221044261;-0.07692307692307693;0.11116666666666664;0.10985517484987635;0.6666666666666666;-0.25;0.11534733441033931;-0.2557438794726931;1.6666666666666667;-0.7142857142857143;-0.1112891737891738;-0.36563631300473415;1.5;-0.5833333333333334;0.19300518134715028;-0.7204113310050445;-1.1167704755806507;0.16666666666666666;-0.33319805194805197;0.2222222222222222;0.0;0.1944768572539868;-0.5148459383753501;0.2857142857142857;-0.3333333333333333;0.21157469717362049;-0.5772959183673471;0.35714285714285715;-0.5;1.2778333333333334;1.0909090909090908;0.5714285714285714;1.6616461603733559;-0.385426131201163;1.1666666666666667;0.0;1.8777281746031744;-0.3720468094502098;1.5454545454545454;-1.7230320699708452;0.0;-0.9615384615384615;0.3313172043010754;-0.9444444444444444;-0.5;0.25;-0.3187338976812661;-0.36363636363636365;0.8;-0.7272727272727273;0.3607824197053851;0.0;0.625;-0.8;0.11454880294659296;-0.05555555555555555;-0.5202610411291546;0.3333333333333333;-0.8333333333333334;0.3554828150572831;-0.4;12.841666666666669
-0.8823529411764706;0.7142857142857143;-0.8516129032258064;-0.8823529411764707;-0.49557522123893805;0.0;0.34408602150537637;-0.9411764705882353;0.32432432432432434;0.375;-2.222222222222222;0.442;-0.7042253521126759;-2.609375;-2.9743589743589745;0.1464393179538616;5;-2.9495268138801265;-1.1936872309899569;-0.5595984943538267;-0.22580645161290322;-0.8431372549019608;-0.78;-0.6730769230769231;-0.44;-0.07407407407407407;0.14285714285714285;0.125;0.125;-0.1;-0.3;-0.7196969696969697;-0.4479166666666667;0.16666666666666666;0.16666666666666666;0.2;0.0;0.0;1.0;0.8888888888888888;0.7777777777777778;0.6363636363636364;0.375;-0.5229540918163672;-1.43383065297423;-1.2670975979570667;-0.8766119920520512;-0.6132194813409235;-0.8043478260869565;-0.9444444444444444;-1.2520945820145222;-0.48936170212765956;-1.4465942221044261;-0.15384615384615385;0.44449999999999995;0.10985517484987635;0.6666666666666666;0.25;0.4384491114701131;-0.2557438794726931;1.6666666666666667;-0.14285714285714285;0.24483618233618235;-0.36563631300473415;1.5;-0.25;0.19300518134715028;-0.7204113310050445;-1.1167704755806507;0.25;-0.33319805194805197;0.2222222222222222;0.3333333333333333;0.29171528588098017;-0.5148459383753501;0.2857142857142857;0.0;0.346164199192463;-0.5772959183673471;0.35714285714285715;-0.25;0.8611666666666666;0.6363636363636364;0.5714285714285714;1.1313109885447603;-0.385426131201163;0.75;0.0;1.257688492063492;-0.3720468094502098;1.0909090909090908;-0.7609329446064138;0.0;-0.9615384615384615;0.3313172043010754;-0.9444444444444444;-0.5;0.25;-0.3187338976812661;-0.36363636363636365;0.8;-0.7272727272727273;0.3607824197053851;0.0;0.625;-0.8;0.11454880294659296;-0.05555555555555555;-0.5202610411291546;0.3333333333333333;-0.8333333333333334;0.3554828150572831;-0.4;12.841666666666669
-0.8235294117647058;0.14285714285714285;-0.7935483870967742;-0.8235294117647061;-0.4811946902654867;-0.3333333333333333;0.3118279569892473;-0.8823529411764706;0.35135135135135137;0.375;-1.69281045751634;0.558;-1.352112676056338;-2.609375;-2.9743589743589745;0.1374122367101304;5;-2.3596214511041014;-1.1936872309899569;-0.5595984943538267;-0.22580645161290322;-0.8823529411764706;-0.78;-0.6730769230769231;-0.44;-0.07407407407407407;0.7142857142857143;0.125;0.125;-0.1;-0.3;-0.7196969696969697;-0.4479166666666667;0.3333333333333333;0.16666666666666666;0.2;0.0;0.0;0.375;0.8888888888888888;0.7777777777777778;0.6363636363636364;0.375;-0.7388556220891551;-1.559581476458051;-1.3188891548958583;-0.8636186543031907;-0.5951929158760279;-0.8043478260869565;-0.9259259259259259;-1.2308694842673615;-0.48936170212765956;-1.431486880466472;-0.15384615384615385;0.3333333333333333;-0.07347227128223234;0.6666666666666666;0.25;0.3306946688206786;-0.4512241054613935;1.6666666666666667;-0.14285714285714285;0.12606837606837612;-0.5101642996379838;1.5;-0.25;0.4954663212435234;-0.5391928599146293;-1.0080330636241923;0.055499999999999994;0.22483766233766228;-0.1111111111111111;0.3333333333333333;0.0647607934655776;-0.1296918767507003;0.07142857142857142;0.0;0.03203230148048452;-0.22653061224489804;0.14285714285714285;-0.25;0.7223333333333333;0.6363636363636364;0.5714285714285714;0.9546033092914721;-0.5033618026530983;0.75;0.0;1.0510912698412698;-0.5153455508942372;1.0909090909090908;-1.1895043731778425;-1.0869565217391306;-0.9615384615384615;0.3313172043010754;-0.9444444444444444;0.0;0.25;-0.3187338976812661;-0.36363636363636365;-0.8;-0.7272727272727273;0.3607824197053851;0.0;0.125;-0.8;0.11454880294659296;-0.05555555555555555;-0.5202610411291546;-1.3333333333333333;-0.8333333333333334;0.3554828150572831;-0.4;5.925000000000001
-0.7647058823529411;0.5714285714285714;-0.7161290322580646;-0.7647058823529412;-0.4646017699115044;-0.6666666666666666;0.25806451612903225;-0.8431372549019608;0.40540540540540543;0.125;-1.3169934640522878;0.64;-1.816901408450704;-2.609375;-2.9743589743589745;0.12537612838515547;5;-1.9936908517350158;-1.1936872309899569;-0.5595984943538267;-0.22580645161290322;-0.8235294117647058;-0.82;-0.6730769230769231;-0.44;-0.07407407407407407;0.14285714285714285;0.625;0.125;-0.1;-0.3;-0.7196969696969697;-0.4479166666666667;-0.3333333333333333;0.3333333333333333;0.2;0.0;0.0;0.375;0.3333333333333333;0.7777777777777778;0.6363636363636364;0.375;-1.1999334664005326;-1.503003293935284;-1.2955869443779429;-0.8441383878131452;-0.4388045540796964;-0.8043478260869565;-0.8888888888888888;-1.127722956618879;-0.48936170212765956;-1.3580705009276437;-0.15384615384615385;0.5;-0.15365595196043802;0.6666666666666666;0.25;0.3980613893376414;-0.544256120527307;1.6666666666666667;-0.14285714285714285;0.20032051282051283;-0.5789473684210528;1.5;-0.25;0.410621761658031;-0.21895615056266957;-0.8158798533092727;-0.2221666666666667;0.619724025974026;-0.3333333333333333;0.3333333333333333;-0.14585764294049008;0.05854341736694679;-0.07142857142857142;0.0;-0.2594885598923284;-0.05510204081632658;0.0;-0.25;0.3333333333333333;0.45454545454545453;-0.14285714285714285;0.7600763682647433;-0.48537161548246405;0.5833333333333334;0.0;0.8236607142857143;-0.4934864208434533;0.9090909090909091;-1.1137026239067054;-0.5217391304347826;0.5;-0.01646505376344084;-1.388888888888889;-0.1;-0.125;-0.4006256900993743;0.0;0.6;0.6363636363636364;0.047331562424535074;-0.16666666666666666;0.5;0.6;-0.16022099447513813;-0.1111111111111111;-0.4463499772347852;-0.6666666666666666;0.3333333333333333;0.021931260229132478;-1.0;3.9666666666666672
-0.7058823529411765;0.2857142857142857;-0.6516129032258065;-0.7058823529411765;-0.4452433628318584;0.0;0.25806451612903225;-0.5882352941176471;0.7027027027027027;1.375;-1.0294117647058825;0.701;-2.197183098591549;-2.609375;-2.9743589743589745;0.11534603811434303;5;-1.7350157728706626;-1.1936872309899569;-0.5595984943538267;-0.22580645161290322;-0.7843137254901961;-0.76;-0.7115384615384616;-0.44;-0.07407407407407407;0.5714285714285714;0.125;0.625;-0.1;-0.3;-0.7196969696969697;-0.4479166666666667;-0.6666666666666666;-0.3333333333333333;0.4;0.0;0.0;0.125;0.3333333333333333;0.2222222222222222;0.6363636363636364;0.375;0.5136393878908851;-0.8568106956016276;-1.0294469715106538;-0.7272567888728717;0.45113851992409865;-0.7391304347826086;-0.6481481481481481;-0.18190281139452605;-0.48936170212765956;-0.6848661542539093;-0.15384615384615385;0.3333333333333333;-0.3493465206640763;0.6666666666666666;0.125;0.3738287560581583;-0.6365348399246704;1.6666666666666667;-0.14285714285714285;0.17361111111111105;-0.6471734892787524;1.5;-0.25;0.48818005181347157;0.061990686845169084;-0.6473019384131786;-0.2221666666666667;0.619724025974026;-0.3333333333333333;0.3333333333333333;-0.03889537145079735;0.038655462184873916;-0.07142857142857142;0.0;-0.1114401076716016;-0.07321428571428581;0.0;-0.25;0.7778333333333333;0.45454545454545453;1.0;1.0676707679253288;-0.2743957841177539;0.5833333333333334;0.375;1.1832837301587302;-0.23713844115698826;0.9090909090909091;-1.3469387755102038;1.0869565217391306;1.4230769230769231;0.8864247311827959;0.462962962962963;1.0;0.625;-0.08437615016562383;0.9090909090909091;-0.4;-0.45454545454545453;-0.13450857280850045;0.16666666666666666;0.25;-0.4;-0.36427255985267026;1.1666666666666667;0.49096979814842906;2.0;1.3333333333333333;0.9302782324058918;1.0;3.0083333333333337
-0.6470588235294118;0.8571428571428571;-0.5612903225806452;-0.6470588235294118;-0.42367256637168144;0.3333333333333333;0.26881720430107525;-0.7058823529411765;0.7567567567567568;0.25;-0.8169934640522878;0.786;-1.9154929577464788;-2.609375;-2.9743589743589745;0.10130391173520562;5;-1.5425867507886437;-1.1936872309899569;-0.5595984943538267;-0.22580645161290322;-0.5294117647058824;-0.72;-0.6538461538461539;-0.44;-0.07407407407407407;0.2857142857142857;0.5;0.125;-0.1;-0.3;-0.7196969696969697;-0.4479166666666667;0.3333333333333333;-0.6666666666666666;-0.4;0.0;0.0;1.375;0.1111111111111111;0.2222222222222222;0.6363636363636364;0.375;0.8416500332668;-0.44894400310017446;-0.8614635703455431;-0.668815989402735;0.191967109424415;-0.6956521739130435;-0.6481481481481481;-0.2271457829082107;-0.48936170212765956;-0.7170686456400742;-0.15384615384615385;0.6111666666666666;-0.18262098198516422;0.8333333333333334;0.375;0.4654281098546042;-0.5160075329566854;1.6666666666666667;0.0;0.27457264957264954;-0.558061821219716;1.5;-0.16666666666666666;0.6565738341968911;0.4391734575087312;-0.42097910239245584;0.055499999999999994;0.9163961038961039;-0.3333333333333333;0.6666666666666666;0.0647607934655776;0.05266106442577035;-0.07142857142857142;0.3333333333333333;0.03203230148048452;-0.06045918367346941;0.0;0.0;0.7223333333333333;0.45454545454545453;1.0;0.9546033092914721;-0.3132836634562966;0.5833333333333334;0.375;1.0510912698412698;-0.2843894899536322;0.9090909090909091;-0.38775510204081637;0.0;-0.9615384615384615;0.4116263440860216;0.9074074074074076;-0.9;-1.25;0.23362164151637832;0.18181818181818182;0.8;0.5454545454545454;-0.22893021009418024;0.3333333333333333;0.75;0.8;-0.19042357274401467;-1.0;0.23797237820610115;0.3333333333333333;-0.8333333333333334;0.5207855973813421;1.6;2.4458333333333337
-0.5882352941176471;-0.2857142857142857;-0.5225806451612903;-0.6787330316742082;-0.40154867256637167;0.3333333333333333;0.3225806451612903;-0.49019607843137253;1.054054054054054;1.25;-0.6535947712418305;0.832;-1.971830985915493;-0.5;0.02564102564102564;0.09528585757271815;5;-1.2744479495268137;-1.1936872309899569;-0.5595984943538267;-0.22580645161290322;-0.6470588235294118;-0.46;-0.6153846153846154;-0.44;-0.07407407407407407;0.8571428571428571;0.25;0.5;-0.1;-0.3;-0.7196969696969697;-0.4479166666666667;0.5;0.3333333333333333;-0.8;0.0;0.0;0.25;1.2222222222222223;0.0;0.6363636363636364;0.375;-0.019294743845641997;-0.10036814570819623;-0.7178996089697551;-0.5519343904624615;0.03415559772296018;-0.5434782608695652;-0.5555555555555556;0.12902625209458227;-0.48936170212765956;-0.4635568513119532;-0.15384615384615385;0.2778333333333333;0.5238431649593783;0.16666666666666666;0.375;0.34620355411954773;-0.28135593220338995;0.6666666666666666;0.0;0.1431623931623932;-0.3845725424672794;0.75;-0.16666666666666666;0.3664183937823834;0.6684128831975166;-0.28342744047965535;0.44449999999999995;-0.38595779220779225;0.3333333333333333;0.6666666666666666;0.13885647607934656;0.04061624649859944;-0.07142857142857142;0.3333333333333333;0.13458950201884254;-0.0714285714285715;0.0;0.0;1.2223333333333333;0.5454545454545454;1.0;1.1162494696648282;-0.2798473559876431;0.5833333333333334;0.375;1.2400793650793651;-0.24376241996025616;0.9090909090909091;-0.9766763848396501;0.021739130434782532;0.019230769230769232;0.10349462365591408;0.0;0.8;1.0;0.3165255796834744;0.0;-1.6;-1.0909090909090908;0.4436126539483216;-0.6666666666666666;-0.25;-1.6;0.5462246777163904;0.8333333333333334;0.010927303080892405;0.0;-0.16666666666666666;0.25040916530278223;0.4;1.8000000000000003
-0.5294117647058824;0.42857142857142855;-0.45161290322580644;-0.5294117647058825;-0.37389380530973454;0.6666666666666666;0.3225806451612903;-0.4117647058823529;1.2702702702702702;1.25;-0.5261437908496732;0.87;-1.9859154929577465;-0.515625;0.008547008547008548;0.08425275827482448;5;-1.1293375394321767;-1.1936872309899569;-0.5595984943538267;-0.22580645161290322;-0.43137254901960786;-0.58;-0.36538461538461536;-0.44;-0.07407407407407407;-0.2857142857142857;0.75;0.25;-0.1;-0.3;-0.7196969696969697;-0.4479166666666667;0.5;0.5;0.4;0.0;0.0;1.25;0.2222222222222222;1.1111111111111112;0.6363636363636364;0.375;-0.019294743845641997;0.07459794613447003;-0.5867049716702579;-0.4934935909923247;0.3913662239089185;-0.5434782608695652;-0.48148148148148145;0.4280394712344072;-0.48936170212765956;-0.26093294460641386;-0.15384615384615385;0.3333333333333333;0.5383256799717416;0.16666666666666666;0.375;0.39224555735056554;-0.3077212806026366;0.6666666666666666;0.0;0.15580484330484332;-0.4394319131161236;0.75;-0.16666666666666666;0.1007124352331606;0.5935195964299576;-0.12474532859887054;0.6666666666666666;0.08279220779220778;0.4444444444444444;1.6666666666666667;0.2779074290159471;0.2280112044817927;-0.07142857142857142;1.3333333333333333;0.31251682368775235;0.03673469387755094;0.0;0.75;1.1666666666666667;0.5454545454545454;0.8571428571428571;1.176707679253288;-0.23096492822097037;0.5833333333333334;0.375;1.3816964285714286;-0.23868403621108422;0.9090909090909091;-0.9271137026239064;0.0;-0.019230769230769232;-0.8373655913978496;0.0;0.1;-0.5;0.1420684578579316;0.9090909090909091;1.0;1.1818181818181819;0.7416083071721805;-0.5;0.375;1.0;0.5613259668508288;0.1111111111111111;0.3480042495067537;1.0;0.5;-0.30180032733224227;0.8;1.5083333333333333
-0.47058823529411764;0.2857142857142857;-0.3870967741935484;-0.47058823529411775;-0.34513274336283184;0.3333333333333333;0.3548387096774194;-0.5882352941176471;1.162162162162162;-0.5;-0.42483660130718987;0.937;-1.4788732394366197;-0.46875;-0.10256410256410256;0.07422266800401203;5;-1.0094637223974763;-0.9253945480631276;-0.5595984943538267;-0.22580645161290322;-0.35294117647058826;-0.36;-0.4807692307692308;-0.48;-0.07407407407407407;0.42857142857142855;-0.25;0.75;0.3;-0.3;-0.6212121212121212;-0.4479166666666667;1.0;0.5;0.6;0.25;0.0;1.25;1.1111111111111112;0.1111111111111111;0.18181818181818182;0.375;-0.019294743845641997;0.26913388878124384;-0.4602984598196473;-0.45453305801223354;-0.12381404174573048;-0.41304347826086957;-0.48148148148148145;0.14801712902625208;-0.425531914893617;-0.3153988868274583;-0.15384615384615385;0.11116666666666664;0.045566937477922995;0.16666666666666666;0.0;0.32310177705977383;-0.38003766478342743;0.6666666666666666;0.0;0.14583333333333348;-0.4837092731829575;0.75;-0.16666666666666666;0.40544041450777196;0.5714008537058596;0.03510099540136221;0.6666666666666666;0.08279220779220778;0.4444444444444444;1.6666666666666667;0.3055231427460132;0.24201680672268902;-0.07142857142857142;1.3333333333333333;0.36123822341857337;-0.0017857142857143156;0.0;0.75;0.8333333333333334;0.0;0.8571428571428571;0.9645736105218499;0.009085953116481886;0.16666666666666666;0.375;1.1061507936507937;-0.024508721572090917;0.45454545454545453;0.201166180758018;0.021739130434782532;0.019230769230769232;-0.8373655913978496;0.0;-1.2;-0.875;0.28974972396025017;-0.9090909090909091;-0.2;-0.5454545454545454;0.5658053610239072;0.6666666666666666;0.25;-0.2;0.047513812154696126;-1.3333333333333333;-0.10426468356351486;-1.0;-1.0;0.18003273322422253;0.2;1.2875000000000003
-0.4117647058823529;1.0;-0.2903225806451613;-0.41176470588235303;-0.31194690265486724;0.0;0.3118279569892473;-0.29411764705882354;1.3783783783783783;1.0;-0.32679738562091526;0.955;-1.6478873239436618;-0.4140625;-0.03418803418803419;0.05917753259779338;5;-0.7981072555205045;-0.7589670014347201;-0.5595984943538267;-0.22580645161290322;-0.5294117647058824;-0.28;-0.2692307692307692;-0.42;-0.07407407407407407;0.2857142857142857;0.375;-0.25;-0.1;-0.3;-0.553030303030303;-0.4479166666666667;0.5;1.0;0.6;-0.75;0.0;-0.5;1.1111111111111112;1.0;0.18181818181818182;0.375;-0.7198935462408517;0.0422398759930246;-0.3999680791636743;-0.38960532980091167;0.35705249841872233;-0.41304347826086957;-0.37037037037037035;0.22081549059765404;-0.3829787234042553;-0.11091969255234556;-0.15384615384615385;0.6111666666666666;0.045566937477922995;0.8333333333333334;0.5;0.46155088852988707;-0.20301318267419965;0.6666666666666666;0.14285714285714285;0.2270299145299146;-0.405458089668616;0.75;-0.08333333333333333;0.7420660621761658;0.6189367481567717;0.2446009662960592;0.5;0.5974025974025974;0.1111111111111111;1.6666666666666667;0.36114352392065346;0.16442577030812328;-0.07142857142857142;1.3333333333333333;0.3192462987886945;-0.034183673469387846;0.0;0.75;0.7223333333333333;0.0;0.8571428571428571;1.1162494696648282;0.020352534980919518;0.16666666666666666;0.375;1.1832837301587302;-0.0671229852064474;0.45454545454545453;-1.0;-1.0869565217391306;-0.9807692307692306;0.12298387096774199;-0.925925925925926;1.2;1.4375;0.4613544350386455;0.09090909090909091;1.0;0.5454545454545454;-0.16879980680994935;0.6666666666666666;0.875;1.0;0.047513812154696126;1.3333333333333333;0.3572621035058431;-1.0;0.0;0.3319148936170212;-1.0;0.9458333333333333
-0.35294117647058826;0.7142857142857143;-0.2064516129032258;-0.35294117647058837;-0.2771017699115044;0.0;0.3118279569892473;-0.6470588235294118;0.972972972972973;-1.75;-0.2614379084967322;1.025;-0.9436619718309859;-0.3515625;-0.1111111111111111;0.04613841524573721;5;-0.7413249211356467;-0.6413199426111907;-0.5595984943538267;-0.22580645161290322;-0.23529411764705882;-0.46;-0.19230769230769232;-0.38;-0.07407407407407407;1.0;0.25;0.375;0.2;-0.3;-0.4621212121212121;-0.4479166666666667;0.0;0.5;1.2;-1.25;0.0;1.0;-0.4444444444444444;1.0;0.0;0.375;-0.2395209580838323;-0.2458825808951754;-0.29199585029127767;-0.467526395761094;0.6881720430107527;-0.4782608695652174;-0.37037037037037035;-0.15807112269595963;-0.23404255319148937;-0.1885767293930559;-0.15384615384615385;0.7223333333333333;0.0;0.8333333333333334;0.5;0.4846526655896607;-0.17627118644067793;0.6666666666666666;0.14285714285714285;0.2610398860398859;-0.42216652742968536;0.75;-0.08333333333333333;0.9734455958549223;0.7349631354287932;0.4645206356598172;0.22216666666666665;0.0;0.1111111111111111;0.6666666666666666;0.5;-0.18011204481792717;0.21428571428571427;1.3333333333333333;0.3095558546433378;-0.07066326530612249;0.0;0.75;-0.6110000000000001;-0.9090909090909091;0.5714285714285714;0.661646160373356;0.6725422496819917;-0.6666666666666666;0.375;0.7504960317460319;0.48884963568116574;-0.45454545454545453;1.198250728862974;0.5652173913043478;1.4615384615384615;0.4445564516129034;-0.462962962962963;-2.1;-2.125;0.9255612808244388;-0.7272727272727273;-0.4;-0.6363636363636364;-0.09104081139821305;0.5;0.625;-0.4;0.0;-2.2777777777777777;0.6478980118379116;0.3333333333333333;0.6666666666666666;-0.046153846153846156;-0.2;0.8624999999999998
-0.29411764705882354;0.5714285714285714;-0.12903225806451613;-0.2941176470588236;-0.23783185840707965;0.0;0.27956989247311825;-0.5686274509803921;0.5405405405405406;-2.0;-0.19607843137254916;1.087;-0.352112676056338;-0.2890625;-0.15384615384615385;0.034102306920762285;5;-0.5205047318611989;-0.5538020086083213;-0.5595984943538267;-0.22580645161290322;-0.5882352941176471;-0.16;-0.36538461538461536;-0.12;-0.07407407407407407;0.7142857142857143;0.875;0.25;0.0;-0.3;-0.38636363636363635;-0.4479166666666667;0.16666666666666666;0.0;0.6;0.25;0.0;-1.75;0.8888888888888888;-0.5555555555555556;0.9090909090909091;0.375;0.4268130405854959;-0.2412323193179615;-0.1796345064240684;-0.46103946701990883;0.6578115117014548;-0.4782608695652174;-0.37037037037037035;-0.16849748650158244;-0.23404255319148937;-0.24357275377683527;-0.15384615384615385;0.8333333333333334;-0.3493465206640763;1.1666666666666667;0.5;0.5306946688206785;-0.19397363465160078;0.6666666666666666;0.14285714285714285;0.27457264957264954;-0.4522417153996102;0.75;-0.08333333333333333;0.7291126943005182;0.8259604190919677;0.6815297747249549;0.11116666666666668;-0.38595779220779225;0.1111111111111111;0.0;0.472384286269934;-0.1560224089635854;0.21428571428571427;1.3333333333333333;0.3012113055181696;-0.10204081632653071;0.0;0.75;-1.2776666666666667;-1.0909090909090908;0.5714285714285714;-0.15655494272380144;0.9814646556423768;-0.8333333333333334;0.25;0.3482142857142857;0.8441156988297639;-0.6363636363636364;1.0437317784256563;0.021739130434782532;-0.4807692307692307;0.4445564516129034;0.48148148148148145;0.1;1.3125;0.9020058888479942;-1.7272727272727273;-0.2;0.09090909090909091;-0.09104081139821305;-0.5;0.5;-0.2;-0.36427255985267026;0.05555555555555555;0.6167855516770374;0.0;-0.16666666666666666;-0.1204582651391163;0.4;0.5666666666666668
-0.23529411764705882;0.5714285714285714;-0.05161290322580645;-0.22624434389140283;-0.19469026548672566;0.0;0.22580645161290322;-0.13725490196078433;0.6216216216216216;0.625;-0.14052287581699394;1.1;-0.40845070422535196;-0.2265625;-0.05128205128205128;0.022066198595787363;5;-0.3249211356466877;-0.4318507890961261;-0.5595984943538267;-0.22580645161290322;-0.5098039215686274;-0.52;-0.07692307692307693;-0.24;-0.07407407407407407;0.5714285714285714;0.625;0.875;0.4;-0.3;-0.2803030303030303;-0.4479166666666667;0.16666666666666666;0.16666666666666666;0.0;0.5;0.0;-2.0;-1.5555555555555556;0.7777777777777778;0.09090909090909091;0.375;-0.019294743845641997;-0.20403022670025206;-0.06559731864974884;-0.40908559629095725;1.376976597090449;-0.4782608695652174;-0.2222222222222222;0.20592068516105005;-0.1702127659574468;0.013649615690431983;-0.15384615384615385;0.6666666666666666;-0.6852702225362063;1.1666666666666667;0.25;0.4846526655896607;-0.26177024482109235;0.6666666666666666;0.14285714285714285;0.28596866096866097;-0.47897521581732116;0.75;-0.08333333333333333;0.6476683937823834;0.9875824602250679;0.896326910763141;0.16666666666666666;-0.6201298701298702;0.2222222222222222;0.0;0.41676390509529365;-0.1428571428571428;0.21428571428571427;1.3333333333333333;0.2944818304172275;-0.12933673469387758;0.0;0.75;-1.4443333333333335;-1.0909090909090908;0.14285714285714285;-0.06576156130674586;1.0129020534254043;-0.8333333333333334;0.25;0.4087301587301587;0.7688231397659526;-0.6363636363636364;-0.5510204081632649;0.0;-0.019230769230769232;-0.36189516129032256;0.0;1.9;1.0625;1.1992086860507913;1.9090909090909092;0.0;0.09090909090909091;-0.7638251630041053;-0.16666666666666666;0.5;0.0;-0.714548802946593;2.1666666666666665;1.3528608286538168;0.0;0.0;-0.6130932896890344;0.2;0.33333333333333365
-0.17647058823529413;1.1428571428571428;0.05161290322580645;-0.17647058823529418;-0.14823008849557523;0.0;0.16129032258064516;0.0196078431372549;0.8378378378378378;1.0;-0.06862745098039257;1.103;-0.6760563380281689;-0.1640625;0.05982905982905983;0.006018054162487462;5;-0.28391167192428984;-0.36585365853658536;-0.5595984943538267;-0.22580645161290322;-0.0784313725490196;-0.44;-0.4230769230769231;-0.02;-0.07407407407407407;0.5714285714285714;0.5;0.625;-0.4;-0.3;-0.23484848484848486;-0.4479166666666667;0.16666666666666666;0.16666666666666666;0.2;0.5;0.0;0.625;-1.7777777777777777;-1.6666666666666667;0.8181818181818182;0.375;-0.019294743845641997;-0.1257508234838208;0.05043492139494038;-0.1883157361592707;1.6197027197975966;-0.391304347826087;-0.07407407407407407;0.8652020107987339;-0.1702127659574468;0.32096474953617815;-0.15384615384615385;0.8333333333333334;-0.07347227128223234;1.1666666666666667;0.625;0.7153473344103394;-0.5156308851224106;2.0;0.2857142857142857;0.3465099715099715;-0.4146477304372041;0.75;0.0;0.9792746113989638;1.1075863407062478;1.1386576634262764;0.16666666666666666;-0.6201298701298702;0.2222222222222222;0.0;0.36114352392065346;-0.1428571428571428;0.21428571428571427;1.3333333333333333;0.2885598923283984;-0.15382653061224497;0.0;0.75;-0.22216666666666665;-1.0909090909090908;0.5714285714285714;-0.1264319049639372;0.9622024350354352;-0.8333333333333334;0.25;0.513640873015873;0.7262088761315963;-0.6363636363636364;-0.740524781341108;0.021739130434782532;0.019230769230769232;-0.8373655913978496;0.0;0.5;-0.9375;0.2256164887743835;2.272727272727273;0.8;0.36363636363636365;-0.36633663366336644;0.6666666666666666;1.0;0.8;-0.07661141804788203;0.5555555555555556;1.6114736682349369;0.0;0.0;-0.8019639934533551;0.2;0.28750000000000026
-0.11764705882352941;1.1428571428571428;0.15483870967741936;-0.11764705882352952;-0.10176991150442478;0.0;0.15053763440860216;0.17647058823529413;1.162162162162162;1.5;-0.032679738562091526;1.1;-0.8732394366197181;-0.109375;0.19658119658119658;-0.010030090270812437;5;-0.27444794952681384;-0.3113342898134863;-0.5595984943538267;-0.22580645161290322;0.0784313725490196;0.0;-0.34615384615384615;0.06;-0.07407407407407407;1.1428571428571428;0.5;0.5;0.1;-0.3;-0.15151515151515152;-0.4479166666666667;0.16666666666666666;0.16666666666666666;0.2;1.25;0.0;1.0;0.5555555555555556;-1.8888888888888888;0.8181818181818182;0.375;-0.0026613439787092513;-0.016275915520247944;0.08067991381374186;0.05844079947013675;0.4282099936748894;0.08695652173913043;0.07407407407407407;1.563582200707503;-0.1702127659574468;0.6244367877020939;-0.15384615384615385;1.0556666666666665;-0.07347227128223234;1.1666666666666667;0.625;0.8308562197092084;-0.45499058380414314;2.0;0.2857142857142857;0.4355413105413105;-0.37733221943748263;0.75;0.0;1.2953367875647668;1.2509701202949168;1.2225391466325162;0.11116666666666668;-0.38595779220779225;0.1111111111111111;0.0;0.1944768572539868;-0.43277310924369744;0.21428571428571427;0.3333333333333333;0.2691790040376851;-0.1474489795918368;0.0;0.75;1.3333333333333333;0.8181818181818182;1.1428571428571428;-0.06576156130674586;1.0238051971651827;-0.8333333333333334;0.5;0.5845734126984128;0.7840582910134688;-0.6363636363636364;-0.8892128279883381;0.021739130434782532;0.0;-0.8373655913978496;0.018518518518518455;0.5;-0.0625;0.09965034965034966;1.0;0.0;-0.36363636363636365;-0.4477179425259599;0.6666666666666666;1.0;0.0;-0.07661141804788203;0.5555555555555556;0.4255577477614206;-0.3333333333333333;-0.16666666666666666;-0.6130932896890344;0.0;0.27916666666666695
-0.058823529411764705;0.42857142857142855;0.22580645161290322;-0.0542986425339367;-0.05254424778761062;-0.3333333333333333;0.13978494623655913;-0.29411764705882354;0.7837837837837838;-1.875;0.0;1.142;-0.42253521126760546;-0.0546875;0.19658119658119658;-0.02106318956870612;5;-0.28391167192428984;-0.21520803443328537;-0.3249686323713926;-0.11827956989247312;0.23529411764705882;0.16;0.07692307692307693;-0.12;-0.14814814814814814;1.1428571428571428;1.0;0.5;0.0;0.1;-0.07575757575757576;-0.3125;0.0;0.16666666666666666;0.2;0.5;0.5;1.5;0.8888888888888888;0.4444444444444444;-0.45454545454545453;-0.25;-0.0026613439787092513;0.12361945359426467;0.11730907349772554;0.006486928741185148;1.0955091714104999;-0.08695652173913043;0.07407407407407407;1.3077639173338298;-0.1702127659574468;0.4704479194275113;-0.038461538461538464;1.0;0.1306958671847404;1.0;0.625;0.8537964458804523;-0.5412429378531074;2.3333333333333335;0.2857142857142857;0.41025641025641035;-0.37733221943748263;0.75;0.0;0.9030116580310881;1.2360302677532018;1.303102625298329;0.0;-0.2142857142857143;0.0;0.0;0.08343057176196035;-0.49243697478991594;0.14285714285714285;-0.3333333333333333;0.21157469717362049;-0.13290816326530622;0.0;0.75;0.22233333333333336;-1.0;1.1428571428571428;-0.3990241832838354;1.262765764128657;-0.8333333333333334;0.5;0.265625;1.0496798410245087;-0.6363636363636364;0.816326530612245;0.021739130434782532;-0.0;-0.8568548387096775;0.018518518518518455;-2.7;-2.0625;1.055852042694148;-1.9090909090909092;-1.0;-0.45454545454545453;0.08355469693310796;-0.8333333333333334;0.375;-1.0;0.13627992633517497;-3.0;1.0660191227803917;-0.3333333333333333;0.0;-0.6130932896890344;-0.2;0.28750000000000026
0.0;0.42857142857142855;0.2967741935483871;0.0;0.0;-0.3333333333333333;0.12903225806451613;-0.21568627450980393;0.40540540540540543;-1.75;0.032679738562091526;1.179;-0.0422535211267605;0.0;0.21367521367521367;-0.0320962888665998;5;-0.15141955835962162;-0.18938307030129123;-0.17942283563362593;-0.11827956989247312;-0.23529411764705882;0.32;0.23076923076923078;0.18;-0.037037037037037035;0.42857142857142855;1.0;1.0;0.5;-0.3;0.03787878787878788;-0.21875;-0.16666666666666666;0.0;0.2;-0.25;-1.5;-1.875;1.3333333333333333;0.7777777777777778;0.6363636363636364;-0.25;-0.0026613439787092513;0.008331718659174436;0.10765302050913735;-0.07143413721899718;1.196394686907021;-0.08695652173913043;0.07407407407407407;1.3029231055669337;-0.1702127659574468;0.32520540683805993;0.038461538461538464;0.7223333333333333;0.1306958671847404;1.0;0.625;0.761550888529887;-0.5073446327683615;2.3333333333333335;0.2857142857142857;0.4355413105413105;-0.4085213032581454;0.75;0.0;0.48575129533678757;1.2072176949941795;1.3532219570405728;-0.16666666666666666;-0.2142857142857143;-0.1111111111111111;-0.3333333333333333;0.027810190587320115;-0.3725490196078431;0.07142857142857142;-0.3333333333333333;0.21157469717362049;-0.13290816326530622;0.0;0.75;-1.0;-1.0;1.1428571428571428;-1.0657615613067457;1.2475013628929674;-0.8333333333333334;0.5;-0.03546626984126985;1.2276440715389711;-0.6363636363636364;0.7376093294460645;0.021739130434782532;0.0;-0.8568548387096775;0.018518518518518455;0.1;1.6875;0.9602502760397497;-2.272727272727273;0.0;0.45454545454545453;-0.3081381308862594;-0.8333333333333334;0.375;0.0;0.13627992633517497;0.1111111111111111;1.1628471695249658;-0.3333333333333333;0.0;-0.8019639934533551;-0.2;0.15000000000000013
0.058823529411764705;1.0;0.3935483870967742;0.058823529411764656;0.05530973451327434;-0.3333333333333333;0.10752688172043011;0.23529411764705882;0.5675675675675675;0.75;0.06535947712418305;1.183;-0.1267605633802817;0.0703125;0.3247863247863248;-0.04714142427281846;5;-0.034700315457412936;-0.08895265423242475;-0.0765370138017565;-0.06236559139784943;-0.1568627450980392;-0.16;0.38461538461538464;-0.18;0.037037037037037035;0.42857142857142855;0.375;1.0;0.3;0.0;0.13636363636363635;-0.09375;-0.3333333333333333;-0.16666666666666666;0.0;0.0;-2.5;-1.75;-1.6666666666666667;1.2222222222222223;-1.3636363636363635;-0.5;0.01397205588822379;0.015694632823096206;0.06990663155374652;-0.0519538707289516;1.467425679949399;-0.08695652173913043;0.12962962962962962;1.1541612362688511;-0.0851063829787234;0.4320169626292074;0.3076923076923077;0.6666666666666666;-0.07347227128223234;1.0;0.5;0.8077544426494345;-0.4587570621468926;2.3333333333333335;0.2857142857142857;0.4738247863247863;-0.37761069340016706;0.75;0.0;0.8178432642487047;1.221963523476911;1.4227836311776005;-0.2778333333333333;-0.38595779220779225;-0.1111111111111111;-0.6666666666666666;-0.05562038117464023;-0.32633053221288516;0.07142857142857142;-0.3333333333333333;0.2500672947510094;-0.20178571428571437;0.14285714285714285;0.75;-1.3333333333333333;-1.0;0.2857142857142857;-0.45969452694102664;1.2196983463565327;-0.8333333333333334;0.5;0.05307539682539683;1.251269595937293;-0.6363636363636364;-0.44897959183673447;0.04347826086956526;0.019230769230769232;-0.8373655913978496;0.037037037037037236;2.0;1.125;1.5313765182186234;2.0;0.8;0.36363636363636365;0.08355469693310796;0.6666666666666666;0.875;0.8;-0.07661141804788203;2.2222222222222223;1.422977690089543;0.0;0.16666666666666666;-0.6130932896890344;0.0;0.03333333333333337
0.11764705882352941;1.1428571428571428;0.4967741935483871;0.11764705882352931;0.11393805309734513;-0.3333333333333333;0.08602150537634409;0.2549019607843137;0.6486486486486487;0.5;0.09803921568627386;1.192;-0.14084507042253522;0.34375;0.41025641025641024;-0.06318956870611836;5;-0.022082018927444467;0.0;0.0;0.15268817204301077;0.29411764705882354;-0.08;-0.07692307692307693;-0.1;0.5185185185185185;1.0;0.375;0.375;0.2;-0.2;0.22727272727272727;0.010416666666666666;-0.3333333333333333;-0.3333333333333333;-0.2;0.0;0.5;0.75;-1.5555555555555556;-1.7777777777777777;-1.5454545454545454;0.75;0.01397205588822379;0.023251307886068443;0.08554784135344339;0.12987493668913394;1.310088551549652;0.0;0.14814814814814814;0.6201824613665986;0.2127659574468085;0.6045587065995227;0.3076923076923077;0.9445;0.045566937477922995;1.0;0.625;0.8999999999999999;-0.4131826741996233;2.3333333333333335;0.2857142857142857;0.5500356125356126;-0.354775828460039;0.75;0.0;1.2148639896373057;1.2600892510671324;1.500436579544793;-0.2778333333333333;-0.38595779220779225;-0.1111111111111111;-0.6666666666666666;-0.11104628549202646;-0.35658263305322124;0.07142857142857142;-0.3333333333333333;0.19246298788694485;-0.18750000000000008;0.14285714285714285;0.75;-0.2776666666666667;-0.9090909090909091;0.2857142857142857;0.14637250742469238;0.9360348900599672;-0.75;0.5;-0.0709325396825397;1.1724442481784059;-0.6363636363636364;-0.30903790087463523;0.021739130434782532;-0.019230769230769232;-0.8373655913978496;0.037037037037037236;-0.2;-1.4375;0.4536253220463746;1.7272727272727273;0.2;-0.2727272727272727;-0.5025356194156002;0.8333333333333334;1.0;0.2;0.047513812154696126;-0.2222222222222222;1.271968432235544;0.3333333333333333;0.16666666666666666;-0.47463175122749596;0.4;0.020833333333333353
0.17647058823529413;-0.14285714285714285;0.5419354838709678;0.17647058823529396;0.17699115044247787;0.0;0.08602150537634409;0.6274509803921569;1.7567567567567568;2.5;0.14052287581699321;1.187;-0.3943661971830986;0.3828125;0.46153846153846156;-0.07021063189568706;5;0.006309148264984234;0.018651362984218253;0.10664993726474285;0.2602150537634409;0.3137254901960784;0.38;0.0;0.34;0.2962962962962963;1.1428571428571428;0.875;0.375;0.2;0.2;0.3181818181818182;0.15625;-0.16666666666666666;-0.3333333333333333;-0.4;0.0;1.0;0.5;0.6666666666666666;-1.6666666666666667;0.36363636363636365;-0.375;0.8922155688622758;0.27165278046890123;0.1564120979969673;0.40908559629095725;0.9451296647691335;0.5;0.5;1.4528020852727612;0.2127659574468085;0.9450039756162202;0.4230769230769231;0.7223333333333333;0.8534086895090074;0.3333333333333333;0.625;0.7846526655896608;0.00941619585687379;1.0;0.2857142857142857;0.4610042735042736;-0.25786688944583686;0.75;0.0;0.6136658031088081;1.0899301513387663;1.5460736946271607;-0.11116666666666668;0.0;-0.1111111111111111;0.0;-0.11104628549202646;-0.35658263305322124;0.07142857142857142;-0.3333333333333333;0.15397039030955587;-0.20790816326530623;0.14285714285714285;0.75;1.6111666666666666;0.7272727272727273;2.2857142857142856;0.6009758167161646;1.3390877703071051;-0.75;1.5;0.24801587301587302;1.4521969529697505;-0.6363636363636364;-0.7201166180758015;1.1304347826086956;0.9807692307692306;0.12298387096774199;0.9629629629629632;1.6;1.0625;0.4342105263157894;1.3636363636363635;-1.8;-0.9090909090909091;0.6384931176044434;-1.3333333333333333;-0.125;-1.8;0.8898710865561693;1.7777777777777777;0.9216876612536045;0.6666666666666666;0.16666666666666666;-0.47463175122749596;0.8;-0.004166666666666671
0.23529411764705882;-0.7142857142857143;0.5612903225806452;0.23529411764705885;0.24668141592920353;0.0;0.010752688172043012;0.37254901960784315;1.3513513513513513;0.625;0.21241830065359457;1.201;-0.5070422535211266;0.4140625;0.6068376068376068;-0.0732196589769308;5;-0.009463722397476;0.022955523672883806;0.16436637390213296;0.3698924731182796;0.6862745098039216;0.4;0.4423076923076923;0.5;0.7037037037037037;-0.14285714285714285;1.0;0.875;0.6;-0.6;0.4393939393939394;0.21875;0.16666666666666666;-0.16666666666666666;-0.4;0.0;1.0;2.5;0.4444444444444444;0.5555555555555556;0.6363636363636364;0.625;0.8779108449767135;0.41813602015113344;0.219854760194717;0.45453305801223354;0.6990828589500315;0.5217391304347826;0.5;1.551293986222305;0.2127659574468085;1.034057778955738;0.4230769230769231;0.05566666666666661;1.4627340162486755;-0.3333333333333333;0.625;0.4846526655896607;0.5333333333333332;-0.3333333333333333;0.2857142857142857;0.42289886039886043;-0.11695906432748537;0.0;0.0;-0.46437823834196895;0.7991850989522704;1.4858257174457186;0.0;-0.2142857142857143;0.0;0.0;-0.13885647607934656;-0.40112044817927167;0.07142857142857142;-0.3333333333333333;0.09609690444145358;-0.23086734693877559;0.14285714285714285;0.75;1.5556666666666665;0.7272727272727273;2.2857142857142856;0.5099703012303777;1.3129202253316372;-0.75;1.5;0.15922619047619044;1.4067122985206448;-0.6363636363636364;-0.055393586005830636;0.0;-1.0;0.14247311827957004;0.9444444444444444;-1.6;-2.0625;0.8319838056680163;0.09090909090909091;-0.8;0.45454545454545453;0.2021250905578362;-2.1666666666666665;-0.625;-0.8;1.5252302025782687;-1.8333333333333333;0.6952496585217786;-0.3333333333333333;-0.5;-0.30180032733224227;0.4;0.008333333333333342
0.29411764705882354;-0.5714285714285714;0.5870967741935483;0.2941176470588235;0.3213495575221239;-0.3333333333333333;-0.10752688172043011;0.8235294117647058;2.027027027027027;3.25;-0.30065359477124204;1.195;1.6197183098591548;0.4453125;0.7264957264957265;-0.07723169508525576;5;0.03470031545741364;0.018651362984218253;0.2120451693851945;0.47741935483870973;0.43137254901960786;0.78;0.46153846153846156;0.66;0.8518518518518519;-0.7142857142857143;-0.125;1.0;0.6;-0.1;0.5606060606060606;0.3333333333333333;0.0;0.16666666666666666;-0.2;-0.25;2.5;0.625;2.2222222222222223;0.3333333333333333;1.0;0.625;-0.019294743845641997;0.4863398566169347;0.27683345303646933;0.6428487941715042;0.986875395319418;0.6521739130434783;0.6851851851851852;2.359523366226029;0.2127659574468085;1.4375828253379273;0.4230769230769231;-0.6110000000000001;-0.15365595196043802;-0.3333333333333333;-0.5;0.2075928917609047;0.5977401129943503;-0.3333333333333333;0.2857142857142857;0.3338675213675214;0.04204956836535779;0.0;0.0;-0.7266839378238341;0.5004850601474585;1.368531346411316;0.0;-0.2142857142857143;0.0;0.0;-0.16666666666666669;-0.4134453781512605;0.07142857142857142;-0.3333333333333333;-0.038492597577388966;-0.4043367346938776;0.14285714285714285;0.0;2.7778333333333336;0.8181818181818182;3.142857142857143;0.9342384386932541;1.7752135198982373;-0.75;2.25;0.4427083333333333;1.7650695517774342;-0.6363636363636364;-0.7551020408163263;0.021739130434782532;0.019230769230769232;0.14247311827957004;0.0;2.0;2.1875;1.171512697828487;0.45454545454545453;0.2;0.45454545454545453;0.2021250905578362;-0.5;-0.5;0.2;-0.16022099447513813;2.2222222222222223;0.9655486416755198;-0.3333333333333333;0.0;-0.235024549918167;-0.2;-0.029166666666666695
0.35294117647058826;-0.5714285714285714;0.6129032258064516;0.35294117647058815;0.39823008849557523;0.0;-0.1827956989247312;0.5098039215686274;2.2432432432432434;1.0;0.35294117647058776;1.21;-0.9859154929577465;0.46875;0.7863247863247863;-0.08124373119358075;5;0.015772870662460935;0.07890961262553792;0.29611041405269767;0.5870967741935483;0.8823529411764706;0.52;0.8269230769230769;0.18;0.5185185185185185;-0.5714285714285714;-0.625;-0.125;0.1;-0.2;0.6439393939393939;0.4375;-0.16666666666666666;0.0;0.2;-0.5;1.0;3.25;0.5555555555555556;2.111111111111111;-1.4545454545454546;-1.125;0.4268130405854959;0.591164503003294;0.35352326230947245;0.603888261191413;1.027514231499051;0.6521739130434783;0.6851851851851852;1.647924036492273;0.2978723404255319;1.3591306652531139;0.4230769230769231;-0.7776666666666667;-0.6852702225362063;-0.3333333333333333;-0.875;0.04604200323101779;0.7288135593220338;-0.3333333333333333;0.2857142857142857;0.25747863247863245;0.16429963798384847;0.0;0.0;-0.6476683937823834;0.10758634070624774;1.1908725769835264;0.0;-0.2142857142857143;0.0;0.0;-0.11104628549202646;-0.35658263305322124;0.07142857142857142;-0.3333333333333333;-0.07671601615074022;-0.4665816326530613;0.14285714285714285;-0.5;2.1111666666666666;0.8181818181818182;3.142857142857143;1.6313109885447603;1.295475195347992;-0.6666666666666666;2.25;0.6552579365079366;1.7551335835725326;-0.6363636363636364;0.04081632653061228;0.5652173913043478;0.4807692307692307;-0.36189516129032256;0.48148148148148145;-1.9;-2.5;1.352870813397129;0.18181818181818182;0.0;-0.09090909090909091;-0.36633663366336644;0.16666666666666666;-0.5;0.0;-0.714548802946593;-2.0555555555555554;0.991652754590985;0.6666666666666666;0.5;-0.235024549918167;0.4;-0.012500000000000011
0.4117647058823529;0.8571428571428571;0.7032258064516129;0.4117647058823528;0.4795353982300885;1.0;-0.21505376344086022;0.5882352941176471;2.5135135135135136;1.25;0.4281045751633986;1.228;-1.0563380281690142;0.4921875;0.8205128205128205;-0.09528585757271815;5;0.06309148264984234;0.13199426111908188;0.3186951066499372;0.5870967741935483;0.5686274509803921;0.98;0.5769230769230769;0.26;1.0740740740740742;-0.5714285714285714;-0.5;-0.625;0.1;0.3;0.7272727272727273;0.59375;0.16666666666666666;-0.16666666666666666;0.0;-0.75;-0.5;1.0;2.888888888888889;0.4444444444444444;-1.3636363636363635;0.375;1.7305389221556893;0.9492346444487505;0.45016359428617014;0.6753223984104102;0.4799177735610374;0.8043478260869565;0.6851851851851852;0.5140569726307952;0.7872340425531915;1.414524251258945;0.4230769230769231;-0.16666666666666666;1.1504768632991875;-0.16666666666666666;0.375;0.11534733441033931;0.8538606403013181;-0.3333333333333333;0.2857142857142857;0.24483618233618235;0.14842662211083274;0.0;0.0;0.23510362694300516;-0.15939076445479228;1.0544269165842015;0.38883333333333336;1.0693993506493507;0.0;2.0;0.13885647607934656;0.12296918767507004;0.07142857142857142;1.6666666666666667;0.057873485868102315;-0.1941326530612245;0.14285714285714285;1.0;2.389;1.0909090909090908;3.142857142857143;2.3587187102248617;0.5020897692167908;0.8333333333333334;2.25;0.6907242063492064;1.7703687348200488;-0.6363636363636364;0.25364431486880523;1.6956521739130437;1.0;0.46303763440860224;1.9074074074074074;0.1;1.1875;1.1503496503496502;-1.5454545454545454;2.0;0.9090909090909091;0.3248007727602028;1.6666666666666667;0.75;2.0;1.1996316758747696;0.1111111111111111;0.43269084838366983;2.0;0.6666666666666666;0.34762684124386245;1.8;-0.05833333333333339
0.47058823529411764;0.8571428571428571;0.7935483870967742;0.4705882352941177;0.5652654867256637;1.0;-0.24731182795698925;0.43137254901960786;2.4864864864864864;0.0;0.4999999999999993;1.255;-0.9859154929577465;0.515625;0.8376068376068376;-0.10932798395185557;5;0.11987381703470044;0.13773314203730283;0.40652446675031356;0.7505376344086021;0.6470588235294118;0.66;1.0192307692307692;0.72;0.4074074074074074;0.8571428571428571;-0.5;-0.5;0.5;0.1;0.8409090909090909;0.7291666666666666;1.1666666666666667;0.16666666666666666;-0.2;-0.75;0.0;1.25;0.8888888888888888;2.7777777777777777;0.45454545454545453;-2.375;1.7455089820359289;1.1834915714008916;0.5689889075093766;0.5454474617212763;-0.2043010752688172;0.717391304347826;0.46296296296296297;0.25321169242226793;0.8085106382978723;1.056586270871985;0.5769230769230769;0.38899999999999996;1.1504768632991875;-0.16666666666666666;0.375;0.09224555735056537;0.792090395480226;-0.3333333333333333;0.2857142857142857;0.25747863247863245;0.15956558061821233;0.0;0.0;0.9715025906735751;-0.07576639503298398;0.9484254031084464;0.9445;1.0693993506493507;0.2222222222222222;2.6666666666666665;0.4445740956826138;0.4159663865546219;0.14285714285714285;2.3333333333333335;0.21157469717362049;0.055357142857142765;0.14285714285714285;1.5;0.9445;0.36363636363636365;0.8571428571428571;2.1769198133220193;0.6632745775031801;0.5;2.25;0.9387400793650795;1.570986972841687;-0.6363636363636364;0.8862973760932946;0.5869565217391305;-0.9807692307692306;0.14247311827957004;1.9259259259259263;-1.1;-0.8125;0.2821126242178874;-0.8181818181818182;0.0;-0.9090909090909091;0.3890364646220719;1.6666666666666667;0.75;0.0;1.1996316758747696;-1.2222222222222223;-0.1815146456214903;0.6666666666666666;-0.6666666666666666;-0.046153846153846156;1.8;-0.10833333333333343
0.5294117647058824;1.1428571428571428;0.896774193548387;0.5294117647058824;0.6548672566371682;1.6666666666666667;-0.24731182795698925;0.39215686274509803;2.3783783783783785;-0.5;0.5751633986928102;1.287;-0.8591549295774645;0.53125;0.8290598290598291;-0.12537612838515547;5;0.20504731861198724;0.15064562410329982;0.48431618569636126;0.8602150537634409;0.49019607843137253;0.74;0.7115384615384616;0.74;0.5555555555555556;0.8571428571428571;0.75;-0.5;0.6;0.0;0.9621212121212122;0.8541666666666666;1.5;1.1666666666666667;0.2;-0.5;0.0;0.0;1.1111111111111112;0.7777777777777778;0.2727272727272727;-2.625;1.3050565535595482;1.3900406897888007;0.7114356396137578;0.5064869287411852;0.0;0.6739130434782609;0.46296296296296297;0.0;0.9361702127659575;0.6133050622846538;1.1153846153846154;1.0556666666666665;-0.48110208406923344;1.5;0.625;0.09224555735056537;0.792090395480226;-0.3333333333333333;0.2857142857142857;0.3084045584045583;0.2094124199387357;0.0;0.0;1.1352007772020725;0.38785409390764464;0.8809593107864254;1.6111666666666666;0.619724025974026;0.8888888888888888;4.0;0.8335278101905873;0.7929971988795519;0.14285714285714285;3.6666666666666665;0.4422611036339166;0.3956632653061224;0.14285714285714285;2.5;0.2778333333333333;0.0;0.8571428571428571;1.9344505727619854;0.902962020715973;0.16666666666666666;2.25;1.1512896825396823;1.317288584676529;-0.5454545454545454;1.3381924198250732;1.1521739130434785;0.5;0.0;1.4629629629629632;-0.5;0.3125;-0.09201324990798675;-1.3636363636363635;0.4;0.18181818181818182;0.2726394590678579;0.3333333333333333;1.0;0.4;-0.5016574585635358;-0.5555555555555556;0.014569737441189874;1.3333333333333333;0.3333333333333333;-0.1472995090016367;1.4;-0.17916666666666636
0.5882352941176471;-0.42857142857142855;0.9290322580645162;0.5520361990950226;0.7461283185840708;-1.6666666666666667;-0.4838709677419355;0.5098039215686274;2.3783783783783785;0.0;0.643790849673202;1.3;-0.9718309859154929;0.546875;0.8717948717948718;-0.13039117352056168;5;0.305993690851735;0.14347202295552378;0.5006273525721456;0.967741935483871;0.45098039215686275;0.58;0.7884615384615384;1.12;1.3703703703703705;1.1428571428571428;0.75;0.75;-0.3;0.0;1.0151515151515151;0.9791666666666666;2.1666666666666665;1.5;1.4;0.0;0.0;-0.5;0.0;1.0;1.7272727272727273;0.0;1.6773120425815042;0.8835496996706066;0.6080121299178038;0.4805197335099544;-0.35373181530676784;0.6739130434782609;0.3888888888888889;-0.04989759821262314;0.9361702127659575;0.5021203286509408;1.1153846153846154;0.5556666666666666;1.1805015895443307;0.0;0.625;0.04604200323101779;0.8519774011299435;-0.3333333333333333;0.2857142857142857;0.21937321937321927;0.2871066555277081;0.0;0.0;0.4808937823834198;0.6407644547923943;0.7724547412538564;0.5;5.061688311688312;-1.3333333333333333;4.0;0.4445740956826138;1.6677871148459384;-0.7142857142857143;3.6666666666666665;0.1730820995962315;0.7790816326530612;-0.6428571428571429;2.5;-0.2776666666666667;0.0;-0.5714285714285714;1.3283835383962663;0.7766672723968743;0.16666666666666666;2.25;1.0627480158730158;1.3353941267387945;-0.5454545454545454;0.36734693877551056;-5.500000000000001;-5.884615384615385;4.844086021505377;-3.7222222222222228;0.3;0.4375;0.002208317997791684;-0.09090909090909091;-2.2;-1.1818181818181819;0.685100217338807;-1.5;-0.375;-2.2;1.2309392265193368;0.3333333333333333;-0.324935498558203;-8.666666666666666;-5.0;4.6883797054009815;-4.2;-0.2624999999999998
0.6470588235294118;0.5714285714285714;1.0064516129032257;0.6470588235294117;0.8401548672566371;-4.333333333333333;-0.9247311827956989;0.5294117647058824;2.4054054054054053;0.0;0.7091503267973851;1.303;-1.2112676056338025;0.5546875;0.9401709401709402;-0.1424272818455366;5;0.34700315457413283;0.1635581061692971;0.5043914680050188;1.0774193548387097;0.5686274509803921;0.54;0.6346153846153846;0.86;1.6666666666666667;-0.42857142857142855;1.0;0.75;-0.7;0.4;1.0378787878787878;1.1458333333333333;-2.1666666666666665;2.1666666666666665;1.8;-0.25;0.0;0.0;-0.4444444444444444;-0.1111111111111111;0.36363636363636365;0.375;3.822687957418497;0.5086223600077505;0.4277392067672172;0.5129738574823703;-0.23814041745730546;0.6739130434782609;0.4074074074074074;-0.18208899646248364;0.9574468085106383;0.45096739994699175;1.1153846153846154;0.44449999999999995;1.0777110561638996;0.0;0.625;0.2537964458804523;0.6772128060263651;0.0;0.2857142857142857;0.16844729344729342;0.23141186299081049;0.0;0.0;0.11933290155440415;0.8252813348855259;0.7161068746725654;-1.7221666666666666;8.357548701298702;-3.3333333333333335;4.0;-0.41676390509529365;3.564145658263305;-2.0;3.6666666666666665;-0.4422611036339165;1.9022959183673467;-1.9285714285714286;2.5;-0.2776666666666667;0.0;-0.5714285714285714;1.176707679253288;0.8302743957841179;0.16666666666666666;2.25;0.9211309523809523;1.3404725104879665;-0.5454545454545454;-0.06705539358600557;-3.8260869565217397;1.4807692307692308;4.491599462365593;-7.962962962962964;-0.2;-0.375;-0.2722672064777327;0.18181818181818182;1.4;1.6363636363636365;1.2385897126297996;-0.6666666666666666;0.5;1.4;1.1237569060773478;-0.2222222222222222;-0.21399301866747603;-6.0;1.3333333333333333;4.283142389525368;-8.6;-0.29583333333333317
-0.9411764705882353;2.142857142857143;-0.8451612903225807;-0.9411764705882354;-0.5077433628318584;-0.6666666666666666;0.2903225806451613;-0.9019607843137255;-0.2972972972972973;1.0;-2.9673202614379086;0.255;-0.1267605633802817;-2.609375;-2.9743589743589745;0.14543630892678033;6;-2.9495268138801265;-1.1936872309899569;-0.5595984943538267;-0.3333333333333333;-0.8431372549019608;-0.78;-0.6730769230769231;-0.44;-0.07407407407407407;2.142857142857143;1.875;1.875;1.3;1.1;-0.6136363636363636;-0.3020833333333333;-0.6666666666666666;-0.6666666666666666;-0.8;-1.25;-2.5;1.0;0.8888888888888888;0.7777777777777778;0.6363636363636364;0.375;0.6530272787757819;-0.7488858748304593;-0.9849972069268216;-0.8571317255620057;-0.27767235926628714;-0.7608695652173914;-0.9444444444444444;-0.8570098678086017;-0.44680851063829785;-1.1653856347733897;-0.07692307692307693;2.4445;0.8594136347580361;3.0;1.5;2.3770597738287558;0.543502824858757;6.333333333333333;1.2857142857142858;2.381588319088319;0.22528543581175167;5.0;0.5833333333333334;0.5365932642487047;-0.5145518044237484;-0.9932475697072005;-0.6666666666666666;1.1018668831168832;-0.3333333333333333;-1.6666666666666667;-0.7779074290159472;0.4756302521008404;-0.07142857142857142;-2.0;-1.134320323014805;0.3247448979591837;0.0;-1.75;1.2778333333333334;1.0909090909090908;0.5714285714285714;1.6616461603733559;0.0;1.1666666666666667;0.0;1.8777281746031744;0.09626849194082578;1.5454545454545454;-2.3848396501457727;1.0869565217391306;-1.9038461538461537;1.4952956989247315;0.0;-0.8;0.4375;-0.1235737946264262;-0.6363636363636364;-1.4;0.2727272727272727;-0.4931176044433712;-1.8333333333333333;1.0;-0.8;0.11454880294659296;0.0;-0.46668690241311267;2.0;-1.6666666666666667;1.5126022913256953;0.6;12.841666666666669
-0.8823529411764706;1.1428571428571428;-0.7419354838709677;-0.8823529411764707;-0.49557522123893805;0.0;0.2903225806451613;-1.0;-0.2972972972972973;0.0;-2.222222222222222;0.515;0.32394366197183094;-2.609375;-2.9743589743589745;0.12938816449348045;6;-2.9495268138801265;-1.1936872309899569;-0.5595984943538267;-0.3333333333333333;-0.8431372549019608;-0.78;-0.6730769230769231;-0.44;-0.07407407407407407;2.142857142857143;1.875;1.875;1.3;1.1;-0.6136363636363636;-0.3020833333333333;-0.6666666666666666;-0.6666666666666666;-0.8;-1.25;-2.5;1.0;0.8888888888888888;0.7777777777777778;0.6363636363636364;0.375;0.6530272787757819;-0.7488858748304593;-0.9849972069268216;-0.9058323917871196;-0.27767235926628714;-0.8695652173913043;-0.9444444444444444;-0.8570098678086017;-0.5531914893617021;-1.1653856347733897;-0.2692307692307692;1.8611666666666666;0.8594136347580361;1.8333333333333333;1.5;1.8116316639741519;0.543502824858757;4.0;1.2857142857142858;1.758368945868946;0.22528543581175167;3.25;0.5833333333333334;0.5365932642487047;-0.5145518044237484;-0.9932475697072005;-0.16666666666666666;1.1018668831168832;-0.3333333333333333;0.3333333333333333;-0.1944768572539868;0.4756302521008404;-0.07142857142857142;0.0;-0.32678331090174967;0.3247448979591837;0.0;-0.25;0.6111666666666666;0.36363636363636365;0.5714285714285714;0.8131098854476029;0.0;0.5;0.0;0.8856646825396826;0.09626849194082578;0.8181818181818182;-0.1807580174927109;1.0869565217391306;-1.9038461538461537;1.4952956989247315;0.0;-0.8;0.4375;-0.1235737946264262;-0.6363636363636364;-1.4;0.2727272727272727;-0.4931176044433712;-1.8333333333333333;1.0;-0.8;0.11454880294659296;0.0;-0.46668690241311267;2.0;-1.6666666666666667;1.5126022913256953;0.6;12.841666666666669
-0.8235294117647058;0.5714285714285714;-0.6645161290322581;-0.8235294117647061;-0.4811946902654867;-0.3333333333333333;0.25806451612903225;-0.9411764705882353;-0.32432432432432434;0.0;-1.69281045751634;0.659;0.07042253521126766;-2.609375;-2.9743589743589745;0.11735205616850551;6;-2.1293375394321767;-1.1936872309899569;-0.5595984943538267;-0.3333333333333333;-0.9411764705882353;-0.78;-0.6730769230769231;-0.44;-0.07407407407407407;1.1428571428571428;1.875;1.875;1.3;1.1;-0.6136363636363636;-0.3020833333333333;0.3333333333333333;-0.6666666666666666;-0.8;-1.25;-2.5;0.0;0.8888888888888888;0.7777777777777778;0.6363636363636364;0.375;0.23120425815036608;-0.9945746948265841;-1.0861862580799617;-0.9025791872832819;-0.4388045540796964;-0.8695652173913043;-0.9444444444444444;-1.0467324520573449;-0.5531914893617021;-1.300424065730188;-0.2692307692307692;1.4445;1.0777110561638996;1.1666666666666667;1.5;1.4077544426494346;0.7762711864406777;2.6666666666666665;1.2857142857142858;1.3132122507122508;0.3973823447507657;2.25;0.5833333333333334;0.9792746113989638;-0.24932091579355825;-0.8340997729786366;-0.2221666666666667;0.619724025974026;-0.3333333333333333;0.3333333333333333;-0.25923765071956445;0.1428571428571429;-0.07142857142857142;0.0;-0.41641991924629884;0.021683673469387748;0.0;-0.25;0.38899999999999996;0.36363636363636365;0.5714285714285714;0.5303351718285956;-0.18862438669816467;0.5;0.0;0.5550595238095238;-0.13292117465224118;0.8181818181818182;-0.7463556851311954;-1.065217391304348;-1.9038461538461537;1.4952956989247315;0.0;0.0;0.4375;-0.1235737946264262;-0.6363636363636364;-0.8;0.2727272727272727;-0.4931176044433712;-1.8333333333333333;0.5;-0.8;0.11454880294659296;0.0;-0.46668690241311267;-1.3333333333333333;-1.6666666666666667;1.5126022913256953;0.6;4.591666666666666
-0.7647058823529411;1.1428571428571428;-0.5612903225806452;-0.7647058823529412;-0.4646017699115044;-0.6666666666666666;0.20430107526881722;-1.1176470588235294;-0.6756756756756757;-1.75;-1.3169934640522878;0.843;1.0422535211267605;-2.609375;-2.9743589743589745;0.10130391173520562;6;-1.6750788643533123;-1.1936872309899569;-0.5595984943538267;-0.3333333333333333;-0.8823529411764706;-0.88;-0.6730769230769231;-0.44;-0.07407407407407407;0.5714285714285714;1.0;1.875;1.3;1.1;-0.6136363636363636;-0.3020833333333333;-0.3333333333333333;0.3333333333333333;-0.8;-1.25;-2.5;0.0;0.0;0.7777777777777778;0.6363636363636364;0.375;-1.2092481703260147;-1.037589614415811;-1.1039023222408428;-0.9740133245022792;-0.11211258697027192;-1.0;-0.9814814814814815;-0.6224166821820888;-0.6808510638297872;-0.9984097535117942;-0.5;1.0556666666666665;-0.07347227128223234;1.1666666666666667;0.625;1.3673667205169628;0.40150659133709987;2.6666666666666665;1.2857142857142858;1.2686965811965814;0.12030075187969937;2.25;0.5833333333333334;0.9792746113989638;0.1941210710128057;-0.5680190930787589;-0.2221666666666667;0.619724025974026;-0.3333333333333333;0.3333333333333333;-0.3889537145079736;0.07927170868347336;-0.07142857142857142;0.0;-0.5959623149394347;-0.036224489795918455;0.0;-0.25;-0.8333333333333334;-0.9090909090909091;-0.5714285714285714;-0.35362749257530757;0.634199527530438;-0.6666666666666666;0.0;-0.47842261904761907;0.8668580260543167;-0.45454545454545453;2.6122448979591844;-0.5434782608695653;0.4615384615384615;0.8783602150537635;-1.388888888888889;-1.2;-0.8125;-0.08189179241810818;-1.0;0.8;0.7272727272727273;0.3677855590437092;-0.0;1.0;0.8;-0.07661141804788203;-1.3888888888888888;-0.051601153437547405;-0.6666666666666666;0.3333333333333333;0.9302782324058918;-1.0;2.8208333333333333
-0.7058823529411765;0.5714285714285714;-0.4838709677419355;-0.7058823529411765;-0.4452433628318584;-1.0;0.11827956989247312;-0.6862745098039216;-0.5135135135135135;0.75;-1.0294117647058825;0.84;-0.23943661971830976;-2.609375;-2.9743589743589745;0.08926780341023069;6;-1.0946372239747635;-1.1936872309899569;-0.5595984943538267;-0.3333333333333333;-1.0588235294117647;-0.82;-0.7692307692307693;-0.44;-0.07407407407407407;1.1428571428571428;0.5;1.0;1.3;1.1;-0.6136363636363636;-0.3020833333333333;-0.6666666666666666;-0.3333333333333333;0.4;-1.25;-2.5;-1.75;0.0;-0.1111111111111111;0.6363636363636364;0.375;-0.867598137059215;-1.0067816314667701;-1.0912137898012928;-0.870125063310866;0.9120809614168249;-1.0;-0.7407407407407407;-0.010798733941537856;-0.6808510638297872;-0.5630797773654916;-0.5;0.8333333333333334;-0.07347227128223234;1.1666666666666667;0.625;1.2138933764135704;0.37175141242937837;2.6666666666666665;1.2857142857142858;1.0995370370370372;0.09830130882762456;2.25;0.5833333333333334;0.9792746113989638;0.5379317035312381;-0.36172070551254426;-0.6111666666666666;0.0;-0.4444444444444444;-1.0;-0.5056398288603657;0.069467787114846;-0.14285714285714285;0.0;-0.7574697173620458;-0.04515306122448981;-0.07142857142857142;-0.25;-0.5;-0.9090909090909091;0.2857142857142857;-0.03542638947815019;0.535162638560785;-0.6666666666666666;0.0;-0.10639880952380952;0.7465224111282844;-0.45454545454545453;-1.6034985422740524;-0.5434782608695653;0.0;-0.39112903225806456;-0.9444444444444444;1.9;1.875;0.7941663599558336;0.7272727272727273;-0.8;-0.7272727272727273;0.11011832890606123;0.0;0.5;-0.8;-0.07661141804788203;2.111111111111111;0.8860221581423585;-0.3333333333333333;0.16666666666666666;-0.30180032733224227;-0.4;1.4416666666666667
-0.6470588235294118;0.8571428571428571;-0.3935483870967742;-0.6470588235294118;-0.42367256637168144;-0.3333333333333333;0.07526881720430108;-0.8823529411764706;-0.7027027027027027;-0.875;-0.8169934640522878;0.942;0.28169014084507044;-2.609375;-2.9743589743589745;0.07522567703109329;6;-1.1041009463722398;-1.1936872309899569;-0.5595984943538267;-0.3333333333333333;-0.6274509803921569;-1.0;-0.7115384615384616;-0.44;-0.07407407407407407;0.5714285714285714;1.0;0.5;1.3;1.1;-0.6136363636363636;-0.3020833333333333;-0.8333333333333334;-0.6666666666666666;-0.4;-1.25;-2.5;0.75;-1.5555555555555556;-0.1111111111111111;0.6363636363636364;0.375;0.050565535595475775;-0.6801007556675063;-0.9566674646875749;-0.8506447968208205;0.9049652118912083;-1.0;-0.7407407407407407;-0.15732638242412952;-0.6808510638297872;-0.667373442883647;-0.5;0.9445;-0.18262098198516422;1.1666666666666667;0.625;1.1654281098546042;0.21845574387947253;2.6666666666666665;1.2857142857142858;1.0461182336182338;-0.015037593984962482;2.25;0.5833333333333334;0.811690414507772;0.9098758246022508;-0.13854124221433137;-0.6111666666666666;0.0;-0.4444444444444444;-1.0;-0.486192143134967;-0.00980392156862749;-0.14285714285714285;0.0;-0.7305518169582773;-0.1173469387755103;-0.07142857142857142;-0.25;-0.8888333333333334;-0.9090909090909091;0.2857142857142857;-0.28298684768773863;0.4635653280029075;-0.6666666666666666;0.0;-0.39583333333333337;0.6595274895120335;-0.45454545454545453;0.4198250728862978;0.5652173913043478;0.9807692307692306;0.13239247311827965;0.0;-1.3;-2.0625;1.0299043062200959;0.6363636363636364;0.4;0.5454545454545454;0.0;-0.3333333333333333;0.75;0.4;-0.19042357274401467;-1.3888888888888888;0.8860221581423585;1.0;0.6666666666666666;0.06415711947626832;0.6;1.4583333333333333
-0.5882352941176471;0.2857142857142857;-0.32903225806451614;-0.6787330316742082;-0.40154867256637167;0.0;0.10752688172043011;-0.6274509803921569;-0.5945945945945946;0.375;-0.6535947712418305;0.992;0.28169014084507044;-0.5;-0.6581196581196581;0.06519558676028084;6;-0.7823343848580443;-1.1936872309899569;-0.5595984943538267;-0.3333333333333333;-0.8235294117647058;-0.56;-0.8846153846153846;-0.44;-0.07407407407407407;0.8571428571428571;0.5;1.0;1.3;1.1;-0.6136363636363636;-0.3020833333333333;-0.3333333333333333;-0.8333333333333334;-0.8;-1.25;-2.5;-0.875;0.6666666666666666;-1.6666666666666667;0.6363636363636364;0.375;0.8123752495009983;-0.2346444487502423;-0.7732024579043972;-0.6882962558927805;0.23956356736242893;-0.7391304347826086;-0.6851851851851852;0.11282815118227515;-0.6808510638297872;-0.47508613835144453;-0.5;0.6111666666666666;-0.18262098198516422;0.8333333333333334;0.375;1.038449111470113;0.28775894538606395;2.0;1.2857142857142858;0.9061609686609687;0.03620161514898354;1.75;0.5833333333333334;0.6565738341968911;1.206247574699263;0.039292159031375555;-0.3333333333333333;0.5974025974025974;-0.4444444444444444;0.0;-0.3889537145079736;0.028291316526610637;-0.14285714285714285;0.0;-0.5959623149394347;-0.08265306122448987;-0.07142857142857142;-0.25;0.05566666666666667;-0.2727272727272727;0.2857142857142857;-0.15655494272380144;0.36325640559694705;-0.6666666666666666;0.0;-0.24801587301587302;0.5376462795319055;-0.45454545454545453;-0.5830903790087463;0.5434782608695653;-0.019230769230769232;0.12298387096774199;0.925925925925926;1.0;1.375;0.8744019138755981;-0.18181818181818182;-0.8;-0.5454545454545454;-0.16879980680994935;-0.3333333333333333;0.25;-0.8;-0.19042357274401467;1.0555555555555556;0.2018515707998179;1.0;0.0;-0.046153846153846156;1.4;0.9250000000000004
-0.5294117647058824;0.42857142857142855;-0.25806451612903225;-0.5294117647058825;-0.37389380530973454;0.3333333333333333;0.08602150537634409;-0.6274509803921569;-0.6756756756756757;-0.25;-0.5261437908496732;1.049;0.5352112676056339;-0.515625;-0.6923076923076923;0.05416248746238716;6;-0.6246056782334385;-1.1936872309899569;-0.5595984943538267;-0.3333333333333333;-0.5686274509803921;-0.76;-0.46153846153846156;-0.44;-0.07407407407407407;0.2857142857142857;0.75;0.5;1.3;1.1;-0.6136363636363636;-0.3020833333333333;0.16666666666666666;-0.3333333333333333;-1.0;-1.25;-2.5;0.375;-0.7777777777777778;0.5555555555555556;0.6363636363636364;0.375;0.4091816367265471;-0.14938965316799085;-0.6195036309951322;-0.668815989402735;0.3500948766603416;-0.7391304347826086;-0.6851851851851852;0.33848445354682577;-0.6808510638297872;-0.40352504638218917;-0.5;0.5556666666666666;-0.15365595196043802;0.8333333333333334;0.375;0.761550888529887;-0.424482109227872;2.0;0.2857142857142857;0.823539886039886;0.006961849067112324;1.75;0.5833333333333334;0.40544041450777196;1.0499611951882033;0.21048955119622792;0.16666666666666666;0.5974025974025974;-0.1111111111111111;1.0;-0.16666666666666669;0.20812324929971984;-0.14285714285714285;0.6666666666666666;-0.39407806191117095;0.06887755102040817;-0.07142857142857142;0.25;-0.38883333333333336;-0.2727272727272727;-0.14285714285714285;-0.45969452694102664;0.18190078139196808;-0.6666666666666666;-0.25;-0.2924107142857143;0.4162066681386619;-0.45454545454545453;-0.16909620991253596;0.021739130434782532;-0.4615384615384615;-0.3813844086021505;0.462962962962963;-0.3;-0.875;0.4170960618329039;0.7272727272727273;0.2;0.45454545454545453;-0.22893021009418024;-0.5;0.375;0.2;-0.16022099447513813;-0.3333333333333333;0.3067233267567157;1.0;0.0;-0.8019639934533551;1.4;0.7000000000000002
-0.47058823529411764;1.0;-0.16129032258064516;-0.47058823529411775;-0.34513274336283184;0.3333333333333333;0.11827956989247312;-0.6666666666666666;-0.8648648648648649;-0.875;-0.42483660130718987;1.124;1.1549295774647887;-0.46875;-0.8034188034188035;0.03911735205616851;6;-0.44479495268138813;-0.8206599713055953;-0.5595984943538267;-0.3333333333333333;-0.5686274509803921;-0.5;-0.6538461538461539;-0.54;-0.07407407407407407;0.42857142857142855;0.25;0.75;0.6;1.1;-0.49242424242424243;-0.3020833333333333;0.6666666666666666;0.16666666666666666;-0.4;0.25;-2.5;-0.25;0.3333333333333333;-0.8888888888888888;-0.09090909090909091;0.375;0.4268130405854959;0.2898663049796552;-0.4397095203894343;-0.5974013324502279;-0.6541745730550285;-0.5;-0.6851851851851852;0.292496741761311;-0.6808510638297872;-0.4125364431486879;-0.5;0.6111666666666666;0.045566937477922995;0.8333333333333334;0.5;0.7384491114701129;-0.4949152542372881;2.0;0.2857142857142857;0.8383190883190884;-0.06571985519353947;1.75;0.5833333333333334;0.8178432642487047;1.027163368257664;0.4208044705745388;0.44449999999999995;0.0;0.2222222222222222;1.0;-0.13885647607934656;0.25350140056022413;-0.14285714285714285;0.6666666666666666;-0.26702557200538357;0.09591836734693875;-0.07142857142857142;0.25;-0.38883333333333336;-0.2727272727272727;-0.14285714285714285;-0.6718285956724649;0.21333817917499553;-0.6666666666666666;-0.25;-0.4645337301587302;0.3852947670567454;-0.45454545454545453;0.7084548104956272;0.5652173913043478;0.4807692307692307;-0.3813844086021505;0.48148148148148145;-0.5;-0.1875;0.10535517114464478;-0.6363636363636364;0.8;0.2727272727272727;-0.02946148273363919;0.8333333333333334;0.875;0.8;0.047513812154696126;-0.5;-0.657155865837001;-0.3333333333333333;-0.6666666666666666;-0.046153846153846156;0.6;0.4708333333333333
-0.4117647058823529;-0.5714285714285714;-0.13548387096774195;-0.41176470588235303;-0.31194690265486724;0.3333333333333333;0.0967741935483871;-0.37254901960784315;-0.7567567567567568;0.5;-0.32679738562091526;1.133;0.8591549295774646;-0.4140625;-0.6666666666666666;0.03510531594784353;6;-0.208201892744479;-0.6140602582496412;-0.5595984943538267;-0.3333333333333333;-0.6078431372549019;-0.5;-0.40384615384615385;-0.48;-0.07407407407407407;1.0;0.375;0.25;0.2;1.1;-0.4015151515151515;-0.3020833333333333;0.5;0.6666666666666666;0.2;-0.75;-2.5;-0.875;-0.2222222222222222;0.2222222222222222;-0.09090909090909091;0.375;0.050565535595475775;0.3886843634954467;-0.3208044050754131;-0.5129738574823703;0.45113851992409865;-0.5;-0.4444444444444444;0.6972630795010242;-0.6808510638297872;-0.126292075271667;-0.5;0.2778333333333333;1.0777110561638996;-0.16666666666666666;0.5;0.5537964458804524;0.1969868173258004;0.0;0.2857142857142857;0.654380341880342;0.21776663881927041;0.25;0.5833333333333334;0.3265867875647667;0.7863795110593715;0.5527097037080156;0.5555;-0.38595779220779225;0.4444444444444444;1.0;0.0;0.3098039215686274;-0.14285714285714285;0.6666666666666666;-0.1652759084791386;0.1028061224489796;-0.07142857142857142;0.25;-0.3333333333333333;-0.2727272727272727;0.0;-0.5507000424268136;0.29438488097401416;-0.6666666666666666;-0.25;-0.32961309523809523;0.3464340914109075;-0.45454545454545453;-0.5947521865889213;-0.5434782608695653;-0.9807692307692306;0.0;0.0;1.2;1.0;0.2108943687891056;0.7272727272727273;-2.2;-1.3636363636363635;0.9113740642356919;-1.1666666666666667;-0.5;-2.2;1.1237569060773478;1.3333333333333333;0.4651692214296554;0.0;0.16666666666666666;-0.1204582651391163;0.0;0.20833333333333354
-0.35294117647058826;-0.2857142857142857;-0.0967741935483871;-0.35294117647058837;-0.2771017699115044;-0.3333333333333333;0.07526881720430108;-0.3137254901960784;-0.7027027027027027;0.375;-0.2614379084967322;1.139;0.6619718309859154;-0.3515625;-0.5384615384615384;0.029087261785356068;6;-0.1798107255520503;-0.35007173601147773;-0.5595984943538267;-0.3333333333333333;-0.3137254901960784;-0.54;-0.40384615384615385;-0.66;-0.07407407407407407;-0.5714285714285714;0.875;0.375;0.6;1.1;-0.2803030303030303;-0.3020833333333333;0.5;0.5;0.8;-1.25;-2.5;0.5;-0.7777777777777778;-0.3333333333333333;-1.3636363636363635;0.375;-0.867598137059215;0.2580895175353615;-0.23254329263426712;-0.40908559629095725;0.6881720430107527;-0.5;-0.3888888888888889;0.3304784956246509;-0.425531914893617;0.08587331036310622;-0.5;0.0;1.1805015895443307;-0.16666666666666666;0.5;0.32310177705977383;0.1969868173258004;0.0;0.14285714285714285;0.5361467236467236;0.28460038986354785;0.25;0.5833333333333334;-0.48040803108808283;0.5530655801319364;0.658303742941964;0.22216666666666665;0.5515422077922078;-0.1111111111111111;0.6666666666666666;0.05562038117464023;0.2260504201680672;-0.14285714285714285;0.6666666666666666;-0.20430686406460294;0.06785714285714287;-0.07142857142857142;0.25;-0.0555;-0.2727272727272727;0.0;-0.03542638947815019;-0.05506087588588041;-0.08333333333333333;-0.25;-0.24156746031746032;0.2930006623978803;-0.45454545454545453;-0.6530612244897959;-0.5434782608695653;0.0;0.13239247311827965;-0.9444444444444444;0.0;-0.8125;0.159827015090173;1.1818181818181819;0.4;1.1818181818181819;0.9616034774209127;-1.5;-0.25;0.4;1.2309392265193368;0.0;0.675064501441797;-1.6666666666666667;-0.8333333333333334;0.06415711947626832;-0.8;0.17916666666666684
-0.29411764705882354;-0.5714285714285714;-0.07096774193548387;-0.2941176470588236;-0.23783185840707965;-0.3333333333333333;0.010752688172043012;-0.5294117647058824;-1.054054054054054;-1.625;-0.19607843137254916;1.185;1.028169014084507;-0.2890625;-0.5811965811965812;0.025075225677031094;6;-0.16088328075709762;-0.3543758967001434;-0.5595984943538267;-0.3333333333333333;-0.2549019607843137;-0.24;-0.4423076923076923;-0.22;-0.07407407407407407;-0.2857142857142857;-0.5;0.875;0.2;1.1;-0.1893939393939394;-0.3020833333333333;-0.3333333333333333;0.5;0.6;-1.5;-2.5;0.375;0.4444444444444444;-0.8888888888888888;0.45454545454545453;0.375;-0.4108449767132401;-0.04805270296454163;-0.13510493974942153;-0.3636381345696809;0.06230234029095511;-0.34782608695652173;-0.3888888888888889;0.30161981009123084;-0.425531914893617;0.056321229790617634;-0.5;-0.6110000000000001;-0.48110208406923344;-0.16666666666666666;-0.625;0.13844911147011327;0.39736346516007537;0.0;0.14285714285714285;0.4081196581196581;0.38345864661654133;0.25;0.5833333333333334;-0.48040803108808283;0.23108265424912702;0.7356656382792945;-0.055499999999999994;0.5515422077922078;-0.1111111111111111;0.6666666666666666;0.13885647607934656;0.04061624649859944;0.07142857142857142;0.6666666666666666;-0.23714670255720055;0.03673469387755094;-0.07142857142857142;0.25;-0.38883333333333336;-0.8181818181818182;0.0;-0.6111582520152735;0.15300745048155545;-0.5833333333333334;-0.5;-0.4990079365079365;0.4378449988960035;-0.45454545454545453;0.6180758017492718;0.021739130434782532;0.5;-0.352486559139785;-0.462962962962963;-1.4;-0.9375;0.5532756716967243;-1.1818181818181819;-0.4;-0.36363636363636365;0.602511470659261;0.0;-0.5;-0.4;-0.5016574585635358;-1.5555555555555556;0.07436636818940662;0.0;0.8333333333333334;0.14304418985270043;-0.8;0.1583333333333335
-0.23529411764705882;0.14285714285714285;-0.012903225806451613;-0.22624434389140283;-0.19469026548672566;0.3333333333333333;-0.010752688172043012;-0.3137254901960784;-1.2432432432432432;-0.625;-0.14052287581699394;1.218;1.2535211267605633;-0.2265625;-0.5470085470085471;0.0160481444332999;6;-0.015772870662460234;-0.20803443328550933;-0.5595984943538267;-0.3333333333333333;-0.47058823529411764;-0.18;-0.15384615384615385;-0.42;-0.07407407407407407;-0.5714285714285714;-0.25;-0.5;0.4;1.1;-0.08333333333333333;-0.3020833333333333;-0.3333333333333333;-0.3333333333333333;0.6;-0.75;-2.5;-1.625;0.3333333333333333;0.3333333333333333;-0.7272727272727273;0.375;0.8742514970059883;-0.0013563262933539379;0.021706168701619857;-0.34415786807963533;0.16745730550284632;-0.34782608695652173;-0.3888888888888889;-0.03202383168869851;-0.19148936170212766;0.15637423800689101;-0.5;-0.3333333333333333;0.0;-0.16666666666666666;-0.25;0.023101777059773936;0.19924670433144986;0.0;0.14285714285714285;0.36805555555555564;0.3352826510721247;0.25;0.5833333333333334;-0.21729274611398958;0.034051222351571854;0.8260667093544443;0.0;0.7857142857142857;-0.1111111111111111;1.0;0.3055231427460132;0.02577030812324932;0.07142857142857142;0.6666666666666666;-0.1405114401076716;0.07142857142857138;-0.07142857142857142;0.25;-0.8888333333333334;-0.8181818181818182;-0.14285714285714285;-0.5507000424268136;0.12066145738687983;-0.5833333333333334;-0.5;-0.564236111111111;0.3844115698829763;-0.45454545454545453;0.19825072886297396;1.108695652173913;0.9615384615384615;0.4411962365591399;0.9444444444444444;0.8;1.3125;0.3805668016194331;-0.45454545454545453;1.0;0.6363636363636364;-0.15720840376720605;0.5;0.125;1.0;0.0;0.8333333333333334;0.15419638791925935;2.0;1.0;1.0009819967266775;1.4;0.016666666666666684
-0.17647058823529413;1.1428571428571428;0.09032258064516129;-0.17647058823529418;-0.14823008849557523;0.0;-0.07526881720430108;0.39215686274509803;-0.5135135135135135;3.375;-0.06862745098039257;1.165;0.19718309859154934;-0.1640625;-0.17094017094017094;0.0;6;0.08832807570977927;-0.13629842180774743;-0.5595984943538267;-0.3333333333333333;-0.2549019607843137;-0.4;-0.09615384615384616;-0.16;-0.07407407407407407;0.14285714285714285;-0.5;-0.25;0.0;1.1;-0.007575757575757576;-0.3020833333333333;0.6666666666666666;-0.3333333333333333;-0.4;0.0;-2.5;-0.625;-1.4444444444444444;0.2222222222222222;0.18181818181818182;0.375;0.5326014637391884;0.0;0.14252653419519573;-0.11039467019908834;3.05044275774826;-0.34782608695652173;0.2777777777777778;1.8715323031092903;-0.19148936170212766;0.9708454810495624;-0.5;0.22233333333333327;1.2401978099611444;-0.16666666666666666;0.625;0.16155088852988692;0.5461393596986815;0.0;0.2857142857142857;0.42289886039886043;0.31216931216931204;0.25;0.5833333333333334;0.754857512953368;0.0604384943733024;0.970603643983934;0.16666666666666666;0.5974025974025974;-0.1111111111111111;1.0;0.3055231427460132;0.02577030812324932;0.07142857142857142;0.6666666666666666;-0.1152086137281292;0.04387755102040809;-0.07142857142857142;0.25;0.44449999999999995;-0.8181818181818182;3.2857142857142856;0.17670767925328806;1.3109213156460113;-0.5833333333333334;2.375;-0.053323412698412696;1.1009052771031134;-0.45454545454545453;-1.4489795918367345;-0.5217391304347826;-1.4423076923076923;0.42641129032258074;0.48148148148148145;3.3;1.5;1.519690835480309;3.8181818181818183;1.4;0.18181818181818182;0.1359574981888432;2.0;1.0;1.4;1.293186003683241;3.6666666666666665;2.912581575352861;-1.0;-1.5;0.6981996726677577;0.8;-0.07916666666666675
-0.11764705882352941;0.8571428571428571;0.18064516129032257;-0.11764705882352952;-0.10176991150442478;0.3333333333333333;-0.053763440860215055;-0.3333333333333333;-0.8918918918918919;-1.75;-0.032679738562091526;1.21;0.676056338028169;-0.109375;-0.21367521367521367;-0.014042126379137413;6;-0.07886435331230257;-0.05451936872309904;-0.5595984943538267;-0.3333333333333333;0.45098039215686275;-0.18;-0.3076923076923077;-0.16;-0.07407407407407407;1.1428571428571428;0.125;-0.5;0.1;1.1;0.07575757575757576;-0.3020833333333333;0.16666666666666666;0.6666666666666666;-0.4;0.75;-2.5;3.375;-0.5555555555555556;-1.5555555555555556;-0.2727272727272727;0.375;0.06387225548902202;0.121681844603759;0.17620301651903267;-0.04544746172127631;2.496363061353574;-0.13043478260869565;0.2777777777777778;1.6641221374045805;-0.19148936170212766;0.952027564272462;-0.5;0.7778333333333333;0.38466972801130345;0.6666666666666666;0.625;0.23069466882067863;0.6568738229755179;0.0;0.2857142857142857;0.3084045584045583;0.036480089111668126;0.25;0.0;1.1352007772020725;0.26639503298409023;0.8816578380580943;0.44449999999999995;0.0;0.2222222222222222;1.0;0.2779074290159471;-0.010644257703081179;0.07142857142857142;0.6666666666666666;0.01938088829071334;0.02015306122448973;-0.07142857142857142;0.25;0.38899999999999996;-0.9090909090909091;3.2857142857142856;-0.1868901145523971;1.530619662002544;-0.6666666666666666;2.375;-0.4429563492063492;1.1881209980128065;-0.45454545454545453;0.8629737609329448;0.5652173913043478;0.9615384615384615;0.42641129032258074;0.018518518518518455;-4.0;-4.625;2.7695068089804926;-0.5454545454545454;-0.4;-0.8181818181818182;0.1359574981888432;0.8333333333333334;0.75;-0.4;0.40110497237569054;-4.388888888888889;2.38791925937168;0.6666666666666666;0.8333333333333334;0.6739770867430442;0.0;0.07500000000000007
-0.058823529411764705;0.0;0.23225806451612904;-0.0542986425339367;-0.05254424778761062;0.0;-0.043010752688172046;-0.1568627450980392;-1.0810810810810811;-1.0;0.0;1.237;0.9154929577464788;-0.0546875;-0.18803418803418803;-0.022066198595787363;6;0.06309148264984234;0.05308464849354396;-0.23337515683814292;-0.11827956989247312;-0.27450980392156865;0.54;-0.09615384615384616;-0.2;-0.25925925925925924;0.8571428571428571;1.0;0.125;0.5;0.4;0.1893939393939394;-0.13541666666666666;0.5;0.16666666666666666;0.8;0.5;0.5;-1.75;3.0;-0.6666666666666666;-0.7272727272727273;-0.625;0.4268130405854959;0.3313311373764776;0.2539302529726278;0.006486928741185148;2.2144212523719164;-0.13043478260869565;0.2777777777777778;1.2988270340718675;-0.0425531914893617;0.9108136761197984;-0.5;0.7223333333333333;0.5814199929353586;0.5;0.625;0.06914378029079173;0.4553672316384181;0.0;0.2857142857142857;0.20673076923076916;-0.0013923698134224154;0.25;0.0;0.5077720207253885;0.5378346915017462;0.8090110018045287;0.3333333333333333;-0.2142857142857143;0.2222222222222222;0.6666666666666666;0.250097238428627;-0.03221288515406156;0.07142857142857142;0.6666666666666666;0.01938088829071334;0.02015306122448973;-0.07142857142857142;0.25;0.22233333333333336;-0.9090909090909091;3.2857142857142856;-0.21722528638099278;1.5449754679265857;-0.6666666666666666;2.375;-0.5848214285714286;1.2181497019209537;-0.45454545454545453;0.37609329446064144;0.021739130434782532;-0.4807692307692307;-0.016801075268817148;0.48148148148148145;0.6;2.8125;2.7521163047478834;-3.0;-1.2;-0.36363636363636365;0.602511470659261;-1.3333333333333333;0.0;-1.2;0.6062615101289135;0.6666666666666666;2.0972833510396116;-0.3333333333333333;-0.5;0.021931260229132478;0.4;-0.05833333333333339
0.0;1.1428571428571428;0.33548387096774196;0.0;0.0;0.0;-0.03225806451612903;-0.0392156862745098;-1.2162162162162162;-0.625;0.032679738562091526;1.257;1.056338028169014;0.0;-0.13675213675213677;-0.03811434302908726;6;0.14826498422712983;0.06599713055954094;-0.052697616060225744;-0.11612903225806448;-0.09803921568627451;-0.2;0.5961538461538461;0.1;-0.14814814814814814;0.0;0.75;1.0;-0.6;0.0;0.2196969696969697;-0.010416666666666666;0.3333333333333333;0.5;0.2;0.5;-1.5;-1.0;-1.5555555555555556;2.888888888888889;0.2727272727272727;-0.625;-0.0026613439787092513;0.403991474520442;0.28617029766179863;-0.13636186543031908;0.35705249841872233;-0.13043478260869565;-0.12962962962962962;1.3038540309067213;-0.0425531914893617;0.8984892658362044;-0.5;0.7223333333333333;0.5814199929353586;0.5;0.625;0.34620355411954773;0.5224105461393597;0.0;0.2857142857142857;0.25747863247863245;0.06042884990253402;0.25;0.0;0.6832901554404146;0.8432285603414824;0.7836893882065314;0.3333333333333333;-0.2142857142857143;0.2222222222222222;0.6666666666666666;0.1944768572539868;-0.06610644257703074;0.07142857142857142;0.6666666666666666;0.07698519515477793;0.0028061224489795093;-0.07142857142857142;0.25;-1.5555;-0.9090909090909091;-1.2857142857142858;-0.49002969876962227;1.525713247319644;-0.6666666666666666;2.375;-0.6733630952380952;1.2212408920291458;-0.45454545454545453;0.201166180758018;0.021739130434782532;-0.0;-0.3719758064516129;0.018518518518518455;0.3;-0.25;1.7239602502760398;0.9090909090909091;1.6;1.2727272727272727;0.7360540932141995;0.3333333333333333;1.0;1.6;0.6062615101289135;0.3333333333333333;0.3572621035058431;-0.3333333333333333;0.0;-0.235024549918167;-0.2;-0.133333333333333
0.058823529411764705;-0.2857142857142857;0.3741935483870968;0.058823529411764656;0.05530973451327434;0.0;-0.010752688172043012;0.058823529411764705;-1.2972972972972974;-0.375;0.06535947712418305;1.273;1.140845070422535;0.0703125;-0.06837606837606838;-0.044132397191574725;6;0.2113564668769715;0.07460545193687237;0.178168130489335;-0.06236559139784943;0.0196078431372549;-0.02;-0.11538461538461539;0.16;-0.48148148148148145;1.1428571428571428;0.0;0.75;-0.4;0.4;0.26515151515151514;0.15625;0.16666666666666666;0.3333333333333333;0.6;-0.75;-2.5;-0.625;-0.8888888888888888;-1.6666666666666667;0.18181818181818182;-2.375;-0.0026613439787092513;0.29335400116256527;0.2880057457505385;-0.006486928741185148;0.03415559772296018;0.06521739130434782;-0.037037037037037035;1.364364177992925;-0.0425531914893617;0.6887092499337397;-0.038461538461538464;0.2778333333333333;0.9802190038855528;0.16666666666666666;0.625;0.34620355411954773;0.5224105461393597;0.0;0.2857142857142857;0.13034188034188024;0.04650515176830961;0.25;0.0;0.5459844559585492;0.922002328288708;0.7641888352057746;0.16666666666666666;-0.2142857142857143;0.1111111111111111;0.3333333333333333;0.250097238428627;-0.15938375350140052;0.07142857142857142;0.6666666666666666;0.15397039030955587;-0.07040816326530619;-0.07142857142857142;0.25;-0.9443333333333334;-0.36363636363636365;-1.0;-0.6718285956724649;1.4920952207886609;-0.6666666666666666;2.375;-0.47842261904761907;1.1035548686244203;-0.45454545454545453;0.11078717201166191;0.021739130434782532;0.0;-0.8568548387096775;0.018518518518518455;0.2;-0.125;-0.45252116304747886;0.5454545454545454;-2.0;-1.6363636363636365;1.2772277227722773;-0.3333333333333333;-0.25;-2.0;1.022099447513812;0.2222222222222222;0.04735164668386709;-0.3333333333333333;0.0;-0.8019639934533551;-0.2;-0.18333333333333304
0.11764705882352941;0.7142857142857143;0.45806451612903226;0.11764705882352931;0.11393805309734513;0.0;-0.010752688172043012;0.19607843137254902;-1.2972972972972974;0.125;0.09803921568627386;1.281;1.112676056338028;0.34375;0.03418803418803419;-0.05717151454363089;6;0.26182965299684535;0.1406025824964133;0.17440401505646172;-0.008602150537634377;0.11764705882352941;0.1;0.057692307692307696;-0.06;0.3333333333333333;-0.2857142857142857;1.0;0.0;-0.6;0.0;0.29545454545454547;0.28125;0.0;0.16666666666666666;0.4;-0.75;-3.0;-0.375;-0.5555555555555556;-1.0;-1.2727272727272727;0.125;-0.0026613439787092513;0.09688044952528581;0.25353124251855397;0.11039467019908834;0.11638203668564197;0.1956521739130435;0.09259259259259259;1.0143362502327313;0.1702127659574468;0.8026769149218128;-0.038461538461538464;0.5556666666666666;0.9237018721299893;0.16666666666666666;0.625;0.5537964458804524;0.1969868173258004;0.6666666666666666;0.2857142857142857;0.1431623931623932;0.056808688387635684;0.25;0.0;0.2773639896373056;0.8780558789289874;0.7776936957913733;0.11116666666666668;-0.38595779220779225;0.1111111111111111;0.0;0.33333333333333337;-0.32633053221288516;0.21428571428571427;0.6666666666666666;0.2691790040376851;-0.21709183673469387;0.14285714285714285;0.25;-0.4443333333333334;-0.09090909090909091;-0.42857142857142855;-0.24756045820958844;1.3667090677812104;-0.6666666666666666;2.375;-0.5669642857142857;1.060057407816295;-0.45454545454545453;-0.06997084548104898;0.021739130434782532;0.0;-0.8568548387096775;0.018518518518518455;0.4;0.0625;-0.5520794994479205;0.6363636363636364;1.4;1.5454545454545454;1.4375754648635595;-0.5;0.625;1.4;0.9631675874769795;0.4444444444444444;0.12627105782364545;0.3333333333333333;0.3333333333333333;-0.42389525368248776;0.2;-0.22499999999999976
0.17647058823529413;0.0;0.5096774193548387;0.17647058823529396;0.17699115044247787;0.3333333333333333;0.010752688172043012;0.27450980392156865;-0.6756756756756757;0.25;0.14052287581699321;1.292;1.084507042253521;0.3828125;0.1282051282051282;-0.06519558676028084;6;0.28706624605678227;0.187948350071736;0.302383939774153;0.15483870967741942;0.2549019607843137;0.2;0.17307692307692307;0.16;-0.037037037037037035;0.7142857142857143;-0.25;1.0;-0.1;0.2;0.36363636363636365;0.4270833333333333;0.16666666666666666;0.0;0.2;0.75;-1.5;0.125;-0.3333333333333333;-0.6666666666666666;-0.5454545454545454;-1.5;0.8922155688622758;0.3726022088742492;0.28776633947809416;0.21428293139050142;0.04364326375711572;0.30434782608695654;0.16666666666666666;0.8940606963321543;0.1702127659574468;0.7279353299761462;0.38461538461538464;0.11116666666666664;0.38466972801130345;0.16666666666666666;0.25;0.5306946688206785;0.24519774011299442;0.6666666666666666;0.2857142857142857;0.06677350427350427;0.03341687552213871;0.25;0.0;0.4208225388601036;0.6648234381063254;0.8022003609057571;0.22216666666666665;0.0;0.1111111111111111;0.6666666666666666;0.3055231427460132;-0.3952380952380952;0.21428571428571427;0.3333333333333333;0.36527590847913866;-0.26020408163265313;0.14285714285714285;0.25;-0.0555;0.09090909090909091;-0.2857142857142857;-0.03542638947815019;1.3505360712338725;-0.6666666666666666;2.375;-0.40749007936507936;1.0452638551556634;-0.45454545454545453;0.09912536443148698;1.1304347826086956;0.9807692307692306;0.13239247311827965;0.9629629629629632;0.1;-0.25;-0.5034965034965034;0.5454545454545454;-1.0;-1.0909090909090908;1.10456411494808;0.3333333333333333;0.0;-1.0;0.40110497237569054;0.1111111111111111;0.0564577325846107;0.6666666666666666;0.16666666666666666;-0.30180032733224227;0.8;-0.2458333333333331
0.23529411764705882;0.0;0.5612903225806452;0.23529411764705885;0.24668141592920353;0.3333333333333333;-0.03225806451612903;0.45098039215686275;-0.972972972972973;1.125;0.21241830065359457;1.296;0.8309859154929577;0.4140625;0.24786324786324787;-0.0732196589769308;6;0.3217665615141959;0.11190817790530855;0.36511919698870765;0.3161290322580646;0.3333333333333333;0.34;0.2692307692307692;0.88;0.4444444444444444;0.0;0.625;-0.25;0.6;-0.2;0.48484848484848486;0.53125;0.5;0.16666666666666666;0.0;0.0;0.0;0.25;0.1111111111111111;-0.4444444444444444;2.3636363636363638;-0.25;0.8922155688622758;0.41426080217012207;0.3323757082435559;0.34415786807963533;0.21600253004427586;0.45652173913043476;0.3333333333333333;1.0232731334946936;0.1702127659574468;0.870792472833289;0.38461538461538464;0.22233333333333327;0.1306958671847404;0.5;0.25;0.34620355411954773;0.11902071563088505;0.6666666666666666;0.2857142857142857;0.04131054131054119;0.042606516290726704;0.25;0.0;0.0;0.5086340706247576;0.8126782699807905;0.3333333333333333;-0.2142857142857143;0.2222222222222222;0.6666666666666666;0.33333333333333337;-0.40112044817927167;0.21428571428571427;0.3333333333333333;0.384656796769852;-0.26122448979591845;0.14285714285714285;0.25;0.6111666666666666;0.45454545454545453;0.7142857142857143;-0.5808230801866779;0.3272760312556787;-0.6666666666666666;0.125;-0.30133928571428575;1.1159196290571871;-0.45454545454545453;-0.14868804664723015;0.021739130434782532;-0.9807692307692306;0.13239247311827965;0.9629629629629632;0.6;0.25;-0.4124953993375046;0.7272727272727273;0.0;0.45454545454545453;0.4503743057232551;-0.8333333333333334;0.0;0.0;0.13627992633517497;0.6666666666666666;0.22188495978145403;-0.3333333333333333;-0.5;-0.30180032733224227;0.4;-0.2749999999999998
0.29411764705882354;0.2857142857142857;0.6258064516129033;0.2941176470588235;0.3213495575221239;0.0;-0.12903225806451613;0.29411764705882354;-1.0;-0.125;-0.30065359477124204;1.313;3.28169014084507;0.4453125;0.3076923076923077;-0.08324974924774323;6;0.3343848580441644;0.1764705882352941;0.4366373902132998;0.42580645161290315;0.5098039215686274;0.42;0.40384615384615385;0.14;0.4444444444444444;0.0;0.0;0.625;0.4;-0.1;0.5909090909090909;0.6458333333333334;0.3333333333333333;0.5;0.2;0.5;1.5;1.125;0.2222222222222222;0.0;-1.3636363636363635;-0.875;-0.0026613439787092513;0.4865336175159852;0.36533397175005977;0.3766119920520512;-0.05676786843769766;0.5434782608695652;0.3333333333333333;0.48817724818469554;0.3617021276595745;0.7945931619401007;0.38461538461538464;0.05566666666666661;-0.48110208406923344;0.5;-0.125;0.2537964458804523;-0.008286252354049055;0.6666666666666666;0.2857142857142857;0.028668091168091096;0.039264828738512954;0.25;0.0;0.1648316062176167;0.449456732634847;0.8327609290412713;0.38883333333333336;-0.38595779220779225;0.3333333333333333;0.6666666666666666;0.3055231427460132;-0.43949579831932767;0.21428571428571427;0.3333333333333333;0.346164199192463;-0.29107142857142865;0.14285714285714285;0.25;0.5;0.2727272727272727;0.7142857142857143;-0.1868901145523971;-0.02871161184808293;-0.16666666666666666;0.125;-0.28348214285714285;1.1145948332965334;-0.45454545454545453;0.4052478134110788;0.021739130434782532;0.0;0.13239247311827965;0.018518518518518455;-1.1;-1.125;0.159827015090173;-0.36363636363636365;0.4;0.18181818181818182;-0.13450857280850045;0.3333333333333333;0.25;0.4;-0.5016574585635358;-1.2222222222222223;-0.039915009864926375;0.0;0.16666666666666666;-0.30180032733224227;0.0;-0.28333333333333316
0.35294117647058826;-0.42857142857142855;0.6580645161290323;0.35294117647058815;0.39823008849557523;0.6666666666666666;-0.15053763440860216;0.35294117647058826;-1.0;0.0;0.35294117647058776;1.333;0.7464788732394366;0.46875;0.3504273504273504;-0.08826479438314945;6;0.38801261829653;0.21520803443328568;0.5307402760351319;0.589247311827957;0.35294117647058826;0.6;0.4807692307692308;0.32;0.37037037037037035;0.2857142857142857;0.0;0.0;-0.2;0.3;0.6515151515151515;0.8020833333333334;0.3333333333333333;0.3333333333333333;0.6;0.25;1.0;-0.125;1.0;0.1111111111111111;-0.8181818181818182;-1.5;0.8922155688622758;0.7173028482852161;0.46285212672571996;0.4025986675497721;-0.19781783681214413;0.5652173913043478;0.3333333333333333;0.09663005026996836;0.48936170212765956;0.6142327060694407;0.6538461538461539;-0.11100000000000006;0.0;0.0;-0.125;0.18465266558966084;0.15178907721280602;0.3333333333333333;0.2857142857142857;-0.0986467236467237;0.010303536619326072;0.25;0.0;-0.05861398963730571;0.22167248738843617;0.8587810699109378;0.5555;0.31696428571428575;0.3333333333333333;1.6666666666666667;0.41676390509529365;-0.16610644257703078;0.21428571428571427;1.3333333333333333;0.4037685060565276;-0.2056122448979592;0.14285714285714285;0.75;0.38899999999999996;0.2727272727272727;0.7142857142857143;0.05557912600763682;-0.21624568417226975;0.08333333333333333;0.125;-0.15947420634920637;1.0790461470523296;-0.45454545454545453;0.5976676384839653;1.1304347826086956;0.9807692307692306;0.13239247311827965;0.9629629629629632;0.0;0.625;0.1492454913507545;-0.9090909090909091;-1.0;-0.6363636363636364;-0.13450857280850045;-0.5;-0.375;-1.0;0.0;0.0;-0.1752921535893154;1.3333333333333333;0.6666666666666666;0.06415711947626832;1.0;-0.32499999999999984
0.4117647058823529;0.5714285714285714;0.7354838709677419;0.4117647058823528;0.4795353982300885;0.0;-0.25806451612903225;0.6666666666666666;-0.6216216216216216;1.75;0.4281045751633986;1.334;0.43661971830985913;0.4921875;0.47863247863247865;-0.10030090270812438;6;0.4511041009463724;0.24390243902439013;0.5420326223337515;0.643010752688172;0.4117647058823529;0.44;0.6538461538461539;0.44;0.9259259259259259;-0.42857142857142855;0.25;0.0;0.6;-0.8;0.7727272727272727;0.84375;1.0;0.3333333333333333;0.4;0.0;1.0;0.0;-0.1111111111111111;0.8888888888888888;-0.5454545454545454;-0.125;0.2598137059214906;0.58302654524317;0.469076689809273;0.4740133245022791;0.778304870335231;0.5652173913043478;0.5370370370370371;0.32061068702290096;0.5957446808510638;0.7904850251789028;0.6538461538461539;0.11116666666666664;0.38466972801130345;0.0;0.125;0.09224555735056537;-0.20301318267419965;0.3333333333333333;-0.14285714285714285;0.003205128205128327;-0.0467836257309942;0.25;0.0;0.11933290155440415;0.25174621653085005;0.8672798183829096;0.44449999999999995;0.619724025974026;0.1111111111111111;1.6666666666666667;0.3889537145079736;-0.1296918767507003;0.21428571428571427;1.3333333333333333;0.346164199192463;-0.2028061224489797;0.14285714285714285;0.75;0.6666666666666666;0.2727272727272727;1.4285714285714286;0.6313109885447602;0.07941123023805202;0.25;0.75;0.017609126984126987;1.2232280856701256;-0.45454545454545453;-0.13119533527696772;-1.0869565217391306;-1.9615384615384612;0.8568548387096775;0.018518518518518455;1.3;0.75;0.4613544350386455;1.2727272727272727;1.4;1.0909090909090908;0.4503743057232551;0.3333333333333333;0.5;1.4;0.40110497237569054;1.4444444444444444;0.7615723174988618;-2.0;-1.6666666666666667;0.8454991816693944;-0.2;-0.3749999999999999
0.47058823529411764;0.0;0.7870967741935484;0.4705882352941177;0.5652654867256637;0.0;-0.3763440860215054;0.9803921568627451;0.10810810810810811;3.5;0.4999999999999993;1.324;-0.014084507042253532;0.515625;0.6581196581196581;-0.10832497492477432;6;0.4542586750788648;0.2668579626972739;0.5495608531994981;0.6967741935483871;0.7254901960784313;0.5;0.5;0.54;1.037037037037037;0.5714285714285714;-0.375;0.25;-0.4;-0.6;0.8181818181818182;0.90625;0.0;1.0;0.4;-0.25;-1.5;1.75;0.0;-0.2222222222222222;-0.36363636363636365;-0.25;-0.2202262142381903;0.47297035458244546;0.4610166786369801;0.701289593641641;1.6932321315623025;0.6304347826086957;0.8333333333333334;1.104263638056228;0.7446808510638298;1.165915716936125;0.6538461538461539;0.0;0.35146591310491;0.0;0.125;0.13844911147011327;-0.29114877589453864;0.3333333333333333;-0.14285714285714285;0.028668091168091096;-0.07630186577555;0.25;0.0;0.33452072538860117;0.1731664726426077;0.8372431457011466;0.38883333333333336;0.6846590909090908;0.1111111111111111;1.6666666666666667;0.41676390509529365;-0.16610644257703078;0.21428571428571427;1.3333333333333333;0.4037685060565276;-0.26301020408163267;0.14285714285714285;0.75;2.277833333333333;0.36363636363636365;3.4285714285714284;1.5706406448875687;0.8860621479193166;0.4166666666666667;2.5;0.46056547619047616;1.726650474718481;-0.45454545454545453;-0.4693877551020403;0.5869565217391305;1.4807692307692308;0.9294354838709679;-0.44444444444444436;1.3;-0.0625;0.04655870445344131;2.4545454545454546;-0.8;-1.0;0.602511470659261;0.5;0.0;-0.8;0.3664825046040516;1.4444444444444444;1.6397025345272422;0.3333333333333333;1.1666666666666667;0.8779050736497543;-0.8;-0.3749999999999999
0.5294117647058824;0.2857142857142857;0.8516129032258064;0.5294117647058824;0.6548672566371682;0.3333333333333333;-0.4838709677419355;-0.058823529411764705;-0.6216216216216216;-3.375;0.5751633986928102;1.368;0.28169014084507044;0.53125;0.5641025641025641;-0.11835506519558676;6;0.42271293375394364;0.27833572453371586;0.6072772898368883;0.8064516129032258;1.0392156862745099;0.82;0.5576923076923077;0.68;0.6296296296296297;0.0;0.5;-0.375;0.3;-0.8;0.9166666666666666;0.9479166666666666;0.16666666666666666;0.0;1.2;0.0;-1.5;3.5;1.5555555555555556;-0.1111111111111111;0.0;-2.25;0.8622754491017968;0.35283859717109084;0.45894182427579583;0.5649277282113219;3.4618912080961417;0.17391304347826086;0.8333333333333334;1.6017501396388012;0.46808510638297873;0.8698648290485022;1.0384615384615385;0.2778333333333333;-0.18262098198516422;0.5;0.125;0.06914378029079173;-0.4866290018832392;0.3333333333333333;-0.2857142857142857;0.10487891737891746;-0.1812865497076023;0.5;0.0;0.1648316062176167;0.23341094295692688;0.7595319867279816;0.22216666666666665;0.0;0.1111111111111111;0.6666666666666666;0.472384286269934;-0.18011204481792717;0.21428571428571427;1.3333333333333333;0.49986541049798117;-0.33954081632653066;0.2857142857142857;0.75;0.7778333333333333;-2.090909090909091;3.4285714285714284;0.7221043699618159;2.0359803743412686;-1.75;2.5;0.21254960317460317;2.099801280635902;-1.6363636363636365;2.7871720116618084;0.5869565217391305;0.0;0.6370967741935485;0.9814814814814817;-5.6;-4.375;3.0214390872285612;-3.8181818181818183;0.4;0.5454545454545454;0.3248007727602028;-0.3333333333333333;0.25;0.4;-0.19042357274401467;-6.222222222222222;3.3372287145242066;0.6666666666666666;0.16666666666666666;0.6248772504091652;0.8;-0.3541666666666665
0.5882352941176471;1.0;0.9483870967741935;0.5520361990950226;0.7461283185840708;0.3333333333333333;-0.5591397849462365;0.37254901960784315;-0.8108108108108109;-0.875;0.643790849673202;1.393;0.3380281690140845;0.546875;0.5641025641025641;-0.1334002006018054;6;0.5615141955835968;0.2941176470588236;0.6486825595984943;1.0236559139784944;0.0;1.14;0.8653846153846154;0.76;1.037037037037037;0.2857142857142857;0.0;0.5;-0.2;-0.3;0.9772727272727273;1.0416666666666667;0.5;0.16666666666666666;0.0;0.5;1.5;-3.375;3.111111111111111;1.4444444444444444;0.09090909090909091;-1.25;0.4597471723220229;0.39701608215462114;0.48934642087622676;0.467526395761094;3.373655913978495;0.17391304347826086;0.8333333333333334;1.5509216160863901;0.46808510638297873;0.6770474423535647;1.0384615384615385;0.44449999999999995;0.38466972801130345;0.5;0.5;0.23069466882067863;-0.11563088512241051;0.3333333333333333;0.14285714285714285;0.1812678062678064;-0.12503480924533553;0.5;0.0;0.7420660621761658;0.4219053162592162;0.7019034868152979;0.3333333333333333;-0.2142857142857143;0.2222222222222222;0.6666666666666666;0.4445740956826138;-0.18347338935574228;0.21428571428571427;1.3333333333333333;0.4616419919246299;-0.3642857142857143;0.2857142857142857;0.75;-0.38883333333333336;-2.090909090909091;3.4285714285714284;0.4495120916419177;2.1224786480101763;-1.75;2.5;0.17708333333333331;2.1163612276440715;-1.6363636363636365;1.2332361516034989;0.04347826086956526;-0.4807692307692307;-0.3719758064516129;0.5185185185185187;1.9;4.625;3.1907434670592565;-3.272727272727273;1.0;0.2727272727272727;0.10142477662400384;1.1666666666666667;0.875;1.0;0.40110497237569054;2.111111111111111;3.2525421156472905;-0.3333333333333333;-0.5;-0.30180032733224227;0.4;-0.4541666666666666
0.6470588235294118;1.0;1.0451612903225806;0.6470588235294117;0.8401548672566371;-0.3333333333333333;-0.6666666666666666;0.37254901960784315;-1.0;-1.0;0.7091503267973851;1.416;0.38028169014084506;0.5546875;0.5641025641025641;-0.14844533600802406;6;0.6403785488958994;0.29985652797704454;0.5821831869510665;1.0795698924731183;0.43137254901960786;0.08;1.1730769230769231;0.94;2.3703703703703702;1.0;0.25;0.0;-0.2;0.4;1.0378787878787878;1.2083333333333333;0.3333333333333333;0.5;0.2;0.25;0.0;-0.875;-3.0;3.0;0.7272727272727273;2.75;-0.37791084497671323;0.2590583220306142;0.4555103343707604;0.266236802119453;1.1717267552182165;0.17391304347826086;0.25925925925925924;1.5585552038726498;0.46808510638297873;0.6729393055923669;1.0384615384615385;0.8333333333333334;0.1306958671847404;0.8333333333333334;0.5;0.39224555735056554;0.04934086629001875;0.3333333333333333;0.14285714285714285;0.16844729344729342;-0.15371762740183795;0.5;0.0;1.133419689119171;0.6784051222351574;0.7240817276907854;0.22216666666666665;0.22483766233766228;0.0;0.6666666666666666;0.36114352392065346;-0.07759103641456586;0.14285714285714285;1.3333333333333333;0.42314939434724097;-0.31938775510204087;0.21428571428571427;0.75;-2.3888333333333334;-2.090909090909091;-1.5714285714285714;-0.06576156130674586;2.1393785208068326;-1.75;2.5;-0.4429563492063492;1.704570545374255;-1.6363636363636365;1.3206997084548109;-0.5217391304347826;-0.5;0.0;-0.42592592592592593;-0.3;-1.4375;2.9032940743467055;1.5454545454545454;0.0;-0.45454545454545453;-0.397488529340739;0.8333333333333334;0.875;0.0;0.13627992633517497;-0.3333333333333333;1.1391713461830324;-1.0;-0.3333333333333333;0.021931260229132478;-0.6;-0.5083333333333333
0.7058823529411765;1.0;1.1419354838709677;0.7058823529411765;0.9397123893805309;-2.6666666666666665;-1.021505376344086;1.8823529411764706;0.8378378378378378;8.5;0.7875816993464048;1.37;-20684.12676056338;0.5625;0.8974358974358975;-0.16349047141424272;6;0.7129337539432177;0.3242467718794834;0.6386449184441655;1.243010752688172;0.43137254901960786;0.52;0.15384615384615385;0.78;1.0;1.0;0.875;0.25;0.0;0.2;1.1136363636363635;1.3541666666666667;-0.16666666666666666;0.3333333333333333;0.6;0.25;1.0;-1.0;-0.7777777777777778;-3.111111111111111;-0.18181818181818182;-2.375;0.5136393878908851;-0.32668087579926375;0.3097917165429732;0.9090855962909572;6.192915876027831;0.6521739130434783;1.6851851851851851;4.455781046360081;0.46808510638297873;1.8778160614895305;1.3846153846153846;1.1111666666666666;-0.8890851289297068;1.6666666666666667;0.5;0.5077544426494347;0.16760828625235397;0.3333333333333333;0.14285714285714285;0.1812678062678064;-0.1308827624617099;0.5;0.0;1.133419689119171;0.9933061699650758;0.8083706851388325;-1.0555;4.221590909090909;-2.111111111111111;0.3333333333333333;-0.250097238428627;1.6843137254901959;-1.2142857142857142;1.3333333333333333;-0.01911170928667563;0.7823979591836734;-1.1428571428571428;0.75;2.8890000000000007;-0.36363636363636365;9.142857142857142;2.0252439541790412;4.614755587861167;-1.75;7.5;1.009672619047619;3.726208876131597;-1.6363636363636365;-1.4198250728862971;-3.8260869565217397;-2.923076923076923;2.3739919354838714;-3.7222222222222228;7.4;4.75;3.0052447552447554;6.545454545454546;0.0;0.0;-0.3081381308862594;0.0;0.875;0.0;-0.9270718232044197;8.222222222222221;5.958415541053271;-6.333333333333333;-2.6666666666666665;2.427495908346972;-4.2;-0.5583333333333333
-0.9411764705882353;1.5714285714285714;-0.8709677419354839;-0.9411764705882354;-0.5077433628318584;0.0;0.34408602150537637;-0.9019607843137255;0.05405405405405406;1.0;-2.9673202614379086;0.28;0.22535211267605632;-2.609375;-2.9743589743589745;-0.3520561685055166;7;-2.8706624605678237;-1.157819225251076;-0.5282308657465493;-0.21505376344086022;-0.8431372549019608;-0.78;-0.6730769230769231;-0.44;-0.07407407407407407;1.5714285714285714;1.375;1.375;0.9;0.7;-0.6439393939393939;-0.34375;0.16666666666666666;0.16666666666666666;0.2;0.0;0.0;1.0;0.8888888888888888;0.7777777777777778;0.6363636363636364;0.375;-1.1111111111111114;-1.7763999224956404;-1.4081876945175964;-0.8571317255620057;-0.27767235926628714;-0.7608695652173914;-0.9444444444444444;-0.8570098678086017;-0.44680851063829785;-1.1653856347733897;-0.07692307692307693;1.7778333333333334;3.1073825503355708;2.3333333333333335;1.0;1.7308562197092083;2.9404896421845574;5.0;0.7142857142857143;1.669337606837607;1.9974937343358397;4.0;0.25;-0.951910621761658;-1.4063833915405508;-1.5283776704115488;0.16666666666666666;-0.33319805194805197;0.2222222222222222;0.0;0.1944768572539868;-0.5148459383753501;0.2857142857142857;-0.3333333333333333;0.21157469717362049;-0.5772959183673471;0.35714285714285715;-0.5;1.2778333333333334;1.0909090909090908;0.5714285714285714;1.6616461603733559;0.0;1.1666666666666667;0.0;1.8777281746031744;0.09626849194082578;1.5454545454545454;-1.6559766763848396;-0.5434782608695653;0.5192307692307693;-0.21538978494623653;-0.44444444444444436;-0.8;0.8125;0.2667464114832535;-0.09090909090909091;-3.2;2.5454545454545454;3.7758995411736294;-0.6666666666666666;-0.625;2.4;2.1981583793738486;0.6666666666666666;0.17726513886781;-0.3333333333333333;0.3333333333333333;-0.33911620294599026;0.2;11.379166666666668
-0.8823529411764706;-0.7142857142857143;-0.8516129032258064;-0.8823529411764707;-0.49557522123893805;-0.3333333333333333;0.3333333333333333;-1.0;0.05405405405405406;0.0;-2.222222222222222;0.475;-0.23943661971830976;-2.609375;-2.9743589743589745;-0.3550651955867603;7;-2.8706624605678237;-1.157819225251076;-0.5282308657465493;-0.21505376344086022;-0.8431372549019608;-0.78;-0.6730769230769231;-0.44;-0.07407407407407407;1.5714285714285714;1.375;1.375;0.9;0.7;-0.6439393939393939;-0.34375;0.16666666666666666;0.16666666666666666;0.2;0.0;0.0;1.0;0.8888888888888888;0.7777777777777778;0.6363636363636364;0.375;-1.1111111111111114;-1.7763999224956404;-1.4081876945175964;-0.9058323917871196;-0.27767235926628714;-0.8695652173913043;-0.9444444444444444;-0.8570098678086017;-0.5531914893617021;-1.1653856347733897;-0.2692307692307692;0.44449999999999995;3.1073825503355708;-0.3333333333333333;1.0;0.4384491114701131;2.9404896421845574;-0.3333333333333333;0.7142857142857143;0.24483618233618235;1.9974937343358397;0.0;0.25;-0.951910621761658;-1.4063833915405508;-1.5283776704115488;0.08333333333333333;-0.33319805194805197;0.1111111111111111;0.0;0.0972384286269934;-0.5148459383753501;0.21428571428571427;-0.3333333333333333;0.07698519515477793;-0.5772959183673471;0.2857142857142857;-0.5;0.6111666666666666;0.36363636363636365;0.5714285714285714;0.8131098854476029;0.0;0.5;0.0;0.8856646825396826;0.09626849194082578;0.8181818181818182;-0.5247813411078716;-0.5434782608695653;0.5192307692307693;-0.21538978494623653;-0.44444444444444436;-0.8;0.8125;0.2667464114832535;-0.09090909090909091;-3.2;2.5454545454545454;3.7758995411736294;-0.6666666666666666;-0.625;2.4;2.1981583793738486;0.6666666666666666;0.17726513886781;-0.3333333333333333;0.3333333333333333;-0.33911620294599026;0.2;11.379166666666668
-0.8235294117647058;1.0;-0.7548387096774194;-0.8235294117647061;-0.4811946902654867;0.0;0.3225806451612903;-0.8235294117647058;0.1891891891891892;0.75;-1.69281045751634;0.6;-0.76056338028169;-2.609375;-2.9743589743589745;-0.37011033099297896;7;-2.2555205047318614;-1.157819225251076;-0.5282308657465493;-0.21505376344086022;-0.9411764705882353;-0.78;-0.6730769230769231;-0.44;-0.07407407407407407;-0.7142857142857143;1.375;1.375;0.9;0.7;-0.6439393939393939;-0.34375;0.0;0.16666666666666666;0.2;0.0;0.0;0.0;0.8888888888888888;0.7777777777777778;0.6363636363636364;0.375;-0.3925482368596141;-1.3578763805464058;-1.235815178357673;-0.8636186543031907;-0.12381404174573048;-0.8695652173913043;-0.8703703703703703;-0.6758517966859056;-0.5531914893617021;-1.0364431486880465;-0.2692307692307692;0.6666666666666666;2.0522783468738965;-0.3333333333333333;1.0;0.6537964458804524;1.815442561205273;-0.3333333333333333;0.7142857142857143;0.48219373219373224;1.165692007797271;0.0;0.25;0.2661917098445596;-0.6765618936748156;-1.090459281681122;0.11116666666666668;-0.38595779220779225;0.1111111111111111;0.0;0.1297160637884092;-0.5512605042016806;0.21428571428571427;-0.3333333333333333;0.12193808882907134;-0.6104591836734694;0.2857142857142857;-0.5;0.7223333333333333;0.36363636363636365;0.5714285714285714;0.9546033092914721;-0.2714882791204797;0.5;0.0;1.0510912698412698;-0.2336056524619121;0.8181818181818182;-1.160349854227405;0.04347826086956526;0.5192307692307693;-0.21538978494623653;-0.44444444444444436;0.6;0.8125;0.2667464114832535;-0.09090909090909091;2.4;2.5454545454545454;3.7758995411736294;-0.6666666666666666;0.875;2.4;2.1981583793738486;0.6666666666666666;0.17726513886781;0.3333333333333333;0.3333333333333333;-0.33911620294599026;0.2;5.270833333333334
-0.7647058823529411;0.2857142857142857;-0.6903225806451613;-0.7647058823529412;-0.4646017699115044;-0.3333333333333333;0.3010752688172043;-0.8627450980392157;0.21621621621621623;0.0;-1.3169934640522878;0.706;-0.8873239436619718;-2.609375;-2.9743589743589745;-0.3801404212637914;7;-1.8611987381703472;-1.157819225251076;-0.5282308657465493;-0.21505376344086022;-0.7647058823529411;-0.88;-0.6730769230769231;-0.44;-0.07407407407407407;1.0;-0.625;1.375;0.9;0.7;-0.6439393939393939;-0.34375;0.16666666666666666;0.0;0.2;0.0;0.0;0.75;0.0;0.7777777777777778;0.6363636363636364;0.375;-0.37791084497671323;-1.2061615965898083;-1.1733301412497008;-0.8506447968208205;-0.08950031625553445;-0.8695652173913043;-0.8703703703703703;-0.7963135356544403;-0.5531914893617021;-1.122183938510469;-0.2692307692307692;0.16666666666666666;1.2401978099611444;-0.3333333333333333;0.5;0.5596122778675283;1.277212806026365;-0.3333333333333333;0.7142857142857143;0.3783831908831909;0.7677527151211362;0.0;0.25;0.7420660621761658;-0.33896003104384925;-0.8878863728971417;0.0;-0.2142857142857143;0.0;0.0;0.0486192143134967;-0.4448179271708683;0.14285714285714285;-0.3333333333333333;0.00969044414535667;-0.5135204081632654;0.21428571428571427;-0.5;0.2778333333333333;0.36363636363636365;0.2857142857142857;0.7070428510818837;-0.2787570416136652;0.5;0.0;0.761656746031746;-0.24243762419960255;0.8181818181818182;-0.6034985422740521;-0.5217391304347826;-0.5;-0.3424059139784946;-0.42592592592592593;-0.5;-0.75;0.03413691571586312;0.18181818181818182;-1.0;-1.5454545454545454;2.4013523303549866;1.1666666666666667;0.25;-1.0;1.293186003683241;-0.5555555555555556;-0.07133100622249199;-0.6666666666666666;-0.5;-0.30180032733224227;0.0;3.4458333333333337
-0.7058823529411765;-0.8571428571428571;-0.6774193548387096;-0.7058823529411765;-0.4452433628318584;0.0;0.2903225806451613;-0.7450980392156863;0.2972972972972973;0.375;-1.0294117647058825;0.782;-1.0563380281690142;-2.609375;-2.9743589743589745;-0.38214643931795383;7;-1.5268138801261832;-1.157819225251076;-0.5282308657465493;-0.21505376344086022;-0.803921568627451;-0.7;-0.7692307692307693;-0.44;-0.07407407407407407;0.2857142857142857;0.875;-0.625;0.9;0.7;-0.6439393939393939;-0.34375;-0.16666666666666666;0.16666666666666666;0.0;0.0;0.0;0.0;0.6666666666666666;-0.1111111111111111;0.6363636363636364;0.375;-0.39620758483033935;-0.9283084673512887;-1.0588939430213073;-0.7662173218529629;-0.35373181530676784;-0.717391304347826;-0.7962962962962963;-0.6185067957549802;-0.5531914893617021;-0.9956268221574343;-0.2692307692307692;0.11116666666666664;1.4270575768279763;-0.5;0.5;0.24458804523424896;1.4647834274952918;-0.6666666666666666;0.7142857142857143;0.03116096866096879;0.9064327485380117;-0.25;0.25;-0.25437176165803105;-0.26717112922002306;-0.8448105244775596;0.0;-0.2142857142857143;0.0;0.0;0.03889537145079735;-0.4784313725490196;0.14285714285714285;-0.3333333333333333;-0.0037685060565275943;-0.5441326530612245;0.21428571428571427;-0.5;0.44449999999999995;0.36363636363636365;0.2857142857142857;0.6858294442087399;-0.3777939305833182;0.5;0.0;0.7368551587301587;-0.36277323912563486;0.8181818181818182;-0.7959183673469385;0.021739130434782532;0.4807692307692307;-0.36189516129032256;-0.44444444444444436;0.3;0.4375;-0.1209054103790946;-0.09090909090909091;-1.6;-0.2727272727272727;1.5993721323351846;-2.1666666666666665;-0.75;-1.6;1.4880294659300186;0.3333333333333333;-0.324935498558203;0.3333333333333333;0.5;-0.235024549918167;0.0;2.4
-0.6470588235294118;1.0;-0.5806451612903226;-0.6470588235294118;-0.42367256637168144;0.0;0.27956989247311825;-0.8627450980392157;0.13513513513513514;-0.75;-0.8169934640522878;0.889;-0.4647887323943661;-2.609375;-2.9743589743589745;-0.3971915747241725;7;-1.2870662460567823;-1.157819225251076;-0.5282308657465493;-0.21505376344086022;-0.6862745098039216;-0.74;-0.5961538461538461;-0.44;-0.07407407407407407;-0.8571428571428571;0.25;0.875;0.9;0.7;-0.6439393939393939;-0.34375;0.0;-0.16666666666666666;0.2;0.0;0.0;0.375;0.0;0.5555555555555556;0.6363636363636364;0.375;0.01397205588822379;-0.6153846153846154;-0.9300135663554386;-0.7792106596018233;-0.2890575585072739;-0.717391304347826;-0.7962962962962963;-0.7130888102774156;-0.5531914893617021;-1.0629472568248077;-0.2692307692307692;0.11116666666666664;1.4270575768279763;-0.5;0.5;0.38465266558966077;1.2956685499058378;-0.6666666666666666;0.7142857142857143;0.1855413105413105;0.7813979392926762;-0.25;0.25;0.2091968911917098;0.0565580131936362;-0.6505617323476336;0.055499999999999994;0.0;0.0;0.3333333333333333;0.0972384286269934;-0.419047619047619;0.14285714285714285;0.0;0.07698519515477793;-0.49005102040816334;0.21428571428571427;-0.25;-0.22216666666666665;-0.18181818181818182;-0.14285714285714285;0.3534153585065761;-0.11993458113756135;0.0;0.0;0.3482142857142857;-0.04945904173106651;0.2727272727272727;0.6472303206997091;0.04347826086956526;0.019230769230769232;-0.36189516129032256;0.037037037037037236;-0.9;-0.8125;-0.08189179241810818;-0.45454545454545453;2.6;1.9090909090909092;1.7375030185945424;0.8333333333333334;0.875;2.6;1.4880294659300186;-1.0;-0.2628623463348004;0.6666666666666666;0.16666666666666666;-0.1204582651391163;0.8;1.8291666666666666
-0.5882352941176471;0.2857142857142857;-0.5161290322580645;-0.6787330316742082;-0.40154867256637167;0.0;0.3225806451612903;-0.6078431372549019;0.2972972972972973;0.5;-0.6535947712418305;0.938;-0.4788732394366196;-0.5;-0.09401709401709402;-0.40722166499498497;7;-0.9495268138801262;-1.157819225251076;-0.5282308657465493;-0.21505376344086022;-0.803921568627451;-0.62;-0.6346153846153846;-0.44;-0.07407407407407407;1.0;-0.75;0.25;0.9;0.7;-0.6439393939393939;-0.34375;0.3333333333333333;0.0;-0.2;0.0;0.0;-0.75;0.3333333333333333;-0.1111111111111111;0.6363636363636364;0.375;0.030605455755156535;-0.2958728928502227;-0.7984199186018673;-0.6948026649004558;0.191967109424415;-0.717391304347826;-0.6666666666666666;-0.3343883820517593;-0.5531914893617021;-0.7934004770739463;-0.2692307692307692;0.11116666666666664;1.4270575768279763;-0.5;0.5;0.3691437802907916;1.0696798493408664;-0.6666666666666666;0.7142857142857143;0.16844729344729342;0.6143135616819829;-0.25;0.25;0.7420660621761658;0.36398913465269717;-0.46609232202107204;0.22216666666666665;-0.15137987012987014;0.1111111111111111;0.3333333333333333;0.13885647607934656;-0.40112044817927167;0.14285714285714285;0.0;0.13458950201884254;-0.4737244897959184;0.21428571428571427;-0.25;0.0;-0.18181818181818182;0.0;0.41917691981332195;-0.18589860076322;0.0;0.0;0.4250992063492063;-0.12960918525060713;0.2727272727272727;-0.5889212827988337;0.04347826086956526;-0.0;-0.8373655913978496;0.05555555555555569;1.0;1.125;0.24006256900993742;0.18181818181818182;-1.0;-1.6363636363636365;1.7375030185945424;1.3333333333333333;0.25;-1.0;1.4880294659300186;1.1111111111111112;0.19881620883290338;0.0;-0.3333333333333333;-0.47463175122749596;0.6;1.1875000000000002
-0.5294117647058824;-0.7142857142857143;-0.4967741935483871;-0.5294117647058825;-0.37389380530973454;0.3333333333333333;0.2903225806451613;-0.6666666666666666;0.16216216216216217;-0.375;-0.5261437908496732;0.994;-0.23943661971830976;-0.515625;-0.23076923076923078;-0.4102306920762287;7;-0.7949526813880128;-1.157819225251076;-0.5282308657465493;-0.21505376344086022;-0.5490196078431373;-0.74;-0.5192307692307693;-0.44;-0.07407407407407407;0.2857142857142857;0.875;-0.75;0.9;0.7;-0.6439393939393939;-0.34375;0.3333333333333333;0.3333333333333333;0.0;0.0;0.0;0.5;-0.6666666666666666;0.2222222222222222;0.6363636363636364;0.375;-0.3925482368596141;-0.26022088742491767;-0.7119942542494614;-0.668815989402735;0.23956356736242893;-0.717391304347826;-0.6666666666666666;-0.2532116924222676;-0.5531914893617021;-0.764245958123509;-0.2692307692307692;0.16666666666666666;1.2401978099611444;-0.3333333333333333;0.5;0.0;0.8064030131826739;-0.6666666666666666;0.14285714285714285;0.0;0.6449456975772765;-0.25;0.25;-0.1931670984455958;0.33090803259604207;-0.36707608126200575;0.3333333333333333;-0.6201298701298702;0.3333333333333333;0.3333333333333333;0.16666666666666669;-0.3725490196078431;0.14285714285714285;0.0;0.17792732166890984;-0.4704081632653062;0.21428571428571427;-0.25;-0.3333333333333333;-0.18181818181818182;0.0;0.08570216376750103;-0.27239687443212784;0.0;-0.25;0.265625;-0.1238684036211084;0.2727272727272727;-0.06997084548104898;-0.5434782608695653;-0.5192307692307693;-0.332997311827957;-0.44444444444444436;-0.6;-1.0625;0.2957305852042694;0.45454545454545453;-1.4;-0.18181818181818182;1.654672784351606;-2.0;-0.625;-1.4;1.293186003683241;-0.6666666666666666;0.24449840643496745;0.0;0.0;-0.42389525368248776;0.2;0.9416666666666671
-0.47058823529411764;-0.7142857142857143;-0.4774193548387097;-0.47058823529411775;-0.34513274336283184;-0.3333333333333333;0.27956989247311825;-0.5098039215686274;0.1891891891891892;0.125;-0.42483660130718987;1.027;-0.2112676056338027;-0.46875;-0.23076923076923078;-0.41323971915747243;7;-0.6182965299684542;-0.8780487804878048;-0.5282308657465493;-0.21505376344086022;-0.6078431372549019;-0.48;-0.6346153846153846;-0.54;-0.07407407407407407;-0.7142857142857143;0.25;0.875;-0.7;0.7;-0.6212121212121212;-0.34375;0.3333333333333333;0.3333333333333333;0.4;-0.25;0.0;-0.375;0.4444444444444444;-0.7777777777777778;-0.09090909090909091;0.375;-0.3925482368596141;-0.2615772137182716;-0.6072939111004709;-0.5519343904624615;-0.19781783681214413;-0.5;-0.5740740740740741;-0.2210016756656115;-0.40425531914893614;-0.577789557381394;-0.2692307692307692;-0.5;0.5383256799717416;-0.3333333333333333;-0.125;0.0;0.8064030131826739;-0.6666666666666666;0.14285714285714285;-0.1310541310541312;0.6377053745474799;-0.25;0.25;-0.8095854922279793;0.025999223903764135;-0.30467431165958425;0.16666666666666666;0.08279220779220778;0.0;0.3333333333333333;0.13885647607934656;-0.32633053221288516;0.14285714285714285;0.0;0.12193808882907134;-0.44515306122448983;0.21428571428571427;-0.25;0.05566666666666667;0.09090909090909091;0.0;0.1160373355960967;-0.27348718880610573;0.0;-0.25;0.2517361111111111;-0.18966659306690217;0.2727272727272727;-0.4664723032069969;0.04347826086956526;0.5192307692307693;-0.332997311827957;-0.44444444444444436;0.5;0.625;0.10903570114096434;0.0;0.0;0.6363636363636364;-0.13450857280850045;-1.1666666666666667;-0.625;0.0;0.5613259668508288;0.5555555555555556;-0.1752921535893154;-1.0;-0.5;-0.235024549918167;-0.4;0.6916666666666669
-0.4117647058823529;-0.8571428571428571;-0.4645161290322581;-0.41176470588235303;-0.31194690265486724;0.0;0.24731182795698925;-0.4117647058823529;0.24324324324324326;0.25;-0.32679738562091526;1.051;-0.2957746478873239;-0.4140625;-0.1794871794871795;-0.4152457372116349;7;-0.5141955835962148;-0.6987087517934002;-0.5282308657465493;-0.21505376344086022;-0.45098039215686275;-0.54;-0.38461538461538464;-0.36;-0.07407407407407407;-0.7142857142857143;-0.625;0.25;0.5;0.7;-0.5075757575757576;-0.34375;-0.16666666666666666;0.3333333333333333;0.4;0.0;0.0;0.125;-0.3333333333333333;0.3333333333333333;0.45454545454545453;0.375;0.01397205588822379;-0.1887231156752568;-0.49397494214348425;-0.4870066622511396;0.20003162555344728;-0.5;-0.48148148148148145;0.11133867063861491;-0.40425531914893614;-0.37052743175192143;-0.2692307692307692;-0.9443333333333334;-0.6852702225362063;-0.5;-1.0;-0.2999999999999999;0.6346516007532956;-0.6666666666666666;0.14285714285714285;-0.2537393162393164;0.6410470620996936;-0.25;0.25;-0.8877914507772021;-0.1986806363989133;-0.2676523662611327;0.16666666666666666;0.08279220779220778;0.0;0.3333333333333333;0.16666666666666669;-0.30280112044817925;0.14285714285714285;0.0;0.15773889636608346;-0.4441326530612245;0.21428571428571427;-0.25;-0.0555;0.09090909090909091;-0.2857142857142857;-0.0050912176495545225;-0.38615300745048153;0.0;-0.5;0.265625;-0.24398321925369848;0.2727272727272727;-0.5306122448979591;0.021739130434782532;-0.019230769230769232;-0.3424059139784946;0.037037037037037236;0.2;-0.25;-0.1209054103790946;0.7272727272727273;-0.2;-0.09090909090909091;-0.09104081139821305;-0.16666666666666666;-0.75;-0.2;-0.714548802946593;0.2222222222222222;0.20655638184853553;1.0;1.0;0.18003273322422253;0.2;0.5583333333333333
-0.35294117647058826;-0.8571428571428571;-0.45161290322580644;-0.35294117647058837;-0.2771017699115044;0.0;0.23655913978494625;-0.37254901960784315;0.21621621621621623;0.0;-0.2614379084967322;1.077;-0.2112676056338027;-0.3515625;-0.1452991452991453;-0.4172517552657974;7;-0.4384858044164039;-0.5466284074605452;-0.5282308657465493;-0.21505376344086022;-0.35294117647058826;-0.38;-0.4423076923076923;-0.4;-0.07407407407407407;-0.8571428571428571;-0.625;-0.625;0.0;0.7;-0.4318181818181818;-0.34375;0.3333333333333333;-0.16666666666666666;0.4;-0.5;0.0;0.25;0.1111111111111111;-0.4444444444444444;-0.09090909090909091;0.375;0.01397205588822379;-0.18717302848285203;-0.3746708163753892;-0.38960532980091167;-0.2666034155597723;-0.32608695652173914;-0.4444444444444444;0.17352448333643647;-0.40425531914893614;-0.22157434402332365;-0.2692307692307692;-1.0;-0.6852702225362063;-0.5;-1.0;-0.4846526655896607;0.6207156308851224;-0.6666666666666666;0.14285714285714285;-0.3541666666666667;0.6268448900027849;-0.25;0.25;-0.9715025906735751;-0.4077415599534342;-0.24413528144827978;0.055499999999999994;0.0;0.0;0.3333333333333333;0.1944768572539868;-0.35126050420168065;0.14285714285714285;0.0;0.13808882907133244;-0.4538265306122449;0.21428571428571427;-0.25;0.11116666666666668;0.36363636363636365;-0.2857142857142857;-0.0050912176495545225;-0.38615300745048153;0.0;-0.5;0.23189484126984128;-0.2848310885405167;0.2727272727272727;-0.3644314868804665;0.04347826086956526;0.019230769230769232;-0.8373655913978496;0.037037037037037236;-0.1;-0.25;-0.368052999631947;0.18181818181818182;0.0;0.09090909090909091;-0.8659744023182807;-0.16666666666666666;-0.75;0.0;-0.714548802946593;-0.1111111111111111;-0.24131127636970706;-0.6666666666666666;-0.8333333333333334;0.25040916530278223;0.4;0.46249999999999997
-0.29411764705882354;-0.5714285714285714;-0.4258064516129032;-0.2941176470588236;-0.23783185840707965;0.0;0.1827956989247312;-0.27450980392156865;0.21621621621621623;0.0;-0.19607843137254916;1.097;-0.2112676056338027;-0.2890625;-0.07692307692307693;-0.42126379137412234;7;-0.35646687697160884;-0.43758967001434707;-0.5282308657465493;-0.21505376344086022;-0.3137254901960784;-0.28;-0.28846153846153844;-0.28;-0.07407407407407407;-0.8571428571428571;-0.75;-0.625;-0.8;0.7;-0.4166666666666667;-0.34375;0.0;0.3333333333333333;-0.2;-0.25;0.0;0.0;0.2222222222222222;0.0;0.18181818181818182;0.375;0.030605455755156535;-0.14706452237938392;-0.25209480488388814;-0.31168426384072934;-0.2666034155597723;-0.21739130434782608;-0.35185185185185186;0.3833550549245952;-0.40425531914893614;-0.04585210707659688;-0.2692307692307692;-0.9443333333333334;-0.48110208406923344;-0.5;-0.875;-0.43861066235864293;0.5604519774011298;-0.6666666666666666;0.14285714285714285;-0.4081196581196581;0.5689223057644112;-0.25;0.25;-0.8006800518134716;-0.8526387272021729;-0.21648524361138582;0.11116666666666668;-0.15137987012987014;0.1111111111111111;0.3333333333333333;0.1944768572539868;-0.35126050420168065;0.14285714285714285;0.0;0.12193808882907134;-0.4630102040816327;0.21428571428571427;-0.25;0.05566666666666667;0.36363636363636365;-0.2857142857142857;-0.09609673313534152;-0.42794839178629834;0.0;-0.5;0.20362103174603174;-0.32060057407816295;0.2727272727272727;-0.42274052478134055;0.04347826086956526;0.0;-0.8373655913978496;0.05555555555555569;0.2;0.125;-0.48472580051527414;0.18181818181818182;0.4;0.18181818181818182;-0.636319729533929;0.3333333333333333;-0.5;0.4;-0.5016574585635358;0.2222222222222222;-0.24131127636970706;0.0;0.3333333333333333;0.021931260229132478;-0.2;0.3708333333333337
-0.23529411764705882;-0.2857142857142857;-0.3870967741935484;-0.22624434389140283;-0.19469026548672566;0.0;0.12903225806451613;-0.19607843137254902;0.21621621621621623;0.25;-0.14052287581699394;1.114;-0.2112676056338027;-0.2265625;0.0;-0.4272818455366098;7;-0.2933753943217665;-0.2840746054519368;-0.5282308657465493;-0.21505376344086022;-0.21568627450980393;-0.24;-0.19230769230769232;-0.4;-0.07407407407407407;-0.5714285714285714;-0.75;-0.75;0.5;0.7;-0.30303030303030304;-0.34375;0.0;0.0;0.4;0.25;0.0;0.0;0.0;0.1111111111111111;-0.6363636363636364;0.375;0.01397205588822379;-0.07111024995155961;-0.1288803766658688;-0.24025012662173215;-0.12381404174573048;-0.17391304347826086;-0.2777777777777778;0.11282815118227515;-0.19148936170212766;0.12695467797508614;-0.2692307692307692;-0.7221666666666667;-0.18262098198516422;-0.5;-0.625;-0.6462035541195477;-0.239924670433145;-0.6666666666666666;-0.5714285714285714;-0.4262820512820513;0.49874686716791994;-0.25;0.25;-0.48040803108808283;-0.9572176949941791;-0.17352581640374865;0.0;-0.6201298701298702;0.1111111111111111;-0.3333333333333333;0.13885647607934656;-0.3616246498599439;0.14285714285714285;0.0;0.10794078061911172;-0.47168367346938783;0.21428571428571427;-0.25;0.05566666666666667;0.36363636363636365;-0.2857142857142857;0.14637250742469238;-0.6294748319098673;0.25;-0.5;0.21800595238095238;-0.35482446456171346;0.2727272727272727;-0.41690962099125306;0.021739130434782532;-0.019230769230769232;-0.8373655913978496;0.037037037037037236;0.1;-0.125;-0.5034965034965034;0.36363636363636365;0.4;0.0;-0.72639459067858;0.6666666666666666;-0.25;0.4;-0.19042357274401467;0.1111111111111111;-0.10426468356351486;0.0;0.0;-0.42389525368248776;0.2;0.30000000000000027
-0.17647058823529413;0.7142857142857143;-0.3032258064516129;-0.17647058823529418;-0.14823008849557523;0.0;0.053763440860215055;-0.29411764705882354;0.0;-1.0;-0.06862745098039257;1.147;-0.05633802816901403;-0.1640625;-0.017094017094017096;-0.440320962888666;7;-0.2397476340694002;-0.21377331420373027;-0.5282308657465493;-0.21505376344086022;-0.13725490196078433;-0.14;-0.15384615384615385;-0.14;-0.07407407407407407;-0.2857142857142857;-0.5;-0.75;0.0;0.7;-0.22727272727272727;-0.34375;0.0;0.0;0.0;0.25;0.0;0.25;0.0;-0.1111111111111111;0.2727272727272727;0.375;0.01397205588822379;0.04262739779112588;-0.004468917085627718;-0.21428293139050142;-0.41840607210626185;-0.08695652173913043;-0.2777777777777778;-0.005026996834853704;-0.19148936170212766;0.16551815531407374;-0.2692307692307692;-0.11100000000000006;0.7802896503002473;-0.16666666666666666;0.25;-0.5770597738287558;0.14952919020715622;-0.6666666666666666;-0.14285714285714285;-0.352920227920228;0.49094959621275414;-0.25;0.25;0.2773639896373056;-0.6167054714784632;-0.07410210140287558;0.0;-0.6201298701298702;0.1111111111111111;-0.3333333333333333;0.08343057176196035;-0.3952380952380952;0.14285714285714285;0.0;0.09609690444145358;-0.47984693877551027;0.21428571428571427;-0.25;-0.38883333333333336;-0.36363636363636365;-0.2857142857142857;-0.21722528638099278;-0.3776122115209885;-0.16666666666666666;-0.75;0.05307539682539683;-0.20953852947670565;0.09090909090909091;0.2099125364431489;0.04347826086956526;0.019230769230769232;-0.8373655913978496;0.037037037037037236;-0.8;-0.625;-0.13728376886271623;-0.5454545454545454;1.4;0.45454545454545453;-0.3081381308862594;1.5;0.625;1.4;0.8136279926335175;-0.8888888888888888;-0.3870086507816057;0.0;0.0;-0.8019639934533551;0.2;0.2416666666666669
-0.11764705882352941;-0.2857142857142857;-0.2645161290322581;-0.11764705882352952;-0.10176991150442478;-0.3333333333333333;0.03225806451612903;-0.0196078431372549;0.05405405405405406;0.25;-0.032679738562091526;1.156;-0.0845070422535211;-0.109375;0.09401709401709402;-0.4463390170511535;7;-0.13564668769716068;-0.13342898134863695;-0.5282308657465493;-0.21505376344086022;-0.23529411764705882;-0.06;-0.057692307692307696;-0.2;-0.07407407407407407;0.7142857142857143;-0.25;-0.5;-0.7;0.7;-0.20454545454545456;-0.34375;0.0;0.0;0.0;0.25;0.0;-1.0;0.2222222222222222;-0.1111111111111111;-0.36363636363636365;0.375;0.030605455755156535;0.04417748498353028;0.03926262868087122;-0.12987493668913394;0.2851043643263757;-0.08695652173913043;-0.1111111111111111;-0.005026996834853704;-0.02127659574468085;0.3567452955208057;-0.2692307692307692;0.0;0.5383256799717416;0.16666666666666666;0.25;-0.5077544426494345;0.12843691148775885;-0.6666666666666666;-0.14285714285714285;-0.5183404558404558;0.2172096908939015;-0.25;-0.08333333333333333;0.2773639896373056;-0.3649592549476134;-0.12713196344373928;0.0;-0.6201298701298702;0.1111111111111111;-0.3333333333333333;0.027810190587320115;-0.46078431372549017;0.14285714285714285;0.0;0.07698519515477793;-0.47908163265306125;0.21428571428571427;-0.25;-0.2776666666666667;-0.36363636363636365;-0.2857142857142857;-0.06576156130674586;-0.3776122115209885;-0.16666666666666666;-0.75;-0.053323412698412696;-0.32589975712077723;0.09090909090909091;-0.4518950437317779;0.04347826086956526;0.0;-0.8373655913978496;0.05555555555555569;1.1;1.125;0.2304011777695988;0.36363636363636365;-1.4;-1.2727272727272727;0.708041535860903;0.0;-0.25;-1.4;0.5613259668508288;1.2222222222222223;0.28820761875853695;0.0;0.0;-0.8019639934533551;0.2;0.13333333333333347
-0.058823529411764705;0.42857142857142855;-0.1935483870967742;-0.0542986425339367;-0.05254424778761062;-0.3333333333333333;0.021505376344086023;0.1568627450980392;0.2972972972972973;1.0;0.0;1.156;-0.22535211267605623;-0.0546875;0.24786324786324787;-0.4573721163490471;7;-0.10725552050473197;-0.08608321377331427;-0.2835633626097866;-0.16129032258064516;0.0392156862745098;-0.16;0.019230769230769232;-0.04;-0.25925925925925924;-0.2857142857142857;0.625;-0.25;-0.7;-0.9;-0.18181818181818182;-0.3125;0.0;0.0;0.0;-0.5;-0.5;0.25;-0.8888888888888888;0.1111111111111111;0.0;-0.625;0.030605455755156535;0.048633985661693364;0.06623573537626672;-0.012993337748860434;0.995888678051866;-0.08695652173913043;0.05555555555555555;0.4187302178365296;0.0851063829787234;0.5202756427246222;0.0;0.2778333333333333;0.38466972801130345;0.16666666666666666;0.25;-0.32310177705977383;0.28775894538606395;-0.6666666666666666;-0.14285714285714285;-0.4164886039886041;0.2172096908939015;-0.25;-0.08333333333333333;0.1007124352331606;-0.0554908808692277;-0.18685604517143006;-0.055499999999999994;-0.38595779220779225;0.0;-0.3333333333333333;0.027810190587320115;-0.46078431372549017;0.14285714285714285;0.0;0.057873485868102315;-0.4622448979591838;0.21428571428571427;-0.25;0.05566666666666667;-0.36363636363636365;0.5714285714285714;0.14637250742469238;-0.16645466109394882;-0.16666666666666666;0.0;0.08854166666666667;-0.2073305365422831;0.09090909090909091;-0.6763848396501457;0.04347826086956526;0.0;-0.8568548387096775;0.05555555555555569;0.6;-0.375;0.26214574898785425;1.6363636363636365;1.0;1.0909090909090908;0.8232311035981646;-0.3333333333333333;0.375;1.0;0.40110497237569054;0.6666666666666666;0.9704052208225831;-0.3333333333333333;-0.16666666666666666;-0.6130932896890344;0.0;0.10416666666666677
0.0;0.2857142857142857;-0.12903225806451613;0.0;0.0;0.0;0.03225806451612903;0.058823529411764705;0.2972972972972973;0.0;0.032679738562091526;1.173;-0.1267605633802817;0.0;0.3162393162393162;-0.4674022066198596;7;-0.10725552050473197;-0.051649928263988565;-0.1267252195734002;-0.04946236559139786;0.21568627450980393;0.12;-0.07692307692307693;0.06;0.07407407407407407;0.42857142857142855;-0.25;0.625;-0.8;0.3;-0.16666666666666666;-0.15625;-0.16666666666666666;0.0;0.0;0.25;0.0;1.0;0.2222222222222222;-1.0;0.09090909090909091;0.125;0.4773785761809717;0.1718659174578571;0.12696512648631375;0.10388826119141306;-0.12381404174573048;0.21739130434782608;0.05555555555555555;0.3876373114876188;0.1276595744680851;0.5906440498277231;0.0;0.11116666666666664;0.045566937477922995;0.16666666666666666;0.0;-0.13844911147011296;0.18342749529190208;-0.6666666666666666;-0.14285714285714285;-0.48005698005698005;0.09440267335004189;-0.25;-0.08333333333333333;0.40544041450777196;0.2068296468762128;-0.1521043134059025;0.0;-0.2142857142857143;0.0;0.0;0.0;-0.5512605042016806;0.14285714285714285;-0.3333333333333333;0.057873485868102315;-0.4622448979591838;0.21428571428571427;-0.25;0.5;0.36363636363636365;0.5714285714285714;0.08570216376750103;-0.1700890423405415;-0.16666666666666666;0.0;-0.01785714285714286;-0.2669463457716936;0.09090909090909091;-0.11953352769679279;0.6086956521739131;0.5;-0.352486559139785;0.5370370370370372;-0.8;-0.9375;0.26214574898785425;-0.09090909090909091;-0.2;-0.5454545454545454;0.4436126539483216;0.6666666666666666;0.25;-0.2;0.047513812154696126;-0.8888888888888888;-0.10426468356351486;0.6666666666666666;0.5;-0.30180032733224227;0.4;0.10416666666666677
0.058823529411764705;0.5714285714285714;-0.05161290322580645;0.058823529411764656;0.05530973451327434;0.3333333333333333;0.06451612903225806;0.11764705882352941;0.2972972972972973;0.0;0.06535947712418305;1.193;0.014084507042253532;0.0703125;0.36752136752136755;-0.4794383149448345;7;-0.05362776025236564;-0.01434720229555238;0.0062735257214554625;0.006451612903225822;0.11764705882352941;0.3;0.19230769230769232;0.1;0.0;0.2857142857142857;0.375;-0.25;-0.8;-0.2;-0.15151515151515152;-0.052083333333333336;0.16666666666666666;-0.16666666666666666;0.0;-0.25;-1.0;0.0;0.8888888888888888;0.1111111111111111;-0.09090909090909091;-0.625;0.8955422488356622;0.3764774268552606;0.19040778868406344;0.14935520317917952;-0.4388045540796964;0.30434782608695654;0.05555555555555555;0.275926270713089;0.2127659574468085;0.5797773654916509;0.0;0.44449999999999995;-0.5358530554574356;0.8333333333333334;0.125;0.09224555735056537;-0.008286252354049055;0.0;-0.14285714285714285;-0.45477207977207984;0.13199665831244786;-0.25;-0.08333333333333333;0.48818005181347157;0.42316647264260787;-0.05163280749752607;0.11116666666666668;0.0;0.0;0.3333333333333333;0.05562038117464023;-0.4464985994397758;0.14285714285714285;0.0;0.1154777927321669;-0.464030612244898;0.21428571428571427;-0.25;0.38899999999999996;0.36363636363636365;0.5714285714285714;0.08570216376750103;-0.1700890423405415;-0.16666666666666666;0.0;-0.01785714285714286;-0.2669463457716936;0.09090909090909091;0.029154518950437348;0.6086956521739131;0.0;-0.352486559139785;1.0185185185185186;0.0;0.4375;0.002208317997791684;-0.6363636363636364;0.4;0.2727272727272727;-0.2808500362231346;0.16666666666666666;0.5;0.4;-0.5587476979742172;0.0;-0.4065867354682045;0.3333333333333333;-0.16666666666666666;-0.30180032733224227;0.8;0.05416666666666672
0.11764705882352941;1.5714285714285714;0.07096774193548387;0.11764705882352931;0.11393805309734513;0.0;0.06451612903225806;0.21568627450980393;0.32432432432432434;0.25;0.09803921568627386;1.205;0.0422535211267606;0.34375;0.452991452991453;-0.49849548645937813;7;0.009463722397476702;0.01434720229555238;0.10163111668757849;0.11612903225806448;0.17647058823529413;0.2;0.36538461538461536;0.2;0.2222222222222222;0.5714285714285714;0.25;0.375;-0.6;-1.0;-0.12121212121212122;-0.03125;0.3333333333333333;0.16666666666666666;-0.2;-0.25;-0.5;0.0;0.0;0.7777777777777778;-0.09090909090909091;-0.25;0.11477045908183657;0.38480914551443535;0.22240842710078995;0.1688354696692251;-0.19781783681214413;0.30434782608695654;0.1111111111111111;0.275926270713089;0.2127659574468085;0.6273522395971375;0.0;0.8889999999999999;0.7802896503002473;0.8333333333333334;1.0;0.4384491114701131;0.36346516007532964;0.6666666666666666;0.7142857142857143;-0.238425925925926;0.3380673906989698;-0.25;0.25;1.235589378238342;0.745246410554909;0.10774783165492767;0.22216666666666665;-0.38595779220779225;0.2222222222222222;0.3333333333333333;0.08343057176196035;-0.43949579831932767;0.14285714285714285;0.0;0.13458950201884254;-0.46709183673469395;0.21428571428571427;-0.25;0.05566666666666667;0.36363636363636365;-0.2857142857142857;0.14637250742469238;-0.16645466109394882;-0.16666666666666666;0.0;-0.03546626984126985;-0.27621991609626845;0.09090909090909091;-0.12827988338192367;-0.5;-0.9807692307692306;0.13239247311827965;0.07407407407407415;0.2;0.0625;-0.15715863084284137;0.2727272727272727;1.4;0.45454545454545453;-0.02946148273363919;1.5;1.375;1.4;0.8136279926335175;0.2222222222222222;-0.1752921535893154;-0.3333333333333333;-0.3333333333333333;-0.30180032733224227;0.2;-0.008333333333333342
0.17647058823529413;0.42857142857142855;0.14193548387096774;0.17647058823529396;0.17699115044247787;0.3333333333333333;0.0967741935483871;0.3333333333333333;1.027027027027027;0.625;0.14052287581699321;1.219;0.05633802816901413;0.3828125;0.5384615384615384;-0.5095285857572718;7;0.0473186119873821;0.03873744619799158;0.23588456712672523;0.22795698924731186;0.27450980392156865;0.26;0.2692307692307692;0.28;0.0;1.5714285714285714;0.5;0.25;-0.4;0.3;-0.07575757575757576;0.125;0.16666666666666666;0.3333333333333333;0.2;-0.25;0.5;0.25;0.0;-0.1111111111111111;0.09090909090909091;-1.375;0.6017964071856289;0.5855454369308275;0.3065996329103821;0.2597303931117777;0.03415559772296018;0.3695652173913043;0.2222222222222222;0.384658350400298;0.2127659574468085;0.5410813676119798;0.38461538461538464;0.9445;0.6506534793359238;1.0;1.0;0.5537964458804524;0.14952919020715622;0.6666666666666666;0.7142857142857143;-0.28935185185185186;0.2584238373712058;-0.25;0.25;1.1620790155440412;0.903570042685293;0.3222539146632515;0.3333333333333333;-0.2142857142857143;0.2222222222222222;0.6666666666666666;0.16666666666666669;-0.3361344537815126;0.14285714285714285;0.3333333333333333;0.15397039030955587;-0.4385204081632654;0.21428571428571427;0.0;0.3333333333333333;0.36363636363636365;0.14285714285714285;0.2373780229104794;-0.12120661457386876;-0.16666666666666666;0.0;0.15922619047619044;-0.33362773239125637;0.09090909090909091;-0.04956268221574316;1.173913043478261;1.4807692307692308;0.45934139784946243;0.5555555555555556;0.3;0.0;-0.5034965034965034;0.5454545454545454;-1.6;-1.3636363636363635;0.8391692827819366;-0.16666666666666666;0.375;-1.6;0.6784530386740331;0.3333333333333333;0.04735164668386709;0.6666666666666666;0.5;-0.30180032733224227;0.4;-0.041666666666666706
0.23529411764705882;0.2857142857142857;0.2064516129032258;0.23529411764705885;0.24668141592920353;0.0;0.021505376344086023;0.058823529411764705;0.1891891891891892;-1.375;0.21241830065359457;1.249;0.16901408450704228;0.4140625;0.5213675213675214;-0.5195586760280843;7;0.09148264984227174;0.08608321377331427;0.29736511919698866;0.3397849462365591;0.39215686274509803;0.36;0.3269230769230769;0.18;0.48148148148148145;0.42857142857142855;1.375;0.5;0.3;-0.2;0.022727272727272728;0.22916666666666666;0.5;0.16666666666666666;0.4;-0.25;0.5;0.625;0.2222222222222222;-0.1111111111111111;-0.8181818181818182;-0.125;0.6017964071856289;0.5549312148808372;0.35543851248902697;0.24025012662173215;0.27387729285262497;0.30434782608695654;0.2222222222222222;-0.4049525228076706;0.5106382978723404;0.4056453750331301;0.38461538461538464;0.8333333333333334;0.8534086895090074;0.8333333333333334;1.0;0.4846526655896607;0.14952919020715622;0.6666666666666666;0.7142857142857143;-0.28935185185185186;0.2584238373712058;-0.25;0.25;0.40544041450777196;1.0472448583624372;0.5423482158449271;0.22216666666666665;0.0;0.1111111111111111;0.6666666666666666;0.16666666666666669;-0.3361344537815126;0.14285714285714285;0.3333333333333333;0.1154777927321669;-0.4474489795918368;0.21428571428571427;0.0;-0.2776666666666667;-0.6363636363636364;0.14285714285714285;0.14637250742469238;0.05433399963656194;-0.4166666666666667;0.0;-0.10639880952380952;-0.0920733053654228;-0.18181818181818182;0.8483965014577265;-0.5;-1.4807692307692308;0.6370967741935485;0.5555555555555556;-1.7;-1.3125;0.3928045638571954;-1.1818181818181819;-0.2;0.6363636363636364;0.8072929244143926;-1.5;0.25;-0.2;0.8898710865561693;-1.8888888888888888;0.2774320837759903;-1.0;-0.8333333333333334;0.021931260229132478;0.0;-0.08333333333333341
0.29411764705882354;1.1428571428571428;0.3096774193548387;0.2941176470588235;0.3213495575221239;0.0;-0.06451612903225806;0.1568627450980392;-0.02702702702702703;-1.0;-0.30065359477124204;1.277;2.7746478873239435;0.4453125;0.5128205128205128;-0.5356068204613842;7;0.18611987381703524;0.09899569583931125;0.3676286072772898;0.39354838709677414;0.11764705882352941;0.48;0.4230769230769231;0.46;0.37037037037037035;0.2857142857142857;0.375;1.375;-0.4;-0.9;0.06818181818181818;0.2604166666666667;0.0;0.5;0.2;-0.25;0.5;-1.375;0.5555555555555556;0.1111111111111111;0.09090909090909091;-1.0;0.13306719893546257;0.5624878899438095;0.398850849892267;0.22076986013168656;0.2851043643263757;0.30434782608695654;0.2222222222222222;-0.6032396201824612;0.5957446808510638;0.17161410018552872;0.6923076923076923;0.6666666666666666;0.24655598728364533;0.8333333333333334;0.625;0.7153473344103394;-0.02146892655367229;2.0;0.7142857142857143;-0.1239316239316239;0.31411862990810363;-0.25;0.25;0.8282059585492229;1.150271633682577;0.7783922230630422;0.2778333333333333;0.0;0.1111111111111111;0.6666666666666666;0.2222870478413069;-0.3361344537815126;0.14285714285714285;0.3333333333333333;0.1154777927321669;-0.4474489795918368;0.21428571428571427;0.0;-0.8333333333333334;-0.6363636363636364;0.14285714285714285;-0.15655494272380144;0.20388878793385423;-0.4166666666666667;0.0;-0.1949404761904762;-0.0017663943475380896;-0.18181818181818182;0.8309037900874641;0.6304347826086958;1.0;0.46303763440860224;0.0925925925925926;0.2;1.125;0.3928045638571954;-1.2727272727272727;1.2;0.6363636363636364;0.685100217338807;0.8333333333333334;1.0;1.2;0.2570902394106814;0.2222222222222222;0.28820761875853695;0.6666666666666666;0.8333333333333334;0.14304418985270043;0.0;-0.1624999999999997
0.35294117647058826;0.2857142857142857;0.3741935483870968;0.35294117647058815;0.39823008849557523;0.0;-0.13978494623655913;0.5686274509803921;0.2702702702702703;1.375;0.35294117647058776;1.284;0.05633802816901413;0.46875;0.6153846153846154;-0.5456369107321966;7;0.27444794952681384;0.09899569583931125;0.4090338770388957;0.5053763440860215;0.21568627450980393;0.2;0.5384615384615384;0.64;0.6666666666666666;1.1428571428571428;0.25;0.375;0.1;-0.9;0.15151515151515152;0.2916666666666667;0.3333333333333333;0.0;0.6;-0.5;-1.0;-1.0;-1.2222222222222223;0.4444444444444444;0.6363636363636364;-0.5;0.4950099800399204;0.44720015500871924;0.4301332694916604;0.29869092609186887;1.34471853257432;0.30434782608695654;0.4444444444444444;0.22118786073356927;0.5957446808510638;0.29525576464351966;0.8846153846153846;0.6111666666666666;0.33451077357824094;0.8333333333333334;0.625;0.6922455573505654;0.016949152542372854;2.0;0.7142857142857143;-0.03490028490028486;0.2358674463937623;-0.25;0.25;0.8282059585492229;1.143092743500194;0.9700215379242095;0.16666666666666666;-0.2142857142857143;0.1111111111111111;0.3333333333333333;0.2779074290159471;-0.43949579831932767;0.21428571428571427;0.3333333333333333;0.15397039030955587;-0.4714285714285715;0.21428571428571427;0.0;-0.5;-0.6363636363636364;1.0;-0.06576156130674586;0.32963837906596405;-0.4166666666666667;0.375;-0.01785714285714286;0.17928902627511598;-0.18181818181818182;-0.06705539358600557;0.04347826086956526;-0.5192307692307693;0.017137096774193603;0.5555555555555556;1.8;0.9375;0.9680714022819287;1.9090909090909092;-1.2;-1.0909090909090908;0.4503743057232551;0.0;0.25;-1.2;0.3488029465930018;2.0;1.3052056457732584;-0.3333333333333333;-0.5;0.021931260229132478;0.4;-0.23749999999999977
0.4117647058823529;-0.14285714285714285;0.41935483870967744;0.4117647058823528;0.4795353982300885;0.3333333333333333;-0.21505376344086022;0.4117647058823529;0.2972972972972973;0.125;0.4281045751633986;1.303;0.0;0.4921875;0.6581196581196581;-0.5526579739217653;7;0.296529968454259;0.12338593974175045;0.43914680050188193;0.6150537634408603;0.6274509803921569;0.3;0.2692307692307692;0.54;0.8518518518518519;0.2857142857142857;1.0;0.25;0.0;-1.0;0.22727272727272727;0.3125;0.16666666666666666;0.3333333333333333;0.0;0.0;0.5;1.375;-0.8888888888888888;-1.3333333333333333;-0.09090909090909091;-0.375;0.4773785761809717;0.48575857391978294;0.47394461734897453;0.41557252503214237;0.8391840607210627;0.41304347826086957;0.4444444444444444;0.20405883448147458;0.5957446808510638;0.23986217863768888;0.9615384615384616;0.44449999999999995;0.7297774637937126;0.3333333333333333;0.625;0.623101777059774;0.207909604519774;1.0;0.7142857142857143;0.028668091168091096;0.1214146477304372;-0.25;0.25;0.08808290155440422;0.9421808304229724;1.0894114907736188;0.3333333333333333;-0.2142857142857143;0.2222222222222222;0.6666666666666666;0.33333333333333337;-0.40112044817927167;0.21428571428571427;0.3333333333333333;0.1730820995962315;-0.44362244897959185;0.21428571428571427;0.0;0.16666666666666666;-0.36363636363636365;1.0;-0.03542638947815019;0.3318190078139196;-0.4166666666666667;0.375;-0.03546626984126985;0.17597703687348196;-0.18181818181818182;0.545189504373178;0.6086956521739131;0.5;-0.3424059139784946;0.5370370370370372;-1.1;-1.875;0.6924917188075083;0.7272727272727273;-0.6;0.2727272727272727;0.5027771069789906;-1.5;-0.125;-0.6;0.7609576427255985;-1.2222222222222223;0.820003035361967;0.6666666666666666;0.5;-0.235024549918167;0.4;-0.25416666666666643
0.47058823529411764;-0.14285714285714285;0.4645161290322581;0.4705882352941177;0.5652654867256637;-0.3333333333333333;-0.34408602150537637;0.3137254901960784;0.10810810810810811;-0.75;0.4999999999999993;1.326;0.014084507042253532;0.515625;0.6666666666666666;-0.559679037111334;7;0.35646687697160884;0.15208034433285522;0.47176913425345035;0.7268817204301075;0.47058823529411764;0.72;0.36538461538461536;0.6;0.9259259259259259;-0.14285714285714285;0.25;1.0;0.2;-1.0;0.3181818181818182;0.3333333333333333;0.5;0.16666666666666666;0.4;0.25;-0.5;0.125;1.2222222222222223;-1.0;-0.09090909090909091;-0.625;0.11477045908183657;0.44894400310017446;0.47833373234378734;0.467526395761094;0.20003162555344728;0.5869565217391305;0.4444444444444444;0.08992738782349664;0.5957446808510638;0.07884972170686463;1.1153846153846154;-0.05550000000000003;-0.2772871776757329;0.3333333333333333;-0.125;0.5077544426494347;0.3755178907721278;1.0;0.7142857142857143;0.09223646723646736;-0.013645224171540066;0.25;0.25;-0.16191709844559585;0.6120488940628639;1.1362710285814073;0.22216666666666665;0.0;0.1111111111111111;0.6666666666666666;0.2779074290159471;-0.35658263305322124;0.21428571428571427;0.3333333333333333;0.1730820995962315;-0.44362244897959185;0.21428571428571427;0.0;0.2778333333333333;-0.18181818181818182;1.0;-0.21722528638099278;0.3928766127566782;-0.4166666666666667;0.375;-0.14186507936507936;0.22698167365864422;-0.18181818181818182;0.9125364431486886;-0.5;-0.9807692307692306;0.0;0.07407407407407415;-0.8;0.125;0.8233345601766654;-1.6363636363636365;0.0;0.2727272727272727;-0.2808500362231346;-0.5;-0.125;0.0;-0.28913443830570895;-0.8888888888888888;0.20655638184853553;-1.0;-0.8333333333333334;0.021931260229132478;0.0;-0.3041666666666665
0.5294117647058824;-0.14285714285714285;0.5096774193548387;0.5294117647058824;0.6548672566371682;0.3333333333333333;-0.44086021505376344;0.3333333333333333;-0.08108108108108109;-0.875;0.5751633986928102;1.353;0.07042253521126766;0.53125;0.6581196581196581;-0.5667001003009027;7;0.4290220820189279;0.16929698708751806;0.4968632371392722;0.8387096774193549;0.37254901960784315;0.56;0.7692307692307693;0.7;1.1111111111111112;-0.14285714285714285;-0.125;0.25;0.9;-0.8;0.4621212121212121;0.375;0.0;0.5;0.2;0.0;-0.5;-0.75;0.1111111111111111;1.1111111111111112;0.09090909090909091;-0.625;0.6017964071856289;0.44720015500871924;0.5207086425664351;0.38960532980091167;-0.41840607210626185;0.5869565217391305;0.2962962962962963;0.05864829640662842;0.5957446808510638;-0.06042936655181546;1.1153846153846154;-0.2221666666666667;-0.8890851289297068;0.3333333333333333;-0.5;0.23069466882067863;-0.09642184557438803;1.0;0.2857142857142857;0.13034188034188024;-0.09078251183514344;0.75;0.25;-0.16191709844559585;0.4187039192859917;1.119273531637464;0.38883333333333336;0.22483766233766228;0.1111111111111111;1.0;0.36114352392065346;-0.2719887955182072;0.21428571428571427;0.6666666666666666;0.2500672947510094;-0.38520408163265313;0.21428571428571427;0.25;-0.7221666666666667;-0.2727272727272727;-0.42857142857142855;-0.49002969876962227;0.4274032345993095;-0.4166666666666667;0.375;-0.26587301587301587;0.2850518878339588;-0.18181818181818182;1.209912536443149;1.173913043478261;1.4807692307692308;0.45934139784946243;0.5555555555555556;-0.2;0.3125;-0.22239602502760394;-0.8181818181818182;0.0;0.0;-0.58705626660227;0.0;-0.125;0.0;-0.9270718232044197;-0.2222222222222222;-0.3870086507816057;1.3333333333333333;1.1666666666666667;0.37839607201309317;0.4;-0.3583333333333332
0.5882352941176471;-0.5714285714285714;0.535483870967742;0.5520361990950226;0.7461283185840708;0.0;-0.5483870967741935;0.5098039215686274;-0.08108108108108109;0.0;0.643790849673202;1.37;0.014084507042253532;0.546875;0.6923076923076923;-0.5707121364092277;7;0.5141955835962148;0.1893830703012914;0.518193224592221;0.9483870967741934;0.39215686274509803;0.46;0.6153846153846154;0.82;1.2592592592592593;-0.14285714285714285;-0.125;-0.125;0.1;-0.6;0.5454545454545454;0.4375;0.6666666666666666;0.0;0.6;0.5;-0.5;-0.875;-0.6666666666666666;0.0;0.36363636363636365;-0.375;0.58915502328676;0.4772330943615577;0.5177559652062883;0.42207893403981767;0.03415559772296018;0.5869565217391305;0.3888888888888889;0.21597467883075777;0.5957446808510638;-0.10296846011131713;1.1153846153846154;-0.38883333333333336;-0.2772871776757329;-0.16666666666666666;-0.5;0.06914378029079173;0.11676082862523542;0.0;0.2857142857142857;0.10487891737891746;-0.0328599275967698;0.25;0.25;-0.3937823834196892;0.13659293752425314;1.0299202514698178;0.2778333333333333;0.22483766233766228;0.1111111111111111;1.0;0.3055231427460132;-0.28935574229691874;0.21428571428571427;0.6666666666666666;0.2691790040376851;-0.3943877551020409;0.21428571428571427;0.25;-0.7776666666666667;-0.2727272727272727;-0.5714285714285714;-0.6414934238438693;0.32963837906596405;-0.4166666666666667;0.375;-0.30133928571428575;0.27599911680282624;-0.18181818181818182;0.7871720116618077;-0.5217391304347826;-1.5;0.6468413978494624;0.5370370370370372;0.6;0.4375;0.002208317997791684;0.45454545454545453;-0.6;-0.2727272727272727;-0.58705626660227;-0.5;-0.5;-0.6;-0.28913443830570895;0.6666666666666666;0.04735164668386709;-1.0;-1.1666666666666667;0.5207855973813421;0.4;-0.4208333333333333
0.6470588235294118;-0.42857142857142855;0.567741935483871;0.6470588235294117;0.8401548672566371;-2.3333333333333335;-0.8387096774193549;0.5490196078431373;-0.02702702702702703;0.125;0.7091503267973851;1.377;-0.16901408450704228;0.5546875;0.7521367521367521;-0.5757271815446339;7;0.567823343848581;0.23242467718794854;0.5595984943538268;1.0602150537634407;0.5686274509803921;0.48;0.5192307692307693;0.54;1.0740740740740742;-0.5714285714285714;-0.125;-0.125;0.0;0.1;0.6212121212121212;0.5729166666666666;0.16666666666666666;0.6666666666666666;0.0;-0.25;-0.5;0.0;-0.7777777777777778;-0.7777777777777778;-1.0909090909090908;-1.625;0.5701929474384567;-0.1224568881999612;0.3675684302928735;0.5;0.08965844402277043;0.6086956521739131;0.42592592592592593;-0.09849190094954366;0.7021276595744681;-0.33620461171481586;1.6538461538461537;-0.5;-0.3493465206640763;-0.16666666666666666;-0.5;-0.04620355411954759;0.18568738229755172;0.0;0.2857142857142857;0.003205128205128327;0.0058479532163742435;0.25;0.25;-0.565252590673575;-0.22332169188979412;0.9301472728331103;-0.7221666666666667;4.221590909090909;-1.8888888888888888;1.0;-0.1944768572539868;1.4204481792717085;-1.0714285714285714;0.6666666666666666;-0.07671601615074022;0.6051020408163263;-1.0;0.25;-0.38883333333333336;-0.2727272727272727;-0.42857142857142855;-0.2778956300381841;0.17481373796111208;-0.16666666666666666;0.375;-0.14186507936507936;0.20247295208655328;-0.18181818181818182;0.2944606413994175;-3.891304347826087;-2.980769230769231;3.1283602150537635;-3.7777777777777777;-0.1;-0.5;-0.243006993006993;0.5454545454545454;0.2;0.36363636363636365;-0.5025356194156002;-0.3333333333333333;-0.375;0.2;-0.36427255985267026;-0.1111111111111111;0.10062224920321752;-6.333333333333333;-2.6666666666666665;3.057283142389525;-4.2;-0.4583333333333333
0.7058823529411765;-1.1428571428571428;0.567741935483871;0.7058823529411765;0.9397123893805309;-2.6666666666666665;-1.1827956989247312;0.5294117647058824;-0.05405405405405406;-0.125;0.7875816993464048;1.387;-0.36619718309859156;0.5625;0.7948717948717948;-0.5757271815446339;7;0.5899053627760255;0.27259684361549485;0.5708908406524466;1.1720430107526882;0.6078431372549019;0.66;0.5384615384615384;0.64;1.5925925925925926;-0.42857142857142855;-0.5;-0.125;0.6;-0.6;0.7424242424242424;0.6354166666666666;-3.0;0.16666666666666666;0.8;0.25;-0.5;0.125;0.0;-0.8888888888888888;-0.8181818181818182;-0.375;0.4597471723220229;-0.5607440418523543;0.21402920756523808;0.5649277282113219;-0.6786843769765971;0.8043478260869565;0.42592592592592593;-0.5134984174269221;0.8723404255319149;-0.38709249933739714;1.8076923076923077;-0.8888333333333334;0.045566937477922995;-0.8333333333333334;-0.75;-0.415508885298869;-0.13559322033898316;-1.3333333333333333;-0.5714285714285714;-0.07318376068376062;0.18991924255082163;-0.75;0.25;-0.8278821243523315;-0.4871944121071011;0.7423598579661216;-2.0;3.953327922077922;-2.0;0.0;-0.7779074290159472;2.0882352941176467;-1.1428571428571428;0.6666666666666666;-0.4422611036339165;1.118877551020408;-1.0714285714285714;0.25;-0.0555;0.2727272727272727;-0.42857142857142855;-0.06576156130674586;0.044157732146102184;-0.08333333333333333;0.375;-0.1949404761904762;0.19606977257672772;-0.18181818181818182;0.5014577259475224;0.04347826086956526;3.480769230769231;2.431451612903226;-3.2962962962962967;-0.4;-0.25;-0.17188075082811927;-0.36363636363636365;-1.0;-0.5454545454545454;-0.2675682202366578;-0.6666666666666666;-1.0;-1.0;0.047513812154696126;-0.4444444444444444;-0.6368189406586735;-0.3333333333333333;3.0;2.427495908346972;-3.8;-0.475
0.7647058823529411;0.7142857142857143;0.6516129032258065;0.7647058823529411;1.040929203539823;-4.666666666666667;-1.6666666666666667;0.21568627450980393;-0.5405405405405406;-2.25;0.8562091503267972;1.402;-0.4507042253521125;0.5703125;0.7863247863247863;-0.5887662988966901;7;0.6214511041009467;0.2826398852223817;0.5708908406524466;1.2838709677419355;0.5882352941176471;0.7;0.7115384615384616;1.06;1.9259259259259258;-1.1428571428571428;-0.375;-0.5;0.0;-0.1;0.8181818181818182;0.75;-3.1666666666666665;-3.0;0.2;0.0;-1.0;-0.125;0.1111111111111111;-0.1111111111111111;0.9090909090909091;0.375;0.01397205588822379;-0.8097267971323389;-0.015960418162956097;0.467526395761094;0.6715686274509803;0.4782608695652174;0.42592592592592593;-0.31148761869298064;0.7659574468085106;-0.40776570368407095;1.8076923076923077;-0.38883333333333336;1.4270575768279763;-0.8333333333333334;0.25;-0.3462035541195476;0.1608286252354049;-1.3333333333333333;-0.14285714285714285;-0.04772079772079785;0.2138680033416875;-0.75;0.25;-0.07998704663212432;-0.4701202949165695;0.5772745794283717;-3.9445;3.0174512987012982;-3.6666666666666665;-6.333333333333333;-1.7502917152858812;3.410364145658263;-2.2142857142857144;0.6666666666666666;-1.07671601615074;2.1477040816326527;-2.142857142857143;0.25;-1.0555;-1.2727272727272727;-0.42857142857142855;-0.9446330080610944;0.2209703797928403;-1.0;-0.875;-0.6555059523809523;0.44226098476484876;-0.8181818181818182;1.040816326530613;-3.3260869565217397;-2.980769230769231;2.431451612903226;-2.814814814814815;-1.9;-1.0;0.24328303275671698;-2.0;2.6;1.6363636363636365;1.2079207920792077;1.3333333333333333;0.625;2.6;1.4880294659300186;-2.111111111111111;0.6591288511154955;-5.0;-2.3333333333333335;2.2919803600654665;-3.0;-0.49583333333333335
0.8235294117647058;-0.14285714285714285;0.6967741935483871;0.8235294117647058;1.1438053097345133;-4.333333333333333;-2.129032258064516;0.6274509803921569;-0.4864864864864865;0.25;0.9215686274509796;1.403;-0.7183098591549295;0.578125;0.8547008547008547;-0.5957873620862588;7;0.668769716088328;0.30989956958393106;0.5922208281053952;1.4516129032258065;0.27450980392156865;0.68;0.75;0.9;1.7407407407407407;0.7142857142857143;-1.0;-0.375;-0.3;-0.2;0.8712121212121212;0.8541666666666666;-5.666666666666667;-3.1666666666666665;-3.6;0.5;0.0;-2.25;-0.1111111111111111;0.0;0.0;-0.625;0.01397205588822379;-0.8732803720209262;-0.2179395100151625;0.4934935909923247;0.8978494623655916;0.4782608695652174;0.5;-0.07782535840625568;0.7659574468085106;-0.3908030744765438;1.8076923076923077;-0.27766666666666673;1.4090427410808903;-0.8333333333333334;0.25;-0.3462035541195476;0.1608286252354049;-1.3333333333333333;-0.14285714285714285;-0.08582621082621071;0.22361459203564465;-0.75;0.25;0.34795984455958534;-0.4045401629802094;0.3909424297106935;-4.833333333333333;2.894480519480519;-3.6666666666666665;-6.666666666666667;-2.7782963827304554;3.8403361344537807;-2.2142857142857144;0.6666666666666666;-1.749663526244953;2.7721938775510204;-2.142857142857143;0.25;-1.0;-1.2727272727272727;-0.2857142857142857;-0.9142978362324988;0.24586589133200068;-1.0;-0.75;-0.6200396825396826;0.456833738132038;-0.8181818181818182;0.12536443148688092;0.04347826086956526;2.980769230769231;2.150201612903226;-2.814814814814815;1.8;2.25;1.0682738314317262;0.0;-1.2;-1.7272727272727273;1.5769137889398694;1.1666666666666667;-0.125;-1.2;1.469244935543278;2.0;0.876308999848232;0.0;2.5;1.9430441898527;-2.8;-0.5291666666666667
0.8823529411764706;-0.7142857142857143;0.7161290322580646;0.8823529411764705;1.2527654867256637;-4.333333333333333;-2.6559139784946235;2.6470588235294117;2.3513513513513513;13.0;0.9967320261437905;1.34;-1.9295774647887323;0.578125;1.3076923076923077;-0.5987963891675026;7;0.6719242902208206;0.3428981348637017;0.617314930991217;1.6193548387096774;0.6862745098039216;0.36;0.7307692307692307;0.8;1.8518518518518519;-0.14285714285714285;0.625;-1.0;-0.3;0.0;0.9242424242424242;0.9791666666666666;-5.666666666666667;-5.666666666666667;-3.8;-0.25;0.5;0.25;-2.0;-0.2222222222222222;-0.6363636363636364;-0.625;0.04723885562208928;-0.9031195504747142;-0.3797781501875351;1.1947831846339656;9.657337128399746;0.4782608695652174;2.4074074074074074;6.4442375721467124;0.7659574468085106;2.6366286774450036;1.8076923076923077;-0.11100000000000006;0.8887318968562348;-0.3333333333333333;0.25;-0.43861066235864293;0.21468926553672307;-1.3333333333333333;-0.14285714285714285;-0.20032051282051283;0.2740183792815372;-0.75;0.25;-0.46437823834196895;-0.3901823826154442;0.17870656033529309;-5.666666666666667;-0.6201298701298702;-3.6666666666666665;-11.666666666666666;-3.7228704784130695;3.8683473389355743;-2.2142857142857144;0.6666666666666666;-2.441722745625841;3.179081632653061;-2.142857142857143;0.25;4.833333333333333;-1.2727272727272727;14.285714285714286;2.4191769198133217;6.485735053607124;-1.0;12.0;1.222222222222222;5.317950982556856;-0.8181818181818182;-1.912536443148688;0.0652173913043478;0.019230769230769232;2.15994623655914;0.07407407407407415;10.0;5.0625;4.959698196540302;10.818181818181818;-0.8;0.18181818181818182;1.5158174354020766;-1.6666666666666667;-0.625;-0.8;0.9267034990791898;11.11111111111111;9.283502807709818;0.0;0.0;2.0327332242225857;0.2;-0.5291666666666667
0.9411764705882353;0.14285714285714285;0.7741935483870968;0.9411764705882352;1.364491150442478;-3.3333333333333335;-3.096774193548387;0.6078431372549019;2.324324324324324;-0.125;1.068627450980392;1.353;-2.056338028169014;0.578125;1.3247863247863247;-0.6078234704112337;7;0.47318611987381753;0.38163558106169293;0.6323713927227101;1.6774193548387097;2.7058823529411766;0.78;0.4230769230769231;0.82;2.037037037037037;-0.7142857142857143;-0.125;0.625;-0.3;0.7;0.9772727272727273;1.1770833333333333;-5.666666666666667;-5.666666666666667;-6.8;0.75;0.0;13.0;0.2222222222222222;-2.111111111111111;-0.7272727272727273;-0.375;1.4331337325349307;-0.5514435186979268;-0.49996009895459276;1.3246581213230997;8.61258697027198;0.9130434782608695;2.4074074074074074;6.275367715509216;0.7659574468085106;2.5924993373972964;1.8076923076923077;-0.3333333333333333;0.19003885552808203;-0.3333333333333333;-0.25;-0.3924071082390952;0.2832391713747647;-1.3333333333333333;-0.14285714285714285;-0.32745726495726507;0.0036201615148983295;-0.75;0.0;-0.2841645077720207;-0.26154443150950696;0.06013155596949771;-5.222166666666666;1.2544642857142856;-3.6666666666666665;-9.0;-4.556398288603656;2.880952380952381;-2.2142857142857144;-0.3333333333333333;-2.9609690444145356;3.2698979591836737;-2.142857142857143;0.25;5.777833333333334;0.2727272727272727;14.285714285714286;2.601187950784896;6.415046338360895;-1.0;12.0;1.1691468253968254;5.326341355707662;-0.8181818181818182;0.7055393586005831;1.7391304347826089;1.4807692307692308;0.6468413978494624;1.5185185185185188;-10.7;-13.0;8.947552447552448;-0.5454545454545454;1.2;0.9090909090909091;0.5472108186428399;0.3333333333333333;0.125;1.2;0.19815837937384906;-11.88888888888889;8.280770981939597;2.6666666666666665;1.3333333333333333;0.7099836333878885;1.8;-0.39166666666666655
-0.9411764705882353;0.0;-0.9419354838709677;-0.9411764705882354;-0.5077433628318584;0.0;0.3548387096774194;-0.9019607843137255;-0.05405405405405406;1.0;-2.9673202614379086;0.317;0.7464788732394366;-2.609375;-2.9743589743589745;1.1634904714142427;8;-2.753943217665616;-1.1047345767575323;-0.481806775407779;-0.1935483870967742;-0.8431372549019608;-0.78;-0.6730769230769231;-0.44;-0.07407407407407407;0.0;0.0;0.0;-0.2;-0.4;-0.7272727272727273;-0.4583333333333333;0.3333333333333333;0.3333333333333333;0.4;0.25;0.5;1.0;0.8888888888888888;0.7777777777777778;0.6363636363636364;0.375;-0.5701929474384564;-1.4613447006394111;-1.2784294948527652;-0.8571317255620057;-0.38962681846932323;-0.7608695652173914;-0.9444444444444444;-0.988828895922547;-0.44680851063829785;-1.2592101775775244;-0.07692307692307693;-0.05550000000000003;0.6096785588131404;0.5;-0.375;-0.04620355411954759;0.2772128060263654;1.3333333333333333;-0.8571428571428571;-0.28935185185185186;0.028404344193817967;1.25;-0.6666666666666666;-1.0663860103626943;-1.4749708963911523;-1.5695325688340411;0.3333333333333333;-0.33319805194805197;0.3333333333333333;0.3333333333333333;0.3889537145079736;-0.5148459383753501;0.35714285714285715;0.0;0.48075370121130556;-0.5772959183673471;0.42857142857142855;-0.25;1.2778333333333334;1.0909090909090908;0.5714285714285714;1.6616461603733559;-0.1284753770670543;1.1666666666666667;0.0;1.8777281746031744;-0.059836608522852705;1.5454545454545454;-1.5218658892128278;-0.04347826086956526;-0.4615384615384615;-0.28662634408602145;-0.537037037037037;-0.7;0.25;-0.3187338976812661;-0.7272727272727273;-1.2;1.3636363636363635;1.5561458584882877;0.5;-0.75;1.8;1.4169429097605892;-0.2222222222222222;-0.6812869934739717;0.3333333333333333;-0.5;-0.10769230769230774;0.0;9.645833333333334
-0.8823529411764706;-0.8571428571428571;-0.9290322580645162;-0.8823529411764707;-0.49557522123893805;0.3333333333333333;0.3763440860215054;-0.9803921568627451;-0.02702702702702703;0.125;-2.222222222222222;0.549;0.8028169014084506;-2.609375;-2.9743589743589745;1.1614844533600803;8;-2.753943217665616;-1.1047345767575323;-0.481806775407779;-0.1935483870967742;-0.8431372549019608;-0.78;-0.6730769230769231;-0.44;-0.07407407407407407;0.0;0.0;0.0;-0.2;-0.4;-0.7272727272727273;-0.4583333333333333;0.3333333333333333;0.3333333333333333;0.4;0.25;0.5;1.0;0.8888888888888888;0.7777777777777778;0.6363636363636364;0.375;-0.5701929474384564;-1.4613447006394111;-1.2784294948527652;-0.8960922585420968;-0.38962681846932323;-0.8478260869565217;-0.9444444444444444;-0.988828895922547;-0.5319148936170213;-1.2592101775775244;-0.23076923076923078;-0.5555;0.6096785588131404;-0.5;-0.375;-0.5308562197092083;0.2772128060263654;-0.6666666666666666;-0.8571428571428571;-0.823539886039886;0.028404344193817967;-0.25;-0.6666666666666666;-1.0663860103626943;-1.4749708963911523;-1.5695325688340411;0.4166666666666667;-0.33319805194805197;0.3333333333333333;0.6666666666666666;0.486192143134967;-0.5148459383753501;0.35714285714285715;0.3333333333333333;0.6153432032301481;-0.5772959183673471;0.42857142857142855;0.0;0.6945;0.45454545454545453;0.5714285714285714;0.919176919813322;-0.1284753770670543;0.5833333333333334;0.0;1.009672619047619;-0.059836608522852705;0.9090909090909091;-0.18658892128279836;-0.04347826086956526;-0.4615384615384615;-0.28662634408602145;-0.537037037037037;-0.7;0.25;-0.3187338976812661;-0.7272727272727273;-1.2;1.3636363636363635;1.5561458584882877;0.5;-0.75;1.8;1.4169429097605892;-0.2222222222222222;-0.6812869934739717;0.3333333333333333;-0.5;-0.10769230769230774;0.0;9.645833333333334
-0.8235294117647058;0.42857142857142855;-0.8580645161290322;-0.8235294117647061;-0.4811946902654867;0.0;0.3763440860215054;-0.9607843137254902;-0.08108108108108109;-0.125;-1.69281045751634;0.712;0.8169014084507041;-2.609375;-2.9743589743589745;1.1504513540621866;8;-2.0220820189274447;-1.1047345767575323;-0.481806775407779;-0.1935483870967742;-0.9215686274509803;-0.78;-0.6730769230769231;-0.44;-0.07407407407407407;-0.8571428571428571;0.0;0.0;-0.2;-0.4;-0.7272727272727273;-0.4583333333333333;0.5;0.3333333333333333;0.4;0.25;0.5;0.125;0.8888888888888888;0.7777777777777778;0.6363636363636364;0.375;-0.479707252162342;-1.4086417360976555;-1.2567233261511452;-0.9025791872832819;-0.5075901328273245;-0.8478260869565217;-0.9444444444444444;-1.127722956618879;-0.5319148936170213;-1.3580705009276437;-0.23076923076923078;-0.2221666666666667;0.7297774637937126;-0.5;0.0;-0.2077544426494345;0.40527306967984933;-0.6666666666666666;-0.42857142857142855;-0.4674145299145299;0.1230854915065442;-0.25;-0.4166666666666667;-0.16191709844559585;-0.9330616996507566;-1.2443681238721693;0.3333333333333333;-0.2142857142857143;0.2222222222222222;0.6666666666666666;0.3889537145079736;-0.43277310924369744;0.2857142857142857;0.3333333333333333;0.48075370121130556;-0.5025510204081634;0.35714285714285715;0.0;0.38899999999999996;0.2727272727272727;0.5714285714285714;0.5303351718285956;-0.16918044702889334;0.4166666666666667;0.0;0.5550595238095238;-0.10929565025391921;0.7272727272727273;-0.02040816326530582;-0.5652173913043479;-0.4615384615384615;-0.28662634408602145;-0.537037037037037;-0.2;0.25;-0.3187338976812661;-0.7272727272727273;1.8;1.3636363636363635;1.5561458584882877;0.5;0.375;1.8;1.4169429097605892;-0.2222222222222222;-0.6812869934739717;-0.6666666666666666;-0.5;-0.10769230769230774;0.0;4.0875
-0.7647058823529411;-0.5714285714285714;-0.832258064516129;-0.7647058823529412;-0.4646017699115044;0.0;0.3870967741935484;-0.8627450980392157;-0.05405405405405406;0.0;-1.3169934640522878;0.827;0.8169014084507041;-2.609375;-2.9743589743589745;1.1464393179538617;8;-1.5078864353312305;-1.1047345767575323;-0.481806775407779;-0.1935483870967742;-0.9019607843137255;-0.86;-0.6730769230769231;-0.44;-0.07407407407407407;0.42857142857142855;-0.75;0.0;-0.2;-0.4;-0.7272727272727273;-0.4583333333333333;0.16666666666666666;0.5;0.4;0.25;0.5;-0.125;0.1111111111111111;0.7777777777777778;0.6363636363636364;0.375;-0.479707252162342;-1.1509397403603954;-1.1505865453674886;-0.8896053298009117;-0.3284313725490196;-0.8478260869565217;-0.9074074074074074;-1.0026065909514055;-0.5319148936170213;-1.269016697588126;-0.23076923076923078;-0.4443333333333334;0.7802896503002473;-0.5;0.0;-0.3289176090468497;0.19736346516007516;-0.6666666666666666;-0.42857142857142855;-0.6009615384615385;-0.030632135895293882;-0.25;-0.4166666666666667;-0.037726683937823774;-0.8082072176949939;-1.1694510739856798;0.3333333333333333;-0.2142857142857143;0.2222222222222222;0.6666666666666666;0.3889537145079736;-0.4843137254901961;0.2857142857142857;0.3333333333333333;0.48075370121130556;-0.5494897959183674;0.35714285714285715;0.0;-0.0555;0.2727272727272727;-0.42857142857142855;0.3888417479847263;-0.28620752316918047;0.4166666666666667;0.0;0.3896329365079365;-0.2514903952307353;0.7272727272727273;-0.27405247813411043;-0.04347826086956526;0.4615384615384615;-0.39112903225806456;-0.537037037037037;0.2;0.1875;-0.22920500552079495;0.09090909090909091;-1.4;-1.4545454545454546;1.1591403042743296;0.3333333333333333;-0.5;-1.4;0.8136279926335175;0.2222222222222222;-0.3006526028228866;0.3333333333333333;0.5;-0.235024549918167;0.0;2.3499999999999996
-0.7058823529411765;-0.14285714285714285;-0.7870967741935484;-0.7058823529411765;-0.4452433628318584;0.0;0.3655913978494624;-0.803921568627451;-0.05405405405405406;0.0;-1.0294117647058825;0.901;0.6197183098591549;-2.609375;-2.9743589743589745;1.1394182547642928;8;-1.1451104100946374;-1.1047345767575323;-0.481806775407779;-0.1935483870967742;-0.803921568627451;-0.84;-0.75;-0.44;-0.07407407407407407;-0.5714285714285714;0.375;-0.75;-0.2;-0.4;-0.7272727272727273;-0.4583333333333333;0.3333333333333333;0.16666666666666666;0.6;0.25;0.5;0.0;-0.1111111111111111;0.0;0.6363636363636364;0.375;-0.479707252162342;-1.0087192404572758;-1.0920118107094405;-0.8311645303307749;-0.19781783681214413;-0.8260869565217391;-0.8518518518518519;-0.8313163284304598;-0.5319148936170213;-1.1470978001590246;-0.23076923076923078;-0.16666666666666666;0.35146591310491;-0.16666666666666666;0.0;-0.3046849757673666;0.0;-0.6666666666666666;-0.42857142857142855;-0.5742521367521367;-0.17655249234196602;-0.25;-0.4166666666666667;-0.3937823834196892;-0.6290259992239036;-1.0619360847546422;0.16666666666666666;-0.2142857142857143;0.1111111111111111;0.3333333333333333;0.3111629716063789;-0.39355742296918766;0.21428571428571427;0.3333333333333333;0.37308209959623156;-0.46683673469387765;0.2857142857142857;0.0;-0.111;0.2727272727272727;-0.5714285714285714;0.303988120492151;-0.36525531528257316;0.4166666666666667;0.0;0.2904265873015873;-0.34753808787811885;0.7272727272727273;-0.4344023323615155;-0.5652173913043479;-0.4615384615384615;-0.39112903225806456;-0.537037037037037;0.0;-0.1875;-0.46006624953993375;0.2727272727272727;0.6;0.9090909090909091;0.9466312484907027;-0.6666666666666666;-0.125;0.6;0.3664825046040516;0.0;-0.1752921535893154;-0.6666666666666666;-0.5;-0.235024549918167;0.0;1.5375000000000005
-0.6470588235294118;0.2857142857142857;-0.7225806451612903;-0.6470588235294118;-0.42367256637168144;0.0;0.3655913978494624;-0.7450980392156863;-0.05405405405405406;0.0;-0.8169934640522878;0.964;0.5915492957746479;-2.609375;-2.9743589743589745;1.1293881644934805;8;-0.9116719242902207;-1.1047345767575323;-0.481806775407779;-0.1935483870967742;-0.7450980392156863;-0.74;-0.7307692307692307;-0.44;-0.07407407407407407;-0.14285714285714285;-0.5;0.375;-0.2;-0.4;-0.7272727272727273;-0.4583333333333333;0.0;0.3333333333333333;0.2;0.25;0.5;0.0;0.0;-0.2222222222222222;0.6363636363636364;0.375;-0.479707252162342;-0.7711683782212749;-0.9941744473705212;-0.7597303931117777;-0.36242884250474383;-0.717391304347826;-0.7962962962962963;-0.6527648482591695;-0.5319148936170213;-1.0200106016432546;-0.23076923076923078;-0.2221666666666667;0.17061109148710707;-0.16666666666666666;-0.125;-0.2077544426494345;-0.01619585687382303;-0.6666666666666666;-0.42857142857142855;-0.4674145299145299;-0.18852687273739907;-0.25;-0.4166666666666667;0.08808290155440422;-0.35176561893674796;-0.8955701728854996;0.16666666666666666;-0.2142857142857143;0.1111111111111111;0.3333333333333333;0.29171528588098017;-0.419047619047619;0.21428571428571427;0.3333333333333333;0.346164199192463;-0.49005102040816334;0.2857142857142857;0.0;-0.0555;0.36363636363636365;-0.5714285714285714;0.24734832414085697;-0.4234054152280574;0.4166666666666667;0.0;0.2242063492063492;-0.41819386177964235;0.7272727272727273;-0.3294460641399417;-0.04347826086956526;0.4615384615384615;-0.39112903225806456;-0.537037037037037;0.0;-0.0625;-0.5378174457121825;0.09090909090909091;0.6;0.0;0.3890364646220719;1.0;0.25;0.6;0.17790055248618786;0.0;-0.333282743967218;0.3333333333333333;0.5;-0.235024549918167;0.0;1.1250000000000007
-0.5882352941176471;-0.7142857142857143;-0.7032258064516129;-0.6787330316742082;-0.40154867256637167;0.0;0.3978494623655914;-0.6666666666666666;0.02702702702702703;0.125;-0.6535947712418305;1.012;0.5633802816901408;-0.5;-0.4188034188034188;1.1263791374122367;8;-0.7129337539432177;-1.1047345767575323;-0.481806775407779;-0.1935483870967742;-0.6862745098039216;-0.68;-0.6346153846153846;-0.44;-0.07407407407407407;0.2857142857142857;-0.125;-0.5;-0.2;-0.4;-0.7272727272727273;-0.4583333333333333;0.16666666666666666;0.0;0.4;0.25;0.5;0.0;0.0;-0.1111111111111111;0.6363636363636364;0.375;-0.11909514304723877;-0.5031970548343344;-0.8838081557736813;-0.6948026649004558;-0.28146742567994937;-0.6521739130434783;-0.7222222222222222;-0.4274809160305342;-0.5319148936170213;-0.8596607474158493;-0.23076923076923078;-0.27766666666666673;0.35146591310491;-0.3333333333333333;-0.125;-0.2999999999999999;-0.0007532956685499901;-0.6666666666666666;-0.42857142857142855;-0.569088319088319;-0.17710944026733505;-0.25;-0.4166666666666667;-0.1931670984455958;-0.20692665890570422;-0.8086617381686942;0.11116666666666668;-0.38595779220779225;0.1111111111111111;0.0;0.2779074290159471;-0.43949579831932767;0.21428571428571427;0.3333333333333333;0.3270524899057874;-0.5086734693877552;0.2857142857142857;0.0;0.0;0.36363636363636365;-0.42857142857142855;0.2373780229104794;-0.47574050517899324;0.4166666666666667;0.0;0.21254960317460317;-0.48178405829101345;0.7272727272727273;-0.36151603498542245;-0.0652173913043478;-0.019230769230769232;-0.40053763440860213;-0.11111111111111105;0.1;0.0;-0.5910011041589989;0.18181818181818182;-1.4;-0.9090909090909091;0.3890364646220719;-0.6666666666666666;-0.625;-1.4;0.3664825046040516;0.1111111111111111;-0.25557747761420546;0.0;-0.16666666666666666;-0.30180032733224227;0.4;0.8208333333333332
-0.5294117647058824;-0.5714285714285714;-0.6774193548387096;-0.5294117647058825;-0.37389380530973454;0.3333333333333333;0.3655913978494624;-0.5882352941176471;0.0;0.125;-0.5261437908496732;1.049;0.5352112676056339;-0.515625;-0.4358974358974359;1.1223671013039118;8;-0.561514195583596;-1.1047345767575323;-0.481806775407779;-0.1935483870967742;-0.6078431372549019;-0.62;-0.5769230769230769;-0.44;-0.07407407407407407;-0.7142857142857143;0.25;-0.125;-0.2;-0.4;-0.7272727272727273;-0.4583333333333333;0.16666666666666666;0.16666666666666666;0.0;0.25;0.5;0.125;0.0;-0.1111111111111111;0.6363636363636364;0.375;-0.11909514304723877;-0.43189304398372397;-0.7675365094565479;-0.6233685276814587;-0.2043010752688172;-0.5869565217391305;-0.6481481481481481;-0.1286538819586667;-0.5319148936170213;-0.6889742910151072;-0.23076923076923078;-0.4443333333333334;0.4482515012363123;-0.3333333333333333;-0.125;-0.3924071082390952;0.00941619585687379;-0.6666666666666666;-0.42857142857142855;-0.6232193732193733;-0.21832358674463934;-0.25;-0.4166666666666667;-0.7266839378238341;-0.23331393092743494;-0.7404389079690318;0.3333333333333333;0.08279220779220778;0.2222222222222222;1.0;0.33333333333333337;-0.32633053221288516;0.21428571428571427;0.6666666666666666;0.4134589502018843;-0.43061224489795924;0.2857142857142857;0.25;0.05566666666666667;0.36363636363636365;-0.42857142857142855;0.025243954179041145;-0.8906051244775577;0.4166666666666667;-0.875;0.20362103174603174;-0.5310223007286378;0.7272727272727273;-0.38192419825072893;-0.04347826086956526;0.019230769230769232;-0.8373655913978496;-0.11111111111111105;0.1;-0.0625;-0.5910011041589989;0.2727272727272727;0.2;0.7272727272727273;0.2726394590678579;-1.0;-0.5;0.2;0.46740331491712706;0.1111111111111111;-0.1815146456214903;1.0;0.5;-0.30180032733224227;0.8;0.6166666666666668
-0.47058823529411764;-0.5714285714285714;-0.6516129032258065;-0.47058823529411775;-0.34513274336283184;0.0;0.3763440860215054;-0.49019607843137253;0.05405405405405406;0.25;-0.42483660130718987;1.074;0.45070422535211263;-0.46875;-0.39316239316239315;1.1183550651955867;8;-0.44479495268138813;-0.7718794835007172;-0.481806775407779;-0.1935483870967742;-0.5294117647058824;-0.54;-0.5192307692307693;-0.52;-0.07407407407407407;-0.5714285714285714;-0.625;0.25;-0.8;-0.4;-0.7121212121212122;-0.4583333333333333;0.6666666666666666;0.16666666666666666;0.2;0.5;0.5;0.125;0.1111111111111111;-0.1111111111111111;0.0;0.375;-0.10246174318030601;-0.29296647936446435;-0.6492698108690448;-0.5389605329800912;-0.12381404174573048;-0.5;-0.5555555555555556;0.0264382796499723;-0.5106382978723404;-0.4882056718791411;-0.23076923076923078;-0.7776666666666667;-0.6852702225362063;-0.3333333333333333;-0.875;-0.3462035541195476;-0.10169491525423728;-0.3333333333333333;-0.42857142857142855;-0.6652421652421653;-0.2567529935950989;-0.25;-0.4166666666666667;-0.6476683937823834;-0.4208381839348078;-0.6804237732114791;0.3333333333333333;0.08279220779220778;0.2222222222222222;1.0;0.2779074290159471;-0.35658263305322124;0.21428571428571427;0.6666666666666666;0.39111709286675644;-0.44515306122448983;0.2857142857142857;0.25;0.16666666666666666;0.45454545454545453;-0.2857142857142857;0.05557912600763682;-0.8506269307650373;0.4166666666666667;-0.75;0.2242063492063492;-0.5685581806138221;0.7272727272727273;-0.4810495626822152;-0.04347826086956526;-0.0;-0.8373655913978496;-0.0925925925925926;0.2;0.0;-0.5910011041589989;0.36363636363636365;0.0;-0.09090909090909091;0.047331562424535074;0.16666666666666666;-0.5;0.0;-0.714548802946593;0.2222222222222222;-0.10426468356351486;-1.0;-1.0;0.18003273322422253;0.2;0.4708333333333333
-0.4117647058823529;-0.5714285714285714;-0.6258064516129033;-0.41176470588235303;-0.31194690265486724;0.3333333333333333;0.34408602150537637;-0.5098039215686274;-0.02702702702702703;-0.375;-0.32679738562091526;1.111;0.5492957746478874;-0.4140625;-0.4017094017094017;1.1143430290872618;8;-0.36593059936908484;-0.5380200860832137;-0.481806775407779;-0.1935483870967742;-0.43137254901960786;-0.46;-0.4423076923076923;-0.5;-0.07407407407407407;-0.5714285714285714;-0.5;-0.625;0.1;-0.4;-0.6287878787878788;-0.4583333333333333;0.16666666666666666;0.6666666666666666;0.2;0.0;0.5;0.25;0.1111111111111111;0.0;-0.18181818181818182;0.375;-0.10246174318030601;-0.22146870761480347;-0.530604101827468;-0.4870066622511396;-0.41840607210626185;-0.41304347826086957;-0.5555555555555556;-0.14299013219139803;-0.40425531914893614;-0.4113437582825336;-0.23076923076923078;-0.7221666666666667;-0.8890851289297068;-0.16666666666666666;-0.875;-0.5077544426494345;-0.3875706214689265;-0.3333333333333333;-0.5714285714285714;-0.6988960113960114;-0.2918407128933445;-0.25;-0.4166666666666667;-0.6476683937823834;-0.505044625533566;-0.624075906630188;0.38883333333333336;0.0;0.2222222222222222;1.0;0.3055231427460132;-0.35658263305322124;0.21428571428571427;0.6666666666666666;0.4;-0.4617346938775511;0.2857142857142857;0.25;-0.0555;0.09090909090909091;-0.2857142857142857;-0.0050912176495545225;-0.7419589314919135;0.25;-0.75;0.11681547619047619;-0.5243983219253698;0.5454545454545454;-0.06413994169096152;-0.04347826086956526;0.0;-0.8568548387096775;-0.0925925925925926;-0.4;-0.4375;-0.34827015090172986;-0.09090909090909091;0.0;0.0;-0.8659744023182807;0.0;-0.5;0.0;-0.9270718232044197;-0.4444444444444444;-0.3870086507816057;0.3333333333333333;0.6666666666666666;0.19803600654664483;-0.2;0.37916666666666704
-0.35294117647058826;-1.0;-0.6193548387096774;-0.35294117647058837;-0.2771017699115044;0.0;0.3333333333333333;-0.37254901960784315;-0.05405405405405406;0.0;-0.2614379084967322;1.131;0.5492957746478874;-0.3515625;-0.3418803418803419;1.1133400200601806;8;-0.2492113564668769;-0.3730272596843615;-0.481806775407779;-0.1935483870967742;-0.45098039215686275;-0.36;-0.36538461538461536;-0.4;-0.07407407407407407;-0.5714285714285714;-0.5;-0.5;-0.6;-0.4;-0.5984848484848485;-0.4583333333333333;0.3333333333333333;0.16666666666666666;0.8;0.25;0.5;-0.375;0.2222222222222222;0.0;-0.09090909090909091;0.375;-0.10246174318030601;-0.1172253439255959;-0.4122576011491503;-0.41557252503214237;-0.23814041745730546;-0.32608695652173914;-0.4444444444444444;-0.069819400484081;-0.3404255319148936;-0.24105486350384317;-0.23076923076923078;-0.8888333333333334;-0.2772871776757329;-0.6666666666666666;-0.875;-0.5770597738287558;-0.2180790960451978;-1.0;-0.5714285714285714;-0.774928774928775;-0.24561403508771934;-0.5;-0.4166666666666667;-0.8669041450777202;-0.7195382227396195;-0.5911287036498047;0.16666666666666666;-0.2142857142857143;0.1111111111111111;0.3333333333333333;0.250097238428627;-0.32633053221288516;0.21428571428571427;0.6666666666666666;0.3582772543741588;-0.44795918367346943;0.2857142857142857;0.25;-0.111;0.09090909090909091;-0.2857142857142857;-0.0050912176495545225;-0.7419589314919135;0.25;-0.75;0.0964781746031746;-0.5535438286597483;0.5454545454545454;-0.3469387755102041;-0.04347826086956526;0.0;-0.8568548387096775;-0.0925925925925926;0.4;0.4375;-0.2610415899889584;0.09090909090909091;-0.6;-0.2727272727272727;-0.58705626660227;-0.5;-0.875;-0.6;-0.28913443830570895;0.4444444444444444;-0.21399301866747603;-0.6666666666666666;-0.5;-0.1204582651391163;0.0;0.2500000000000002
-0.29411764705882354;-0.14285714285714285;-0.5741935483870968;-0.2941176470588236;-0.23783185840707965;0.0;0.2903225806451613;-0.5490196078431373;-0.43243243243243246;-1.75;-0.19607843137254916;1.182;0.9859154929577465;-0.2890625;-0.42735042735042733;1.1063189568706118;8;-0.18611987381703454;-0.2668579626972739;-0.481806775407779;-0.1935483870967742;-0.3137254901960784;-0.38;-0.2692307692307692;-0.34;-0.07407407407407407;-1.0;-0.5;-0.5;-0.3;-0.4;-0.5454545454545454;-0.4583333333333333;0.0;0.3333333333333333;0.2;-0.25;0.5;0.0;-0.3333333333333333;0.1111111111111111;-0.09090909090909091;0.375;-0.10246174318030601;-0.11431893043983722;-0.29438991301572115;-0.43505279152218795;-0.08950031625553445;-0.3695652173913043;-0.4444444444444444;-0.35840625581828317;-0.2765957446808511;-0.2662337662337662;-0.23076923076923078;-0.7221666666666667;0.17061109148710707;-0.6666666666666666;-0.5;-0.5770597738287558;-0.2180790960451978;-1.0;-0.5714285714285714;-0.7492877492877493;-0.27680311890838216;-0.5;-0.4166666666666667;-0.5895401554404145;-0.8345944897167247;-0.531812096163921;0.11116666666666668;-0.15137987012987014;0.1111111111111111;0.3333333333333333;0.250097238428627;-0.32633053221288516;0.21428571428571427;0.6666666666666666;0.32382234185733516;-0.44132653061224497;0.2857142857142857;0.25;-1.0;-0.9090909090909091;-0.5714285714285714;-0.429359355112431;-0.013810648737052449;-0.6666666666666666;-0.75;-0.20982142857142858;-0.049017443144182035;-0.45454545454545453;0.8338192419825075;-0.04347826086956526;0.0;-0.8568548387096775;-0.0925925925925926;-1.2;-1.0625;0.09201324990798675;-0.6363636363636364;1.2;0.8181818181818182;0.10142477662400384;0.5;-0.125;1.2;0.17790055248618786;-1.3333333333333333;-0.07133100622249199;0.0;0.3333333333333333;-0.30180032733224227;-0.2;0.18333333333333351
-0.23529411764705882;-0.7142857142857143;-0.5548387096774193;-0.22624434389140283;-0.19469026548672566;-0.3333333333333333;0.22580645161290322;-0.19607843137254902;-0.43243243243243246;0.25;-0.14052287581699394;1.188;0.8309859154929577;-0.2265625;-0.3162393162393162;1.103309929789368;8;-0.025236593059936935;-0.1764705882352941;-0.481806775407779;-0.1935483870967742;-0.49019607843137253;-0.24;-0.28846153846153844;-0.28;-0.07407407407407407;-0.14285714285714285;-0.875;-0.5;0.0;-0.4;-0.4696969696969697;-0.4583333333333333;0.0;0.0;0.4;0.0;0.5;-1.75;0.0;-0.4444444444444444;-0.09090909090909091;0.375;-0.10246174318030601;-0.10986242976167414;-0.17708083951799547;-0.3311645303307749;0.586337760910816;-0.3695652173913043;-0.2777777777777778;-0.04207782535840608;-0.19148936170212766;-0.016432547044792013;-0.23076923076923078;-0.7776666666666667;0.19003885552808203;-0.6666666666666666;-0.5;-0.7386106623586428;-0.6433145009416196;-1.0;-1.0;-0.7824074074074074;-0.29379003063213593;-0.5;-0.4166666666666667;-0.46437823834196895;-0.8124757469926269;-0.4801210780604224;0.0;-0.6201298701298702;0.1111111111111111;-0.3333333333333333;0.2222870478413069;-0.30280112044817925;0.21428571428571427;0.6666666666666666;0.2944818304172275;-0.4385204081632654;0.2857142857142857;0.25;-0.7221666666666667;-0.9090909090909091;-0.2857142857142857;-0.3686890114552397;0.015082682173360019;-0.6666666666666666;-0.75;-0.1636904761904762;-0.08567012585559725;-0.45454545454545453;-0.43731778425655954;-0.04347826086956526;-0.0;-0.8568548387096775;-0.0925925925925926;1.5;1.625;0.6051711446448288;0.36363636363636365;-0.8;-0.9090909090909091;0.3248007727602028;0.3333333333333333;-0.625;-0.8;0.19815837937384906;1.6666666666666667;0.5773258461071483;0.0;0.0;-0.42389525368248776;0.2;0.025000000000000022
-0.17647058823529413;0.0;-0.5032258064516129;-0.17647058823529418;-0.14823008849557523;-0.3333333333333333;0.13978494623655913;0.0392156862745098;-0.1891891891891892;1.125;-0.06862745098039257;1.176;0.352112676056338;-0.1640625;-0.11965811965811966;1.0952858575727182;8;-0.006309148264984234;-0.10760401721664269;-0.481806775407779;-0.1935483870967742;-0.13725490196078433;-0.42;-0.15384615384615385;-0.2;-0.07407407407407407;-0.7142857142857143;-0.125;-0.875;-0.7;-0.4;-0.44696969696969696;-0.4583333333333333;0.0;0.0;0.0;0.0;0.5;0.25;-1.5555555555555556;-0.1111111111111111;0.0;0.375;-0.10246174318030601;-0.10986242976167414;-0.0603303806559732;-0.19480266490045584;1.5509171410499685;-0.3695652173913043;-0.05555555555555555;0.6449450754049525;-0.10638297872340426;0.37278028094354626;-0.23076923076923078;-0.38883333333333336;0.045566937477922995;-0.3333333333333333;-0.375;-0.6231017770597737;-0.42824858757062145;-1.0;-0.8571428571428571;-0.7471509971509972;-0.3021442495126706;-0.5;-0.4166666666666667;-0.3746761658031088;-0.7065386107877375;-0.4013039175737818;-0.055499999999999994;-0.38595779220779225;0.0;-0.3333333333333333;0.16666666666666669;-0.24341736694677868;0.14285714285714285;0.6666666666666666;0.2500672947510094;-0.4130102040816327;0.21428571428571427;0.25;-0.22216666666666665;-0.9090909090909091;0.7142857142857143;-0.1264319049639372;0.2435035435217154;-0.6666666666666666;0.125;0.0;0.00816957385736364;-0.45454545454545453;-0.8542274052478133;-0.04347826086956526;0.0;-0.8568548387096775;-0.0925925925925926;0.9;-0.4375;0.6603790945896209;2.272727272727273;1.0;0.8181818181818182;0.3248007727602028;0.16666666666666666;0.0;1.0;0.047513812154696126;1.0;1.5031112460160874;-0.3333333333333333;-0.16666666666666666;-0.6130932896890344;0.0;0.008333333333333342
-0.11764705882352941;-0.5714285714285714;-0.4774193548387097;-0.11764705882352952;-0.10176991150442478;-0.3333333333333333;0.10752688172043011;0.0392156862745098;-0.05405405405405406;0.625;-0.032679738562091526;1.174;0.16901408450704228;-0.109375;0.03418803418803419;1.0912738214643931;8;-0.044164037854889635;-0.05451936872309904;-0.481806775407779;-0.1935483870967742;0.09803921568627451;-0.06;-0.3269230769230769;-0.12;-0.07407407407407407;0.0;-0.625;-0.125;-0.6;-0.4;-0.4166666666666667;-0.4583333333333333;-0.16666666666666666;0.0;0.0;0.75;0.5;1.125;0.2222222222222222;-1.6666666666666667;0.0;0.375;-0.10246174318030601;-0.10986242976167414;-0.028808554784135396;0.0;0.258697027197976;0.021739130434782608;-0.05555555555555555;0.8989015080990506;-0.06382978723404255;0.6040286244367878;-0.23076923076923078;-0.5555;0.045566937477922995;-0.3333333333333333;-0.375;-0.6231017770597737;-0.42824858757062145;-1.0;-0.8571428571428571;-0.7980769230769231;-0.32247284878863824;-0.5;-0.4166666666666667;-0.3060233160621761;-0.6328094683740781;-0.43279585540485466;-0.16666666666666666;-0.2142857142857143;-0.1111111111111111;-0.3333333333333333;0.0;-0.35126050420168065;0.07142857142857142;0.0;0.1730820995962315;-0.3591836734693878;0.14285714285714285;0.25;0.8333333333333334;0.5454545454545454;0.7142857142857143;-0.0050912176495545225;0.2967472287842995;-0.6666666666666666;0.125;-0.053323412698412696;-0.05321262971958482;-0.45454545454545453;-0.6559766763848394;-0.04347826086956526;0.0;-0.8568548387096775;-0.0925925925925926;-0.3;-0.8125;0.19920868605079123;0.6363636363636364;-0.8;-0.8181818181818182;0.24945665298237127;0.16666666666666666;-0.5;-0.8;0.047513812154696126;-0.3333333333333333;0.26286234633480043;-0.3333333333333333;0.0;-0.6130932896890344;-0.2;0.041666666666666706
-0.058823529411764705;-0.2857142857142857;-0.43870967741935485;-0.0542986425339367;-0.05254424778761062;-0.6666666666666666;0.08602150537634409;0.09803921568627451;0.10810810810810811;0.625;0.0;1.175;0.0422535211267606;-0.0546875;0.17094017094017094;1.0852557673019056;8;-0.05047318611987387;-0.018651362984217934;-0.19071518193224576;-0.09032258064516127;0.09803921568627451;0.18;0.019230769230769232;-0.02;-0.2222222222222222;-0.5714285714285714;0.0;-0.625;-0.6;-1.0;-0.38636363636363635;-0.4375;-0.3333333333333333;-0.16666666666666666;0.0;0.0;1.0;0.625;1.0;0.1111111111111111;0.09090909090909091;-0.5;-0.10246174318030601;-0.10986242976167414;0.008937834171255153;0.09740133245022792;-0.5629348513598987;0.2826086956521739;0.0;1.0863898715323033;-0.06382978723404255;0.7140206732043466;-0.19230769230769232;-0.38883333333333336;-0.18262098198516422;-0.16666666666666666;-0.375;-0.5770597738287558;-0.40564971751412426;-1.0;-0.8571428571428571;-0.7471509971509972;-0.36006683375104437;-0.5;-0.4166666666666667;-0.48040803108808283;-0.5391928599146293;-0.48861982653239405;-0.3333333333333333;-0.2142857142857143;-0.2222222222222222;-0.6666666666666666;-0.11104628549202646;-0.2596638655462184;0.0;0.0;0.057873485868102315;-0.313265306122449;0.07142857142857142;0.25;1.0;0.8181818181818182;0.7142857142857143;0.08570216376750103;0.33527166999818275;-0.6666666666666666;0.125;0.017609126984126987;-0.01788474276882323;-0.45454545454545453;-0.6034985422740521;-0.04347826086956526;0.0;-0.8568548387096775;-0.0925925925925926;0.0;0.125;-0.06947000368052998;-0.18181818181818182;0.4;0.5454545454545454;0.10142477662400384;-0.3333333333333333;-0.25;0.4;-0.19042357274401467;0.0;-0.5257246926696008;-0.3333333333333333;0.0;-0.8019639934533551;-0.2;0.050000000000000044
0.0;-0.42857142857142855;-0.4064516129032258;0.0;0.0;0.0;0.08602150537634409;0.0196078431372549;0.05405405405405406;-0.25;0.032679738562091526;1.194;0.16901408450704228;0.0;0.23076923076923078;1.0802407221664996;8;-0.0473186119873814;0.03443328550932571;0.013801756587202018;-0.038709677419354854;0.1568627450980392;0.18;0.25;-0.04;-0.18518518518518517;-0.2857142857142857;-0.5;0.0;-0.6;-0.1;-0.3560606060606061;-0.3229166666666667;-0.5;-0.3333333333333333;-0.2;0.25;0.0;0.625;0.5555555555555556;0.8888888888888888;-0.36363636363636365;-0.75;0.7398536260811712;0.12265064909901201;0.077328225999521;0.09091440370904276;-0.5075901328273245;0.2608695652173913;0.0;0.8439769130515734;-0.06382978723404255;0.6599522926053536;0.0;-0.5555;-0.5358530554574356;-0.16666666666666666;-0.625;-0.553957996768982;-0.4131826741996233;-1.0;-0.8571428571428571;-0.823539886039886;-0.4979114452798663;-0.5;-0.5;-0.40349740932642486;-0.46371750097012027;-0.4976424704581174;-0.2221666666666667;0.22483766233766228;-0.2222222222222222;0.0;-0.13885647607934656;-0.32633053221288516;0.0;-0.3333333333333333;0.057873485868102315;-0.313265306122449;0.07142857142857142;0.25;0.38899999999999996;0.18181818181818182;0.14285714285714285;0.1160373355960967;0.3225513356351082;-0.6666666666666666;0.125;0.0;-0.011260763965555346;-0.45454545454545453;0.0029154518950440583;1.0;0.923076923076923;0.07426075268817209;0.7962962962962965;-0.7;-0.5;-0.3209422156790578;-0.5454545454545454;-0.2;-0.2727272727272727;-0.2808500362231346;0.16666666666666666;-0.375;-0.2;-0.5587476979742172;-0.7777777777777778;-0.4726058582485961;1.3333333333333333;0.8333333333333334;0.14304418985270043;0.8;0.04583333333333338
0.058823529411764705;0.0;-0.3548387096774194;0.058823529411764656;0.05530973451327434;-0.3333333333333333;0.0967741935483871;0.0784313725490196;0.0;-0.25;0.06535947712418305;1.211;0.26760563380281693;0.0703125;0.2905982905982906;1.0722166499498496;8;0.012618296529968468;0.06312769010043047;0.1580928481806775;0.06451612903225806;0.0784313725490196;0.24;0.25;0.1;0.0;-0.42857142857142855;-0.25;-0.5;-0.9;-0.8;-0.3484848484848485;-0.28125;0.16666666666666666;-0.5;-0.4;-0.25;0.5;-0.25;0.5555555555555556;0.4444444444444444;-0.09090909090909091;-0.625;0.7398536260811712;0.26525867080023247;0.13957385683504897;0.10388826119141306;-0.5075901328273245;0.2608695652173913;0.0;0.7028486315397505;-0.06382978723404255;0.6212562947256824;0.11538461538461539;-0.3333333333333333;-0.3493465206640763;0.0;-0.375;-0.3924071082390952;-0.5856873822975518;-0.3333333333333333;-0.8571428571428571;-0.7726139601139602;-0.46727930938457257;-0.5;-0.5;-0.23364637305699476;-0.4243306169965075;-0.49286920076837987;-0.16666666666666666;0.19155844155844154;-0.2222222222222222;0.0;-0.16666666666666669;-0.3361344537815126;0.0;-0.3333333333333333;0.0;-0.31938775510204087;0.07142857142857142;0.25;0.0;0.18181818181818182;0.14285714285714285;0.05557912600763682;0.33527166999818275;-0.6666666666666666;0.125;-0.03546626984126985;-0.0024287922278648975;-0.45454545454545453;0.029154518950437348;-0.04347826086956526;-0.923076923076923;0.07426075268817209;0.7962962962962965;0.0;0.375;-0.2722672064777327;-0.5454545454545454;0.6;0.36363636363636365;-0.5025356194156002;0.3333333333333333;0.0;0.6;-0.36427255985267026;0.0;-0.4726058582485961;-0.6666666666666666;-1.0;0.25040916530278223;0.6;-0.008333333333333342
0.11764705882352941;-0.5714285714285714;-0.32903225806451614;0.11764705882352931;0.11393805309734513;0.0;0.08602150537634409;0.17647058823529413;-0.02702702702702703;0.0;0.09803921568627386;1.224;0.30985915492957744;0.34375;0.36752136752136755;1.0682046138415247;8;0.0662460567823348;0.13629842180774743;0.25094102885821834;0.11612903225806448;0.13725490196078433;0.16;0.3076923076923077;-0.08;0.1111111111111111;0.0;-0.375;-0.25;-0.3;-0.5;-0.29545454545454547;-0.20833333333333334;-0.16666666666666666;0.16666666666666666;-0.6;-0.25;-0.5;-0.25;-0.2222222222222222;0.4444444444444444;-1.3636363636363635;-0.625;-0.10246174318030601;0.3332687463669833;0.17221291197829364;0.12987493668913394;-0.19781783681214413;0.2608695652173913;0.07407407407407407;-0.42208154905976525;0.3191489361702128;0.5954147892923403;0.23076923076923078;-0.4443333333333334;-0.15365595196043802;-0.16666666666666666;-0.375;-0.4615508885298868;-0.5721280602636535;-0.3333333333333333;-0.8571428571428571;-0.810897435897436;-0.4756335282651073;-0.5;-0.5;-0.3060233160621761;-0.3960031043849436;-0.48320624017696007;0.0;-0.2142857142857143;0.0;0.0;-0.16666666666666669;-0.3361344537815126;0.0;-0.3333333333333333;0.0;-0.31938775510204087;0.07142857142857142;0.25;-0.2776666666666667;0.18181818181818182;-0.5714285714285714;0.4798472634705133;-0.2798473559876431;0.3333333333333333;0.125;-0.03546626984126985;-0.0024287922278648975;-0.45454545454545453;-0.05247813411078658;-0.04347826086956526;0.0;0.07426075268817209;-0.0925925925925926;0.2;0.0625;-0.20923813029076185;0.2727272727272727;-0.8;-0.6363636363636364;-0.15720840376720605;-0.16666666666666666;-0.5;-0.8;-0.16022099447513813;0.2222222222222222;-0.1752921535893154;0.3333333333333333;0.5;0.18003273322422253;0.0;-0.05833333333333339
0.17647058823529413;-0.14285714285714285;-0.2838709677419355;0.17647058823529396;0.17699115044247787;-0.6666666666666666;0.043010752688172046;0.21568627450980393;0.5135135135135135;-0.125;0.14052287581699321;1.238;0.32394366197183094;0.3828125;0.4358974358974359;1.0611835506519558;8;0.10725552050473197;0.14490674318507887;0.329987452948557;0.21935483870967748;0.23529411764705882;0.22;0.23076923076923078;0.28;0.2222222222222222;-0.5714285714285714;0.0;-0.375;-0.7;-0.2;-0.2727272727272727;-0.10416666666666667;0.0;-0.16666666666666666;0.2;-0.25;0.0;0.0;-0.2222222222222222;-0.3333333333333333;0.09090909090909091;-0.625;-0.10246174318030601;0.3332687463669833;0.19758997685739357;0.19480266490045584;-0.2666034155597723;0.32608695652173914;0.1111111111111111;-0.8069260845280207;0.5531914893617021;0.5385634773389872;0.38461538461538464;-0.3333333333333333;-0.15365595196043802;-0.16666666666666666;-0.375;-0.3693053311793214;-0.6685499058380414;0.0;-0.8571428571428571;-0.8490028490028491;-0.5767195767195769;-0.5;-0.6666666666666666;-0.3937823834196892;-0.40376406674427623;-0.42196868269398674;-0.2221666666666667;0.0;-0.2222222222222222;-0.3333333333333333;-0.250097238428627;-0.29383753501400556;0.0;-0.3333333333333333;-0.07671601615074022;-0.27295918367346944;0.07142857142857142;0.25;-0.22216666666666665;0.18181818181818182;-0.5714285714285714;0.3888417479847263;-0.24295838633472647;0.3333333333333333;0.125;-0.053323412698412696;0.0;-0.45454545454545453;0.023323615160349878;-0.04347826086956526;0.0;-0.8568548387096775;-0.0925925925925926;-0.1;-0.25;-0.5034965034965034;0.18181818181818182;0.6;0.6363636363636364;-0.02946148273363919;-0.16666666666666666;-0.125;0.6;-0.16022099447513813;-0.1111111111111111;-0.24131127636970706;-1.0;-0.6666666666666666;-0.1204582651391163;-0.2;-0.09583333333333342
0.23529411764705882;-0.5714285714285714;-0.25806451612903225;0.23529411764705885;0.24668141592920353;0.0;-0.021505376344086023;0.0784313725490196;-0.2972972972972973;-1.25;0.21241830065359457;1.267;0.4225352112676056;0.4140625;0.42735042735042733;1.057171514543631;8;0.15141955835962162;0.127690100430416;0.39021329987452946;0.32043010752688167;0.27450980392156865;0.32;0.28846153846153844;0.52;0.37037037037037035;-0.14285714285714285;-0.5;0.0;-0.2;-0.9;-0.21212121212121213;-0.07291666666666667;-0.5;0.0;-0.2;-0.5;0.0;-0.125;0.0;-0.3333333333333333;0.7272727272727273;-0.5;0.7398536260811712;0.4801395078473164;0.26278828505306834;0.19480266490045584;-0.2666034155597723;0.32608695652173914;0.1111111111111111;-0.8404393967603796;0.5531914893617021;0.379008746355685;0.5384615384615384;-0.5555;-0.2772871776757329;-0.16666666666666666;-0.5;-0.4615508885298868;-0.711487758945386;0.0;-0.8571428571428571;-0.8361823361823362;-0.5912002227791703;-0.5;-0.6666666666666666;-0.3937823834196892;-0.3967792006208768;-0.3824436812387217;-0.11116666666666668;0.22483766233766228;-0.2222222222222222;0.0;-0.1944768572539868;-0.22773109243697476;0.0;-0.3333333333333333;-0.07671601615074022;-0.27295918367346944;0.07142857142857142;0.25;-0.6666666666666666;-0.5454545454545454;-0.5714285714285714;-0.1868901145523971;-0.10303470834090499;-0.3333333333333333;-0.375;-0.24801587301587302;0.14550673437844994;-0.45454545454545453;0.8046647230320702;1.0;0.923076923076923;0.07426075268817209;0.7962962962962965;-1.0;-0.625;-0.06947000368052998;-0.9090909090909091;-0.6;-0.5454545454545454;-0.09104081139821305;0.0;-0.5;-0.6;-0.28913443830570895;-1.1111111111111112;-0.24131127636970706;1.3333333333333333;1.1666666666666667;0.34762684124386245;0.4;-0.133333333333333
0.29411764705882354;-0.2857142857142857;-0.21935483870967742;0.2941176470588235;0.3213495575221239;-0.3333333333333333;-0.13978494623655913;0.19607843137254902;-0.4594594594594595;-0.75;-0.30065359477124204;1.289;2.9436619718309855;0.4453125;0.4444444444444444;1.0511534603811434;8;0.24290220820189265;0.12482065997130554;0.4366373902132998;0.42365591397849467;0.13725490196078433;0.36;0.38461538461538464;0.52;0.5185185185185185;-0.5714285714285714;-0.125;-0.5;-0.6;-0.8;-0.18181818181818182;-0.03125;0.16666666666666666;-0.5;0.0;-0.75;1.5;-1.25;-0.1111111111111111;-0.1111111111111111;0.36363636363636365;-0.5;0.7398536260811712;0.4801395078473164;0.31194637299497235;0.20128959364164098;-0.23814041745730546;0.32608695652173914;0.1111111111111111;-0.8210761496927944;0.5531914893617021;0.26053538298436246;0.6153846153846154;-0.4443333333333334;-0.3493465206640763;-0.16666666666666666;-0.5;-0.415508885298869;-0.7574387947269303;0.0;-0.8571428571428571;-0.810897435897436;-0.5912002227791703;-0.5;-0.6666666666666666;-0.48040803108808283;-0.41909196740395793;-0.3429186797834564;-0.11116666666666668;0.22483766233766228;-0.2222222222222222;0.0;-0.13885647607934656;-0.23557422969187672;0.0;-0.3333333333333333;-0.15370121130551817;-0.37525510204081636;0.07142857142857142;-0.25;-1.0;-0.5454545454545454;-0.7142857142857143;-0.520364870598218;-0.17099763765218967;-0.3333333333333333;-0.375;-0.37202380952380953;0.17906822698167366;-0.45454545454545453;0.6122448979591842;-0.04347826086956526;-0.923076923076923;0.07426075268817209;0.7962962962962965;0.3;0.75;-0.03146853146853144;-0.5454545454545454;0.4;0.45454545454545453;-0.22893021009418024;-0.16666666666666666;-0.25;0.4;-0.36427255985267026;0.3333333333333333;-0.21399301866747603;-0.3333333333333333;-0.8333333333333334;0.37839607201309317;0.8;-0.21249999999999974
0.35294117647058826;-0.14285714285714285;-0.17419354838709677;0.35294117647058815;0.39823008849557523;-0.3333333333333333;-0.23655913978494625;0.6862745098039216;0.0;2.125;0.35294117647058776;1.286;0.0845070422535212;0.46875;0.5982905982905983;1.0441323971915748;8;0.31230283911671924;0.12625538020086094;0.4680050188205772;0.5268817204301075;0.2549019607843137;0.22;0.4230769230769231;0.58;0.7037037037037037;-0.2857142857142857;-0.5;-0.125;-0.4;-0.8;-0.13636363636363635;0.010416666666666666;0.0;0.16666666666666666;-0.6;-1.0;0.0;-0.75;-1.1111111111111112;-0.2222222222222222;0.36363636363636365;-0.375;-0.08582834331337327;0.3377252470451464;0.34729869922591944;0.3571317255620056;1.763124604680582;0.32608695652173914;0.5555555555555556;0.6043567305902067;0.5531914893617021;0.5447919427511262;0.6153846153846154;-0.4443333333333334;-0.3493465206640763;-0.16666666666666666;-0.5;-0.3924071082390952;-0.728060263653484;0.0;-0.8571428571428571;-0.7726139601139602;-0.5811751601225287;-0.5;-0.6666666666666666;-0.24190414507772015;-0.40376406674427623;-0.2984457768205366;-0.055499999999999994;0.0;-0.1111111111111111;0.0;-0.11104628549202646;-0.28935574229691874;0.0;-0.3333333333333333;-0.21130551816958276;-0.37372448979591844;0.07142857142857142;-0.25;0.0;-0.5454545454545454;1.8571428571428572;-0.15655494272380144;0.5133563510812282;-0.3333333333333333;1.125;-0.10639880952380952;0.5508942371384412;-0.45454545454545453;-0.3790087463556849;-0.021739130434782532;0.019230769230769232;0.06485215053763443;-0.07407407407407415;2.2;1.125;0.8366764814133235;2.3636363636363638;0.2;-0.09090909090909091;-0.36633663366336644;0.5;-0.125;0.2;-0.36427255985267026;2.4444444444444446;1.706784033996054;-0.6666666666666666;-0.16666666666666666;0.25040916530278223;-0.4;-0.26666666666666644
0.4117647058823529;0.2857142857142857;-0.10967741935483871;0.4117647058823528;0.4795353982300885;-0.3333333333333333;-0.3548387096774194;0.49019607843137253;0.13513513513513514;0.625;0.4281045751633986;1.299;-0.05633802816901403;0.4921875;0.6666666666666666;1.0341023069207622;8;0.30283911671924324;0.1535150645624103;0.5144291091593475;0.6301075268817203;0.7450980392156863;0.34;0.28846153846153844;0.5;0.6666666666666666;-0.14285714285714285;-0.25;-0.5;-0.5;-0.8;-0.09848484848484848;0.052083333333333336;-0.3333333333333333;0.0;0.2;0.0;0.5;2.125;-0.6666666666666666;-1.2222222222222223;-0.2727272727272727;-1.0;0.32534930139720586;0.445456306917264;0.3914292554464925;0.4934935909923247;1.1529095509171412;0.45652173913043476;0.5555555555555556;0.650530627443679;0.6170212765957447;0.47005035780545984;0.6153846153846154;-0.11100000000000006;-0.15365595196043802;0.16666666666666666;-0.125;-0.277059773828756;-0.511487758945386;0.0;-0.5714285714285714;-0.6964031339031339;-0.4940128098022835;-0.5;-0.5;0.08808290155440422;-0.3133488552580519;-0.229757261773095;-0.11116666666666668;-0.15137987012987014;-0.1111111111111111;-0.3333333333333333;-0.13885647607934656;-0.32633053221288516;0.0;-0.3333333333333333;-0.24979811574697172;-0.41938775510204085;0.07142857142857142;-0.5;0.8333333333333334;-0.18181818181818182;1.8571428571428572;0.05557912600763682;0.552244230419771;-0.3333333333333333;1.125;0.03521825396825396;0.56347979686465;-0.45454545454545453;0.2419825072886303;0.47826086956521746;0.44230769230769224;-0.40053763440860213;0.3703703703703704;-1.3;-2.25;0.9680714022819287;0.9090909090909091;0.6;0.18181818181818182;-0.7638251630041053;0.6666666666666666;0.25;0.6;-0.16022099447513813;-1.4444444444444444;1.1211109424798906;0.6666666666666666;0.6666666666666666;-0.1204582651391163;0.2;-0.25833333333333314
0.47058823529411764;-0.14285714285714285;-0.06451612903225806;0.4705882352941177;0.5652654867256637;0.0;-0.4731182795698925;0.49019607843137253;0.1891891891891892;0.375;0.4999999999999993;1.315;-0.14084507042253522;0.515625;0.717948717948718;1.0270812437311936;8;0.3438485804416404;0.1779053084648495;0.5395232120451694;0.7333333333333334;0.5490196078431373;0.84;0.40384615384615385;0.56;0.9259259259259259;0.2857142857142857;-0.125;-0.25;-0.2;-1.1;-0.03787878787878788;0.0625;0.0;-0.3333333333333333;0.0;-0.5;-0.5;0.625;1.8888888888888888;-0.7777777777777778;-0.2727272727272727;-0.625;0.6959414504324687;0.5533811276884325;0.44098635384247065;0.5908949234425527;0.07621758380771666;0.782608695652174;0.5555555555555556;0.5937441817166262;0.6170212765957447;0.4065730188179167;0.6153846153846154;-0.05550000000000003;-0.2772871776757329;0.3333333333333333;-0.125;-0.2999999999999999;-0.5412429378531074;0.0;-0.5714285714285714;-0.6200142450142451;-0.6084656084656085;0.0;-0.5;0.08808290155440422;-0.1804423748544819;-0.18866057395657485;-0.055499999999999994;0.0;-0.1111111111111111;0.0;-0.08343057176196035;-0.28935574229691874;0.0;-0.3333333333333333;-0.2306864064602961;-0.402295918367347;0.07142857142857142;-0.5;1.3333333333333333;0.6363636363636364;1.8571428571428572;0.20704285108188372;0.547156096674541;-0.3333333333333333;1.125;0.08854166666666667;0.5687789799072642;-0.45454545454545453;0.46647230320699756;0.47826086956521746;0.0;-0.41061827956989244;0.7962962962962965;-0.3;0.5625;1.0147221199852778;-1.3636363636363635;-0.6;-0.5454545454545454;-0.2675682202366578;0.0;-0.125;-0.6;-0.28913443830570895;-0.3333333333333333;0.08772196084383066;0.3333333333333333;-0.16666666666666666;-0.1204582651391163;0.8;-0.29166666666666646
0.5294117647058824;-0.2857142857142857;-0.025806451612903226;0.5294117647058824;0.6548672566371682;-0.3333333333333333;-0.6129032258064516;0.23529411764705882;-0.13513513513513514;-1.5;0.5751633986928102;1.344;-0.05633802816901403;0.53125;0.6923076923076923;1.0210631895687061;8;0.39432176656151424;0.19655667144906744;0.603513174404015;0.8365591397849463;0.5490196078431373;0.64;0.8846153846153846;0.66;0.5925925925925926;-0.14285714285714285;0.25;-0.125;-0.6;-0.5;-0.007575757575757576;0.13541666666666666;0.16666666666666666;0.0;-0.4;-0.25;-0.5;0.375;0.5555555555555556;1.7777777777777777;-0.09090909090909091;-2.375;0.32534930139720586;0.5227669056384423;0.4697949086266057;0.44155920052986325;0.3500948766603416;0.5;0.37037037037037035;0.5378886613293615;0.6170212765957447;-0.08097005035780554;1.3076923076923077;-0.11100000000000006;-0.15365595196043802;0.16666666666666666;-0.125;-0.25395799676898206;-0.6433145009416196;0.0;-0.5714285714285714;-0.632834757834758;-0.6129211918685603;0.0;-0.5;-0.24190414507772015;-0.12980209545983695;-0.14343093311601365;0.055499999999999994;-0.38595779220779225;0.1111111111111111;0.0;-0.08343057176196035;-0.28935574229691874;0.0;-0.3333333333333333;-0.2306864064602961;-0.402295918367347;0.07142857142857142;-0.5;-0.2776666666666667;-0.7272727272727273;0.14285714285714285;-0.15655494272380144;0.7917499545702342;-0.5;1.125;0.12400793650793651;0.5073967763303158;-0.2727272727272727;1.3790087463556855;-0.021739130434782532;-0.44230769230769224;-0.41061827956989244;0.3703703703703704;-1.6;-0.875;-0.017758557232241408;-1.6363636363636365;-0.2;0.18181818181818182;-0.2675682202366578;-0.6666666666666666;-0.25;-0.2;-0.16022099447513813;-1.7777777777777777;0.3505843071786311;-0.3333333333333333;-0.3333333333333333;-0.30180032733224227;0.2;-0.3333333333333332
0.5882352941176471;-0.2857142857142857;0.012903225806451613;0.5520361990950226;0.7461283185840708;-0.3333333333333333;-0.7419354838709677;0.6666666666666666;0.08108108108108109;1.0;0.643790849673202;1.354;-0.2112676056338027;0.546875;0.7692307692307693;1.0150451354062187;8;0.485804416403786;0.21664275466284075;0.6110414052697615;0.9397849462365592;0.29411764705882354;0.64;0.6923076923076923;0.7;1.2592592592592593;-0.2857142857142857;-0.125;0.25;-0.3;-0.9;0.045454545454545456;0.16666666666666666;0.0;0.16666666666666666;0.0;-1.0;-0.5;-1.5;0.3333333333333333;0.4444444444444444;-0.18181818181818182;-0.375;-0.08582834331337327;0.3417942259252082;0.4777751177080838;0.5;0.9120809614168249;0.5;0.5370370370370371;0.749022528393223;0.6170212765957447;-0.05128544924463297;1.7307692307692308;-0.3333333333333333;-0.6852702225362063;0.16666666666666666;-0.5;-0.277059773828756;-0.6380414312617703;0.0;-0.5714285714285714;-0.5945512820512822;-0.6716791979949875;0.25;-0.5;-0.3238341968911917;-0.08866899495537427;-0.12294079981372595;0.0;-0.2142857142857143;0.0;0.0;-0.027810190587320115;-0.4134453781512605;0.07142857142857142;-0.3333333333333333;-0.24979811574697172;-0.40484693877551026;0.07142857142857142;-0.5;-0.111;-0.7272727272727273;0.5714285714285714;0.1160373355960967;0.8827912047973834;-0.5;1.125;0.23015873015873015;0.5588430117023625;-0.2727272727272727;0.3469387755102041;-0.04347826086956526;-0.019230769230769232;-0.40053763440860213;-0.07407407407407415;1.9;2.125;0.9838056680161943;0.36363636363636365;0.0;0.09090909090909091;-0.636319729533929;-0.16666666666666666;-0.25;0.0;-0.714548802946593;2.111111111111111;0.8899681286993475;-0.3333333333333333;0.0;-0.42389525368248776;-0.2;-0.3999999999999999
0.6470588235294118;0.14285714285714285;0.07096774193548387;0.6470588235294117;0.8401548672566371;-0.3333333333333333;-0.8387096774193549;0.5882352941176471;0.1891891891891892;0.375;0.7091503267973851;1.371;-0.25352112676056326;0.5546875;0.8034188034188035;1.0060180541624875;8;0.5173501577287072;0.2582496413199425;0.5959849435382684;1.043010752688172;0.7254901960784313;0.38;0.6923076923076923;0.56;1.7037037037037037;-0.2857142857142857;-0.25;-0.125;-0.6;-0.4;0.07575757575757576;0.25;-0.16666666666666666;0.0;0.2;0.0;-1.0;1.0;-1.3333333333333333;0.2222222222222222;-1.0;0.5;0.32767797737857635;0.4152296066653751;0.4882291916048199;0.5324541239724159;1.0162871600253005;0.5;0.5370370370370371;0.3429528951778068;0.7446808510638298;0.000795123244102866;1.7307692307692308;-0.2221666666666667;-0.2772871776757329;0.16666666666666666;-0.25;-0.16155088852988692;-0.7167608286252354;0.6666666666666666;-0.5714285714285714;-0.5819088319088319;-0.6455026455026456;0.25;-0.5;-0.07286269430051816;-0.0663562281722933;-0.07020199080272423;-0.055499999999999994;-0.38595779220779225;0.0;-0.3333333333333333;-0.05562038117464023;-0.4464985994397758;0.07142857142857142;-0.3333333333333333;-0.2306864064602961;-0.402295918367347;0.07142857142857142;-0.5;-0.111;-0.7272727272727273;0.5714285714285714;0.5099703012303777;0.679447574050518;-0.5;1.125;0.12400793650793651;0.4937072201368955;-0.2727272727272727;0.743440233236152;0.5;0.4807692307692307;-0.3813844086021505;0.3703703703703704;-0.7;-1.6875;1.028248067721752;1.1818181818181819;0.6;0.2727272727272727;-0.5025356194156002;0.5;0.125;0.6;-0.28913443830570895;-0.7777777777777778;0.9899833055091819;0.3333333333333333;0.3333333333333333;-0.42389525368248776;0.2;-0.4208333333333333
0.7058823529411765;0.14285714285714285;0.12903225806451613;0.7058823529411765;0.9397123893805309;0.0;-0.967741935483871;0.39215686274509803;-0.02702702702702703;-1.0;0.7875816993464048;1.397;-0.22535211267605623;0.5625;0.7863247863247863;0.9969909729187563;8;0.5709779179810728;0.28981348637015775;0.5934755332496862;1.146236559139785;0.6470588235294118;0.82;0.4423076923076923;0.68;1.7037037037037037;0.14285714285714285;-0.25;-0.25;-0.4;-0.8;0.12121212121212122;0.2916666666666667;0.0;-0.16666666666666666;0.0;-0.25;-1.5;0.375;0.8888888888888888;-1.4444444444444444;-0.6363636363636364;0.0;0.7292082501663342;0.4909901181941486;0.4978054425025935;0.5844079947013675;0.3034471853257433;0.6739130434782609;0.5370370370370371;-0.005026996834853704;0.7872340425531915;-0.06639279088258672;1.7307692307692308;-0.05550000000000003;-0.2772871776757329;0.16666666666666666;-0.25;-0.09240710823909518;-0.7167608286252354;0.6666666666666666;-0.5714285714285714;-0.5183404558404558;-0.6474519632414371;0.25;-0.5;0.16191709844559585;-0.04297632906480383;-0.01688107573199832;0.0;-0.2142857142857143;0.0;0.0;-0.027810190587320115;-0.4134453781512605;0.07142857142857142;-0.3333333333333333;-0.1730820995962315;-0.40076530612244904;0.07142857142857142;-0.5;0.11116666666666668;-0.36363636363636365;0.5714285714285714;0.4495120916419177;0.7392331455569688;-0.5;1.125;-0.10639880952380952;0.5508942371384412;-0.2727272727272727;1.5276967930029157;0.5;-0.0;-0.3719758064516129;0.8333333333333334;-1.3;-0.4375;0.9210526315789475;-1.7272727272727273;0.0;-0.2727272727272727;-0.58705626660227;0.5;0.125;0.0;-0.28913443830570895;-1.4444444444444444;0.30581271816664146;0.3333333333333333;0.0;-0.42389525368248776;0.6;-0.46249999999999997
0.7647058823529411;-0.14285714285714285;0.17419354838709677;0.7647058823529411;1.040929203539823;0.0;-1.075268817204301;0.45098039215686275;-0.1891891891891892;-0.75;0.8562091503267972;1.421;-0.1830985915492958;0.5703125;0.7777777777777778;0.9899699097291875;8;0.6529968454258679;0.2855093256814922;0.5947302383939774;1.2494623655913977;0.45098039215686275;0.74;0.8653846153846154;1.18;1.8148148148148149;0.14285714285714285;0.125;-0.25;-0.3;-0.6;0.17424242424242425;0.3541666666666667;0.16666666666666666;0.0;-0.2;-0.75;-2.0;-1.0;0.3333333333333333;0.7777777777777778;1.4545454545454546;0.0;0.32767797737857635;0.42162371633404383;0.478094326071343;0.5129738574823703;-0.025300442757748284;0.6739130434782609;0.46296296296296297;-0.20126605846211124;0.7872340425531915;-0.10906440498277237;1.7307692307692308;0.0;-0.48110208406923344;0.3333333333333333;-0.25;-0.09240710823909518;-0.7167608286252354;0.6666666666666666;-0.5714285714285714;-0.5055199430199431;-0.6505151768309664;0.25;-0.5;0.0034002590673576417;-0.058498253783468956;0.03166656964899007;0.11116666666666668;-0.38595779220779225;0.1111111111111111;0.0;0.05562038117464023;-0.5011204481792716;0.14285714285714285;-0.3333333333333333;-0.09609690444145357;-0.44362244897959185;0.07142857142857142;-0.5;-0.6666666666666666;-0.36363636363636365;-0.14285714285714285;-0.24756045820958844;0.3479920043612575;-0.5;0.0;-0.30133928571428575;0.5535438286597483;-0.2727272727272727;1.4985422740524783;-0.04347826086956526;-0.4807692307692307;-0.3719758064516129;0.3703703703703704;0.0;0.75;-0.045454545454545435;-1.0909090909090908;-0.4;-0.18181818181818182;-0.397488529340739;-0.3333333333333333;-0.125;-0.4;-0.5016574585635358;0.0;-0.009713158294126582;0.0;-0.16666666666666666;-0.6130932896890344;0.4;-0.5166666666666667
0.8235294117647058;0.14285714285714285;0.23225806451612904;0.8235294117647058;1.1438053097345133;0.0;-1.1612903225806452;0.7450980392156863;0.02702702702702703;1.0;0.9215686274509796;1.435;-0.2676056338028168;0.578125;0.8290598290598291;0.9809428284854563;8;0.7287066246056787;0.3041606886657101;0.6185696361355081;1.4559139784946238;0.5098039215686274;0.54;0.7884615384615384;0.98;1.6666666666666667;-0.14285714285714285;0.125;0.125;0.0;-0.7;0.25;0.40625;0.16666666666666666;0.16666666666666666;0.0;-0.25;0.0;-0.75;-0.8888888888888888;0.2222222222222222;0.36363636363636365;-0.875;-0.08582834331337327;0.3540011625653943;0.48352086824674784;0.5649277282113219;0.6881720430107527;0.6739130434782609;0.6111111111111112;0.1254887358033888;0.7872340425531915;-0.0824277763053273;1.8461538461538463;0.0;-0.48110208406923344;0.3333333333333333;-0.25;-0.11550888529886912;-0.7947269303201507;0.6666666666666666;-0.7142857142857143;-0.45477207977207984;-0.6471734892787524;0.25;-0.5;0.0034002590673576417;0.02337989910748964;0.08178590139123354;0.16666666666666666;-0.6201298701298702;0.2222222222222222;0.0;0.08343057176196035;-0.49243697478991594;0.14285714285714285;-0.3333333333333333;-0.09609690444145357;-0.44362244897959185;0.07142857142857142;-0.5;-0.38883333333333336;-0.36363636363636365;0.5714285714285714;-0.15655494272380144;0.43285480646919855;-0.5;0.0;-0.12400793650793651;0.6272907926694633;-0.2727272727272727;0.8483965014577265;-0.021739130434782532;0.019230769230769232;-0.3813844086021505;-0.07407407407407415;1.2;0.6875;0.506348914243651;1.1818181818181819;0.4;0.36363636363636365;-0.5223375996136199;-0.0;0.125;0.4;-0.5016574585635358;1.3333333333333333;0.675064501441797;0.0;0.0;-0.6130932896890344;0.2;-0.5666666666666668
0.8823529411764706;0.14285714285714285;0.2903225806451613;0.8823529411764705;1.2527654867256637;-1.0;-1.3978494623655915;0.803921568627451;0.32432432432432434;1.25;0.9967320261437905;1.444;-0.4647887323943661;0.578125;0.8803418803418803;0.9719157472417251;8;0.7728706624605682;0.3271162123385939;0.6398996235884568;1.5591397849462365;0.803921568627451;0.6;0.5961538461538461;0.98;1.7777777777777777;0.14285714285714285;-0.125;0.125;-0.3;-0.4;0.30303030303030304;0.4895833333333333;0.16666666666666666;0.16666666666666666;0.2;0.0;-1.0;1.0;-0.6666666666666666;-1.0;0.18181818181818182;-0.875;-0.8835662009314705;0.06316605309048644;0.4083472986992257;0.701289593641641;0.6881720430107527;0.7391304347826086;0.6666666666666666;0.427667101098492;0.7872340425531915;-0.044924463291810275;1.8461538461538463;0.0;-0.48110208406923344;0.3333333333333333;-0.25;-0.06930533117932139;-0.7694915254237288;0.6666666666666666;-0.7142857142857143;-0.441951566951567;-0.6310219994430522;0.25;-0.5;0.16191709844559585;0.11864571206829672;0.15128936492228884;-0.2778333333333333;1.2544642857142856;-0.6666666666666666;0.0;-0.13885647607934656;0.09103641456582637;-0.2857142857142857;-0.3333333333333333;-0.21130551816958276;-0.1941326530612245;-0.21428571428571427;-0.5;0.6111666666666666;-0.18181818181818182;0.8571428571428571;0.05557912600763682;0.5969471197528621;-0.5;0.25;0.08854166666666667;0.7171561051004636;-0.2727272727272727;0.6530612244897965;-1.5869565217391306;-1.3846153846153846;0.5302419354838711;-1.388888888888889;0.0;-0.8125;-0.006624953993375052;1.1818181818181819;0.0;-0.18181818181818182;-0.5223375996136199;0.3333333333333333;0.125;0.0;-0.5016574585635358;0.0;0.675064501441797;-2.6666666666666665;-1.3333333333333333;0.7099836333878885;-1.4;-0.5958333333333334
0.9411764705882353;0.42857142857142855;0.36129032258064514;0.9411764705882352;1.364491150442478;-1.3333333333333333;-1.6559139784946237;0.5686274509803921;0.24324324324324326;-0.375;1.068627450980392;1.461;-0.5352112676056338;0.578125;0.8888888888888888;0.9608826479438315;8;0.801261829652997;0.368723098995696;0.6562107904642408;1.6623655913978495;0.8627450980392157;0.9;0.6538461538461539;0.72;1.962962962962963;0.14285714285714285;0.125;-0.125;-0.4;-0.8;0.3484848484848485;0.53125;-1.1666666666666667;0.16666666666666666;0.2;-0.25;-0.5;1.25;0.8888888888888888;-0.7777777777777778;-1.1818181818181819;-0.625;-1.237192282102462;-0.311180003875218;0.30149229909823627;0.7402501266217322;0.15069576217583813;0.8695652173913043;0.6666666666666666;-0.09849190094954366;0.9574468085106383;-0.12085873310363116;1.8461538461538463;0.22233333333333327;-0.48110208406923344;0.6666666666666666;0.0;0.04604200323101779;-0.711487758945386;0.6666666666666666;-0.42857142857142855;-0.352920227920228;-0.622389306599833;0.25;-0.4166666666666667;0.3265867875647667;0.2314707023670938;0.2244018860236335;-0.8333333333333334;1.5275974025974026;-0.8888888888888888;0.0;-0.3889537145079736;0.4644257703081233;-0.42857142857142855;-0.3333333333333333;-0.38438761776581426;0.04387755102040809;-0.35714285714285715;-0.5;0.7778333333333333;0.09090909090909091;0.8571428571428571;0.32817140432753494;0.3103761584590224;-0.16666666666666666;0.25;0.03521825396825396;0.7301832634135572;-0.2727272727272727;1.3090379008746358;-0.5434782608695653;0.923076923076923;0.3750000000000001;-1.8333333333333335;-1.5;-1.0;0.6006624953993376;-1.2727272727272727;0.4;0.18181818181818182;-0.72639459067858;0.3333333333333333;0.375;0.4;-0.5016574585635358;-1.6666666666666667;0.15920473516466843;-0.6666666666666666;1.0;0.5607201309328969;-1.8;-0.6125000000000002
-0.9411764705882353;1.7142857142857142;-0.864516129032258;-0.9411764705882354;-0.5077433628318584;0.0;0.3548387096774194;-0.9019607843137255;-0.05405405405405406;1.0;-2.9673202614379086;0.317;0.7464788732394366;-2.609375;-2.9743589743589745;1.1514543630892677;9;-2.753943217665616;-1.1047345767575323;-0.481806775407779;-0.1935483870967742;-0.8431372549019608;-0.78;-0.6730769230769231;-0.44;-0.07407407407407407;1.7142857142857142;1.5;1.5;1.0;0.8;-0.6363636363636364;-0.3333333333333333;0.3333333333333333;0.3333333333333333;0.4;0.25;0.5;1.0;0.8888888888888888;0.7777777777777778;0.6363636363636364;0.375;-0.5465735196274119;-1.4475876768068205;-1.2727635464049158;-0.8571317255620057;-0.6132194813409235;-0.7608695652173914;-0.9444444444444444;-1.2520945820145222;-0.44680851063829785;-1.4465942221044261;-0.07692307692307693;1.9445;1.1091487107029319;2.5;1.125;1.8924071082390952;0.8097928436911487;5.333333333333333;0.8571428571428571;1.847400284900285;0.42216652742968536;4.25;0.3333333333333333;1.9104598445595853;0.30859526581296093;-0.4993305780313172;0.3333333333333333;-0.33319805194805197;0.3333333333333333;0.3333333333333333;0.3889537145079736;-0.5148459383753501;0.35714285714285715;0.0;0.48075370121130556;-0.5772959183673471;0.42857142857142855;-0.25;1.2778333333333334;1.0909090909090908;0.5714285714285714;1.6616461603733559;-0.385426131201163;1.1666666666666667;0.0;1.8777281746031744;-0.3720468094502098;1.5454545454545454;-1.5218658892128278;-0.021739130434782532;-0.4807692307692307;-0.26276881720430106;-0.5185185185185185;-0.5;0.0;-0.5790393816709606;-0.7272727272727273;1.6;-2.090909090909091;2.9219995170248736;-1.1666666666666667;2.5;-3.0;2.9797421731123386;-0.4444444444444444;-0.6812869934739717;0.3333333333333333;-0.5;-0.10769230769230774;0.0;9.645833333333334
-0.8823529411764706;2.857142857142857;-0.6838709677419355;-0.8823529411764707;-0.49557522123893805;0.3333333333333333;0.3763440860215054;-0.9411764705882353;0.02702702702702703;0.375;-2.222222222222222;0.536;0.6197183098591549;-2.609375;-2.9743589743589745;1.123370110330993;9;-2.753943217665616;-1.1047345767575323;-0.481806775407779;-0.1935483870967742;-0.8431372549019608;-0.78;-0.6730769230769231;-0.44;-0.07407407407407407;1.7142857142857142;1.5;1.5;1.0;0.8;-0.6363636363636364;-0.3333333333333333;0.3333333333333333;0.3333333333333333;0.4;0.25;0.5;1.0;0.8888888888888888;0.7777777777777778;0.6363636363636364;0.375;-0.5465735196274119;-1.4475876768068205;-1.2727635464049158;-0.8766119920520512;-0.6132194813409235;-0.8043478260869565;-0.9444444444444444;-1.2520945820145222;-0.48936170212765956;-1.4465942221044261;-0.15384615384615385;2.6111666666666666;1.1091487107029319;2.5;2.125;2.538610662358643;0.8097928436911487;5.333333333333333;2.0;2.5596509971509973;0.42216652742968536;4.25;1.0;1.9104598445595853;0.30859526581296093;-0.4993305780313172;0.4166666666666667;-0.33319805194805197;0.3333333333333333;0.6666666666666666;0.486192143134967;-0.5148459383753501;0.35714285714285715;0.3333333333333333;0.6153432032301481;-0.5772959183673471;0.42857142857142855;0.0;0.8611666666666666;0.6363636363636364;0.5714285714285714;1.1313109885447603;-0.385426131201163;0.75;0.0;1.257688492063492;-0.3720468094502098;1.0909090909090908;-0.5568513119533524;-0.021739130434782532;-0.4807692307692307;-0.26276881720430106;-0.5185185185185185;-0.5;0.0;-0.5790393816709606;-0.7272727272727273;1.6;-2.090909090909091;2.9219995170248736;-1.1666666666666667;2.5;-3.0;2.9797421731123386;-0.4444444444444444;-0.6812869934739717;0.3333333333333333;-0.5;-0.10769230769230774;0.0;9.645833333333334
-0.8235294117647058;0.7142857142857143;-0.6;-0.8235294117647061;-0.4811946902654867;0.0;0.3763440860215054;-0.9607843137254902;-0.02702702702702703;-0.125;-1.69281045751634;0.699;0.6338028169014084;-2.609375;-2.9743589743589745;1.110330992978937;9;-2.0630914826498423;-1.1047345767575323;-0.481806775407779;-0.1935483870967742;-0.8823529411764706;-0.78;-0.6730769230769231;-0.44;-0.07407407407407407;2.857142857142857;1.5;1.5;1.0;0.8;-0.6363636363636364;-0.3333333333333333;0.5;0.3333333333333333;0.4;0.25;0.5;0.375;0.8888888888888888;0.7777777777777778;0.6363636363636364;0.375;-0.4614105123087159;-1.397984886649874;-1.2523342111563323;-0.8896053298009117;-0.5951929158760279;-0.8260869565217391;-0.9444444444444444;-1.2308694842673615;-0.5106382978723404;-1.431486880466472;-0.19230769230769232;1.9999999999999998;1.7622748145531617;1.3333333333333333;2.125;1.9462035541195473;1.5062146892655366;3.0;2.0;1.9066951566951564;0.9370648844333056;2.5;1.0;2.097150259067358;0.4204501358168416;-0.43221374934513046;0.3333333333333333;-0.2142857142857143;0.2222222222222222;0.6666666666666666;0.3889537145079736;-0.43277310924369744;0.2857142857142857;0.3333333333333333;0.48075370121130556;-0.5025510204081634;0.35714285714285715;0.0;0.5;0.2727272727272727;0.5714285714285714;0.6716164616037336;-0.2086134835544248;0.4166666666666667;0.0;0.7202380952380953;-0.15720909693088977;0.7272727272727273;-0.0058309037900874695;-0.5652173913043479;-0.4807692307692307;-0.26276881720430106;-0.5185185185185185;-0.4;0.0;-0.5790393816709606;-0.7272727272727273;-3.0;-2.090909090909091;2.9219995170248736;-1.1666666666666667;0.625;-3.0;2.9797421731123386;-0.4444444444444444;-0.6812869934739717;-0.6666666666666666;-0.5;-0.10769230769230774;0.0;4.275000000000001
-0.7647058823529411;0.5714285714285714;-0.5225806451612903;-0.7647058823529412;-0.4646017699115044;-0.3333333333333333;0.3655913978494624;-0.9019607843137255;-0.05405405405405406;-0.25;-1.3169934640522878;0.809;0.5633802816901408;-2.609375;-2.9743589743589745;1.098294884653962;9;-1.548895899053628;-1.1047345767575323;-0.481806775407779;-0.1935483870967742;-0.9019607843137255;-0.82;-0.6730769230769231;-0.44;-0.07407407407407407;0.7142857142857143;2.5;1.5;1.0;0.8;-0.6363636363636364;-0.3333333333333333;0.16666666666666666;0.5;0.4;0.25;0.5;-0.125;0.3333333333333333;0.7777777777777778;0.6363636363636364;0.375;-0.9008649367930807;-1.316217787250533;-1.2186577288324953;-0.8896053298009117;-0.5951929158760279;-0.8260869565217391;-0.9444444444444444;-1.236082666170173;-0.5106382978723404;-1.4351974556056186;-0.19230769230769232;1.555666666666667;2.2769339456022606;1.1666666666666667;2.125;1.6096930533117932;1.470433145009416;2.6666666666666665;2.0;1.5357905982905984;0.910609857978279;2.25;1.0;0.7291126943005182;0.5950717889018239;-0.3274346585947959;0.22216666666666665;0.0;0.1111111111111111;0.6666666666666666;0.29171528588098017;-0.35126050420168065;0.21428571428571427;0.3333333333333333;0.346164199192463;-0.4283163265306123;0.2857142857142857;0.0;-0.0555;0.18181818181818182;-0.14285714285714285;0.3888417479847263;-0.20188987824822818;0.3333333333333333;0.0;0.3896329365079365;-0.14903952307352614;0.6363636363636364;-0.23615160349854217;-0.5652173913043479;-0.0;-0.3719758064516129;-0.9814814814814815;0.0;0.1875;-0.4006256900993743;-0.2727272727272727;-0.2;1.2727272727272727;1.7935281333011348;-2.6666666666666665;0.5;-0.2;2.3742173112338856;0.0;-0.5566853847321293;-0.3333333333333333;0.16666666666666666;-0.30180032733224227;-0.4;2.4625000000000004
-0.7058823529411765;0.0;-0.47096774193548385;-0.7058823529411765;-0.4452433628318584;0.0;0.34408602150537637;-0.7647058823529411;0.0;0.25;-1.0294117647058825;0.875;0.2535211267605634;-2.609375;-2.9743589743589745;1.090270812437312;9;-1.2018927444794951;-1.1047345767575323;-0.481806775407779;-0.1935483870967742;-0.8431372549019608;-0.84;-0.7115384615384616;-0.44;-0.07407407407407407;0.5714285714285714;0.625;2.5;1.0;0.8;-0.6363636363636364;-0.3333333333333333;0.0;0.16666666666666666;0.6;0.25;0.5;-0.25;-0.1111111111111111;0.2222222222222222;0.6363636363636364;0.375;-0.479707252162342;-1.0726603371439642;-1.1183465006783178;-0.8311645303307749;-0.025300442757748284;-0.8260869565217391;-0.8148148148148148;-0.7870042822565628;-0.5106382978723404;-1.1155579114762786;-0.19230769230769232;0.44449999999999995;0.045566937477922995;0.5;0.25;1.2785137318255249;1.6497175141242932;1.3333333333333333;2.0;1.1707621082621082;1.0431634642160958;1.25;1.0;0.33452072538860117;0.7127473806752038;-0.2568251935502648;0.055499999999999994;-0.38595779220779225;0.1111111111111111;0.0;0.23337222870478413;-0.34761904761904755;0.21428571428571427;0.3333333333333333;0.26541049798115746;-0.42500000000000004;0.2857142857142857;0.0;-0.111;0.18181818181818182;-0.2857142857142857;0.3888417479847263;-0.31255678720697805;0.3333333333333333;0.0;0.3896329365079365;-0.28350629277986317;0.6363636363636364;-0.6734693877551017;-0.04347826086956526;0.4615384615384615;-0.39112903225806456;-0.537037037037037;0.4;0.1875;-0.2760397497239602;0.45454545454545453;-0.8;-0.2727272727272727;0.7746921033566772;-0.8333333333333334;0.0;-0.8;0.047513812154696126;0.4444444444444444;-0.009713158294126582;0.0;0.16666666666666666;-0.47463175122749596;0.0;1.6500000000000001
-0.6470588235294118;0.0;-0.41935483870967744;-0.6470588235294118;-0.42367256637168144;0.0;0.34408602150537637;-0.7254901960784313;0.02702702702702703;0.125;-0.8169934640522878;0.937;0.21126760563380279;-2.609375;-2.9743589743589745;1.082246740220662;9;-0.9936908517350158;-1.1047345767575323;-0.481806775407779;-0.1935483870967742;-0.7058823529411765;-0.78;-0.7307692307692307;-0.44;-0.07407407407407407;0.0;0.5;0.625;1.0;0.8;-0.6363636363636364;-0.3333333333333333;0.0;0.0;0.2;0.25;0.5;0.25;-0.2222222222222222;-0.2222222222222222;0.6363636363636364;0.375;-0.10246174318030601;-0.7849254020538656;-0.9998403958183705;-0.7532434643705925;-0.08950031625553445;-0.7608695652173914;-0.7777777777777778;-0.5926270713088808;-0.5106382978723404;-0.9772064670023852;-0.19230769230769232;0.16666666666666666;-0.07347227128223234;0.5;0.125;1.0576736672051696;1.6199623352165724;1.3333333333333333;2.0;0.9273504273504274;1.0211640211640212;1.25;1.0;0.0;0.8312960807140088;-0.18569183305198192;0.055499999999999994;-0.38595779220779225;0.1111111111111111;0.0;0.2269544924154026;-0.38543417366946775;0.21428571428571427;0.3333333333333333;0.2565275908479139;-0.4594387755102041;0.2857142857142857;0.0;0.0;0.18181818181818182;-0.2857142857142857;0.3534153585065761;-0.38379065964019626;0.3333333333333333;0.0;0.3482142857142857;-0.37005961580922947;0.6363636363636364;-0.440233236151603;-0.04347826086956526;-0.0;-0.39112903225806456;-0.0925925925925926;-0.1;-0.375;-0.4006256900993743;0.36363636363636365;0.0;0.36363636363636365;-0.5025356194156002;-0.6666666666666666;0.0;0.0;-0.07661141804788203;-0.1111111111111111;-0.07133100622249199;0.3333333333333333;0.16666666666666666;-0.47463175122749596;0.4;1.2625000000000002
-0.5882352941176471;1.2857142857142858;-0.3096774193548387;-0.6787330316742082;-0.40154867256637167;0.0;0.3763440860215054;-0.6470588235294118;0.13513513513513514;0.25;-0.6535947712418305;0.984;0.16901408450704228;-0.5;-0.3076923076923077;1.065195586760281;9;-0.7981072555205045;-1.1047345767575323;-0.481806775407779;-0.1935483870967742;-0.6666666666666666;-0.64;-0.6730769230769231;-0.44;-0.07407407407407407;0.0;0.0;0.5;1.0;0.8;-0.6363636363636364;-0.3333333333333333;0.16666666666666666;0.0;0.0;0.25;0.5;0.125;0.2222222222222222;-0.3333333333333333;0.6363636363636364;0.375;-0.10246174318030601;-0.4878899438093394;-0.8775037905993138;-0.668815989402735;-0.35373181530676784;-0.6086956521739131;-0.7037037037037037;-0.36324706758517955;-0.5106382978723404;-0.8139411608799363;-0.19230769230769232;0.44449999999999995;0.9463087248322147;0.5;0.75;1.1077544426494348;1.3815442561205271;1.3333333333333333;2.0;0.9825498575498577;0.8448900027847396;1.25;1.0;0.7718588082901553;1.1407644547923943;0.0;0.11116666666666668;-0.38595779220779225;0.1111111111111111;0.0;0.2222870478413069;-0.4134453781512605;0.21428571428571427;0.3333333333333333;0.2500672947510094;-0.4849489795918368;0.2857142857142857;0.0;0.22233333333333336;0.45454545454545453;-0.2857142857142857;0.35850657615613063;-0.43976013083772486;0.3333333333333333;0.0;0.35416666666666663;-0.4380657981894458;0.6363636363636364;-0.4518950437317779;-0.04347826086956526;0.0;-0.8568548387096775;-0.0925925925925926;0.1;0.0625;-0.4124953993375046;0.09090909090909091;1.8;0.8181818181818182;0.602511470659261;1.5;1.125;1.8;0.9867403314917126;0.1111111111111111;-0.324935498558203;0.0;-0.16666666666666666;-0.6130932896890344;0.4;0.9458333333333333
-0.5294117647058824;-0.5714285714285714;-0.2838709677419355;-0.5294117647058825;-0.37389380530973454;0.3333333333333333;0.3548387096774194;-0.6078431372549019;0.08108108108108109;0.0;-0.5261437908496732;1.03;0.26760563380281693;-0.515625;-0.36752136752136755;1.0611835506519558;9;-0.6498422712933754;-1.1047345767575323;-0.481806775407779;-0.1935483870967742;-0.5882352941176471;-0.6;-0.5384615384615384;-0.44;-0.07407407407407407;1.2857142857142858;0.0;0.0;1.0;0.8;-0.6363636363636364;-0.3333333333333333;0.16666666666666666;0.16666666666666666;0.0;0.25;0.5;0.25;0.1111111111111111;0.1111111111111111;0.6363636363636364;0.375;-0.10246174318030601;-0.38190273202867664;-0.755167185380257;-0.6168815989402735;-0.35373181530676784;-0.5652173913043478;-0.6666666666666666;-0.15620927201638418;-0.5106382978723404;-0.7011661807580174;-0.19230769230769232;0.22233333333333327;1.4627340162486755;-0.16666666666666666;0.75;0.7384491114701129;1.6482109227871935;0.0;2.0;0.7345085470085471;0.9974937343358397;0.25;1.0;0.510038860103627;0.5868257663950333;0.10192677105768677;0.3333333333333333;0.08279220779220778;0.2222222222222222;1.0;0.2779074290159471;-0.28935574229691874;0.21428571428571427;0.6666666666666666;0.346164199192463;-0.3969387755102042;0.2857142857142857;0.25;0.11116666666666668;0.36363636363636365;-0.2857142857142857;0.1160373355960967;-0.7010721424677449;0.3333333333333333;-0.625;0.29662698412698413;-0.4753808787811879;0.6363636363636364;-0.26530612244897955;-0.04347826086956526;-0.0;-0.8568548387096775;-0.0925925925925926;-0.1;-0.1875;-0.5378174457121825;0.09090909090909091;-2.6;-2.0;1.6655397247041779;-0.6666666666666666;-0.5;-2.6;1.5252302025782687;-0.1111111111111111;-0.324935498558203;1.0;0.5;-0.30180032733224227;0.8;0.7333333333333335
-0.47058823529411764;-0.5714285714285714;-0.25806451612903225;-0.47058823529411775;-0.34513274336283184;-0.3333333333333333;0.3333333333333333;-0.5490196078431373;0.05405405405405406;-0.125;-0.42483660130718987;1.061;0.26760563380281693;-0.46875;-0.36752136752136755;1.057171514543631;9;-0.504731861198738;-0.7905308464849353;-0.481806775407779;-0.1935483870967742;-0.5490196078431373;-0.52;-0.5;-0.48;-0.07407407407407407;-0.5714285714285714;1.125;0.0;1.8;0.8;-0.42424242424242425;-0.3333333333333333;0.6666666666666666;0.16666666666666666;0.2;0.5;0.5;0.0;0.2222222222222222;0.0;0.18181818181818182;0.375;-0.479707252162342;-0.317961635341988;-0.6696193440268137;-0.5584407994701367;-0.4388045540796964;-0.4782608695652174;-0.6111111111111112;-0.07372928691118953;-0.5106382978723404;-0.5862708719851577;-0.19230769230769232;0.0;1.7622748145531617;-0.16666666666666666;0.75;0.18465266558966084;0.49679849340866267;0.0;0.42857142857142855;0.5416666666666666;1.0526315789473686;0.25;1.0;-0.6476683937823834;0.3448777648428405;0.16718086035275626;0.16666666666666666;0.5974025974025974;-0.1111111111111111;1.0;0.13885647607934656;-0.20896358543417365;0.07142857142857142;0.6666666666666666;0.2414535666218035;-0.3076530612244898;0.14285714285714285;0.25;0.0;0.2727272727272727;-0.2857142857142857;-0.0050912176495545225;-0.7419589314919135;0.3333333333333333;-0.75;0.2242063492063492;-0.4903952307352617;0.6363636363636364;-0.37609329446064144;-0.5652173913043479;-0.4615384615384615;-0.39112903225806456;-0.537037037037037;0.0;0.0;-0.5520794994479205;0.0;0.0;1.1818181818181819;1.6655397247041779;-2.1666666666666665;-0.5;0.0;1.8375690607734807;0.0;-0.4065867354682045;-2.0;-1.5;0.6981996726677577;-0.4;0.5458333333333334
-0.4117647058823529;-1.0;-0.25161290322580643;-0.41176470588235303;-0.31194690265486724;0.3333333333333333;0.3010752688172043;-0.47058823529411764;0.02702702702702703;-0.125;-0.32679738562091526;1.093;0.295774647887324;-0.4140625;-0.3504273504273504;1.0561685055165497;9;-0.40694006309148273;-0.5566714490674318;-0.481806775407779;-0.1935483870967742;-0.49019607843137253;-0.48;-0.4230769230769231;-0.5;-0.07407407407407407;-0.5714285714285714;-0.5;1.125;0.3;0.8;-0.32575757575757575;-0.3333333333333333;-0.3333333333333333;0.6666666666666666;0.2;0.0;0.5;-0.125;0.0;0.1111111111111111;-0.18181818181818182;0.375;-0.03725881570192922;-0.17496609184266626;-0.537786290000798;-0.5;-0.28146742567994937;-0.43478260869565216;-0.5370370370370371;-0.14727238875442178;-0.44680851063829785;-0.4479194275112643;-0.19230769230769232;-0.8888333333333334;-0.2772871776757329;-0.6666666666666666;-0.875;-0.09240710823909518;0.7273069679849339;-1.0;0.42857142857142855;0.3338675213675214;1.1665274296853245;-0.5;1.0;-0.8669041450777202;0.04346138921226236;0.19343384364631236;0.22216666666666665;0.619724025974026;-0.1111111111111111;1.0;0.16666666666666669;-0.19075630252100834;0.07142857142857142;0.6666666666666666;0.26541049798115746;-0.327295918367347;0.14285714285714285;0.25;-0.16666666666666666;0.2727272727272727;-0.5714285714285714;-0.0050912176495545225;-0.7419589314919135;0.3333333333333333;-0.75;0.1664186507936508;-0.5073967763303158;0.6363636363636364;-0.2303206997084547;0.47826086956521746;0.923076923076923;-0.05040322580645159;-0.0925925925925926;0.1;0.0;-0.5520794994479205;0.18181818181818182;-0.6;-0.2727272727272727;0.6384931176044434;-0.5;-0.875;-0.6;-0.28913443830570895;0.1111111111111111;-0.25557747761420546;1.3333333333333333;1.6666666666666667;1.0009819967266775;-0.2;0.4291666666666666
-0.35294117647058826;-0.7142857142857143;-0.23225806451612904;-0.35294117647058837;-0.2771017699115044;0.0;0.3010752688172043;-0.39215686274509803;-0.02702702702702703;-0.125;-0.2614379084967322;1.118;0.36619718309859156;-0.3515625;-0.3162393162393162;1.053159478435306;9;-0.305993690851735;-0.39885222381635566;-0.481806775407779;-0.1935483870967742;-0.4117647058823529;-0.42;-0.38461538461538464;-0.44;-0.07407407407407407;-1.0;-0.5;-0.5;0.2;0.8;-0.23484848484848486;-0.3333333333333333;0.3333333333333333;-0.3333333333333333;0.8;-0.25;0.5;-0.125;-0.1111111111111111;-0.1111111111111111;-0.2727272727272727;0.375;0.3100465735196276;-0.1381515210230574;-0.4109807676961138;-0.42856586278100284;-0.2043010752688172;-0.3695652173913043;-0.46296296296296297;-0.24483336436417788;-0.2978723404255319;-0.296448449509674;-0.19230769230769232;-0.9443333333333334;-0.3493465206640763;-0.6666666666666666;-0.875;-0.2999999999999999;0.6821092278719395;-1.0;0.42857142857142855;0.1962250712250713;1.1604010025062657;-0.5;1.0;-0.9582253886010362;-0.2359332557237096;0.2110716572559521;0.0;0.19155844155844154;-0.1111111111111111;0.3333333333333333;0.16666666666666669;-0.19075630252100834;0.07142857142857142;0.6666666666666666;0.2360699865410498;-0.33928571428571436;0.14285714285714285;0.25;-0.22216666666666665;0.2727272727272727;-0.7142857142857143;0.025243954179041145;-0.7772124295838634;0.4166666666666667;-0.75;0.11904761904761905;-0.5248399205122544;0.6363636363636364;-0.256559766763848;-0.04347826086956526;-0.4615384615384615;-0.05040322580645159;0.35185185185185197;0.1;-0.0625;-0.5910011041589989;0.2727272727272727;0.4;0.45454545454545453;-0.397488529340739;-0.16666666666666666;-0.625;0.4;-0.36427255985267026;0.1111111111111111;-0.1815146456214903;-0.6666666666666666;-1.0;0.8454991816693944;0.6;0.3125000000000003
-0.29411764705882354;-0.7142857142857143;-0.2129032258064516;-0.2941176470588236;-0.23783185840707965;0.3333333333333333;0.27956989247311825;-0.3137254901960784;-0.08108108108108109;-0.25;-0.19607843137254916;1.144;0.45070422535211263;-0.2890625;-0.27350427350427353;1.0501504513540623;9;-0.2271293375394317;-0.3041606886657101;-0.481806775407779;-0.1935483870967742;-0.3333333333333333;-0.34;-0.3269230769230769;-0.3;-0.07407407407407407;-0.7142857142857143;-0.875;-0.5;-0.2;0.8;-0.17424242424242425;-0.3333333333333333;0.0;0.3333333333333333;-0.4;-0.25;0.5;-0.125;-0.1111111111111111;-0.2222222222222222;0.09090909090909091;0.375;0.2924151696606789;0.0071691532648713065;-0.2596760035112921;-0.3506447968208205;-0.2043010752688172;-0.2826086956521739;-0.3888888888888889;-0.13032954757028473;-0.2553191489361702;-0.13768884177047436;-0.19230769230769232;-1.0;-0.48110208406923344;-0.6666666666666666;-1.0;-0.415508885298869;0.7156308851224105;-1.0;0.42857142857142855;0.08155270655270659;1.138401559454191;-0.5;1.0;-0.8095854922279793;-0.5780946837407837;0.22457651784155075;0.22216666666666665;-0.15137987012987014;0.1111111111111111;0.3333333333333333;0.2222870478413069;-0.19075630252100834;0.07142857142857142;0.6666666666666666;0.2565275908479139;-0.35306122448979593;0.14285714285714285;0.25;-0.2776666666666667;0.18181818181818182;-0.7142857142857143;-0.09609673313534152;-0.7772124295838634;0.3333333333333333;-0.75;0.05902777777777779;-0.5259439169794657;0.6363636363636364;-0.14868804664723015;0.45652173913043476;0.44230769230769224;-0.40053763440860213;0.3333333333333335;0.1;-0.0625;-0.6440927493559072;0.2727272727272727;0.0;-0.18181818181818182;-0.397488529340739;0.3333333333333333;-0.625;0.0;-0.5016574585635358;0.1111111111111111;-0.1815146456214903;0.6666666666666666;0.6666666666666666;0.19803600654664483;0.2;0.2250000000000002
-0.23529411764705882;-0.5714285714285714;-0.1870967741935484;-0.22624434389140283;-0.19469026548672566;0.3333333333333333;0.23655913978494625;-0.3137254901960784;-0.24324324324324326;-0.5;-0.14052287581699394;1.174;0.6338028169014084;-0.2265625;-0.2564102564102564;1.0461384152457371;9;-0.14511041009463738;-0.21520803443328537;-0.481806775407779;-0.1935483870967742;-0.2549019607843137;-0.26;-0.25;-0.26;-0.07407407407407407;-0.7142857142857143;-0.625;-0.875;-0.2;0.8;-0.11363636363636363;-0.3333333333333333;0.3333333333333333;0.0;0.4;0.0;0.5;-0.25;-0.1111111111111111;-0.2222222222222222;0.0;0.375;0.3080505655355956;0.11490021313698896;-0.11898491740483626;-0.29869092609186887;-0.47169512966476906;-0.1956521739130435;-0.3888888888888889;-0.2210016756656115;-0.1702127659574468;-0.04426186058839114;-0.19230769230769232;-0.8333333333333334;-0.6852702225362063;-0.3333333333333333;-0.875;-0.5077544426494345;0.6888888888888889;-1.0;0.42857142857142855;-0.0017806267806267427;1.090504037872459;-0.5;1.0;-0.7266839378238341;-0.9863213038416762;0.2413993829675768;0.22216666666666665;-0.15137987012987014;0.1111111111111111;0.3333333333333333;0.250097238428627;-0.18347338935574228;0.07142857142857142;0.6666666666666666;0.27375504710632576;-0.3658163265306123;0.14285714285714285;0.25;-0.4443333333333334;0.0;-0.7142857142857143;-0.24756045820958844;-0.6961657277848446;0.16666666666666666;-0.75;-0.030009920634920632;-0.4879664385073968;0.45454545454545453;0.12536443148688092;-0.021739130434782532;-0.4230769230769231;-0.4200268817204301;0.35185185185185197;-0.3;-0.3125;-0.4316341553183658;-0.09090909090909091;0.2;0.09090909090909091;-0.7638251630041053;0.16666666666666666;-0.5;0.2;-0.714548802946593;-0.3333333333333333;-0.43815449992411587;0.0;-0.3333333333333333;-0.1472995090016367;0.6;0.1416666666666668
-0.17647058823529413;-0.42857142857142855;-0.15483870967741936;-0.17647058823529418;-0.14823008849557523;-0.3333333333333333;0.16129032258064516;-0.13725490196078433;-0.24324324324324326;0.0;-0.06862745098039257;1.183;0.45070422535211263;-0.1640625;-0.15384615384615385;1.041123370110331;9;-0.05047318611987387;-0.14777618364418935;-0.481806775407779;-0.1935483870967742;-0.2549019607843137;-0.18;-0.17307692307692307;-0.18;-0.07407407407407407;-0.5714285714285714;-0.625;-0.625;0.7;0.8;0.015151515151515152;-0.3333333333333333;0.3333333333333333;0.3333333333333333;0.0;0.0;0.5;-0.5;-0.2222222222222222;-0.2222222222222222;0.09090909090909091;0.375;-0.4614105123087159;0.083704708389847;-0.010134865533477172;-0.21428293139050142;-0.01518026565464897;-0.10869565217391304;-0.2222222222222222;0.00763358778625961;-0.1276595744680851;0.1551815531407367;-0.19230769230769232;-0.7221666666666667;-0.5358530554574356;-0.3333333333333333;-0.75;-0.7846526655896606;-0.8418079096045198;-1.0;-1.2857142857142858;-0.06036324786324794;1.0297967140072406;-0.5;1.0;-0.565252590673575;-0.9447031431897555;0.26642994353571225;0.22216666666666665;-0.15137987012987014;0.1111111111111111;0.3333333333333333;0.2222870478413069;-0.16610644257703078;0.07142857142857142;0.6666666666666666;0.2500672947510094;-0.37193877551020416;0.14285714285714285;0.25;-0.38883333333333336;0.0;-0.5714285714285714;-0.3082308018667798;-0.7772124295838634;0.16666666666666666;-1.0;-0.03546626984126985;-0.5137999558401413;0.45454545454545453;-0.37609329446064144;-0.5652173913043479;-0.4807692307692307;-0.06653225806451613;-0.5185185185185185;0.6;0.5;-0.22920500552079495;0.36363636363636365;0.2;0.0;-0.8659744023182807;0.3333333333333333;-0.375;0.2;-0.5587476979742172;0.6666666666666666;0.0;-0.6666666666666666;-0.3333333333333333;-0.1472995090016367;-0.2;0.050000000000000044
-0.11764705882352941;-0.2857142857142857;-0.11612903225806452;-0.11764705882352952;-0.10176991150442478;0.0;0.16129032258064516;0.0392156862745098;-0.10810810810810811;0.625;-0.032679738562091526;1.185;0.32394366197183094;-0.109375;-0.008547008547008548;1.0351053159478436;9;-0.022082018927444467;-0.0817790530846484;-0.481806775407779;-0.1935483870967742;-0.0784313725490196;-0.18;-0.09615384615384616;-0.14;-0.07407407407407407;-0.42857142857142855;-0.5;-0.625;-0.6;0.8;0.045454545454545456;-0.3333333333333333;0.0;0.3333333333333333;0.4;0.75;0.5;0.0;-0.4444444444444444;-0.3333333333333333;-0.09090909090909091;0.375;-0.03725881570192922;0.1542336756442549;0.0430133269491659;-0.09740133245022792;0.586337760910816;-0.10869565217391304;-0.05555555555555555;0.3889406069633216;-0.06382978723404255;0.4157169361250994;-0.19230769230769232;-0.5555;-0.5358530554574356;-0.16666666666666666;-0.625;-0.7386106623586428;-0.7167608286252354;-1.0;-1.1428571428571428;-0.238425925925926;0.862155388471178;-0.5;1.0;-0.40349740932642486;-0.824602250679084;-0.07602305139996492;0.16666666666666666;-0.2142857142857143;0.1111111111111111;0.3333333333333333;0.13885647607934656;-0.29383753501400556;0.07142857142857142;0.0;0.2306864064602961;-0.3770408163265307;0.14285714285714285;0.25;0.0;0.0;0.14285714285714285;-0.15655494272380144;-0.5264401235689624;0.16666666666666666;-0.375;-0.08878968253968253;-0.637005961580923;0.45454545454545453;-0.5451895043731774;0.47826086956521746;0.923076923076923;-0.05006720430107529;-0.0925925925925926;0.6;-0.0625;-0.1659919028340081;1.1818181818181819;0.2;0.0;-1.0053127263945907;0.3333333333333333;-0.25;0.2;-0.5587476979742172;0.6666666666666666;0.5773258461071483;0.3333333333333333;0.5;-0.30180032733224227;0.0;0.020833333333333353
-0.058823529411764705;-0.2857142857142857;-0.07741935483870968;-0.0542986425339367;-0.05254424778761062;0.0;0.1827956989247312;-0.0196078431372549;-0.10810810810810811;-0.125;0.0;1.202;0.4225352112676056;-0.0546875;0.05982905982905983;1.0290872617853561;9;-0.015772870662460234;-0.03730272596843619;-0.20702634880802998;-0.08817204301075272;0.09803921568627451;0.0;-0.09615384615384616;-0.08;-0.14814814814814814;-0.2857142857142857;-0.375;-0.5;-0.6;1.6;0.07575757575757576;-0.041666666666666664;0.16666666666666666;0.0;0.4;-0.75;1.0;0.625;0.0;-0.5555555555555556;-0.18181818181818182;-0.25;0.6959414504324687;0.15578376283665962;0.12273561567313065;0.0;-0.11211258697027192;0.08695652173913043;-0.05555555555555555;0.3174455408676224;0.02127659574468085;0.4713755632122979;-0.19230769230769232;-0.4443333333333334;-0.6852702225362063;0.0;-0.625;-0.6924071082390952;-0.6331450094161958;-1.0;-1.1428571428571428;-0.5183404558404558;0.09913673071567805;-0.5;0.08333333333333333;-0.3238341968911917;-0.6588086922778423;-0.24500844053786594;0.16666666666666666;-0.2142857142857143;0.1111111111111111;0.3333333333333333;0.250097238428627;-0.4464985994397758;0.21428571428571427;0.0;0.21157469717362049;-0.3969387755102042;0.14285714285714285;0.25;0.16666666666666666;0.2727272727272727;0.14285714285714285;-0.15655494272380144;-0.5264401235689624;0.16666666666666666;-0.375;-0.15947420634920637;-0.6692426584234931;0.45454545454545453;-0.07580174927113645;0.47826086956521746;-0.0;0.07426075268817209;0.7962962962962965;-0.6;-0.8125;-0.006624953993375052;0.09090909090909091;0.0;-0.09090909090909091;-0.8659744023182807;0.16666666666666666;-0.25;0.0;-0.714548802946593;-0.6666666666666666;-0.09303384428593102;0.3333333333333333;0.0;-0.235024549918167;0.6;0.016666666666666684
0.0;-0.42857142857142855;-0.04516129032258064;0.0;0.0;0.0;0.1935483870967742;0.09803921568627451;-0.05405405405405406;0.25;0.032679738562091526;1.213;0.43661971830985913;0.0;0.15384615384615385;1.0240722166499499;9;0.037854889589905405;0.008608321377331427;-0.0025094102885821847;-0.036559139784946224;0.0392156862745098;0.18;0.07692307692307693;0.0;-0.18518518518518517;-0.2857142857142857;-0.25;-0.375;-0.9;0.1;0.08333333333333333;0.09375;0.3333333333333333;0.16666666666666666;0.0;0.25;0.0;-0.125;0.5555555555555556;-0.1111111111111111;-0.18181818181818182;-0.75;0.3100465735196276;0.19317961635341988;0.17620301651903267;0.07792106596018233;-0.36242884250474383;0.21739130434782608;0.0;0.3304784956246509;0.10638297872340426;0.49602438377948577;-0.07692307692307693;-0.4443333333333334;-0.6852702225362063;0.0;-0.625;-0.6001615508885298;-0.8418079096045198;-0.3333333333333333;-1.1428571428571428;-0.6200142450142451;-0.0030632135895294127;-0.5;0.08333333333333333;-0.40349740932642486;-0.558789289871944;-0.3738285115548053;0.22216666666666665;-0.38595779220779225;0.2222222222222222;0.3333333333333333;0.2222870478413069;-0.46078431372549017;0.21428571428571427;0.0;0.21157469717362049;-0.3969387755102042;0.14285714285714285;0.25;0.2778333333333333;0.2727272727272727;0.14285714285714285;-0.06576156130674586;-0.499000545157187;0.16666666666666666;-0.375;-0.10639880952380952;-0.6553323029366306;0.45454545454545453;-0.20991253644314825;-0.04347826086956526;-0.4615384615384615;-0.39112903225806456;0.35185185185185197;0.3;0.5;-0.06947000368052998;-0.18181818181818182;-0.2;-0.09090909090909091;-0.7638251630041053;-0.16666666666666666;-0.375;-0.2;-0.714548802946593;0.3333333333333333;-0.333282743967218;-0.3333333333333333;-0.3333333333333333;-0.42389525368248776;0.2;-0.03333333333333337
0.058823529411764705;-0.42857142857142855;-0.012903225806451613;0.058823529411764656;0.05530973451327434;0.0;0.22580645161290322;0.11764705882352941;-0.05405405405405406;0.0;0.06535947712418305;1.229;0.5211267605633803;0.0703125;0.2222222222222222;1.0190571715145436;9;0.07255520504731904;0.044476327116212536;0.13550815558343798;0.0150537634408602;0.1568627450980392;0.12;0.25;0.08;-0.07407407407407407;-0.42857142857142855;-0.25;-0.25;-0.7;0.0;0.10606060606060606;0.21875;0.16666666666666666;0.3333333333333333;0.2;-0.25;-0.5;0.25;-0.1111111111111111;0.4444444444444444;-0.18181818181818182;-0.875;0.3100465735196276;0.26932764968029466;0.2245630835527891;0.10388826119141306;-0.23814041745730546;0.21739130434782608;0.018518518518518517;0.22267734127722982;0.19148936170212766;0.46037635833554197;0.19230769230769232;-0.5;-0.6852702225362063;0.0;-0.625;-0.553957996768982;-0.9182674199623352;-0.3333333333333333;-1.1428571428571428;-0.7090455840455842;-0.10192147034252301;-0.5;0.08333333333333333;-0.48575129533678757;-0.49553744664338367;-0.458932417486466;0.2778333333333333;-0.38595779220779225;0.2222222222222222;0.3333333333333333;0.2779074290159471;-0.49243697478991594;0.21428571428571427;0.0;0.2500672947510094;-0.39897959183673476;0.14285714285714285;0.25;0.0;0.2727272727272727;-0.2857142857142857;-0.03542638947815019;-0.5033618026530983;0.16666666666666666;-0.375;-0.0709325396825397;-0.671671450651358;0.45454545454545453;0.020408163265306464;0.47826086956521746;0.4615384615384615;-0.39112903225806456;0.35185185185185197;-0.2;-0.375;-0.22920500552079495;0.18181818181818182;0.0;0.09090909090909091;-0.8659744023182807;-0.16666666666666666;-0.375;0.0;-0.714548802946593;-0.2222222222222222;-0.21399301866747603;0.3333333333333333;0.3333333333333333;-0.42389525368248776;0.2;-0.06666666666666674
0.11764705882352941;-0.42857142857142855;0.01935483870967742;0.11764705882352931;0.11393805309734513;0.3333333333333333;0.24731182795698925;0.21568627450980393;-0.02702702702702703;0.25;0.09803921568627386;1.241;0.5492957746478874;0.34375;0.3076923076923077;1.0140421263791375;9;0.12302839116719291;0.0817790530846484;0.21831869510664995;0.11827956989247312;0.17647058823529413;0.24;0.19230769230769232;0.16;0.18518518518518517;-0.42857142857142855;-0.375;-0.25;-0.7;-0.4;0.12878787878787878;0.3020833333333333;0.3333333333333333;0.16666666666666666;0.4;0.25;-0.5;0.0;0.2222222222222222;-0.2222222222222222;-0.2727272727272727;-0.375;0.3100465735196276;0.3667893819027322;0.26127204532758735;0.1818093271515954;-0.3284313725490196;0.34782608695652173;0.1111111111111111;0.17054552224911568;0.19148936170212766;0.5014577259475219;0.2692307692307692;-0.5555;-0.8890851289297068;0.0;-0.75;-0.5077544426494345;-1.0610169491525423;0.0;-1.1428571428571428;-0.7471509971509972;-0.11862990810359236;-0.5;0.08333333333333333;-0.48575129533678757;-0.48117966627861847;-0.5298329355608592;0.3333333333333333;-0.2142857142857143;0.2222222222222222;0.6666666666666666;0.3055231427460132;-0.43949579831932767;0.21428571428571427;0.3333333333333333;0.30767160161507406;-0.38852040816326533;0.14285714285714285;0.25;0.16666666666666666;0.36363636363636365;-0.2857142857142857;0.08570216376750103;-0.5155369798291841;0.16666666666666666;-0.375;-0.0709325396825397;-0.671671450651358;0.45454545454545453;-0.05830903790087404;-0.04347826086956526;-0.4615384615384615;-0.39112903225806456;0.35185185185185197;0.2;0.1875;-0.4006256900993743;0.09090909090909091;0.0;0.0;-0.8659744023182807;0.0;-0.375;0.0;-0.9270718232044197;0.2222222222222222;-0.3006526028228866;0.3333333333333333;0.0;-0.42389525368248776;0.6;-0.10833333333333343
0.17647058823529413;-0.42857142857142855;0.05161290322580645;0.17647058823529396;0.17699115044247787;0.0;0.25806451612903225;0.3333333333333333;0.6756756756756757;0.625;0.14052287581699321;1.25;0.49295774647887325;0.3828125;0.41025641025641024;1.0090270812437312;9;0.16088328075709832;0.12482065997130554;0.29611041405269767;0.22150537634408596;0.27450980392156865;0.26;0.3076923076923077;0.16;0.25925925925925924;-0.42857142857142855;-0.375;-0.375;-0.6;-0.4;0.1590909090909091;0.3854166666666667;0.5;0.3333333333333333;0.2;0.25;0.0;0.25;0.0;0.1111111111111111;-0.45454545454545453;-0.5;0.32767797737857635;0.5082348382096492;0.31162716463171314;0.2597303931117777;0.03415559772296018;0.3695652173913043;0.2222222222222222;-0.05436603984360434;0.3829787234042553;0.5544659422210441;0.4230769230769231;-0.5555;-0.8890851289297068;0.0;-0.75;-0.4846526655896607;-1.1370998116760829;0.3333333333333333;-1.1428571428571428;-0.7854344729344729;-0.13923698134224452;-0.5;0.08333333333333333;-0.48575129533678757;-0.5033954210322078;-0.581291111240468;0.38883333333333336;-0.38595779220779225;0.3333333333333333;0.6666666666666666;0.3055231427460132;-0.43949579831932767;0.21428571428571427;0.3333333333333333;0.3270524899057874;-0.3869897959183674;0.14285714285714285;0.25;0.3333333333333333;0.36363636363636365;0.14285714285714285;0.35850657615613063;-0.5900417953843358;0.4166666666666667;-0.375;0.0;-0.5935085007727976;0.45454545454545453;-0.09037900874635545;0.5;0.4807692307692307;-0.3813844086021505;0.3703703703703704;0.3;0.0;-0.4006256900993743;0.5454545454545454;0.0;0.0;-1.0053127263945907;0.0;-0.375;0.0;-0.9270718232044197;0.3333333333333333;0.04735164668386709;-0.3333333333333333;-0.3333333333333333;-0.42389525368248776;0.2;-0.14166666666666633
0.23529411764705882;-0.42857142857142855;0.08387096774193549;0.23529411764705885;0.24668141592920353;0.0;0.1935483870967742;0.29411764705882354;0.16216216216216217;0.125;0.21241830065359457;1.265;0.39436619718309857;0.4140625;0.47863247863247865;1.004012036108325;9;0.18927444794952702;0.13773314203730283;0.3550815558343789;0.32473118279569896;0.39215686274509803;0.36;0.3269230769230769;0.34;0.4074074074074074;-0.42857142857142855;-0.375;-0.375;-0.5;0.5;0.19696969696969696;0.5625;0.3333333333333333;0.5;0.4;-0.25;0.0;0.625;0.2222222222222222;-0.1111111111111111;-0.09090909090909091;-0.375;0.32767797737857635;0.403022670025189;0.3469794908626605;0.31817119258191445;-0.35373181530676784;0.4782608695652174;0.2222222222222222;-0.2690374231986593;0.5106382978723404;0.5225284919162468;0.5;-0.5555;-0.8890851289297068;0.0;-0.75;-0.4846526655896607;-1.1370998116760829;0.3333333333333333;-1.1428571428571428;-0.938034188034188;-0.7811194653299917;-0.5;-0.8333333333333334;-0.48575129533678757;-0.5414241365929373;-0.5340823097968448;0.3333333333333333;-0.2142857142857143;0.2222222222222222;0.6666666666666666;0.33333333333333337;-0.5011204481792716;0.2857142857142857;0.3333333333333333;0.3270524899057874;-0.3869897959183674;0.14285714285714285;0.25;0.38899999999999996;0.45454545454545453;0.14285714285714285;0.3888417479847263;-0.6083954206796293;0.4166666666666667;-0.375;-0.01785714285714286;-0.6010156767498344;0.45454545454545453;0.17492711370262407;-0.04347826086956526;-0.4807692307692307;-0.3719758064516129;0.3703703703703704;-0.5;-0.5625;-0.243006993006993;-0.09090909090909091;0.0;0.0;-1.0053127263945907;0.0;-0.375;0.0;-0.9270718232044197;-0.5555555555555556;-0.324935498558203;-0.3333333333333333;0.0;-0.42389525368248776;-0.2;-0.16666666666666635
0.29411764705882354;-0.14285714285714285;0.12903225806451613;0.2941176470588235;0.3213495575221239;0.0;0.08602150537634409;0.3137254901960784;0.16216216216216217;0.0;-0.30065359477124204;1.281;2.830985915492957;0.4453125;0.5299145299145299;0.9969909729187563;9;0.2365930599369084;0.1406025824964133;0.4127979924717691;0.4279569892473118;0.35294117647058826;0.48;0.4230769230769231;0.52;0.48148148148148145;-0.42857142857142855;-0.375;-0.375;-0.4;-0.8;0.24242424242424243;0.6041666666666666;0.16666666666666666;0.3333333333333333;0.6;0.0;1.5;0.125;0.5555555555555556;0.1111111111111111;0.36363636363636365;-0.625;-0.10246174318030601;0.2980042627397792;0.3680472428377622;0.3506447968208205;-0.6786843769765971;0.5652173913043478;0.2222222222222222;-0.2597281698007819;0.5106382978723404;0.43334216803604547;0.6153846153846154;-0.4443333333333334;-0.48110208406923344;0.0;-0.5;-0.4615508885298868;-1.024482109227872;0.3333333333333333;-1.0;-0.899928774928775;-0.7340573656363131;-0.5;-0.75;-0.3193005181347151;-0.5178502134264649;-0.4718551720123405;0.16666666666666666;-0.2142857142857143;0.1111111111111111;0.3333333333333333;0.3055231427460132;-0.43949579831932767;0.21428571428571427;0.3333333333333333;0.2500672947510094;-0.42806122448979594;0.14285714285714285;0.0;0.2778333333333333;0.36363636363636365;0.14285714285714285;0.2373780229104794;-0.6689078684353988;0.4166666666666667;-0.375;-0.01785714285714286;-0.6010156767498344;0.45454545454545453;0.29154518950437347;-0.04347826086956526;0.0;-0.3719758064516129;-0.0925925925925926;-0.2;0.125;-0.2722672064777327;-0.5454545454545454;0.4;0.18181818181818182;-0.72639459067858;0.3333333333333333;-0.125;0.4;-0.5016574585635358;-0.2222222222222222;-0.6368189406586735;-0.3333333333333333;0.0;-0.8019639934533551;-0.2;-0.20416666666666639
0.35294117647058826;-0.42857142857142855;0.16129032258064516;0.35294117647058815;0.39823008849557523;0.0;0.010752688172043012;0.4117647058823529;0.24324324324324326;0.375;0.35294117647058776;1.296;0.22535211267605632;0.46875;0.5897435897435898;0.9919759277833501;9;0.28706624605678227;0.16499282639885218;0.4516938519447929;0.4795698924731182;0.37254901960784315;0.44;0.5384615384615384;0.46;0.5925925925925926;-0.14285714285714285;-0.375;-0.375;-0.4;-0.8;0.2878787878787879;0.6458333333333334;0.0;0.16666666666666666;0.4;0.25;-1.5;0.0;0.1111111111111111;0.4444444444444444;-0.18181818181818182;-0.75;0.32767797737857635;0.33850029064134857;0.37323437874072296;0.3766119920520512;-0.3284313725490196;0.5652173913043478;0.2962962962962963;-0.413889406069633;0.6382978723404256;0.35528756957328367;0.7692307692307693;-0.4443333333333334;-0.48110208406923344;0.0;-0.5;-0.4846526655896607;-1.0361581920903955;0.3333333333333333;-1.0;-0.8871082621082622;-0.73572820941242;-0.5;-0.75;-0.3193005181347151;-0.48797050834303446;-0.41329530240409784;0.11116666666666668;-0.38595779220779225;0.1111111111111111;0.0;0.2779074290159471;-0.43949579831932767;0.21428571428571427;0.3333333333333333;0.30767160161507406;-0.5206632653061225;0.2857142857142857;0.0;0.16666666666666666;0.36363636363636365;-0.14285714285714285;0.35850657615613063;-0.7057968380883155;0.5;-0.375;0.05307539682539683;-0.5875469198498565;0.45454545454545453;0.285714285714286;0.5;0.4807692307692307;-0.3719758064516129;0.3703703703703704;0.2;0.1875;-0.3209422156790578;0.09090909090909091;-0.4;-0.36363636363636365;-0.5223375996136199;-0.0;-0.375;-0.4;-0.5016574585635358;0.2222222222222222;-0.3006526028228866;0.3333333333333333;0.3333333333333333;-0.42389525368248776;0.2;-0.2458333333333331
0.4117647058823529;-0.5714285714285714;0.1870967741935484;0.4117647058823528;0.4795353982300885;-0.6666666666666666;-0.15053763440860216;0.4117647058823529;0.2702702702702703;0.125;0.4281045751633986;1.308;0.07042253521126766;0.4921875;0.6495726495726496;0.9879638916750251;9;0.3343848580441644;0.18077474892395998;0.4918444165621078;0.6344086021505376;0.47058823529411764;0.46;0.5;0.58;0.7407407407407407;-0.42857142857142855;-0.125;-0.375;-0.5;-1.1;0.32575757575757575;0.65625;0.16666666666666666;0.0;0.2;0.0;0.5;0.375;0.0;0.0;0.09090909090909091;-0.75;-0.29707252162341985;0.07266033714396436;0.33995690687095986;0.41557252503214237;-0.3802972802024035;0.5869565217391305;0.2962962962962963;-0.5144293427667099;0.6595744680851063;0.23721176782401257;0.9230769230769231;-0.5;-0.3493465206640763;-0.16666666666666666;-0.5;-0.5077544426494345;-0.9819209039548022;0.0;-1.0;-0.8490028490028491;-0.8471177944862155;0.0;-0.75;-0.565252590673575;-0.49514939852541706;-0.38599452820303853;-0.2221666666666667;0.6846590909090908;-0.4444444444444444;0.0;0.11104628549202646;0.02577030812324932;-0.14285714285714285;0.3333333333333333;0.1730820995962315;-0.2688775510204082;-0.07142857142857142;0.0;0.16666666666666666;0.36363636363636365;-0.14285714285714285;0.32817140432753494;-0.7010721424677449;0.5;-0.375;0.08854166666666667;-0.5970412894678737;0.45454545454545453;0.285714285714286;-1.0869565217391306;-1.4038461538461537;0.38978494623655924;-0.5185185185185185;-0.3;-0.375;-0.4006256900993743;0.0;-0.2;0.09090909090909091;-0.5025356194156002;-0.5;-0.5;-0.2;-0.36427255985267026;-0.3333333333333333;-0.35043253908028527;-2.0;-1.1666666666666667;0.37839607201309317;-0.8;-0.28333333333333316
0.47058823529411764;-0.2857142857142857;0.22580645161290322;0.4705882352941177;0.5652654867256637;0.6666666666666666;-0.21505376344086022;0.5098039215686274;0.35135135135135137;0.5;0.4999999999999993;1.326;0.014084507042253532;0.515625;0.6923076923076923;0.9819458375125376;9;0.3722397476340698;0.2037302725968438;0.5232120451693852;0.7376344086021505;0.47058823529411764;0.56;0.5192307692307693;0.6;0.8888888888888888;-0.5714285714285714;-0.375;-0.125;-0.5;-0.9;0.36363636363636365;0.6875;-0.8333333333333334;0.16666666666666666;0.0;0.25;-0.5;0.125;0.3333333333333333;-0.1111111111111111;-0.09090909090909091;-0.75;1.5465735196274122;0.4865336175159852;0.4139334450562603;0.4805197335099544;-0.3802972802024035;0.6956521739130435;0.3888888888888889;-0.600446844163098;0.7659574468085106;0.15226610124569295;1.0769230769230769;-0.5555;-0.5358530554574356;-0.16666666666666666;-0.625;-0.4846526655896607;-0.9627118644067796;0.0;-1.0;-0.810897435897436;-0.8755221386800335;0.0;-0.75;-0.48040803108808283;-0.4877764842840511;-0.36474765702310946;0.11116666666666668;1.6152597402597402;-0.4444444444444444;1.6666666666666667;0.2222870478413069;0.22212885154061626;-0.14285714285714285;1.3333333333333333;0.2885598923283984;-0.1619897959183674;-0.07142857142857142;0.75;0.38899999999999996;0.45454545454545453;0.0;0.4495120916419177;-0.7010721424677449;0.5;-0.375;0.17708333333333331;-0.5791565466990506;0.45454545454545453;0.5801749271137029;2.5869565217391304;3.2499999999999996;1.9912634408602157;1.259259259259259;0.2;0.25;-0.37845049687154947;0.0;0.4;0.2727272727272727;-0.5025356194156002;0.16666666666666666;-0.25;0.4;-0.5587476979742172;0.2222222222222222;-0.35043253908028527;3.6666666666666665;2.8333333333333335;1.9947626841243862;1.2;-0.31249999999999983
0.5294117647058824;-0.14285714285714285;0.2709677419354839;0.5294117647058824;0.6548672566371682;0.0;-0.3548387096774194;0.6274509803921569;0.5675675675675675;1.0;0.5751633986928102;1.337;-0.15492957746478875;0.53125;0.7692307692307693;0.9749247743229689;9;0.4290220820189279;0.22094691535150662;0.5558343789209534;0.8903225806451615;0.5686274509803921;0.56;0.6153846153846154;0.7;1.037037037037037;-0.2857142857142857;-0.5;-0.375;-0.5;-0.9;0.4015151515151515;0.71875;1.0;-0.8333333333333334;0.2;0.5;0.5;0.5;0.1111111111111111;0.2222222222222222;0.09090909090909091;-0.875;1.5465735196274122;0.4510753729897306;0.4330061447609926;0.5519343904624615;0.03415559772296018;0.6956521739130435;0.5;-0.3807484639731891;0.851063829787234;0.12085873310363116;1.0769230769230769;-0.4443333333333334;-0.3493465206640763;-0.16666666666666666;-0.5;-0.43861066235864293;-0.8937853107344633;0.0;-1.0;-0.75997150997151;-0.8944583681425786;0.25;-0.75;-0.24190414507772015;-0.44955374466433823;-0.3459456312940216;0.055499999999999994;1.6152597402597402;-0.4444444444444444;1.6666666666666667;0.13885647607934656;0.19775910364145655;-0.14285714285714285;1.3333333333333333;0.2500672947510094;-0.1584183673469388;-0.07142857142857142;0.75;0.6666666666666666;0.45454545454545453;0.5714285714285714;0.6313109885447602;-0.5200799563874251;0.5;0.0;0.35416666666666663;-0.4884080370942813;0.45454545454545453;0.3032069970845484;-1.0869565217391306;-3.2499999999999996;2.421706989247312;1.259259259259259;0.3;0.0;-0.34827015090172986;0.5454545454545454;0.2;-0.09090909090909091;-0.636319729533929;0.5;-0.125;0.2;-0.36427255985267026;0.3333333333333333;0.04735164668386709;-2.0;-2.8333333333333335;2.410801963993453;1.2;-0.3583333333333332
0.5882352941176471;1.0;0.36774193548387096;0.5520361990950226;0.7461283185840708;0.0;-0.45161290322580644;0.5686274509803921;0.6486486486486487;0.375;0.643790849673202;1.353;-0.22535211267605623;0.546875;0.811965811965812;0.9598796389167502;9;0.4637223974763408;0.2338593974175036;0.5934755332496862;0.9956989247311827;0.6862745098039216;0.66;0.6153846153846154;0.82;1.037037037037037;-0.14285714285714285;-0.25;-0.5;-0.5;-0.8;0.4393939393939394;0.7604166666666666;0.0;1.0;-1.0;0.25;0.5;1.0;0.4444444444444444;0.0;0.36363636363636365;-1.125;-0.29707252162341985;0.5560937802751403;0.4590216263666107;0.603888261191413;-0.36242884250474383;0.8043478260869565;0.5;-0.32116924222677334;0.851063829787234;-0.08839120063609855;1.4230769230769231;0.16666666666666666;0.8534086895090074;0.16666666666666666;0.5;-0.2077544426494345;0.07156308851224102;0.0;0.14285714285714285;-0.6200142450142451;-0.405458089668616;0.25;-0.08333333333333333;0.5246113989637305;-0.1865541327124562;-0.2627626753594504;0.38883333333333336;0.6846590909090908;0.1111111111111111;1.6666666666666667;0.11104628549202646;0.18543417366946774;-0.14285714285714285;1.3333333333333333;0.2306864064602961;-0.1617346938775511;-0.07142857142857142;0.75;0.7778333333333333;0.6363636363636364;0.5714285714285714;0.5706406448875689;-0.5422496819916409;0.5;0.0;0.4781746031746032;-0.6010156767498344;0.7272727272727273;0.6559766763848399;0.5;1.4038461538461537;1.9912634408602157;-0.5185185185185185;-0.6;-0.625;-0.19019138755980863;-0.18181818181818182;1.6;0.6363636363636364;-0.09104081139821305;1.5;0.875;1.6;0.8898710865561693;-0.6666666666666666;-0.333282743967218;0.3333333333333333;1.1666666666666667;1.9947626841243862;-0.8;-0.38333333333333325
0.6470588235294118;0.0;0.41935483870967744;0.6470588235294117;0.8401548672566371;-1.6666666666666667;-0.6666666666666666;0.6078431372549019;0.7837837837837838;0.5;0.7091503267973851;1.362;-0.38028169014084506;0.5546875;0.8717948717948718;0.9518555667001003;9;0.5141955835962148;0.255380200860832;0.6047678795483061;1.0473118279569893;0.6274509803921569;0.78;0.7115384615384616;0.78;1.3703703703703705;1.0;-0.125;-0.25;-0.5;-0.7;0.4772727272727273;0.8125;0.16666666666666666;0.0;1.2;0.0;-0.5;0.375;0.8888888888888888;0.3333333333333333;0.0;-0.625;-0.3160345974717231;0.1815539624103855;0.3391588859628122;0.636361865430319;-0.5951929158760279;0.8695652173913043;0.5;-0.4012288214485197;0.8723404255319149;-0.19652796183408433;1.6538461538461537;0.2778333333333333;0.6506534793359238;0.3333333333333333;0.5;-0.13844911147011296;0.034651600753295694;0.0;0.14285714285714285;-0.5819088319088319;-0.39961013645224175;0.25;-0.08333333333333333;0.5952072538860104;0.01212650368645712;-0.1776587694277897;-0.6111666666666666;2.3157467532467533;-1.2222222222222223;0.0;-0.250097238428627;0.8857142857142857;-0.6428571428571429;1.3333333333333333;0.0;0.31607142857142845;-0.5714285714285714;0.75;0.7778333333333333;0.6363636363636364;0.5714285714285714;0.661646160373356;-0.5622387788479011;0.5;0.0;0.5491071428571428;-0.6147052329432546;0.7272727272727273;0.35276967930029157;-2.630434782608696;-2.769230769230769;1.5625000000000004;-1.8333333333333335;-0.1;0.25;-0.22920500552079495;-0.5454545454545454;-1.4;-1.3636363636363635;0.8072929244143926;0.16666666666666666;0.0;-1.4;0.6784530386740331;-0.1111111111111111;-0.5566853847321293;-4.333333333333333;-2.3333333333333335;1.4893617021276595;-2.2;-0.4208333333333333
0.7058823529411765;-0.7142857142857143;0.43870967741935485;0.7058823529411765;0.9397123893805309;-3.0;-1.032258064516129;0.6274509803921569;0.8918918918918919;0.5;0.7875816993464048;1.368;-0.6338028169014083;0.5625;0.9316239316239316;0.9488465396188566;9;0.5425867507886442;0.27833572453371586;0.6072772898368883;1.2021505376344088;0.6666666666666666;0.72;0.8269230769230769;0.8;1.7037037037037037;0.0;0.875;-0.125;-0.3;-0.6;0.5303030303030303;0.875;-2.0;0.16666666666666666;0.0;-0.25;0.0;0.5;0.3333333333333333;0.7777777777777778;-0.09090909090909091;0.0;-0.05588822355289398;-0.32668087579926375;0.18593887159843572;0.636361865430319;-0.5951929158760279;0.8695652173913043;0.5;-0.6105008378328056;0.9787234042553191;-0.21269546779750864;1.6538461538461537;0.05566666666666661;1.2401978099611444;-0.3333333333333333;0.5;-0.23085621970920828;0.17664783427495284;-0.3333333333333333;0.14285714285714285;-0.6200142450142451;-0.3589529379003064;0.0;-0.08333333333333333;-0.3746761658031088;0.08343034536282529;-0.1253856452645672;-1.7221666666666666;3.6814123376623376;-2.111111111111111;0.0;-0.8057176196032673;1.8103641456582629;-1.2142857142857142;1.3333333333333333;-0.4037685060565276;0.9852040816326529;-1.1428571428571428;0.75;0.5556666666666666;0.6363636363636364;0.0;0.7827747136190072;-0.6434671997092495;0.5833333333333334;0.0;0.5312500000000001;-0.6279531905497904;0.7272727272727273;0.23906705539358625;-1.6086956521739133;0.9038461538461539;1.6105510752688175;-3.62962962962963;-0.2;-0.125;-0.4006256900993743;-0.18181818181818182;-1.0;0.18181818181818182;0.9616034774209127;-2.0;-0.625;-1.0;1.293186003683241;-0.2222222222222222;-0.5566853847321293;-2.6666666666666665;0.8333333333333334;1.520458265139116;-4.0;-0.4416666666666666
0.7647058823529411;0.0;0.49032258064516127;0.7647058823529411;1.040929203539823;-3.0;-1.3655913978494623;0.5882352941176471;0.918918918918919;0.125;0.8562091503267972;1.377;-0.8028169014084506;0.5703125;0.9743589743589743;0.9408224674022067;9;0.5615141955835968;0.29985652797704454;0.6286072772898368;1.356989247311828;0.6862745098039216;0.76;0.7692307692307693;0.9;1.5925925925925926;-0.7142857142857143;0.0;0.875;-0.5;-0.6;0.5681818181818182;0.9375;-3.3333333333333335;-2.0;0.2;0.0;0.5;0.5;0.4444444444444444;0.2222222222222222;0.18181818181818182;-0.75;-0.8842315369261478;-0.6609184266614997;0.054903838480568096;0.6428487941715042;-0.6786843769765971;0.8913043478260869;0.5;-0.7728542170917891;0.9787234042553191;-0.3768884177047441;1.8846153846153846;-0.3333333333333333;0.1306958671847404;-0.3333333333333333;-0.375;-0.16155088852988692;0.14952919020715622;-0.3333333333333333;0.14285714285714285;-0.5945512820512822;-0.34725703146755776;0.0;-0.08333333333333333;-0.3746761658031088;0.1299961195188203;-0.06228534839047675;-2.888833333333333;1.2544642857142856;-2.111111111111111;-4.333333333333333;-1.3891481913652277;2.1999999999999997;-1.2142857142857142;1.3333333333333333;-0.8266487213997309;1.3785714285714286;-1.1428571428571428;0.75;0.44449999999999995;0.45454545454545453;0.0;0.7221043699618159;-0.5973105578775213;0.5833333333333334;0.0;0.5667162698412699;-0.6672554647825127;0.8181818181818182;0.472303206997085;-0.021739130434782532;1.4038461538461537;1.1750672043010755;-1.4074074074074074;-0.5;-0.25;-0.45252116304747886;-0.5454545454545454;1.0;0.9090909090909091;0.5472108186428399;-0.0;0.0;1.0;0.13627992633517497;-0.5555555555555556;-0.6368189406586735;0.0;1.3333333333333333;1.344353518821604;-1.4;-0.4541666666666666
0.8235294117647058;0.14285714285714285;0.5483870967741935;0.8235294117647058;1.1438053097345133;-3.0;-1.6774193548387097;0.6666666666666666;1.027027027027027;0.5;0.9215686274509796;1.385;-0.9718309859154929;0.578125;1.0256410256410255;0.9317953861584755;9;0.5899053627760255;0.31707317073170743;0.642409033877039;1.460215053763441;0.6470588235294118;0.78;0.8076923076923077;0.9;1.8148148148148149;0.0;-0.625;0.0;-0.6;-0.7;0.5984848484848485;0.9895833333333334;-3.3333333333333335;-3.3333333333333335;-2.4;-1.5;0.0;0.125;0.4444444444444444;0.3333333333333333;0.0;-0.375;-0.08582834331337327;-1.3795776012400698;-0.07836565318011354;0.6623290606615498;-0.5205566097406704;0.8913043478260869;0.5370370370370371;-1.0363060882517219;1.0851063829787233;-0.45388285184203553;1.9230769230769231;-0.27766666666666673;0.24655598728364533;-0.3333333333333333;-0.25;-0.04620355411954759;0.054237288135593094;-0.3333333333333333;0.14285714285714285;-0.5438034188034189;-0.3305485937064884;0.0;-0.08333333333333333;0.08176813471502603;0.12272021730694611;0.009371907561557794;-3.3333333333333335;-0.6201298701298702;-2.111111111111111;-7.0;-1.8059120964605213;2.47563025210084;-1.2142857142857142;1.3333333333333333;-1.2304172274562584;1.6512755102040815;-1.1428571428571428;0.75;0.44449999999999995;0.45454545454545453;0.0;0.8131098854476029;-0.6496456478284572;0.5833333333333334;0.0;0.6021825396825398;-0.6639434753808788;0.8181818181818182;0.4314868804664727;-0.04347826086956526;-0.019230769230769232;0.5497311827956991;-0.07407407407407415;0.1;0.3125;-0.368052999631947;-0.2727272727272727;0.2;-0.36363636363636365;0.2100941801497223;1.0;0.125;0.2;0.2570902394106814;0.1111111111111111;-0.48505084231294576;0.0;0.0;0.7099836333878885;0.2;-0.475
0.8823529411764706;0.2857142857142857;0.6129032258064516;0.8823529411764705;1.2527654867256637;-6.0;-2.3010752688172045;0.6274509803921569;1.0810810810810811;0.125;0.9967320261437905;1.396;-1.1408450704225352;0.578125;1.0854700854700854;0.921765295887663;9;0.6151419558359624;0.3428981348637017;0.6624843161856964;1.6150537634408602;0.7254901960784313;0.74;0.8269230769230769;1.0;1.8518518518518519;0.14285714285714285;0.0;-0.625;-0.4;-0.7;0.6439393939393939;1.0416666666666667;-3.3333333333333335;-3.3333333333333335;-4.0;1.25;0.5;0.5;0.1111111111111111;0.3333333333333333;0.2727272727272727;-0.625;-0.08582834331337327;-1.1052121681844604;-0.180911339877105;0.6623290606615498;-0.5205566097406704;0.8913043478260869;0.5370370370370371;-1.214112828151182;1.148936170212766;-0.6085343228200369;2.1153846153846154;0.11116666666666664;-0.5358530554574356;0.5;-0.125;0.04604200323101779;0.034651600753295694;-0.3333333333333333;0.14285714285714285;-0.48005698005698005;-0.3038150932887776;0.0;-0.08333333333333333;0.2435233160621761;0.09934031819945682;0.09261307410210146;-4.555499999999999;4.534902597402597;-4.555555555555555;-7.0;-3.139439906651109;3.3862745098039215;-2.7857142857142856;-0.3333333333333333;-2.076446837146703;2.7066326530612246;-2.7142857142857144;0.75;0.2778333333333333;0.45454545454545453;0.0;0.7221043699618159;-0.5973105578775213;0.5833333333333334;0.0;0.6200396825396826;-0.682711415323471;0.8181818181818182;0.6647230320699715;-0.021739130434782532;0.019230769230769232;-0.8373655913978496;-0.07407407407407415;-0.5;-0.4375;-0.3253588516746411;-0.2727272727272727;0.2;0.0;-0.4477179425259599;0.3333333333333333;0.25;0.2;-0.5587476979742172;-0.5555555555555556;-0.48505084231294576;-7.333333333333333;-3.6666666666666665;3.3558101472995086;-4.2;-0.49166666666666664
0.9411764705882353;0.2857142857142857;0.6774193548387096;0.9411764705882352;1.364491150442478;-11.333333333333334;-3.3333333333333335;0.6274509803921569;1.0810810810810811;0.0;1.068627450980392;1.408;-1.2816901408450703;0.578125;1.188034188034188;0.9117352056168505;9;0.6498422712933754;0.35868005738880915;0.6775407779171895;1.7182795698924733;0.6862745098039216;0.82;0.7884615384615384;1.12;2.037037037037037;0.2857142857142857;0.125;0.0;-0.3;-0.7;0.696969696969697;1.09375;-7.0;-3.3333333333333335;-4.0;-0.25;1.0;0.125;0.4444444444444444;0.0;0.6363636363636364;-0.375;-0.06919494344644023;-0.7884130982367759;-0.27651424467321056;0.6753223984104102;-0.6541745730550285;0.9347826086956522;0.5370370370370371;-1.214112828151182;1.148936170212766;-0.7270076861913595;2.269230769230769;0.22233333333333327;-0.6852702225362063;0.6666666666666666;-0.125;0.11534733441033931;0.019585687382297566;-0.3333333333333333;0.14285714285714285;-0.4164886039886041;-0.2901698691172375;0.0;-0.08333333333333333;0.3238341968911917;0.05762514551804435;0.18179172245183076;-7.944500000000001;11.917207792207792;-8.88888888888889;-7.0;-5.38973162193699;6.780112044817926;-5.571428571428571;-0.3333333333333333;-3.691520861372813;5.2397959183673475;-5.5;0.75;0.22233333333333336;0.36363636363636365;0.0;0.4798472634705133;-0.7157913865164456;0.5;-0.5;0.5845734126984128;-0.6540075071759771;0.8181818181818182;0.8075801749271142;-0.021739130434782532;0.0;-0.8373655913978496;-0.055555555555555365;-0.3;0.0625;-0.3629922708870077;-0.6363636363636364;0.0;-0.09090909090909091;-0.8659744023182807;0.16666666666666666;0.25;0.0;-0.714548802946593;-0.3333333333333333;-0.6132948854150856;-13.0;-2.8333333333333335;5.598363338788871;-12.0;-0.5166666666666667
1.0;0.2857142857142857;0.7419354838709677;0.9999999999999998;1.420353982300885;-15.333333333333334;-3.5376344086021505;0.6274509803921569;1.027027027027027;-0.125;1.1405228758169932;1.42;-1.4225352112676055;0.5703125;1.3247863247863247;0.9017051153460381;9;0.6876971608832808;0.38163558106169293;0.6888331242158092;1.875268817204301;0.6862745098039216;0.78;0.8653846153846154;1.06;2.259259259259259;0.2857142857142857;0.25;0.125;0.5;-0.7;0.8106060606060606;1.1458333333333333;-13.5;-7.0;-4.0;0.0;0.5;0.0;0.1111111111111111;0.3333333333333333;0.18181818181818182;0.0;-0.44710578842315374;-0.463669831428018;-0.351209001675844;0.6623290606615498;-0.8368121442125237;0.9347826086956522;0.5;-1.2891454105380746;1.1702127659574468;-0.7805459846276172;2.269230769230769;0.2778333333333333;-0.8890851289297068;0.8333333333333334;-0.125;0.0;-0.38003766478342743;-0.3333333333333333;-0.5714285714285714;-0.352920227920228;-0.2887774993038151;0.0;-0.08333333333333333;0.3238341968911917;0.22079937912301123;0.27137784504336704;-12.888833333333332;13.036525974025974;-12.0;-14.333333333333334;-8.445935433683394;9.735294117647056;-7.571428571428571;-4.666666666666667;-5.825841184387617;7.961224489795918;-7.5;0.75;-0.0555;0.2727272727272727;-0.42857142857142855;0.35850657615613063;-0.6434671997092495;0.4166666666666667;-0.5;0.4781746031746032;-0.6288363877235593;0.7272727272727273;0.8804664723032072;-0.5434782608695653;-0.4615384615384615;-0.39112903225806456;-0.49999999999999994;-0.3;-0.0625;-0.5378174457121825;-0.45454545454545453;0.0;0.0;-0.8659744023182807;0.0;0.25;0.0;-0.9270718232044197;-0.3333333333333333;-0.7885870390044012;-9.333333333333334;1.8333333333333333;2.020294599018003;-13.2;-0.5416666666666667
1.0588235294117647;-1.1428571428571428;0.7419354838709677;1.0588235294117645;1.4740044247787611;-27.666666666666668;-4.580645161290323;0.6274509803921569;-0.16216216216216217;-0.125;1.2124183006535945;1.494;-0.6901408450704224;0.5703125;1.1965811965811965;0.9017051153460381;9;0.7255520504731862;0.39454806312769025;0.7076537013801755;1.978494623655914;0.6862745098039216;0.78;0.8269230769230769;1.1;2.185185185185185;0.2857142857142857;0.25;0.25;-0.2;-0.7;0.8712121212121212;1.1979166666666667;-18.166666666666668;-13.5;-8.4;-3.25;0.0;-0.125;0.0;0.0;0.2727272727272727;-0.5;-0.44710578842315374;-0.24995155977523723;-0.40730987151863385;0.6623290606615498;-0.8368121442125237;0.9347826086956522;0.5;-1.3003165146155276;1.1702127659574468;-0.9105486350384309;2.3076923076923075;-0.27766666666666673;1.1504768632991875;-0.8333333333333334;-0.125;-0.1846526655896607;0.1924670433145008;-1.3333333333333333;-0.5714285714285714;-0.4164886039886041;-0.13199665831244786;-0.75;-0.08333333333333333;-0.3604274611398964;0.196255335661622;0.28616333896035856;-21.5555;24.174107142857146;-21.88888888888889;-27.333333333333332;-13.613380007779076;17.83585434173669;-13.928571428571429;-7.333333333333333;-9.651951547779273;13.919132653061226;-13.857142857142858;0.75;-0.16666666666666666;0.2727272727272727;-0.5714285714285714;0.20704285108188372;-0.6434671997092495;0.4166666666666667;-0.5;0.4427083333333333;-0.5970412894678737;0.7272727272727273;1.0233236151603504;-0.021739130434782532;0.4615384615384615;-0.39112903225806456;-0.49999999999999994;-0.3;-0.0625;-0.6440927493559072;-0.45454545454545453;-2.0;-0.9090909090909091;0.3890364646220719;-1.6666666666666667;-1.0;-2.0;1.1996316758747696;-11.444444444444445;7.973744118986189;-29.666666666666668;-10.166666666666666;9.84026186579378;-23.2;-0.5666666666666668
-0.9411764705882353;0.5714285714285714;-0.9161290322580645;-0.9411764705882354;-0.5077433628318584;0.0;0.3333333333333333;-0.9019607843137255;0.02702702702702703;1.0;-2.9673202614379086;0.276;0.16901408450704228;-2.609375;-2.9743589743589745;0.2567703109327984;10;-2.883280757097792;-1.1635581061692968;-0.5332496863237137;-0.22795698924731186;-0.8431372549019608;-0.78;-0.6730769230769231;-0.44;-0.07407407407407407;0.5714285714285714;0.5;0.5;0.2;0.0;-0.696969696969697;-0.4166666666666667;0.0;0.0;0.0;-0.25;-0.5;1.0;0.8888888888888888;0.7777777777777778;0.6363636363636364;0.375;-0.5229540918163672;-1.43383065297423;-1.2670975979570667;-0.8571317255620057;-0.5014231499051234;-0.7608695652173914;-0.9444444444444444;-1.1204617389685345;-0.44680851063829785;-1.3529021998409752;-0.07692307692307693;0.6111666666666666;-0.1398799010950194;1.1666666666666667;0.125;0.6;-0.5220338983050847;2.6666666666666665;-0.2857142857142857;0.42289886039886043;-0.5625174046226679;2.25;-0.3333333333333333;-0.2648963730569948;-0.9947613504074503;-1.2813900692706208;0.0;-0.33319805194805197;0.1111111111111111;-0.3333333333333333;0.0;-0.5148459383753501;0.21428571428571427;-0.6666666666666666;-0.0576043068640646;-0.5772959183673471;0.2857142857142857;-0.75;1.2778333333333334;1.0909090909090908;0.5714285714285714;1.6616461603733559;-0.2569507541341086;1.1666666666666667;0.0;1.8777281746031744;-0.2159417089865312;1.5454545454545454;-1.7346938775510201;0.0;-0.4807692307692307;-0.26276881720430106;-0.48148148148148145;-0.6;0.375;-0.1886271623113728;-0.36363636363636365;-0.6;0.0;-1.0053127263945907;-1.0;0.125;-0.6;-0.14585635359116017;0.1111111111111111;-0.35938685688268324;0.3333333333333333;-0.3333333333333333;-0.33911620294599026;0.2;11.595833333333335
-0.8823529411764706;0.14285714285714285;-0.8580645161290322;-0.8823529411764707;-0.49557522123893805;0.0;0.34408602150537637;-0.9607843137254902;0.08108108108108109;0.25;-2.222222222222222;0.486;-0.0845070422535211;-2.609375;-2.9743589743589745;0.2477432296890672;10;-2.883280757097792;-1.1635581061692968;-0.5332496863237137;-0.22795698924731186;-0.8431372549019608;-0.78;-0.6730769230769231;-0.44;-0.07407407407407407;0.5714285714285714;0.5;0.5;0.2;0.0;-0.696969696969697;-0.4166666666666667;0.0;0.0;0.0;-0.25;-0.5;1.0;0.8888888888888888;0.7777777777777778;0.6363636363636364;0.375;-0.5229540918163672;-1.43383065297423;-1.2670975979570667;-0.886352125297074;-0.5014231499051234;-0.8260869565217391;-0.9444444444444444;-1.1204617389685345;-0.5106382978723404;-1.3529021998409752;-0.19230769230769232;0.36116666666666664;-0.1398799010950194;0.6666666666666666;0.125;0.3576736672051697;-0.5220338983050847;1.6666666666666667;-0.2857142857142857;0.15580484330484332;-0.5625174046226679;1.5;-0.3333333333333333;-0.2648963730569948;-0.9947613504074503;-1.2813900692706208;0.08333333333333333;-0.33319805194805197;0.1111111111111111;0.0;0.0972384286269934;-0.5148459383753501;0.21428571428571427;-0.3333333333333333;0.07698519515477793;-0.5772959183673471;0.2857142857142857;-0.5;0.7778333333333333;0.5454545454545454;0.5714285714285714;1.025243954179041;-0.2569507541341086;0.6666666666666666;0.0;1.1336805555555556;-0.2159417089865312;1.0;-0.6034985422740521;0.0;-0.4807692307692307;-0.26276881720430106;-0.48148148148148145;-0.6;0.375;-0.1886271623113728;-0.36363636363636365;-0.6;0.0;-1.0053127263945907;-1.0;0.125;-0.6;-0.14585635359116017;0.1111111111111111;-0.35938685688268324;0.3333333333333333;-0.3333333333333333;-0.33911620294599026;0.2;11.595833333333335
-0.8235294117647058;-0.2857142857142857;-0.8193548387096774;-0.8235294117647061;-0.4811946902654867;0.0;0.3333333333333333;-0.8823529411764706;0.13513513513513514;0.375;-1.69281045751634;0.617;-0.5211267605633803;-2.609375;-2.9743589743589745;0.24172517552657974;10;-2.2208201892744484;-1.1635581061692968;-0.5332496863237137;-0.22795698924731186;-0.9019607843137255;-0.78;-0.6730769230769231;-0.44;-0.07407407407407407;0.14285714285714285;0.5;0.5;0.2;0.0;-0.696969696969697;-0.4166666666666667;0.16666666666666666;0.0;0.0;-0.25;-0.5;0.25;0.8888888888888888;0.7777777777777778;0.6363636363636364;0.375;-0.4288090485695276;-1.3789963185429182;-1.244513606256484;-0.870125063310866;-0.5075901328273245;-0.8260869565217391;-0.9259259259259259;-1.127722956618879;-0.5106382978723404;-1.3580705009276437;-0.19230769230769232;0.11116666666666664;0.17061109148710707;0.16666666666666666;0.125;0.11534733441033931;-0.19096045197740116;0.6666666666666666;-0.2857142857142857;-0.1112891737891738;-0.317738791423002;0.75;-0.3333333333333333;-0.07286269430051816;-0.8797050834303451;-1.2123522905873447;0.055499999999999994;-0.38595779220779225;0.1111111111111111;0.0;0.0647607934655776;-0.5512605042016806;0.21428571428571427;-0.3333333333333333;0.03203230148048452;-0.6104591836734694;0.2857142857142857;-0.5;0.6666666666666666;0.5454545454545454;0.5714285714285714;0.8837505303351718;-0.44375795020897696;0.6666666666666666;0.0;0.9682539682539684;-0.4429233826451756;1.0;-0.8833819241982506;-0.5434782608695653;-0.4807692307692307;-0.26276881720430106;-0.48148148148148145;0.1;0.375;-0.1886271623113728;-0.36363636363636365;-0.6;0.0;-1.0053127263945907;-1.0;-0.25;-0.6;-0.14585635359116017;0.1111111111111111;-0.35938685688268324;-0.3333333333333333;-0.3333333333333333;-0.33911620294599026;0.2;5.075
-0.7647058823529411;-0.2857142857142857;-0.7806451612903226;-0.7647058823529412;-0.4646017699115044;0.0;0.3333333333333333;-0.8431372549019608;0.1891891891891892;0.125;-1.3169934640522878;0.728;-0.5774647887323944;-2.609375;-2.9743589743589745;0.23570712136409228;10;-1.8075709779179812;-1.1635581061692968;-0.5332496863237137;-0.22795698924731186;-0.8235294117647058;-0.84;-0.6730769230769231;-0.44;-0.07407407407407407;-0.2857142857142857;0.125;0.5;0.2;0.0;-0.696969696969697;-0.4166666666666667;0.0;0.16666666666666666;0.0;-0.25;-0.5;0.375;0.2222222222222222;0.7777777777777778;0.6363636363636364;0.375;-0.4288090485695276;-1.1106374733578765;-1.1339877104780145;-0.8506447968208205;-0.35373181530676784;-0.8260869565217391;-0.8888888888888888;-1.049897598212623;-0.5106382978723404;-1.3026769149218127;-0.19230769230769232;-0.2221666666666667;-0.2772871776757329;0.16666666666666666;-0.25;-0.005815831987075862;-0.23917137476459516;0.6666666666666666;-0.2857142857142857;-0.24483618233618235;-0.3533834586466166;0.75;-0.3333333333333333;-0.3238341968911917;-0.7431121459060922;-1.130391757378194;0.11116666666666668;-0.38595779220779225;0.1111111111111111;0.0;0.0972384286269934;-0.5512605042016806;0.21428571428571427;-0.3333333333333333;0.07698519515477793;-0.6104591836734694;0.2857142857142857;-0.5;0.2778333333333333;0.45454545454545453;-0.14285714285714285;0.7070428510818837;-0.46302017081591856;0.5833333333333334;0.0;0.761656746031746;-0.46632810775005523;0.9090909090909091;-0.553935860058309;0.0;0.4807692307692307;-0.3719758064516129;-0.48148148148148145;-0.1;-0.1875;-0.312292970187707;0.09090909090909091;0.0;0.2727272727272727;-0.58705626660227;-0.5;-0.25;0.0;-0.28913443830570895;-0.1111111111111111;-0.324935498558203;0.3333333333333333;0.3333333333333333;-0.42389525368248776;0.2;3.254166666666667
-0.7058823529411765;-0.7142857142857143;-0.7612903225806451;-0.7058823529411765;-0.4452433628318584;0.0;0.3333333333333333;-0.7647058823529411;0.24324324324324326;0.25;-1.0294117647058825;0.815;-0.5915492957746479;-2.609375;-2.9743589743589745;0.23269809428284854;10;-1.4574132492113565;-1.1635581061692968;-0.5332496863237137;-0.22795698924731186;-0.7843137254901961;-0.76;-0.7307692307692307;-0.44;-0.07407407407407407;-0.2857142857142857;-0.25;0.125;0.2;0.0;-0.696969696969697;-0.4166666666666667;0.16666666666666666;0.0;0.2;-0.25;-0.5;0.125;0.3333333333333333;0.1111111111111111;0.6363636363636364;0.375;-0.035928143712574745;-0.81011431893044;-1.010214667624292;-0.7856975883430084;-0.35373181530676784;-0.7391304347826086;-0.8148148148148148;-0.8236827406442002;-0.5106382978723404;-1.1416644579909885;-0.19230769230769232;-0.5555;-0.2772871776757329;-0.3333333333333333;-0.625;-0.17544426494345708;-0.03239171374764606;-0.3333333333333333;-0.2857142857142857;-0.4318019943019943;-0.20050125313283215;0.0;-0.3333333333333333;-0.553270725388601;-0.678114086146682;-1.0913906513766807;0.16666666666666666;-0.2142857142857143;0.1111111111111111;0.3333333333333333;0.15558148580318945;-0.4784313725490196;0.21428571428571427;0.0;0.15773889636608346;-0.5441326530612245;0.2857142857142857;-0.25;0.2778333333333333;0.45454545454545453;-0.14285714285714285;0.6434026304624523;-0.5237143376340179;0.5833333333333334;0.0;0.6872519841269842;-0.5400750717597704;0.9090909090909091;-0.5335276967930025;0.0;0.0;-0.3719758064516129;-0.018518518518518455;0.1;0.0625;-0.5378174457121825;0.09090909090909091;-0.6;-0.2727272727272727;-0.58705626660227;-0.5;-0.625;-0.6;-0.28913443830570895;0.1111111111111111;-0.324935498558203;0.3333333333333333;0.0;-0.42389525368248776;0.6;2.2250000000000005
-0.6470588235294118;-0.42857142857142855;-0.7290322580645161;-0.6470588235294118;-0.42367256637168144;0.0;0.3118279569892473;-0.7058823529411765;0.2972972972972973;0.25;-0.8169934640522878;0.874;-0.6760563380281689;-2.609375;-2.9743589743589745;0.22768304914744233;10;-1.1829652996845428;-1.1635581061692968;-0.5332496863237137;-0.22795698924731186;-0.7058823529411765;-0.72;-0.6538461538461539;-0.44;-0.07407407407407407;-0.7142857142857143;-0.25;-0.25;0.2;0.0;-0.696969696969697;-0.4166666666666667;0.3333333333333333;0.16666666666666666;0.0;-0.25;-0.5;0.25;0.1111111111111111;0.2222222222222222;0.6363636363636364;0.375;-0.4288090485695276;-0.6365045533811278;-0.9387119942542496;-0.7272567888728717;-0.28146742567994937;-0.6956521739130435;-0.7592592592592593;-0.6263265686091973;-0.5106382978723404;-1.001192684866154;-0.19230769230769232;-0.6110000000000001;-0.3493465206640763;-0.3333333333333333;-0.625;-0.23473344103392557;-0.11977401129943505;-0.3333333333333333;-0.2857142857142857;-0.49715099715099714;-0.2651072124756335;0.0;-0.3333333333333333;-0.6410297927461139;-0.5824602250679082;-1.033994993887886;0.16666666666666666;-0.2142857142857143;0.1111111111111111;0.3333333333333333;0.1297160637884092;-0.4843137254901961;0.21428571428571427;0.0;0.12193808882907134;-0.5494897959183674;0.2857142857142857;-0.25;0.22233333333333336;0.45454545454545453;-0.2857142857142857;0.6009758167161646;-0.5682355079047793;0.5833333333333334;0.0;0.6376488095238095;-0.5941708986531243;0.9090909090909091;-0.6326530612244894;-0.5434782608695653;-0.4807692307692307;-0.3719758064516129;-0.48148148148148145;0.0;-0.125;-0.5520794994479205;0.18181818181818182;0.4;0.45454545454545453;-0.397488529340739;-0.16666666666666666;-0.375;0.4;-0.36427255985267026;0.0;-0.25557747761420546;-0.6666666666666666;-0.5;-0.235024549918167;0.0;1.6125000000000005
-0.5882352941176471;-0.8571428571428571;-0.7161290322580646;-0.6787330316742082;-0.40154867256637167;0.0;0.3333333333333333;-0.6470588235294118;0.40540540540540543;0.25;-0.6535947712418305;0.926;-0.6478873239436618;-0.5;0.0;0.22567703109327983;10;-0.9968454258675079;-1.1635581061692968;-0.5332496863237137;-0.22795698924731186;-0.6470588235294118;-0.64;-0.6153846153846154;-0.44;-0.07407407407407407;-0.42857142857142855;-0.625;-0.25;0.2;0.0;-0.696969696969697;-0.4166666666666667;0.0;0.3333333333333333;0.2;-0.25;-0.5;0.25;0.2222222222222222;0.0;0.6363636363636364;0.375;-0.4288090485695276;-0.394884712265065;-0.8391987870082197;-0.6623290606615498;-0.36242884250474383;-0.6086956521739131;-0.7037037037037037;-0.44125861105939285;-0.5106382978723404;-0.869467267426451;-0.19230769230769232;-0.8333333333333334;-0.3493465206640763;-0.5;-0.75;-0.3462035541195476;-0.02674199623352172;-0.6666666666666666;-0.2857142857142857;-0.6200142450142451;-0.1963241436925648;-0.25;-0.3333333333333333;-0.7114637305699482;-0.5292006208769886;-1.002037371209034;0.11116666666666668;-0.15137987012987014;0.1111111111111111;0.3333333333333333;0.11104628549202646;-0.49243697478991594;0.21428571428571427;0.0;0.09609690444145358;-0.5568877551020409;0.2857142857142857;-0.25;0.2778333333333333;0.5454545454545454;-0.2857142857142857;0.5706406448875689;-0.6027621297474105;0.5833333333333334;0.0;0.6021825396825398;-0.636122764407154;0.9090909090909091;-0.5102040816326526;0.0;0.4807692307692307;-0.3719758064516129;-0.48148148148148145;0.0;-0.0625;-0.5910011041589989;0.09090909090909091;-0.6;-0.45454545454545453;-0.3081381308862594;-0.16666666666666666;-0.75;-0.6;-0.36427255985267026;0.0;-0.333282743967218;0.0;0.3333333333333333;-0.30180032733224227;-0.2;1.2666666666666664
-0.5294117647058824;-1.1428571428571428;-0.7161290322580646;-0.5294117647058825;-0.37389380530973454;0.0;0.27956989247311825;-0.5686274509803921;0.40540540540540543;0.25;-0.5261437908496732;0.959;-0.732394366197183;-0.515625;-0.02564102564102564;0.22567703109327983;10;-0.8328075709779178;-1.1635581061692968;-0.5332496863237137;-0.22795698924731186;-0.5882352941176471;-0.58;-0.5384615384615384;-0.44;-0.07407407407407407;-0.8571428571428571;-0.375;-0.625;0.2;0.0;-0.696969696969697;-0.4166666666666667;0.0;0.0;0.4;-0.25;-0.5;0.25;0.2222222222222222;0.1111111111111111;0.6363636363636364;0.375;-0.4288090485695276;-0.4677388103080798;-0.767456707365733;-0.5974013324502279;-0.28146742567994937;-0.5434782608695652;-0.6296296296296297;-0.20573450009309244;-0.5106382978723404;-0.71309302941956;-0.19230769230769232;-1.0;0.0;-0.8333333333333334;-0.75;-0.6231017770597737;-0.19397363465160078;-1.3333333333333333;-0.7142857142857143;-0.7567663817663818;-0.08047897521581737;-0.75;-0.3333333333333333;-1.1083225388601035;-0.7920062087698873;-0.9969730484894346;0.055499999999999994;-0.38595779220779225;0.1111111111111111;0.0;0.13885647607934656;-0.5011204481792716;0.21428571428571427;0.0;0.11063257065948857;-0.5678571428571428;0.2857142857142857;-0.25;0.2778333333333333;0.5454545454545454;-0.2857142857142857;0.3888417479847263;-0.9231328366345629;0.5833333333333334;-0.625;0.5756448412698413;-0.6696842570103776;0.9090909090909091;-0.6851311953352767;-0.5434782608695653;-0.4807692307692307;-0.3719758064516129;-0.48148148148148145;0.1;0.0;-0.5910011041589989;0.18181818181818182;-0.4;0.09090909090909091;-0.36633663366336644;-0.8333333333333334;-1.0;-0.4;0.0;0.1111111111111111;-0.25557747761420546;0.3333333333333333;0.16666666666666666;-0.30180032733224227;0.4;1.0000000000000004
-0.47058823529411764;-1.1428571428571428;-0.7161290322580646;-0.47058823529411775;-0.34513274336283184;0.0;0.2903225806451613;-0.5294117647058824;0.40540540540540543;0.0;-0.42483660130718987;1.002;-0.5633802816901408;-0.46875;-0.07692307692307693;0.22567703109327983;10;-0.7287066246056783;-0.8622668579626972;-0.5332496863237137;-0.22795698924731186;-0.5098039215686274;-0.52;-0.4807692307692308;-0.5;-0.07407407407407407;-1.1428571428571428;-0.75;-0.375;-0.1;0.0;-0.6287878787878788;-0.4166666666666667;0.16666666666666666;0.0;0.0;0.0;-0.5;0.25;0.2222222222222222;0.1111111111111111;0.09090909090909091;0.375;0.03193612774451101;-0.31273009106762273;-0.6350650387040142;-0.5389605329800912;-0.35373181530676784;-0.4782608695652174;-0.5925925925925926;-0.24799851051945612;-0.425531914893617;-0.5987278028094354;-0.19230769230769232;-1.2776666666666667;-0.48110208406923344;-0.8333333333333334;-1.125;-0.8308562197092083;-0.3378531073446328;-1.3333333333333333;-1.1428571428571428;-0.8630698005698006;-0.03258145363408521;-0.75;-0.3333333333333333;-1.2953367875647668;-1.0063057819169574;-1.0031433727225096;0.055499999999999994;-0.38595779220779225;0.1111111111111111;0.0;0.11104628549202646;-0.49243697478991594;0.21428571428571427;0.0;0.0920592193808883;-0.5724489795918368;0.2857142857142857;-0.25;0.16666666666666666;0.36363636363636365;-0.2857142857142857;0.32817140432753494;-0.8551699073232782;0.5;-0.625;0.49975198412698413;-0.6577610951644955;0.8181818181818182;-0.31486880466472267;0.5434782608695653;0.9615384615384615;-0.016801075268817148;-0.018518518518518455;-0.1;-0.1875;-0.5520794994479205;0.09090909090909091;0.0;0.18181818181818182;-0.636319729533929;-0.3333333333333333;-1.0;0.0;-0.5016574585635358;-0.1111111111111111;-0.324935498558203;-0.3333333333333333;-0.3333333333333333;-0.47463175122749596;0.2;0.8458333333333332
-0.4117647058823529;-0.7142857142857143;-0.6967741935483871;-0.41176470588235303;-0.31194690265486724;0.0;0.22580645161290322;-0.45098039215686275;0.40540540540540543;0.0;-0.32679738562091526;1.03;-0.5915492957746479;-0.4140625;-0.06837606837606838;0.2226680040120361;10;-0.5930599369085173;-0.6743185078909611;-0.5332496863237137;-0.22795698924731186;-0.47058823529411764;-0.44;-0.4230769230769231;-0.42;-0.07407407407407407;-1.1428571428571428;-1.0;-0.75;-0.4;0.0;-0.5833333333333334;-0.4166666666666667;0.0;0.16666666666666666;0.0;-0.25;-0.5;0.0;0.2222222222222222;0.1111111111111111;0.18181818181818182;0.375;0.03193612774451101;-0.35012594458438295;-0.5396217380895381;-0.4740133245022791;-0.35373181530676784;-0.391304347826087;-0.5185185185185185;-0.20573450009309244;-0.3829787234042553;-0.4602438377948582;-0.19230769230769232;-1.2221666666666666;-0.2772871776757329;-0.8333333333333334;-1.0;-0.9001615508885297;-0.4587570621468926;-1.3333333333333333;-1.1428571428571428;-0.8947649572649574;-0.0849345586187692;-0.75;-0.3333333333333333;-1.0148963730569946;-1.1686069072564997;-0.9965655742476277;0.055499999999999994;-0.38595779220779225;0.1111111111111111;0.0;0.11104628549202646;-0.49243697478991594;0.21428571428571427;0.0;0.07698519515477793;-0.5772959183673471;0.2857142857142857;-0.25;0.05566666666666667;0.36363636363636365;-0.2857142857142857;0.2373780229104794;-0.8551699073232782;0.5;-0.75;0.43923611111111116;-0.6557739015235152;0.8181818181818182;-0.4839650145772593;-0.5434782608695653;-0.9615384615384615;0.11323924731182804;-0.018518518518518455;0.1;0.0625;-0.5378174457121825;0.09090909090909091;0.6;0.2727272727272727;-0.397488529340739;0.5;-0.625;0.6;-0.28913443830570895;0.1111111111111111;-0.324935498558203;0.0;0.16666666666666666;-0.47463175122749596;0.0;0.6583333333333334
-0.35294117647058826;-0.5714285714285714;-0.6709677419354839;-0.35294117647058837;-0.2771017699115044;0.0;0.22580645161290322;-0.3333333333333333;0.43243243243243246;0.25;-0.2614379084967322;1.054;-0.5352112676056338;-0.3515625;-0.017094017094017096;0.21865596790371114;10;-0.504731861198738;-0.5150645624103299;-0.5332496863237137;-0.22795698924731186;-0.39215686274509803;-0.4;-0.34615384615384615;-0.38;-0.07407407407407407;-0.7142857142857143;-1.0;-1.0;-0.4;0.0;-0.5378787878787878;-0.4166666666666667;0.0;0.0;0.2;0.0;-0.5;0.0;0.0;0.1111111111111111;0.0;0.375;0.013306719893546256;-0.19782987793063378;-0.4032399648870801;-0.3960922585420968;-0.04095509171410491;-0.34782608695652173;-0.4074074074074074;-0.09569912493018047;-0.2978723404255319;-0.2634508348794062;-0.19230769230769232;-1.0;-0.15365595196043802;-0.8333333333333334;-0.875;-0.9462035541195475;-0.6045197740112994;-1.3333333333333333;-1.2857142857142858;-0.9045584045584046;-0.1386800334168756;-0.75;-0.3333333333333333;-0.7266839378238341;-1.1951882033372137;-0.9732813318586645;0.0;-0.6201298701298702;0.1111111111111111;-0.3333333333333333;0.08343057176196035;-0.49243697478991594;0.21428571428571427;0.0;0.0648721399730821;-0.5821428571428572;0.2857142857142857;-0.25;0.05566666666666667;0.36363636363636365;-0.2857142857142857;0.26771319473907507;-0.8506269307650373;0.5;-0.75;0.43477182539682535;-0.6811658202693751;0.8181818181818182;-0.47813411078717183;0.5217391304347827;0.9423076923076923;0.10349462365591408;-0.03703703703703691;0.3;0.0625;-0.46006624953993375;0.45454545454545453;0.2;-0.18181818181818182;-0.636319729533929;0.6666666666666666;-0.5;0.2;-0.16022099447513813;0.3333333333333333;-0.024738200030353524;0.0;0.0;-0.6130932896890344;0.2;0.5458333333333334
-0.29411764705882354;-0.42857142857142855;-0.6387096774193548;-0.2941176470588236;-0.23783185840707965;0.0;0.1827956989247312;-0.37254901960784315;0.2972972972972973;-0.625;-0.19607843137254916;1.089;-0.32394366197183094;-0.2890625;-0.03418803418803419;0.2136409227683049;10;-0.4290220820189272;-0.3902439024390244;-0.5332496863237137;-0.22795698924731186;-0.27450980392156865;-0.32;-0.3076923076923077;-0.3;-0.07407407407407407;-0.5714285714285714;-0.625;-1.0;-0.7;0.0;-0.5151515151515151;-0.4166666666666667;0.0;0.0;0.0;0.25;-0.5;0.25;0.0;-0.1111111111111111;0.09090909090909091;0.375;0.37624750499002013;-0.02073241619841103;-0.2712473066794351;-0.34415786807963533;-0.35373181530676784;-0.2608695652173913;-0.4074074074074074;-0.20443120461738948;-0.23404255319148937;-0.18804664723032075;-0.19230769230769232;-0.7221666666666667;-0.5358530554574356;-0.3333333333333333;-0.75;-0.9001615508885297;-0.5156308851224106;-1.3333333333333333;-1.2857142857142858;-0.8977920227920229;-0.1851851851851852;-0.75;-0.3333333333333333;-0.565252590673575;-1.128928987194412;-0.9296815879853307;0.0;-0.6201298701298702;0.1111111111111111;-0.3333333333333333;0.027810190587320115;-0.6070028011204481;0.21428571428571427;-0.3333333333333333;0.05464333781965009;-0.5869897959183674;0.2857142857142857;-0.25;-0.22216666666666665;-0.09090909090909091;-0.2857142857142857;0.05557912600763682;-0.5604215882246047;0.08333333333333333;-0.75;0.28621031746031744;-0.5111503643188342;0.36363636363636365;-0.037900874635568224;0.0;-0.4615384615384615;-0.033602150537634295;0.4259259259259261;-0.5;-0.5625;-0.2610415899889584;-0.09090909090909091;0.2;0.0;-0.72639459067858;0.3333333333333333;-0.375;0.2;-0.5587476979742172;-0.5555555555555556;-0.324935498558203;0.0;0.0;-0.8019639934533551;0.2;0.4541666666666666
-0.23529411764705882;-0.2857142857142857;-0.6;-0.22624434389140283;-0.19469026548672566;0.0;0.11827956989247312;-0.47058823529411764;-0.08108108108108109;-1.5;-0.14052287581699394;1.138;0.1267605633802817;-0.2265625;-0.11965811965811966;0.20762286860581744;10;-0.31861198738170343;-0.3055954088952654;-0.5332496863237137;-0.22795698924731186;-0.3137254901960784;-0.2;-0.23076923076923078;-0.24;-0.07407407407407407;-0.42857142857142855;-0.5;-0.625;-0.5;0.0;-0.4772727272727273;-0.4166666666666667;0.0;0.0;0.0;-0.25;-0.5;-0.625;0.2222222222222222;-0.1111111111111111;0.09090909090909091;0.375;-0.019294743845641997;0.0554156171284634;-0.1412497007421597;-0.3506447968208205;-0.2666034155597723;-0.2826086956521739;-0.4074074074074074;-0.47402718301992164;-0.1702127659574468;-0.2031539888682745;-0.19230769230769232;-0.5555;-0.5358530554574356;-0.16666666666666666;-0.625;-0.8770597738287559;-0.4395480225988701;-1.3333333333333333;-1.1428571428571428;-0.878383190883191;-0.21999443052074633;-0.75;-0.3333333333333333;-0.40349740932642486;-0.9290842064415986;-0.8631468653588682;0.0;-0.6201298701298702;0.1111111111111111;-0.3333333333333333;0.027810190587320115;-0.6070028011204481;0.21428571428571427;-0.3333333333333333;0.04602960969044416;-0.5918367346938777;0.2857142857142857;-0.25;-0.8888333333333334;-0.7272727272727273;-0.2857142857142857;-0.3686890114552397;-0.07868435398873339;-0.5;-0.75;0.02703373015873017;-0.11856922057849413;-0.2727272727272727;0.7551020408163269;0.021739130434782532;0.019230769230769232;-0.40053763440860213;0.0;-0.8;-0.25;-0.1209054103790946;-1.0909090909090908;0.2;0.0;-1.0053127263945907;0.3333333333333333;-0.25;0.2;-0.5587476979742172;-0.8888888888888888;-0.24131127636970706;0.0;0.0;-0.8019639934533551;0.2;0.3250000000000003
-0.17647058823529413;-0.14285714285714285;-0.5548387096774193;-0.17647058823529418;-0.14823008849557523;0.0;0.053763440860215055;-0.11764705882352941;-0.05405405405405406;0.125;-0.06862745098039257;1.15;-0.014084507042253532;-0.1640625;-0.02564102564102564;0.20060180541624875;10;-0.16403785488959008;-0.23098995695839297;-0.5332496863237137;-0.22795698924731186;-0.4117647058823529;-0.24;-0.11538461538461539;-0.18;-0.07407407407407407;-0.2857142857142857;-0.375;-0.5;-0.8;0.0;-0.4621212121212121;-0.4166666666666667;0.0;0.0;0.0;-0.25;-0.5;-1.5;-0.5555555555555556;0.1111111111111111;0.09090909090909091;0.375;-0.019294743845641997;0.12904475876768076;-0.013885563801771849;-0.2792106596018233;0.6325110689437066;-0.2826086956521739;-0.2037037037037037;-0.07838391361012835;-0.0851063829787234;0.042141531937450245;-0.19230769230769232;-0.38883333333333336;-0.5358530554574356;0.0;-0.5;-0.7617124394184167;-0.28135593220338995;-1.3333333333333333;-1.0;-0.8490028490028491;-0.24032302979671402;-0.75;-0.3333333333333333;-0.24190414507772015;-0.685487000388048;-0.7723965306478838;0.0;-0.6201298701298702;0.1111111111111111;-0.3333333333333333;0.027810190587320115;-0.6070028011204481;0.21428571428571427;-0.3333333333333333;0.038492597577388966;-0.5961734693877552;0.2857142857142857;-0.25;-0.9443333333333334;-0.7272727272727273;-0.42857142857142855;-0.3990241832838354;-0.09721969834635656;-0.5;-0.75;0.03521825396825396;-0.1587546919849857;-0.2727272727272727;-0.40233236151603474;0.0;-0.019230769230769232;-0.8373655913978496;0.0;1.5;1.375;0.506348914243651;0.7272727272727273;0.2;0.0;-1.0053127263945907;0.3333333333333333;-0.125;0.2;-0.5587476979742172;1.6666666666666667;0.6216421308241008;0.0;0.0;-0.8019639934533551;0.2;0.16250000000000014
-0.11764705882352941;-0.5714285714285714;-0.5290322580645161;-0.11764705882352952;-0.10176991150442478;-0.3333333333333333;0.03225806451612903;-0.0392156862745098;-0.02702702702702703;0.125;-0.032679738562091526;1.161;-0.014084507042253532;-0.109375;0.07692307692307693;0.19658976930792377;10;-0.12618296529968467;-0.18364418938307028;-0.5332496863237137;-0.22795698924731186;-0.058823529411764705;-0.34;-0.15384615384615385;-0.1;-0.07407407407407407;-0.14285714285714285;-0.25;-0.375;-1.0;0.0;-0.4621212121212121;-0.4166666666666667;0.0;0.0;0.0;0.0;-0.5;0.125;-1.3333333333333333;-0.6666666666666666;0.09090909090909091;0.375;-0.035928143712574745;0.05638442162371641;0.023062804245471066;-0.1688354696692251;1.0162871600253005;-0.2826086956521739;-0.12962962962962962;0.24259914354868753;-0.0425531914893617;0.22926053538298438;-0.19230769230769232;-0.4443333333333334;-0.3493465206640763;-0.16666666666666666;-0.5;-0.6693053311793214;-0.46666666666666673;-1.3333333333333333;-1.0;-0.9506766381766383;-0.44165970481759953;-0.75;-0.5833333333333334;-0.3937823834196892;-0.5422972448583623;-0.7995226730310261;-0.055499999999999994;-0.38595779220779225;0.0;-0.3333333333333333;-0.027810190587320115;-0.6070028011204481;0.14285714285714285;-0.6666666666666666;0.01938088829071334;-0.5724489795918368;0.21428571428571427;-0.25;-0.6110000000000001;-0.7272727272727273;-0.42857142857142855;-0.429359355112431;-0.11684535707795744;-0.5;-0.75;-0.08878968253968253;-0.27621991609626845;-0.2727272727272727;-0.40233236151603474;0.0;0.0;-0.8373655913978496;-0.018518518518518455;0.1;-0.9375;0.42234081707765914;1.5454545454545454;-0.6;-0.36363636363636365;-0.4477179425259599;-0.3333333333333333;-0.5;-0.6;-0.36427255985267026;0.1111111111111111;0.9899833055091819;-0.3333333333333333;-0.16666666666666666;-0.6130932896890344;0.0;0.1250000000000001
-0.058823529411764705;-0.14285714285714285;-0.4838709677419355;-0.0542986425339367;-0.05254424778761062;0.0;0.043010752688172046;0.17647058823529413;0.24324324324324326;1.125;0.0;1.162;-0.14084507042253522;-0.0546875;0.23076923076923078;0.18956870611835505;10;-0.09148264984227104;-0.12195121951219506;-0.2697616060225846;-0.12043010752688176;0.0196078431372549;0.02;-0.25;-0.06;-0.18518518518518517;-0.5714285714285714;-0.125;-0.25;-1.0;-0.3;-0.4621212121212121;-0.3229166666666667;-0.16666666666666666;0.0;0.0;-0.25;0.0;0.125;0.1111111111111111;-1.4444444444444444;-0.09090909090909091;-0.375;0.39387890884896887;0.20829296647936435;0.09129359189210744;0.04544746172127631;0.3913662239089185;0.10869565217391304;0.07407407407407407;0.7843976913051575;0.02127659574468085;0.4638218923933209;-0.038461538461538464;-0.38883333333333336;-0.2772871776757329;-0.16666666666666666;-0.5;-0.5077544426494345;-0.728060263653484;-0.3333333333333333;-1.0;-0.9761396011396012;-0.5082149818991926;-0.75;-0.75;-0.3937823834196892;-0.4415017462165307;-0.7598812503638162;0.0;-0.2142857142857143;0.0;0.0;0.0;-0.5512605042016806;0.14285714285714285;-0.3333333333333333;0.01938088829071334;-0.5724489795918368;0.21428571428571427;-0.25;0.5556666666666666;0.45454545454545453;0.7142857142857143;-0.15655494272380144;0.1537343267308741;-0.5;0.125;0.03521825396825396;-0.13270037535879886;-0.2727272727272727;-0.6355685131195336;0.5434782608695653;0.4807692307692307;-0.3719758064516129;0.44444444444444453;0.8;0.375;0.0;0.9090909090909091;0.6;0.5454545454545454;-0.2675682202366578;-0.0;-0.125;0.6;-0.28913443830570895;0.8888888888888888;0.39019578084686607;0.6666666666666666;0.5;-0.30180032733224227;0.4;0.08750000000000008
0.0;-0.5714285714285714;-0.45806451612903226;0.0;0.0;0.0;0.043010752688172046;0.0;0.16216216216216217;-0.375;0.032679738562091526;1.182;0.0;0.0;0.28205128205128205;0.1855566700100301;10;-0.08832807570977927;-0.0817790530846484;-0.10539523212045163;-0.0666666666666667;0.23529411764705882;0.1;0.09615384615384616;0.02;-0.037037037037037035;-0.14285714285714285;-0.5;-0.125;-0.7;-0.6;-0.4393939393939394;-0.2604166666666667;0.16666666666666666;-0.16666666666666666;0.0;-0.25;-0.5;1.125;0.1111111111111111;0.0;-0.09090909090909091;-0.25;0.39387890884896887;0.1726409610540593;0.1358231585667543;0.08440799470136748;0.08965844402277043;0.1956521739130435;0.07407407407407407;0.7002420405883449;0.02127659574468085;0.4565332626557116;0.038461538461538464;-0.5555;-0.2772871776757329;-0.16666666666666666;-0.5;-0.4846526655896607;-0.8011299435028248;0.0;-1.0;-1.001602564102564;-0.5257588415483152;-0.75;-0.75;-0.3937823834196892;-0.4274350019402405;-0.7087141277140693;0.0;-0.2142857142857143;0.0;0.0;0.0;-0.5512605042016806;0.14285714285714285;-0.3333333333333333;0.01938088829071334;-0.5724489795918368;0.21428571428571427;-0.25;0.3333333333333333;0.09090909090909091;0.7142857142857143;-0.24756045820958844;0.1635471560966746;-0.5;0.125;-0.0709325396825397;-0.12497240008831968;-0.2727272727272727;0.029154518950437348;0.0;-0.4807692307692307;-0.3719758064516129;0.44444444444444453;-1.2;-1.3125;0.28974972396025017;-0.2727272727272727;-0.6;-0.5454545454545454;-0.16879980680994935;0.0;-0.5;-0.6;-0.28913443830570895;-1.3333333333333333;0.10062224920321752;-0.3333333333333333;-0.5;-0.235024549918167;0.4;0.08750000000000008
0.058823529411764705;-0.7142857142857143;-0.43870967741935485;0.058823529411764656;0.05530973451327434;-0.3333333333333333;0.043010752688172046;0.11764705882352941;0.16216216216216217;0.0;0.06535947712418305;1.197;0.07042253521126766;0.0703125;0.3504273504273504;0.18254764292878636;10;-0.025236593059936935;-0.04734576757532269;0.033877038895859496;0.04086021505376341;0.058823529411764705;0.32;0.17307692307692307;0.14;0.037037037037037035;-0.5714285714285714;-0.125;-0.5;-0.6;-0.6;-0.4090909090909091;-0.19791666666666666;0.0;0.16666666666666666;-0.2;-0.25;0.0;-0.375;1.0;0.0;0.09090909090909091;-0.5;-0.035928143712574745;0.2061615965898082;0.17915569387917943;0.13636186543031908;-0.11211258697027192;0.2391304347826087;0.07407407407407407;0.7762055483150252;0.02127659574468085;0.46899019347998927;0.19230769230769232;-0.6110000000000001;-0.15365595196043802;-0.3333333333333333;-0.5;-0.5077544426494345;-0.728060263653484;-0.3333333333333333;-1.0;-1.0397079772079774;-0.5433027011974381;-0.75;-0.75;-0.7266839378238341;-0.49757469926270836;-0.6543454217358402;0.0;-0.2142857142857143;0.0;0.0;-0.027810190587320115;-0.5196078431372548;0.14285714285714285;-0.3333333333333333;-0.01911170928667563;-0.5612244897959184;0.21428571428571427;-0.25;0.2778333333333333;0.09090909090909091;0.7142857142857143;-0.3082308018667798;0.143739778302744;-0.5;0.125;-0.08878968253968253;-0.1262971958489733;-0.2727272727272727;-0.10495626822157379;0.0;0.0;-0.3719758064516129;-0.018518518518518455;0.3;0.875;0.3135811556864188;-0.7272727272727273;-0.2;0.18181818181818182;-0.2675682202366578;-0.6666666666666666;-0.625;-0.2;-0.16022099447513813;0.3333333333333333;-0.09303384428593102;-0.3333333333333333;0.0;-0.235024549918167;-0.2;0.025000000000000022
0.11764705882352941;-0.14285714285714285;-0.3935483870967742;0.11764705882352931;0.11393805309734513;0.0;0.03225806451612903;0.23529411764705882;0.21621621621621623;0.375;0.09803921568627386;1.207;0.07042253521126766;0.34375;0.4444444444444444;0.17552657973921765;10;0.022082018927445168;0.0028694404591104758;0.1430363864491844;0.1483870967741935;0.17647058823529413;0.14;0.38461538461538464;0.1;0.18518518518518517;-0.7142857142857143;-0.5;-0.125;-0.5;-0.9;-0.3712121212121212;-0.16666666666666666;-0.16666666666666666;0.0;0.2;-0.25;0.5;0.0;-0.3333333333333333;0.8888888888888888;-0.5454545454545454;-0.375;-0.019294743845641997;0.2061615965898082;0.22240842710078995;0.15584213192036467;0.11195445920303608;0.2391304347826087;0.12962962962962962;0.7309625768013405;0.02127659574468085;0.527829313543599;0.3076923076923077;-0.6110000000000001;-0.15365595196043802;-0.3333333333333333;-0.5;-0.4615508885298868;-0.6738229755178907;-0.3333333333333333;-1.0;-0.9889601139601141;-0.5026455026455027;-0.75;-0.75;-0.46437823834196895;-0.536476523088863;-0.5839687991151987;-0.055499999999999994;-0.38595779220779225;0.0;-0.3333333333333333;-0.027810190587320115;-0.5196078431372548;0.14285714285714285;-0.3333333333333333;-0.0576043068640646;-0.6160714285714286;0.21428571428571427;-0.5;-0.0555;0.09090909090909091;-0.14285714285714285;-0.06576156130674586;0.13283663456296563;-0.5;0.125;-0.0709325396825397;-0.11768602340472518;-0.2727272727272727;-0.21574344023323572;0.021739130434782532;0.019230769230769232;-0.8373655913978496;0.0;0.3;-0.0625;0.152741994847258;0.6363636363636364;0.8;0.45454545454545453;-0.13450857280850045;0.5;-0.125;0.8;-0.16022099447513813;0.3333333333333333;0.12202155106996512;0.3333333333333333;0.3333333333333333;-0.42389525368248776;0.2;-0.020833333333333353
0.17647058823529413;-0.42857142857142855;-0.36129032258064514;0.17647058823529396;0.17699115044247787;-0.3333333333333333;0.010752688172043012;0.21568627450980393;0.7567567567567568;-0.125;0.14052287581699321;1.224;0.1267605633802817;0.3828125;0.5042735042735043;0.17051153460381144;10;0.05362776025236634;0.07317073170731697;0.21706398996235884;0.20215053763440857;0.29411764705882354;0.26;0.21153846153846154;0.0;0.2962962962962963;-0.14285714285714285;-0.625;-0.5;-0.4;-0.7;-0.32575757575757575;-0.11458333333333333;0.0;-0.16666666666666666;0.0;-0.25;-0.5;0.375;0.0;-0.4444444444444444;-1.1818181818181819;-0.375;0.4091816367265471;0.2848285216043404;0.2638257122336603;0.22727626913936183;-0.3284313725490196;0.3695652173913043;0.12962962962962962;-0.21336808787935188;0.40425531914893614;0.5078187119003443;0.4230769230769231;-0.5555;-0.18262098198516422;-0.3333333333333333;-0.5;-0.4846526655896607;-0.6790960451977401;-0.3333333333333333;-1.0;-0.9889601139601141;-0.5026455026455027;-0.75;-0.75;-0.3193005181347151;-0.5677143965851764;-0.5057919552942546;-0.11116666666666668;-0.38595779220779225;0.0;-0.3333333333333333;-0.05562038117464023;-0.5011204481792716;0.14285714285714285;-0.3333333333333333;-0.07671601615074022;-0.6005102040816327;0.21428571428571427;-0.5;0.05566666666666667;0.2727272727272727;-0.14285714285714285;0.26771319473907507;-0.3332727603125568;0.25;0.125;-0.12400793650793651;-0.12276440715389712;-0.2727272727272727;0.11078717201166191;0.5434782608695653;0.4615384615384615;-0.3813844086021505;0.462962962962963;-0.4;-0.5;-0.2722672064777327;0.0;-0.4;-0.5454545454545454;-0.22893021009418024;0.3333333333333333;-0.375;-0.4;-0.19042357274401467;-0.4444444444444444;-0.3006526028228866;-0.3333333333333333;-0.3333333333333333;-0.42389525368248776;0.2;-0.04583333333333338
0.23529411764705882;-0.14285714285714285;-0.3161290322580645;0.23529411764705885;0.24668141592920353;0.0;-0.053763440860215055;0.2549019607843137;0.1891891891891892;-0.125;0.21241830065359457;1.243;0.0845070422535212;0.4140625;0.5470085470085471;0.16349047141424272;10;0.10725552050473197;0.09038737446197982;0.28230865746549566;0.30967741935483867;0.27450980392156865;0.38;0.3269230769230769;0.36;0.4074074074074074;-0.42857142857142855;-0.125;-0.625;-0.3;-1.0;-0.2727272727272727;-0.09375;-0.16666666666666666;0.0;-0.2;-0.25;-0.5;-0.125;0.3333333333333333;-0.1111111111111111;0.0;-0.375;0.7957418496340655;0.40244138732803725;0.32184183225600493;0.27272373086063817;-0.6786843769765971;0.4782608695652174;0.14814814814814814;-0.4086762241668217;0.48936170212765956;0.4638218923933209;0.5769230769230769;-0.3333333333333333;-0.48110208406923344;0.0;-0.5;-0.4846526655896607;-0.6790960451977401;-0.3333333333333333;-1.0;-0.9252136752136753;-0.4912280701754387;-0.75;-0.75;-0.3193005181347151;-0.5060147458284827;-0.42319110541940735;0.0;-0.2142857142857143;0.0;0.0;-0.027810190587320115;-0.46078431372549017;0.14285714285714285;-0.3333333333333333;-0.0576043068640646;-0.5844387755102042;0.21428571428571427;-0.5;0.0;0.2727272727272727;-0.14285714285714285;0.20704285108188372;-0.3131019443939669;0.25;0.125;-0.1773313492063492;-0.13027158313093395;-0.2727272727272727;0.2769679300291551;0.5434782608695653;0.0;-0.39112903225806456;0.9074074074074076;-0.1;0.125;-0.3209422156790578;-0.36363636363636365;0.4;0.36363636363636365;-0.2675682202366578;-0.0;-0.125;0.4;-0.5016574585635358;-0.1111111111111111;-0.6368189406586735;0.6666666666666666;0.5;-0.30180032733224227;0.4;-0.09583333333333342
0.29411764705882354;-0.8571428571428571;-0.3032258064516129;0.2941176470588235;0.3213495575221239;0.0;-0.16129032258064516;0.2549019607843137;0.10810810810810811;-0.375;-0.30065359477124204;1.264;2.5915492957746475;0.4453125;0.5811965811965812;0.16148445336008024;10;0.16719242902208253;0.1061692969870876;0.32371392722710157;0.36344086021505373;0.3137254901960784;0.36;0.4423076923076923;0.44;0.5555555555555556;-0.14285714285714285;-0.375;-0.125;-0.6;-1.2;-0.24242424242424243;-0.09375;0.16666666666666666;-0.16666666666666666;0.0;-0.5;0.0;-0.125;-0.1111111111111111;0.2222222222222222;0.0;-0.375;0.39387890884896887;0.40244138732803725;0.34131354241481104;0.2792106596018233;-0.6541745730550285;0.4782608695652174;0.14814814814814814;-0.6326568609197541;0.5319148936170213;0.3910681155579115;0.6538461538461539;-0.6110000000000001;0.0;-0.5;-0.5;-0.5308562197092083;-0.536723163841808;-0.6666666666666666;-1.0;-0.899928774928775;-0.5577833472570315;-0.75;-0.75;-0.5301165803108808;-0.5568490492821109;-0.3887304266837416;0.0;-0.2142857142857143;0.0;0.0;0.0;-0.4843137254901961;0.14285714285714285;-0.3333333333333333;-0.07671601615074022;-0.6005102040816327;0.21428571428571427;-0.5;-0.3333333333333333;0.09090909090909091;-0.7142857142857143;0.08570216376750103;-0.2580410685080865;0.25;0.125;-0.26587301587301587;-0.12960918525060713;-0.2727272727272727;0.457725947521866;0.0;-0.4807692307692307;-0.3719758064516129;0.44444444444444453;-0.3;-0.1875;-0.5034965034965034;-0.2727272727272727;-1.0;-0.6363636363636364;-0.15720840376720605;-0.5;-0.75;-1.0;0.0;-0.3333333333333333;-0.6132948854150856;-0.3333333333333333;-0.5;-0.235024549918167;0.4;-0.145833333333333
0.35294117647058826;-1.0;-0.2967741935483871;0.35294117647058815;0.39823008849557523;-0.3333333333333333;-0.24731182795698925;0.35294117647058826;0.10810810810810811;0.0;0.35294117647058776;1.281;0.014084507042253532;0.46875;0.6239316239316239;0.160481444332999;10;0.23343848580441665;0.10760401721664269;0.37766624843161856;0.5247311827956989;0.3137254901960784;0.4;0.4230769230769231;0.66;0.6296296296296297;-0.8571428571428571;-0.125;-0.375;-0.3;-1.2;-0.1893939393939394;-0.09375;0.0;0.16666666666666666;-0.2;0.0;-0.5;-0.375;-0.1111111111111111;-0.2222222222222222;0.7272727272727273;-0.625;-0.019294743845641997;0.44061228444100003;0.37323437874072296;0.32467760158958975;-0.3802972802024035;0.5217391304347826;0.24074074074074073;-0.4358592440886239;0.5319148936170213;0.3224224754836999;0.7692307692307693;-0.8333333333333334;0.24655598728364533;-0.6666666666666666;-0.5;-0.6693053311793214;-0.4395480225988701;-1.0;-1.0;-0.8871082621082622;-0.6003898635477583;-0.5;-0.75;-1.0479274611398963;-0.6268917345750872;-0.40951161301589145;0.0;-0.2142857142857143;0.0;0.0;-0.05562038117464023;-0.5011204481792716;0.14285714285714285;-0.3333333333333333;-0.09609690444145357;-0.5885204081632655;0.21428571428571427;-0.5;-0.2776666666666667;0.09090909090909091;-0.5714285714285714;-0.1868901145523971;-0.6538251862620389;0.25;-0.625;-0.26587301587301587;-0.12960918525060713;-0.2727272727272727;0.370262390670554;0.021739130434782532;0.019230769230769232;-0.3813844086021505;0.0;0.2;0.25;-0.4124953993375046;0.0;-0.2;0.36363636363636365;-0.15720840376720605;-1.0;-0.875;-0.2;0.2570902394106814;0.2222222222222222;-0.35043253908028527;-0.3333333333333333;0.0;-0.235024549918167;-0.2;-0.20416666666666639
0.4117647058823529;-0.8571428571428571;-0.2838709677419355;0.4117647058823528;0.4795353982300885;0.0;-0.3548387096774194;0.39215686274509803;0.10810810810810811;0.0;0.4281045751633986;1.3;-0.0422535211267605;0.4921875;0.6666666666666666;0.1584754262788365;10;0.28706624605678227;0.13629842180774743;0.4127979924717691;0.578494623655914;0.4117647058823529;0.4;0.46153846153846156;0.48;0.7777777777777778;-1.0;-0.75;-0.125;-0.6;-0.9;-0.1590909090909091;-0.0625;-0.16666666666666666;0.0;0.2;-0.25;-0.5;0.0;-0.3333333333333333;-0.2222222222222222;-0.36363636363636365;-0.625;0.4091816367265471;0.5140476651811666;0.3914292554464925;0.3701250633108661;-0.2666034155597723;0.5217391304347826;0.2777777777777778;-0.6574194749581083;0.6595744680851063;0.2500662602703419;0.7692307692307693;-1.111;-0.6852702225362063;-0.6666666666666666;-1.125;-0.715508885298869;-0.3875706214689265;-1.0;-1.0;-0.899928774928775;-0.5781119465329992;-0.5;-0.75;-1.0479274611398963;-0.7444703143189754;-0.4594563129402175;0.0;-0.2142857142857143;0.0;0.0;-0.027810190587320115;-0.46078431372549017;0.14285714285714285;-0.3333333333333333;-0.07671601615074022;-0.5714285714285715;0.21428571428571427;-0.5;-0.22216666666666665;0.09090909090909091;-0.5714285714285714;-0.09609673313534152;-0.7010721424677449;0.25;-0.625;-0.26587301587301587;-0.12960918525060713;-0.2727272727272727;0.5189504373177848;0.5434782608695653;0.4615384615384615;-0.3813844086021505;0.462962962962963;-0.1;-0.25;-0.4124953993375046;0.18181818181818182;0.2;0.18181818181818182;-0.2675682202366578;-0.0;-0.75;0.2;-0.714548802946593;-0.1111111111111111;-0.24131127636970706;0.6666666666666666;0.5;-0.235024549918167;0.4;-0.2458333333333331
0.47058823529411764;-0.7142857142857143;-0.2645161290322581;0.4705882352941177;0.5652654867256637;-1.6666666666666667;-0.5913978494623656;0.43137254901960786;0.08108108108108109;0.0;0.4999999999999993;1.311;-0.19718309859154914;0.515625;0.7264957264957265;0.15546639919759278;10;0.34700315457413283;0.15781922525107617;0.44291091593475534;0.7376344086021505;0.45098039215686275;0.5;0.46153846153846156;0.6;1.0;-0.8571428571428571;-0.875;-0.75;-0.7;-0.8;-0.13636363636363635;-0.020833333333333332;0.16666666666666666;-0.16666666666666666;0.0;-0.5;-0.5;0.0;0.0;-0.4444444444444444;-0.09090909090909091;-0.375;-0.4288090485695276;0.12187560550280946;0.3301412497007419;0.42856586278100284;-0.5205566097406704;0.6304347826086957;0.3148148148148148;-0.7048966672872834;0.7659574468085106;0.21269546779750864;0.7692307692307693;-1.0555;-0.5358530554574356;-0.6666666666666666;-1.0;-0.715508885298869;-0.3875706214689265;-1.0;-1.0;-0.9125712250712251;-0.5675299359509886;-0.5;-0.75;-0.8877914507772021;-0.93209157935584;-0.525699982536818;-0.5555;1.7577110389610389;-1.0;0.0;-0.2779074290159471;0.3703081232492997;-0.5;-0.3333333333333333;-0.2691790040376851;-0.05586734693877559;-0.42857142857142855;-0.5;-0.0555;0.36363636363636365;-0.5714285714285714;-0.09609673313534152;-0.7010721424677449;0.25;-0.625;-0.30133928571428575;-0.1421947449768161;-0.2727272727272727;0.25364431486880523;-2.173913043478261;-2.4038461538461537;1.3723118279569897;-1.4074074074074074;-0.1;-0.0625;-0.48472580051527414;-0.09090909090909091;0.2;0.0;-0.72639459067858;0.3333333333333333;-0.625;0.2;-0.5587476979742172;-0.1111111111111111;-0.48505084231294576;-3.6666666666666665;-2.1666666666666665;1.4261865793780688;-1.6;-0.29583333333333317
0.5294117647058824;-0.42857142857142855;-0.23225806451612904;0.5294117647058824;0.6548672566371682;-1.6666666666666667;-0.8602150537634409;0.47058823529411764;0.08108108108108109;0.0;0.5751633986928102;1.322;-0.36619718309859156;0.53125;0.7777777777777778;0.15045135406218657;10;0.3817034700315458;0.17216642754662853;0.48682559598494346;0.8451612903225806;0.49019607843137253;0.54;0.5576923076923077;0.72;0.9259259259259259;-0.7142857142857143;-0.75;-0.875;-0.3;-0.7;-0.08333333333333333;0.03125;-1.6666666666666667;0.16666666666666666;-0.2;-0.25;-0.5;0.0;0.0;-0.1111111111111111;0.18181818181818182;-1.25;-0.7388556220891551;-0.309823677581864;0.2664591812305481;0.467526395761094;-0.5205566097406704;0.6739130434782609;0.35185185185185186;-0.5799664866877675;0.7659574468085106;0.07381394116087997;0.7692307692307693;-0.8333333333333334;-0.3493465206640763;-0.5;-0.75;-0.7617124394184167;-0.511487758945386;-1.0;-1.0;-0.9125712250712251;-0.5675299359509886;-0.5;-0.75;-0.6410297927461139;-1.0015521924718664;-0.5883928051691018;-1.1111666666666666;2.0819805194805197;-1.1111111111111112;0.0;-0.5834305717619603;0.7425770308123248;-0.5714285714285714;-0.3333333333333333;-0.4804845222072679;0.22627551020408163;-0.5;-0.5;-0.0555;0.36363636363636365;-0.5714285714285714;-0.1868901145523971;-0.8257314192258769;0.25;-1.0;-0.21279761904761904;-0.17796423051446236;-0.2727272727272727;0.32069970845481083;0.0;1.923076923076923;1.3655913978494627;-1.8703703703703705;-0.1;-0.0625;-0.6440927493559072;-0.09090909090909091;0.4;0.09090909090909091;-0.8659744023182807;0.5;-0.375;0.4;-0.36427255985267026;-0.1111111111111111;-0.48505084231294576;-0.3333333333333333;1.6666666666666667;1.4261865793780688;-2.2;-0.3208333333333332
0.5882352941176471;-0.42857142857142855;-0.2;0.5520361990950226;0.7461283185840708;-1.6666666666666667;-1.096774193548387;0.5294117647058824;0.10810810810810811;0.125;0.643790849673202;1.333;-0.5070422535211266;0.546875;0.8376068376068376;0.14543630892678033;10;0.41640378548895945;0.19655667144906744;0.5483061480552068;0.9548387096774195;0.5294117647058824;0.58;0.5961538461538461;0.7;0.7407407407407407;-0.42857142857142855;-0.625;-0.75;-0.5;-0.6;-0.045454545454545456;0.09375;-1.8333333333333333;-1.6666666666666667;0.2;-0.5;-0.5;0.0;0.0;-0.1111111111111111;-0.18181818181818182;-2.125;-0.019294743845641997;-0.5896144158108895;0.20197909185220642;0.5129738574823703;-0.4388045540796964;0.717391304347826;0.4074074074074074;-0.5252280767082479;0.8085106382978723;-0.3185793798038695;1.4615384615384615;-0.6666666666666666;-0.48110208406923344;-0.3333333333333333;-0.75;-0.7617124394184167;-0.511487758945386;-1.0;-1.0;-0.9252136752136753;-0.5781119465329992;-0.5;-0.75;-0.48575129533678757;-0.9834109429569265;-0.6372897141859246;-1.8333333333333333;-0.2142857142857143;-1.2222222222222223;-3.6666666666666665;-0.8889537145079736;0.9899159663865544;-0.6428571428571429;-0.3333333333333333;-0.7114401076716016;0.44591836734693874;-0.5714285714285714;-0.5;0.0;0.36363636363636365;-0.42857142857142855;-0.1264319049639372;-0.7968380883154642;0.25;-0.875;0.017609126984126987;-0.5120335614926033;0.5454545454545454;0.3381924198250732;0.021739130434782532;0.019230769230769232;1.0930779569892475;0.0;0.0;0.0;-0.5910011041589989;0.0;0.0;-0.18181818181818182;-0.7638251630041053;0.3333333333333333;-0.375;0.0;-0.5016574585635358;0.0;-0.4065867354682045;-0.3333333333333333;0.0;1.0880523731587561;-0.2;-0.34999999999999987
0.6470588235294118;-0.7142857142857143;-0.18064516129032257;0.6470588235294117;0.8401548672566371;-2.0;-1.3333333333333333;0.5490196078431373;0.16216216216216217;0.125;0.7091503267973851;1.344;-0.6338028169014083;0.5546875;0.8803418803418803;0.1424272818455366;10;0.4511041009463724;0.2238163558106171;0.5633626097866999;1.0623655913978496;0.5882352941176471;0.62;0.6346153846153846;0.74;1.4074074074074074;-0.42857142857142855;-0.375;-0.625;-0.3;-0.5;0.007575757575757576;0.16666666666666666;-2.0;-1.8333333333333333;-2.0;0.0;-0.5;0.125;0.0;-0.1111111111111111;-0.18181818181818182;-0.5;-0.019294743845641997;-0.6306917264096106;0.13462612720453257;0.5519343904624615;-0.5075901328273245;0.7608695652173914;0.42592592592592593;-0.5377024762614037;0.8085106382978723;-0.39557381394116076;1.6153846153846154;-0.6666666666666666;-0.48110208406923344;-0.3333333333333333;-0.75;-0.8539579967689821;-0.7453860640301317;-1.0;-1.2857142857142858;-0.9761396011396012;-0.6084656084656085;-0.5;-0.75;-0.6410297927461139;-0.8862048894062862;-0.6741370277664589;-2.0;-0.2142857142857143;-1.3333333333333333;-4.0;-1.2779074290159471;1.0352941176470587;-0.7142857142857143;-0.3333333333333333;-0.9612382234185735;0.627295918367347;-0.6428571428571429;-0.5;0.05566666666666667;0.36363636363636365;-0.42857142857142855;-0.06576156130674586;-0.7835725967654007;0.25;-0.875;0.017609126984126987;-0.5120335614926033;0.5454545454545454;0.4460641399416911;0.0;-0.019230769230769232;-0.8373655913978496;0.0;-0.2;-0.1875;-0.5520794994479205;-0.09090909090909091;-0.4;-0.18181818181818182;-0.5223375996136199;-0.3333333333333333;-0.625;-0.4;-0.5016574585635358;-0.2222222222222222;-0.4726058582485961;-0.3333333333333333;0.0;-0.8019639934533551;-0.2;-0.3749999999999999
0.7058823529411765;-0.7142857142857143;-0.16129032258064516;0.7058823529411765;0.9397123893805309;-2.0;-1.6344086021505377;0.5490196078431373;0.16216216216216217;0.0;0.7875816993464048;1.357;-0.7887323943661971;0.5625;0.9230769230769231;0.13941825476429287;10;0.485804416403786;0.2539454806312769;0.5771643663739021;1.1698924731182796;0.6078431372549019;0.68;0.6730769230769231;0.74;1.5555555555555556;-0.7142857142857143;-0.375;-0.375;-0.8;-0.8;0.022727272727272728;0.20833333333333334;-2.1666666666666665;-2.0;-2.2;-0.25;-1.0;0.125;0.1111111111111111;-0.1111111111111111;-0.36363636363636365;-0.5;-0.035928143712574745;-0.5527998449912808;0.06392147474263812;0.5779210659601823;-0.7455724225173941;0.8260869565217391;0.42592592592592593;-0.7672686650530626;0.9148936170212766;-0.4778690697058043;1.6923076923076923;-0.7776666666666667;-0.48110208406923344;-0.3333333333333333;-0.75;-0.8308562197092083;-0.7694915254237288;-1.0;-1.2857142857142858;-0.9889601139601141;-0.6020607073238652;-0.5;-0.75;-0.8095854922279793;-0.8212068296468761;-0.7214040398160544;-2.1666666666666665;-0.2142857142857143;-1.4444444444444444;-4.333333333333333;-1.6668611435239207;0.9745098039215686;-0.7857142857142857;-0.3333333333333333;-1.2113055181695829;0.7905612244897958;-0.7142857142857143;-0.5;0.05566666666666667;0.36363636363636365;-0.42857142857142855;0.025243954179041145;-0.9393058331819009;0.5;-0.875;0.0;-0.5122543607860456;0.5454545454545454;0.5976676384839653;0.0;0.0;-0.8373655913978496;-0.018518518518518455;-0.3;-0.125;-0.5034965034965034;-0.36363636363636365;0.0;0.18181818181818182;-0.72639459067858;-0.3333333333333333;-0.625;0.0;-0.5016574585635358;-0.3333333333333333;-0.7010168462589162;-0.3333333333333333;0.0;-0.8019639934533551;-0.2;-0.3999999999999999
0.7647058823529411;-1.1428571428571428;-0.16129032258064516;0.7647058823529411;1.040929203539823;-2.0;-1.903225806451613;0.7450980392156863;0.40540540540540543;1.125;0.8562091503267972;1.365;-0.9718309859154929;0.5703125;0.9914529914529915;0.13941825476429287;10;0.5268138801261831;0.27833572453371586;0.578419071518193;1.3311827956989248;0.6078431372549019;0.7;0.7307692307692307;0.84;1.962962962962963;-0.7142857142857143;-0.625;-0.375;-0.9;-0.5;0.030303030303030304;0.28125;-2.3333333333333335;-2.1666666666666665;-2.4;-0.5;0.0;0.0;0.1111111111111111;0.0;-0.09090909090909091;0.5;-0.035928143712574745;-0.3669831428017827;0.020828345702657347;0.6493357229126894;0.07621758380771666;0.8478260869565217;0.6111111111111112;-0.4259914354868738;0.9574468085106383;-0.29088258680095413;1.6923076923076923;-1.0555;-0.2772871776757329;-0.8333333333333334;-1.0;-0.8539579967689821;-0.6685499058380414;-1.3333333333333333;-1.2857142857142858;-1.0779914529914532;-0.5781119465329992;-0.75;-0.75;-1.0148963730569946;-0.8702949165696545;-0.7696606321671807;-2.277833333333333;-0.38595779220779225;-1.4444444444444444;-4.666666666666667;-2.028199144301828;0.7591036414565826;-0.7857142857142857;-0.3333333333333333;-1.4995962314939435;0.8698979591836734;-0.7142857142857143;-0.5;0.5;0.36363636363636365;0.7142857142857143;0.2978362324989393;-0.4266763583499909;0.5;0.125;0.0;-0.5122543607860456;0.5454545454545454;0.2973760932944609;0.0;0.0;-0.8568548387096775;-0.018518518518518455;0.7;0.5625;-0.13728376886271623;0.45454545454545453;-0.6;-0.2727272727272727;-0.636319729533929;-0.5;-1.0;-0.6;-0.28913443830570895;0.7777777777777778;0.08772196084383066;0.0;0.16666666666666666;-0.6130932896890344;0.0;-0.4291666666666666
0.8235294117647058;-1.1428571428571428;-0.16129032258064516;0.8235294117647058;1.1438053097345133;-2.0;-2.150537634408602;0.6078431372549019;0.43243243243243246;0.125;0.9215686274509796;1.378;-1.0704225352112677;0.578125;1.0256410256410255;0.13941825476429287;10;0.5520504731861201;0.3055954088952655;0.603513174404015;1.438709677419355;0.803921568627451;0.7;0.75;0.88;1.6296296296296295;-1.1428571428571428;-0.625;-0.625;-0.8;-0.8;0.045454545454545456;0.3229166666666667;-2.3333333333333335;-2.3333333333333335;-2.6;0.0;-0.5;1.125;0.0;0.0;-0.09090909090909091;-1.0;-0.035928143712574745;-0.018601046308854893;-0.020030324794509714;0.668815989402735;-0.025300442757748284;0.8478260869565217;0.6111111111111112;-0.5496183206106868;1.0;-0.4281738669493771;1.9230769230769231;-1.2221666666666666;-0.2772871776757329;-0.8333333333333334;-1.0;-0.9001615508885297;-0.5453860640301318;-1.3333333333333333;-1.2857142857142858;-1.1287393162393164;-0.521581732108048;-0.75;-0.75;-1.2953367875647668;-1.0026193247962745;-0.837301356307119;-2.3333333333333335;-0.6201298701298702;-1.4444444444444444;-5.0;-2.444768572539868;-0.2596638655462184;-0.7857142857142857;-4.0;-1.7687752355316286;0.9183673469387755;-0.7142857142857143;-0.5;0.5;0.36363636363636365;0.7142857142857143;0.32817140432753494;-0.43721606396511;0.5;0.125;0.07068452380952381;-0.5500110399646722;0.5454545454545454;0.7492711370262395;0.0;0.0;-0.8568548387096775;-0.018518518518518455;-1.0;-1.125;0.1420684578579316;-0.18181818181818182;0.0;0.2727272727272727;-0.58705626660227;-0.5;-1.0;0.0;-0.28913443830570895;-1.1111111111111112;-0.009713158294126582;0.0;0.0;-0.6130932896890344;0.2;-0.4458333333333333
0.8823529411764706;-1.1428571428571428;-0.16129032258064516;0.8823529411764705;1.2527654867256637;-1.6666666666666667;-2.4408602150537635;0.7647058823529411;0.6756756756756757;1.0;0.9967320261437905;1.389;-1.2394366197183098;0.578125;1.0683760683760684;0.13941825476429287;10;0.5930599369085173;0.32137733142037295;0.6223337515683814;1.546236559139785;0.6666666666666666;0.9;0.75;0.92;1.8518518518518519;-1.1428571428571428;-1.0;-0.625;-0.7;-0.9;0.06818181818181818;0.3541666666666667;-2.3333333333333335;-2.3333333333333335;-2.8;-2.75;-1.0;0.125;1.0;-0.1111111111111111;-0.09090909090909091;-0.625;0.39387890884896887;0.0951366014338306;-0.03335727396057799;0.7402501266217322;-0.14753320683111953;0.9130434782608695;0.6296296296296297;-0.452802085272761;1.0425531914893618;-0.4084283063874901;2.1153846153846154;-1.3888333333333334;-0.8890851289297068;-0.8333333333333334;-1.375;-0.9693053311793214;-0.4587570621468926;-1.3333333333333333;-1.2857142857142858;-1.1670227920227922;-0.4756335282651073;-0.75;-0.75;-1.2953367875647668;-1.1989716724873882;-0.9317189591943651;-2.222166666666667;-0.15137987012987014;-1.4444444444444444;-4.333333333333333;-2.5003889537145083;-0.3725490196078431;-0.7857142857142857;-4.333333333333333;-1.9803499327052494;0.9102040816326531;-0.7142857142857143;-0.5;0.9445;0.45454545454545453;0.7142857142857143;0.5706406448875689;-0.32091586407414135;0.5;0.125;0.21254960317460317;-0.41576506955177744;0.5454545454545454;0.5976676384839653;0.5434782608695653;0.4807692307692307;-0.3719758064516129;0.44444444444444453;0.5;0.875;0.2108943687891056;-0.36363636363636365;0.0;0.0;-0.58705626660227;-0.0;-1.0;0.0;-0.9270718232044197;0.5555555555555556;-0.12702989831537406;0.6666666666666666;0.3333333333333333;-0.42389525368248776;0.6;-0.475
0.9411764705882353;-1.1428571428571428;-0.16129032258064516;0.9411764705882352;1.364491150442478;-3.3333333333333335;-2.860215053763441;0.29411764705882354;0.21621621621621623;-2.125;1.068627450980392;1.411;-1.2394366197183098;0.578125;1.0427350427350428;0.13941825476429287;10;0.6277602523659309;0.33715925394548074;0.6348808030112923;1.6559139784946237;0.8235294117647058;0.76;0.9423076923076923;0.96;2.074074074074074;-1.1428571428571428;-1.0;-1.0;-0.5;-0.5;0.10606060606060606;0.4270833333333333;-2.0;-2.3333333333333335;-2.8;-3.0;-0.5;1.0;0.1111111111111111;0.8888888888888888;-0.09090909090909091;-0.25;-0.2588157019294743;-0.26680875799263726;-0.15697071263267115;0.5908949234425527;1.0955091714104999;0.5652173913043478;0.6296296296296297;-0.022528393222863277;0.851063829787234;-0.44116087993639014;2.1153846153846154;-1.3888333333333334;-0.8890851289297068;-0.8333333333333334;-1.375;-1.0848142164781904;-0.5412429378531074;-1.3333333333333333;-1.2857142857142858;-1.256054131054131;-0.5190754664438875;-0.75;-0.75;-1.2953367875647668;-1.383197516492045;-1.0115256999825366;-2.7778333333333336;1.9890422077922076;-2.5555555555555554;-4.333333333333333;-2.8615324776351616;0.4613445378151261;-1.5;-4.666666666666667;-2.441722745625841;1.1770408163265305;-1.4285714285714286;-0.5;-0.5;-1.1818181818181819;0.5714285714285714;0.05557912600763682;0.520625113574414;-0.9166666666666666;0.125;-0.14186507936507936;0.14307794215058506;-0.7272727272727273;1.6734693877551023;-2.717391304347826;-2.8846153846153846;1.843413978494624;-1.8703703703703705;-2.7;-2.0625;0.8290393816709607;-1.9090909090909092;0.0;0.0;-1.0053127263945907;-0.0;-1.0;0.0;-0.9270718232044197;-3.0;1.0660191227803917;-4.0;-2.3333333333333335;1.676595744680851;-1.8;-0.5
1.0;-1.1428571428571428;-0.16129032258064516;0.9999999999999998;1.420353982300885;-2.3333333333333335;-2.064516129032258;0.803921568627451;0.40540540540540543;1.0;1.1405228758169932;1.42;-1.4225352112676055;0.5703125;1.0854700854700854;0.13941825476429287;10;0.6971608832807574;0.3529411764705882;0.6562107904642408;1.8172043010752688;0.35294117647058826;0.92;0.8076923076923077;1.02;2.037037037037037;-1.1428571428571428;-1.0;-1.0;-0.5;-0.7;0.14393939393939395;0.4791666666666667;-4.0;-2.0;-2.8;-3.25;-1.0;-2.125;0.8888888888888888;0.0;0.0;-0.75;0.4091816367265471;-0.2621584964154233;-0.17061687016199836;0.6558421319203647;1.4509803921568627;0.5652173913043478;0.6666666666666666;0.15974678830757782;0.851063829787234;-0.38894778690697057;2.1923076923076925;-1.3888333333333334;-0.8890851289297068;-0.8333333333333334;-1.375;-1.2001615508885297;-0.7694915254237288;-1.3333333333333333;-1.5714285714285714;-1.3196225071225072;-0.5240879977722084;-0.75;-0.75;-1.2953367875647668;-1.5021342646488163;-1.087723383200419;-2.888833333333333;1.8595779220779225;-2.5555555555555554;-4.333333333333333;-2.9727732399844427;0.4159663865546219;-1.5;-4.666666666666667;-2.73028263795424;1.142091836734694;-1.4285714285714286;-0.5;-0.111;-1.1818181818181819;0.5714285714285714;0.26771319473907507;0.6069416681809922;-0.9166666666666666;0.125;0.017609126984126987;0.22676087436520206;-0.7272727272727273;0.6472303206997091;1.6521739130434783;3.8653846153846154;2.6538978494623664;-0.925925925925926;2.3;3.0625;1.6861428045638571;-0.2727272727272727;0.0;0.0;-1.0053127263945907;-0.0;-1.0;0.0;-0.9270718232044197;2.5555555555555554;1.4071938078615875;2.6666666666666665;3.3333333333333335;2.557446808510638;-0.6;-0.5458333333333334
1.0588235294117647;-1.1428571428571428;-0.16129032258064516;1.0588235294117645;1.4740044247787611;-2.3333333333333335;-1.1720430107526882;0.43137254901960786;0.10810810810810811;-1.375;1.2124183006535945;1.442;-1.4225352112676055;0.5703125;1.0683760683760684;0.13941825476429287;10;0.7255520504731862;0.368723098995696;0.6800501882057717;1.978494623655914;0.8627450980392157;0.44;0.9615384615384616;1.04;2.111111111111111;-1.1428571428571428;-1.0;-1.0;-0.7;-0.5;0.16666666666666666;0.5520833333333334;-2.6666666666666665;-4.0;-2.4;-3.5;0.0;1.0;-1.8888888888888888;0.7777777777777778;0.0;-0.75;1.3176979374584172;-0.22030614222050002;-0.14436198228393593;0.5454474617212763;1.2906388361796333;0.5652173913043478;0.6666666666666666;0.2796499720722399;0.851063829787234;-0.4729658097005036;2.1923076923076925;-1.3888333333333334;-0.8890851289297068;-0.8333333333333334;-1.375;-1.2693053311793212;-0.8937853107344633;-1.3333333333333333;-1.5714285714285714;-1.4086538461538463;-0.6357560568086884;-0.75;-0.9166666666666666;-1.2953367875647668;-1.6121459060923553;-1.1356889225216833;-3.2221666666666664;1.0693993506493507;-2.5555555555555554;-5.666666666666667;-3.111629716063789;0.40756302521008403;-1.5;-4.666666666666667;-3.095558546433378;1.0334183673469388;-1.4285714285714286;-0.5;-1.1666666666666667;-1.1818181818181819;0.5714285714285714;-0.09609673313534152;0.8184626567326911;-0.9166666666666666;0.125;-0.15947420634920637;0.38463236917641863;-0.7272727272727273;1.7988338192419833;0.0;-1.4615384615384615;2.553427419354839;1.3888888888888893;-2.2;-2.875;1.8897681266102317;0.18181818181818182;0.0;0.0;-1.0053127263945907;-0.0;-1.0;0.0;-0.9270718232044197;-2.4444444444444446;1.2533009561390196;-0.6666666666666666;-1.6666666666666667;2.471358428805237;1.4;-0.5666666666666668
-0.9411764705882353;1.0;-0.896774193548387;-0.9411764705882354;-0.5077433628318584;0.0;0.34408602150537637;-0.9215686274509803;-0.21621621621621623;0.875;-2.9673202614379086;0.324;0.8450704225352113;-2.609375;-2.9743589743589745;0.1534603811434303;11;-2.7318611987381702;-1.0946915351506454;-0.4730238393977414;-0.22580645161290322;-0.8627450980392157;-0.8;-0.6923076923076923;-0.46;-0.1111111111111111;1.0;0.875;0.875;0.5;0.3;-0.6742424242424242;-0.3854166666666667;0.16666666666666666;0.16666666666666666;0.2;0.0;0.0;0.875;0.7777777777777778;0.6666666666666666;0.5454545454545454;0.25;-1.1111111111111114;-1.7763999224956404;-1.4081876945175964;-0.8766119920520512;-0.16587602783048697;-0.782608695652174;-0.9629629629629629;-0.7253770247626138;-0.46808510638297873;-1.0716936125099388;-0.11538461538461539;1.1111666666666666;-0.3896149770399152;1.6666666666666667;0.5;1.0846526655896607;-0.7883239171374764;3.6666666666666665;0.14285714285714285;0.9570868945868947;-0.7593984962406016;3.0;-0.08333333333333333;0.19300518134715028;-0.7204113310050445;-1.1167704755806507;0.16666666666666666;-0.04626623376623381;0.2222222222222222;0.0;0.1944768572539868;-0.3168067226890756;0.2857142857142857;-0.3333333333333333;0.21157469717362049;-0.3969387755102042;0.35714285714285715;-0.5;1.1111666666666666;1.0;0.42857142857142855;1.4495120916419175;0.1284753770670543;1.0833333333333333;-0.125;1.6297123015873014;0.25237359240450424;1.4545454545454546;-1.6122448979591837;-0.5434782608695653;0.5;-0.23924731182795694;-0.462962962962963;-0.9;0.6875;0.13663967611336028;-0.45454545454545453;-0.4;0.2727272727272727;-0.4931176044433712;-0.16666666666666666;0.625;0.2;-0.6666666666666666;0.3333333333333333;-0.14463499772347843;-0.6666666666666666;0.5;-0.10769230769230774;0.0;9.358333333333334
-0.8823529411764706;0.7142857142857143;-0.8129032258064516;-0.8823529411764707;-0.49557522123893805;-0.3333333333333333;0.3225806451612903;-1.0392156862745099;-0.2702702702702703;-0.25;-2.222222222222222;0.544;0.7323943661971831;-2.609375;-2.9743589743589745;0.14042126379137412;11;-2.7318611987381702;-1.0946915351506454;-0.4730238393977414;-0.22580645161290322;-0.8627450980392157;-0.8;-0.6923076923076923;-0.46;-0.1111111111111111;1.0;0.875;0.875;0.5;0.3;-0.6742424242424242;-0.3854166666666667;0.16666666666666666;0.16666666666666666;0.2;0.0;0.0;0.875;0.7777777777777778;0.6666666666666666;0.5454545454545454;0.25;-1.1111111111111114;-1.7763999224956404;-1.4081876945175964;-0.935052791522188;-0.16587602783048697;-0.9130434782608695;-0.9629629629629629;-0.7253770247626138;-0.5957446808510638;-1.0716936125099388;-0.34615384615384615;0.9445;-0.3896149770399152;1.3333333333333333;0.5;0.9231017770597738;-0.7883239171374764;3.0;0.14285714285714285;0.7790242165242166;-0.7593984962406016;2.5;-0.08333333333333333;0.19300518134715028;-0.7204113310050445;-1.1167704755806507;0.0;-0.04626623376623381;0.0;0.0;0.0;-0.3168067226890756;0.14285714285714285;-0.3333333333333333;-0.0576043068640646;-0.3969387755102042;0.21428571428571427;-0.5;0.36116666666666664;0.18181818181818182;0.42857142857142855;0.4949087823504455;0.1284753770670543;0.3333333333333333;-0.125;0.513640873015873;0.25237359240450424;0.6363636363636364;-0.15451895043731761;-0.5434782608695653;0.5;-0.23924731182795694;-0.462962962962963;-0.9;0.6875;0.13663967611336028;-0.45454545454545453;-0.4;0.2727272727272727;-0.4931176044433712;-0.16666666666666666;0.625;0.2;-0.6666666666666666;0.3333333333333333;-0.14463499772347843;-0.6666666666666666;0.5;-0.10769230769230774;0.0;9.358333333333334
-0.8235294117647058;0.8571428571428571;-0.7225806451612903;-0.8235294117647061;-0.4811946902654867;0.0;0.3118279569892473;-0.9215686274509803;-0.2702702702702703;0.125;-1.69281045751634;0.695;0.5774647887323944;-2.609375;-2.9743589743589745;0.12637913741223672;11;-2.0378548895899056;-1.0946915351506454;-0.4730238393977414;-0.22580645161290322;-0.9803921568627451;-0.8;-0.6923076923076923;-0.46;-0.1111111111111111;0.7142857142857143;0.875;0.875;0.5;0.3;-0.6742424242424242;-0.3854166666666667;-0.16666666666666666;0.16666666666666666;0.2;0.0;0.0;-0.25;0.7777777777777778;0.6666666666666666;0.5454545454545454;0.25;-0.4108449767132401;-1.3685332299941873;-1.2402042933524857;-0.9155725250321424;-0.2890575585072739;-0.9130434782608695;-0.9629629629629629;-0.8704151927015451;-0.5957446808510638;-1.1749271137026236;-0.34615384615384615;0.9445;-0.5358530554574356;1.3333333333333333;0.5;0.9231017770597738;-0.9442561205273069;3.0;0.14285714285714285;0.7790242165242166;-0.8746867167919801;2.5;-0.08333333333333333;0.8910297927461139;-0.3021924718665113;-0.865824553233599;0.0;-0.2142857142857143;0.0;0.0;0.0;-0.43277310924369744;0.14285714285714285;-0.3333333333333333;-0.0576043068640646;-0.5025510204081634;0.21428571428571427;-0.5;0.2778333333333333;0.18181818181818182;0.42857142857142855;0.3888417479847263;-0.1951662729420316;0.3333333333333333;-0.125;0.3896329365079365;-0.1408699492161625;0.6363636363636364;-0.5568513119533524;0.021739130434782532;0.5;-0.23924731182795694;-0.462962962962963;0.3;0.6875;0.13663967611336028;-0.45454545454545453;0.2;0.2727272727272727;-0.4931176044433712;-0.16666666666666666;0.75;0.2;-0.6666666666666666;0.3333333333333333;-0.14463499772347843;0.3333333333333333;0.5;-0.10769230769230774;0.0;4.158333333333334
-0.7647058823529411;1.0;-0.6258064516129033;-0.7647058823529412;-0.4646017699115044;-0.6666666666666666;0.25806451612903225;-0.9411764705882353;-0.35135135135135137;-0.5;-1.3169934640522878;0.797;0.39436619718309857;-2.609375;-2.9743589743589745;0.11133400200601805;11;-1.5615141955835965;-1.0946915351506454;-0.4730238393977414;-0.22580645161290322;-0.8627450980392157;-0.92;-0.6923076923076923;-0.46;-0.1111111111111111;0.8571428571428571;0.625;0.875;0.5;0.3;-0.6742424242424242;-0.3854166666666667;0.0;-0.16666666666666666;0.2;0.0;0.0;0.125;-0.2222222222222222;0.6666666666666666;0.5454545454545454;0.25;-0.7198935462408517;-1.3815152102305757;-1.245551033437076;-0.9220594537733275;-0.3284313725490196;-0.9130434782608695;-0.9629629629629629;-0.9806367529324146;-0.5957446808510638;-1.253379273787437;-0.34615384615384615;0.9445;-0.5358530554574356;1.3333333333333333;0.5;0.9634894991922456;-0.96045197740113;3.0;0.14285714285714285;0.823539886039886;-0.886661097187413;2.5;-0.08333333333333333;1.05294689119171;0.14212262320527744;-0.5992199778799697;-0.2778333333333333;0.22483766233766228;-0.3333333333333333;-0.3333333333333333;-0.1944768572539868;-0.1078431372549019;-0.07142857142857142;-0.3333333333333333;-0.32678331090174967;-0.2066326530612245;0.0;-0.5;-0.3333333333333333;0.0;-0.42857142857142855;0.07064064488756892;-0.1564601126658186;0.16666666666666666;-0.125;0.017609126984126987;-0.09383969971296088;0.45454545454545453;-0.38192419825072893;-1.0869565217391306;-0.9807692307692306;0.0;-0.925925925925926;-0.4;-0.5;-0.08943687891056315;0.0;0.2;0.0;-0.58705626660227;0.3333333333333333;0.875;0.2;-0.5587476979742172;-0.4444444444444444;-0.3006526028228866;-1.3333333333333333;-0.8333333333333334;0.021931260229132478;-0.4;2.4958333333333336
-0.7058823529411765;1.0;-0.5290322580645161;-0.7058823529411765;-0.4452433628318584;-0.6666666666666666;0.20430107526881722;-0.8431372549019608;-0.40540540540540543;-0.25;-1.0294117647058825;0.872;0.21126760563380279;-2.609375;-2.9743589743589745;0.09628886659979939;11;-1.2397476340694005;-1.0946915351506454;-0.4730238393977414;-0.22580645161290322;-0.8823529411764706;-0.8;-0.8076923076923077;-0.46;-0.1111111111111111;1.0;0.75;0.625;0.5;0.3;-0.6742424242424242;-0.3854166666666667;-0.6666666666666666;0.0;-0.2;0.0;0.0;-0.5;0.1111111111111111;-0.3333333333333333;0.5454545454545454;0.25;-0.7388556220891551;-1.1652780468901378;-1.1564919000877822;-0.8571317255620057;-0.41840607210626185;-0.8043478260869565;-0.8888888888888888;-0.8491900949543846;-0.5957446808510638;-1.15981977206467;-0.34615384615384615;1.0556666666666665;-0.6852702225362063;1.5;0.5;0.9877221324717287;-0.9841807909604519;3.0;0.14285714285714285;0.8502492877492879;-0.9042049568365358;2.5;-0.08333333333333333;1.133419689119171;0.5823632130384168;-0.3350602479771814;-0.38883333333333336;0.22483766233766228;-0.3333333333333333;-0.3333333333333333;-0.2722676001555815;-0.1319327731092437;-0.07142857142857142;-0.3333333333333333;-0.43445491251682367;-0.22857142857142868;0.0;-0.5;-0.3333333333333333;0.0;-0.42857142857142855;-0.03542638947815019;-0.24641104851898962;0.16666666666666666;-0.125;-0.10639880952380952;-0.2031353499668801;0.45454545454545453;-0.5306122448979591;0.0;0.9615384615384615;0.12298387096774199;-0.9444444444444444;0.2;0.3125;-0.2957305852042694;-0.09090909090909091;0.0;-0.09090909090909091;-0.8659744023182807;0.16666666666666666;0.875;0.0;-0.714548802946593;0.2222222222222222;-0.3870086507816057;0.3333333333333333;0.8333333333333334;0.14304418985270043;-0.4;1.7291666666666665
-0.6470588235294118;0.2857142857142857;-0.4645161290322581;-0.6470588235294118;-0.42367256637168144;-0.3333333333333333;0.16129032258064516;-0.7254901960784313;-0.3783783783783784;0.125;-0.8169934640522878;0.921;-0.014084507042253532;-2.609375;-2.9743589743589745;0.08625877632898696;11;-1.003154574132492;-1.0946915351506454;-0.4730238393977414;-0.22580645161290322;-0.7843137254901961;-0.82;-0.6923076923076923;-0.46;-0.1111111111111111;1.0;0.875;0.75;0.5;0.3;-0.6742424242424242;-0.3854166666666667;-0.5;-0.6666666666666666;0.0;0.0;0.0;-0.25;-0.4444444444444444;0.0;0.5454545454545454;0.25;-0.035928143712574745;-0.8695989149389654;-1.034713909504429;-0.7922039973506837;0.03415559772296018;-0.8043478260869565;-0.7777777777777778;-0.5133122323589647;-0.5957446808510638;-0.9207527166710839;-0.34615384615384615;0.8333333333333334;0.1306958671847404;0.8333333333333334;0.5;0.8693053311793215;-0.5804143126177025;2.0;0.14285714285714285;0.7197293447293447;-0.6056808688387636;1.75;-0.08333333333333333;0.7420660621761658;0.8904734187039195;-0.15018336340881297;-0.5;-0.2142857142857143;-0.3333333333333333;-1.0;-0.29171528588098017;-0.18879551820728288;-0.07142857142857142;-0.3333333333333333;-0.4613728129205922;-0.2803571428571429;0.0;-0.5;-0.3333333333333333;0.0;-0.42857142857142855;0.0;-0.3249136834453934;0.16666666666666666;-0.125;-0.06498015873015874;-0.2985206447339368;0.45454545454545453;-0.740524781341108;0.0;0.0;0.11323924731182804;-0.018518518518518455;0.3;0.0;-0.2957305852042694;0.5454545454545454;-1.0;-0.45454545454545453;-0.22893021009418024;-0.8333333333333334;0.25;-1.0;0.13627992633517497;0.3333333333333333;0.04735164668386709;0.3333333333333333;0.0;0.14304418985270043;0.6;1.279166666666667
-0.5882352941176471;-1.1428571428571428;-0.4645161290322581;-0.6787330316742082;-0.40154867256637167;-0.3333333333333333;0.16129032258064516;-0.6470588235294118;-0.2702702702702703;0.25;-0.6535947712418305;0.961;-0.15492957746478875;-0.5;-0.42735042735042733;0.08625877632898696;11;-0.8485804416403784;-1.0946915351506454;-0.4730238393977414;-0.22580645161290322;-0.6666666666666666;-0.72;-0.7115384615384616;-0.46;-0.1111111111111111;0.2857142857142857;0.875;0.875;0.5;0.3;-0.6742424242424242;-0.3854166666666667;-0.3333333333333333;-0.5;-0.8;0.0;0.0;0.125;-0.2222222222222222;-0.5555555555555556;0.5454545454545454;0.25;-0.019294743845641997;-0.5496996706064716;-0.9029606575692284;-0.6948026649004558;-0.04095509171410491;-0.6956521739130435;-0.7037037037037037;-0.2299385589275739;-0.5957446808510638;-0.7190564537503312;-0.34615384615384615;0.0;1.8089014482515013;-0.8333333333333334;0.5;0.5537964458804524;0.7389830508474576;-1.3333333333333333;0.14285714285714285;0.37197293447293456;0.3698134224450015;-0.75;-0.08333333333333333;-0.3604274611398964;0.9673069460613116;-0.10408056347866582;-0.38883333333333336;-0.38595779220779225;-0.2222222222222222;-1.0;-0.3055231427460133;-0.23165266106442575;-0.07142857142857142;-0.3333333333333333;-0.4804845222072679;-0.31938775510204087;0.0;-0.5;0.0;0.18181818181818182;-0.2857142857142857;0.05557912600763682;-0.37397783027439574;0.16666666666666666;-0.125;0.0;-0.3581364539633473;0.45454545454545453;-0.6909620991253641;0.021739130434782532;0.019230769230769232;-0.8373655913978496;0.0;0.1;-0.1875;-0.5520794994479205;0.45454545454545453;-2.0;-0.45454545454545453;0.2021250905578362;-2.5;-1.0;-2.0;1.8861878453038674;0.1111111111111111;-0.024738200030353524;0.0;-0.16666666666666666;-0.6130932896890344;0.4;1.0250000000000006
-0.5294117647058824;-1.0;-0.45806451612903226;-0.5294117647058825;-0.37389380530973454;0.0;0.10752688172043011;-0.6274509803921569;-0.35135135135135137;-0.125;-0.5261437908496732;1.005;-0.0845070422535211;-0.515625;-0.4700854700854701;0.08525576730190572;11;-0.7223974763406941;-1.0946915351506454;-0.4730238393977414;-0.22580645161290322;-0.5882352941176471;-0.6;-0.6153846153846154;-0.46;-0.1111111111111111;-1.1428571428571428;0.25;0.875;0.5;0.3;-0.6742424242424242;-0.3854166666666667;-0.3333333333333333;-0.3333333333333333;-0.6;0.0;0.0;0.25;0.1111111111111111;-0.3333333333333333;0.5454545454545454;0.25;-0.019294743845641997;-0.36349544661887223;-0.771446811906472;-0.6233685276814587;-0.41840607210626185;-0.5652173913043478;-0.6851851851851852;-0.016570471048221676;-0.5957446808510638;-0.6172806785051682;-0.34615384615384615;-0.7776666666666667;1.0565171317555635;-0.8333333333333334;-0.125;0.23069466882067863;1.1367231638418078;-1.3333333333333333;0.14285714285714285;0.13354700854700854;0.6076301865775552;-0.75;-0.08333333333333333;-1.201910621761658;0.5211486224291813;-0.0995401362128178;-0.16666666666666666;0.08279220779220778;-0.1111111111111111;0.0;-0.3055231427460133;-0.23165266106442575;-0.07142857142857142;-0.3333333333333333;-0.39407806191117095;-0.29030612244897963;0.0;-0.5;0.05566666666666667;0.2727272727272727;-0.2857142857142857;-0.1868901145523971;-0.6394693803379975;0.16666666666666666;-0.75;-0.044394841269841265;-0.4086994921616251;0.45454545454545453;-0.3790087463556849;0.0;-0.019230769230769232;-0.8373655913978496;0.0;-0.2;-0.25;-0.4124953993375046;0.0;0.2;1.0;0.3248007727602028;-1.5;-0.875;0.2;1.101657458563536;-0.2222222222222222;-0.3870086507816057;1.0;0.5;-0.30180032733224227;0.8;0.8374999999999998
-0.47058823529411764;-1.1428571428571428;-0.45806451612903226;-0.47058823529411775;-0.34513274336283184;-0.3333333333333333;0.08602150537634409;-0.5294117647058824;-0.35135135135135137;0.0;-0.42483660130718987;1.038;-0.05633802816901403;-0.46875;-0.4444444444444444;0.08525576730190572;11;-0.5835962145110413;-0.7790530846484933;-0.4730238393977414;-0.22580645161290322;-0.5686274509803921;-0.52;-0.5;-0.58;-0.1111111111111111;-1.0;-1.0;0.25;0.3;0.3;-0.5757575757575758;-0.3854166666666667;0.16666666666666666;-0.3333333333333333;-0.4;-0.5;0.0;-0.125;0.2222222222222222;0.0;-0.2727272727272727;0.25;-0.035928143712574745;-0.21875605502809525;-0.6414492059691965;-0.5584407994701367;-0.3284313725490196;-0.4782608695652174;-0.5925925925925926;-0.016570471048221676;-0.48936170212765956;-0.46209912536443143;-0.34615384615384615;-1.3333333333333333;-0.6852702225362063;-0.8333333333333334;-1.25;-0.06930533117932139;1.4075329566854988;-1.3333333333333333;0.14285714285714285;-0.07175925925925934;0.7549429128376498;-0.75;-0.08333333333333333;-1.201910621761658;-0.0450135816841287;-0.11857500436579538;-0.16666666666666666;0.08279220779220778;-0.1111111111111111;0.0;-0.33333333333333337;-0.23557422969187672;-0.07142857142857142;-0.3333333333333333;-0.41641991924629884;-0.3158163265306123;0.0;-0.5;0.0;0.2727272727272727;-0.2857142857142857;-0.1264319049639372;-0.6518262765764129;0.16666666666666666;-0.75;-0.05133928571428571;-0.4566129388385957;0.45454545454545453;-0.47230320699708433;0.0;0.0;-0.8373655913978496;-0.018518518518518455;0.2;0.1875;-0.45252116304747886;0.09090909090909091;-0.2;-0.18181818181818182;0.40956290751026314;0.0;-1.0;-0.2;-0.714548802946593;0.2222222222222222;-0.3006526028228866;-1.0;-1.0;0.18003273322422253;0.2;0.6458333333333335
-0.4117647058823529;-0.7142857142857143;-0.43870967741935485;-0.41176470588235303;-0.31194690265486724;0.0;0.043010752688172046;-0.45098039215686275;-0.35135135135135137;0.0;-0.32679738562091526;1.064;-0.11267605633802816;-0.4140625;-0.39316239316239315;0.08224674022066199;11;-0.47949526813880106;-0.5624103299856528;-0.4730238393977414;-0.22580645161290322;-0.47058823529411764;-0.5;-0.4230769230769231;-0.46;-0.1111111111111111;-1.1428571428571428;-0.875;-1.0;0.4;0.3;-0.4696969696969697;-0.3854166666666667;-0.3333333333333333;0.16666666666666666;-0.4;-0.25;0.0;0.0;-0.1111111111111111;0.1111111111111111;0.0;0.25;-0.035928143712574745;-0.017050959116450146;-0.5130476418482166;-0.4934935909923247;-0.12381404174573048;-0.45652173913043476;-0.5185185185185185;0.11022156023086957;-0.48936170212765956;-0.3014842300556586;-0.34615384615384615;-1.1666666666666667;-0.3493465206640763;-0.8333333333333334;-1.0;-0.32310177705977383;1.2677966101694915;-1.3333333333333333;0.14285714285714285;-0.1825142450142451;0.7273739905318853;-0.75;-0.08333333333333333;-1.0148963730569946;-0.6236903376018625;-0.1316723907095873;-0.055499999999999994;0.0;-0.1111111111111111;0.0;-0.33333333333333337;-0.23557422969187672;-0.07142857142857142;-0.3333333333333333;-0.38061911170928675;-0.327295918367347;0.0;-0.5;-0.111;0.2727272727272727;-0.5714285714285714;-0.15655494272380144;-0.6667272396874432;0.16666666666666666;-0.75;-0.05679563492063491;-0.4961360123647604;0.45454545454545453;-0.46355685131195284;0.0;0.0;-0.8568548387096775;-0.018518518518518455;0.1;-0.125;-0.45252116304747886;0.36363636363636365;0.6;0.36363636363636365;-0.5223375996136199;0.3333333333333333;-0.625;0.6;-0.36427255985267026;0.1111111111111111;-0.10426468356351486;0.6666666666666666;0.8333333333333334;0.25040916530278223;0.0;0.5125000000000001
-0.35294117647058826;-0.8571428571428571;-0.4258064516129032;-0.35294117647058837;-0.2771017699115044;-0.3333333333333333;0.010752688172043012;-0.35294117647058826;-0.35135135135135137;0.125;-0.2614379084967322;1.083;-0.1267605633802817;-0.3515625;-0.3076923076923077;0.0802407221664995;11;-0.397476340694006;-0.4160688665710185;-0.4730238393977414;-0.22580645161290322;-0.39215686274509803;-0.4;-0.40384615384615385;-0.48;-0.1111111111111111;-0.7142857142857143;-1.0;-0.875;0.5;0.3;-0.3560606060606061;-0.3854166666666667;0.0;-0.3333333333333333;0.2;-1.25;0.0;0.0;0.0;-0.2222222222222222;-0.45454545454545453;0.25;-0.019294743845641997;-0.014144545630691804;-0.3849652860904957;-0.4025986675497721;-0.12381404174573048;-0.34782608695652173;-0.42592592592592593;0.06386147830943957;-0.3829787234042553;-0.1167505963424331;-0.34615384615384615;-1.111;-0.3493465206640763;-0.8333333333333334;-1.0;-0.6231017770597737;0.862900188323917;-1.3333333333333333;0.14285714285714285;-0.28935185185185186;0.7148426622110834;-0.75;-0.08333333333333333;-0.8877914507772021;-1.121556072953046;-0.14442051341754455;-0.2221666666666667;-0.15137987012987014;-0.1111111111111111;-0.3333333333333333;-0.2779074290159471;-0.32156862745098036;0.0;-0.3333333333333333;-0.40026917900403775;-0.3448979591836735;0.0;-0.5;0.0;0.36363636363636365;-0.42857142857142855;-0.0050912176495545225;-0.7835725967654007;0.3333333333333333;-0.75;-0.038690476190476185;-0.5274895120335615;0.45454545454545453;-0.5247813411078716;0.021739130434782532;0.019230769230769232;-0.8373655913978496;0.0;0.2;0.0;-0.5910011041589989;0.36363636363636365;-0.2;-0.36363636363636365;-0.4477179425259599;0.3333333333333333;-0.75;-0.2;-0.36427255985267026;0.2222222222222222;-0.10426468356351486;-0.6666666666666666;-0.6666666666666666;0.06415711947626832;0.2;0.4166666666666666
-0.29411764705882354;-0.5714285714285714;-0.4;-0.2941176470588236;-0.23783185840707965;-0.6666666666666666;-0.07526881720430108;-0.5098039215686274;-0.6756756756756757;-1.5;-0.19607843137254916;1.125;0.1830985915492958;-0.2890625;-0.358974358974359;0.07622868605817452;11;-0.33753943217665616;-0.30846484935437585;-0.4730238393977414;-0.22580645161290322;-0.29411764705882354;-0.32;-0.3076923076923077;-0.38;-0.1111111111111111;-0.8571428571428571;-0.625;-1.0;0.5;0.3;-0.24242424242424243;-0.3854166666666667;-0.3333333333333333;0.0;-0.4;-1.0;0.0;0.125;0.0;-0.1111111111111111;-0.2727272727272727;0.25;-0.4108449767132401;-0.12110056190660726;-0.2870481206607614;-0.3960922585420968;-0.19781783681214413;-0.32608695652173914;-0.42592592592592593;-0.30869484267361746;-0.2553191489361702;-0.12642459581235096;-0.34615384615384615;-0.8888333333333334;-0.5358530554574356;-0.5;-0.875;-0.8770597738287559;-0.008286252354049055;-1.3333333333333333;-0.5714285714285714;-0.3486467236467237;0.656641604010025;-0.75;-0.08333333333333333;-0.8006800518134716;-1.2472836631742337;-0.14599219977879963;-0.3333333333333333;0.19155844155844154;-0.3333333333333333;-0.3333333333333333;-0.3055231427460133;-0.2596638655462184;-0.07142857142857142;-0.3333333333333333;-0.4613728129205922;-0.3158163265306123;0.0;-0.5;-0.6666666666666666;-0.7272727272727273;-0.42857142857142855;-0.3082308018667798;-0.15191713610757773;-0.5;-0.75;-0.2924107142857143;-0.16935305807021425;-0.2727272727272727;0.3177842565597674;-0.5434782608695653;-0.5;-0.36189516129032256;-0.462962962962963;-1.1;-0.875;0.021531100478468897;-0.7272727272727273;0.4;0.2727272727272727;-0.5025356194156002;0.16666666666666666;-0.5;0.4;-0.5587476979742172;-1.2222222222222223;-0.1752921535893154;-0.6666666666666666;0.0;-0.046153846153846156;-0.6;0.34583333333333366
-0.23529411764705882;-0.5714285714285714;-0.3741935483870968;-0.22624434389140283;-0.19469026548672566;-0.6666666666666666;-0.1827956989247312;-0.5686274509803921;-1.1891891891891893;-2.125;-0.14052287581699394;1.177;0.676056338028169;-0.2265625;-0.452991452991453;0.07221664994984955;11;-0.20504731861198724;-0.23816355810616915;-0.4730238393977414;-0.22580645161290322;-0.45098039215686275;-0.22;-0.23076923076923078;-0.26;-0.1111111111111111;-0.5714285714285714;-0.75;-0.625;0.0;0.3;-0.16666666666666666;-0.3854166666666667;-0.6666666666666666;-0.3333333333333333;0.0;-0.75;0.0;-1.5;0.1111111111111111;-0.1111111111111111;0.0;0.25;-0.4288090485695276;-0.19860492152683598;-0.181948767057697;-0.43505279152218795;0.06230234029095511;-0.391304347826087;-0.42592592592592593;-0.5453360640476632;-0.1702127659574468;-0.16671084018022803;-0.34615384615384615;-0.8333333333333334;-0.48110208406923344;-0.5;-0.875;-1.015508885298869;-0.6685499058380414;-1.3333333333333333;-1.4285714285714286;-0.3988603988603989;0.6026176552492342;-0.75;-0.08333333333333333;-0.6476683937823834;-1.1036088474970895;-0.1384830316083589;-0.5555;-0.15137987012987014;-0.3333333333333333;-1.0;-0.3611435239206535;-0.19075630252100834;-0.07142857142857142;-0.3333333333333333;-0.5130551816958278;-0.2992346938775511;0.0;-0.5;-1.611;-1.1818181818181819;-0.42857142857142855;-0.8536274925753076;0.32963837906596405;-0.9166666666666666;-0.75;-0.6024305555555555;0.2172665047471848;-0.7272727272727273;1.026239067055394;0.0;0.4807692307692307;-0.36189516129032256;-0.48148148148148145;-0.6;0.25;-0.04076186970923809;-1.4545454545454546;0.0;-0.18181818181818182;-0.636319729533929;0.3333333333333333;-0.5;0.0;-0.5016574585635358;-0.6666666666666666;0.07436636818940662;0.0;0.3333333333333333;-0.42389525368248776;-0.2;0.20416666666666686
-0.17647058823529413;-0.42857142857142855;-0.3419354838709677;-0.17647058823529418;-0.14823008849557523;-0.3333333333333333;-0.27956989247311825;-0.13725490196078433;-1.1891891891891893;0.0;-0.06862745098039257;1.184;0.4647887323943662;-0.1640625;-0.3333333333333333;0.06720160481444333;11;-0.041009463722397166;-0.1807747489239598;-0.4730238393977414;-0.22580645161290322;-0.5098039215686274;-0.38;-0.1346153846153846;-0.18;-0.1111111111111111;-0.5714285714285714;-0.5;-0.75;-1.0;0.3;-0.16666666666666666;-0.3854166666666667;-0.6666666666666666;-0.6666666666666666;-0.4;-0.75;0.0;-2.125;-1.3333333333333333;0.0;0.09090909090909091;0.25;0.4115103127079176;-0.11354388684363502;-0.04588620221849835;-0.3636381345696809;1.0496521189120809;-0.391304347826087;-0.2222222222222222;0.04766337739713279;-0.14893617021276595;0.10217333686721451;-0.34615384615384615;-0.6666666666666666;-0.6852702225362063;-0.16666666666666666;-0.75;-0.9001615508885297;-0.6433145009416196;-1.3333333333333333;-1.2857142857142858;-0.42930911680911676;0.5430242272347536;-0.75;-0.08333333333333333;-0.565252590673575;-0.9508149010477298;-0.11845858315385062;-0.5555;-0.15137987012987014;-0.3333333333333333;-1.0;-0.3611435239206535;-0.19075630252100834;-0.07142857142857142;-0.3333333333333333;-0.5189771197846568;-0.3165816326530613;0.0;-0.5;-1.6666666666666667;-1.1818181818181819;-0.5714285714285714;-0.9142978362324988;0.28838815191713607;-0.9166666666666666;-0.875;-0.5669642857142857;0.16869066018988746;-0.7272727272727273;-0.43731778425655954;0.5652173913043478;0.5;0.0;0.462962962962963;1.9;1.5;0.8348362164151638;1.2727272727272727;0.2;0.09090909090909091;-0.7638251630041053;0.16666666666666666;-0.375;0.2;-0.714548802946593;2.111111111111111;1.0220063742601304;0.6666666666666666;0.3333333333333333;-0.1472995090016367;0.6;0.041666666666666706
-0.11764705882352941;-0.7142857142857143;-0.3225806451612903;-0.11764705882352952;-0.10176991150442478;-0.3333333333333333;-0.3225806451612903;-0.11764705882352941;-1.2702702702702702;-0.375;-0.032679738562091526;1.197;0.49295774647887325;-0.109375;-0.23931623931623933;0.0641925777331996;11;-0.018927444794952702;-0.11764705882352951;-0.4730238393977414;-0.22580645161290322;-0.0784313725490196;-0.44;-0.28846153846153844;-0.16;-0.1111111111111111;-0.42857142857142855;-0.5;-0.5;-0.9;0.3;-0.1590909090909091;-0.3854166666666667;-0.3333333333333333;-0.6666666666666666;-0.8;0.0;0.0;0.0;-1.8888888888888888;-1.4444444444444444;-0.18181818181818182;0.25;0.4115103127079176;-0.0350707227281533;0.016997845343547795;-0.233763197880547;1.2188488298545226;-0.391304347826087;-0.2037037037037037;0.2537702476261406;-0.0851063829787234;0.27272727272727265;-0.34615384615384615;-0.7221666666666667;-0.5358530554574356;-0.3333333333333333;-0.75;-0.8539579967689821;-0.7058380414312617;-1.3333333333333333;-1.2857142857142858;-0.5819088319088319;0.446950710108605;-0.75;-0.08333333333333333;-0.6410297927461139;-0.8514745828482729;-0.37621514639967385;-0.5;-0.2142857142857143;-0.3333333333333333;-1.0;-0.4723842862699339;-0.32156862745098036;-0.07142857142857142;-0.6666666666666666;-0.5959623149394347;-0.35739795918367356;0.0;-0.5;-1.1666666666666667;-1.1818181818181819;-0.5714285714285714;-0.9749681798896902;0.2691259313101944;-0.9166666666666666;-0.875;-0.7440476190476191;0.043276661514683096;-0.7272727272727273;-0.25947521865889206;0.0;-0.5;-0.352486559139785;0.462962962962963;-0.2;-1.375;0.5915531836584468;1.6363636363636365;-0.4;-0.2727272727272727;-0.636319729533929;-0.16666666666666666;-0.625;-0.4;-0.5587476979742172;-0.2222222222222222;1.1843982394900592;-0.3333333333333333;-0.5;-0.30180032733224227;0.4;0.020833333333333353
-0.058823529411764705;-0.42857142857142855;-0.2903225806451613;-0.0542986425339367;-0.05254424778761062;-0.6666666666666666;-0.3548387096774194;-0.058823529411764705;-1.3243243243243243;-0.375;0.0;1.208;0.5070422535211268;-0.0546875;-0.15384615384615385;0.05917753259779338;11;0.022082018927445168;-0.0703012912482065;-0.19698870765370124;-0.17204301075268819;-0.058823529411764705;0.0;-0.34615384615384615;-0.06;-0.3333333333333333;-0.7142857142857143;-0.375;-0.5;-1.0;0.1;-0.1590909090909091;-0.25;-0.5;-0.3333333333333333;-0.8;-0.75;-1.0;-0.375;0.0;-2.0;-0.09090909090909091;-0.875;-0.019294743845641997;0.0422398759930246;0.06432048519671195;-0.0649277282113219;-0.5075901328273245;0.08695652173913043;-0.14814814814814814;0.45503630608825185;-0.0851063829787234;0.30280943546249667;-0.15384615384615385;-0.6666666666666666;-0.48110208406923344;-0.3333333333333333;-0.75;-0.7386106623586428;-0.9016949152542373;-0.6666666666666666;-1.2857142857142858;-0.6835826210826212;0.35700362016151493;-0.75;-0.08333333333333333;-0.6410297927461139;-0.7854093907644546;-0.6069037778683274;-0.5;-0.2142857142857143;-0.3333333333333333;-1.0;-0.5278101905873201;-0.29383753501400556;-0.07142857142857142;-0.6666666666666666;-0.6535666218034993;-0.3428571428571429;0.0;-0.5;-0.38883333333333336;0.09090909090909091;-0.5714285714285714;-1.0657615613067457;0.22842086134835538;-0.9166666666666666;-0.875;-0.7619047619047618;0.04283506292779862;-0.7272727272727273;-0.20699708454810484;0.021739130434782532;0.019230769230769232;-0.36189516129032256;0.0;0.0;0.0625;0.42234081707765914;-0.09090909090909091;0.4;0.36363636363636365;-0.5025356194156002;0.0;-0.375;0.4;-0.5016574585635358;0.0;-0.4726058582485961;-0.3333333333333333;0.0;-0.235024549918167;-0.2;-0.020833333333333353
0.0;-0.14285714285714285;-0.24516129032258063;0.0;0.0;0.0;-0.3548387096774194;0.0784313725490196;-1.2972972972972974;0.125;0.032679738562091526;1.22;0.5352112676056339;0.0;-0.05128205128205128;0.05215646940822467;11;0.0567823343848581;-0.03299856527977031;-0.007528230865746555;-0.06236559139784943;0.0;0.02;0.07692307692307693;0.02;-0.1111111111111111;-0.42857142857142855;-0.625;-0.375;-0.7;0.2;-0.13636363636363635;-0.10416666666666667;-0.6666666666666666;-0.5;-0.4;-0.25;-0.5;-0.375;-0.3333333333333333;-0.1111111111111111;-0.09090909090909091;-0.5;0.8742514970059883;0.3567138151521022;0.16981884925385046;0.006486928741185148;-0.025300442757748284;0.10869565217391304;-0.018518518518518517;0.7886799478681811;-0.0851063829787234;0.4320169626292074;-0.15384615384615385;-0.5555;-0.18262098198516422;-0.3333333333333333;-0.5;-0.6462035541195477;-0.7167608286252354;-0.6666666666666666;-1.0;-0.7726139601139602;0.21303258145363402;-0.75;-0.08333333333333333;-0.3193005181347151;-0.664241365929375;-0.7606379882414575;-0.3333333333333333;0.4537337662337662;-0.3333333333333333;0.0;-0.5000000000000001;-0.20504201680672265;-0.07142857142857142;-0.3333333333333333;-0.6344549125168236;-0.3117346938775511;0.0;-0.5;-0.3333333333333333;0.09090909090909091;-0.42857142857142855;-1.0354263894781501;0.2514991822642196;-0.9166666666666666;-0.875;-0.7619047619047618;0.04283506292779862;-0.7272727272727273;-0.16909620991253596;1.108695652173913;0.9615384615384615;0.12298387096774199;0.9444444444444444;0.4;0.1875;-0.3629922708870077;0.45454545454545453;0.4;0.0;-0.4477179425259599;0.6666666666666666;-0.125;0.4;-0.19042357274401467;0.4444444444444444;-0.009713158294126582;1.6666666666666667;1.0;0.3319148936170212;1.0;-0.050000000000000044
0.058823529411764705;1.2857142857142858;-0.13548387096774195;0.058823529411764656;0.05530973451327434;-0.3333333333333333;-0.34408602150537637;-0.0196078431372549;-1.4864864864864864;-0.875;0.06535947712418305;1.245;0.7464788732394366;0.0703125;-0.017094017094017096;0.03510531594784353;11;0.09463722397476351;-0.0057388809182209516;0.12045169385194487;-0.06236559139784943;0.13725490196078433;0.08;0.09615384615384616;0.12;-0.14814814814814814;-0.14285714285714285;-0.375;-0.625;-0.8;0.3;-0.12121212121212122;0.052083333333333336;0.16666666666666666;-0.6666666666666666;-0.6;-0.75;-2.5;0.125;-0.3333333333333333;-0.4444444444444444;0.0;-1.125;0.8742514970059883;0.5733385002906414;0.2212113957385682;0.03896053298009117;-0.2666034155597723;0.17391304347826086;-0.018518518518518517;0.8488177248184697;-0.0851063829787234;0.345613570103366;0.038461538461538464;0.22233333333333327;1.3818438714235255;0.0;0.75;-0.2999999999999999;0.49679849340866267;-0.3333333333333333;0.42857142857142855;-0.7471509971509972;0.30297967140072407;-0.75;0.08333333333333333;0.7030440414507773;-0.2682382615444314;-0.6977705337912565;-0.16666666666666666;0.4537337662337662;-0.3333333333333333;0.0;-0.4445740956826138;-0.13613445378151254;-0.07142857142857142;-0.3333333333333333;-0.5574697173620459;-0.3117346938775511;0.0;-0.5;-0.5555;-0.2727272727272727;-0.42857142857142855;-1.277895630038184;0.1702707614028712;-0.9166666666666666;-0.875;-0.8149801587301587;0.06844778096710082;-0.7272727272727273;0.34110787172011664;0.021739130434782532;-0.9615384615384615;0.11323924731182804;0.9444444444444444;-0.8;-0.8125;-0.08189179241810818;-0.2727272727272727;2.0;0.7272727272727273;0.11011832890606123;2.0;1.125;2.0;1.4408839779005524;-0.8888888888888888;-0.24131127636970706;-0.3333333333333333;-1.0;0.3319148936170212;1.0;-0.08333333333333341
0.11764705882352941;4.285714285714286;0.10967741935483871;0.11764705882352931;0.11393805309734513;-0.6666666666666666;-0.3978494623655914;-0.0392156862745098;-1.8108108108108107;-1.375;0.09803921568627386;1.267;0.9154929577464788;0.34375;0.008547008547008548;-0.003009027081243731;11;0.17350157728706678;0.05451936872309904;0.21455457967377667;0.04516129032258068;0.0392156862745098;0.22;0.15384615384615385;-0.04;0.037037037037037035;1.2857142857142858;-0.125;-0.375;-0.6;0.3;-0.09090909090909091;0.20833333333333334;0.0;0.16666666666666666;-0.8;-1.25;-2.0;-0.875;0.1111111111111111;-0.4444444444444444;-1.1818181818181819;-0.875;-0.6999334664005323;0.38597171090873883;0.2171414891070146;0.04544746172127631;-0.3284313725490196;0.1956521739130435;-0.018518518518518517;0.4658350400297897;-0.0851063829787234;0.2335011926848662;0.2692307692307692;2.0556666666666668;4.699752737548569;0.3333333333333333;3.375;0.4846526655896607;3.456873822975518;-0.3333333333333333;3.4285714285714284;-0.45477207977207984;1.6176552492341965;-0.75;1.8333333333333333;3.2642487046632125;0.9193830034924331;-0.20047732696897366;-0.16666666666666666;0.4537337662337662;-0.3333333333333333;0.0;-0.4445740956826138;-0.13613445378151254;-0.07142857142857142;-0.3333333333333333;-0.576850605652759;-0.29413265306122455;0.0;-0.5;-1.0;-0.6363636363636364;-0.42857142857142855;-1.2475604582095885;0.143739778302744;-0.9166666666666666;-0.875;-0.974454365079365;0.15698829763744762;-0.7272727272727273;0.4169096209912537;-1.0434782608695652;-0.9423076923076923;0.8064516129032261;-0.888888888888889;-0.4;0.1875;-0.08189179241810818;-1.0;4.2;1.0;1.2982371407872493;5.166666666666667;3.75;4.2;4.900552486187845;-0.4444444444444444;-0.3006526028228866;-1.3333333333333333;-0.5;0.6981996726677577;-0.8;-0.15416666666666634
0.17647058823529413;6.857142857142857;0.47096774193548385;0.17647058823529396;0.17699115044247787;-2.3333333333333335;-0.5913978494623656;-0.17647058823529413;-1.8108108108108107;-2.625;0.14052287581699321;1.29;1.056338028169014;0.3828125;-0.008547008547008548;-0.05917753259779338;11;0.24290220820189265;0.1291248206599714;0.2760351317440402;0.15268817204301077;0.0196078431372549;0.12;0.28846153846153844;-0.1;0.25925925925925924;4.285714285714286;1.125;-0.125;-0.6;-0.2;-0.06060606060606061;0.3125;-0.6666666666666666;0.0;0.2;-1.25;-1.5;-1.375;-0.7777777777777778;0.0;-1.6363636363636365;-0.5;-0.7960745176314039;-0.14241426080217;0.13374830420557005;-0.03896053298009117;-0.14753320683111953;0.043478260869565216;-0.1111111111111111;-0.7048966672872834;0.3404255319148936;0.08905380333951769;0.4230769230769231;4.777833333333334;6.005651713175556;2.0;5.625;1.6846526655896605;6.406403013182673;-0.3333333333333333;6.0;0.13034188034188024;3.429963798384851;-0.75;3.3333333333333335;6.3610751295336785;2.8829064804035704;0.7344432155538739;-1.1666666666666667;2.987012987012987;-1.7777777777777777;-0.3333333333333333;-0.8057176196032673;0.9633053221288514;-1.0;-0.3333333333333333;-0.8651413189771198;0.3698979591836734;-0.9285714285714286;-0.5;-2.222166666666667;-1.5454545454545454;-1.5714285714285714;-1.3689011455239708;0.3667090677812102;-1.25;-0.875;-1.3640873015873016;0.4778096710090527;-1.0909090909090908;0.7084548104956272;-2.130434782608696;-0.9615384615384615;0.8064516129032261;-2.7222222222222223;-1.0;-0.4375;-0.3629922708870077;-1.1818181818181819;3.6;-0.2727272727272727;0.3677855590437092;6.5;6.0;3.6;6.262246777163903;-1.1111111111111112;-0.12702989831537406;-4.333333333333333;-1.5;1.2422258592471358;-3.2;-0.21249999999999974
0.23529411764705882;5.285714285714286;0.7612903225806451;0.23529411764705885;0.24668141592920353;-3.0;-0.9139784946236559;-0.0196078431372549;-2.7567567567567566;-1.875;0.21241830065359457;1.3;0.8873239436619718;0.4140625;0.02564102564102564;-0.10431293881644935;11;0.31545741324921167;0.13916786226685793;0.3262233375156838;0.26236559139784954;-0.11764705882352941;0.1;0.19230769230769232;0.34;0.4074074074074074;6.857142857142857;3.75;1.125;-0.5;-1.2;-0.022727272727272728;0.3125;-2.8333333333333335;-0.6666666666666666;0.0;-0.75;-1.5;-2.625;-1.2222222222222223;-0.8888888888888888;-0.09090909090909091;-0.375;-0.7960745176314039;-0.6157721371827166;0.026733700422950864;-0.03896053298009117;-0.14753320683111953;0.043478260869565216;-0.1111111111111111;-0.7488363433252652;0.3404255319148936;0.012059369202226252;0.46153846153846156;6.333333333333333;2.316142705757683;5.5;5.625;2.6079159935379645;6.815065913370996;-0.3333333333333333;6.0;0.7026353276353277;4.010303536619327;-0.75;3.3333333333333335;6.897668393782383;4.71662786185487;1.7303102625298326;-2.4445;3.3218344155844153;-2.4444444444444446;-1.6666666666666667;-1.3891481913652277;1.8515406162464982;-1.4285714285714286;-0.3333333333333333;-1.2689098250336475;1.0061224489795917;-1.3571428571428572;-0.5;-2.6666666666666665;-1.5454545454545454;-2.142857142857143;-1.8235044548154433;0.3750681446483736;-1.25;-0.875;-1.6654265873015872;0.5096047692647383;-1.0909090909090908;0.1486880466472308;-1.0434782608695652;0.9615384615384615;0.11323924731182804;-2.7222222222222223;0.5;0.875;0.0506072874493927;-0.36363636363636365;-2.2;-2.6363636363636362;3.262496981405457;1.1666666666666667;4.625;-2.2;2.415101289134438;0.5555555555555556;-0.12702989831537406;-2.0;1.1666666666666667;0.7450081833060556;-3.6;-0.27083333333333315
0.29411764705882354;1.1428571428571428;0.864516129032258;0.2941176470588235;0.3213495575221239;-3.3333333333333335;-1.2688172043010753;0.2549019607843137;-2.8378378378378377;-0.375;-0.30065359477124204;1.297;3.0563380281690136;0.4453125;0.13675213675213677;-0.12036108324974924;11;0.34700315457413283;0.15781922525107617;0.3814303638644917;0.3698924731182796;0.0392156862745098;-0.04;0.17307692307692307;0.36;0.4444444444444444;5.285714285714286;6.0;3.75;-0.7;-1.1;0.0;0.3229166666666667;-3.8333333333333335;-2.8333333333333335;-0.8;-1.0;0.0;-1.875;-2.3333333333333335;-1.3333333333333333;-0.36363636363636365;-0.75;-0.6806387225548903;-1.0465026157721373;-0.06823078764663637;0.05844079947013675;0.9240986717267552;0.043478260869565216;0.14814814814814814;-0.24148203314094202;0.3404255319148936;0.07553670818976944;0.5769230769230769;5.111166666666667;6.410102437301307;1.8333333333333333;5.625;2.9079159935379644;6.1924670433145;0.3333333333333333;6.0;0.8935185185185187;3.9122807017543866;-0.75;3.3333333333333335;3.8257772020725387;5.616802483507956;2.4758717038244367;-3.5555;0.9163961038961039;-2.5555555555555554;-6.0;-1.9725787631271883;2.3274509803921566;-1.5;-0.3333333333333333;-1.749663526244953;1.3964285714285716;-1.4285714285714286;-0.5;-2.222166666666667;-1.5454545454545454;-1.0;-1.8235044548154433;0.3750681446483736;-1.25;-0.875;-1.7008928571428572;0.48973283285493485;-1.0909090909090908;-0.38775510204081637;0.04347826086956526;0.9615384615384615;0.8232526881720432;-0.8703703703703703;1.1;0.3125;0.35121457489878544;1.5454545454545454;-5.8;-1.6363636363636365;4.72132335184738;-6.666666666666667;1.0;-5.8;6.683977900552486;1.2222222222222223;0.9015025041736225;-0.3333333333333333;0.8333333333333334;1.1711947626841241;-1.2;-0.29583333333333317
0.35294117647058826;1.4285714285714286;0.9806451612903225;0.35294117647058815;0.39823008849557523;-2.6666666666666665;-1.5591397849462365;0.0196078431372549;-3.2972972972972974;-2.125;0.35294117647058776;1.317;0.5211267605633803;0.46875;0.1452991452991453;-0.13841524573721165;11;0.33753943217665616;0.17360114777618363;0.4228356336260979;0.47741935483870973;0.3137254901960784;0.12;0.038461538461538464;0.42;0.6296296296296297;1.1428571428571428;4.625;6.0;-0.5;-1.2;0.03787878787878788;0.3229166666666667;-4.0;-3.8333333333333335;-3.4;-1.25;-1.5;-0.375;-1.6666666666666667;-2.4444444444444446;-0.36363636363636365;-0.625;0.9068529607451765;-1.0356520054253051;-0.10669539541935996;0.12336852768145865;0.36053130929791277;0.21739130434782608;0.14814814814814814;-0.26773412772295657;0.3404255319148936;-0.023853697323085038;0.5769230769230769;3.0;4.832214765100671;1.8333333333333333;4.25;3.207915993537964;5.51939736346516;1.0;6.0;1.1225071225071226;3.7772208298524084;-0.25;3.3333333333333335;1.458873056994819;5.8452658129608075;3.0807963210897027;-3.6666666666666665;0.4537337662337662;-2.5555555555555554;-6.666666666666667;-2.389342668222482;2.3459383753501397;-1.5;-0.3333333333333333;-2.076446837146703;1.5344387755102038;-1.4285714285714286;-0.5;-2.0;-1.1818181818181819;-1.0;-2.2477725922783196;0.4061421043067418;-1.25;-0.875;-2.001984126984127;0.5455950540958269;-1.0909090909090908;0.6793002915451899;1.1304347826086956;0.9615384615384615;0.8232526881720432;0.9814814814814817;-1.5;-1.6875;0.6085756348914244;-0.2727272727272727;0.4;2.8181818181818183;2.753924172905095;-4.5;1.25;0.4;5.038674033149171;-1.6666666666666667;0.3606010016694491;1.6666666666666667;1.0;1.0009819967266775;1.0;-0.2874999999999998
0.4117647058823529;2.5714285714285716;1.1483870967741936;0.4117647058823528;0.4795353982300885;-2.6666666666666665;-1.89247311827957;0.3137254901960784;-3.4054054054054053;-0.5;0.4281045751633986;1.322;0.26760563380281693;0.4921875;0.2222222222222222;-0.16449348044132397;11;0.4006309148264985;0.19081779053084647;0.4554579673776663;0.5849462365591398;0.0784313725490196;0.4;0.19230769230769232;0.56;0.7777777777777778;1.4285714285714286;1.0;4.625;-0.3;-0.9;0.09090909090909091;0.3541666666666667;-3.1666666666666665;-4.0;-4.6;0.0;-0.5;-2.125;-0.3333333333333333;-1.7777777777777777;0.0;-0.625;0.9068529607451765;-0.5932958728928504;-0.13135424148112687;0.233763197880547;0.418247944339026;0.2608695652173913;0.2037037037037037;0.13554272947309653;0.3404255319148936;0.06374238006891066;0.5769230769230769;1.9445;0.9802190038855528;1.8333333333333333;1.875;3.646365105008077;4.604143126177024;4.0;6.0;1.4148860398860403;3.7140072403230304;-0.25;3.3333333333333335;2.2864313471502586;5.49291812184711;3.6417719308457994;-3.5;0.4537337662337662;-2.5555555555555554;-6.666666666666667;-2.9727732399844427;1.933333333333333;-1.5;-0.6666666666666666;-2.461103633916555;1.611224489795918;-1.4285714285714286;-0.5;-1.3888333333333334;-1.1818181818181819;-1.0;-2.3992363173525666;0.21533708886062142;-1.25;-1.375;-2.072916666666667;0.4937072201368955;-1.0909090909090908;0.01749271137026241;0.04347826086956526;-0.9615384615384615;0.11323924731182804;0.9814814814814817;1.2;1.625;0.7644460802355538;-0.18181818181818182;1.6;0.5454545454545454;3.7901473074136685;1.6666666666666667;2.25;1.6;1.022099447513812;1.3333333333333333;0.41599635756563974;-0.3333333333333333;-1.0;0.3319148936170212;1.0;-0.33749999999999986
0.47058823529411764;1.7142857142857142;1.2774193548387096;0.4705882352941177;0.5652654867256637;-3.6666666666666665;-2.2903225806451615;0.45098039215686275;-3.4054054054054053;0.125;0.4999999999999993;1.319;-0.0845070422535211;0.515625;0.3333333333333333;-0.18455366098294884;11;0.41640378548895945;0.2266857962697276;0.4792973651191969;0.6946236559139785;0.37254901960784315;0.16;0.46153846153846156;0.46;0.9629629629629629;2.5714285714285716;1.25;1.0;0.7;-1.0;0.2196969696969697;0.375;-3.3333333333333335;-3.1666666666666665;-4.8;-0.25;-1.5;-0.5;-1.8888888888888888;-0.4444444444444444;-0.7272727272727273;-0.5;-0.6806387225548903;-0.32803720209261766;-0.1864176841433247;0.29869092609186887;0.9405439595192917;0.2608695652173913;0.3333333333333333;0.6356358220070752;0.3404255319148936;0.24622316459051155;0.5769230769230769;2.1666666666666665;0.5814199929353586;2.1666666666666665;1.875;3.715670436187399;4.451977401129943;4.0;6.0;1.6438746438746439;3.5522138680033417;0.0;3.3333333333333335;2.4392810880829017;4.441210710128056;4.0984341346993425;-3.611166666666667;0.9163961038961039;-2.7777777777777777;-6.666666666666667;-3.6950602878257492;1.3327731092436974;-1.6428571428571428;-2.0;-2.922476446837147;1.8160714285714286;-1.5714285714285714;-0.5;-1.1666666666666667;-1.1818181818181819;-0.42857142857142855;-2.1567670767925327;0.4593857895693259;-1.25;-0.875;-2.072916666666667;0.4937072201368955;-1.0909090909090908;-0.2886297376093294;-1.0434782608695652;-0.9615384615384615;0.8232526881720432;-0.8703703703703703;0.4;-0.5625;0.631947000368053;1.5454545454545454;-1.2;-1.2727272727272727;0.6908959188601786;0.3333333333333333;1.5;-1.2;0.6062615101289135;0.4444444444444444;0.9172863864015784;-2.0;-0.8333333333333334;1.0009819967266775;-1.2;-0.34999999999999987
0.5294117647058824;1.4285714285714286;1.3935483870967742;0.5294117647058824;0.6548672566371682;-3.6666666666666665;-2.7204301075268815;0.6078431372549019;-3.2162162162162162;0.875;0.5751633986928102;1.313;-0.49295774647887314;0.53125;0.46153846153846156;-0.20260782347041123;11;0.40694006309148273;0.2582496413199425;0.5319949811794228;0.7483870967741935;0.5098039215686274;0.46;0.23076923076923078;0.44;0.6666666666666666;1.7142857142857142;2.25;1.25;2.8;-0.8;0.5075757575757576;0.4166666666666667;-4.333333333333333;-3.3333333333333335;-3.8;-1.25;-2.5;0.125;-0.4444444444444444;-2.0;-1.0909090909090908;-2.125;-0.6806387225548903;-0.03216430924239496;-0.2533716383369245;0.4934935909923247;0.3500948766603416;0.5869565217391305;0.48148148148148145;1.134797989201266;0.3404255319148936;0.3417704744235357;0.5769230769230769;2.1666666666666665;0.5814199929353586;2.1666666666666665;1.875;3.254119547657512;4.601883239171374;4.0;6.0;1.8219373219373218;3.401559454191034;0.0;3.3333333333333335;1.7825453367875648;3.1742336049670157;4.444437976599336;-4.055499999999999;0.9163961038961039;-2.888888888888889;-7.0;-4.33411124076235;0.3316526610644258;-1.7142857142857142;-6.333333333333333;-3.3647375504710633;1.9905612244897957;-1.6428571428571428;-0.5;0.16666666666666666;0.0;0.42857142857142855;-1.611370386084005;0.8542613120116301;-1.25;-0.125;-1.7361111111111112;0.687789799072643;-1.0909090909090908;-0.440233236151603;0.04347826086956526;0.9615384615384615;0.11323924731182804;-0.8703703703703703;0.5;0.0;-0.243006993006993;0.9090909090909091;-0.4;0.36363636363636365;0.7360540932141995;-1.3333333333333333;1.25;-0.4;0.6062615101289135;0.5555555555555556;0.3505843071786311;-0.3333333333333333;0.8333333333333334;0.14304418985270043;-1.2;-0.3416666666666665
0.5882352941176471;1.5714285714285714;1.5161290322580645;0.5520361990950226;0.7461283185840708;-3.6666666666666665;-3.129032258064516;0.47058823529411764;-3.27027027027027;-0.25;0.643790849673202;1.318;-0.7183098591549295;0.546875;0.5299145299145299;-0.22166499498495487;11;0.38801261829653;0.2912482065997131;0.5972396486825596;0.8559139784946236;0.6666666666666666;0.6;0.5192307692307693;0.3;0.5555555555555556;1.4285714285714286;1.5;2.25;4.6;-0.8;0.9318181818181818;0.4583333333333333;-4.5;-4.333333333333333;-4.0;-4.5;-2.5;0.875;0.1111111111111111;-0.5555555555555556;-2.0;-2.75;0.030605455755156535;0.03410191823290063;-0.3042853722767537;0.5454474617212763;-0.14753320683111953;0.7391304347826086;0.48148148148148145;0.7102960342580527;0.5106382978723404;0.08878876225815;1.3461538461538463;1.7778333333333334;-0.5358530554574356;2.1666666666666665;1.125;2.40016155088853;2.4983050847457626;4.0;4.428571428571429;2.0128205128205128;3.22333611807296;0.0;3.3333333333333335;1.7004533678756475;2.592840512223516;4.682693986844403;-4.5;-0.2142857142857143;-3.0;-9.0;-4.639634383508363;0.24957983193277308;-1.7857142857142858;-7.0;-3.8261103633916558;2.112755102040816;-1.7142857142857142;-0.5;0.2778333333333333;0.18181818181818182;0.42857142857142855;-1.0354263894781501;0.5235326185716882;-0.9166666666666666;-0.125;-1.4704861111111112;0.578714948112166;-1.0909090909090908;0.0;0.04347826086956526;0.0;0.11323924731182804;0.05555555555555569;-1.0;-1.0;0.12753036437246956;-0.36363636363636365;0.2;0.2727272727272727;-0.15720840376720605;-0.16666666666666666;1.375;0.2;-0.5587476979742172;-1.1111111111111112;-0.12702989831537406;-0.3333333333333333;0.0;0.14304418985270043;-0.2;-0.32499999999999984
0.6470588235294118;0.7142857142857143;1.6;0.6470588235294117;0.8401548672566371;-3.6666666666666665;-3.5268817204301075;0.5294117647058824;-3.2432432432432434;0.0;0.7091503267973851;1.323;-0.9295774647887324;0.5546875;0.6068376068376068;-0.23470411233701102;11;0.40378548895899097;0.3055954088952655;0.6060225846925971;1.0193548387096776;0.5294117647058824;0.76;0.6538461538461539;0.46;1.3703703703703705;1.5714285714285714;1.25;1.5;3.5;-0.7;1.2727272727272727;0.5104166666666666;-4.666666666666667;-4.5;-5.2;-6.0;-1.5;-0.25;0.7777777777777778;0.0;-1.4545454545454546;-0.625;0.030605455755156535;-0.12284440999806247;-0.3040459660043095;0.571414656952507;-0.28146742567994937;0.7608695652173914;0.48148148148148145;0.3733010612548875;0.5531914893617021;0.16326530612244886;1.3461538461538463;1.3890000000000002;0.24655598728364533;1.3333333333333333;1.0;1.661550888529887;0.18342749529190208;3.0;1.7142857142857142;2.114494301994302;3.0879977722082987;0.0;3.3333333333333335;1.3103950777202071;2.48767947225456;4.770999476104546;-4.611166666666667;-0.38595779220779225;-3.0;-9.333333333333334;-4.77849085958771;0.3333333333333333;-1.7857142857142858;-7.0;-4.3259757738896365;2.1160714285714284;-1.7142857142857142;-0.5;0.22233333333333336;0.18181818181818182;0.42857142857142855;-0.5808230801866779;0.3027439578411776;-0.9166666666666666;-0.125;-1.4704861111111112;0.578714948112166;-1.0909090909090908;0.0320699708454814;0.04347826086956526;-0.0;-0.8568548387096775;0.05555555555555569;0.0;0.5625;0.05870445344129554;-0.8181818181818182;-1.2;-0.6363636363636364;-0.15720840376720605;-0.8333333333333334;0.625;-1.2;0.2570902394106814;0.0;-0.25557747761420546;0.0;0.16666666666666666;-0.6130932896890344;0.0;-0.33749999999999986
0.7058823529411765;0.7142857142857143;1.6838709677419355;0.7058823529411765;0.9397123893805309;-3.3333333333333335;-3.924731182795699;0.5490196078431373;-3.2432432432432434;0.0;0.7875816993464048;1.332;-1.1408450704225352;0.5625;0.6666666666666666;-0.2477432296890672;11;0.4195583596214512;0.30129124820659964;0.6223337515683814;1.1268817204301076;0.5882352941176471;0.62;0.8076923076923077;0.74;1.4074074074074074;0.7142857142857143;1.375;1.25;0.6;-0.9;1.393939393939394;0.5416666666666666;-4.666666666666667;-4.666666666666667;-5.4;-6.25;-2.0;0.0;-0.2222222222222222;0.6666666666666666;-0.36363636363636365;-1.0;0.9251497005988027;-0.026545243169928397;-0.22344585428138222;0.5519343904624615;-0.5075901328273245;0.7608695652173914;0.42592592592592593;0.37981753863340173;0.5531914893617021;0.19944341372912808;1.3461538461538463;1.1111666666666666;0.33451077357824094;1.3333333333333333;1.0;1.5924071082390954;0.35555555555555535;3.0;1.7142857142857142;2.2416310541310542;2.8886104149262044;0.5;3.3333333333333335;0.8095854922279793;2.1849049282110986;4.686186623202747;-4.444500000000001;0.31696428571428575;-3.0;-8.333333333333334;-4.77849085958771;0.3333333333333333;-1.7857142857142858;-7.0;-4.729744279946164;2.0;-1.7142857142857142;-0.5;-0.16666666666666666;0.18181818181818182;-0.5714285714285714;-0.49002969876962227;0.3132836634562966;-0.9166666666666666;-0.125;-1.4174107142857142;0.6038860675645839;-1.0909090909090908;0.3032069970845484;1.1521739130434785;0.9807692307692306;0.13239247311827965;1.0000000000000002;-0.2;-0.1875;-0.15715863084284137;-0.09090909090909091;0.0;0.5454545454545454;-0.09104081139821305;-1.0;0.625;0.0;0.3488029465930018;-0.2222222222222222;-0.4726058582485961;1.3333333333333333;0.6666666666666666;0.06415711947626832;1.0;-0.34999999999999987
0.7647058823529411;0.42857142857142855;1.7548387096774194;0.7647058823529411;1.040929203539823;-3.0;-4.268817204301075;0.0392156862745098;-3.972972972972973;-3.375;0.8562091503267972;1.365;-0.9718309859154929;0.5703125;0.5982905982905983;-0.2587763289869609;11;0.4479495268138806;0.32998565279770437;0.6361355081555833;1.2365591397849462;0.6078431372549019;0.68;0.6730769230769231;0.5;1.5185185185185186;0.7142857142857143;0.625;1.375;0.8;-0.7;1.5303030303030303;0.59375;-4.0;-4.666666666666667;-5.6;-5.0;-2.5;0.0;0.0;-0.3333333333333333;-1.6363636363636365;-1.0;1.3050565535595482;0.39294710327455934;-0.1032639055143245;0.40908559629095725;1.4925679949399115;0.2826086956521739;0.42592592592592593;0.3178179110035376;0.574468085106383;0.15677179962894244;1.3461538461538463;0.6666666666666666;-0.48110208406923344;1.0;0.25;1.4308562197092085;0.6414312617702447;2.3333333333333335;1.7142857142857142;2.318019943019943;2.758563074352548;1.0;3.3333333333333335;0.6499352331606216;1.70081490104773;4.404738343326154;-4.055499999999999;0.8051948051948052;-3.0;-7.333333333333333;-4.83411124076235;0.20812324929971984;-1.7857142857142858;-7.333333333333333;-5.056527590847914;1.8260204081632652;-1.7142857142857142;-0.5;-1.5555;-2.090909090909091;-0.5714285714285714;-0.7929571489181162;0.9483917862983826;-1.75;-0.125;-1.8425099206349207;1.0105983660852285;-1.6363636363636365;2.2361516034985427;0.5869565217391305;-0.5;0.0;1.4629629629629632;-2.9;-1.75;0.8462458594037541;-2.727272727272727;-0.4;-0.18181818181818182;-0.2675682202366578;-0.3333333333333333;0.375;-0.4;-0.5016574585635358;-3.2222222222222223;1.447108817726514;1.0;-0.16666666666666666;-0.1204582651391163;1.6;-0.37083333333333324
0.8235294117647058;-1.1428571428571428;1.7548387096774194;0.8235294117647058;1.1438053097345133;-3.0;-4.602150537634409;0.23529411764705882;-4.45945945945946;-2.25;0.9215686274509796;1.39;-0.9014084507042253;0.578125;0.5811965811965812;-0.2587763289869609;11;0.5520504731861201;0.33715925394548074;0.6511919698870764;1.453763440860215;0.09803921568627451;0.7;0.7307692307692307;0.8;1.7777777777777777;0.42857142857142855;0.625;0.625;1.6;-0.5;1.7272727272727273;0.6666666666666666;-3.5;-4.0;-5.6;-5.25;0.0;-3.375;0.0;-0.1111111111111111;-0.45454545454545453;-0.5;0.44444444444444464;0.7155590001937608;0.05777671374990026;0.31168426384072934;1.237033523086654;0.2826086956521739;0.42592592592592593;0.4075591137590765;0.574468085106383;0.1359660747415849;1.3461538461538463;-0.05550000000000003;1.5835393853761923;-0.8333333333333334;0.25;0.8308562197092084;1.2598870056497176;-1.3333333333333333;0.8571428571428571;2.228988603988604;2.9554441659704818;-0.75;3.3333333333333335;-0.26700129533678757;1.145712068296469;3.845276209325339;-3.6666666666666665;0.08279220779220778;-2.5555555555555554;-7.333333333333333;-4.8619214313496695;0.1428571428571429;-1.7857142857142858;-7.666666666666667;-5.479676985195155;1.3903061224489794;-1.7142857142857142;-0.75;-2.5555;-2.090909090909091;-0.5714285714285714;-1.2172252863809925;1.1848082863892422;-1.75;-0.125;-2.17906746031746;1.0375358798851844;-1.6363636363636365;1.635568513119534;0.021739130434782532;-0.5;0.016801075268817297;0.5000000000000002;0.7;2.1875;1.0797754876702244;-1.9090909090909092;-2.2;-0.8181818181818182;0.40956290751026314;-2.1666666666666665;-1.0;-2.2;1.6511970534069982;0.7777777777777778;1.2018515707998179;0.0;-0.5;-0.1204582651391163;0.8;-0.4458333333333333
0.8823529411764706;-1.1428571428571428;1.7548387096774194;0.8823529411764705;1.2527654867256637;-3.0;-4.989247311827957;0.8823529411764706;-4.054054054054054;1.75;0.9967320261437905;1.392;-1.197183098591549;0.578125;0.6752136752136753;-0.2587763289869609;11;0.6309148264984227;0.3328550932568149;0.6825595984943539;1.5634408602150538;0.29411764705882354;0.18;0.75;0.94;1.5925925925925926;-1.1428571428571428;0.375;0.625;1.0;0.5;1.878787878787879;0.84375;-3.5;-3.5;-4.8;-6.75;-0.5;-2.25;-3.0;-0.1111111111111111;0.0;-1.5;-0.0026613439787092513;0.7428792869598915;0.21746069747027355;0.42207893403981767;2.7213788741302976;0.2826086956521739;0.7407407407407407;1.0541798547756471;0.574468085106383;0.4170421415319374;1.3461538461538463;-0.7776666666666667;1.3542917696926882;-0.8333333333333334;0.0;0.3691437802907916;1.6033898305084744;-1.3333333333333333;0.7142857142857143;2.0128205128205128;3.2653856864383184;-0.75;3.3333333333333335;-1.2953367875647668;0.5064027939464496;3.0510507014378017;-3.5;-0.6201298701298702;-2.2222222222222223;-7.333333333333333;-4.723064955270323;0.2260504201680672;-1.7857142857142858;-7.666666666666667;-5.883445491251682;0.8007653061224489;-1.7142857142857142;-1.75;-1.7776666666666667;-2.090909090909091;1.4285714285714286;-0.8232923207467118;1.54770125386153;-1.75;0.75;-1.807043650793651;1.4058291013468756;-1.6363636363636365;0.11078717201166191;0.021739130434782532;-0.0;-0.352486559139785;0.018518518518518455;3.0;1.375;2.0921972764078025;3.4545454545454546;0.0;1.0;0.40956290751026314;-1.8333333333333333;-1.0;0.0;1.4121546961325966;3.3333333333333335;2.6264987099711634;0.0;0.0;-0.235024549918167;0.2;-0.5041666666666667
0.9411764705882353;-1.1428571428571428;1.7548387096774194;0.9411764705882352;1.364491150442478;-3.0;-5.376344086021505;0.0196078431372549;-4.891891891891892;-3.875;1.068627450980392;1.427;-1.0140845070422535;0.578125;0.5982905982905983;-0.2587763289869609;11;0.6372239747634069;0.3242467718794834;0.7101631116687577;1.567741935483871;0.9411764705882353;0.38;0.25;1.1;1.5555555555555556;-1.1428571428571428;-1.0;0.375;0.8;2.6;2.015151515151515;1.2395833333333333;-3.5;-3.5;-4.2;-7.0;-2.5;1.75;-2.0;-3.111111111111111;0.5454545454545454;-2.0;-0.0026613439787092513;0.6640186010463088;0.34482483441066136;0.41557252503214237;2.7839974699557244;0.2608695652173913;0.7407407407407407;1.4312046173896855;0.5531914893617021;0.3860323350119268;1.3461538461538463;-1.3888333333333334;-0.8890851289297068;-0.8333333333333334;-1.375;-0.04620355411954759;1.644821092278719;-1.3333333333333333;0.7142857142857143;1.5293803418803418;3.2946254525201897;-0.75;3.3333333333333335;-1.2953367875647668;-0.17025611175785788;2.220036090575703;-3.5;-0.6201298701298702;-2.2222222222222223;-7.333333333333333;-4.556398288603656;0.2140056022408964;-1.7857142857142858;-7.666666666666667;-6.2102288021534315;0.1196428571428571;-1.7142857142857142;-5.0;-2.0;-2.4545454545454546;1.4285714285714286;-1.9749681798896903;1.9662002544066872;-2.0833333333333335;0.75;-2.1614583333333335;1.7732391256347981;-2.0;2.9737609329446073;0.021739130434782532;0.0;-0.8568548387096775;0.018518518518518455;-4.7;-4.875;2.9928229665071773;-1.4545454545454546;0.0;0.0;0.528374788698382;-0.0;-1.0;0.0;-0.9270718232044197;-5.222222222222222;2.686598876916072;0.0;0.0;-0.8019639934533551;0.2;-0.5083333333333333
1.0;-1.1428571428571428;1.7548387096774194;0.9999999999999998;1.420353982300885;-2.3333333333333335;-4.591397849462366;0.2549019607843137;-5.45945945945946;-2.5;1.1405228758169932;1.455;-0.9295774647887324;0.5703125;0.5641025641025641;-0.2587763289869609;11;0.7476340694006314;0.3314203730272598;0.739021329987453;1.464516129032258;0.0784313725490196;1.04;0.4423076923076923;0.96;1.2962962962962963;-1.1428571428571428;-1.0;-1.0;0.9;4.4;2.159090909090909;1.8229166666666667;-3.5;-3.5;-4.2;-7.25;-9.0;-3.875;1.5555555555555556;-2.111111111111111;-0.2727272727272727;-3.25;0.44444444444444464;0.5812826971517149;0.4170457265980368;0.42207893403981767;2.759803921568628;0.2608695652173913;0.7407407407407407;1.4434928318748836;0.5531914893617021;0.16830108666843352;1.6538461538461537;-1.3888333333333334;-0.8890851289297068;-0.8333333333333334;-1.375;-0.4846526655896607;1.1747645951035781;-1.3333333333333333;-0.14285714285714285;0.8171296296296298;2.297688666109719;-0.75;2.4166666666666665;-1.2953367875647668;-0.7073147070236708;1.6120263111938995;-3.2778333333333336;0.31696428571428575;-2.2222222222222223;-6.0;-4.250680669000389;0.23613445378151257;-1.7857142857142858;-6.333333333333333;-6.2102288021534315;0.1196428571428571;-1.7142857142857142;-5.0;-2.111;-2.4545454545454546;1.4285714285714286;-2.520364870598218;1.9849173178266397;-2.0833333333333335;0.75;-2.1436011904761907;1.757341576506955;-2.0;2.2099125364431496;0.5869565217391305;0.5;-0.352486559139785;0.5000000000000002;0.9;3.4375;3.0184026499815975;-3.3636363636363638;0.0;0.0;-1.0053127263945907;-0.0;-1.0;0.0;-0.9270718232044197;1.0;2.663378357869176;1.3333333333333333;0.6666666666666666;-0.046153846153846156;1.0;-0.5791666666666667
1.0588235294117647;-1.1428571428571428;1.7548387096774194;1.0588235294117645;1.4740044247787611;-4.333333333333333;-3.849462365591398;0.5490196078431373;-5.594594594594595;-0.625;1.2124183006535945;1.467;-1.0704225352112677;0.5703125;0.5897435897435898;-0.2587763289869609;11;0.8359621451104107;0.33859397417503584;0.7515683814303639;1.4688172043010752;0.3137254901960784;0.16;1.0769230769230769;1.02;1.5925925925925926;-1.1428571428571428;-1.0;-1.0;0.3;3.3;2.257575757575758;2.2916666666666665;-2.8333333333333335;-3.5;-4.2;-7.25;-12.0;-2.5;-3.4444444444444446;1.4444444444444444;-0.09090909090909091;-2.5;-0.2202262142381903;-0.09998062391009495;0.3219216343468198;0.31168426384072934;1.3023402909550919;0.2608695652173913;0.42592592592592593;1.4613665983988082;0.5531914893617021;0.07169361250993908;1.7307692307692308;-1.3888333333333334;-0.8890851289297068;-0.8333333333333334;-1.375;-0.7846526655896606;0.8952919020715631;-1.3333333333333333;-0.14285714285714285;0.24483618233618235;1.4154831523252578;-0.75;0.8333333333333334;-1.2953367875647668;-1.2087698874660455;1.1923278421328365;-3.888833333333333;2.5320616883116887;-3.4444444444444446;-6.0;-4.3619214313496695;0.599439775910364;-2.0714285714285716;-6.333333333333333;-6.383310901749663;0.31887755102040805;-2.0;-5.0;-3.1666666666666665;-2.4545454545454546;-1.2857142857142858;-2.6720407297411963;1.8962384154097762;-2.0833333333333335;0.75;-1.9665178571428572;1.7297416648266726;-2.0;1.0000000000000007;-2.7608695652173916;-2.9615384615384617;1.9133064516129035;-1.8703703703703705;1.2;0.125;2.413691571586308;2.0;0.0;0.0;-1.0053127263945907;-0.0;-1.0;0.0;-0.9270718232044197;1.3333333333333333;1.2645317954166035;-5.0;-3.1666666666666665;2.4769230769230766;-2.0;-0.6374999999999996
-0.9411764705882353;5.428571428571429;-0.6967741935483871;-0.9411764705882354;-0.5077433628318584;0.3333333333333333;0.3655913978494624;-0.8235294117647058;0.13513513513513514;1.5;-2.9673202614379086;0.28;0.22535211267605632;-2.609375;-2.9743589743589745;0.12236710130391174;12;-2.8706624605678237;-1.157819225251076;-0.5282308657465493;-0.17204301075268819;-0.7647058823529411;-0.7;-0.5961538461538461;-0.36;0.07407407407407407;5.428571428571429;4.75;4.75;3.6;3.4;-0.4393939393939394;-0.0625;0.5;0.5;0.6;0.5;1.0;1.5;1.3333333333333333;1.2222222222222223;1.0;0.875;-1.0878243512974053;-1.7628366595621003;-1.4026015481605618;-0.7792106596018233;0.057716635041113254;-0.6739130434782609;-0.8703703703703703;-0.46211133867063847;-0.3617021276595745;-0.8843095679830373;0.07692307692307693;6.277833333333334;2.108089014482515;6.833333333333333;4.375;6.092730210016154;1.8749529190207153;14.0;4.571428571428571;6.477029914529915;1.2096908939014202;10.75;2.5;2.597474093264249;0.7202173069460616;-0.25234297689038926;0.5;-0.33319805194805197;0.4444444444444444;0.6666666666666666;0.5834305717619603;-0.5148459383753501;0.42857142857142855;0.3333333333333333;0.7499327052489906;-0.5772959183673471;0.5;0.0;1.9445;1.4545454545454546;1.1428571428571428;2.5101824352991087;0.3854261312011629;1.5;0.5;2.8697916666666665;0.5645837933318613;1.9090909090909092;-1.7988338192419824;-0.5217391304347826;-0.5;-0.23924731182795694;-1.388888888888889;-1.1;0.4375;-0.1235737946264262;-1.1818181818181819;-2.4;1.0909090909090908;1.0437092489736777;-2.0;3.25;0.0;-0.9270718232044197;-0.3333333333333333;-0.7885870390044012;-0.3333333333333333;-0.5;-0.10769230769230774;-0.8;11.379166666666668
-0.8823529411764706;3.7142857142857144;-0.4774193548387097;-0.8823529411764707;-0.49557522123893805;0.0;0.3763440860215054;-0.9803921568627451;0.16216216216216217;0.125;-2.222222222222222;0.475;-0.23943661971830976;-2.609375;-2.9743589743589745;0.08826479438314945;12;-2.8706624605678237;-1.157819225251076;-0.5282308657465493;-0.17204301075268819;-0.7647058823529411;-0.7;-0.5961538461538461;-0.36;0.07407407407407407;5.428571428571429;4.75;4.75;3.6;3.4;-0.4393939393939394;-0.0625;0.5;0.5;0.6;0.5;1.0;1.5;1.3333333333333333;1.2222222222222223;1.0;0.875;-1.0878243512974053;-1.7628366595621003;-1.4026015481605618;-0.8571317255620057;0.057716635041113254;-0.8478260869565217;-0.8703703703703703;-0.46211133867063847;-0.5319148936170213;-0.8843095679830373;-0.23076923076923078;5.277833333333334;2.108089014482515;4.833333333333333;4.375;5.123424878836833;1.8749529190207153;10.0;4.571428571428571;5.408653846153847;1.2096908939014202;7.75;2.5;2.597474093264249;0.7202173069460616;-0.25234297689038926;0.4166666666666667;-0.33319805194805197;0.3333333333333333;0.6666666666666666;0.486192143134967;-0.5148459383753501;0.35714285714285715;0.3333333333333333;0.6153432032301481;-0.5772959183673471;0.42857142857142855;0.0;1.0278333333333334;0.45454545454545453;1.1428571428571428;1.3434450572761985;0.3854261312011629;0.5833333333333334;0.5;1.505704365079365;0.5645837933318613;0.9090909090909091;-0.3790087463556849;-0.5217391304347826;-0.5;-0.23924731182795694;-1.388888888888889;-1.1;0.4375;-0.1235737946264262;-1.1818181818181819;-2.4;1.0909090909090908;1.0437092489736777;-2.0;3.25;0.0;-0.9270718232044197;-0.3333333333333333;-0.7885870390044012;-0.3333333333333333;-0.5;-0.10769230769230774;-0.8;11.379166666666668
-0.8235294117647058;3.7142857142857144;-0.25806451612903225;-0.8235294117647061;-0.4811946902654867;-0.3333333333333333;0.3333333333333333;-0.9803921568627451;0.08108108108108109;-0.25;-1.69281045751634;0.6;-0.76056338028169;-2.609375;-2.9743589743589745;0.05416248746238716;12;-2.2555205047318614;-1.157819225251076;-0.5282308657465493;-0.17204301075268819;-0.9215686274509803;-0.7;-0.5961538461538461;-0.36;0.07407407407407407;3.7142857142857144;4.75;4.75;3.6;3.4;-0.4393939393939394;-0.0625;0.3333333333333333;0.5;0.6;0.5;1.0;0.125;1.3333333333333333;1.2222222222222223;1.0;0.875;-1.1999334664005326;-1.8281340825421433;-1.4294948527651423;-0.8830989207932364;-0.10641998734977863;-0.8478260869565217;-0.8703703703703703;-0.6553714392105752;-0.5319148936170213;-1.0218658892128278;-0.23076923076923078;4.944500000000001;1.5581066760861886;4.833333333333333;4.375;4.800323101777059;1.2885122410546137;10.0;4.571428571428571;5.05252849002849;0.7761069340016709;7.75;2.5;4.209844559585492;1.6862630966239815;0.3273182373828512;0.16666666666666666;0.4537337662337662;-0.1111111111111111;0.6666666666666666;0.1944768572539868;0.028291316526610637;0.07142857142857142;0.3333333333333333;0.21157469717362049;-0.08265306122448987;0.14285714285714285;0.0;0.5556666666666666;0.18181818181818182;1.1428571428571428;0.7424692405600338;0.3114664728330003;0.3333333333333333;0.5;0.8030753968253969;0.4747184809008612;0.6363636363636364;-0.3790087463556849;-1.0869565217391306;-0.5;-0.23924731182795694;-1.388888888888889;-0.3;0.4375;-0.1235737946264262;-1.1818181818181819;0.0;1.0909090909090908;1.0437092489736777;-2.0;3.25;0.0;-0.9270718232044197;-0.3333333333333333;-0.7885870390044012;-1.3333333333333333;-0.5;-0.10769230769230774;-0.8;5.270833333333334
-0.7647058823529411;1.0;-0.16129032258064516;-0.7647058823529412;-0.4646017699115044;-0.6666666666666666;0.27956989247311825;-0.7843137254901961;0.21621621621621623;0.5;-1.3169934640522878;0.706;-0.8873239436619718;-2.609375;-2.9743589743589745;0.03911735205616851;12;-1.8611987381703472;-1.157819225251076;-0.5282308657465493;-0.17204301075268819;-0.9215686274509803;-0.86;-0.5961538461538461;-0.36;0.07407407407407407;3.7142857142857144;3.25;4.75;3.6;3.4;-0.4393939393939394;-0.0625;-0.3333333333333333;0.3333333333333333;0.6;0.5;1.0;-0.25;0.1111111111111111;1.2222222222222223;1.0;0.875;-1.1999334664005326;-1.7076148033326874;-1.3798579522783496;-0.870125063310866;0.07621758380771666;-0.8478260869565217;-0.8333333333333334;-0.5360268106497857;-0.5319148936170213;-0.9369202226345082;-0.23076923076923078;3.2223333333333337;2.9858707170611094;1.6666666666666667;2.875;3.8714054927302097;3.5062146892655366;3.6666666666666665;4.571428571428571;4.028668091168091;2.4157616262879427;3.0;2.5;2.769753886010363;1.9798214978657358;0.5034635310553585;-0.2221666666666667;0.619724025974026;-0.3333333333333333;0.3333333333333333;-0.0486192143134967;0.2126050420168067;-0.07142857142857142;0.3333333333333333;-0.12489905787348586;0.08520408163265297;0.0;0.0;0.11116666666666668;0.18181818181818182;0.0;0.7600763682647433;0.06614573868798834;0.3333333333333333;0.5;0.8236607142857143;0.17663943475380875;0.6363636363636364;-1.4169096209912535;-0.5217391304347826;0.5;-0.352486559139785;-1.388888888888889;0.7;0.5625;0.1856827383143173;0.45454545454545453;-3.8;-1.7272727272727273;1.3151412702245833;-3.1666666666666665;0.875;-3.8;3.1134438305709025;0.7777777777777778;0.08772196084383066;-0.6666666666666666;0.3333333333333333;-0.30180032733224227;-1.0;3.4458333333333337
-0.7058823529411765;0.42857142857142855;-0.09032258064516129;-0.7058823529411765;-0.4452433628318584;-1.0;0.20430107526881722;-0.803921568627451;0.21621621621621623;0.0;-1.0294117647058825;0.782;-1.0563380281690142;-2.609375;-2.9743589743589745;0.028084252758274825;12;-1.5268138801261832;-1.157819225251076;-0.5282308657465493;-0.17204301075268819;-0.7254901960784313;-0.86;-0.75;-0.36;0.07407407407407407;1.0;3.25;3.25;3.6;3.4;-0.4393939393939394;-0.0625;-0.6666666666666666;-0.3333333333333333;0.4;0.5;1.0;0.5;-0.2222222222222222;0.0;1.0;0.875;-0.8509647371922823;-1.5512497577988764;-1.3154576649908227;-0.8116842638407293;0.03415559772296018;-0.8478260869565217;-0.8333333333333334;-0.5881586296778996;-0.5319148936170213;-0.9740259740259738;-0.23076923076923078;1.9445;3.451430589897563;1.0;2.875;3.1848142164781903;4.182674199623352;2.3333333333333335;4.571428571428571;3.2719017094017095;2.9159008632692847;2.0;2.5;0.8178432642487047;2.125242530073729;0.5907212294079981;-0.6111666666666666;0.0;-0.4444444444444444;-1.0;-0.2333722287047842;0.28543417366946783;-0.14285714285714285;0.3333333333333333;-0.38061911170928675;0.15153061224489792;-0.07142857142857142;0.0;0.05566666666666667;0.18181818181818182;0.0;0.6009758167161646;-0.03270943121933485;0.3333333333333333;0.5;0.6376488095238095;0.056524619121218866;0.6363636363636364;-1.0495626822157431;-0.5434782608695653;-0.019230769230769232;-0.36189516129032256;-0.925925925925926;-0.4;-0.75;-0.08437615016562383;0.36363636363636365;-0.8;1.3636363636363635;1.4136681960879012;-3.8333333333333335;0.375;-0.8;3.5988950276243092;-0.4444444444444444;0.04735164668386709;-0.3333333333333333;0.16666666666666666;-0.30180032733224227;-0.4;2.4
-0.6470588235294118;0.8571428571428571;0.0;-0.6470588235294118;-0.42367256637168144;-0.3333333333333333;0.16129032258064516;-0.7450980392156863;0.21621621621621623;0.0;-0.8169934640522878;0.889;-0.4647887323943661;-2.609375;-2.9743589743589745;0.014042126379137413;12;-1.2870662460567823;-1.157819225251076;-0.5282308657465493;-0.17204301075268819;-0.7450980392156863;-0.66;-0.75;-0.36;0.07407407407407407;0.42857142857142855;0.875;3.25;3.6;3.4;-0.4393939393939394;-0.0625;-0.8333333333333334;-0.6666666666666666;-0.4;0.5;1.0;0.0;0.4444444444444444;-0.3333333333333333;1.0;0.875;0.050565535595475775;-1.064716140282891;-1.115074614954912;-0.733763197880547;-0.5951929158760279;-0.6521739130434783;-0.7962962962962963;-0.5460808043194934;-0.5319148936170213;-0.9440763318314337;-0.23076923076923078;0.8333333333333334;-0.15365595196043802;1.0;0.5;2.8079159935379643;4.051600753295668;2.3333333333333335;4.571428571428571;2.856481481481482;2.8189919242550823;2.0;2.5;0.733484455958549;2.3182964687621266;0.7065603352930904;-0.6111666666666666;0.0;-0.4444444444444444;-1.0;-0.25923765071956445;0.18459383753501407;-0.14285714285714285;0.3333333333333333;-0.41641991924629884;0.0596938775510204;-0.07142857142857142;0.0;0.16666666666666666;0.36363636363636365;0.0;0.4949087823504455;-0.11030347083409053;0.3333333333333333;0.5;0.513640873015873;-0.037756679178626684;0.6363636363636364;-0.6093294460641395;0.5652173913043478;0.9807692307692306;0.12298387096774199;0.0;0.0;0.1875;-0.13176297386823707;-0.2727272727272727;0.6;0.6363636363636364;1.709007486114465;-0.16666666666666666;0.75;0.6;-0.16022099447513813;0.0;-0.5566853847321293;1.0;0.6666666666666666;0.06415711947626832;0.6;1.8291666666666666
-0.5882352941176471;0.8571428571428571;0.09032258064516129;-0.6787330316742082;-0.40154867256637167;-0.6666666666666666;0.13978494623655913;-0.6666666666666666;0.2972972972972973;0.125;-0.6535947712418305;0.938;-0.4788732394366196;-0.5;-0.358974358974359;0.0;12;-0.9495268138801262;-1.157819225251076;-0.5282308657465493;-0.17204301075268819;-0.6862745098039216;-0.68;-0.5576923076923077;-0.36;0.07407407407407407;0.8571428571428571;0.375;0.875;3.6;3.4;-0.4393939393939394;-0.0625;-0.3333333333333333;-0.8333333333333334;-0.8;0.5;1.0;0.0;0.0;0.3333333333333333;1.0;0.875;0.050565535595475775;-0.8041077310598722;-1.0077408028090338;-0.6948026649004558;-0.28146742567994937;-0.6521739130434783;-0.7222222222222222;-0.406442003351331;-0.5319148936170213;-0.8446859263185792;-0.23076923076923078;0.7778333333333333;-0.2772871776757329;1.0;0.375;2.538610662358643;3.8572504708097926;2.3333333333333335;4.571428571428571;2.5596509971509973;2.6752993595098857;2.0;2.5;0.9715025906735751;2.5494761350407456;0.8452762093253392;-0.6111666666666666;0.0;-0.4444444444444444;-1.0;-0.33333333333333337;0.153781512605042;-0.14285714285714285;0.3333333333333333;-0.5189771197846568;0.031632653061224404;-0.07142857142857142;0.0;0.0;0.36363636363636365;-0.42857142857142855;0.4495120916419177;-0.18389969107759413;0.3333333333333333;0.5;0.46056547619047616;-0.12718039302274245;0.6363636363636364;-0.7988338192419819;-0.5434782608695653;-0.9807692307692306;0.13239247311827965;0.0;0.1;0.0;-0.4006256900993743;0.18181818181818182;0.0;-0.2727272727272727;-0.15720840376720605;0.5;0.75;0.0;-0.28913443830570895;0.1111111111111111;-0.25557747761420546;-0.6666666666666666;-0.8333333333333334;0.06415711947626832;0.4;1.1875000000000002
-0.5294117647058824;0.42857142857142855;0.16129032258064516;-0.5294117647058825;-0.37389380530973454;0.0;0.0967741935483871;-0.5882352941176471;0.2702702702702703;0.125;-0.5261437908496732;0.994;-0.23943661971830976;-0.515625;-0.39316239316239315;-0.011033099297893681;12;-0.7949526813880128;-1.157819225251076;-0.5282308657465493;-0.17204301075268819;-0.6078431372549019;-0.62;-0.5769230769230769;-0.36;0.07407407407407407;0.8571428571428571;0.75;0.375;3.6;3.4;-0.4393939393939394;-0.0625;-0.6666666666666666;-0.3333333333333333;-1.0;0.5;1.0;0.125;0.0;-0.1111111111111111;1.0;0.875;0.050565535595475775;-0.4266614997093587;-0.8339318490144442;-0.6233685276814587;-0.2043010752688172;-0.5869565217391305;-0.6481481481481481;-0.11431763172593538;-0.5319148936170213;-0.7077922077922078;-0.23076923076923078;0.7778333333333333;-0.2772871776757329;1.0;0.375;1.7308562197092083;2.581167608286252;2.3333333333333335;2.857142857142857;2.2702991452991452;2.6151489835700366;2.0;2.5;0.733484455958549;1.6685098952270083;0.9719424879212991;-0.2778333333333333;0.4013798701298701;-0.3333333333333333;0.0;-0.3889537145079736;0.028291316526610637;-0.14285714285714285;0.0;-0.4277254374158816;0.01301020408163258;-0.07142857142857142;0.0;0.05566666666666667;0.36363636363636365;-0.42857142857142855;0.1160373355960967;-0.7010721424677449;0.3333333333333333;-0.5;0.42063492063492064;-0.19805696621770816;0.6363636363636364;-0.5568513119533524;0.5652173913043478;0.9807692307692306;0.13239247311827965;0.0;0.1;-0.0625;-0.5910011041589989;0.2727272727272727;-0.6;-0.2727272727272727;-0.2808500362231346;-0.5;0.375;-0.6;-0.28913443830570895;0.1111111111111111;-0.1815146456214903;1.6666666666666667;1.1666666666666667;0.37839607201309317;0.8;0.9416666666666671
-0.47058823529411764;0.7142857142857143;0.24516129032258063;-0.47058823529411775;-0.34513274336283184;0.0;0.10752688172043011;-0.5490196078431373;0.24324324324324326;-0.125;-0.42483660130718987;1.027;-0.2112676056338027;-0.46875;-0.41025641025641024;-0.024072216649949848;12;-0.6182965299684542;-0.8780487804878048;-0.5282308657465493;-0.17204301075268819;-0.5294117647058824;-0.54;-0.5192307692307693;-0.52;0.07407407407407407;0.42857142857142855;0.75;0.75;2.4;3.4;-0.18181818181818182;-0.0625;0.16666666666666666;-0.6666666666666666;-0.4;0.25;1.0;0.125;0.1111111111111111;-0.1111111111111111;0.0;0.875;0.829008649367931;0.036620809920558044;-0.6349054345223846;-0.5584407994701367;-0.35373181530676784;-0.5;-0.6111111111111112;-0.12735058648296393;-0.5319148936170213;-0.6036310628147361;-0.23076923076923078;0.7223333333333333;-0.3493465206640763;1.0;0.375;1.2462035541195478;1.7235404896421846;2.3333333333333335;2.857142857142857;2.0847578347578346;2.477582846003899;2.0;2.5;0.6499352331606216;1.0988552580519986;1.1142674195238371;-0.11116666666666668;0.5515422077922078;-0.3333333333333333;0.0;-0.41676390509529365;-0.0378151260504201;-0.14285714285714285;-0.3333333333333333;-0.35666218034993274;-0.009183673469387763;-0.07142857142857142;0.0;0.0;0.2727272727272727;-0.42857142857142855;0.05557912600763682;-0.6823550790477921;0.3333333333333333;-0.5;0.3345734126984127;-0.23051446235372058;0.6363636363636364;-0.17784256559766748;0.5652173913043478;0.0;0.13239247311827965;0.9444444444444444;-0.1;-0.1875;-0.5378174457121825;0.09090909090909091;0.4;0.45454545454545453;-0.397488529340739;-0.16666666666666666;0.625;0.4;-0.36427255985267026;-0.1111111111111111;-0.324935498558203;0.0;-0.8333333333333334;0.37839607201309317;1.2;0.6916666666666669
-0.4117647058823529;-0.5714285714285714;0.2709677419354839;-0.41176470588235303;-0.31194690265486724;0.0;0.053763440860215055;-0.45098039215686275;0.24324324324324326;0.0;-0.32679738562091526;1.051;-0.2957746478873239;-0.4140625;-0.38461538461538464;-0.028084252758274825;12;-0.5141955835962148;-0.6987087517934002;-0.5282308657465493;-0.17204301075268819;-0.49019607843137253;-0.46;-0.4423076923076923;-0.52;0.07407407407407407;0.7142857142857143;0.375;0.75;2.4;3.4;0.07575757575757576;-0.0625;0.16666666666666666;0.16666666666666666;-0.8;-0.75;1.0;-0.125;0.1111111111111111;0.0;-0.2727272727272727;0.875;0.050565535595475775;0.16779693857779496;-0.5054664432208125;-0.4870066622511396;-0.2666034155597723;-0.41304347826086957;-0.5185185185185185;-0.26252094582014507;-0.3404255319148936;-0.4483169891333157;-0.23076923076923078;0.16666666666666666;0.7802896503002473;-0.16666666666666666;0.25;0.5537964458804524;0.08361581920903953;0.0;0.14285714285714285;1.776175213675214;2.5948203842940685;0.25;2.5;0.1437823834196891;0.8725261932479628;1.1981489027300773;0.16666666666666666;-0.6201298701298702;0.2222222222222222;0.0;-0.33333333333333337;0.04061624649859944;-0.14285714285714285;-0.3333333333333333;-0.29986541049798116;-0.031632653061224515;-0.07142857142857142;0.0;-0.0555;0.2727272727272727;-0.42857142857142855;0.1160373355960967;-0.7365073596220243;0.4166666666666667;-0.5;0.2904265873015873;-0.2744535217487304;0.6363636363636364;-0.4460641399416904;-0.5434782608695653;-0.9807692307692306;0.13239247311827965;0.0;0.2;0.125;-0.5034965034965034;0.18181818181818182;-1.8;-1.0;0.3248007727602028;-1.1666666666666667;-0.5;-1.8;0.8136279926335175;0.2222222222222222;-0.24131127636970706;0.0;0.0;0.14304418985270043;0.2;0.5583333333333333
-0.35294117647058826;0.2857142857142857;0.33548387096774196;-0.35294117647058837;-0.2771017699115044;0.0;0.053763440860215055;-0.37254901960784315;0.21621621621621623;0.0;-0.2614379084967322;1.077;-0.2112676056338027;-0.3515625;-0.3333333333333333;-0.03811434302908726;12;-0.4384858044164039;-0.5466284074605452;-0.5282308657465493;-0.17204301075268819;-0.39215686274509803;-0.42;-0.36538461538461536;-0.32;0.07407407407407407;-0.5714285714285714;0.625;0.375;0.5;3.4;0.1893939393939394;-0.0625;0.16666666666666666;0.16666666666666666;0.2;-1.25;1.0;0.0;-0.1111111111111111;0.0;0.2727272727272727;0.875;0.06919494344644053;0.31873667893819024;-0.342191365413774;-0.41557252503214237;-0.12381404174573048;-0.3695652173913043;-0.4444444444444444;-0.04598771178551461;-0.3404255319148936;-0.2858468062549695;-0.23076923076923078;0.11116666666666664;0.7297774637937126;-0.16666666666666666;0.25;0.4384491114701131;-0.01619585687382303;0.0;0.0;1.620726495726496;2.492898913951546;0.25;2.5;-0.12775259067357508;0.6998447807528135;1.2909948192560683;0.16666666666666666;-0.6201298701298702;0.2222222222222222;0.0;-0.1944768572539868;0.028291316526610637;-0.14285714285714285;-0.3333333333333333;-0.25329744279946165;-0.05357142857142868;-0.07142857142857142;0.0;-0.111;0.2727272727272727;-0.5714285714285714;-0.0050912176495545225;-0.9025985825913139;0.4166666666666667;-0.875;0.2544642857142857;-0.31287259880768387;0.6363636363636364;-0.27988338192419787;0.5869565217391305;1.0;0.14247311827957004;0.018518518518518455;0.1;-0.125;-0.5034965034965034;0.36363636363636365;1.2;1.3636363636363635;0.8703211784593093;-0.5;0.25;1.2;0.7609576427255985;0.1111111111111111;-0.10426468356351486;0.0;0.0;-0.8019639934533551;0.2;0.46249999999999997
-0.29411764705882354;0.0;0.3870967741935484;-0.2941176470588236;-0.23783185840707965;0.3333333333333333;0.053763440860215055;-0.35294117647058826;0.10810810810810811;-0.5;-0.19607843137254916;1.097;-0.2112676056338027;-0.2890625;-0.29914529914529914;-0.04613841524573721;12;-0.35646687697160884;-0.43758967001434707;-0.5282308657465493;-0.17204301075268819;-0.3137254901960784;-0.32;-0.3269230769230769;-0.34;0.07407407407407407;0.2857142857142857;-0.5;0.625;0.1;3.4;0.2727272727272727;-0.0625;0.16666666666666666;0.16666666666666666;0.2;-1.5;1.0;0.0;0.0;-0.2222222222222222;-0.09090909090909091;0.875;0.8456420492348641;0.4010850610346833;-0.16120022344585452;-0.3506447968208205;-0.41840607210626185;-0.2608695652173913;-0.42592592592592593;-0.11208341091044487;-0.2765957446808511;-0.17744500397561624;-0.23076923076923078;-0.16666666666666666;0.19003885552808203;-0.16666666666666666;-0.125;0.3691437802907916;0.05197740112994346;0.0;0.0;1.4615384615384615;2.428571428571429;0.25;2.5;0.1648316062176167;0.4495537446643384;1.3789510448803772;0.3333333333333333;0.08279220779220778;0.2222222222222222;1.0;0.05562038117464023;0.005042016806722755;-0.07142857142857142;0.6666666666666666;-0.1472409152086137;-0.0015306122448980172;-0.07142857142857142;0.25;-0.2776666666666667;0.0;-0.5714285714285714;-0.1264319049639372;-0.7157913865164456;0.16666666666666666;-0.875;0.1416170634920635;-0.2797527047913447;0.45454545454545453;0.08746355685131203;0.5652173913043478;-0.019230769230769232;0.14247311827957004;0.9629629629629632;-0.2;-0.25;-0.45252116304747886;0.0;-0.4;-0.7272727272727273;0.8072929244143926;0.6666666666666666;0.0;-0.4;0.19815837937384906;-0.2222222222222222;-0.3870086507816057;1.0;0.5;-0.235024549918167;0.8;0.3708333333333337
-0.23529411764705882;0.8571428571428571;0.4774193548387097;-0.22624434389140283;-0.19469026548672566;0.3333333333333333;0.03225806451612903;-0.29411764705882354;-0.02702702702702703;-0.375;-0.14052287581699394;1.114;-0.2112676056338027;-0.2265625;-0.24786324786324787;-0.06018054162487462;12;-0.2933753943217665;-0.2840746054519368;-0.5282308657465493;-0.17204301075268819;-0.29411764705882354;-0.24;-0.23076923076923078;-0.28;0.07407407407407407;0.0;0.25;-0.5;0.4;3.4;0.3787878787878788;-0.0625;0.6666666666666666;0.16666666666666666;0.2;-0.75;1.0;-0.5;0.0;-0.1111111111111111;-0.09090909090909091;0.875;0.4268130405854959;0.5123038170897114;0.0;-0.29869092609186887;-0.5075901328273245;-0.17391304347826086;-0.37037037037037035;-0.21020294172407364;-0.19148936170212766;-0.06745295520805729;-0.23076923076923078;0.38899999999999996;0.19003885552808203;0.5;0.375;0.3691437802907916;0.05197740112994346;0.0;0.0;1.4090099715099715;2.2887774993038152;0.25;2.5;0.5077720207253885;0.37592161428017073;1.5017754234821585;0.5;0.08279220779220778;0.2222222222222222;1.0;0.2222870478413069;0.03585434173669471;-0.07142857142857142;0.6666666666666666;-0.0576043068640646;0.028571428571428484;-0.07142857142857142;0.25;-0.4443333333333334;0.0;-0.5714285714285714;-0.21722528638099278;-0.6732691259313102;0.16666666666666666;-0.875;0.0652281746031746;-0.28173989843232505;0.45454545454545453;0.1341107871720118;0.021739130434782532;-0.4807692307692307;-0.36189516129032256;0.48148148148148145;0.0;0.0625;-0.5034965034965034;-0.09090909090909091;1.2;0.7272727272727273;0.11011832890606123;0.6666666666666666;0.75;1.2;0.19815837937384906;0.0;-0.4726058582485961;0.0;-0.5;-0.235024549918167;0.8;0.30000000000000027
-0.17647058823529413;-0.8571428571428571;0.49032258064516127;-0.17647058823529418;-0.14823008849557523;0.3333333333333333;0.0;-0.0784313725490196;0.05405405405405406;0.375;-0.06862745098039257;1.147;-0.05633802816901403;-0.1640625;-0.17094017094017094;-0.062186559679037114;12;-0.2397476340694002;-0.21377331420373027;-0.5282308657465493;-0.17204301075268819;-0.23529411764705882;-0.22;-0.15384615384615385;-0.2;0.07407407407407407;0.8571428571428571;0.0;0.25;0.4;3.4;0.48484848484848486;-0.0625;0.6666666666666666;0.6666666666666666;0.2;-1.25;1.0;-0.375;-0.4444444444444444;-0.1111111111111111;0.0;0.875;-0.019294743845641997;0.39720984305367196;0.14763386800734163;-0.20128959364164098;0.32874762808349156;-0.15217391304347827;-0.16666666666666666;0.11078011543474224;-0.10638297872340426;0.18672144182348271;-0.23076923076923078;-0.05550000000000003;1.230307311903921;-0.5;0.375;0.09224555735056537;0.3694915254237289;-0.6666666666666666;0.0;1.2115384615384615;2.350041771094403;-0.25;2.5;0.11625647668393782;0.22332169188979464;1.5818150066942196;0.6666666666666666;-0.6201298701298702;0.5555555555555556;1.0;0.4445740956826138;-0.2635854341736694;0.2857142857142857;0.6666666666666666;0.01938088829071334;0.045408163265306105;-0.07142857142857142;0.25;-0.2776666666666667;0.0;-0.14285714285714285;-0.15655494272380144;-0.5973105578775213;0.16666666666666666;-0.625;0.10615079365079365;-0.30492382424376246;0.45454545454545453;-0.35568513119533496;0.0;-0.019230769230769232;-0.36189516129032256;0.0;0.8;0.4375;-0.15715863084284137;0.8181818181818182;-2.4;-1.6363636363636365;1.1724221202608067;-1.0;-0.75;-2.4;1.2828729281767954;0.8888888888888888;0.3300956139019579;0.0;0.0;-0.235024549918167;0.2;0.2416666666666669
-0.11764705882352941;-0.42857142857142855;0.5225806451612903;-0.11764705882352952;-0.10176991150442478;0.3333333333333333;0.021505376344086023;-0.058823529411764705;0.05405405405405406;0.0;-0.032679738562091526;1.156;-0.0845070422535211;-0.109375;-0.08547008547008547;-0.06720160481444333;12;-0.13564668769716068;-0.13342898134863695;-0.5282308657465493;-0.17204301075268819;-0.0196078431372549;-0.16;-0.1346153846153846;-0.12;0.07407407407407407;-0.8571428571428571;0.75;0.0;0.1;3.4;0.5681818181818182;-0.0625;0.6666666666666666;0.6666666666666666;0.8;0.0;1.0;0.375;-0.3333333333333333;-0.5555555555555556;0.0;0.875;-0.019294743845641997;0.3224181360201511;0.24435400207485417;-0.10388826119141306;0.21600253004427586;-0.08695652173913043;-0.14814814814814814;0.21690560417054566;-0.06382978723404255;0.3780811025708984;-0.23076923076923078;-0.2221666666666667;1.3168491699046274;-0.5;0.375;-0.04620355411954759;0.40527306967984933;-0.6666666666666666;0.0;0.6899928774928775;1.515176830966305;-0.25;1.5;-0.7114637305699482;0.05112533954210332;1.1080388846847895;0.6111666666666666;-0.38595779220779225;0.4444444444444444;1.0;0.5;-0.28935574229691874;0.2857142857142857;0.6666666666666666;0.01938088829071334;0.045408163265306105;-0.07142857142857142;0.25;-0.0555;0.09090909090909091;-0.14285714285714285;-0.1868901145523971;-0.612029801926222;0.16666666666666666;-0.625;-0.10639880952380952;-0.6864650033119895;0.45454545454545453;-0.18367346938775495;0.021739130434782532;0.019230769230769232;-0.8373655913978496;0.0;-0.2;-0.6875;-0.15715863084284137;0.6363636363636364;0.6;1.3636363636363635;1.3235933349432505;-1.5;-0.375;0.6;1.3731123388581952;-0.2222222222222222;0.22188495978145403;-0.3333333333333333;-0.16666666666666666;-0.6130932896890344;0.0;0.13333333333333347
-0.058823529411764705;0.14285714285714285;0.5806451612903226;-0.0542986425339367;-0.05254424778761062;0.0;0.043010752688172046;-0.17647058823529413;-0.16216216216216217;-1.125;0.0;1.156;-0.22535211267605623;-0.0546875;-0.03418803418803419;-0.07622868605817452;12;-0.10725552050473197;-0.08608321377331427;-0.2835633626097866;-0.11612903225806448;0.0;0.06;-0.07692307692307693;-0.08;-0.2222222222222222;-0.42857142857142855;-0.75;0.75;0.3;2.2;0.6666666666666666;0.2916666666666667;0.5;0.6666666666666666;0.8;0.0;0.5;0.0;0.3333333333333333;-0.4444444444444444;-0.18181818181818182;-0.5;-0.0026613439787092513;0.3224181360201511;0.32256005107333796;-0.0649277282113219;-0.3284313725490196;0.043478260869565216;-0.14814814814814814;-0.06926084528020833;0.0425531914893617;0.2968460111317254;-0.23076923076923078;-0.5;0.35146591310491;-0.5;-0.25;-0.13844911147011296;0.21468926553672307;-0.6666666666666666;0.0;0.37197293447293456;0.9604566972988026;-0.25;1.5;-0.1465349740932643;0.0441404734187041;0.7798474882123523;0.5;-0.2142857142857143;0.3333333333333333;1.0;0.5278101905873201;-0.32633053221288516;0.2857142857142857;0.6666666666666666;0.01938088829071334;0.045408163265306105;-0.07142857142857142;0.25;-0.38883333333333336;-0.45454545454545453;-0.14285714285714285;-0.429359355112431;-0.32091586407414135;-0.25;-0.625;-0.28348214285714285;-0.4521969529697505;0.0;0.46064139941691007;0.021739130434782532;0.0;-0.8373655913978496;0.018518518518518455;-0.9;-0.5;0.1420684578579316;-0.9090909090909091;0.8;0.09090909090909091;1.1591403042743296;1.1666666666666667;0.125;0.8;0.3664825046040516;-1.0;-0.3006526028228866;-0.3333333333333333;0.0;-0.6130932896890344;-0.2;0.10416666666666677
0.0;0.0;0.632258064516129;0.0;0.0;0.0;0.053763440860215055;0.0196078431372549;-0.21621621621621623;-0.25;0.032679738562091526;1.173;-0.1267605633802817;0.0;0.042735042735042736;-0.08425275827482448;12;-0.10725552050473197;-0.051649928263988565;-0.1267252195734002;-0.11612903225806448;-0.11764705882352941;0.08;0.1346153846153846;0.02;-0.2222222222222222;0.14285714285714285;-0.375;-0.75;-0.6;2.2;0.696969696969697;0.6458333333333334;0.3333333333333333;0.5;0.8;0.0;-1.5;-1.125;0.0;0.2222222222222222;-0.09090909090909091;-0.875;-0.0026613439787092513;0.12361945359426467;0.35583752294310106;-0.032473604238906016;-0.04095509171410491;0.043478260869565216;-0.07407407407407407;-0.04207782535840608;0.1276595744680851;0.25430691757222373;0.11538461538461539;-0.16666666666666666;-0.15365595196043802;0.0;-0.25;-0.04620355411954759;0.10508474576271182;-0.6666666666666666;0.0;0.04131054131054119;-0.013645224171540066;-0.25;-0.08333333333333333;0.08176813471502603;-0.057528133488552576;0.6316432854066012;0.3333333333333333;-0.2142857142857143;0.2222222222222222;0.6666666666666666;0.5278101905873201;-0.32633053221288516;0.2857142857142857;0.6666666666666666;0.07698519515477793;0.028571428571428484;-0.07142857142857142;0.25;-0.6666666666666666;-0.45454545454545453;-0.5714285714285714;-0.49002969876962227;-0.33654370343449025;-0.25;-0.625;-0.28348214285714285;-0.4521969529697505;0.0;0.023323615160349878;0.021739130434782532;0.0;-0.8568548387096775;0.018518518518518455;0.7;0.9375;0.09394552815605454;-0.09090909090909091;-0.2;-0.45454545454545453;-0.36633663366336644;0.5;0.0;-0.2;-0.16022099447513813;0.7777777777777778;-0.024738200030353524;-0.3333333333333333;0.0;-0.8019639934533551;-0.2;0.10416666666666677
0.058823529411764705;0.2857142857142857;0.6967741935483871;0.058823529411764656;0.05530973451327434;0.0;0.07526881720430108;0.0784313725490196;-0.2702702702702703;-0.25;0.06535947712418305;1.193;0.014084507042253532;0.0703125;0.1282051282051282;-0.09428284854563691;12;-0.05362776025236564;-0.01434720229555238;0.0062735257214554625;-0.06021505376344088;0.0784313725490196;-0.04;0.15384615384615385;0.1;0.14814814814814814;0.0;0.125;-0.375;0.0;0.3;0.7727272727272727;0.8020833333333334;0.16666666666666666;0.3333333333333333;0.6;0.0;-2.5;-0.25;-1.0;-0.1111111111111111;-0.09090909090909091;-0.125;-0.0026613439787092513;0.008331718659174436;0.36062564839198774;0.012993337748860434;0.23956356736242893;0.043478260869565216;-0.018518518518518517;-0.003909886427108363;0.14893617021276595;0.31407368142062003;0.11538461538461539;0.11116666666666664;-0.5358530554574356;0.5;-0.125;-0.04620355411954759;0.10508474576271182;-0.6666666666666666;0.0;-0.02225783475783476;-0.08994708994708994;-0.25;-0.16666666666666666;0.1648316062176167;-0.04947613504074486;0.5244775598113977;0.16666666666666666;-0.2142857142857143;0.1111111111111111;0.3333333333333333;0.5;-0.2596638655462184;0.21428571428571427;0.6666666666666666;0.15397039030955587;-0.04183673469387759;-0.07142857142857142;0.25;-0.7776666666666667;-0.45454545454545453;-0.8571428571428571;-0.5507000424268136;-0.3574413956023987;-0.25;-0.625;-0.3898809523809524;-0.5173327445352175;0.0;0.06122448979591875;0.021739130434782532;-0.0;-0.8568548387096775;0.018518518518518455;0.0;-0.5;0.09394552815605454;0.7272727272727273;0.4;0.2727272727272727;-0.397488529340739;0.16666666666666666;0.25;0.4;-0.5587476979742172;0.0;0.24449840643496745;-0.3333333333333333;0.0;-0.8019639934533551;-0.2;0.05416666666666672
0.11764705882352941;-0.2857142857142857;0.7354838709677419;0.11764705882352931;0.11393805309734513;0.0;0.07526881720430108;0.09803921568627451;-0.40540540540540543;-0.5;0.09803921568627386;1.205;0.0422535211267606;0.34375;0.19658119658119658;-0.10030090270812438;12;0.009463722397476702;0.01434720229555238;0.10163111668757849;-0.006451612903225822;0.13725490196078433;0.16;0.038461538461538464;0.12;0.1111111111111111;0.2857142857142857;0.0;0.125;-0.2;-0.1;0.8333333333333334;0.9166666666666666;0.0;0.16666666666666666;0.4;0.75;-3.0;-0.25;-0.2222222222222222;-1.1111111111111112;-0.45454545454545453;-0.625;-0.0026613439787092513;0.01123813214493312;0.3304604580640011;0.10388826119141306;-0.5075901328273245;0.2608695652173913;0.0;-0.17706199962762978;0.2127659574468085;0.2725947521865889;0.23076923076923078;-0.05550000000000003;-0.18262098198516422;0.16666666666666666;-0.125;-0.09240710823909518;0.13333333333333336;-0.6666666666666666;0.0;-0.08582621082621071;-0.06711222500696189;-0.25;-0.16666666666666666;0.013439119170984486;-0.08866899495537427;0.4028173933290644;0.11116666666666668;-0.38595779220779225;0.1111111111111111;0.0;0.41676390509529365;-0.2719887955182072;0.21428571428571427;0.6666666666666666;0.2691790040376851;-0.18137755102040826;0.0;0.25;-0.5;0.0;-0.8571428571428571;-0.5507000424268136;-0.3574413956023987;-0.25;-0.625;-0.4608134920634921;-0.5005519982336056;0.0;0.2099125364431489;0.021739130434782532;0.0;-0.8568548387096775;0.018518518518518455;-0.2;-0.1875;-0.20923813029076185;-0.09090909090909091;-0.8;-0.5454545454545454;-0.2808500362231346;-0.3333333333333333;-0.25;-0.8;-0.19042357274401467;-0.2222222222222222;-0.4726058582485961;0.3333333333333333;0.3333333333333333;-0.42389525368248776;0.2;-0.008333333333333342
0.17647058823529413;0.2857142857142857;0.8;0.17647058823529396;0.17699115044247787;0.0;0.07526881720430108;0.09803921568627451;-0.02702702702702703;-0.875;0.14052287581699321;1.219;0.05633802816901413;0.3828125;0.24786324786324787;-0.11033099297893681;12;0.0473186119873821;0.03873744619799158;0.23588456712672523;0.1569892473118279;0.1568627450980392;0.22;0.23076923076923078;0.18;0.2222222222222222;-0.2857142857142857;0.25;0.0;0.4;0.2;0.9393939393939394;1.0625;0.16666666666666666;0.0;0.2;0.75;-1.5;-0.5;-0.2222222222222222;-0.3333333333333333;-0.36363636363636365;-0.625;0.44444444444444464;0.1373764774268552;0.3415529486872554;0.12987493668913394;-0.7455724225173941;0.32608695652173914;0.0;-0.5161050083783278;0.3404255319148936;0.1800954147892923;0.38461538461538464;0.05566666666666661;-0.07347227128223234;0.16666666666666666;-0.125;-0.1846526655896607;-0.20301318267419965;-0.6666666666666666;-0.5714285714285714;-0.13675213675213688;-0.13533834586466173;-0.25;-0.16666666666666666;0.013439119170984486;0.09837019790454045;0.3273182373828512;0.11116666666666668;-0.38595779220779225;0.1111111111111111;0.0;0.33333333333333337;-0.32633053221288516;0.21428571428571427;0.6666666666666666;0.3270524899057874;-0.23086734693877559;0.0;0.25;-0.7776666666666667;-0.2727272727272727;-0.8571428571428571;-0.6718285956724649;-0.28620752316918047;-0.25;-0.625;-0.5848214285714286;-0.43100022079929345;0.0;0.5160349854227407;0.5869565217391305;0.5;-0.352486559139785;0.5000000000000002;-0.3;-0.125;-0.5034965034965034;-0.36363636363636365;0.8;0.7272727272727273;0.0;0.0;0.25;0.8;-0.07661141804788203;-0.3333333333333333;-0.7010168462589162;0.0;-0.16666666666666666;-0.47463175122749596;0.4;-0.041666666666666706
0.23529411764705882;-0.7142857142857143;0.8193548387096774;0.23529411764705885;0.24668141592920353;0.0;0.0;0.17647058823529413;-0.7027027027027027;-0.625;0.21241830065359457;1.249;0.16901408450704228;0.4140625;0.28205128205128205;-0.11334002006018054;12;0.09148264984227174;0.08608321377331427;0.29736511919698866;0.21075268817204296;0.1568627450980392;0.24;0.28846153846153844;0.4;0.37037037037037035;0.2857142857142857;-0.25;0.25;-0.8;0.2;0.9545454545454546;1.2083333333333333;0.16666666666666666;0.16666666666666666;0.0;0.75;-2.5;-0.875;-0.4444444444444444;-0.3333333333333333;0.18181818181818182;-0.5;0.44444444444444464;0.2148808370470839;0.31226558135823157;0.1623290606615498;-0.47169512966476906;0.34782608695652173;0.07407407407407407;-0.39452615900204796;0.3404255319148936;0.11370262390670559;0.5384615384615384;-0.3333333333333333;0.35146591310491;-0.3333333333333333;-0.125;-0.16155088852988692;-0.3077212806026366;-0.3333333333333333;-0.5714285714285714;-0.2767094017094018;-0.13756613756613764;-0.25;-0.16666666666666666;-0.1931670984455958;0.05781916957702756;0.2564177193084578;0.11116666666666668;-0.38595779220779225;0.1111111111111111;0.0;0.2222870478413069;-0.4134453781512605;0.21428571428571427;0.3333333333333333;0.4037685060565276;-0.3910714285714286;0.2857142857142857;0.25;-0.9443333333333334;-0.2727272727272727;-1.1428571428571428;-0.9142978362324988;-0.45884063238233685;-0.25;-1.0;-0.6909722222222222;-0.4354162066681387;0.0;0.472303206997085;0.021739130434782532;-0.5;-0.352486559139785;0.5000000000000002;0.1;0.1875;-0.45252116304747886;-0.09090909090909091;-1.4;-1.0;0.3677855590437092;-0.5;-0.625;-1.4;0.3664825046040516;0.1111111111111111;-0.43815449992411587;-0.3333333333333333;-0.16666666666666666;-0.47463175122749596;0.0;-0.08333333333333341
0.29411764705882354;-0.14285714285714285;0.864516129032258;0.2941176470588235;0.3213495575221239;0.3333333333333333;-0.053763440860215055;0.27450980392156865;-0.7567567567567568;-0.25;-0.30065359477124204;1.277;2.7746478873239435;0.4453125;0.8376068376068376;-0.12036108324974924;12;0.18611987381703524;0.09899569583931125;0.3676286072772898;0.37419354838709673;0.23529411764705882;0.24;0.3076923076923077;0.42;0.5185185185185185;-0.7142857142857143;0.25;-0.25;-0.5;-0.1;0.9924242424242424;1.3229166666666667;0.0;0.16666666666666666;0.2;0.5;0.0;-0.625;-0.7777777777777778;-0.5555555555555556;-0.09090909090909091;-0.5;0.8922155688622758;0.49564037977136216;0.34761790758917865;0.22076986013168656;-0.12381404174573048;0.34782608695652173;0.16666666666666666;-0.1882331037050827;0.3404255319148936;0.09170421415319376;0.6153846153846154;-0.27766666666666673;0.35146591310491;-0.3333333333333333;-0.125;-0.11550888529886912;-0.3766478342749529;-0.3333333333333333;-0.5714285714285714;-0.32745726495726507;-0.16290726817042606;-0.25;-0.16666666666666666;-0.46437823834196895;-0.06005044625533547;0.201932592118284;0.2778333333333333;0.22483766233766228;0.1111111111111111;1.0;0.250097238428627;-0.32633053221288516;0.21428571428571427;0.6666666666666666;0.4616419919246299;-0.3642857142857143;0.2857142857142857;0.25;-0.8333333333333334;-0.2727272727272727;-0.8571428571428571;-0.9749681798896902;-0.5264401235689624;-0.25;-1.25;-0.7440476190476191;-0.466990505630382;0.0;0.5597667638483971;1.1304347826086956;0.9807692307692306;0.0;0.9629629629629632;0.2;0.0;-0.4006256900993743;0.36363636363636365;0.8;1.0;0.528374788698382;-0.5;-0.125;0.8;0.3664825046040516;0.2222222222222222;-0.10426468356351486;1.3333333333333333;0.8333333333333334;0.06415711947626832;0.8;-0.1624999999999997
0.35294117647058826;0.2857142857142857;0.9290322580645162;0.35294117647058815;0.39823008849557523;0.6666666666666666;-0.07526881720430108;0.27450980392156865;-0.8648648648648649;-0.5;0.35294117647058776;1.284;0.05633802816901413;0.46875;0.3504273504273504;-0.13039117352056168;12;0.27444794952681384;0.09899569583931125;0.4090338770388957;0.5376344086021505;0.3333333333333333;0.32;0.3076923076923077;0.3;0.5925925925925926;-0.14285714285714285;-0.625;0.25;-0.1;0.1;1.0606060606060606;1.4583333333333333;0.6666666666666666;0.0;0.2;0.25;0.0;-0.25;-0.5555555555555556;-0.8888888888888888;-0.9090909090909091;-0.75;1.2721224218230212;0.759930246076342;0.41608810150825937;0.2792106596018233;-0.3802972802024035;0.43478260869565216;0.16666666666666666;-0.5728914541053806;0.5531914893617021;0.0;0.8076923076923077;-0.27766666666666673;0.35146591310491;-0.3333333333333333;-0.125;-0.09240710823909518;-0.3310734463276836;-0.3333333333333333;-0.5714285714285714;-0.3657407407407408;-0.23475355054302424;-0.25;-0.16666666666666666;0.08808290155440422;-0.08362436942180815;0.20513417544676643;0.5555;0.619724025974026;0.1111111111111111;1.6666666666666667;0.36114352392065346;-0.07759103641456586;0.21428571428571427;1.3333333333333333;0.5577388963660835;-0.2836734693877551;0.2857142857142857;0.75;-0.6666666666666666;-0.09090909090909091;-0.8571428571428571;-0.8232923207467118;-0.6845357077957478;-0.08333333333333333;-1.25;-0.7973710317460317;-0.4698608964451314;0.0;0.8309037900874641;0.5652173913043478;-0.5;0.0;1.4259259259259263;-0.3;-0.375;-0.4006256900993743;0.0;0.6;-0.09090909090909091;0.4636561217097319;1.1666666666666667;0.25;0.6;0.3664825046040516;-0.3333333333333333;-0.35043253908028527;0.6666666666666666;-0.3333333333333333;0.021931260229132478;1.4;-0.23749999999999977
0.4117647058823529;0.14285714285714285;0.9870967741935484;0.4117647058823528;0.4795353982300885;1.0;-0.10752688172043011;0.35294117647058826;-0.918918918918919;-0.25;0.4281045751633986;1.303;0.0;0.4921875;0.37606837606837606;-0.13941825476429287;12;0.296529968454259;0.12338593974175045;0.43914680050188193;0.5913978494623656;0.3333333333333333;0.42;0.38461538461538464;0.5;0.7777777777777778;0.2857142857142857;-0.125;-0.625;-0.2;-0.8;1.121212121212121;1.5;1.0;0.6666666666666666;0.0;0.0;0.0;-0.5;-0.2222222222222222;-0.6666666666666666;-0.2727272727272727;-0.625;0.8456420492348641;0.9817864754892464;0.46285212672571996;0.33765145907196004;-0.47169512966476906;0.5434782608695652;0.24074074074074073;-0.48743250791286524;0.6170212765957447;-0.040418764908560785;0.9615384615384616;0.05566666666666661;-0.3493465206640763;0.3333333333333333;-0.125;-0.06930533117932139;-0.31412429378531076;-0.3333333333333333;-0.5714285714285714;-0.30199430199430194;-0.27624617098301313;-0.25;-0.16666666666666666;0.2435233160621761;-0.06761738455568482;0.18889341638046456;1.0;0.19155844155844154;0.5555555555555556;2.3333333333333335;0.5556203811746403;0.17927170868347342;0.21428571428571427;2.0;0.692328398384926;-0.15586734693877558;0.2857142857142857;1.25;-0.5;0.0;-0.8571428571428571;-0.8232923207467118;-0.6845357077957478;-0.08333333333333333;-1.25;-0.8328373015873015;-0.4906160300287039;0.0;0.8658892128279888;0.5869565217391305;0.019230769230769232;-0.36189516129032256;0.9629629629629632;0.1;0.1875;-0.4006256900993743;-0.09090909090909091;-0.2;-0.36363636363636365;-0.36633663366336644;0.3333333333333333;0.125;-0.2;-0.36427255985267026;0.1111111111111111;-0.43815449992411587;0.6666666666666666;0.0;-0.42389525368248776;1.0;-0.25416666666666643
0.47058823529411764;0.42857142857142855;1.0580645161290323;0.4705882352941177;0.5652654867256637;0.3333333333333333;-0.1827956989247312;0.43137254901960786;-0.9459459459459459;0.0;0.4999999999999993;1.326;0.014084507042253532;0.515625;0.41025641025641024;-0.15045135406218657;12;0.35646687697160884;0.15208034433285522;0.47176913425345035;0.756989247311828;0.4117647058823529;0.42;0.4807692307692308;0.56;0.9259259259259259;0.14285714285714285;0.25;-0.125;0.0;-0.2;1.196969696969697;1.6041666666666667;1.3333333333333333;1.0;0.8;-0.25;0.0;-0.25;-0.4444444444444444;-0.3333333333333333;-0.2727272727272727;-0.625;0.08250166333998679;0.9147452044177485;0.4850371079722288;0.38960532980091167;-0.2043010752688172;0.5434782608695652;0.3148148148148148;-0.314280394712344;0.6382978723404256;-0.04412934004770741;1.0;0.2778333333333333;-0.5358530554574356;0.6666666666666666;0.0;-0.04620355411954759;-0.2557438794726931;-0.3333333333333333;-0.42857142857142855;-0.28935185185185186;-0.2589807852965748;-0.25;-0.16666666666666666;0.3265867875647667;0.08711680248350792;0.2125269224052622;1.0;0.19155844155844154;0.5555555555555556;2.3333333333333335;0.6668611435239207;0.10952380952380952;0.21428571428571427;2.0;0.7499327052489906;-0.16581632653061235;0.2857142857142857;1.25;-0.38883333333333336;0.0;-0.5714285714285714;-0.7628341111582518;-0.6102126113029257;-0.08333333333333333;-1.0;-0.8328373015873015;-0.4906160300287039;0.0;0.7317784256559771;-0.5217391304347826;-0.9807692307692306;0.12298387096774199;0.037037037037037236;0.1;-0.0625;-0.4316341553183658;0.2727272727272727;0.4;0.2727272727272727;-0.5025356194156002;0.16666666666666666;0.375;0.4;-0.5587476979742172;0.1111111111111111;-0.1815146456214903;-1.3333333333333333;-1.0;0.3319148936170212;-0.2;-0.3041666666666665
0.5294117647058824;0.8571428571428571;1.1483870967741936;0.5294117647058824;0.6548672566371682;0.0;-0.3118279569892473;0.45098039215686275;-0.972972972972973;-0.125;0.5751633986928102;1.353;0.07042253521126766;0.53125;0.42735042735042733;-0.16449348044132397;12;0.4290220820189279;0.16929698708751806;0.4968632371392722;0.9204301075268817;0.49019607843137253;0.5;0.4807692307692308;0.58;0.9629629629629629;0.42857142857142855;0.125;0.25;-0.4;-0.4;1.2424242424242424;1.6875;0.6666666666666666;1.3333333333333333;1.2;0.0;1.5;0.0;-0.2222222222222222;-0.5555555555555556;-0.45454545454545453;-1.125;-0.8176979374584166;0.610540592908351;0.4927779107812622;0.4480461292710484;-0.41840607210626185;0.6304347826086957;0.3333333333333333;-0.2897039657419473;0.6382978723404256;-0.1167505963424331;1.1153846153846154;0.5;0.0;0.6666666666666666;0.375;0.13844911147011327;-0.02674199623352172;-0.3333333333333333;0.0;-0.21296296296296294;-0.15371762740183795;-0.25;-0.16666666666666666;0.733484455958549;0.32382615444315105;0.281972175330345;0.7221666666666667;0.8051948051948052;0.2222222222222222;2.3333333333333335;0.6668611435239207;0.10952380952380952;0.21428571428571427;2.0;0.692328398384926;-0.15586734693877558;0.2857142857142857;1.25;-0.22216666666666665;0.18181818181818182;-0.5714285714285714;-0.6718285956724649;-0.5829547519534799;-0.08333333333333333;-1.0;-0.7795138888888888;-0.4850960476926474;0.0;0.7638483965014579;-0.5;0.019230769230769232;0.12298387096774199;-0.888888888888889;-0.2;-0.25;-0.48472580051527414;0.0;0.6;0.09090909090909091;-0.5025356194156002;0.8333333333333334;0.75;0.6;0.0;-0.2222222222222222;-0.3870086507816057;-1.0;0.16666666666666666;0.25040916530278223;-1.2;-0.3583333333333332
0.5882352941176471;-0.14285714285714285;1.1935483870967742;0.5520361990950226;0.7461283185840708;-1.0;-0.5053763440860215;0.5098039215686274;-0.972972972972973;0.0;0.643790849673202;1.37;0.014084507042253532;0.546875;0.46153846153846156;-0.1715145436308927;12;0.5141955835962148;0.1893830703012914;0.518193224592221;1.0301075268817206;0.5098039215686274;0.58;0.5576923076923077;0.58;1.0740740740740742;0.8571428571428571;0.375;0.125;0.0;0.2;1.3181818181818181;1.8333333333333333;0.16666666666666666;0.6666666666666666;1.6;0.0;1.5;-0.125;0.0;-0.3333333333333333;-0.7272727272727273;-1.0;-1.1989354624085165;0.09339275334237539;0.42861702976617977;0.5;-0.5075901328273245;0.717391304347826;0.3888888888888889;-0.3930366784583876;0.723404255319149;-0.19029949642194535;1.3461538461538463;0.38899999999999996;0.35146591310491;0.3333333333333333;0.375;0.06914378029079173;-0.003389830508474537;-0.3333333333333333;0.0;-0.30199430199430194;-0.25591757170704543;-0.25;-0.16666666666666666;0.4360427461139896;0.5059177337989911;0.3783689388206533;-0.11116666666666668;1.6874999999999998;-0.6666666666666666;1.0;0.4445740956826138;0.6661064425770308;-0.2857142857142857;2.0;0.48075370121130556;0.13163265306122449;-0.21428571428571427;1.25;-0.111;0.2727272727272727;-0.5714285714285714;-0.45969452694102664;-0.6799927312375068;0.08333333333333333;-1.0;-0.726438492063492;-0.4667697063369397;0.0;0.5335276967930032;-1.6304347826086958;-1.0;0.14247311827957004;-1.8333333333333335;0.0;0.0625;-0.5034965034965034;-0.09090909090909091;-1.4;-0.9090909090909091;0.3248007727602028;-0.6666666666666666;-0.125;-1.4;0.3664825046040516;0.0;-0.4726058582485961;-2.6666666666666665;-0.8333333333333334;0.06415711947626832;-2.0;-0.4208333333333333
0.6470588235294118;-0.14285714285714285;1.238709677419355;0.6470588235294117;0.8401548672566371;-2.0;-0.7419354838709677;0.5882352941176471;-0.8648648648648649;0.375;0.7091503267973851;1.377;-0.16901408450704228;0.5546875;0.49572649572649574;-0.17853560682046138;12;0.567823343848581;0.23242467718794854;0.5595984943538268;1.1376344086021506;0.5686274509803921;0.6;0.6346153846153846;0.66;1.4814814814814814;-0.14285714285714285;0.75;0.375;-0.7;-1.0;1.3409090909090908;1.8541666666666667;-1.1666666666666667;0.16666666666666666;0.8;-0.25;1.5;0.0;-0.1111111111111111;-0.1111111111111111;-0.5454545454545454;-0.25;-1.2285429141716568;-0.67796938577795;0.32567233261511447;0.5519343904624615;-0.28146742567994937;0.7391304347826086;0.46296296296296297;-0.3930366784583876;0.8297872340425532;-0.10204081632653055;1.3461538461538463;0.16666666666666666;0.5383256799717416;0.3333333333333333;0.375;0.16155088852988692;-0.3310734463276836;1.0;0.0;-0.238425925925926;-0.3851294903926483;0.0;-0.16666666666666666;-0.16191709844559585;0.4990298797050836;0.4226089993596834;-1.0555;2.230519480519481;-1.3333333333333333;0.0;0.08343057176196035;1.4257703081232491;-0.7142857142857143;2.0;0.15397039030955587;0.5816326530612245;-0.6428571428571429;1.25;0.05566666666666667;0.2727272727272727;-0.14285714285714285;-0.21722528638099278;-0.6294748319098673;0.16666666666666666;-0.625;-0.726438492063492;-0.4667697063369397;0.0;0.34985422740524813;-1.065217391304348;0.5;0.016801075268817297;-2.314814814814815;0.1;0.0;-0.5034965034965034;0.18181818181818182;0.0;0.6363636363636364;0.2340014489253802;-1.1666666666666667;-0.125;0.0;0.5613259668508288;0.1111111111111111;-0.25557747761420546;-2.0;0.3333333333333333;0.021931260229132478;-2.6;-0.4583333333333333
0.7058823529411765;-1.1428571428571428;1.238709677419355;0.7058823529411765;0.9397123893805309;-2.0;-1.043010752688172;0.6274509803921569;-0.13513513513513514;0.5;0.7875816993464048;1.387;-0.36619718309859156;0.5625;0.5641025641025641;-0.17853560682046138;12;0.5899053627760255;0.27259684361549485;0.5708908406524466;1.2473118279569892;0.6470588235294118;0.66;0.6538461538461539;0.76;1.5185185185185186;-0.14285714285714285;-0.125;0.75;-0.3;-0.7;1.393939393939394;1.90625;-2.1666666666666665;-1.1666666666666667;0.2;0.75;1.0;0.375;0.0;-0.2222222222222222;-0.2727272727272727;-0.625;-0.7292082501663341;-1.1645030032939354;0.22232862500997508;0.6103751899325982;-0.35373181530676784;0.8043478260869565;0.5;-0.3288028300130328;0.8297872340425532;-0.04465942221044258;1.3461538461538463;-0.6110000000000001;0.5383256799717416;-0.8333333333333334;-0.5;0.0;0.3310734463276836;-1.3333333333333333;0.0;-0.30199430199430194;-0.19186856028961294;-0.75;-0.16666666666666666;-0.6410297927461139;0.25038804811796694;0.3859363175970661;-1.8888333333333334;0.9163961038961039;-1.4444444444444444;-2.6666666666666665;-0.41676390509529365;1.8411764705882352;-0.7857142857142857;2.0;-0.1730820995962315;0.9038265306122448;-0.7142857142857143;1.25;0.3333333333333333;0.36363636363636365;0.0;-0.03542638947815019;-0.5248046520079956;0.16666666666666666;-0.5;-0.6555059523809523;-0.377345992492824;0.0;0.40816326530612285;0.0;0.9423076923076923;0.42271505376344093;-0.925925925925926;-0.1;-0.1875;-0.5520794994479205;0.09090909090909091;-1.4;-0.6363636363636364;-0.02946148273363919;-1.1666666666666667;-1.0;-1.4;0.5613259668508288;2.4444444444444446;1.5966003945970555;-0.3333333333333333;0.8333333333333334;0.37839607201309317;-1.2;-0.475
0.7647058823529411;-1.1428571428571428;1.238709677419355;0.7647058823529411;1.040929203539823;-2.3333333333333335;-1.3333333333333333;0.6274509803921569;-0.05405405405405406;0.375;0.8562091503267972;1.402;-0.4507042253521125;0.5703125;0.5811965811965812;-0.17853560682046138;12;0.6214511041009467;0.2826398852223817;0.5708908406524466;1.356989247311828;0.6862745098039216;0.74;0.7115384615384616;0.76;1.2962962962962963;-1.1428571428571428;-0.125;-0.125;0.0;-0.3;1.4696969696969697;2.0;-2.3333333333333335;-2.1666666666666665;-1.4;1.25;0.5;0.5;0.3333333333333333;-0.1111111111111111;-0.45454545454545453;-1.75;-0.4141716566866267;-1.4227862817283474;0.10126885324395486;0.6493357229126894;-0.6541745730550285;0.8913043478260869;0.5;-0.5045615341649597;0.9148936170212766;-0.18393851046912268;1.7307692307692308;-1.0;0.5383256799717416;-0.8333333333333334;-0.5;-0.23085621970920828;0.6651600753295667;-1.3333333333333333;0.0;-0.4164886039886041;-0.031746031746031717;-0.75;-0.16666666666666666;-1.2953367875647668;-0.10729530461777242;0.3099132661971012;-2.4445;0.22483766233766228;-1.7777777777777777;-4.666666666666667;-1.0558148580318945;2.0358543417366946;-1.0;2.0;-0.5383580080753702;1.2364795918367346;-0.9285714285714286;1.25;0.5;0.6363636363636364;0.0;0.17670767925328806;-0.6083954206796293;0.3333333333333333;-0.5;-0.4429563492063492;-0.4513137557959815;0.18181818181818182;0.48396501457725993;-0.5217391304347826;-0.4615384615384615;-0.033602150537634295;-0.462962962962963;-0.3;-0.1875;-0.46006624953993375;-0.2727272727272727;0.0;0.6363636363636364;-0.02946148273363919;-1.1666666666666667;-1.0;0.0;0.5613259668508288;-2.888888888888889;1.319775383214448;-1.0;-0.3333333333333333;0.021931260229132478;-0.6;-0.49583333333333335
0.8235294117647058;-1.1428571428571428;1.238709677419355;0.8235294117647058;1.1438053097345133;-2.3333333333333335;-1.6129032258064515;0.6666666666666666;0.05405405405405406;0.5;0.9215686274509796;1.403;-0.7183098591549295;0.578125;0.6068376068376068;-0.17853560682046138;12;0.668769716088328;0.30989956958393106;0.5922208281053952;1.4666666666666668;0.6862745098039216;0.78;0.7884615384615384;0.84;1.6666666666666667;-1.1428571428571428;-1.0;-0.125;-0.1;-0.4;1.5378787878787878;2.0833333333333335;-2.8333333333333335;-2.3333333333333335;-2.6;1.75;0.0;0.375;0.4444444444444444;0.2222222222222222;-0.2727272727272727;-0.875;-0.39620758483033935;-1.1716721565588064;-0.018673689250658508;0.6753223984104102;-0.6541745730550285;0.9347826086956522;0.5370370370370371;-0.6298640849003908;1.0;-0.1983832494036575;1.8461538461538463;-1.3888333333333334;-0.8890851289297068;-0.8333333333333334;-1.375;-0.43861066235864293;0.8410546139359698;-1.3333333333333333;0.0;-0.5183404558404558;0.0893901420217209;-0.75;-0.16666666666666666;-1.2953367875647668;-0.5747962747380674;0.19791606030618789;-2.6666666666666665;0.08279220779220778;-1.7777777777777777;-5.0;-1.7502917152858812;1.6913165266106442;-1.0;0.6666666666666666;-0.8842530282637954;1.4739795918367344;-0.9285714285714286;1.25;0.5556666666666666;0.6363636363636364;0.0;0.35850657615613063;-0.6434671997092495;0.4166666666666667;-0.5;-0.3368055555555556;-0.3857363656436299;0.18181818181818182;0.5422740524781346;0.021739130434782532;0.4807692307692307;-0.3813844086021505;-0.44444444444444436;-0.1;0.0625;-0.5378174457121825;-0.2727272727272727;0.0;0.0;-0.02946148273363919;-0.0;-1.0;0.0;-0.9270718232044197;-0.1111111111111111;1.1450903020185157;0.0;0.5;-0.30180032733224227;-0.4;-0.5291666666666667
0.8823529411764706;-1.1428571428571428;1.238709677419355;0.8823529411764705;1.2527654867256637;-2.3333333333333335;-1.956989247311828;0.49019607843137253;-0.08108108108108109;-0.75;0.9967320261437905;1.34;-1.9295774647887323;0.578125;0.5982905982905983;-0.17853560682046138;12;0.6719242902208206;0.3428981348637017;0.617314930991217;1.5763440860215052;0.7254901960784313;0.78;0.8269230769230769;0.92;1.7777777777777777;-1.1428571428571428;-1.0;-1.0;0.1;-0.2;1.621212121212121;2.1875;-2.8333333333333335;-2.8333333333333335;-2.8;0.75;-0.5;0.5;0.3333333333333333;0.3333333333333333;-0.09090909090909091;-0.875;-0.0026613439787092513;-0.8137957760124008;-0.1371797941106058;0.6298554564226438;-0.08950031625553445;0.782608695652174;0.5370370370370371;-0.7371066840439395;1.0212765957446808;-0.30917042141531936;1.8846153846153846;-1.3888333333333334;-0.8890851289297068;-0.8333333333333334;-1.375;-0.6924071082390952;0.7536723163841806;-1.3333333333333333;0.0;-0.645477207977208;0.15288220551378456;-0.75;-0.16666666666666666;-1.2953367875647668;-1.0778036476523087;0.074567786250655;-2.8333333333333335;-0.6201298701298702;-1.7777777777777777;-6.0;-2.3337222870478413;1.1801120448179272;-1.0;-0.3333333333333333;-1.2113055181695829;1.6510204081632651;-0.9285714285714286;1.25;0.0;-0.18181818181818182;0.0;0.17670767925328806;-0.3645284390332546;0.0;-0.5;-0.40749007936507936;-0.33031574298962246;0.18181818181818182;1.1428571428571432;0.021739130434782532;-0.0;-0.3719758064516129;0.018518518518518455;-1.2;-0.75;-0.10498711814501288;-1.0909090909090908;0.0;0.0;-1.0053127263945907;-0.0;-1.0;0.0;-0.9270718232044197;-1.3333333333333333;-0.07133100622249199;0.0;0.0;-0.235024549918167;0.2;-0.5291666666666667
0.9411764705882353;-1.1428571428571428;1.238709677419355;0.9411764705882352;1.364491150442478;-2.6666666666666665;-2.3225806451612905;0.7254901960784313;0.05405405405405406;0.625;1.068627450980392;1.353;-2.056338028169014;0.578125;0.6153846153846154;-0.17853560682046138;12;0.47318611987381753;0.38163558106169293;0.6323713927227101;1.686021505376344;0.5490196078431373;0.82;0.8269230769230769;0.94;1.8148148148148149;-1.1428571428571428;-1.0;-1.0;0.4;-0.6;1.7272727272727273;2.25;-2.8333333333333335;-2.8333333333333335;-3.4;0.0;0.0;-0.75;0.4444444444444444;0.2222222222222222;-0.18181818181818182;-1.125;-0.4108449767132401;-0.5357488858748306;-0.27731226558135835;0.6623290606615498;0.15069576217583813;0.782608695652174;0.5925925925925926;-0.722398063675293;1.0638297872340425;-0.33501192684866155;1.8846153846153846;-1.3888333333333334;-0.8890851289297068;-0.8333333333333334;-1.375;-1.015508885298869;-0.03427495291902079;-1.3333333333333333;-1.0;-0.7218660968660969;0.22723475355054298;-0.75;-0.16666666666666666;-1.2953367875647668;-1.355452076057431;-0.08411432563012981;-2.9445;-0.15137987012987014;-2.0;-6.0;-2.889342668222482;0.41260504201680664;-1.1428571428571428;-3.0;-1.5956931359353974;1.8117346938775507;-1.0714285714285714;1.25;0.11116666666666668;-0.18181818181818182;0.14285714285714285;0.35850657615613063;-0.33654370343449025;0.0;-0.375;-0.24801587301587302;-0.2751159196290572;0.18181818181818182;0.6209912536443152;-0.5434782608695653;-0.5;-0.352486559139785;-0.462962962962963;0.9;1.25;0.32241442767758555;-0.18181818181818182;0.0;0.0;-1.0053127263945907;-0.0;-1.0;0.0;-0.9270718232044197;1.0;0.15920473516466843;-0.6666666666666666;-0.3333333333333333;-0.42389525368248776;-0.2;-0.39166666666666655
1.0;-1.1428571428571428;1.238709677419355;0.9999999999999998;1.420353982300885;-2.6666666666666665;-1.5698924731182795;0.47058823529411764;-0.21621621621621623;-1.125;1.1405228758169932;1.454;-0.9436619718309859;0.5703125;0.6068376068376068;-0.17853560682046138;12;0.5141955835962148;0.40602582496413214;0.6499372647427855;1.8516129032258064;0.7843137254901961;0.64;0.8653846153846154;1.0;1.8148148148148149;-1.1428571428571428;-1.0;-1.0;-0.3;-0.2;1.7803030303030303;2.3541666666666665;-3.1666666666666665;-2.8333333333333335;-3.4;-2.0;0.0;0.625;-0.6666666666666666;0.3333333333333333;-0.09090909090909091;-1.5;-0.867598137059215;-0.4760705289672546;-0.39901045407389685;0.5974013324502279;0.30708412397216955;0.7608695652173914;0.5925925925925926;-0.6430832247253769;1.0425531914893618;-0.5295520805724887;2.0384615384615383;-1.3888333333333334;-0.8890851289297068;-0.8333333333333334;-1.375;-1.1770597738287558;-0.3242937853107345;-1.3333333333333333;-1.0;-0.8490028490028491;0.23642439431913123;-0.75;-0.16666666666666666;-1.2953367875647668;-1.6121459060923553;-0.23959485418243198;-3.1666666666666665;0.19155844155844154;-2.2222222222222223;-6.0;-3.2782963827304554;0.05294117647058825;-1.2857142857142858;-5.0;-2.018842530282638;1.9576530612244898;-1.2142857142857142;1.25;-0.6110000000000001;-0.45454545454545453;0.14285714285714285;0.08570216376750103;-0.00617844811920767;-0.25;-0.375;-0.28348214285714285;-0.21439611393243543;0.0;1.3586005830903798;-0.5434782608695653;0.0;-0.352486559139785;-0.9444444444444444;-1.6;-1.625;0.5915531836584468;-0.5454545454545454;0.0;0.0;-1.0053127263945907;-0.0;-1.0;0.0;-0.9270718232044197;-1.7777777777777777;0.3093033844285931;-0.6666666666666666;0.0;-0.42389525368248776;-0.6;-0.4208333333333333
1.0588235294117647;-1.1428571428571428;1.238709677419355;1.0588235294117645;1.4740044247787611;-2.6666666666666665;-0.6989247311827957;1.0196078431372548;0.2972972972972973;2.375;1.2124183006535945;1.456;-1.225352112676056;0.5703125;0.6324786324786325;-0.17853560682046138;12;0.8328075709779181;0.41606886657101866;0.6875784190715183;1.9612903225806453;0.5294117647058824;0.88;0.6923076923076923;1.08;1.962962962962963;-1.1428571428571428;-1.0;-1.0;-0.3;-0.9;1.8333333333333333;2.3854166666666665;-3.5;-3.1666666666666665;-3.4;-3.5;-0.5;-1.125;0.5555555555555556;-0.7777777777777778;0.18181818181818182;-1.25;0.06919494344644053;-0.3904282115869019;-0.47857313861623185;0.7727237308606382;1.3788741302972802;0.7608695652173914;0.8703703703703703;0.22025693539378136;1.0425531914893618;-0.30612244897959184;2.230769230769231;-1.3888333333333334;-0.8890851289297068;-0.8333333333333334;-1.375;-1.338610662358643;-1.3209039548022599;-1.3333333333333333;-2.0;-0.8871082621082622;0.2776385407964355;-0.75;-0.16666666666666666;-1.2953367875647668;-1.6121459060923553;-0.4513068281040805;-3.3333333333333335;-0.2142857142857143;-2.2222222222222223;-6.666666666666667;-3.472773239984442;-0.05742296918767509;-1.2857142857142858;-5.333333333333333;-2.4032301480484524;2.030357142857143;-1.2142857142857142;1.25;0.7778333333333333;-0.45454545454545453;2.142857142857143;0.5706406448875689;0.608940577866618;-0.25;1.375;0.1416170634920635;0.30161183484212845;0.0;0.285714285714286;0.5869565217391305;1.0;0.15188172043010753;0.018518518518518455;2.5;2.5;1.257269046742731;0.9090909090909091;0.0;0.0;-1.0053127263945907;-0.0;-1.0;0.0;-0.9270718232044197;2.7777777777777777;1.3379875550159357;0.3333333333333333;0.5;-0.235024549918167;0.0;-0.6333333333333334
-0.9411764705882353;6.285714285714286;-0.6580645161290323;-0.9411764705882354;-0.5077433628318584;0.0;0.3548387096774194;-0.9215686274509803;0.0;0.875;-2.9673202614379086;0.307;0.6056338028169014;-2.609375;-2.9743589743589745;1.119358074222668;13;-2.7854889589905367;-1.1190817790530845;-0.49435382685068996;-0.1935483870967742;-0.8627450980392157;-0.8;-0.6923076923076923;-0.46;-0.1111111111111111;6.285714285714286;5.5;5.5;4.2;4.0;-0.3939393939393939;0.0;0.3333333333333333;0.3333333333333333;0.4;0.25;0.5;0.875;0.7777777777777778;0.6666666666666666;0.5454545454545454;0.25;-0.5465735196274119;-1.4475876768068205;-1.2727635464049158;-0.8766119920520512;-0.7250158127767236;-0.782608695652174;-0.9629629629629629;-1.3837274250605098;-0.46808510638297873;-1.5402862443678766;-0.11538461538461539;7.277833333333334;9.601200989049806;7.833333333333333;5.125;7.062035541195476;9.86478342749529;16.0;5.428571428571429;7.545405982905983;7.116959064327486;12.25;3.0;-0.15042098445595858;-0.9261738455568489;-1.2402351708481283;0.3333333333333333;-0.33319805194805197;0.3333333333333333;0.3333333333333333;0.3889537145079736;-0.5148459383753501;0.35714285714285715;0.0;0.48075370121130556;-0.5772959183673471;0.42857142857142855;-0.25;1.1111666666666666;1.0;0.42857142857142855;1.4495120916419175;-0.514083227330547;1.0833333333333333;-0.125;1.6297123015873014;-0.5283727092073306;1.4545454545454546;-1.4023323615160348;-0.021739130434782532;-0.9423076923076923;0.3074596774193549;-0.9629629629629629;-0.4;0.0625;-0.513986013986014;-0.45454545454545453;-8.4;4.363636363636363;7.191016662641874;-6.0;0.25;1.2;0.6357274401473297;-0.2222222222222222;-0.6812869934739717;0.3333333333333333;-0.8333333333333334;0.3554828150572831;-0.4;10.070833333333335
-0.8823529411764706;0.2857142857142857;-0.5935483870967742;-0.8823529411764707;-0.49557522123893805;0.3333333333333333;0.3763440860215054;-0.9411764705882353;0.08108108108108109;0.375;-2.222222222222222;0.524;0.45070422535211263;-2.609375;-2.9743589743589745;1.1093279839518555;13;-2.7854889589905367;-1.1190817790530845;-0.49435382685068996;-0.1935483870967742;-0.8627450980392157;-0.8;-0.6923076923076923;-0.46;-0.1111111111111111;6.285714285714286;5.5;5.5;4.2;4.0;-0.3939393939393939;0.0;0.3333333333333333;0.3333333333333333;0.4;0.25;0.5;0.875;0.7777777777777778;0.6666666666666666;0.5454545454545454;0.25;-0.5465735196274119;-1.4475876768068205;-1.2727635464049158;-0.886352125297074;-0.7250158127767236;-0.8043478260869565;-0.9629629629629629;-1.3837274250605098;-0.48936170212765956;-1.5402862443678766;-0.15384615384615385;3.7778333333333336;9.601200989049806;0.8333333333333334;5.125;3.669466882067851;9.86478342749529;2.0;5.428571428571429;3.8060897435897436;7.116959064327486;1.75;3.0;-0.15042098445595858;-0.9261738455568489;-1.2402351708481283;0.4166666666666667;-0.33319805194805197;0.3333333333333333;0.6666666666666666;0.486192143134967;-0.5148459383753501;0.35714285714285715;0.3333333333333333;0.6153432032301481;-0.5772959183673471;0.42857142857142855;0.0;0.7778333333333333;0.6363636363636364;0.42857142857142855;1.025243954179041;-0.514083227330547;0.75;-0.125;1.1336805555555556;-0.5283727092073306;1.0909090909090908;-0.5568513119533524;-0.021739130434782532;-0.9423076923076923;0.3074596774193549;-0.9629629629629629;-0.4;0.0625;-0.513986013986014;-0.45454545454545453;-8.4;4.363636363636363;7.191016662641874;-6.0;0.25;1.2;0.6357274401473297;-0.2222222222222222;-0.6812869934739717;0.3333333333333333;-0.8333333333333334;0.3554828150572831;-0.4;10.070833333333335
-0.8235294117647058;1.1428571428571428;-0.49032258064516127;-0.8235294117647061;-0.4811946902654867;-0.3333333333333333;0.3548387096774194;-0.9215686274509803;0.08108108108108109;0.125;-1.69281045751634;0.649;-0.07042253521126757;-2.609375;-2.9743589743589745;1.0932798395185557;13;-2.100946372239748;-1.1190817790530845;-0.49435382685068996;-0.1935483870967742;-0.8823529411764706;-0.8;-0.6923076923076923;-0.46;-0.1111111111111111;0.2857142857142857;5.5;5.5;4.2;4.0;-0.3939393939393939;0.0;0.5;0.3333333333333333;0.4;0.25;0.5;0.375;0.7777777777777778;0.6666666666666666;0.5454545454545454;0.25;-0.758150365934797;-1.570819608602984;-1.3235176761631156;-0.8830989207932364;-0.7455724225173941;-0.8043478260869565;-0.9629629629629629;-1.4079314838949915;-0.48936170212765956;-1.5575139146567716;-0.15384615384615385;2.9445;7.134934652066408;0.8333333333333334;5.125;2.8617124394184166;7.23502824858757;2.0;5.428571428571429;2.9157763532763536;5.172653856864384;1.75;3.0;0.8282059585492229;-0.33983313930927417;-0.8884102683508933;0.22216666666666665;0.22483766233766228;0.0;0.6666666666666666;0.2592376507195644;-0.1296918767507003;0.14285714285714285;0.3333333333333333;0.3012113055181696;-0.22653061224489804;0.21428571428571427;0.0;0.5556666666666666;0.45454545454545453;0.42857142857142855;0.7424692405600338;-0.47283300018171903;0.5833333333333334;-0.125;0.8030753968253969;-0.4782512695959373;0.9090909090909091;-0.7230320699708456;-1.0869565217391306;-0.9423076923076923;0.3074596774193549;-0.9629629629629629;-0.2;0.0625;-0.513986013986014;-0.45454545454545453;1.2;4.363636363636363;7.191016662641874;-6.0;1.0;1.2;0.6357274401473297;-0.2222222222222222;-0.6812869934739717;-1.3333333333333333;-0.8333333333333334;0.3554828150572831;-0.4;4.45
-0.7647058823529411;0.42857142857142855;-0.41935483870967744;-0.7647058823529412;-0.4646017699115044;-0.6666666666666666;0.3118279569892473;-0.8823529411764706;0.08108108108108109;-0.125;-1.3169934640522878;0.739;-0.42253521126760546;-2.609375;-2.9743589743589745;1.082246740220662;13;-1.7066246056782335;-1.1190817790530845;-0.49435382685068996;-0.1935483870967742;-0.8627450980392157;-0.82;-0.6923076923076923;-0.46;-0.1111111111111111;1.1428571428571428;0.25;5.5;4.2;4.0;-0.3939393939393939;0.0;-0.16666666666666666;0.5;0.4;0.25;0.5;0.125;0.3333333333333333;0.6666666666666666;0.5454545454545454;0.25;-1.2381902860944778;-1.5248982755279985;-1.3046045806400128;-0.870125063310866;-0.5951929158760279;-0.8043478260869565;-0.9259259259259259;-1.2811394526159;-0.48936170212765956;-1.4672674264510996;-0.15384615384615385;0.6666666666666666;0.24655598728364533;0.8333333333333334;0.625;2.2558966074313407;6.214312617702447;2.0;5.428571428571429;2.2480413105413106;4.417989417989419;1.75;3.0;0.9030116580310881;-0.015327900659681577;-0.693695791373188;-0.055499999999999994;0.619724025974026;-0.2222222222222222;0.6666666666666666;0.0486192143134967;0.05854341736694679;0.0;0.3333333333333333;0.00969044414535667;-0.05510204081632658;0.07142857142857142;0.0;0.11116666666666668;0.2727272727272727;-0.14285714285714285;0.4949087823504455;-0.40723241868071963;0.4166666666666667;-0.125;0.513640873015873;-0.3985427246632811;0.7272727272727273;-0.7084548104956265;-0.5652173913043479;0.4615384615384615;-0.033602150537634295;-1.425925925925926;-0.1;0.0;-0.5034965034965034;-0.18181818181818182;-1.0;-1.0;5.067133542622555;0.16666666666666666;0.375;-1.0;0.2570902394106814;-0.1111111111111111;-0.5566853847321293;-0.6666666666666666;0.3333333333333333;0.021931260229132478;-1.0;2.9208333333333334
-0.7058823529411765;0.2857142857142857;-0.3548387096774194;-0.7058823529411765;-0.4452433628318584;-1.0;0.21505376344086022;-0.7843137254901961;0.10810810810810811;0.125;-1.0294117647058825;0.776;-1.1408450704225352;-2.609375;-2.9743589743589745;1.0722166499498496;13;-1.4227129337539433;-1.1190817790530845;-0.49435382685068996;-0.1935483870967742;-0.8235294117647058;-0.8;-0.7115384615384616;-0.46;-0.1111111111111111;0.42857142857142855;1.0;0.25;4.2;4.0;-0.3939393939393939;0.0;-0.5;-0.16666666666666666;0.6;0.25;0.5;-0.125;0.1111111111111111;0.2222222222222222;0.5454545454545454;0.25;-1.2381902860944778;-1.5415617128463477;-1.3114675604500838;-0.8181711925819145;-0.2666034155597723;-0.782608695652174;-0.8333333333333334;-0.9178923850307205;-0.48936170212765956;-1.2087198515769944;-0.15384615384615385;0.6666666666666666;0.24655598728364533;0.8333333333333334;0.625;1.860096930533118;5.523163841807909;2.0;5.428571428571429;1.8117877492877494;3.9069896964633806;1.75;3.0;0.40544041450777196;0.25009701202949197;-0.5344315734326792;-0.6111666666666666;0.619724025974026;-0.6666666666666666;-0.6666666666666666;-0.2333722287047842;0.4145658263305323;-0.2857142857142857;0.3333333333333333;-0.38061911170928675;0.2691326530612245;-0.21428571428571427;0.0;0.0;0.2727272727272727;-0.42857142857142855;0.431268561731014;-0.47683081955297113;0.4166666666666667;-0.125;0.43923611111111116;-0.4831088540516671;0.7272727272727273;-1.3032069970845481;-1.0869565217391306;-0.4615384615384615;-0.39112903225806456;-1.425925925925926;0.2;0.125;-0.45252116304747886;0.18181818181818182;-0.2;0.36363636363636365;0.33929002656363183;-1.0;0.25;-0.2;0.2570902394106814;0.2222222222222222;-0.24131127636970706;-1.3333333333333333;-0.3333333333333333;-0.42389525368248776;-1.0;2.1375
-0.6470588235294118;0.5714285714285714;-0.27741935483870966;-0.6470588235294118;-0.42367256637168144;-1.3333333333333333;0.10752688172043011;-0.7843137254901961;0.05405405405405406;-0.25;-0.8169934640522878;0.814;-1.5211267605633803;-2.609375;-2.9743589743589745;1.0601805416248746;13;-1.305993690851735;-1.1190817790530845;-0.49435382685068996;-0.1935483870967742;-0.7254901960784313;-0.76;-0.6923076923076923;-0.46;-0.1111111111111111;0.2857142857142857;0.375;1.0;4.2;4.0;-0.3939393939393939;0.0;-1.1666666666666667;-0.5;-0.2;0.25;0.5;0.125;-0.1111111111111111;0.0;0.5454545454545454;0.25;-1.2381902860944778;-1.4770393334625072;-1.2848934642087624;-0.7727237308606382;-0.3802972802024035;-0.7391304347826086;-0.8333333333333334;-0.841556507168125;-0.48936170212765956;-1.1543864298966338;-0.15384615384615385;0.44449999999999995;-0.5358530554574356;0.8333333333333334;0.125;1.650080775444265;4.91713747645951;2.0;5.428571428571429;1.5803062678062678;3.4589250905040383;1.75;3.0;0.48818005181347157;0.5549088086922781;-0.3515338494673728;-1.0;0.4537337662337662;-0.7777777777777778;-1.3333333333333333;-0.45371450797355123;0.5605042016806723;-0.35714285714285715;0.3333333333333333;-0.6855989232839839;0.40204081632653066;-0.2857142857142857;0.0;-0.16666666666666666;0.18181818181818182;-0.42857142857142855;0.2827747136190072;-0.44484826458295473;0.3333333333333333;-0.125;0.265625;-0.4442481784058291;0.6363636363636364;-1.0524781341107872;-0.5652173913043479;0.4615384615384615;-0.39112903225806456;-1.425925925925926;-0.3;-0.375;-0.4124953993375046;0.0;0.4;0.2727272727272727;-0.15720840376720605;0.16666666666666666;0.5;0.4;-0.5587476979742172;-0.3333333333333333;-0.35043253908028527;-0.3333333333333333;0.5;-0.30180032733224227;-0.8;1.8708333333333331
-0.5882352941176471;-0.14285714285714285;-0.23225806451612904;-0.6787330316742082;-0.40154867256637167;-1.3333333333333333;0.043010752688172046;-0.6862745098039216;0.10810810810810811;0.0;-0.6535947712418305;0.845;-1.788732394366197;-0.5;-0.4358974358974359;1.053159478435306;13;-1.1861198738170349;-1.1190817790530845;-0.49435382685068996;-0.1935483870967742;-0.7254901960784313;-0.66;-0.6538461538461539;-0.46;-0.1111111111111111;0.5714285714285714;0.25;0.375;4.2;4.0;-0.3939393939393939;0.0;-1.3333333333333333;-1.1666666666666667;-0.6;0.25;0.5;-0.25;0.1111111111111111;-0.2222222222222222;0.5454545454545454;0.25;-0.479707252162342;-1.247045146289479;-1.1901683824116192;-0.7077765223828261;-0.3802972802024035;-0.6304347826086957;-0.7407407407407407;-0.6067771364736546;-0.48936170212765956;-0.9872780280943545;-0.15384615384615385;0.22233333333333327;0.0;0.3333333333333333;0.125;1.3846526655896607;4.604143126177024;1.0;5.428571428571429;1.2877492877492878;3.227513227513228;1.0;3.0;0.2605246113989637;0.7694024058983315;-0.22283019966237844;-1.2778333333333334;-0.38595779220779225;-0.7777777777777778;-2.6666666666666665;-0.6112407623492805;0.5952380952380952;-0.35714285714285715;0.3333333333333333;-0.9036339165545088;0.43367346938775503;-0.2857142857142857;0.0;-0.111;0.18181818181818182;-0.42857142857142855;0.2373780229104794;-0.4857350536071234;0.3333333333333333;-0.125;0.21254960317460317;-0.4939280194303379;0.6363636363636364;-1.0816326530612246;-0.04347826086956526;0.4615384615384615;-0.05040322580645159;-0.537037037037037;0.2;0.25;-0.37845049687154947;0.0;-1.0;-0.6363636363636364;-0.15720840376720605;-0.5;-0.125;-1.0;0.0;0.2222222222222222;-0.35043253908028527;0.0;0.16666666666666666;-0.1204582651391163;0.0;1.620833333333334
-0.5294117647058824;-0.7142857142857143;-0.2129032258064516;-0.5294117647058825;-0.37389380530973454;-0.3333333333333333;-0.03225806451612903;-0.5686274509803921;0.10810810810810811;0.25;-0.5261437908496732;0.885;-1.7746478873239435;-0.515625;-0.452991452991453;1.0501504513540623;13;-1.0883280757097793;-1.1190817790530845;-0.49435382685068996;-0.1935483870967742;-0.6274509803921569;-0.66;-0.5576923076923077;-0.46;-0.1111111111111111;-0.14285714285714285;0.5;0.25;4.2;4.0;-0.3939393939393939;0.0;-1.3333333333333333;-1.3333333333333333;-1.4;0.25;0.5;0.0;-0.2222222222222222;0.0;0.5454545454545454;0.25;0.7398536260811712;-0.7843441193567139;-0.9620142047721651;-0.636361865430319;0.03415559772296018;-0.6304347826086957;-0.6296296296296297;-0.2396201824613664;-0.48936170212765956;-0.7409223429631592;-0.15384615384615385;-0.16666666666666666;0.7036382903567645;-0.3333333333333333;0.125;0.2537964458804523;0.207909604519774;-0.3333333333333333;0.2857142857142857;0.9793447293447294;3.1258702311333892;0.0;3.0;-0.46437823834196895;0.5084400465657745;-0.1551894755224402;-0.9445;1.0198863636363638;-0.7777777777777778;-0.6666666666666666;-0.6944768572539868;0.4739495798319328;-0.35714285714285715;0.3333333333333333;-0.8314939434724091;0.3622448979591836;-0.2857142857142857;0.0;-0.0555;0.18181818181818182;-0.2857142857142857;0.08570216376750103;-0.7157913865164456;0.3333333333333333;-0.625;0.23462301587301587;-0.5402958710532126;0.6363636363636364;-0.8192419825072884;1.0;0.923076923076923;0.3750000000000001;0.7962962962962965;0.3;0.0;-0.34827015090172986;0.5454545454545454;-0.8;0.09090909090909091;-0.09104081139821305;-1.5;-0.625;-0.8;0.7337016574585636;0.3333333333333333;0.04735164668386709;2.3333333333333335;1.1666666666666667;0.6248772504091652;1.6;1.4291666666666671
-0.47058823529411764;-0.2857142857142857;-0.17419354838709677;-0.47058823529411775;-0.34513274336283184;0.3333333333333333;0.0;-0.5098039215686274;0.13513513513513514;0.125;-0.42483660130718987;0.946;-1.352112676056338;-0.46875;-0.4358974358974359;1.0441323971915748;13;-0.9621451104100947;-0.8077474892395982;-0.49435382685068996;-0.1935483870967742;-0.5098039215686274;-0.56;-0.5576923076923077;-0.48;-0.1111111111111111;-0.7142857142857143;-0.125;0.5;0.0;4.0;-0.3181818181818182;0.0;-0.16666666666666666;-1.3333333333333333;-1.6;0.5;0.5;0.25;0.0;-0.3333333333333333;0.18181818181818182;0.25;1.9008649367930808;0.08564231738035269;-0.6448008937834172;-0.5454474617212763;-0.11211258697027192;-0.5217391304347826;-0.5740740740740741;-0.05380748463973183;-0.46808510638297873;-0.5573813941160879;-0.15384615384615385;-0.5;-0.15365595196043802;-0.3333333333333333;-0.5;0.16155088852988692;0.30207156308851224;-0.3333333333333333;0.2857142857142857;0.7987891737891739;2.938178780284044;0.0;3.0;-0.553270725388601;0.13979433449747794;-0.08941149077361882;-0.3333333333333333;1.6396103896103893;-0.7777777777777778;0.6666666666666666;-0.6944768572539868;0.4739495798319328;-0.35714285714285715;0.3333333333333333;-0.6557200538358008;0.4028061224489796;-0.2857142857142857;0.0;0.11116666666666668;0.36363636363636365;-0.2857142857142857;0.025243954179041145;-0.7772124295838634;0.3333333333333333;-0.75;0.2242063492063492;-0.5791565466990506;0.6363636363636364;-0.21574344023323572;1.5217391304347827;0.4615384615384615;0.3750000000000001;2.12962962962963;0.0;-0.25;-0.5034965034965034;0.36363636363636365;0.6;0.6363636363636364;0.047331562424535074;-0.16666666666666666;-0.25;0.6;-0.16022099447513813;0.0;-0.09303384428593102;1.3333333333333333;-0.5;0.34762684124386245;2.4;1.208333333333333
-0.4117647058823529;-0.2857142857142857;-0.13548387096774195;-0.41176470588235303;-0.31194690265486724;0.6666666666666666;0.0;-0.4117647058823529;0.1891891891891892;0.25;-0.32679738562091526;0.991;-1.1408450704225352;-0.4140625;-0.39316239316239315;1.0381143430290873;13;-0.7697160883280758;-0.6284074605451936;-0.49435382685068996;-0.1935483870967742;-0.45098039215686275;-0.44;-0.46153846153846156;-0.46;-0.1111111111111111;-0.2857142857142857;-0.625;-0.125;0.6;4.0;-0.19696969696969696;0.0;0.5;-0.16666666666666666;-1.6;-0.5;0.5;0.125;0.2222222222222222;-0.1111111111111111;0.0;0.25;1.1793080505655362;0.5888393722146871;-0.42861702976618005;-0.45453305801223354;-0.19781783681214413;-0.391304347826087;-0.48148148148148145;0.09960901135728917;-0.425531914893617;-0.3525046382189239;-0.15384615384615385;-0.5555;-0.2772871776757329;-0.3333333333333333;-0.625;-0.06930533117932139;-0.10169491525423728;-0.3333333333333333;-0.2857142857142857;0.654380341880342;2.7697020328599278;0.0;3.0;-0.3238341968911917;-0.10195964299573132;-0.02287676814715624;0.38883333333333336;0.619724025974026;0.0;1.3333333333333333;-0.5278101905873201;0.7756302521008404;-0.35714285714285715;1.0;-0.4613728129205922;0.4818877551020408;-0.2857142857142857;0.5;0.22233333333333336;0.45454545454545453;-0.2857142857142857;0.05557912600763682;-0.753225513356351;0.3333333333333333;-0.75;0.24082341269841268;-0.6098476484875248;0.6363636363636364;-0.32653061224489766;-0.04347826086956526;-1.3846153846153846;0.3750000000000001;1.2407407407407411;0.2;0.0625;-0.5034965034965034;0.2727272727272727;0.0;-0.2727272727272727;-0.15720840376720605;0.5;-0.25;0.0;-0.28913443830570895;0.2222222222222222;-0.1752921535893154;0.6666666666666666;-0.3333333333333333;0.021931260229132478;1.4;0.9041666666666666
-0.35294117647058826;-0.42857142857142855;-0.1032258064516129;-0.35294117647058837;-0.2771017699115044;0.0;-0.010752688172043012;-0.4117647058823529;0.10810810810810811;-0.25;-0.2614379084967322;1.031;-0.8591549295774645;-0.3515625;-0.358974358974359;1.033099297893681;13;-0.6277602523659306;-0.4992826398852223;-0.49435382685068996;-0.1935483870967742;-0.35294117647058826;-0.38;-0.34615384615384615;-0.42;-0.1111111111111111;-0.2857142857142857;-0.25;-0.625;0.1;4.0;-0.11363636363636363;0.0;0.8333333333333334;0.5;-0.2;-1.0;0.5;0.25;0.1111111111111111;0.1111111111111111;-0.18181818181818182;0.25;-0.479707252162342;0.8079829490408836;-0.28640970393424325;-0.4025986675497721;-0.3802972802024035;-0.32608695652173914;-0.48148148148148145;0.011357289145410527;-0.3191489361702128;-0.24529552080572498;-0.15384615384615385;-0.4443333333333334;-0.6852702225362063;0.0;-0.625;-0.2077544426494345;-0.17024482109227868;-0.3333333333333333;-0.2857142857142857;0.51994301994302;2.633249791144528;0.0;3.0;-0.40349740932642486;-0.321497865735351;0.03836078933581712;0.44449999999999995;0.4013798701298701;0.1111111111111111;1.3333333333333333;-0.4445740956826138;0.8016806722689075;-0.35714285714285715;1.0;-0.424764468371467;0.42397959183673456;-0.2857142857142857;0.5;0.0;0.18181818181818182;-0.2857142857142857;0.025243954179041145;-0.7183354533890606;0.3333333333333333;-0.75;0.1641865079365079;-0.5901965113711636;0.6363636363636364;-0.17492711370262343;-0.5652173913043479;-0.4615384615384615;0.821908602150538;-0.537037037037037;-0.3;-0.375;-0.4124953993375046;0.0;-0.2;-0.09090909090909091;-0.5025356194156002;-0.16666666666666666;-0.375;-0.2;-0.714548802946593;-0.3333333333333333;-0.35043253908028527;-1.6666666666666667;-1.1666666666666667;0.7450081833060556;-0.4;0.7041666666666664
-0.29411764705882354;1.1428571428571428;0.0;-0.2941176470588236;-0.23783185840707965;-0.6666666666666666;-0.0967741935483871;-0.39215686274509803;-0.05405405405405406;-0.75;-0.19607843137254916;1.06;-0.732394366197183;-0.2890625;-0.3247863247863248;1.0170511534603812;13;-0.5015772870662463;-0.4461979913916785;-0.49435382685068996;-0.1935483870967742;-0.35294117647058826;-0.28;-0.28846153846153844;-0.32;-0.1111111111111111;-0.42857142857142855;-0.25;-0.25;0.0;4.0;-0.03787878787878788;0.0;0.0;0.8333333333333334;0.6;-2.0;0.5;-0.25;0.2222222222222222;0.0;0.0;0.25;-1.2285429141716568;0.6202286378608798;-0.20588939430213085;-0.3636381345696809;-0.7455724225173941;-0.21739130434782608;-0.46296296296296297;-0.07782535840625568;-0.3191489361702128;-0.17081897694142587;-0.15384615384615385;0.11116666666666664;1.2596255740021196;0.0;0.625;-0.06930533117932139;0.3834274952919021;-0.3333333333333333;0.2857142857142857;0.5712250712250713;2.4675577833472575;0.0;3.0;0.4808937823834198;-0.22041133100504448;0.17701845276209324;0.0;1.4090909090909092;-0.4444444444444444;1.3333333333333333;-0.3889537145079736;0.7336134453781511;-0.35714285714285715;1.0;-0.5063257065948855;0.4002551020408162;-0.2857142857142857;0.5;-0.38883333333333336;-0.18181818181818182;-0.2857142857142857;-0.1868901145523971;-0.5064510267127021;0.0;-0.75;0.017609126984126987;-0.4513137557959815;0.2727272727272727;-0.2507288629737605;-1.065217391304348;-0.44230769230769224;-0.06720430107526874;-1.4074074074074074;-0.2;0.0;-0.4006256900993743;-0.36363636363636365;2.2;1.0909090909090908;0.602511470659261;1.6666666666666667;1.0;2.2;1.3134438305709024;-0.2222222222222222;-0.7010168462589162;-1.6666666666666667;0.0;0.5207855973813421;-1.8;0.5416666666666667
-0.23529411764705882;-0.2857142857142857;0.03870967741935484;-0.22624434389140283;-0.19469026548672566;0.0;-0.17204301075268819;-0.23529411764705882;-0.10810810810810811;0.0;-0.14052287581699394;1.086;-0.6056338028169014;-0.2265625;-0.2564102564102564;1.0110330992978938;13;-0.4100946372239745;-0.3916786226685796;-0.49435382685068996;-0.1935483870967742;-0.3333333333333333;-0.28;-0.19230769230769232;-0.32;-0.1111111111111111;1.1428571428571428;-0.375;-0.25;0.2;4.0;0.05303030303030303;0.0;-0.8333333333333334;0.0;1.0;-2.25;0.5;-0.75;-0.2222222222222222;0.1111111111111111;-0.2727272727272727;0.25;0.15435795076513656;0.4115481495834142;-0.06687415210278516;-0.30519733509954416;-0.05676786843769766;-0.21739130434782608;-0.3148148148148148;-0.1435486873952707;-0.2127659574468085;0.0006626027034191335;-0.15384615384615385;0.11116666666666664;1.2596255740021196;0.0;0.625;-0.2077544426494345;0.24708097928436915;-0.3333333333333333;0.2857142857142857;0.47774216524216523;2.3533834586466167;0.0;3.0;0.5459844559585492;-0.056461001164144084;0.2982129343966471;-0.2778333333333333;0.5515422077922078;-0.4444444444444444;-0.3333333333333333;-0.16666666666666669;0.5338935574229691;-0.35714285714285715;1.0;-0.4716016150740242;0.35739795918367356;-0.2857142857142857;0.5;-0.5;-0.18181818181818182;-0.5714285714285714;-0.1264319049639372;-0.5155369798291841;0.0;-0.75;0.008184523809523817;-0.4804592625303599;0.2727272727272727;-0.2915451895043728;1.0;1.8269230769230769;0.8084677419354842;-0.07407407407407415;0.5;0.375;-0.243006993006993;0.36363636363636365;-2.0;-1.9090909090909092;1.5390002414875632;0.16666666666666666;-0.25;-2.0;1.3134438305709024;0.5555555555555556;-0.039915009864926375;1.6666666666666667;1.6666666666666667;1.0880523731587561;0.2;0.4291666666666666
-0.17647058823529413;-0.5714285714285714;0.06451612903225806;-0.17647058823529418;-0.14823008849557523;-0.3333333333333333;-0.24731182795698925;-0.13725490196078433;-0.10810810810810811;0.0;-0.06862745098039257;1.105;-0.6478873239436618;-0.1640625;-0.19658119658119658;1.0070210631895686;13;-0.32807570977917944;-0.34720229555236726;-0.49435382685068996;-0.1935483870967742;-0.17647058823529413;-0.26;-0.19230769230769232;-0.22;-0.1111111111111111;-0.2857142857142857;1.0;-0.375;-0.3;4.0;0.10606060606060606;0.0;0.0;-0.8333333333333334;0.0;-2.25;0.5;0.0;-0.6666666666666666;-0.3333333333333333;-0.09090909090909091;0.25;0.7398536260811712;0.014919589226894006;0.06408107892426759;-0.21428293139050142;0.20003162555344728;-0.1956521739130435;-0.2222222222222222;-0.09383727425060501;-0.0851063829787234;0.18937185263715878;-0.15384615384615385;0.05566666666666661;1.3818438714235255;-0.16666666666666666;0.625;-0.277059773828756;0.304331450094162;-0.3333333333333333;0.2857142857142857;0.37197293447293456;2.272069061542746;0.0;3.0;-0.48040803108808283;0.02735739231664727;0.39559927818848606;-0.2778333333333333;0.5515422077922078;-0.4444444444444444;-0.3333333333333333;0.05562038117464023;0.1686274509803921;-0.14285714285714285;1.0;-0.4422611036339165;0.31862244897959185;-0.2857142857142857;0.5;-0.38883333333333336;-0.18181818181818182;-0.5714285714285714;-0.1264319049639372;-0.5155369798291841;0.0;-0.75;0.0;-0.5062927798631045;0.2727272727272727;-0.370262390670554;-0.04347826086956526;-0.923076923076923;0.7392473118279571;0.7962962962962965;0.2;-0.25;-0.3209422156790578;0.7272727272727273;-0.4;0.7272727272727273;1.554213957981164;-2.0;-0.5;-0.4;1.4408839779005524;0.2222222222222222;0.20655638184853553;0.0;-0.8333333333333334;0.834697217675941;1.2;0.3375000000000003
-0.11764705882352941;-0.42857142857142855;0.0967741935483871;-0.11764705882352952;-0.10176991150442478;0.3333333333333333;-0.21505376344086022;-0.0392156862745098;-0.08108108108108109;0.125;-0.032679738562091526;1.127;-0.49295774647887314;-0.109375;-0.09401709401709402;1.0020060180541626;13;-0.2681388012618296;-0.28981348637015775;-0.49435382685068996;-0.1935483870967742;-0.0784313725490196;-0.1;-0.17307692307692307;-0.1;-0.1111111111111111;-0.5714285714285714;-0.25;1.0;-0.7;4.0;0.12878787878787878;0.0;0.0;0.0;-1.0;-0.5;0.5;0.0;0.0;-0.7777777777777778;0.09090909090909091;0.25;0.7398536260811712;0.014919589226894006;0.19192402840954412;-0.09740133245022792;-0.04617330803289055;-0.021739130434782608;-0.12962962962962962;0.11078011543474224;-0.02127659574468085;0.3544924463291811;-0.15384615384615385;-0.5555;-0.5358530554574356;-0.16666666666666666;-0.625;-0.23085621970920828;0.22335216572504688;0.0;0.2857142857142857;-0.2257834757834759;0.021164021164021062;0.0;0.0;-0.565252590673575;-0.012417539774932103;0.26654636474765725;0.16666666666666666;0.08279220779220778;0.1111111111111111;0.6666666666666666;0.16666666666666669;0.19383753501400564;-0.14285714285714285;1.0;-0.4228802153432033;0.336734693877551;-0.2857142857142857;0.5;0.0;0.36363636363636365;-0.42857142857142855;-0.15655494272380144;-0.5375249863710704;0.0;-0.75;-0.10639880952380952;-0.6553323029366306;0.2727272727272727;-0.22448979591836724;1.0;0.923076923076923;0.07426075268817209;0.7962962962962965;0.2;-0.0625;-0.48472580051527414;0.45454545454545453;0.2;0.2727272727272727;0.3677855590437092;-0.16666666666666666;-0.375;0.2;-0.5587476979742172;0.2222222222222222;-0.02974654727576259;1.0;0.5;0.021931260229132478;0.8;0.2708333333333336
-0.058823529411764705;0.14285714285714285;0.15483870967741936;-0.0542986425339367;-0.05254424778761062;0.3333333333333333;-0.1935483870967742;0.0392156862745098;0.0;0.25;0.0;1.145;-0.38028169014084506;-0.0546875;0.0;0.9929789368104313;13;-0.198738170347003;-0.20229555236728838;-0.22208281053952308;-0.08817204301075272;0.0196078431372549;0.0;-0.019230769230769232;-0.04;-0.14814814814814814;-0.42857142857142855;-0.5;-0.25;-0.4;-0.2;0.17424242424242425;0.10416666666666667;0.5;0.0;0.0;0.5;1.0;0.125;0.0;-0.1111111111111111;0.0;-0.25;0.7398536260811712;0.2863786087967448;0.31146756045008367;-0.006486928741185148;-0.12381404174573048;0.08695652173913043;-0.05555555555555555;0.2602867250046549;0.0851063829787234;0.4631592896899018;-0.11538461538461539;-0.38883333333333336;0.045566937477922995;-0.16666666666666666;-0.25;-0.16155088852988692;0.24293785310734461;0.0;0.2857142857142857;-0.238425925925926;0.015316067947646816;0.0;0.0;-0.1465349740932643;-0.03405122235157151;0.14925199371325454;0.2778333333333333;0.0;0.1111111111111111;0.6666666666666666;0.13885647607934656;0.1686274509803921;-0.14285714285714285;1.0;-0.4422611036339165;0.31862244897959185;-0.2857142857142857;0.5;0.11116666666666668;0.36363636363636365;-0.2857142857142857;-0.1264319049639372;-0.5155369798291841;0.0;-0.75;-0.12400793650793651;-0.6747626407595496;0.2727272727272727;-0.24198250728862966;-0.04347826086956526;-0.923076923076923;0.07426075268817209;0.7962962962962965;0.1;-0.125;-0.5910011041589989;0.36363636363636365;0.8;0.2727272727272727;-0.2808500362231346;0.8333333333333334;0.125;0.8;0.047513812154696126;0.1111111111111111;-0.10426468356351486;-0.3333333333333333;-0.6666666666666666;-0.1204582651391163;0.6;0.19583333333333353
0.0;0.5714285714285714;0.23225806451612904;0.0;0.0;0.0;-0.1827956989247312;0.0392156862745098;-0.02702702702702703;-0.125;0.032679738562091526;1.166;-0.22535211267605623;0.0;0.08547008547008547;0.9809428284854563;13;-0.14195583596214492;-0.13773314203730266;-0.06524466750313666;-0.08817204301075272;0.09803921568627451;0.1;0.07692307692307693;0.06;-0.1111111111111111;0.14285714285714285;-0.375;-0.5;-0.4;0.4;0.2196969696969697;0.2708333333333333;0.3333333333333333;0.5;0.0;1.0;-1.0;0.25;0.1111111111111111;-0.1111111111111111;0.09090909090909091;-0.5;-0.08582834331337327;0.5039720984305369;0.38600271327108765;0.0519538707289516;-0.47169512966476906;0.1956521739130435;-0.05555555555555555;0.2921243716253958;0.0851063829787234;0.47097800159024644;-0.038461538461538464;0.05566666666666661;0.35146591310491;0.0;0.125;-0.02310177705977365;0.35555555555555535;0.0;0.2857142857142857;-0.28935185185185186;-0.11111111111111112;0.0;0.0;0.410621761658031;0.013775708187815582;0.127073752837767;0.3333333333333333;-0.2142857142857143;0.2222222222222222;0.6666666666666666;0.027810190587320115;0.0;-0.14285714285714285;0.3333333333333333;-0.4037685060565276;0.33112244897959175;-0.2857142857142857;0.5;0.05566666666666667;0.2727272727272727;-0.2857142857142857;-0.21722528638099278;-0.5536979829184081;0.0;-0.75;-0.15947420634920637;-0.6769706336939723;0.2727272727272727;-0.037900874635568224;-0.021739130434782532;0.019230769230769232;0.06485215053763443;-0.07407407407407415;-0.3;-0.3125;-0.4006256900993743;-0.09090909090909091;0.6;-0.09090909090909091;-0.636319729533929;1.1666666666666667;0.5;0.6;0.3664825046040516;-0.3333333333333333;-0.43815449992411587;-0.3333333333333333;0.0;-0.046153846153846156;-0.2;0.13750000000000012
0.058823529411764705;0.0;0.2838709677419355;0.058823529411764656;0.05530973451327434;0.0;-0.17204301075268819;0.11764705882352941;-0.02702702702702703;0.0;0.06535947712418305;1.183;-0.1267605633802817;0.0703125;0.17094017094017094;0.9729187562688064;13;-0.07570977917981081;-0.08034433285509332;0.04767879548306151;-0.036559139784946224;0.09803921568627451;0.18;0.17307692307692307;0.06;-0.037037037037037035;0.5714285714285714;0.125;-0.375;-0.5;-0.1;0.25757575757575757;0.3854166666666667;0.16666666666666666;0.3333333333333333;0.6;-0.25;-2.0;-0.125;0.2222222222222222;0.0;-0.2727272727272727;-0.75;-0.06919494344644023;0.5690757605115287;0.4309312903998083;0.10388826119141306;-0.47169512966476906;0.2826086956521739;0.018518518518518517;0.19065350958853117;0.10638297872340426;0.4605088788762257;0.15384615384615385;0.22233333333333327;-0.15365595196043802;0.5;0.125;0.04604200323101779;0.2749529190207156;0.0;0.2857142857142857;-0.32745726495726507;-0.13923698134224452;0.0;0.0;0.33452072538860117;-0.04511059371362047;0.13109028464986333;0.16666666666666666;-0.2142857142857143;0.1111111111111111;0.3333333333333333;0.027810190587320115;0.0;-0.14285714285714285;0.3333333333333333;-0.34589502018842533;0.32678571428571435;-0.2857142857142857;0.5;0.0;0.2727272727272727;-0.2857142857142857;-0.15655494272380144;-0.5604215882246047;0.0;-0.75;-0.14186507936507936;-0.6796202252152794;0.2727272727272727;-0.0612244897959181;-0.021739130434782532;0.0;-0.8373655913978496;-0.055555555555555365;0.1;0.1875;-0.4316341553183658;-0.09090909090909091;-0.8;-0.6363636363636364;0.047331562424535074;-0.16666666666666666;0.0;-0.8;-0.16022099447513813;0.1111111111111111;-0.43815449992411587;-0.3333333333333333;0.0;-0.8019639934533551;-0.2;0.07500000000000007
0.11764705882352941;-0.5714285714285714;0.3096774193548387;0.11764705882352931;0.11393805309734513;0.3333333333333333;-0.15053763440860216;0.13725490196078433;-0.10810810810810811;-0.25;0.09803921568627386;1.205;0.0422535211267606;0.34375;0.24786324786324787;0.9689067201604814;13;-0.022082018927444467;-0.038737446197991264;0.09410288582183193;-0.036559139784946224;0.17647058823529413;0.18;0.25;0.08;0.14814814814814814;0.0;0.5;0.125;0.6;-0.2;0.3787878787878788;0.4895833333333333;0.0;0.16666666666666666;0.4;-1.5;-4.0;0.0;-0.1111111111111111;0.1111111111111111;-0.6363636363636364;-0.5;0.32534930139720586;0.3846153846153845;0.4392307078445453;0.13636186543031908;-0.41840607210626185;0.2826086956521739;0.037037037037037035;-0.22602867250046535;0.2765957446808511;0.4354624966869864;0.15384615384615385;-0.05550000000000003;0.5238431649593783;-0.16666666666666666;0.125;-0.23085621970920828;-0.20301318267419965;0.0;-0.2857142857142857;-0.40384615384615385;-0.11918685602896129;0.0;0.0;-0.3060233160621761;0.015424912689173698;0.12625880435415335;0.22216666666666665;0.0;0.1111111111111111;0.6666666666666666;0.250097238428627;-0.32633053221288516;0.21428571428571427;0.3333333333333333;-0.15370121130551817;0.2658163265306121;-0.2857142857142857;0.5;-0.22216666666666665;0.18181818181818182;-0.5714285714285714;-0.03542638947815019;-0.7933854261312011;0.3333333333333333;-0.75;-0.1949404761904762;-0.6736586442923383;0.2727272727272727;0.16618075801749319;0.47826086956521746;0.44230769230769224;-0.41061827956989244;0.3703703703703704;-0.2;-0.25;-0.45252116304747886;0.0;-0.8;0.0;-0.02946148273363919;-1.3333333333333333;-0.5;-0.8;0.5462246777163904;-0.2222222222222222;-0.3870086507816057;1.0;0.6666666666666666;-0.046153846153846156;0.6;0.020833333333333353
0.17647058823529413;0.42857142857142855;0.38064516129032255;0.17647058823529396;0.17699115044247787;0.3333333333333333;-0.12903225806451613;0.21568627450980393;0.43243243243243246;-0.125;0.14052287581699321;1.225;0.14084507042253522;0.3828125;0.3162393162393162;0.9578736208625878;13;0.0473186119873821;-0.0014347202295550785;0.1417816813048933;0.0150537634408602;0.19607843137254902;0.26;0.25;0.24;0.14814814814814814;-0.5714285714285714;0.0;0.5;-0.4;0.0;0.42424242424242425;0.6145833333333334;0.5;0.0;0.2;-0.25;-4.5;-0.25;0.0;-0.2222222222222222;-0.09090909090909091;-0.875;0.7125748502994015;0.4276303042046117;0.4228712792275157;0.19480266490045584;-0.41840607210626185;0.3695652173913043;0.1111111111111111;-0.3997393409048593;0.3829787234042553;0.35661277498012195;0.34615384615384615;-0.11100000000000006;0.35146591310491;-0.16666666666666666;0.0;-0.11550888529886912;-0.07457627118644065;0.0;-0.2857142857142857;-0.4164886039886041;-0.14369256474519634;0.0;0.0;-0.037726683937823774;0.14192859914629424;0.1830141451772514;0.2778333333333333;0.0;0.1111111111111111;0.6666666666666666;0.3055231427460132;-0.35658263305322124;0.21428571428571427;0.3333333333333333;0.038492597577388966;0.10663265306122442;-0.2857142857142857;0.5;-0.22216666666666665;0.18181818181818182;-0.5714285714285714;-0.06576156130674586;-0.7835725967654007;0.3333333333333333;-0.75;-0.1773313492063492;-0.6829322146169132;0.2727272727272727;0.22157434402332382;0.5;0.019230769230769232;-0.40053763440860213;0.814814814814815;0.1;0.125;-0.48472580051527414;0.0;1.4;1.0;0.528374788698382;0.5;0.375;1.4;0.3664825046040516;0.1111111111111111;-0.3870086507816057;-0.3333333333333333;-0.6666666666666666;-0.046153846153846156;0.6;-0.041666666666666706
0.23529411764705882;-0.2857142857142857;0.41935483870967744;0.23529411764705885;0.24668141592920353;0.3333333333333333;-0.17204301075268819;0.35294117647058826;0.0;0.5;0.21241830065359457;1.241;0.05633802816901413;0.4140625;0.36752136752136755;0.9518555667001003;13;0.11041009463722444;0.025824964131994282;0.18067754077791717;0.11827956989247312;0.27450980392156865;0.28;0.3269230769230769;0.34;0.3333333333333333;0.42857142857142855;-0.5;0.0;-0.6;-0.5;0.45454545454545453;0.6875;0.3333333333333333;0.5;0.0;-0.25;-4.5;-0.125;-0.2222222222222222;-0.1111111111111111;-0.09090909090909091;-0.625;0.7125748502994015;0.42937415229606657;0.39940946452797055;0.27272373086063817;0.04364326375711572;0.391304347826087;0.24074074074074073;-0.277043381120834;0.48936170212765956;0.35528756957328367;0.5769230769230769;-0.2221666666666667;0.38466972801130345;-0.16666666666666666;0.0;-0.06930533117932139;-0.1819209039548023;0.0;-0.2857142857142857;-0.42930911680911676;-0.13923698134224452;0.0;0.0;0.1007124352331606;0.13484672099340325;0.22707957389836425;0.5;-0.2142857142857143;0.3333333333333333;1.0;0.41676390509529365;-0.3361344537815126;0.21428571428571427;0.6666666666666666;0.2691790040376851;-0.115561224489796;-0.07142857142857142;0.5;0.0;0.18181818181818182;0.0;0.05557912600763682;-0.6518262765764129;0.3333333333333333;-0.5;-0.10639880952380952;-0.6189004195186575;0.2727272727272727;0.11953352769679344;0.47826086956521746;-0.019230769230769232;-0.8373655913978496;0.814814814814815;0.4;0.125;-0.368052999631947;0.5454545454545454;-1.0;-1.0909090909090908;0.602511470659261;0.3333333333333333;-0.25;-1.0;0.40110497237569054;0.4444444444444444;0.0564577325846107;0.6666666666666666;0.5;-0.1204582651391163;0.4;-0.10000000000000009
0.29411764705882354;0.2857142857142857;0.4838709677419355;0.2941176470588235;0.3213495575221239;0.3333333333333333;-0.24731182795698925;0.2549019607843137;-0.08108108108108109;-0.375;-0.30065359477124204;1.265;2.605633802816901;0.4453125;0.9316239316239316;0.9418254764292878;13;0.16088328075709832;0.05738880918220952;0.23086574654956088;0.32473118279569896;0.4117647058823529;0.36;0.34615384615384615;0.44;0.5555555555555556;-0.2857142857142857;0.375;-0.5;-0.5;-0.9;0.49242424242424243;0.71875;0.6666666666666666;0.3333333333333333;0.6;0.5;-1.0;0.5;-0.1111111111111111;-0.3333333333333333;0.0;-0.375;0.32534930139720586;0.5326487114900215;0.3993296624371557;0.31168426384072934;-0.2666034155597723;0.4782608695652174;0.24074074074074073;-0.4146341463414633;0.574468085106383;0.26994434137291284;0.6923076923076923;0.11116666666666664;0.045566937477922995;0.16666666666666666;0.0;0.04604200323101779;-0.25875706214689276;0.0;-0.2857142857142857;-0.34027777777777773;-0.17961570593149542;0.25;0.0;0.013439119170984486;0.08798991074893288;0.25892077536527175;0.5;-0.2142857142857143;0.3333333333333333;1.0;0.41676390509529365;-0.3361344537815126;0.21428571428571427;0.6666666666666666;0.346164199192463;-0.12678571428571436;-0.07142857142857142;0.5;-0.0555;0.09090909090909091;0.0;-0.06576156130674586;-0.5900417953843358;0.25;-0.5;-0.1949404761904762;-0.6078604548465445;0.2727272727272727;0.5510204081632655;-0.021739130434782532;-0.44230769230769224;-0.40053763440860213;0.3703703703703704;-0.8;-0.8125;-0.06947000368052998;-0.2727272727272727;0.8;0.8181818181818182;0.5027771069789906;-0.16666666666666666;0.25;0.8;0.047513812154696126;-0.8888888888888888;-0.24131127636970706;-0.3333333333333333;-0.5;-0.235024549918167;0.4;-0.14166666666666633
0.35294117647058826;-0.5714285714285714;0.5096774193548387;0.35294117647058815;0.39823008849557523;0.6666666666666666;-0.26881720430107525;0.49019607843137253;0.10810810810810811;0.875;0.35294117647058776;1.28;0.0;0.46875;0.452991452991453;0.9378134403209629;13;0.2365930599369084;0.08321377331420379;0.30740276035131736;0.5827956989247313;0.3137254901960784;0.5;0.4230769230769231;0.52;0.6666666666666666;0.2857142857142857;-0.25;0.375;-0.1;-0.6;0.5606060606060606;0.78125;0.5;0.6666666666666666;0.4;0.25;1.0;-0.375;0.4444444444444444;-0.2222222222222222;0.09090909090909091;-0.5;0.7544910179640723;0.7430730478589422;0.49692761950363074;0.4025986675497721;0.11638203668564197;0.5217391304347826;0.37037037037037035;-0.05846211133867048;0.574468085106383;0.3147362841240392;0.8846153846153846;-0.27766666666666673;0.19003885552808203;-0.16666666666666666;-0.125;-0.06930533117932139;-0.0824858757062148;0.0;-0.2857142857142857;-0.3657407407407408;-0.1478696741854637;0.25;0.0;-0.12775259067357508;-0.04782693053938675;0.25164444961872073;0.7221666666666667;0.0;0.4444444444444444;1.6666666666666667;0.5278101905873201;-0.15938375350140052;0.21428571428571427;1.3333333333333333;0.4037685060565276;-0.06122448979591842;-0.07142857142857142;0.75;0.38899999999999996;0.09090909090909091;0.42857142857142855;0.08570216376750103;-0.37397783027439574;0.25;-0.125;-0.08878968253968253;-0.4574961360123648;0.2727272727272727;0.2594752186588927;1.0;0.9038461538461539;-0.06720430107526874;0.814814814814815;0.9;1.0;0.159827015090173;0.18181818181818182;-1.2;-0.9090909090909091;0.3248007727602028;-0.3333333333333333;-0.5;-1.2;0.19815837937384906;1.0;0.12627105782364545;1.0;0.6666666666666666;-0.1204582651391163;0.6;-0.20416666666666639
0.4117647058823529;-0.14285714285714285;0.5548387096774193;0.4117647058823528;0.4795353982300885;0.6666666666666666;-0.3225806451612903;0.39215686274509803;0.10810810810810811;0.0;0.4281045751633986;1.302;-0.014084507042253532;0.4921875;0.48717948717948717;0.9307923771313942;13;0.2839116719242905;0.11334289813486363;0.36386449184441655;0.6860215053763441;0.5490196078431373;0.4;0.5576923076923077;0.52;0.8518518518518519;-0.5714285714285714;0.25;-0.25;0.2;-0.6;0.6515151515151515;0.84375;1.0;0.5;0.8;0.0;2.0;0.875;-0.3333333333333333;0.3333333333333333;-0.18181818181818182;-0.375;0.7544910179640723;0.7773687269908934;0.570983959779746;0.41557252503214237;0.11638203668564197;0.5217391304347826;0.37037037037037035;-0.20889964624837068;0.6595744680851063;0.2558971640604292;0.8846153846153846;-0.2221666666666667;0.17061109148710707;-0.16666666666666666;-0.125;-0.1846526655896607;-0.29114877589453864;0.0;-0.42857142857142855;-0.352920227920228;-0.15455304928989144;0.25;0.0;-0.3937823834196892;-0.07683352735739213;0.2279527329879504;0.7778333333333333;0.0;0.4444444444444444;1.6666666666666667;0.6390509529366006;-0.15938375350140052;0.21428571428571427;1.3333333333333333;0.4037685060565276;-0.06122448979591842;-0.07142857142857142;0.75;0.16666666666666666;0.09090909090909091;0.42857142857142855;0.1160373355960967;-0.38360894057786665;0.25;-0.125;-0.12400793650793651;-0.46831530139103555;0.2727272727272727;0.6676384839650149;-0.021739130434782532;-0.9038461538461539;0.055107526881720485;0.814814814814815;-0.8;-1.125;0.25901729849098265;0.18181818181818182;0.6;0.8181818181818182;0.3248007727602028;-0.5;-0.125;0.6;0.17790055248618786;-0.8888888888888888;0.12627105782364545;-0.3333333333333333;-0.6666666666666666;-0.046153846153846156;0.6;-0.2458333333333331
0.47058823529411764;0.7142857142857143;0.6387096774193548;0.4705882352941177;0.5652654867256637;0.6666666666666666;-0.3763440860215054;0.37254901960784315;0.0;-0.375;0.4999999999999993;1.328;0.0422535211267606;0.515625;0.5042735042735043;0.917753259779338;13;0.3533123028391171;0.13773314203730283;0.4140526976160601;0.7376344086021505;0.45098039215686275;0.64;0.46153846153846156;0.6;0.8518518518518519;-0.14285714285714285;-0.5;0.25;-0.2;-0.7;0.7121212121212122;0.8958333333333334;0.8333333333333334;1.0;0.6;-0.25;-0.5;0.0;0.7777777777777778;-0.4444444444444444;-0.09090909090909091;-0.875;0.34298070525615465;0.7457857004456502;0.6232543292634266;0.45453305801223354;-0.3284313725490196;0.6521739130434783;0.37037037037037035;-0.37553528207037784;0.6808510638297872;0.09382454280413464;0.9230769230769231;-0.05550000000000003;0.7297774637937126;-0.16666666666666666;0.25;-0.06930533117932139;0.00941619585687379;0.0;-0.14285714285714285;-0.2512464387464387;-0.10442773600668338;0.25;0.0;0.34795984455958534;0.05413271245634457;0.21939577391000648;0.9445;-0.38595779220779225;0.6666666666666666;1.6666666666666667;0.8057176196032673;-0.2719887955182072;0.35714285714285715;1.3333333333333333;0.5192462987886945;-0.016581632653061326;-0.07142857142857142;0.75;0.16666666666666666;0.09090909090909091;0.42857142857142855;0.025243954179041145;-0.3343630746865346;0.25;-0.125;-0.14186507936507936;-0.45528814307794224;0.2727272727272727;0.9650145772594758;0.5;0.4615384615384615;-0.06720430107526874;0.38888888888888884;-0.4;0.1875;0.17372101582627897;-1.0;1.2;0.2727272727272727;0.5027771069789906;1.5;0.625;1.2;0.7609576427255985;-0.4444444444444444;-0.3006526028228866;0.3333333333333333;0.3333333333333333;-0.1472995090016367;0.2;-0.2999999999999998
0.5294117647058824;-0.42857142857142855;0.6709677419354839;0.5294117647058824;0.6548672566371682;-0.3333333333333333;-0.5376344086021505;0.5490196078431373;0.10810810810810811;0.5;0.5751633986928102;1.341;-0.09859154929577463;0.53125;0.5384615384615384;0.9127382146439318;13;0.43533123028391213;0.16929698708751806;0.4504391468005019;0.7397849462365591;0.43137254901960786;0.54;0.6923076923076923;0.62;0.8888888888888888;0.7142857142857143;-0.125;-0.5;-0.6;0.4;0.7424242424242424;1.0625;1.0;0.8333333333333334;1.2;0.5;-3.0;-0.375;0.0;0.6666666666666666;-0.2727272727272727;-1.375;-0.4614105123087159;0.37143964347994574;0.5326789561886519;0.4740133245022791;-0.05676786843769766;0.6521739130434783;0.42592592592592593;-0.3908024576428969;0.7659574468085106;-0.04585210707659688;1.2307692307692308;0.0;0.5814199929353586;0.0;0.25;-0.04620355411954759;-0.05273069679849345;0.0;-0.14285714285714285;-0.391025641025641;-0.28822055137844615;0.25;-0.25;0.2091968911917098;0.000485060147458533;0.2501891844694102;0.5;1.1489448051948052;-0.1111111111111111;1.6666666666666667;0.6668611435239207;0.07703081232492993;0.07142857142857142;1.3333333333333333;0.576850605652759;-0.14413265306122458;0.14285714285714285;0.75;0.0;0.09090909090909091;0.0;0.20704285108188372;-0.32091586407414135;0.25;-0.125;0.03521825396825396;-0.5239567233384854;0.5454545454545454;0.4227405247813412;-1.6086956521739133;-1.8653846153846152;0.840725806451613;-0.9629629629629629;0.6;0.5625;0.01941479573058523;0.2727272727272727;-1.6;-1.2727272727272727;0.7746921033566772;-0.3333333333333333;-0.375;-1.6;0.6062615101289135;0.6666666666666666;-0.039915009864926375;-2.6666666666666665;-1.5;0.7450081833060556;-1.2;-0.3624999999999999
0.5882352941176471;0.7142857142857143;0.7548387096774194;0.5520361990950226;0.7461283185840708;-2.3333333333333335;-0.8064516129032258;0.5294117647058824;0.13513513513513514;0.125;0.643790849673202;1.348;-0.2957746478873239;0.546875;0.5641025641025641;0.8996990972918756;13;0.4763406940063093;0.1979913916786228;0.4830614805520703;0.946236559139785;0.6078431372549019;0.52;0.5961538461538461;0.7;1.1851851851851851;-0.42857142857142855;0.625;-0.125;0.1;-0.6;0.8257575757575758;1.125;-0.3333333333333333;1.0;1.0;0.25;-0.5;0.5;-0.3333333333333333;-0.1111111111111111;-0.18181818181818182;-0.625;-0.05588822355289398;-0.22340631660530916;0.3861623174527171;0.5194802664900455;-0.05676786843769766;0.6521739130434783;0.42592592592592593;-0.5021411282815116;0.8085106382978723;-0.1551815531407367;1.4230769230769231;0.3333333333333333;0.7424938184387142;0.0;0.25;0.0;0.08361581920903953;0.0;-0.14285714285714285;-0.30199430199430194;-0.20439988861041494;0.25;-0.25;0.2091968911917098;0.15434613892122634;0.3095640025612667;-0.6111666666666666;3.6814123376623376;-1.5555555555555556;1.6666666666666667;0.1944768572539868;1.4081232492997198;-0.8571428571428571;1.3333333333333333;0.2885598923283984;0.5752551020408162;-0.7857142857142857;0.75;0.05566666666666667;0.09090909090909091;0.0;0.26771319473907507;-0.3410866799927313;0.25;-0.125;0.05307539682539683;-0.524619121218812;0.5454545454545454;0.25364431486880523;-2.630434782608696;-0.9038461538461539;1.6105510752688175;-3.62962962962963;-0.4;-0.6875;-0.11280824438719175;0.2727272727272727;1.6;1.4545454545454546;1.0999758512436608;-0.0;0.625;1.6;0.7742173112338857;-0.4444444444444444;-0.039915009864926375;-4.333333333333333;-0.8333333333333334;1.520458265139116;-4.0;-0.39166666666666655
0.6470588235294118;0.42857142857142855;0.8258064516129032;0.6470588235294117;0.8401548672566371;-1.3333333333333333;-1.0;0.43137254901960786;0.02702702702702703;-0.625;0.7091503267973851;1.366;-0.32394366197183094;0.5546875;0.5726495726495726;0.8886659979939819;13;0.49842271293375445;0.22094691535150662;0.506900878293601;1.0494623655913977;0.5882352941176471;0.7;0.5769230769230769;0.84;1.3703703703703705;0.7142857142857143;-0.375;0.625;-0.4;-0.8;0.8712121212121212;1.1666666666666667;-2.5;-0.3333333333333333;1.2;0.75;-0.5;0.125;0.4444444444444444;-0.4444444444444444;0.2727272727272727;-0.625;0.32335329341317387;-0.508816120906801;0.2783496927619503;0.5389605329800912;-0.3284313725490196;0.717391304347826;0.42592592592592593;-0.5419847328244274;0.8085106382978723;-0.31195335276967917;1.6153846153846154;0.22233333333333327;0.5814199929353586;0.0;0.25;0.11534733441033931;0.07156308851224102;0.0;-0.14285714285714285;-0.21296296296296294;-0.23475355054302424;0.25;-0.25;0.6499352331606216;0.30015521924718674;0.3604400721811516;-1.4445;2.020292207792208;-1.5555555555555556;-1.0;-0.16666666666666669;1.6050420168067228;-0.8571428571428571;1.3333333333333333;0.1154777927321669;0.748469387755102;-0.7857142857142857;0.75;-0.0555;-0.09090909090909091;0.0;-0.0050912176495545225;-0.2540432491368344;0.08333333333333333;-0.125;-0.03546626984126985;-0.44159858688452197;0.36363636363636365;0.8833819241982512;1.5434782608695652;3.692307692307692;2.5060483870967745;-0.9444444444444444;-0.8;-0.3125;0.01941479573058523;-1.0;-0.4;-0.9090909090909091;0.9466312484907027;1.0;0.375;-0.4;0.6062615101289135;-0.8888888888888888;-0.3006526028228866;2.0;3.1666666666666665;2.4219312602291323;-1.2;-0.40833333333333327
0.7058823529411765;0.7142857142857143;0.9096774193548387;0.7058823529411765;0.9397123893805309;-1.6666666666666667;-1.2473118279569892;0.6862745098039216;0.21621621621621623;0.875;0.7875816993464048;1.375;-0.5352112676056338;0.5625;0.5982905982905983;0.8756268806419257;13;0.5552050473186125;0.255380200860832;0.534504391468005;1.2559139784946238;0.49019607843137253;0.68;0.75;0.74;1.5555555555555556;0.42857142857142855;0.625;-0.375;0.0;-0.7;0.946969696969697;1.21875;-1.5;-2.5;-0.4;0.5;1.0;-0.625;0.1111111111111111;0.3333333333333333;-0.36363636363636365;-0.5;1.2255489021956092;-0.7523735710133695;0.212592769930572;0.5844079947013675;0.20003162555344728;0.717391304347826;0.5555555555555556;-0.48743250791286524;0.9361702127659575;-0.2733898754306918;1.7692307692307692;0.6666666666666666;-0.48110208406923344;1.0;0.25;0.18465266558966084;0.18342749529190208;0.0;-0.14285714285714285;-0.1112891737891738;-0.21999443052074633;0.25;-0.25;0.6499352331606216;0.5540357004268531;0.41789394027591814;-1.8888333333333334;0.6846590909090908;-1.5555555555555556;-3.3333333333333335;-0.5278101905873201;1.7274509803921567;-0.8571428571428571;1.3333333333333333;-0.13458950201884254;0.9;-0.7857142857142857;0.75;0.11116666666666668;-0.09090909090909091;0.42857142857142855;0.2978362324989393;-0.17663092858440857;0.08333333333333333;-0.125;0.07068452380952381;-0.3384853168469861;0.36363636363636365;0.40233236151603535;0.0;-1.3653846153846152;2.4052419354838714;1.2962962962962967;1.0;1.0625;0.2256164887743835;0.2727272727272727;0.4;0.36363636363636365;0.2100941801497223;0.0;0.625;0.4;-0.5016574585635358;1.1111111111111112;0.20655638184853553;-0.3333333333333333;-1.1666666666666667;2.3433715220949263;1.2;-0.44999999999999996
0.7647058823529411;0.7142857142857143;0.9935483870967742;0.7647058823529411;1.040929203539823;-1.6666666666666667;-1.4731182795698925;0.5490196078431373;0.1891891891891892;-0.125;0.8562091503267972;1.391;-0.6056338028169014;0.5703125;0.6068376068376068;0.8625877632898696;13;0.5835962145110413;0.27690100430416076;0.5570890840652446;1.3591397849462366;0.7450980392156863;0.58;0.7307692307692307;0.98;1.7037037037037037;0.7142857142857143;0.375;0.625;-0.6;-0.3;0.9772727272727273;1.3125;-1.6666666666666667;-1.5;-3.0;1.25;0.5;0.875;-0.5555555555555556;0.0;0.5454545454545454;-0.375;-0.052561543579507486;-0.6008525479558225;0.14013247147075256;0.5908949234425527;0.191967109424415;0.717391304347826;0.5555555555555556;-0.4684416309811951;0.9361702127659575;-0.34534852902199836;1.7692307692307692;0.6666666666666666;-0.48110208406923344;1.0;0.25;0.39224555735056554;-0.05838041431261779;0.3333333333333333;-0.14285714285714285;-0.06036324786324794;-0.17348927875243672;0.25;-0.25;0.8095854922279793;0.7328288707799769;0.5049187962046686;-1.6111666666666666;-0.38595779220779225;-1.0;-3.3333333333333335;-0.972384286269934;1.5627450980392157;-0.8571428571428571;1.3333333333333333;-0.3652759084791386;1.015051020408163;-0.7857142857142857;0.75;0.0;-0.09090909090909091;0.42857142857142855;0.05557912600763682;-0.28711611848082863;0.08333333333333333;-0.125;0.017609126984126987;-0.33693972179289033;0.36363636363636365;0.8746355685131197;-0.021739130434782532;-0.019230769230769232;0.5302419354838711;-0.03703703703703691;-1.0;-1.3125;0.3694331983805668;0.09090909090909091;0.0;-0.18181818181818182;-0.5223375996136199;0.3333333333333333;0.625;0.0;-0.5016574585635358;-1.1111111111111112;0.19881620883290338;0.0;0.16666666666666666;0.4373158756137479;0.0;-0.4708333333333333
0.8235294117647058;-1.1428571428571428;0.9935483870967742;0.8235294117647058;1.1438053097345133;-1.6666666666666667;-1.6881720430107527;0.7450980392156863;0.40540540540540543;1.0;0.9215686274509796;1.401;-0.7464788732394365;0.578125;0.6410256410256411;0.8625877632898696;13;0.6340694006309151;0.30846484935437596;0.5834378920953575;1.464516129032258;0.6078431372549019;0.84;0.6346153846153846;0.88;1.7037037037037037;0.7142857142857143;0.625;0.375;-0.3;0.0;1.0303030303030303;1.4375;-1.6666666666666667;-1.6666666666666667;-1.8;1.0;0.0;-0.125;0.7777777777777778;-0.6666666666666666;-0.09090909090909091;-0.75;-0.08582834331337327;-0.3445068785119164;0.06025057856515832;0.6948026649004558;-0.025300442757748284;0.8478260869565217;0.6111111111111112;-0.27369204989759816;0.9361702127659575;-0.3426981182083223;1.9230769230769231;0.05566666666666661;1.7622748145531617;-0.8333333333333334;0.25;0.23069466882067863;0.632768361581921;-1.3333333333333333;-0.14285714285714285;-0.21296296296296294;0.01670843776106923;-0.75;-0.25;-0.07998704663212432;0.5782887077997674;0.5413004249374237;-1.6666666666666667;-0.6201298701298702;-1.0;-3.6666666666666665;-1.3891481913652277;1.2308123249299718;-0.8571428571428571;1.3333333333333333;-0.576850605652759;1.10484693877551;-0.7857142857142857;0.75;0.7223333333333333;0.2727272727272727;0.5714285714285714;0.2978362324989393;-0.12629474831909873;0.08333333333333333;0.0;0.17708333333333331;-0.23272245528814314;0.36363636363636365;0.545189504373178;-0.04347826086956526;-0.019230769230769232;-0.823252688172043;-0.07407407407407415;0.7;1.0;0.3483621641516378;-0.18181818181818182;-2.6;-1.1818181818181819;0.9616034774209127;-2.1666666666666665;-1.0;-2.6;1.8375690607734807;0.7777777777777778;-0.009713158294126582;0.0;0.0;-0.6130932896890344;0.2;-0.5041666666666667
0.8823529411764706;-1.1428571428571428;0.9935483870967742;0.8823529411764705;1.2527654867256637;-1.6666666666666667;-1.956989247311828;0.19607843137254902;-0.13513513513513514;-2.625;0.9967320261437905;1.43;-0.6619718309859153;0.578125;0.6068376068376068;0.8625877632898696;13;0.6656151419558363;0.34576757532281216;0.6047678795483061;1.5698924731182795;0.803921568627451;0.7;0.8846153846153846;0.86;1.8518518518518519;-1.1428571428571428;0.625;0.625;0.3;-0.4;1.128787878787879;1.5208333333333333;-1.6666666666666667;-1.6666666666666667;-2.0;1.25;-0.5;1.0;-0.1111111111111111;0.6666666666666666;-0.36363636363636365;-0.625;-0.08582834331337327;0.043596202286378546;-0.026973106695395495;0.5324541239724159;1.4068627450980393;0.45652173913043476;0.6111111111111112;0.1858126978216349;0.7446808510638298;-0.39981447124304254;1.9615384615384615;-0.6666666666666666;1.7622748145531617;-0.8333333333333334;0.25;-0.06930533117932139;0.9642184557438794;-1.3333333333333333;-0.14285714285714285;-0.31481481481481477;0.17488164856585914;-0.75;-0.25;-1.2953367875647668;0.3466239813736904;0.5206356598172186;-1.6666666666666667;-0.6201298701298702;-1.0;-3.6666666666666665;-1.8337222870478416;0.35798319327731093;-0.8571428571428571;-1.3333333333333333;-0.7690444145356662;1.1762755102040818;-0.7857142857142857;0.75;-0.8333333333333334;-1.5454545454545454;0.5714285714285714;-0.24756045820958844;0.77394148646193;-1.25;0.0;-0.1949404761904762;0.4477809671009052;-1.0909090909090908;2.3731778425655987;-0.021739130434782532;0.019230769230769232;-0.8373655913978496;-0.07407407407407415;-3.1;-2.4375;1.1073794626426205;-2.090909090909091;0.0;1.1818181818181819;0.8072929244143926;-2.1666666666666665;-1.0;0.0;1.8375690607734807;-3.4444444444444446;1.3648505084231295;0.0;0.0;-0.8019639934533551;0.2;-0.525
0.9411764705882353;-1.1428571428571428;0.9935483870967742;0.9411764705882352;1.364491150442478;-2.0;-2.2580645161290325;0.7254901960784313;0.0;0.625;1.068627450980392;1.441;-0.8169014084507041;0.578125;0.6239316239316239;0.8625877632898696;13;0.7570977917981073;0.3644189383070301;0.6323713927227101;1.724731182795699;0.2549019607843137;0.9;0.75;1.04;1.8888888888888888;-1.1428571428571428;-1.0;0.625;-0.5;-0.8;1.1666666666666667;1.5625;-1.6666666666666667;-1.6666666666666667;-2.0;-0.75;1.0;-2.625;0.8888888888888888;-0.2222222222222222;0.2727272727272727;-0.875;-0.4614105123087159;0.19356713815152116;-0.11467560450083801;0.5908949234425527;1.6750474383301708;0.45652173913043476;0.6111111111111112;0.3323403463042264;0.7446808510638298;-0.4187649085608269;2.076923076923077;-1.3888333333333334;-0.8890851289297068;-0.8333333333333334;-1.375;-0.1846526655896607;1.2097928436911487;-1.3333333333333333;-0.14285714285714285;-0.3657407407407408;0.2740183792815372;-0.75;-0.25;-1.2953367875647668;-0.1362048894062862;0.4259270039001108;-1.8333333333333333;0.08279220779220778;-1.3333333333333333;-3.6666666666666665;-2.1392454297938546;-0.1078431372549019;-0.8571428571428571;-3.6666666666666665;-1.07671601615074;1.2489795918367346;-0.7857142857142857;0.75;-0.5;-1.5454545454545454;0.5714285714285714;-0.21722528638099278;0.7904779211339269;-1.25;0.0;-0.0709325396825397;0.47405608302053437;-1.0909090909090908;0.7900874635568518;-0.5652173913043479;-0.4807692307692307;-0.3813844086021505;-0.5185185185185185;2.4;3.375;1.9470003680529997;-0.5454545454545454;0.0;0.0;0.8072929244143926;-0.0;-1.0;0.0;-0.9270718232044197;2.6666666666666665;1.6222492032174836;-1.0;-0.5;-0.235024549918167;-0.4;-0.5875000000000001
1.0;-1.1428571428571428;0.9935483870967742;0.9999999999999998;1.420353982300885;-1.6666666666666667;-1.4193548387096775;0.6470588235294118;-0.02702702702702703;0.0;1.1405228758169932;1.456;-0.9154929577464788;0.5703125;0.6239316239316239;0.8625877632898696;13;0.791798107255521;0.37446197991391694;0.6574654956085321;1.881720430107527;0.7843137254901961;0.34;0.9423076923076923;1.02;2.037037037037037;-1.1428571428571428;-1.0;-1.0;0.3;-0.1;1.2651515151515151;1.6770833333333333;-2.1666666666666665;-1.6666666666666667;-2.0;-4.0;0.5;0.625;-2.3333333333333335;0.7777777777777778;0.0;-0.75;-0.479707252162342;-0.2578957566363107;-0.17157449525177576;0.5584407994701367;1.467425679949399;0.45652173913043476;0.5925925925925926;0.3587786259541987;0.7446808510638298;-0.4795918367346938;2.076923076923077;-1.3888333333333334;-0.8890851289297068;-0.8333333333333334;-1.375;-0.4846526655896607;1.1747645951035781;-1.3333333333333333;-0.14285714285714285;-0.5055199430199431;0.34920634920634913;-0.75;-0.25;-1.2953367875647668;-0.6199068684516879;0.3162000116421211;-1.9445;0.0;-1.3333333333333333;-3.6666666666666665;-2.0558148580318942;-0.32156862745098036;-0.7142857142857143;-3.6666666666666665;-1.3458950201884254;1.2737244897959186;-0.7857142857142857;0.75;-0.9443333333333334;-1.5454545454545454;0.14285714285714285;-0.24756045820958844;0.7861166636380157;-1.25;0.0;-0.053323412698412696;0.47251048796643846;-1.0909090909090908;1.1195335276967935;-0.04347826086956526;0.4615384615384615;-0.3813844086021505;-0.537037037037037;-0.7;-2.0;1.8930806036069194;1.6363636363636365;0.0;0.0;-1.0053127263945907;-0.0;-1.0;0.0;-0.9270718232044197;-0.7777777777777778;1.422977690089543;0.3333333333333333;0.6666666666666666;-0.1204582651391163;-0.2;-0.6083333333333334
1.0588235294117647;-1.1428571428571428;0.9935483870967742;1.0588235294117645;1.4740044247787611;-2.0;-0.4946236559139785;0.7647058823529411;0.13513513513513514;0.75;1.2124183006535945;1.467;-1.0704225352112677;0.5703125;0.6324786324786325;0.8625877632898696;13;0.8391167192429024;0.4002869440459112;0.6775407779171895;2.0365591397849463;0.7058823529411765;0.88;0.40384615384615385;0.92;2.2962962962962963;-1.1428571428571428;-1.0;-1.0;0.1;-0.6;1.3484848484848484;1.7395833333333333;-2.0;-2.1666666666666665;-2.0;-2.5;1.5;0.0;0.5555555555555556;-2.4444444444444446;-0.5454545454545454;-0.125;-0.10246174318030601;-0.3071110249951558;-0.19375947649828432;0.7467370553629172;-0.35373181530676784;0.9565217391304348;0.6296296296296297;0.37385961645876015;0.7446808510638298;-0.4188974291015106;2.076923076923077;-1.3888333333333334;-0.8890851289297068;-0.8333333333333334;-1.375;-0.7386106623586428;1.0681732580037664;-1.3333333333333333;-0.14285714285714285;-0.5819088319088319;0.4319131161236425;-0.75;-0.25;-1.2953367875647668;-1.135428793170353;0.16240759066301894;-2.1666666666666665;-0.2142857142857143;-1.4444444444444444;-4.333333333333333;-2.194865810968495;-0.23557422969187672;-0.7857142857142857;-4.0;-1.6917900403768507;1.2545918367346938;-0.7857142857142857;0.75;0.5556666666666666;0.36363636363636365;0.2857142857142857;0.08570216376750103;0.8099218608031984;-1.25;0.0;-0.01785714285714286;0.49414881872377997;-1.0909090909090908;0.9620991253644318;-0.04347826086956526;-0.0;-0.39112903225806456;-0.0925925925925926;0.3;0.5625;0.811740890688259;-0.2727272727272727;0.0;0.0;-1.0053127263945907;-0.0;-1.0;0.0;-0.9270718232044197;0.3333333333333333;-0.324935498558203;-0.6666666666666666;-0.5;-0.1204582651391163;0.0;-0.6374999999999996
-0.9411764705882353;5.285714285714286;-0.7032258064516129;-0.9411764705882354;-0.5077433628318584;0.6666666666666666;0.3870967741935484;-0.9411764705882353;0.05405405405405406;0.75;-2.9673202614379086;0.343;1.112676056338028;-2.609375;-2.9743589743589745;0.6248746238716149;14;-2.6719242902208205;-1.067431850789096;-0.44918444165621063;-0.12903225806451613;-0.8823529411764706;-0.82;-0.7115384615384616;-0.48;-0.14814814814814814;5.285714285714286;4.625;4.625;3.5;3.3;-0.44696969696969696;-0.07291666666666667;0.8333333333333334;0.8333333333333334;1.0;1.0;2.0;0.75;0.6666666666666666;0.5555555555555556;0.45454545454545453;0.125;-1.1111111111111114;-1.7763999224956404;-1.4081876945175964;-0.8960922585420968;-0.7250158127767236;-0.8043478260869565;-0.9814814814814815;-1.3837274250605098;-0.48936170212765956;-1.5402862443678766;-0.15384615384615385;6.111166666666667;4.106322854115153;6.666666666666667;4.25;5.931179321486267;4.005649717514124;13.666666666666666;4.428571428571429;6.298967236467237;2.7850181008075747;10.5;2.4166666666666665;1.5670336787564767;0.10283275126115661;-0.6227952732987948;0.8333333333333334;-0.18952922077922082;0.6666666666666666;1.3333333333333333;0.972384286269934;-0.4156862745098039;0.5714285714285714;1.0;1.2882907133243606;-0.48698979591836744;0.6428571428571429;0.5;0.9445;0.9090909090909091;0.2857142857142857;1.2373780229104794;-0.514083227330547;1.0;-0.25;1.3816964285714286;-0.5283727092073306;1.3636363636363635;-0.8338192419825068;-0.5434782608695653;-0.4807692307692307;-0.26276881720430106;-1.4074074074074074;-0.4;0.0625;-0.513986013986014;-0.45454545454545453;-4.0;0.9090909090909091;0.7022458343395314;-5.0;2.125;-2.0;1.6773480662983424;-0.2222222222222222;-0.6812869934739717;-0.5;-0.4166666666666667;-0.22324058919803605;-0.9;8.645833333333334
-0.8823529411764706;2.4285714285714284;-0.5419354838709678;-0.8823529411764707;-0.49557522123893805;0.3333333333333333;0.4118279569892473;-0.9607843137254902;0.10810810810810811;0.25;-2.222222222222222;0.558;0.9295774647887324;-2.609375;-2.9743589743589745;0.5997993981945837;14;-2.6719242902208205;-1.067431850789096;-0.44918444165621063;-0.12903225806451613;-0.8823529411764706;-0.82;-0.7115384615384616;-0.48;-0.14814814814814814;5.285714285714286;4.625;4.625;3.5;3.3;-0.44696969696969696;-0.07291666666666667;0.8333333333333334;0.8333333333333334;1.0;1.0;2.0;0.75;0.6666666666666666;0.5555555555555556;0.45454545454545453;0.125;-1.1111111111111114;-1.7763999224956404;-1.4081876945175964;-0.9058323917871196;-0.7250158127767236;-0.8260869565217391;-0.9814814814814815;-1.3837274250605098;-0.5106382978723404;-1.5402862443678766;-0.19230769230769232;4.444500000000001;4.106322854115153;3.3333333333333335;4.25;4.315670436187398;4.005649717514124;7.0;4.428571428571429;4.518340455840456;2.7850181008075747;5.5;2.4166666666666665;1.5670336787564767;0.10283275126115661;-0.6227952732987948;0.7083333333333334;-0.18952922077922082;0.5;1.3333333333333333;0.8265266433294439;-0.4156862745098039;0.4642857142857143;1.0;1.0864064602960968;-0.48698979591836744;0.5357142857142857;0.5;0.6111666666666666;0.5454545454545454;0.2857142857142857;0.8131098854476029;-0.514083227330547;0.6666666666666666;-0.25;0.8856646825396826;-0.5283727092073306;1.0;-0.2827988338192419;-0.5434782608695653;-0.4807692307692307;-0.26276881720430106;-1.4074074074074074;-0.4;0.0625;-0.513986013986014;-0.45454545454545453;-4.0;0.9090909090909091;0.7022458343395314;-5.0;2.125;-2.0;1.6773480662983424;-0.2222222222222222;-0.6812869934739717;-0.5;-0.4166666666666667;-0.22324058919803605;-0.9;8.645833333333334
-0.8235294117647058;1.0;-0.44516129032258067;-0.8235294117647061;-0.4811946902654867;-0.3333333333333333;0.3946236559139785;-0.9411764705882353;0.08108108108108109;0.0;-1.69281045751634;0.687;0.4647887323943662;-2.609375;-2.9743589743589745;0.5847542627883651;14;-1.9936908517350158;-1.067431850789096;-0.44918444165621063;-0.12903225806451613;-0.9019607843137255;-0.82;-0.7115384615384616;-0.48;-0.14814814814814814;2.4285714285714284;4.625;4.625;3.5;3.3;-0.44696969696969696;-0.07291666666666667;0.5833333333333334;0.8333333333333334;1.0;1.0;2.0;0.25;0.6666666666666666;0.5555555555555556;0.45454545454545453;0.125;-1.2192282102461744;-1.8393722146870763;-1.4341233740323995;-0.9025791872832819;-0.7455724225173941;-0.8260869565217391;-0.9814814814814815;-1.4079314838949915;-0.5106382978723404;-1.5575139146567716;-0.19230769230769232;3.3333333333333335;4.506534793359237;1.6666666666666667;4.25;3.238610662358642;4.432391713747646;3.6666666666666665;4.428571428571429;3.331196581196581;3.100529100529101;3.0;2.4166666666666665;1.9765220207253886;0.34817617384555705;-0.4755806507945746;0.44449999999999995;0.533685064935065;0.05555555555555555;1.3333333333333333;0.5186697782963827;0.0834733893557423;0.17857142857142858;1.0;0.6602960969044416;-0.032397959183673525;0.25;0.5;0.38899999999999996;0.36363636363636365;0.2857142857142857;0.5303351718285956;-0.47283300018171903;0.5;-0.25;0.5550595238095238;-0.4782512695959373;0.8181818181818182;-0.4693877551020403;-1.0869565217391306;-0.4807692307692307;-0.26276881720430106;-1.4074074074074074;-0.2;0.0625;-0.513986013986014;-0.45454545454545453;-2.0;0.9090909090909091;0.7022458343395314;-5.0;0.875;-2.0;1.6773480662983424;-0.2222222222222222;-0.6812869934739717;-1.3333333333333333;-0.4166666666666667;-0.22324058919803605;-0.9;3.9666666666666672
-0.7647058823529411;0.5714285714285714;-0.36774193548387096;-0.7647058823529412;-0.4646017699115044;0.0;0.3870967741935484;-0.8627450980392157;0.10810810810810811;0.0;-1.3169934640522878;0.787;0.2535211267605634;-2.609375;-2.9743589743589745;0.5727181544633901;14;-1.586750788643533;-1.067431850789096;-0.44918444165621063;-0.12903225806451613;-0.8823529411764706;-0.84;-0.7115384615384616;-0.48;-0.14814814814814814;1.0;2.125;4.625;3.5;3.3;-0.44696969696969696;-0.07291666666666667;-0.08333333333333333;0.5833333333333334;1.0;1.0;2.0;0.0;0.2222222222222222;0.5555555555555556;0.45454545454545453;0.125;-0.758150365934797;-1.5185041658593297;-1.3019711116431252;-0.8766119920520512;-0.41840607210626185;-0.8260869565217391;-0.9074074074074074;-1.1025879724446097;-0.5106382978723404;-1.3401802279353296;-0.19230769230769232;1.4999999999999998;1.515365595196044;1.1666666666666667;1.75;2.5789983844911144;4.294161958568738;2.6666666666666665;4.428571428571429;2.604166666666667;2.998329156223893;2.25;2.4166666666666665;0.895077720207254;0.5619906868451691;-0.34728447523138695;0.18883333333333333;0.23133116883116878;0.05555555555555555;0.8333333333333334;0.4084014002333723;0.010644257703081304;0.17857142857142858;1.0;0.5076716016150741;-0.09872448979591837;0.25;0.5;0.05566666666666667;0.36363636363636365;-0.2857142857142857;0.3888417479847263;-0.514083227330547;0.5;-0.25;0.3896329365079365;-0.5283727092073306;0.8181818181818182;-0.4693877551020403;-0.021739130434782532;0.9423076923076923;-0.033602150537634295;-0.9629629629629629;0.1;0.125;-0.4124953993375046;0.0;-0.6;0.6363636363636364;1.0579570152137165;-2.1666666666666665;0.5;-0.6;1.5801104972375692;0.1111111111111111;-0.3870086507816057;0.3;0.8166666666666668;0.0;-0.42000000000000004;2.566666666666667
-0.7058823529411765;0.7142857142857143;-0.2838709677419355;-0.7058823529411765;-0.4452433628318584;-0.3333333333333333;0.35161290322580646;-0.7450980392156863;0.1891891891891892;0.375;-1.0294117647058825;0.839;-0.25352112676056326;-2.609375;-2.9743589743589745;0.559679037111334;14;-1.2712933753943216;-1.067431850789096;-0.44918444165621063;-0.12903225806451613;-0.803921568627451;-0.82;-0.7307692307692307;-0.48;-0.14814814814814814;0.5714285714285714;0.875;2.125;3.5;3.3;-0.44696969696969696;-0.07291666666666667;0.06666666666666667;-0.08333333333333333;0.7;1.0;2.0;0.0;0.0;0.1111111111111111;0.45454545454545453;0.125;-0.44710578842315374;-1.3330749854679327;-1.2256005107333812;-0.805177854833054;-0.04095509171410491;-0.8043478260869565;-0.7962962962962963;-0.666170173152113;-0.5106382978723404;-1.0295520805724887;-0.19230769230769232;0.8333333333333334;-0.3493465206640763;1.1666666666666667;0.5;2.215508885298869;3.8979284369114873;2.6666666666666665;4.428571428571429;2.203525641025641;2.7053745474798108;2.25;2.4166666666666665;0.7291126943005182;0.8273185875048509;-0.18807846789685068;-0.06666666666666665;-0.3137175324675325;-0.01111111111111112;-0.19999999999999998;0.2839362115908207;0.031092436974789972;0.1357142857142857;1.0;0.3353970390309556;-0.08010204081632655;0.20714285714285713;0.5;0.11116666666666668;0.36363636363636365;-0.14285714285714285;0.431268561731014;-0.5755042703979647;0.5;-0.25;0.43923611111111116;-0.6030028703908147;0.8181818181818182;-0.9416909620991253;-0.5434782608695653;-0.4615384615384615;-0.033602150537634295;-0.49999999999999994;0.3;0.0625;-0.4124953993375046;0.45454545454545453;0.2;0.36363636363636365;0.33929002656363183;-0.3333333333333333;0.625;0.2;-0.36427255985267026;0.3333333333333333;-0.024738200030353524;-0.5;-0.39999999999999997;0.0;0.08;1.7958333333333332
-0.6470588235294118;-0.2857142857142857;-0.24516129032258063;-0.6470588235294118;-0.42367256637168144;-0.6666666666666666;0.3;-0.7254901960784313;0.21621621621621623;0.125;-0.8169934640522878;0.882;-0.5633802816901408;-2.609375;-2.9743589743589745;0.5536609829488466;14;-1.107255520504732;-1.067431850789096;-0.44918444165621063;-0.12903225806451613;-0.6862745098039216;-0.74;-0.7115384615384616;-0.48;-0.14814814814814814;0.7142857142857143;0.5;0.875;3.5;3.3;-0.44696969696969696;-0.07291666666666667;-0.18333333333333335;0.06666666666666667;-0.1;1.0;2.0;0.375;0.0;-0.1111111111111111;0.45454545454545453;0.125;-0.8842315369261478;-1.1815539624103857;-1.1631952757162238;-0.733763197880547;-0.23814041745730546;-0.717391304347826;-0.7777777777777778;-0.5231800409607148;-0.5106382978723404;-0.9277763053273257;-0.19230769230769232;0.3333333333333333;0.4482515012363123;0.16666666666666666;0.25;1.7846526655896604;3.95593220338983;0.6666666666666666;4.428571428571429;1.7286324786324785;2.748259537733222;0.75;2.4166666666666665;0.2773639896373056;0.9643965851765621;-0.10582688165783792;-0.18883333333333333;0.008928571428571437;-0.1888888888888889;-0.19999999999999998;0.14916374951380787;0.10504201680672268;0.021428571428571415;1.0;0.14885598923283985;-0.012755102040816394;0.09285714285714285;0.5;0.16666666666666666;0.36363636363636365;-0.14285714285714285;0.3888417479847263;-0.6136652734871888;0.5;-0.25;0.3896329365079365;-0.6493707220136896;0.8181818181818182;-0.8163265306122444;-0.5652173913043479;-0.019230769230769232;-0.3813844086021505;-0.9629629629629629;-0.2;-0.375;-0.4124953993375046;0.18181818181818182;-1.4;-0.7272727272727273;-0.03936247283264918;-1.0;-0.25;-1.4;0.46740331491712706;-0.2222222222222222;-0.21399301866747603;-0.5333333333333333;-0.016666666666666666;-0.33878887070376434;-0.42000000000000004;1.4666666666666666
-0.5882352941176471;0.5714285714285714;-0.16774193548387098;-0.6787330316742082;-0.40154867256637167;-0.6666666666666666;0.289247311827957;-0.6470588235294118;0.32432432432432434;0.25;-0.6535947712418305;0.919;-0.7464788732394365;-0.5;-0.02564102564102564;0.5416248746238717;14;-0.9716088328075709;-1.067431850789096;-0.44918444165621063;-0.12903225806451613;-0.6666666666666666;-0.62;-0.6346153846153846;-0.48;-0.14814814814814814;-0.2857142857142857;0.625;0.5;3.5;3.3;-0.44696969696969696;-0.07291666666666667;-0.45;-0.18333333333333335;0.08;1.0;2.0;0.125;0.3333333333333333;-0.1111111111111111;0.45454545454545453;0.125;-0.4434464404524285;-0.9166828134082543;-1.0541058175724205;-0.6623290606615498;-0.41840607210626185;-0.5869565217391305;-0.7037037037037037;-0.3239620182461365;-0.5106382978723404;-0.7859793267956532;-0.19230769230769232;0.3333333333333333;0.4482515012363123;0.16666666666666666;0.25;1.6155088852988693;3.607909604519774;0.6666666666666666;4.428571428571429;1.542200854700855;2.4909495962127544;0.75;2.4166666666666665;0.18863341968911904;1.1759798214978658;0.021130449967984136;-0.36116666666666664;-0.24512987012987011;-0.1888888888888889;-0.7000000000000001;0.05270322831583042;0.11904761904761911;0.021428571428571415;1.0;0.015343203230148064;0.0;0.09285714285714285;0.5;0.2778333333333333;0.45454545454545453;-0.14285714285714285;0.3888417479847263;-0.6496456478284572;0.5;-0.25;0.3896329365079365;-0.6930889821152573;0.8181818181818182;-0.7667638483965012;0.0;0.5;-0.36189516129032256;-0.49999999999999994;0.1;0.125;-0.4124953993375046;0.0;1.2;1.1818181818181819;0.5781212267568221;-0.16666666666666666;0.5;1.2;0.46740331491712706;0.1111111111111111;-0.3870086507816057;0.0;0.26666666666666666;-0.5086743044189853;-0.12000000000000002;1.2249999999999996
-0.5294117647058824;0.42857142857142855;-0.0967741935483871;-0.5294117647058825;-0.37389380530973454;0.0;0.22365591397849463;-0.5490196078431373;0.35135135135135137;0.375;-0.5261437908496732;0.946;-0.9154929577464788;-0.515625;-0.02564102564102564;0.5305917753259779;14;-0.8548895899053627;-1.067431850789096;-0.44918444165621063;-0.12903225806451613;-0.5882352941176471;-0.6;-0.5192307692307693;-0.48;-0.14814814814814814;0.5714285714285714;-0.25;0.625;3.5;3.3;-0.44696969696969696;-0.07291666666666667;-0.45;-0.45;-0.22000000000000003;1.0;2.0;0.25;0.1111111111111111;0.2222222222222222;0.45454545454545453;0.125;-0.052561543579507486;-0.6944390621972486;-0.9293751496289203;-0.5974013324502279;-0.12381404174573048;-0.5652173913043478;-0.6111111111111112;-0.06181344256190634;-0.5106382978723404;-0.5979326795653326;-0.19230769230769232;0.22233333333333327;0.24655598728364533;0.16666666666666666;0.125;0.8308562197092084;0.862900188323917;0.6666666666666666;1.5714285714285714;1.379985754985755;2.296017822333612;0.75;2.4166666666666665;0.5673575129533678;0.7328288707799769;0.1634553815705221;-0.28883333333333333;0.05925324675324672;-0.1888888888888889;-0.26666666666666666;-0.08051341890315052;-0.11540616246498596;0.021428571428571415;0.5;0.012920592193808894;-0.056122448979591885;0.09285714285714285;0.5;0.2778333333333333;0.45454545454545453;-0.14285714285714285;0.2978362324989393;-0.7968380883154642;0.5;-0.625;0.42063492063492064;-0.7202472952086554;0.8181818181818182;-0.8192419825072884;-0.021739130434782532;-0.019230769230769232;-0.36189516129032256;-0.03703703703703691;0.2;0.0;-0.45252116304747886;0.36363636363636365;-0.2;-0.6363636363636364;0.5658053610239072;0.8333333333333334;0.375;-0.2;0.2570902394106814;0.2222222222222222;-0.10426468356351486;0.9666666666666667;0.48333333333333334;-0.05531914893617022;0.78;1.0333333333333339
-0.47058823529411764;-0.7142857142857143;-0.07741935483870968;-0.47058823529411775;-0.34513274336283184;0.0;0.24086021505376343;-0.49019607843137253;0.40540540540540543;0.25;-0.42483660130718987;0.988;-0.76056338028169;-0.46875;-0.05128205128205128;0.5275827482447342;14;-0.7697160883280758;-0.7589670014347201;-0.44918444165621063;-0.12903225806451613;-0.49019607843137253;-0.52;-0.5;-0.5;-0.14814814814814814;0.42857142857142855;0.5;-0.25;1.5;3.3;-0.25757575757575757;-0.07291666666666667;0.033333333333333326;-0.45;-0.54;0.625;2.0;0.375;0.2222222222222222;0.0;0.09090909090909091;0.125;0.7907518296739857;-0.19240457275721767;-0.7114356396137579;-0.5194802664900455;-0.19781783681214413;-0.4782608695652174;-0.5555555555555556;0.017873766523924795;-0.48936170212765956;-0.44420885237211766;-0.19230769230769232;0.05566666666666661;0.8534086895090074;-0.3333333333333333;0.125;0.32310177705977383;0.2726930320150658;-0.3333333333333333;0.14285714285714285;1.0956196581196582;2.338345864661654;0.0;2.4166666666666665;-0.10184585492227972;0.44712844392704715;0.24227254205716295;-0.02783333333333334;0.34212662337662336;-0.1888888888888889;0.3333333333333333;-0.12232594321275769;-0.2347338935574229;0.021428571428571415;0.0;0.06514131897711979;-0.08494897959183678;0.09285714285714285;0.5;0.3333333333333333;0.5454545454545454;-0.14285714285714285;0.2978362324989393;-0.7968380883154642;0.5;-0.625;0.41716269841269843;-0.7480680061823802;0.8181818181818182;-0.3790087463556849;1.0434782608695654;0.9423076923076923;0.08434139784946248;0.8518518518518519;0.0;-0.1875;-0.5520794994479205;0.2727272727272727;-1.6;-0.6363636363636364;0.685100217338807;-1.5;-0.625;-1.6;0.8898710865561693;0.0;-0.1752921535893154;0.6;-0.18333333333333335;-0.3227495908346973;1.1400000000000001;0.9041666666666666
-0.4117647058823529;-0.2857142857142857;-0.03870967741935484;-0.41176470588235303;-0.31194690265486724;0.0;0.1989247311827957;-0.43137254901960786;0.43243243243243246;0.125;-0.32679738562091526;1.019;-0.7464788732394365;-0.4140625;-0.042735042735042736;0.5215646940822467;14;-0.6372239747634069;-0.5738880918220945;-0.44918444165621063;-0.12903225806451613;-0.43137254901960786;-0.42;-0.4230769230769231;-0.48;-0.14814814814814814;-0.7142857142857143;0.375;0.5;0.5;3.3;-0.14393939393939395;-0.07291666666666667;0.3333333333333333;0.033333333333333326;-0.54;-0.375;2.0;0.25;0.3333333333333333;0.1111111111111111;-0.09090909090909091;0.125;0.46340652029274815;-0.05057159465219904;-0.5732982204133749;-0.4480461292710484;-0.36242884250474383;-0.3695652173913043;-0.5;-0.05380748463973183;-0.40425531914893614;-0.30758017492711365;-0.19230769230769232;-0.27766666666666673;0.5383256799717416;-0.3333333333333333;0.0;0.11534733441033931;0.15404896421845565;-0.3333333333333333;-0.14285714285714285;0.9214743589743591;2.2492341966026177;0.0;2.4166666666666665;-0.553270725388601;0.2068296468762128;0.3124163222539147;0.20550000000000002;-0.24310064935064934;0.13333333333333333;0.3333333333333333;-0.06670556203811746;-0.18375350140056018;0.021428571428571415;0.0;0.09313593539703904;-0.11785714285714291;0.09285714285714285;0.5;0.2778333333333333;0.45454545454545453;-0.14285714285714285;0.32817140432753494;-0.8257314192258769;0.5;-0.625;0.3896329365079365;-0.7633031574298962;0.8181818181818182;-0.4606413994169094;-0.5434782608695653;-1.4038461538461537;0.39348118279569905;0.40740740740740766;0.0;-0.0625;-0.5378174457121825;0.09090909090909091;0.6;1.0;0.33929002656363183;-0.8333333333333334;-0.25;0.6;0.5613259668508288;0.0;-0.333282743967218;-0.16666666666666666;-0.3833333333333333;-0.23404255319148937;0.45999999999999996;0.7166666666666669
-0.35294117647058826;-0.14285714285714285;0.0064516129032258064;-0.35294117647058837;-0.2771017699115044;0.0;0.20430107526881722;-0.35294117647058826;0.43243243243243246;0.125;-0.2614379084967322;1.05;-0.5915492957746479;-0.3515625;-0.017094017094017096;0.5145436308926781;14;-0.5394321766561516;-0.4304160688665709;-0.44918444165621063;-0.12903225806451613;-0.37254901960784315;-0.36;-0.3269230769230769;-0.4;-0.14814814814814814;-0.2857142857142857;-0.625;0.375;0.2;3.3;-0.05303030303030303;-0.07291666666666667;0.25;0.3333333333333333;0.039999999999999994;-0.15;2.0;0.125;0.2222222222222222;0.2222222222222222;-0.09090909090909091;0.125;0.013306719893546256;0.2247626428986631;-0.40651185061048606;-0.3831184010597265;-0.28146742567994937;-0.30434782608695654;-0.42592592592592593;-0.09849190094954366;-0.2765957446808511;-0.16021733368672136;-0.19230769230769232;-0.5;-0.15365595196043802;-0.3333333333333333;-0.5;0.0;0.08361581920903953;-0.3333333333333333;-0.14285714285714285;0.7952279202279201;2.140629351155667;0.0;2.4166666666666665;-0.24190414507772015;0.002425300737291631;0.38605273880901103;0.3;-0.5125811688311688;0.2777777777777778;0.3333333333333333;-0.025087514585764296;-0.13445378151260504;0.021428571428571415;0.0;0.12597577388963663;-0.14209183673469397;0.09285714285714285;0.5;0.16666666666666666;0.45454545454545453;-0.2857142857142857;0.35850657615613063;-0.8644375795020897;0.5833333333333334;-0.625;0.36706349206349204;-0.7774343122102009;0.8181818181818182;-0.31486880466472267;0.5217391304347827;0.9423076923076923;0.39348118279569905;-0.03703703703703691;0.1;0.0;-0.5910011041589989;0.18181818181818182;0.2;-0.18181818181818182;0.40956290751026314;0.6666666666666666;-0.125;0.2;-0.16022099447513813;0.1111111111111111;-0.25557747761420546;0.13333333333333333;0.15;-0.4225859247135843;0.18;0.5875000000000001
-0.29411764705882354;-0.14285714285714285;0.05161290322580645;-0.2941176470588236;-0.23783185840707965;0.0;0.17419354838709677;-0.37254901960784315;0.2972972972972973;-0.625;-0.19607843137254916;1.087;-0.352112676056338;-0.2890625;-0.042735042735042736;0.5075225677031093;14;-0.44164037854889565;-0.3558106169296987;-0.44918444165621063;-0.12903225806451613;-0.29411764705882354;-0.3;-0.2692307692307692;-0.28;-0.14814814814814814;-0.14285714285714285;-0.25;-0.625;0.3;3.3;0.045454545454545456;-0.07291666666666667;0.31666666666666665;0.25;0.4;-0.525;2.0;0.125;0.1111111111111111;0.1111111111111111;0.18181818181818182;0.125;0.3606121091151034;0.3602015113350126;-0.25640411778788613;-0.34415786807963533;-0.5075901328273245;-0.2391304347826087;-0.42592592592592593;-0.19009495438465815;-0.2553191489361702;-0.09422210442618609;-0.19230769230769232;-0.27766666666666673;-0.6852702225362063;0.16666666666666666;-0.5;-0.13844911147011296;-0.15291902071563093;-0.3333333333333333;-0.2857142857142857;0.6899928774928775;2.03842940685046;0.0;2.4166666666666665;-0.16191709844559585;-0.08663174233604956;0.46324000232842427;0.28883333333333333;-0.5357142857142857;0.2777777777777778;0.3;0.05562038117464023;-0.11708683473389359;0.021428571428571415;0.0;0.15100942126514133;-0.16505102040816333;0.09285714285714285;0.5;-0.22216666666666665;-0.09090909090909091;-0.42857142857142855;0.1160373355960967;-0.5504270397964747;0.08333333333333333;-0.625;0.2242063492063492;-0.585338926915434;0.36363636363636365;0.05247813411078722;-0.021739130434782532;-0.4807692307692307;-0.033602150537634295;0.40740740740740766;-0.4;-0.375;-0.4006256900993743;-0.18181818181818182;0.0;-0.09090909090909091;-0.636319729533929;0.16666666666666666;-0.125;0.0;-0.714548802946593;-0.4444444444444444;-0.4726058582485961;-0.03333333333333333;-0.08333333333333333;-0.6543371522094926;0.26;0.4666666666666666
-0.23529411764705882;-0.2857142857142857;0.09032258064516129;-0.22624434389140283;-0.19469026548672566;0.3333333333333333;0.14946236559139783;-0.17647058823529413;0.32432432432432434;0.375;-0.14052287581699394;1.11;-0.2676056338028168;-0.2265625;0.02564102564102564;0.5015045135406219;14;-0.3249211356466877;-0.29411764705882343;-0.44918444165621063;-0.12903225806451613;-0.3137254901960784;-0.22;-0.21153846153846154;-0.26;-0.14814814814814814;-0.14285714285714285;-0.125;-0.25;-0.4;3.3;0.09090909090909091;-0.07291666666666667;0.3;0.31666666666666665;0.3;-0.925;2.0;-0.625;0.1111111111111111;0.0;0.0;0.125;0.3606121091151034;0.4316992830846735;-0.08794190407788686;-0.2597303931117777;0.03415559772296018;-0.17391304347826086;-0.25925925925925924;-0.07317073170731686;-0.1702127659574468;0.10469122714020661;-0.19230769230769232;-0.27766666666666673;-0.6852702225362063;0.16666666666666666;-0.5;-0.13844911147011296;-0.15291902071563093;-0.3333333333333333;-0.2857142857142857;0.5872507122507123;1.957115009746589;0.0;2.4166666666666665;-0.24190414507772015;-0.2650368645712068;0.5377495779731069;0.43883333333333335;-0.06899350649350647;0.3111111111111111;1.0666666666666667;0.2471800855698172;-0.12128851540616241;0.021428571428571415;0.7333333333333334;0.2218034993270525;-0.14056122448979597;0.09285714285714285;0.5;-0.111;-0.09090909090909091;-0.14285714285714285;0.17670767925328806;-0.5248046520079956;0.08333333333333333;-0.625;0.2562003968253968;-0.5999116802826231;0.36363636363636365;-0.27405247813411043;0.5217391304347827;0.4807692307692307;-0.3719758064516129;0.40740740740740766;0.7;0.625;-0.13728376886271623;0.36363636363636365;-0.2;-0.09090909090909091;-0.7638251630041053;-0.16666666666666666;-0.25;-0.2;-0.714548802946593;0.7777777777777778;0.04735164668386709;0.7999999999999999;0.4166666666666667;-0.36890343698854344;0.6599999999999999;0.33333333333333365
-0.17647058823529413;-0.8571428571428571;0.1032258064516129;-0.17647058823529418;-0.14823008849557523;0.3333333333333333;0.11075268817204302;-0.058823529411764705;0.43243243243243246;0.5;-0.06862745098039257;1.124;-0.38028169014084506;-0.1640625;0.11965811965811966;0.49949849548645936;14;-0.2523659305993686;-0.24103299856527965;-0.44918444165621063;-0.12903225806451613;-0.11764705882352941;-0.24;-0.1346153846153846;-0.18;-0.14814814814814814;-0.2857142857142857;-0.125;-0.125;0.2;3.3;0.18181818181818182;-0.07291666666666667;0.7000000000000001;0.3;0.38;-0.925;2.0;0.375;-0.5555555555555556;0.0;0.09090909090909091;0.125;0.37624750499002013;0.400697539236582;0.06543771446811908;-0.1623290606615498;0.4413345983554713;-0.17391304347826086;-0.14814814814814814;0.13498417426922385;-0.06382978723404255;0.32984362576199316;-0.19230769230769232;-0.5555;0.045566937477922995;-0.5;-0.5;-0.3693053311793214;-0.21205273069679853;-0.6666666666666666;-0.42857142857142855;0.4483618233618235;1.9437482595377336;-0.25;2.4166666666666665;-0.6212759067357513;-0.4128831975164919;0.5890331218347984;0.5666666666666667;-0.057629870129870184;0.3111111111111111;1.0666666666666667;0.4389342668222481;-0.3044817927170868;0.2285714285714286;0.7333333333333334;0.28263795423956933;-0.12678571428571436;0.09285714285714285;0.5;0.05566666666666667;-0.09090909090909091;0.0;0.2373780229104794;-0.4857350536071234;0.08333333333333333;-0.5;0.3010912698412698;-0.6010156767498344;0.36363636363636365;-0.3994169096209907;0.0;-0.4615384615384615;-0.3813844086021505;0.4259259259259261;0.3;-0.3125;-0.13176297386823707;1.0;-0.8;-0.2727272727272727;-0.5025356194156002;-0.8333333333333334;-0.75;-0.8;0.047513812154696126;0.3333333333333333;0.438154499924116;0.0;-0.39999999999999997;-0.33878887070376434;0.6799999999999999;0.25416666666666693
-0.11764705882352941;-0.2857142857142857;0.14193548387096774;-0.11764705882352952;-0.10176991150442478;0.6666666666666666;0.15161290322580648;0.0196078431372549;0.5405405405405406;0.5;-0.032679738562091526;1.14;-0.30985915492957744;-0.109375;0.21367521367521367;0.4934804413239719;14;-0.208201892744479;-0.20229555236728838;-0.44918444165621063;-0.12903225806451613;0.0;-0.04;-0.15384615384615385;-0.08;-0.14814814814814814;-0.8571428571428571;-0.25;-0.125;0.1;3.3;0.26515151515151514;-0.07291666666666667;0.7000000000000001;0.7000000000000001;0.36;-0.2;2.0;0.5;0.3333333333333333;-0.6666666666666666;0.18181818181818182;0.125;0.37624750499002013;0.3656268165084287;0.1907269970473224;-0.032473604238906016;-0.04095509171410491;0.043478260869565216;-0.07407407407407407;0.33978774902252856;0.0;0.48621786376888415;-0.19230769230769232;-0.6110000000000001;-0.07347227128223234;-0.5;-0.625;-0.4846526655896607;-0.5766478342749529;-0.6666666666666666;-1.0;-0.04772079772079785;0.4981899192425508;-0.25;0.75;-0.6212759067357513;-0.4128831975164919;0.2936142965248268;0.7778333333333333;-0.2922077922077922;0.5777777777777778;1.5333333333333332;0.589070400622326;-0.2621848739495798;0.32142857142857145;1.2;0.29421265141318975;-0.10790816326530614;0.09285714285714285;0.6499999999999999;0.5556666666666666;0.6363636363636364;0.0;0.26771319473907507;-0.46447392331455567;0.08333333333333333;-0.5;0.265625;-0.6495915213071318;0.36363636363636365;-0.2973760932944603;0.5217391304347827;0.4615384615384615;-0.39112903225806456;0.4259259259259261;0.1;-0.1875;-0.3629922708870077;0.45454545454545453;0.8;0.7272727272727273;-0.02946148273363919;-0.0;-0.25;0.8;-0.07661141804788203;0.1111111111111111;-0.024738200030353524;0.4666666666666666;0.2333333333333333;-0.407201309328969;0.48;0.20833333333333354
-0.058823529411764705;-0.7142857142857143;0.16129032258064516;-0.0542986425339367;-0.05254424778761062;0.0;0.16559139784946236;0.0196078431372549;0.5945945945945946;0.125;0.0;1.156;-0.22535211267605623;-0.0546875;0.2905982905982906;0.49047141424272817;14;-0.15772870662460584;-0.1420373027259684;-0.17942283563362593;-0.07526881720430108;0.0784313725490196;0.08;0.038461538461538464;-0.02;-0.18518518518518517;-0.2857142857142857;-0.75;-0.25;-0.7;1.3;0.2878787878787879;0.1875;0.9333333333333332;0.7000000000000001;0.8400000000000001;0.25;1.25;0.5;0.4444444444444444;0.2222222222222222;0.09090909090909091;-0.375;0.0;0.3631079248207713;0.2666187854121776;0.032473604238906016;-0.47169512966476906;0.17391304347826086;-0.07407407407407407;0.31651461552783483;0.06382978723404255;0.5109992048767558;-0.15384615384615385;-0.7776666666666667;-0.15365595196043802;-0.5;-0.625;-0.4846526655896607;-0.5766478342749529;-0.6666666666666666;-1.0;-0.32745726495726507;-0.01197438039543307;-0.25;-0.08333333333333333;-0.553270725388601;-0.5292006208769886;0.09872518772920434;0.6555;0.1164772727272727;0.3333333333333333;1.5333333333333332;0.589070400622326;-0.2621848739495798;0.32142857142857145;1.2;0.26541049798115746;-0.12551020408163266;0.09285714285714285;0.6499999999999999;0.44449999999999995;0.45454545454545453;0.0;0.2373780229104794;-0.46574595675086317;0.08333333333333333;-0.5;0.24801587301587302;-0.6500331198940164;0.36363636363636365;-0.1953352769679299;-0.5652173913043479;-0.9615384615384615;-0.01646505376344084;-0.055555555555555365;-0.3;-0.3125;-0.3629922708870077;-0.09090909090909091;-0.6;-0.6363636363636364;0.047331562424535074;0.16666666666666666;-0.625;-0.6;-0.16022099447513813;-0.3333333333333333;-0.43815449992411587;-1.2;-0.8333333333333334;0.042225859247135844;-0.24000000000000005;0.1541666666666668
0.0;-0.5714285714285714;0.1870967741935484;0.0;0.0;0.3333333333333333;0.1935483870967742;0.09803921568627451;0.6486486486486487;0.25;0.032679738562091526;1.173;-0.1267605633802817;0.0;0.36752136752136755;0.4864593781344032;14;-0.10725552050473197;-0.09756097560975617;-0.017565872020075157;-0.07526881720430108;0.0784313725490196;0.16;0.15384615384615385;0.04;-0.14814814814814814;-0.7142857142857143;-0.25;-0.75;-0.4;0.3;0.3333333333333333;0.34375;0.3333333333333333;0.9333333333333332;0.8400000000000001;0.125;-0.75;0.125;0.4444444444444444;0.3333333333333333;0.0;-0.625;0.0;0.2863786087967448;0.3220812385284493;0.08440799470136748;-0.47169512966476906;0.2608695652173913;0.0;0.267175572519084;0.1276595744680851;0.49787967134905897;0.0;-0.6666666666666666;-0.3493465206640763;-0.3333333333333333;-0.625;-0.5308562197092083;-0.567608286252354;-0.6666666666666666;-1.0;-0.4674145299145299;-0.14035087719298248;-0.25;-0.25;-0.7266839378238341;-0.6601668606907255;-0.06298387566214547;0.6111666666666666;0.1164772727272727;0.3333333333333333;1.5333333333333332;0.6417736289381564;-0.3033613445378151;0.34285714285714286;1.2;0.34051144010767165;-0.12219387755102043;0.09285714285714285;0.6499999999999999;0.3333333333333333;0.45454545454545453;0.0;0.26771319473907507;-0.46447392331455567;0.08333333333333333;-0.5;0.283234126984127;-0.6575402958710532;0.36363636363636365;-0.11078717201166127;0.5217391304347827;0.9615384615384615;0.11323924731182804;-0.055555555555555365;0.1;0.1875;-0.4316341553183658;-0.09090909090909091;0.2;0.36363636363636365;-0.15720840376720605;-0.3333333333333333;-0.5;0.2;-0.36427255985267026;0.1111111111111111;-0.43815449992411587;0.4666666666666666;0.8333333333333334;0.14304418985270043;-0.24000000000000005;0.10416666666666677
0.058823529411764705;0.42857142857142855;0.25806451612903225;0.058823529411764656;0.05530973451327434;0.3333333333333333;0.24516129032258066;0.21568627450980393;0.7837837837837838;0.625;0.06535947712418305;1.187;-0.07042253521126757;0.0703125;0.452991452991453;0.4754262788365095;14;-0.05362776025236564;-0.05308464849354364;0.10790464240903395;0.0301075268817204;0.1568627450980392;0.16;0.23076923076923078;0.12;0.0;-0.5714285714285714;-0.625;-0.25;-0.3;0.0;0.38636363636363635;0.46875;0.5666666666666667;0.3333333333333333;1.1199999999999999;0.225;-0.3;0.25;0.1111111111111111;0.3333333333333333;0.0;-0.625;0.7791084497671328;0.36620809920558045;0.39382331817093597;0.14935520317917952;-0.04095509171410491;0.2608695652173913;0.1111111111111111;0.30701917706199977;0.1276595744680851;0.5238536973230852;0.23076923076923078;-0.38883333333333336;0.6506534793359238;-0.3333333333333333;0.0;-0.43861066235864293;-0.19397363465160078;-0.6666666666666666;-0.42857142857142855;-0.48005698005698005;-0.1673628515733779;-0.25;-0.25;-0.037726683937823774;-0.5809080325960417;-0.16217474823912903;0.5721666666666666;-0.03165584415584419;0.3333333333333333;1.3;0.7252042007001168;-0.3145658263305322;0.34285714285714286;1.2;0.42691790040376854;-0.08724489795918369;0.09285714285714285;0.6499999999999999;0.38899999999999996;0.45454545454545453;0.14285714285714285;0.3888417479847263;-0.4161366527348719;0.08333333333333333;-0.375;0.37202380952380953;-0.6297195848973283;0.36363636363636365;-0.13119533527696772;0.5434782608695653;0.019230769230769232;0.12298387096774199;0.8888888888888891;0.3;0.0625;-0.3629922708870077;0.45454545454545453;1.4;0.5454545454545454;0.2100941801497223;1.3333333333333333;0.375;1.4;0.6784530386740331;0.3333333333333333;-0.024738200030353524;0.5;0.016666666666666666;0.15253682487725032;0.78;0.05416666666666672
0.11764705882352941;-0.2857142857142857;0.2967741935483871;0.11764705882352931;0.11393805309734513;0.6666666666666666;0.2860215053763441;0.3333333333333333;0.972972972972973;1.0;0.09803921568627386;1.196;-0.0845070422535211;0.34375;0.5641025641025641;0.46940822467402205;14;-0.009463722397476;0.0;0.17314930991217062;0.08387096774193545;0.27450980392156865;0.24;0.23076923076923078;0.1;0.2222222222222222;0.42857142857142855;-0.5;-0.625;-0.3;0.1;0.4393939393939394;0.6041666666666666;0.8166666666666668;0.5666666666666667;0.4;0.2;-1.05;0.625;0.2222222222222222;0.0;-0.5454545454545454;-0.25;0.3782435129740521;0.3282309629916685;0.42941505067432767;0.2532434643705926;0.11195445920303608;0.34782608695652173;0.2222222222222222;0.09960901135728917;0.3404255319148936;0.6188709249933738;0.2692307692307692;-0.2221666666666667;0.38466972801130345;-0.16666666666666666;0.0;-0.4615508885298868;-0.21506591337099817;-0.6666666666666666;-0.42857142857142855;-0.569088319088319;-0.2951824004455584;-0.25;-0.3333333333333333;0.1007124352331606;-0.4563445867287543;-0.21363292391873787;0.7833333333333333;-0.12824675324675328;0.48888888888888893;1.5999999999999999;0.8362504861921431;-0.3436974789915966;0.35714285714285715;1.2666666666666666;0.5596231493943472;-0.0716836734693878;0.09285714285714285;0.7;0.7778333333333333;0.5454545454545454;0.5714285714285714;0.7827747136190072;-0.6158459022351445;0.5833333333333334;0.0;0.46056547619047616;-0.5197615367630823;0.36363636363636365;-0.23906705539358558;-0.021739130434782532;-0.5;-0.36189516129032256;0.4259259259259261;0.3;-0.0625;-0.5378174457121825;0.6363636363636364;-1.0;-1.0909090909090908;0.4436126539483216;0.3333333333333333;-0.25;-1.0;0.40110497237569054;0.3333333333333333;0.12202155106996512;0.3;-0.09999999999999999;-0.6968903436988543;0.6799999999999999;0.008333333333333342
0.17647058823529413;0.0;0.34838709677419355;0.17647058823529396;0.17699115044247787;0.0;0.2924731182795699;0.27450980392156865;1.5945945945945945;0.25;0.14052287581699321;1.212;-0.0422535211267605;0.3828125;0.6239316239316239;0.46138415245737213;14;0.018927444794952702;0.03299856527977063;0.2271016311166876;0.13548387096774187;0.39215686274509803;0.36;0.3076923076923077;0.3;0.25925925925925924;-0.2857142857142857;0.375;-0.5;-0.4;-0.6;0.48484848484848486;0.6666666666666666;0.9666666666666667;0.8166666666666668;0.6799999999999999;0.8;-1.85;1.0;0.5555555555555556;0.1111111111111111;0.18181818181818182;-0.5;-0.052561543579507486;0.3295872892850224;0.42486633149788505;0.31168426384072934;-0.36242884250474383;0.4782608695652174;0.2222222222222222;-0.11431763172593538;0.46808510638297873;0.558043996819507;0.4230769230769231;0.0;0.0;0.16666666666666666;0.0;-0.415508885298869;-0.15555555555555564;-0.6666666666666666;-0.42857142857142855;-0.5438034188034189;-0.28822055137844615;-0.25;-0.3333333333333333;-0.15803108808290156;-0.2697904540162979;-0.2596193026369403;0.75;0.004464285714285673;0.4222222222222222;1.5999999999999999;0.7973551147413458;-0.3106442577030812;0.35714285714285715;1.2666666666666666;0.6654104979811575;-0.17780612244897961;0.09285714285714285;0.7;0.7778333333333333;0.5454545454545454;0.5714285714285714;0.7524395417904115;-0.5991277485008177;0.5833333333333334;0.0;0.4781746031746032;-0.524619121218812;0.36363636363636365;0.0758017492711371;0.0;0.019230769230769232;-0.36189516129032256;-0.03703703703703691;-0.6;-0.625;-0.1659919028340081;-0.18181818181818182;0.4;0.6363636363636364;0.4503743057232551;-0.5;0.0;0.4;0.0;-0.6666666666666666;-0.333282743967218;-1.0;-0.65;-0.002291325695581053;-0.22000000000000003;-0.016666666666666684
0.23529411764705882;0.14285714285714285;0.4064516129032258;0.23529411764705885;0.24668141592920353;0.3333333333333333;0.24946236559139784;0.35294117647058826;1.162162162162162;0.5;0.21241830065359457;1.228;-0.1267605633802817;0.4140625;0.6923076923076923;0.45235707121364094;14;0.06940063091482657;0.05308464849354396;0.273525721455458;0.243010752688172;0.3333333333333333;0.48;0.4230769230769231;0.42;0.4074074074074074;0.0;-0.25;0.375;-0.8;0.0;0.5;0.7916666666666666;0.4666666666666666;0.9666666666666667;0.9800000000000001;0.8;-1.85;0.25;0.8888888888888888;0.4444444444444444;0.2727272727272727;-0.375;0.39387890884896887;0.3753148614609571;0.42726039422232853;0.3571317255620056;-0.5075901328273245;0.5434782608695652;0.24074074074074073;-0.16477378514243152;0.5531914893617021;0.506891068115558;0.6153846153846154;-0.11100000000000006;-0.3493465206640763;0.16666666666666666;-0.25;-0.25395799676898206;-0.26177024482109235;-0.3333333333333333;-0.42857142857142855;-0.5819088319088319;-0.3762183235867447;-0.25;-0.4166666666666667;0.08176813471502603;-0.11398913465269683;-0.2377903253972872;0.7166666666666667;-0.011363636363636374;0.4222222222222222;1.5999999999999999;0.8000777907429016;-0.31008403361344533;0.35714285714285715;1.2666666666666666;0.8;-0.3260204081632654;0.3;0.7;0.7223333333333333;0.5454545454545454;0.5714285714285714;0.7524395417904115;-0.5991277485008177;0.5833333333333334;0.0;0.513640873015873;-0.517774343122102;0.36363636363636365;0.13994169096209927;0.5434782608695653;0.4807692307692307;-0.36189516129032256;0.44444444444444453;0.1;0.375;-0.20923813029076185;-0.36363636363636365;0.2;-0.09090909090909091;-0.09104081139821305;0.5;0.125;0.2;-0.36427255985267026;0.1111111111111111;-0.4726058582485961;0.5;0.75;-0.002291325695581053;-0.1;-0.06250000000000006
0.29411764705882354;0.0;0.45806451612903226;0.2941176470588235;0.3213495575221239;0.0;0.16129032258064516;0.43137254901960786;1.3243243243243243;0.75;-0.30065359477124204;1.242;2.28169014084507;0.4453125;0.7606837606837606;0.44433299899699097;14;0.11987381703470044;0.07604017216642744;0.30740276035131736;0.3483870967741936;0.4117647058823529;0.42;0.5384615384615384;0.5;0.5925925925925926;0.14285714285714285;0.0;-0.25;-0.4;-0.1;0.5454545454545454;0.90625;0.7166666666666667;0.4666666666666666;1.16;1.15;-0.4;0.5;0.2222222222222222;0.7777777777777778;0.2727272727272727;-0.25;0.3782435129740521;0.44797519860492147;0.40659165270130065;0.38960532980091167;-0.2043010752688172;0.5434782608695652;0.3148148148148148;-0.12679203127909125;0.5531914893617021;0.484230055658627;0.7307692307692307;0.0;-0.6852702225362063;0.5;-0.25;-0.2077544426494345;-0.2557438794726931;-0.3333333333333333;-0.42857142857142855;-0.6200142450142451;-0.45502645502645506;-0.25;-0.4166666666666667;0.08176813471502603;0.03938688397361296;-0.16712264974678376;0.5721666666666666;-0.304788961038961;0.4222222222222222;1.0999999999999999;0.7333722287047841;-0.3473389355742297;0.35714285714285715;1.2666666666666666;0.8576043068640646;-0.38545918367346943;0.39285714285714285;0.7;0.6111666666666666;0.5454545454545454;0.2857142857142857;0.8131098854476029;-0.5705978557150645;0.5833333333333334;0.0;0.5667162698412699;-0.4850960476926474;0.36363636363636365;0.11078717201166191;-0.021739130434782532;-0.5;-0.36189516129032256;0.4259259259259261;0.1;-0.0625;-0.2722672064777327;0.2727272727272727;-0.2;-0.18181818181818182;-0.636319729533929;-0.0;0.0;-0.2;-0.714548802946593;0.1111111111111111;-0.1815146456214903;-0.3666666666666667;-0.43333333333333335;-0.0625204582651392;0.27999999999999997;-0.10833333333333343
0.35294117647058826;-0.42857142857142855;0.49032258064516127;0.35294117647058815;0.39823008849557523;0.3333333333333333;0.10860215053763442;0.49019607843137253;1.5135135135135136;0.875;0.35294117647058776;1.256;-0.3380281690140845;0.46875;0.8290598290598291;0.43931795386158473;14;0.16403785488959008;0.09899569583931125;0.36010037641154324;0.5591397849462365;0.49019607843137253;0.5;0.4807692307692308;0.5;0.7037037037037037;0.0;0.125;0.0;-0.7;-0.9;0.5681818181818182;0.9375;0.5333333333333333;0.7166666666666667;0.5599999999999999;0.25;0.5;0.75;0.4444444444444444;0.1111111111111111;0.0;-0.375;0.3782435129740521;0.41193567138151516;0.4420237810230626;0.46103946701990883;-0.28146742567994937;0.6304347826086957;0.37037037037037035;-0.26177620554831493;0.6382978723404256;0.4428836469652796;0.8461538461538461;-0.16666666666666666;-0.15365595196043802;0.0;-0.25;-0.16155088852988692;-0.40564971751412426;0.0;-0.42857142857142855;-0.5945512820512822;-0.4940128098022835;-0.25;-0.4166666666666667;-0.23364637305699476;0.03938688397361296;-0.1311484952558356;0.6778333333333334;-0.304788961038961;0.4666666666666667;1.2333333333333334;0.8084402956048231;-0.41260504201680664;0.41428571428571426;1.2666666666666666;0.9095558546433379;-0.3908163265306123;0.39285714285714285;0.7;0.8889999999999999;0.7272727272727273;0.42857142857142855;0.9949087823504454;-0.6027621297474105;0.6666666666666666;0.0;0.6552579365079366;-0.44137778759107976;0.36363636363636365;0.21282798833819294;0.5434782608695653;0.5;-0.352486559139785;0.4259259259259261;0.0;-0.125;-0.5910011041589989;0.18181818181818182;-0.6;-0.18181818181818182;-0.5223375996136199;-0.6666666666666666;-0.375;-0.6;-0.16022099447513813;0.0;-0.25557747761420546;0.5;0.43333333333333335;-0.3106382978723405;0.27999999999999997;-0.145833333333333
0.4117647058823529;-0.5714285714285714;0.5161290322580645;0.4117647058823528;0.4795353982300885;0.3333333333333333;0.04946236559139786;0.7254901960784313;1.972972972972973;2.125;0.4281045751633986;1.263;-0.5633802816901408;0.4921875;0.9487179487179487;0.4353059177532598;14;0.20820189274447973;0.12338593974175045;0.398996235884567;0.6129032258064516;0.5490196078431373;0.58;0.5576923076923077;0.58;0.8148148148148148;-0.42857142857142855;0.0;0.125;-0.6;-0.6;0.5984848484848485;1.0;0.7833333333333333;0.5333333333333333;0.86;0.6;0.25;0.875;0.6666666666666666;0.3333333333333333;0.09090909090909091;-0.5;0.7791084497671328;0.486727378415036;0.4565477615513526;0.5844079947013675;0.418247944339026;0.717391304347826;0.5925925925925926;0.08936883261962397;0.7659574468085106;0.5300821627352237;0.9615384615384616;-0.4443333333333334;-0.15365595196043802;-0.16666666666666666;-0.375;-0.16155088852988692;-0.40564971751412426;0.0;-0.42857142857142855;-0.6200142450142451;-0.47229184071289343;-0.25;-0.4166666666666667;-0.565252590673575;-0.12824990298797043;-0.11438384073578203;0.7778333333333333;-0.03165584415584419;0.4666666666666667;1.7;0.8835083625048621;-0.36862745098039207;0.41428571428571426;1.3666666666666665;0.9978465679676986;-0.38801020408163267;0.41428571428571426;0.7749999999999999;1.6111666666666666;0.9090909090909091;1.8571428571428572;1.4495120916419175;-0.15028166454661093;0.6666666666666666;1.125;0.9387400793650795;-0.08103334069330978;0.36363636363636365;-0.06705539358600557;0.5217391304347827;-0.019230769230769232;-0.36189516129032256;0.8888888888888891;0.9;0.5;-0.19019138755980863;0.9090909090909091;-0.2;0.18181818181818182;-0.72639459067858;-0.6666666666666666;-0.5;-0.2;-0.16022099447513813;1.0;0.41599635756563974;0.4666666666666666;-0.016666666666666666;-0.3198036006546645;0.78;-0.18333333333333304
0.47058823529411764;0.14285714285714285;0.5741935483870968;0.4705882352941177;0.5652654867256637;1.0;0.008602150537634416;0.7450980392156863;2.3783783783783785;2.0;0.4999999999999993;1.274;-0.7183098591549295;0.515625;1.0341880341880343;0.4262788365095286;14;0.2302839116719242;0.14347202295552378;0.437892095357591;0.7720430107526881;0.7843137254901961;0.64;0.6346153846153846;0.7;0.9629629629629629;-0.5714285714285714;-0.375;0.0;0.1;-0.5;0.6818181818181818;1.0729166666666667;1.0166666666666666;0.7833333333333333;0.64;0.975;0.45;2.125;0.7777777777777778;0.5555555555555556;0.36363636363636365;-0.5;1.1882900864936796;0.7889943809339275;0.5220652781102864;0.6882962558927805;0.30708412397216955;0.782608695652174;0.6111111111111112;0.2733196797616831;0.8297872340425532;0.5549960243837795;0.9615384615384616;-0.38883333333333336;0.045566937477922995;-0.16666666666666666;-0.25;-0.2077544426494345;-0.567608286252354;0.0;-0.7142857142857143;-0.5945512820512822;-0.44165970481759953;-0.25;-0.4166666666666667;-0.21729274611398958;-0.15065968180054318;-0.07130799231619987;1.1555;0.4947240259740259;0.6333333333333333;3.0;1.0250875145857643;-0.0364145658263305;0.41428571428571426;2.6666666666666665;1.153701211305518;-0.23086734693877559;0.41428571428571426;1.75;2.1666666666666665;1.0;1.8571428571428572;1.782774713619007;0.020352534980919518;0.6666666666666666;1.125;1.2046130952380951;0.10046367851622877;0.36363636363636365;0.16618075801749319;1.065217391304348;0.4807692307692307;-0.3813844086021505;1.3333333333333337;-0.2;-0.75;-0.10498711814501288;0.7272727272727273;1.0;0.5454545454545454;0.0;0.6666666666666666;0.125;1.0;0.047513812154696126;-0.2222222222222222;0.3093033844285931;1.3;0.4166666666666667;-0.33878887070376434;1.26;-0.19999999999999973
0.5294117647058824;-0.7142857142857143;0.5935483870967742;0.5294117647058824;0.6548672566371682;1.3333333333333333;-0.027956989247311843;0.7843137254901961;2.810810810810811;2.0;0.5751633986928102;1.287;-0.8591549295774645;0.53125;1.1111111111111112;0.42326980942828485;14;0.26498422712933783;0.15638450502152076;0.48431618569636126;0.8774193548387096;0.803921568627451;0.88;0.6923076923076923;0.82;0.9259259259259259;0.14285714285714285;-0.5;-0.375;-0.4;-0.5;0.7272727272727273;1.1458333333333333;1.6666666666666667;1.0166666666666666;0.9400000000000001;1.2;0.4;2.0;1.8888888888888888;0.6666666666666666;0.6363636363636364;-1.25;1.204258150365935;1.0069753923658205;0.5819966483121857;0.7856975883430084;-0.5951929158760279;1.0434782608695652;0.6481481481481481;0.4453546825544593;0.8297872340425532;0.44699178372647747;1.3461538461538463;-0.5;0.24655598728364533;-0.3333333333333333;-0.25;-0.277059773828756;-0.3766478342749529;-0.3333333333333333;-0.7142857142857143;-0.645477207977208;-0.40434419381787806;-0.25;-0.4166666666666667;-0.2841645077720207;-0.2914241365929373;-0.0467431165958436;1.5333333333333332;0.5109577922077921;0.7888888888888889;3.5;1.1835861532477636;0.23613445378151257;0.41428571428571426;3.1666666666666665;1.3402422611036338;-0.08469387755102048;0.42857142857142855;2.125;2.6666666666666665;1.8181818181818181;1.8571428571428572;2.0252439541790412;0.13429038706160273;0.6666666666666666;1.125;1.5766369047619047;0.06646058732612059;0.9090909090909091;0.29154518950437347;0.5434782608695653;-0.4615384615384615;-0.3813844086021505;1.3518518518518519;-0.1;0.0;-0.08437615016562383;-0.18181818181818182;-1.2;-1.0;0.3248007727602028;-0.16666666666666666;-0.625;-1.2;0.2570902394106814;-0.1111111111111111;-0.5566853847321293;0.5;-0.39999999999999997;-0.33878887070376434;1.28;-0.2291666666666664
0.5882352941176471;0.0;0.6451612903225806;0.5520361990950226;0.7461283185840708;2.0;0.03333333333333335;0.8431372549019608;3.27027027027027;2.125;0.643790849673202;1.303;-0.9295774647887324;0.546875;1.1794871794871795;0.4152457372116349;14;0.305993690851735;0.17934002869440457;0.5131744040150565;1.0365591397849463;0.8431372549019608;0.9;0.9230769230769231;0.76;1.2962962962962963;-0.7142857142857143;0.125;-0.5;-0.2;-0.6;0.7878787878787878;1.2083333333333333;1.9166666666666667;1.6666666666666667;1.22;0.45;1.6;2.0;1.7777777777777777;1.7777777777777777;0.09090909090909091;-0.25;1.6440452428476389;1.352063553574889;0.7109568270688691;0.8246581213230996;-0.4388045540796964;1.065217391304348;0.7037037037037037;0.3323403463042264;0.9148936170212766;0.4349324145242512;1.5769230769230769;-0.27766666666666673;0.24655598728364533;-0.3333333333333333;-0.25;-0.277059773828756;-0.3766478342749529;-0.3333333333333333;-0.7142857142857143;-0.6200142450142451;-0.38958507379560015;-0.25;-0.4166666666666667;-0.3746761658031088;-0.36369809856422186;-0.009255486349612835;2.188833333333333;1.0827922077922076;1.2222222222222223;5.633333333333333;1.6030727343446132;0.7563025210084033;0.4428571428571429;5.3;1.6034993270524902;0.33290816326530615;0.42857142857142855;3.7249999999999996;2.6666666666666665;1.8181818181818181;1.8571428571428572;2.479847263470513;0.03906959840087223;0.8333333333333334;1.125;1.8246527777777777;0.17818502980790452;0.9090909090909091;0.5014577259475224;1.6086956521739133;0.9423076923076923;-0.033602150537634295;1.8148148148148149;0.0;0.0;-0.5520794994479205;0.0;1.0;1.0;0.528374788698382;-0.16666666666666666;0.0;1.0;0.2570902394106814;0.0;-0.4065867354682045;2.1333333333333333;0.8166666666666668;0.0;1.78;-0.2624999999999998
0.6470588235294118;-0.7142857142857143;0.6645161290322581;0.6470588235294117;0.8401548672566371;1.3333333333333333;0.04086021505376345;0.7647058823529411;3.6216216216216215;1.5;0.7091503267973851;1.32;-0.9718309859154929;0.5546875;1.2222222222222223;0.41223671013039115;14;0.35646687697160884;0.20229555236728838;0.5307402760351319;1.1440860215053763;0.9019607843137255;0.94;0.9423076923076923;0.84;1.5185185185185186;0.0;-0.625;0.125;-0.1;-1.0;0.8560606060606061;1.2291666666666667;2.983333333333333;1.9166666666666667;2.0;0.825;1.6;2.125;1.7777777777777777;1.6666666666666667;0.2727272727272727;-0.125;0.6823020625415837;1.2902538267777561;0.745351528210039;0.8311645303307749;-0.5075901328273245;1.0869565217391304;0.7037037037037037;-0.020294172407372923;1.0;0.3589981447124303;1.7307692307692308;-0.6110000000000001;0.1306958671847404;-0.3333333333333333;-0.375;-0.415508885298869;-0.3555555555555555;-0.3333333333333333;-0.7142857142857143;-0.6073717948717948;-0.4191033138401559;0.0;-0.4166666666666667;-0.3746761658031088;-0.4376212650368645;-0.022643925723266737;2.2944999999999998;0.8348214285714286;1.3888888888888888;5.633333333333333;1.814274601322443;0.7092436974789915;0.4428571428571429;5.3;1.7515477792732166;0.3880102040816325;0.42857142857142855;3.7249999999999996;2.4445;1.4545454545454546;1.8571428571428572;2.7223165040305473;-0.16282027984735598;1.0;1.125;1.966269841269841;0.17663943475380875;0.9090909090909091;0.670553935860059;-1.0869565217391306;-2.3846153846153846;1.2415994623655917;0.4259259259259261;-0.7;-0.5;-0.2957305852042694;-0.5454545454545454;-1.0;-0.9090909090909091;0.4636561217097319;0.0;-0.625;-1.0;0.13627992633517497;-0.7777777777777778;-0.4726058582485961;-2.0;-2.066666666666667;1.2422258592471358;0.27999999999999997;-0.3041666666666665
0.7058823529411765;-0.42857142857142855;0.6967741935483871;0.7058823529411765;0.9397123893805309;0.6666666666666666;-0.03225806451612903;1.0;4.243243243243243;2.875;0.7875816993464048;1.329;-1.1830985915492955;0.5625;1.3076923076923077;0.40722166499498497;14;0.4100946372239752;0.22238163558106172;0.550815558343789;1.3032258064516127;0.8235294117647058;1.0;0.9807692307692307;0.92;1.6666666666666667;-0.7142857142857143;0.0;-0.625;-0.2;-0.6;0.9166666666666666;1.2916666666666667;1.9833333333333334;2.983333333333333;2.3;0.55;2.3;1.5;1.8888888888888888;1.6666666666666667;0.45454545454545453;-0.125;-1.2192282102461744;0.9337337725247048;0.7513366850211475;0.9025791872832819;0.12934851359898805;1.0869565217391304;0.8518518518518519;-0.06926084528020833;1.0638297872340425;0.4256559766763847;1.7307692307692308;-0.5;0.0;-0.3333333333333333;-0.375;-0.4846526655896607;-0.432015065913371;-0.3333333333333333;-0.7142857142857143;-0.6200142450142451;-0.41353383458646614;0.0;-0.4166666666666667;-0.6410297927461139;-0.4590609235545207;-0.045404272658478226;2.1221666666666668;1.3299512987012987;1.0444444444444445;5.633333333333333;1.958576429404901;0.5086834733893557;0.55;5.3;1.805383580080754;0.39030612244897955;0.42857142857142855;3.7249999999999996;2.8333333333333335;1.4545454545454546;2.7142857142857144;3.2375901569792105;-0.13247319643830638;1.0833333333333333;1.875;2.302827380952381;0.39743872819606973;0.9090909090909091;0.2565597667638486;-0.5434782608695653;0.4807692307692307;1.3467741935483872;-1.4074074074074074;0.9;0.9375;0.09394552815605454;0.2727272727272727;0.4;0.6363636363636364;0.2340014489253802;-0.5;-0.375;0.4;0.0;1.0;0.13871604188799522;-1.1666666666666667;0.4166666666666667;1.3446808510638295;-1.7;-0.3416666666666665
0.7647058823529411;-0.14285714285714285;0.7419354838709677;0.7647058823529411;1.040929203539823;0.3333333333333333;-0.1118279569892473;1.4313725490196079;5.4324324324324325;5.5;0.8562091503267972;1.323;-1.563380281690141;0.5703125;1.4871794871794872;0.4002006018054162;14;0.4384858044164039;0.24246771879483503;0.5708908406524466;1.3548387096774193;1.0588235294117647;0.92;1.0384615384615385;0.98;1.6666666666666667;-0.42857142857142855;-0.625;0.0;-0.5;-0.9;0.9545454545454546;1.3229166666666667;1.4000000000000001;1.9833333333333334;3.5799999999999996;0.925;0.5;2.875;1.3333333333333333;1.7777777777777777;0.5454545454545454;-0.5;-0.867598137059215;0.4359620228637861;0.6869363977336204;1.0973818521837377;1.889784946236559;1.0869565217391304;1.2592592592592593;0.879724446099423;1.3191489361702127;0.7998939835674528;1.8846153846153846;-0.5555;-0.18262098198516422;-0.3333333333333333;-0.5;-0.43861066235864293;-0.4018832391713748;-0.3333333333333333;-0.7142857142857143;-0.569088319088319;-0.456140350877193;0.0;-0.4166666666666667;-0.3193005181347151;-0.45149398525417134;-0.08877117410792237;1.4555;0.6030844155844155;0.7666666666666667;3.6333333333333333;1.9920264488525867;0.44453781512605034;0.6357142857142858;5.3;1.8804845222072681;0.335969387755102;0.4857142857142857;3.7249999999999996;4.333333333333333;1.4545454545454546;5.714285714285714;4.358718710224861;0.9284026894421225;1.5;4.5;3.064732142857143;1.3031574298962243;1.0;-0.36151603498542245;-0.5434782608695653;0.0;-0.3719758064516129;-0.9444444444444444;1.9;0.5625;0.562661023187339;2.6363636363636362;0.4;0.0;-0.02946148273363919;0.6666666666666666;-0.125;0.4;-0.19042357274401467;2.111111111111111;1.8283502807709817;-0.8333333333333334;0.16666666666666666;-0.211783960720131;-1.0;-0.36666666666666653
0.8235294117647058;-0.5714285714285714;0.7677419354838709;0.8235294117647058;1.1438053097345133;-0.3333333333333333;-0.2236559139784946;0.6862745098039216;5.5675675675675675;0.625;0.9215686274509796;1.341;-1.591549295774648;0.578125;1.4871794871794872;0.39618856569709127;14;0.4195583596214512;0.25251076040172155;0.5922208281053952;1.513978494623656;1.4901960784313726;1.16;0.9615384615384616;1.22;1.8148148148148149;-0.14285714285714285;-0.375;-0.625;-0.6;-0.8;0.9848484848484849;1.3645833333333333;0.9833333333333334;1.4000000000000001;2.38;1.275;1.2;5.5;2.5555555555555554;1.2222222222222223;1.4545454545454546;-0.375;-1.2092481703260147;-0.26118969192017066;0.586545367488628;1.0714146569525071;2.1801075268817205;1.0;1.2592592592592593;0.9260845280208527;1.2765957446808511;0.5910416114497745;2.1153846153846154;-0.5;-0.3493465206640763;-0.16666666666666666;-0.5;-0.43861066235864293;-0.4018832391713748;-0.3333333333333333;-0.7142857142857143;-0.569088319088319;-0.456140350877193;0.0;-0.4166666666666667;-0.3937823834196892;-0.529394644935972;-0.1713138133767971;0.85;0.9074675324675324;0.2222222222222222;2.466666666666667;1.8502528199144304;0.764985994397759;0.2857142857142857;5.3;1.8344549125168237;0.3887755102040815;0.35714285714285715;3.7249999999999996;3.9445;0.8181818181818182;5.714285714285714;3.995120916419176;1.2075231691804469;0.9166666666666666;4.5;3.1178075396825395;1.259659969088099;1.0;0.9970845481049566;-1.065217391304348;-0.4615384615384615;-0.39112903225806456;-1.388888888888889;-4.1;-3.8125;2.3137651821862346;-1.9090909090909092;-0.6;-0.45454545454545453;-0.3081381308862594;-0.16666666666666666;-0.5;-0.6;-0.36427255985267026;-4.555555555555555;2.106996509333738;-1.6333333333333335;-0.39999999999999997;-0.407201309328969;-1.28;-0.34999999999999987
0.8823529411764706;0.0;0.8193548387096774;0.8823529411764705;1.2527654867256637;-0.3333333333333333;-0.4010752688172043;2.549019607843137;8.27027027027027;12.375;0.9967320261437905;1.305;-2.4225352112676055;0.578125;1.8632478632478633;0.3881644934804413;14;0.4763406940063093;0.26829268292682934;0.6097867001254705;1.675268817204301;0.7450980392156863;1.6;1.1923076923076923;1.24;2.037037037037037;-0.5714285714285714;-0.125;-0.375;-0.1;-0.1;1.053030303030303;1.4791666666666667;0.16666666666666666;0.9833333333333334;1.6800000000000002;2.25;1.95;0.625;4.888888888888889;2.4444444444444446;1.3636363636363635;0.0;-0.7292082501663341;-0.7537298973067235;0.49668821323118667;1.5843885144348773;6.724225173940544;1.0;2.314814814814815;4.795382610314653;1.2765957446808511;2.3180492976411338;2.230769230769231;-0.3333333333333333;-0.15365595196043802;-0.16666666666666666;-0.375;-0.4615508885298868;-0.4828625235404896;-0.3333333333333333;-0.8571428571428571;-0.6073717948717948;-0.5433027011974381;0.0;-0.5833333333333334;-0.3060233160621761;-0.4460613116026386;-0.20507596484079396;0.43883333333333335;0.5280032467532468;0.2222222222222222;1.6333333333333335;1.6003500583430572;1.0126050420168067;0.2857142857142857;5.3;1.7593539703903096;0.4540816326530612;0.35714285714285715;3.7249999999999996;8.166666666666666;0.8181818181818182;13.571428571428571;6.51039456936784;4.867345084499364;0.9166666666666666;11.375;4.782986111111111;4.410465886509163;1.0;-1.3469387755102038;0.0;0.9423076923076923;-0.033602150537634295;-0.925925925925926;9.2;8.25;5.484541774015457;4.7272727272727275;0.8;0.6363636363636364;-0.13450857280850045;0.16666666666666666;0.0;0.8;-0.16022099447513813;10.222222222222221;6.468356351494916;0.0;0.8166666666666668;0.0;-0.78;-0.39166666666666655
0.9411764705882353;0.42857142857142855;0.8903225806451613;0.9411764705882352;1.364491150442478;-0.3333333333333333;-0.5795698924731183;0.6470588235294118;8.297297297297296;0.125;1.068627450980392;1.327;-2.4225352112676055;0.578125;1.8376068376068375;0.37713139418254765;14;0.3627760252365931;0.2869440459110473;0.6210790464240902;1.7806451612903225;2.607843137254902;0.84;1.6153846153846154;1.28;2.259259259259259;0.0;-0.5;-0.125;-0.7;-0.6;1.0757575757575757;1.5416666666666667;0.16666666666666666;0.16666666666666666;1.1800000000000002;2.625;2.4;12.375;0.5555555555555556;4.777777777777778;1.3636363636363635;0.375;-0.035928143712574745;-1.048440224762643;0.39166866171893683;1.3246581213230997;7.92900063251107;0.9565217391304348;2.314814814814815;4.933159560603239;1.2340425531914894;2.2231645905115296;2.230769230769231;-0.11100000000000006;0.35146591310491;-0.16666666666666666;0.0;-0.277059773828756;-0.28135593220338995;-0.3333333333333333;-0.42857142857142855;-0.5438034188034189;-0.44778613199665834;0.0;-0.4166666666666667;0.24919041450777196;-0.2965657741559952;-0.20624017696024208;0.16666666666666666;-0.6201298701298702;0.2222222222222222;0.0;1.3086347724620773;1.1078431372549018;0.2857142857142857;5.3;1.6670255720053835;0.5155612244897958;0.35714285714285715;3.7249999999999996;5.777833333333334;0.45454545454545453;13.571428571428571;6.055791260076367;5.158277303289115;0.5833333333333334;11.375;4.658978174603175;4.4806800618238025;0.9090909090909091;1.384839650145773;0.0;0.0;0.09375000000000014;-0.018518518518518455;-10.0;-12.0625;8.405226352594774;-0.6363636363636364;0.6;-0.09090909090909091;-0.09104081139821305;1.1666666666666667;0.375;0.6;0.3664825046040516;-11.11111111111111;7.624677492791015;0.0;0.0;0.12405891980360065;0.2;-0.3083333333333332
1.0;0.14285714285714285;0.9483870967741935;0.9999999999999998;1.420353982300885;-0.6666666666666666;0.35376344086021505;1.196078431372549;9.027027027027026;3.5;1.1405228758169932;1.333;-2.6478873239436616;0.5703125;1.9059829059829059;0.36810431293881646;14;0.43217665615141965;0.30989956958393106;0.6411543287327477;1.8881720430107527;0.7058823529411765;2.74;0.8846153846153846;1.34;2.1481481481481484;0.42857142857142855;0.0;-0.5;-0.2;-0.4;1.1363636363636365;1.625;0.16666666666666666;0.16666666666666666;0.2;4.225;0.9;0.125;11.0;0.4444444444444444;1.4545454545454546;-0.375;-0.4141716566866267;-0.8420848672737843;0.25129678397573996;1.4934935909923248;7.057400379506642;0.9565217391304348;2.314814814814815;4.819214299013219;1.2340425531914894;2.1080042406573014;2.3846153846153846;0.16666666666666666;-0.3493465206640763;0.5;0.0;-0.25395799676898206;-0.239924670433145;-0.3333333333333333;-0.42857142857142855;-0.5309829059829061;-0.4319131161236425;0.0;-0.4166666666666667;0.3265867875647667;-0.06819945673263479;-0.17602887246056215;0.08883333333333332;-0.2922077922077922;0.06666666666666668;0.0;0.8000777907429016;0.5991596638655462;0.18571428571428572;3.3000000000000003;1.6056527590847913;0.5780612244897958;0.2571428571428572;3.7249999999999996;7.055666666666667;0.45454545454545453;13.571428571428571;6.389266016122189;5.089405778666182;0.5833333333333334;11.375;5.119543650793651;4.390814749392802;0.9090909090909091;0.2682215743440236;-0.5217391304347826;-0.4615384615384615;-0.39112903225806456;-0.462962962962963;2.5;7.75;8.322506440927492;-6.7272727272727275;-0.4;-0.45454545454545453;-0.22893021009418024;0.16666666666666666;0.125;-0.4;-0.36427255985267026;2.7777777777777777;6.788131734709364;-0.4666666666666666;-0.2333333333333333;-0.5374795417348609;-0.07999999999999999;-0.3583333333333332
1.0588235294117647;-1.1428571428571428;0.9483870967741935;1.0588235294117645;1.4740044247787611;-1.3333333333333333;1.3559139784946237;2.0392156862745097;10.945945945945946;8.875;1.2124183006535945;1.319;-3.154929577464789;0.5703125;2.1367521367521367;0.36810431293881646;14;0.4511041009463724;0.33428981348637027;0.6612296110414052;2.0494623655913977;1.2549019607843137;0.8;2.7115384615384617;1.26;2.2962962962962963;0.14285714285714285;0.375;0.0;-0.7;-0.3;1.1590909090909092;1.71875;-0.06666666666666665;0.16666666666666666;0.2;2.725;1.65;3.5;0.1111111111111111;10.88888888888889;1.0;-0.125;-0.8509647371922823;-0.7719434218174773;0.10629638496528586;1.3246581213230997;4.8183111954459195;0.9565217391304348;1.8333333333333333;5.19754235710296;1.2340425531914894;2.459581235091439;2.5384615384615383;-0.27766666666666673;1.1805015895443307;-0.8333333333333334;0.0;-0.32310177705977383;0.04934086629001875;-1.3333333333333333;-0.42857142857142855;-0.645477207977208;-0.30715678084099146;-0.75;-0.4166666666666667;-0.45401554404145084;-0.09400465657741554;-0.17602887246056215;-0.23883333333333331;0.6310876623376624;-0.43333333333333335;0.0;0.33333333333333337;0.4971988795518208;-0.13571428571428573;2.1333333333333333;1.4285329744279949;0.7755102040816325;-0.06428571428571431;3.7249999999999996;5.5;0.45454545454545453;9.571428571428571;8.17713194739075;5.450299836452843;0.5833333333333334;11.375;6.3065476190476195;4.994259218370502;0.9090909090909091;-0.7667638483965012;-0.5434782608695653;-0.019230769230769232;-0.3813844086021505;-0.925925925925926;4.0;0.875;6.428597718071402;6.0;-1.8;-0.6363636363636364;0.4503743057232551;-1.8333333333333333;-1.0;-1.8;1.2309392265193368;4.444444444444445;4.639095462133859;-1.5;-0.5166666666666667;-0.04811783960720139;-0.9800000000000001;-0.3749999999999999
