"AGE","MATI","JML_DEPLESI","STD_CUM_DEPLESI_%","PAKAN_STD_CUM_GR/EK","DELTA_PAKAN_ZAK","DELTA_PAKAN_CUM_GR/EKOR","DG_ACT","DELTA_ABW","DELTA_DG","FCR_STD","DELTA_FCR","IP_STD","IP_ACT","JUMLAH_AYAM_AKHIR","PERIODE","FCR_ACT_lag_7","FCR_ACT_lag_14","PAKAN_ACT_GR/EK_lag_14","DG_ACT_lag_1","DG_ACT_lag_2","DG_ACT_lag_3","DG_ACT_lag_7","DG_ACT_lag_14","MATI_lag_1","MATI_lag_2","MATI_lag_3","MATI_lag_7","MATI_lag_14","JML_DEPLESI_lag_7","JML_DEPLESI_lag_14","DELTA_PAKAN_GR/EKOR_lag_1","DELTA_PAKAN_GR/EKOR_lag_2","DELTA_PAKAN_GR/EKOR_lag_3","DELTA_PAKAN_GR/EKOR_lag_7","DELTA_PAKAN_GR/EKOR_lag_14","DELTA_DG_lag_1","DELTA_DG_lag_2","DELTA_DG_lag_3","DELTA_DG_lag_7","DELTA_DG_lag_14","PAKAN_ACT_GR/EK_rolling_std_3","PAKAN_ACT_GR/EK_rolling_std_7","PAKAN_ACT_GR/EK_rolling_std_14","DG_ACT_rolling_mean_3","DG_ACT_rolling_std_3","DG_ACT_rolling_min_3","DG_ACT_rolling_max_3","DG_ACT_rolling_std_7","DG_ACT_rolling_min_7","DG_ACT_rolling_std_14","DG_ACT_rolling_min_14","MATI_rolling_mean_3","MATI_rolling_std_3","MATI_rolling_min_3","MATI_rolling_max_3","MATI_rolling_mean_7","MATI_rolling_std_7","MATI_rolling_min_7","MATI_rolling_max_7","MATI_rolling_mean_14","MATI_rolling_std_14","MATI_rolling_min_14","MATI_rolling_max_14","JML_DEPLESI_rolling_std_3","JML_DEPLESI_rolling_std_7","JML_DEPLESI_rolling_std_14","DELTA_PAKAN_GR/EKOR_rolling_mean_3","DELTA_PAKAN_GR/EKOR_rolling_std_3","DELTA_PAKAN_GR/EKOR_rolling_min_3","DELTA_PAKAN_GR/EKOR_rolling_max_3","DELTA_PAKAN_GR/EKOR_rolling_mean_7","DELTA_PAKAN_GR/EKOR_rolling_std_7","DELTA_PAKAN_GR/EKOR_rolling_min_7","DELTA_PAKAN_GR/EKOR_rolling_max_7","DELTA_PAKAN_GR/EKOR_rolling_mean_14","DELTA_PAKAN_GR/EKOR_rolling_std_14","DELTA_PAKAN_GR/EKOR_rolling_min_14","DELTA_PAKAN_GR/EKOR_rolling_max_14","DELTA_DG_rolling_mean_3","DELTA_DG_rolling_min_3","DELTA_DG_rolling_max_3","DELTA_DG_rolling_mean_7","DELTA_DG_rolling_std_7","DELTA_DG_rolling_min_7","DELTA_DG_rolling_max_7","DELTA_DG_rolling_mean_14","DELTA_DG_rolling_std_14","DELTA_DG_rolling_min_14","PAKAN_DG_RATIO","PAKAN_ACT_GR/EK_momentum_1","PAKAN_ACT_GR/EK_acceleration","PAKAN_ACT_GR/EK_volatility_3","PAKAN_ACT_GR/EK_trend_slope_3","DG_ACT_momentum_1","DG_ACT_acceleration","DG_ACT_volatility_3","DG_ACT_trend_slope_3","MATI_momentum_1","MATI_acceleration","MATI_volatility_3","MATI_trend_slope_3","JML_DEPLESI_momentum_1","JML_DEPLESI_acceleration","JML_DEPLESI_volatility_3","ABW_ACT_acceleration","ABW_ACT_volatility_3","DELTA_PAKAN_GR/EKOR_momentum_1","DELTA_PAKAN_GR/EKOR_acceleration","DELTA_PAKAN_GR/EKOR_volatility_3","DELTA_PAKAN_GR/EKOR_trend_slope_3","FEED_EFFICIENCY_lag_1","FCR_ACT","prediction(FCR_ACT)"
7.0,7.0,80.0,0.68,210.0,0.5,29.0,25.0,22.0,-8.0,1.029,0.023,270.0,305.0,17920.0,1.0,0.428,0.428,28.0,28.0,40.0,30.0,22.0,22.0,10.0,10.0,16.0,16.0,16.0,16.0,16.0,1.0,-1.0,9.0,10.0,10.0,-3.0,13.0,6.0,8.0,8.0,5.508,7.439,7.439,31.0,7.937,25.0,40.0,7.138,19.0,7.138,19.0,9.0,1.732,7.0,10.0,11.429,4.237,6.0,16.0,11.429,4.237,6.0,16.0,8.544,23.423,23.423,0.333,1.155,-1.0,1.0,3.857,4.634,-1.0,10.0,3.857,4.634,-1.0,10.0,0.667,-8.0,13.0,2.714,7.017,-8.0,13.0,2.714,7.017,-8.0,1.76,5.0,-1.0,6.658,5.5,-3.0,9.0,11.06,-7.5,-3.0,-3.0,3.0,-1.5,7.0,-3.0,1.732,-2.0,8.145,0.0,-2.0,6.429,1.0,1.038,1.052,1.031784004453336
8.0,8.0,88.0,1.01,260.0,-0.2,23.0,33.0,16.0,-4.0,1.068,0.022,268.0,295.0,17912.0,1.0,0.428,0.428,28.0,25.0,28.0,40.0,22.0,22.0,7.0,10.0,10.0,16.0,16.0,16.0,16.0,1.0,1.0,-1.0,10.0,10.0,-8.0,-3.0,13.0,8.0,8.0,2.887,7.74,7.741,28.667,4.041,25.0,33.0,7.211,19.0,7.005,19.0,8.333,1.528,7.0,10.0,10.286,3.861,6.0,16.0,11.0,4.106,6.0,16.0,7.506,21.515,25.43,0.333,1.155,-1.0,1.0,2.286,4.03,-1.0,9.0,3.25,4.621,-1.0,10.0,-5.0,-8.0,-3.0,1.0,6.976,-8.0,13.0,1.875,6.917,-8.0,1.333,0.0,-5.0,3.215,2.5,8.0,11.0,10.017,2.5,1.0,4.0,2.082,-1.0,8.0,1.0,1.528,8.0,4.163,-2.0,-2.0,2.0,-1.0,0.951,1.09,1.093671911710239
10.0,6.0,104.0,1.27,372.0,-0.2,20.0,34.0,10.0,-11.0,1.129,0.023,281.0,292.0,17896.0,1.0,0.794,0.428,28.0,46.0,33.0,25.0,21.0,22.0,10.0,8.0,7.0,6.0,16.0,37.0,16.0,0.0,-1.0,1.0,7.0,10.0,5.0,-4.0,-8.0,1.0,8.0,6.245,8.124,10.63,37.667,7.234,33.0,46.0,7.228,25.0,8.664,19.0,8.0,2.0,6.0,10.0,9.571,3.259,6.0,16.0,10.4,3.95,6.0,16.0,8.083,18.398,29.65,-0.333,0.577,-1.0,0.0,1.286,3.498,-1.0,9.0,2.6,4.3,-1.0,10.0,-3.333,-11.0,5.0,-0.286,8.558,-11.0,13.0,0.9,7.46,-11.0,1.647,3.0,-6.0,4.583,6.0,-12.0,-25.0,13.229,0.5,-4.0,-6.0,3.215,-1.0,6.0,-4.0,2.0,-12.0,7.234,0.0,-1.0,1.528,0.5,0.911,1.152,1.1243124795737107
12.0,9.0,120.0,1.53,506.0,-0.5,11.0,51.0,12.0,-4.0,1.169,-0.011,297.0,317.0,17880.0,1.0,0.891,0.428,28.0,56.0,34.0,46.0,40.0,22.0,7.0,6.0,10.0,10.0,16.0,63.0,16.0,-5.0,0.0,0.0,-1.0,10.0,7.0,-11.0,5.0,13.0,8.0,5.859,9.778,13.382,47.0,11.533,34.0,56.0,11.972,25.0,12.152,19.0,7.333,1.528,6.0,9.0,8.143,1.574,6.0,10.0,10.0,3.717,6.0,16.0,8.021,16.919,33.469,-2.0,2.646,-5.0,0.0,-0.714,2.059,-5.0,1.0,1.667,4.539,-5.0,10.0,-2.667,-11.0,7.0,-2.571,6.503,-11.0,7.0,1.0,7.148,-11.0,1.314,9.0,7.0,3.786,5.5,-5.0,-27.0,17.954,8.5,2.0,1.0,3.215,1.5,9.0,2.0,1.528,-6.0,11.372,4.0,9.0,4.509,-0.5,0.879,1.158,1.153553232032785
22.0,9.0,191.0,2.83,1517.0,0.6,-6.0,116.0,69.0,32.0,1.137,0.1,391.0,440.0,17809.0,1.0,1.191,1.09,44.0,81.0,86.0,74.0,63.0,33.0,5.0,8.0,5.0,4.0,8.0,135.0,88.0,-1.0,0.0,2.0,2.0,-1.0,-1.0,6.0,-3.0,-2.0,-4.0,7.095,13.2,24.612,94.333,18.93,81.0,116.0,16.153,70.0,20.955,34.0,7.333,2.082,5.0,9.0,8.0,3.416,5.0,15.0,7.357,2.818,4.0,15.0,7.095,17.604,30.039,0.333,1.528,-1.0,2.0,0.571,2.149,-2.0,4.0,-0.071,2.165,-5.0,4.0,12.333,-1.0,32.0,7.714,12.79,-3.0,32.0,3.929,10.615,-11.0,1.103,9.0,4.0,2.082,7.0,35.0,40.0,20.075,15.0,4.0,7.0,3.786,0.5,9.0,4.0,2.082,35.0,18.93,3.0,4.0,2.646,1.0,0.799,1.237,1.2749946100803347
23.0,12.0,203.0,2.96,1656.0,1.5,-9.0,106.0,89.0,20.0,1.337,-0.097,394.0,455.0,17797.0,1.0,1.199,1.098,53.0,116.0,81.0,86.0,70.0,46.0,9.0,5.0,8.0,7.0,10.0,142.0,98.0,2.0,-1.0,0.0,-1.0,0.0,32.0,-1.0,6.0,2.0,5.0,8.505,13.699,25.584,101.0,18.028,81.0,116.0,16.572,71.0,22.044,34.0,8.667,3.512,5.0,12.0,8.714,3.684,5.0,15.0,7.5,3.006,4.0,15.0,10.536,17.85,31.087,1.667,2.517,-1.0,4.0,1.286,2.36,-2.0,4.0,0.214,2.424,-5.0,4.0,17.0,-1.0,32.0,10.286,13.25,-3.0,32.0,5.0,11.456,-11.0,1.283,8.0,-1.0,2.082,8.5,-10.0,-45.0,24.664,12.5,3.0,-1.0,3.786,3.5,12.0,3.0,3.512,-10.0,18.028,2.0,-1.0,2.082,2.5,0.808,1.24,1.2497092949166633
24.0,8.0,211.0,3.09,1803.0,0.3,-17.0,91.0,92.0,3.0,1.36,-0.101,397.0,459.0,17789.0,1.0,1.218,1.152,56.0,106.0,116.0,81.0,71.0,34.0,12.0,9.0,5.0,7.0,6.0,149.0,104.0,4.0,2.0,-1.0,4.0,0.0,20.0,32.0,-1.0,0.0,-11.0,5.686,14.49,25.806,104.333,12.583,91.0,116.0,14.454,74.0,19.374,51.0,9.667,2.082,8.0,12.0,8.857,3.625,5.0,15.0,7.643,2.977,4.0,15.0,10.066,17.347,31.972,2.333,1.528,1.0,4.0,0.857,2.035,-2.0,4.0,0.286,2.431,-5.0,4.0,18.333,3.0,32.0,10.714,12.906,-3.0,32.0,6.0,10.525,-4.0,1.527,3.0,-5.0,3.215,5.5,-15.0,-5.0,27.538,-12.5,-4.0,-7.0,4.359,-0.5,8.0,-4.0,2.082,-15.0,12.583,-3.0,-5.0,3.215,-0.5,0.806,1.259,1.2617365747527391
27.0,11.0,232.0,3.4,2285.0,-0.2,-49.0,125.0,115.0,31.0,1.426,-0.125,404.0,477.0,17768.0,1.0,1.233,1.178,72.0,82.0,93.0,91.0,86.0,54.0,6.0,4.0,8.0,8.0,6.0,177.0,126.0,0.0,0.0,1.0,0.0,-1.0,-10.0,3.0,3.0,6.0,-2.0,6.0,12.681,25.172,100.0,22.338,82.0,125.0,16.965,81.0,18.395,63.0,7.0,3.606,4.0,11.0,7.857,3.024,4.0,12.0,7.571,3.251,4.0,15.0,8.622,17.286,33.33,0.0,0.0,0.0,0.0,0.857,1.676,-1.0,4.0,0.786,1.805,-2.0,4.0,8.0,-10.0,31.0,11.143,16.507,-10.0,32.0,7.643,12.792,-10.0,1.248,6.0,0.0,0.577,6.0,43.0,54.0,28.184,16.0,5.0,3.0,4.583,3.5,11.0,5.0,3.606,43.0,22.338,0.0,0.0,0.577,-0.0,0.766,1.301,1.3143964012428957
29.0,8.0,248.0,3.74,2635.0,-1.5,-77.0,58.0,42.0,-38.0,1.47,-0.077,406.0,442.0,17752.0,1.0,1.237,1.191,86.0,59.0,125.0,82.0,116.0,63.0,8.0,11.0,6.0,9.0,4.0,191.0,135.0,-4.0,0.0,0.0,2.0,2.0,-36.0,31.0,-10.0,32.0,-2.0,4.163,10.39,24.272,80.667,38.397,58.0,125.0,24.164,58.0,19.826,58.0,9.0,1.732,8.0,11.0,8.143,2.734,4.0,12.0,8.071,2.973,4.0,15.0,8.0,16.307,33.577,-2.667,2.309,-4.0,0.0,-0.429,2.82,-4.0,4.0,0.071,2.464,-4.0,4.0,-14.333,-38.0,31.0,-3.857,26.188,-38.0,31.0,1.929,20.69,-38.0,2.828,6.0,4.0,2.309,4.0,-1.0,65.0,54.836,-33.5,0.0,3.0,4.041,-1.5,8.0,0.0,1.732,-1.0,38.397,0.0,4.0,2.309,-2.0,0.742,1.393,1.3825750815895863
30.0,10.0,258.0,3.87,2818.0,-1.3,-90.0,83.0,28.0,-14.0,1.491,-0.07,407.0,437.0,17742.0,1.0,1.24,1.199,89.0,58.0,59.0,125.0,106.0,70.0,8.0,8.0,11.0,12.0,7.0,203.0,142.0,-4.0,-4.0,0.0,4.0,-1.0,-38.0,-36.0,31.0,20.0,2.0,5.508,10.688,23.556,66.667,14.154,58.0,83.0,22.788,58.0,19.317,58.0,8.667,1.155,8.0,10.0,7.857,2.34,4.0,11.0,8.286,2.998,4.0,15.0,9.018,17.545,33.539,-4.0,0.0,-4.0,-4.0,-1.571,2.299,-4.0,1.0,-0.143,2.685,-4.0,4.0,-29.333,-38.0,-14.0,-8.714,24.095,-38.0,31.0,0.786,21.123,-38.0,2.036,5.0,-1.0,2.082,5.5,25.0,26.0,46.872,12.0,2.0,2.0,2.517,1.0,10.0,2.0,1.155,25.0,14.154,0.0,0.0,2.309,-0.0,0.718,1.421,1.4007029536150886
32.0,8.0,274.0,4.13,3201.0,-1.9,-120.0,136.0,80.0,37.0,1.534,-0.112,408.0,453.0,17726.0,1.0,1.277,1.204,100.0,112.0,83.0,58.0,93.0,92.0,8.0,10.0,8.0,4.0,15.0,215.0,164.0,-3.0,-4.0,-4.0,0.0,-2.0,14.0,-14.0,-38.0,3.0,18.0,4.583,10.307,22.616,110.333,26.539,83.0,136.0,31.181,58.0,23.357,58.0,8.667,1.155,8.0,10.0,8.429,1.618,6.0,11.0,7.857,2.282,4.0,12.0,8.0,18.92,33.891,-4.0,1.0,-5.0,-3.0,-2.857,2.035,-5.0,0.0,-0.857,2.742,-5.0,4.0,12.333,-14.0,37.0,-2.286,30.346,-38.0,37.0,3.143,23.058,-38.0,1.309,3.0,-3.0,1.528,4.5,24.0,-5.0,2.646,26.5,0.0,2.0,2.0,-1.0,8.0,0.0,1.155,24.0,26.539,-2.0,-3.0,1.528,-0.5,0.7,1.422,1.4234585724538467
34.0,15.0,294.0,4.39,3601.0,-2.5,-154.0,169.0,90.0,68.0,1.578,-0.129,407.0,488.0,17706.0,1.0,1.301,1.233,114.0,43.0,136.0,112.0,125.0,86.0,5.0,8.0,8.0,11.0,8.0,232.0,177.0,-7.0,-5.0,-3.0,0.0,0.0,-57.0,37.0,14.0,31.0,6.0,4.041,9.866,20.809,116.0,65.338,43.0,169.0,46.468,43.0,33.701,43.0,9.333,5.132,5.0,15.0,8.857,3.078,5.0,15.0,8.357,2.977,4.0,15.0,10.408,18.618,34.564,-6.333,1.155,-7.0,-5.0,-4.857,1.574,-7.0,-3.0,-2.0,3.351,-7.0,4.0,16.0,-57.0,68.0,-3.714,45.235,-57.0,68.0,3.714,33.61,-57.0,1.101,5.0,2.0,1.155,4.0,126.0,219.0,109.586,16.5,10.0,13.0,6.807,3.5,15.0,10.0,5.132,126.0,65.338,0.0,2.0,1.155,-1.0,0.678,1.449,1.4641061954934504
1.0,16.0,16.0,0.1,18.0,3.0,7.0,22.0,13.0,8.0,0.321,0.048,0.0,0.0,17684.0,2.0,0.369,0.369,25.4,22.0,22.0,22.0,22.0,22.0,16.0,16.0,16.0,16.0,16.0,16.0,16.0,7.0,7.0,7.0,7.0,7.0,8.0,8.0,8.0,8.0,8.0,1.98,1.98,1.98,22.0,5.657,22.0,22.0,5.657,22.0,5.657,22.0,16.0,0.707,16.0,16.0,16.0,0.707,16.0,16.0,16.0,0.707,16.0,16.0,12.021,12.021,12.021,7.0,4.243,7.0,7.0,7.0,4.243,7.0,7.0,7.0,4.243,7.0,7.0,8.0,8.0,8.0,8.0,7.778,8.0,8.0,8.0,7.778,8.0,1.155,-2.8,5.7,4.031,0.05,-8.0,10.0,7.071,-3.0,1.0,-7.0,4.95,-2.5,17.0,-6.0,4.243,1.5,1.061,-6.0,4.0,2.828,-4.0,2.71,0.369,0.3908969210507611
3.0,11.0,44.0,0.36,66.0,0.0,8.0,16.0,5.0,-5.0,0.711,0.036,0.0,0.0,17656.0,2.0,0.369,0.369,25.4,14.0,22.0,22.0,22.0,22.0,17.0,16.0,16.0,16.0,16.0,16.0,16.0,1.0,7.0,7.0,7.0,7.0,-3.0,8.0,8.0,8.0,8.0,1.646,1.646,1.646,17.333,4.163,14.0,22.0,4.163,14.0,4.163,14.0,14.667,3.215,11.0,17.0,14.667,3.215,11.0,17.0,14.667,3.215,11.0,17.0,14.107,14.107,14.107,2.333,4.163,-1.0,7.0,2.333,4.163,-1.0,7.0,2.333,4.163,-1.0,7.0,0.0,-5.0,8.0,0.0,7.0,-5.0,8.0,0.0,7.0,-5.0,1.594,2.9,5.7,4.031,0.05,2.0,10.0,7.071,-3.0,-6.0,-7.0,4.95,-2.5,11.0,-6.0,4.243,1.5,1.061,-2.0,4.0,2.828,-4.0,1.727,0.747,0.7496645711873886
4.0,7.0,51.0,0.49,96.0,-1.0,6.0,22.0,3.0,-3.0,0.826,0.023,0.0,0.0,17649.0,2.0,0.369,0.369,25.4,16.0,14.0,22.0,22.0,22.0,11.0,17.0,16.0,16.0,16.0,16.0,16.0,-1.0,1.0,7.0,7.0,7.0,-5.0,-3.0,8.0,8.0,8.0,2.85,2.327,2.327,17.333,4.163,14.0,22.0,4.123,14.0,4.123,14.0,11.667,5.033,7.0,17.0,12.75,4.646,7.0,17.0,12.75,4.646,7.0,17.0,9.074,15.253,15.253,-0.667,1.528,-2.0,1.0,1.25,4.031,-2.0,7.0,1.25,4.031,-2.0,7.0,-3.667,-5.0,-3.0,-0.75,5.909,-5.0,8.0,-0.75,5.909,-5.0,1.286,2.8,-0.1,3.262,2.85,6.0,4.0,7.211,4.0,-4.0,2.0,3.606,-5.0,7.0,-4.0,5.033,6.0,3.969,-1.0,1.0,2.646,-1.5,1.339,0.849,0.8145835426053272
6.0,9.0,68.0,0.75,170.0,1.0,6.0,26.0,-4.0,-4.0,0.979,0.054,0.0,0.0,17632.0,2.0,0.369,0.369,25.4,24.0,22.0,16.0,22.0,22.0,8.0,7.0,11.0,16.0,16.0,16.0,16.0,0.0,-2.0,-1.0,7.0,7.0,-3.0,-3.0,-5.0,8.0,8.0,5.7,6.415,6.415,24.0,2.0,22.0,26.0,4.676,14.0,4.676,14.0,8.0,1.0,7.0,9.0,11.333,4.227,7.0,17.0,11.333,4.227,7.0,17.0,8.505,18.691,18.691,0.0,2.0,-2.0,2.0,1.167,3.189,-2.0,7.0,1.167,3.189,-2.0,7.0,-3.333,-4.0,-3.0,-1.667,4.803,-5.0,8.0,-1.667,4.803,-5.0,1.527,5.7,0.0,1.674,5.7,2.0,0.0,2.309,2.0,1.0,0.0,2.887,1.0,9.0,1.0,1.0,2.0,2.255,2.0,0.0,1.732,2.0,1.059,1.033,1.0141082462808026
8.0,4.0,78.0,1.01,260.0,-6.0,-13.0,34.0,-14.0,-4.0,1.068,0.002,268.0,268.0,17622.0,2.0,0.369,0.369,25.4,27.0,26.0,24.0,22.0,22.0,6.0,9.0,8.0,16.0,16.0,16.0,16.0,0.0,2.0,0.0,7.0,7.0,-6.0,-4.0,-3.0,8.0,8.0,7.503,7.435,7.223,29.0,4.359,26.0,34.0,6.8,14.0,6.312,14.0,6.333,2.517,4.0,9.0,8.857,4.22,4.0,17.0,9.75,4.652,4.0,17.0,5.033,16.466,21.317,-5.0,10.44,-17.0,2.0,-2.429,6.554,-17.0,2.0,-1.25,6.923,-17.0,7.0,-4.667,-6.0,-4.0,-4.0,1.155,-6.0,-3.0,-2.5,4.375,-6.0,0.835,-14.2,-17.1,10.772,-5.65,7.0,6.0,3.215,4.0,-2.0,1.0,2.082,-2.5,4.0,-2.0,2.517,6.5,4.072,-17.0,-15.0,10.017,-9.5,0.903,1.07,1.070809559666991
9.0,6.0,84.0,1.14,312.0,-3.0,-20.0,44.0,-11.0,3.0,1.099,-0.033,274.0,284.0,17616.0,2.0,0.579,0.369,25.4,34.0,27.0,26.0,14.0,22.0,4.0,6.0,9.0,17.0,16.0,33.0,16.0,-17.0,0.0,2.0,1.0,7.0,-4.0,-6.0,-4.0,-3.0,8.0,9.115,7.827,8.324,35.0,8.544,27.0,44.0,9.053,16.0,9.126,14.0,5.333,1.155,4.0,6.0,7.286,2.289,4.0,11.0,9.333,4.528,4.0,17.0,5.033,14.673,22.478,-8.333,8.505,-17.0,0.0,-3.714,6.651,-17.0,2.0,-2.0,6.856,-17.0,7.0,-2.333,-6.0,3.0,-3.143,2.911,-6.0,3.0,-1.889,4.485,-6.0,1.032,17.0,31.2,15.624,1.4,10.0,3.0,4.583,8.5,2.0,4.0,2.646,-0.0,6.0,2.0,1.155,10.0,8.312,9.0,26.0,13.051,-4.0,0.935,1.066,1.0667343833813914
13.0,5.0,105.0,1.68,584.0,-1.0,-42.0,57.0,-21.0,1.0,1.186,-0.035,305.0,313.0,17595.0,2.0,1.033,0.369,25.4,45.0,57.0,38.0,26.0,22.0,3.0,10.0,3.0,9.0,16.0,68.0,16.0,0.0,-1.0,-8.0,2.0,7.0,-9.0,8.0,-7.0,-4.0,8.0,4.332,15.467,16.743,53.0,6.928,45.0,57.0,11.246,27.0,14.435,14.0,6.0,3.606,3.0,10.0,5.286,2.43,3.0,10.0,8.077,4.499,3.0,17.0,4.041,11.658,27.158,-1.0,1.0,-2.0,0.0,-5.143,6.283,-17.0,0.0,-2.231,5.89,-17.0,7.0,0.0,-9.0,8.0,-2.0,6.164,-9.0,8.0,-1.846,5.352,-9.0,1.246,2.8,-2.9,5.925,4.25,12.0,24.0,16.258,-0.0,2.0,9.0,7.095,-2.5,5.0,2.0,3.606,12.0,6.928,-2.0,-3.0,4.583,-0.5,0.88,1.151,1.152919628888974
15.0,9.0,118.0,1.92,752.0,0.0,-51.0,70.0,-20.0,5.0,1.219,-0.047,320.0,338.0,17582.0,2.0,1.07,0.369,25.4,57.0,57.0,45.0,34.0,22.0,4.0,5.0,3.0,4.0,16.0,78.0,16.0,-4.0,-2.0,0.0,-17.0,7.0,-4.0,1.0,-9.0,-4.0,8.0,7.559,14.182,20.443,61.333,7.506,57.0,70.0,10.845,38.0,17.508,14.0,6.0,2.646,4.0,9.0,5.714,2.812,3.0,10.0,7.286,3.811,3.0,17.0,6.658,12.0,25.755,-1.667,2.517,-4.0,1.0,-3.143,3.671,-8.0,1.0,-2.786,5.117,-17.0,2.0,0.667,-4.0,5.0,-0.429,6.373,-9.0,8.0,-2.214,4.775,-9.0,1.219,11.4,8.5,4.937,7.15,13.0,13.0,7.234,6.5,5.0,6.0,3.0,2.0,9.0,5.0,2.646,13.0,7.506,5.0,7.0,4.041,1.5,0.858,1.172,1.1702214699587548
17.0,8.0,131.0,2.18,936.0,-2.0,-53.0,72.0,-32.0,1.0,1.239,-0.019,334.0,347.0,17569.0,2.0,1.09,0.747,25.5,54.0,70.0,57.0,38.0,16.0,5.0,9.0,4.0,3.0,11.0,87.0,44.0,1.0,1.0,-4.0,-8.0,-1.0,-14.0,5.0,-4.0,-7.0,-5.0,3.32,11.509,22.591,65.333,9.866,54.0,72.0,9.335,45.0,16.853,22.0,7.333,2.082,5.0,9.0,6.286,2.69,3.0,10.0,6.214,2.326,3.0,10.0,6.557,12.549,24.272,-1.0,3.464,-5.0,1.0,-1.429,2.37,-5.0,1.0,-3.071,5.121,-17.0,2.0,-2.667,-14.0,5.0,-1.714,7.783,-14.0,8.0,-2.571,5.787,-14.0,1.265,0.1,-5.6,5.65,2.9,18.0,34.0,18.358,1.0,3.0,7.0,4.726,-0.5,8.0,3.0,2.082,18.0,9.866,-6.0,-6.0,5.508,-3.0,0.823,1.22,1.2188174808269925
18.0,4.0,135.0,2.31,1036.0,-6.0,-67.0,76.0,-30.0,2.0,1.249,-0.038,343.0,364.0,17565.0,2.0,1.091,0.849,28.3,72.0,54.0,70.0,57.0,22.0,8.0,5.0,9.0,10.0,7.0,97.0,51.0,-5.0,1.0,1.0,-1.0,-2.0,1.0,-14.0,5.0,8.0,-3.0,3.262,9.608,21.995,67.333,11.719,54.0,76.0,11.267,45.0,17.407,24.0,5.667,2.082,4.0,8.0,5.429,2.225,3.0,9.0,6.0,2.386,3.0,10.0,6.11,13.25,23.812,-7.0,9.165,-17.0,1.0,-3.714,6.317,-17.0,1.0,-4.143,6.311,-17.0,2.0,-3.667,-14.0,2.0,-2.571,6.803,-14.0,5.0,-2.214,5.912,-14.0,1.124,-5.7,-5.8,5.7,-2.8,4.0,-14.0,17.088,11.0,-4.0,-7.0,4.041,-0.5,4.0,-4.0,2.082,4.0,11.719,-12.0,-6.0,6.0,-9.0,0.82,1.211,1.211011725819127
19.0,8.0,143.0,2.44,1142.0,-2.0,-74.0,65.0,-43.0,-12.0,1.259,-0.024,378.0,366.0,17557.0,2.0,1.137,0.944,34.0,76.0,72.0,54.0,45.0,24.0,4.0,8.0,5.0,3.0,8.0,100.0,59.0,-17.0,-5.0,1.0,0.0,0.0,2.0,1.0,-14.0,-9.0,-3.0,7.199,10.066,22.582,71.0,5.568,65.0,76.0,8.58,54.0,16.36,26.0,6.667,2.309,4.0,8.0,6.143,2.116,4.0,9.0,6.0,2.386,3.0,10.0,6.11,13.855,23.889,-9.333,6.658,-17.0,-5.0,-4.571,6.133,-17.0,1.0,-4.571,6.211,-17.0,2.0,-3.0,-12.0,2.0,-3.0,7.348,-14.0,5.0,-2.857,6.467,-14.0,1.534,14.3,20.0,10.29,4.3,-11.0,-15.0,14.503,-3.5,4.0,8.0,4.359,-0.0,8.0,4.0,2.309,-11.0,5.568,11.0,23.0,11.93,-0.5,0.826,1.235,1.2350344950044065
20.0,6.0,149.0,2.57,1256.0,0.0,-74.0,73.0,-29.0,-7.0,1.272,-0.012,383.0,369.0,17551.0,2.0,1.151,1.033,39.7,65.0,76.0,72.0,57.0,26.0,8.0,4.0,8.0,5.0,9.0,105.0,68.0,-6.0,-17.0,-5.0,-2.0,2.0,-12.0,2.0,1.0,1.0,-4.0,14.3,12.645,24.428,71.333,5.686,65.0,76.0,8.401,54.0,15.509,27.0,6.0,2.0,4.0,8.0,6.286,2.059,4.0,9.0,5.786,2.225,3.0,10.0,7.024,14.08,24.378,-7.667,8.622,-17.0,0.0,-4.286,6.317,-17.0,1.0,-4.714,6.069,-17.0,1.0,-5.667,-12.0,2.0,-4.143,7.244,-14.0,5.0,-3.071,6.557,-14.0,1.562,14.3,0.0,11.547,14.3,8.0,19.0,10.017,-1.5,-2.0,-6.0,4.163,1.0,6.0,-2.0,2.0,8.0,5.686,6.0,-5.0,12.097,8.5,0.81,1.26,1.2620825645648144
21.0,7.0,156.0,2.7,1382.0,0.0,-80.0,52.0,-79.0,-30.0,1.294,0.021,387.0,355.0,17544.0,2.0,1.166,1.107,42.6,73.0,65.0,76.0,57.0,27.0,6.0,8.0,4.0,4.0,6.0,109.0,74.0,0.0,-6.0,-17.0,-4.0,0.0,-7.0,-12.0,2.0,-4.0,-6.0,10.304,13.823,25.954,63.333,10.599,52.0,73.0,9.504,52.0,13.333,34.0,7.0,1.0,6.0,8.0,6.714,1.799,4.0,9.0,5.857,2.248,3.0,10.0,6.506,13.758,25.034,-2.0,3.464,-6.0,0.0,-3.714,6.525,-17.0,1.0,-4.714,6.069,-17.0,1.0,-16.333,-30.0,-7.0,-7.857,12.158,-30.0,5.0,-4.786,9.744,-30.0,2.302,5.7,-8.6,4.965,10.0,-21.0,-29.0,14.731,-6.5,1.0,3.0,3.0,-0.5,7.0,1.0,1.0,-21.0,10.599,0.0,-6.0,5.508,3.0,0.794,1.315,1.3130671302144425
22.0,6.0,162.0,2.83,1517.0,-8.0,-112.0,43.0,-120.0,-41.0,1.137,0.223,391.0,342.0,17538.0,2.0,1.172,1.07,28.4,52.0,73.0,65.0,70.0,34.0,7.0,6.0,8.0,9.0,4.0,118.0,78.0,0.0,0.0,-6.0,1.0,-17.0,-30.0,-7.0,-12.0,5.0,-4.0,8.707,12.666,22.523,56.0,15.395,43.0,73.0,12.589,43.0,12.333,38.0,6.333,0.577,6.0,7.0,6.286,1.496,4.0,8.0,6.0,2.184,3.0,10.0,6.506,13.985,25.455,-7.667,13.279,-23.0,0.0,-7.143,9.335,-23.0,1.0,-5.143,7.124,-23.0,1.0,-26.0,-41.0,-7.0,-14.429,15.904,-41.0,2.0,-7.429,13.721,-41.0,2.386,-17.1,-22.8,16.226,-5.7,-9.0,12.0,14.572,-15.0,-1.0,-2.0,1.528,0.0,6.0,-1.0,0.577,-9.0,15.395,-23.0,-23.0,15.308,-11.5,0.76,1.36,1.360429448306086
23.0,41.0,203.0,2.96,1656.0,-10.0,-149.0,55.0,-151.0,-31.0,1.337,0.049,394.0,337.0,17497.0,2.0,1.215,1.066,45.4,43.0,52.0,73.0,54.0,44.0,6.0,7.0,6.0,5.0,6.0,123.0,84.0,-23.0,0.0,0.0,1.0,-8.0,-41.0,-30.0,-7.0,-14.0,3.0,9.787,11.957,20.329,50.0,6.245,43.0,55.0,12.486,43.0,11.753,38.0,18.0,19.925,6.0,41.0,11.429,13.113,4.0,41.0,8.5,9.606,3.0,41.0,25.58,24.169,31.233,-17.333,15.308,-29.0,0.0,-11.429,11.588,-29.0,0.0,-6.643,9.564,-29.0,1.0,-34.0,-41.0,-30.0,-16.857,17.082,-41.0,2.0,-9.857,14.707,-41.0,1.871,0.3,17.4,11.915,-8.4,12.0,21.0,16.703,1.5,35.0,36.0,20.232,17.0,41.0,35.0,19.925,12.0,6.245,-6.0,17.0,11.93,-14.5,0.735,1.386,1.3860202290894326
25.0,21.0,240.0,3.22,1958.0,-7.0,-216.0,94.0,-164.0,4.0,1.382,0.007,400.0,356.0,17460.0,2.0,1.211,1.091,62.5,72.0,55.0,43.0,76.0,57.0,16.0,41.0,6.0,4.0,10.0,135.0,97.0,-26.0,-29.0,-23.0,-17.0,-1.0,-16.0,-31.0,-41.0,2.0,8.0,10.137,9.069,17.815,73.667,19.553,55.0,94.0,16.866,43.0,13.885,43.0,26.0,13.229,16.0,41.0,15.0,12.832,6.0,41.0,10.214,10.146,3.0,41.0,18.556,38.426,43.36,-25.333,4.041,-29.0,-21.0,-15.0,12.57,-29.0,0.0,-9.357,11.209,-29.0,1.0,-14.333,-31.0,4.0,-19.0,15.706,-41.0,4.0,-10.786,14.418,-41.0,1.31,11.6,3.0,5.853,10.1,22.0,5.0,5.0,19.5,5.0,30.0,30.0,-10.0,21.0,5.0,13.229,22.0,19.553,5.0,2.0,5.859,4.0,0.716,1.389,1.3893774952513458
26.0,6.0,246.0,3.35,2120.0,-3.0,-237.0,103.0,-153.0,11.0,1.405,-0.018,402.0,371.0,17454.0,2.0,1.235,1.137,68.2,94.0,72.0,55.0,65.0,45.0,21.0,16.0,41.0,8.0,3.0,143.0,100.0,-21.0,-26.0,-29.0,-6.0,0.0,4.0,-16.0,-31.0,-12.0,-9.0,14.543,13.129,19.61,89.667,15.948,72.0,103.0,22.194,43.0,16.449,43.0,14.333,7.638,6.0,21.0,14.714,13.035,6.0,41.0,10.429,10.013,4.0,41.0,14.177,40.779,47.863,-19.0,8.185,-26.0,-10.0,-15.571,12.177,-29.0,0.0,-10.071,10.88,-29.0,1.0,-0.333,-16.0,11.0,-15.714,19.388,-41.0,11.0,-9.357,15.554,-41.0,1.363,17.3,5.7,4.419,14.45,9.0,-13.0,6.557,15.5,-15.0,-20.0,15.275,-5.0,6.0,-15.0,7.638,9.0,15.948,11.0,6.0,4.163,8.0,0.72,1.387,1.3897057230028271
29.0,3.0,258.0,3.74,2635.0,-2.0,-277.0,116.0,-115.0,20.0,1.47,-0.065,406.0,406.0,17442.0,2.0,1.36,1.172,85.3,128.0,78.0,103.0,43.0,70.0,5.0,4.0,6.0,6.0,9.0,162.0,118.0,-4.0,-1.0,-10.0,-23.0,1.0,33.0,-16.0,11.0,-41.0,5.0,4.43,23.973,26.134,107.333,26.102,78.0,128.0,25.695,55.0,24.95,43.0,4.0,1.0,3.0,5.0,13.714,13.829,3.0,41.0,10.0,10.206,3.0,41.0,4.041,20.345,52.56,-3.333,2.082,-5.0,-1.0,-13.714,11.427,-29.0,-1.0,-10.429,10.588,-29.0,1.0,12.333,-16.0,33.0,0.714,22.714,-31.0,33.0,-6.857,20.411,-41.0,1.409,5.8,2.9,5.925,4.35,-12.0,-62.0,40.079,19.0,-2.0,-3.0,1.732,-0.5,3.0,-2.0,1.0,-12.0,26.102,-1.0,2.0,6.429,-2.0,0.712,1.405,1.4030088787263186
31.0,5.0,271.0,4.0,3004.0,0.0,-296.0,91.0,-133.0,-7.0,1.511,-0.052,408.0,404.0,17429.0,2.0,1.396,1.22,91.1,86.0,116.0,128.0,72.0,72.0,8.0,3.0,5.0,16.0,8.0,219.0,131.0,-1.0,-5.0,-4.0,-26.0,-5.0,-11.0,20.0,33.0,-16.0,1.0,7.298,18.808,30.134,97.667,16.073,86.0,116.0,17.53,78.0,24.191,43.0,5.333,2.517,3.0,8.0,7.429,6.188,3.0,21.0,10.0,10.206,3.0,41.0,6.557,10.931,51.257,-2.0,2.646,-5.0,0.0,-6.0,7.439,-21.0,0.0,-10.214,10.721,-29.0,0.0,0.667,-11.0,20.0,4.857,17.733,-16.0,33.0,-7.214,20.226,-41.0,1.955,5.8,-2.9,1.674,7.25,5.0,35.0,17.502,-12.5,-3.0,-8.0,4.359,1.0,5.0,-3.0,2.517,5.0,16.073,1.0,-3.0,2.517,2.5,0.697,1.459,1.4590709708097553
35.0,0.0,295.0,4.52,3821.0,0.0,-352.0,247.0,12.0,146.0,1.6,-0.156,406.0,467.0,17405.0,2.0,1.404,1.315,119.7,99.0,101.0,99.0,128.0,52.0,1.0,14.0,9.0,5.0,7.0,255.0,156.0,-1.0,-1.0,1.0,-4.0,0.0,-2.0,1.0,0.0,33.0,-30.0,5.75,11.961,33.487,149.0,84.876,99.0,247.0,56.84,86.0,47.641,43.0,5.0,7.81,0.0,14.0,5.714,4.957,0.0,14.0,9.929,10.695,0.0,41.0,0.577,15.313,37.845,-0.667,0.577,-1.0,0.0,-1.0,1.915,-5.0,1.0,-8.643,11.05,-29.0,1.0,48.333,-2.0,146.0,21.0,55.982,-11.0,146.0,6.5,44.445,-41.0,0.802,5.7,-0.1,1.589,5.75,148.0,150.0,85.471,73.0,-1.0,12.0,9.165,-7.0,0.0,-1.0,7.81,148.0,84.876,1.0,1.0,1.528,0.5,0.659,1.444,1.4723887823949942
4.0,7.0,51.0,0.49,96.0,-1.0,6.0,22.0,3.0,-3.0,0.826,0.024,0.0,0.0,17649.0,3.0,0.362,0.362,25.4,16.0,14.0,22.0,22.0,22.0,11.0,17.0,16.0,16.0,16.0,16.0,16.0,-1.0,1.0,7.0,7.0,7.0,-5.0,-3.0,8.0,8.0,8.0,2.85,2.327,2.327,17.333,4.163,14.0,22.0,4.123,14.0,4.123,14.0,11.667,5.033,7.0,17.0,12.75,4.646,7.0,17.0,12.75,4.646,7.0,17.0,9.074,15.253,15.253,-0.667,1.528,-2.0,1.0,1.25,4.031,-2.0,7.0,1.25,4.031,-2.0,7.0,-3.667,-5.0,-3.0,-0.75,5.909,-5.0,8.0,-0.75,5.909,-5.0,1.286,2.8,-0.1,3.262,2.85,6.0,4.0,7.211,4.0,-4.0,2.0,3.606,-5.0,7.0,-4.0,5.033,6.0,3.969,-1.0,1.0,2.646,-1.5,1.332,0.85,0.8157532756707941
5.0,8.0,59.0,0.62,131.0,0.0,5.0,24.0,0.0,-3.0,0.914,0.03,0.0,0.0,17641.0,3.0,0.362,0.362,25.4,22.0,16.0,14.0,22.0,22.0,7.0,11.0,17.0,16.0,16.0,16.0,16.0,-2.0,-1.0,1.0,7.0,7.0,-3.0,-5.0,-3.0,8.0,8.0,4.332,4.322,4.322,20.667,4.163,16.0,24.0,4.336,14.0,4.336,14.0,8.667,2.082,7.0,11.0,11.8,4.55,7.0,17.0,11.8,4.55,7.0,17.0,7.506,16.742,16.742,-1.0,1.0,-2.0,0.0,1.0,3.536,-2.0,7.0,1.0,3.536,-2.0,7.0,-3.667,-5.0,-3.0,-1.2,5.215,-5.0,8.0,-1.2,5.215,-5.0,1.417,5.7,2.9,1.646,4.25,2.0,-4.0,2.309,4.0,1.0,5.0,3.606,-1.5,8.0,1.0,2.082,2.5,4.368,2.0,3.0,2.082,0.5,1.176,0.944,0.9431179695250944
6.0,9.0,68.0,0.75,170.0,1.0,6.0,26.0,-4.0,-4.0,0.979,0.056,0.0,0.0,17632.0,3.0,0.362,0.362,25.4,24.0,22.0,16.0,22.0,22.0,8.0,7.0,11.0,16.0,16.0,16.0,16.0,0.0,-2.0,-1.0,7.0,7.0,-3.0,-3.0,-5.0,8.0,8.0,5.7,6.415,6.415,24.0,2.0,22.0,26.0,4.676,14.0,4.676,14.0,8.0,1.0,7.0,9.0,11.333,4.227,7.0,17.0,11.333,4.227,7.0,17.0,8.505,18.691,18.691,0.0,2.0,-2.0,2.0,1.167,3.189,-2.0,7.0,1.167,3.189,-2.0,7.0,-3.333,-4.0,-3.0,-1.667,4.803,-5.0,8.0,-1.667,4.803,-5.0,1.527,5.7,0.0,1.674,5.7,2.0,0.0,2.309,2.0,1.0,0.0,2.887,1.0,9.0,1.0,1.0,2.0,2.255,2.0,0.0,1.732,2.0,1.059,1.035,1.013875057473474
7.0,6.0,74.0,0.68,210.0,0.0,8.0,27.0,-8.0,-6.0,1.029,0.078,270.0,253.0,17626.0,3.0,0.362,0.362,25.4,26.0,24.0,22.0,22.0,22.0,9.0,8.0,7.0,16.0,16.0,16.0,16.0,2.0,0.0,-2.0,7.0,7.0,-4.0,-3.0,-3.0,8.0,8.0,4.375,7.73,7.73,25.667,1.528,24.0,27.0,4.894,14.0,4.894,14.0,7.667,1.528,6.0,9.0,10.571,4.353,6.0,17.0,10.571,4.353,6.0,17.0,7.55,20.246,20.246,0.667,1.155,0.0,2.0,1.0,2.944,-2.0,7.0,1.0,2.944,-2.0,7.0,-4.333,-6.0,-3.0,-2.286,4.68,-6.0,8.0,-2.286,4.68,-6.0,1.578,2.9,-2.8,1.617,4.3,1.0,-1.0,0.577,1.5,-3.0,-4.0,2.309,-1.0,6.0,-3.0,1.528,1.0,1.528,-2.0,-4.0,2.309,0.0,0.966,1.107,1.1058506367996483
20.0,6.0,149.0,2.57,1256.0,0.0,-74.0,73.0,-29.0,-7.0,1.272,-0.012,383.0,369.0,17551.0,3.0,1.151,1.035,39.7,65.0,76.0,72.0,57.0,26.0,8.0,4.0,8.0,5.0,9.0,105.0,68.0,-6.0,-17.0,-5.0,-2.0,2.0,-12.0,2.0,1.0,1.0,-4.0,14.3,12.645,24.428,71.333,5.686,65.0,76.0,8.401,54.0,15.509,27.0,6.0,2.0,4.0,8.0,6.286,2.059,4.0,9.0,5.786,2.225,3.0,10.0,7.024,14.08,24.378,-7.667,8.622,-17.0,0.0,-4.286,6.317,-17.0,1.0,-4.714,6.069,-17.0,1.0,-5.667,-12.0,2.0,-4.143,7.244,-14.0,5.0,-3.071,6.557,-14.0,1.562,14.3,0.0,11.547,14.3,8.0,19.0,10.017,-1.5,-2.0,-6.0,4.163,1.0,6.0,-2.0,2.0,8.0,5.686,6.0,-5.0,12.097,8.5,0.81,1.26,1.2622433047247275
26.0,6.0,246.0,3.35,2120.0,-3.0,-237.0,103.0,-153.0,11.0,1.405,-0.017,402.0,371.0,17454.0,3.0,1.235,1.138,68.2,94.0,72.0,55.0,65.0,45.0,21.0,16.0,41.0,8.0,3.0,143.0,100.0,-21.0,-26.0,-29.0,-6.0,0.0,4.0,-16.0,-31.0,-12.0,-9.0,14.543,13.129,19.61,89.667,15.948,72.0,103.0,22.194,43.0,16.449,43.0,14.333,7.638,6.0,21.0,14.714,13.035,6.0,41.0,10.429,10.013,4.0,41.0,14.177,40.779,47.863,-19.0,8.185,-26.0,-10.0,-15.571,12.177,-29.0,0.0,-10.071,10.88,-29.0,1.0,-0.333,-16.0,11.0,-15.714,19.388,-41.0,11.0,-9.357,15.554,-41.0,1.363,17.3,5.7,4.419,14.45,9.0,-13.0,6.557,15.5,-15.0,-20.0,15.275,-5.0,6.0,-15.0,7.638,9.0,15.948,11.0,6.0,4.163,8.0,0.72,1.388,1.3895631228505967
27.0,4.0,250.0,3.4,2285.0,0.0,-248.0,78.0,-169.0,-16.0,1.426,-0.006,404.0,369.0,17450.0,3.0,1.26,1.151,71.0,103.0,94.0,72.0,73.0,57.0,6.0,21.0,16.0,6.0,5.0,149.0,105.0,-10.0,-21.0,-26.0,0.0,-2.0,11.0,4.0,-16.0,-7.0,1.0,15.824,19.432,22.38,91.667,12.662,78.0,103.0,22.376,43.0,16.389,43.0,10.333,9.292,4.0,21.0,14.429,13.277,4.0,41.0,10.357,10.058,4.0,41.0,5.033,39.032,50.668,-10.667,10.017,-21.0,-1.0,-15.714,11.968,-29.0,0.0,-10.0,10.94,-29.0,1.0,-0.333,-16.0,11.0,-17.0,19.009,-41.0,11.0,-10.571,15.346,-41.0,1.983,14.3,-3.0,2.851,15.8,-25.0,-34.0,24.269,-8.0,-2.0,13.0,10.149,-8.5,4.0,-2.0,9.292,-25.0,12.662,9.0,-2.0,3.055,10.0,0.72,1.42,1.4194775111118862
29.0,3.0,258.0,3.74,2635.0,-2.0,-277.0,116.0,-115.0,20.0,1.47,-0.066,406.0,406.0,17442.0,3.0,1.36,1.172,85.3,128.0,78.0,103.0,43.0,70.0,5.0,4.0,6.0,6.0,9.0,162.0,118.0,-4.0,-1.0,-10.0,-23.0,1.0,33.0,-16.0,11.0,-41.0,5.0,4.43,23.973,26.134,107.333,26.102,78.0,128.0,25.695,55.0,24.95,43.0,4.0,1.0,3.0,5.0,13.714,13.829,3.0,41.0,10.0,10.206,3.0,41.0,4.041,20.345,52.56,-3.333,2.082,-5.0,-1.0,-13.714,11.427,-29.0,-1.0,-10.429,10.588,-29.0,1.0,12.333,-16.0,33.0,0.714,22.714,-31.0,33.0,-6.857,20.411,-41.0,1.409,5.8,2.9,5.925,4.35,-12.0,-62.0,40.079,19.0,-2.0,-3.0,1.732,-0.5,3.0,-2.0,1.0,-12.0,26.102,-1.0,2.0,6.429,-2.0,0.712,1.404,1.4032144630509085
35.0,0.0,295.0,4.52,3821.0,0.0,-352.0,247.0,12.0,146.0,1.6,-0.156,406.0,467.0,17405.0,3.0,1.404,1.315,119.7,99.0,101.0,99.0,128.0,52.0,1.0,14.0,9.0,5.0,7.0,255.0,156.0,-1.0,-1.0,1.0,-4.0,0.0,-2.0,1.0,0.0,33.0,-30.0,5.75,11.961,33.487,149.0,84.876,99.0,247.0,56.84,86.0,47.641,43.0,5.0,7.81,0.0,14.0,5.714,4.957,0.0,14.0,9.929,10.695,0.0,41.0,0.577,15.313,37.845,-0.667,0.577,-1.0,0.0,-1.0,1.915,-5.0,1.0,-8.643,11.05,-29.0,1.0,48.333,-2.0,146.0,21.0,55.982,-11.0,146.0,6.5,44.445,-41.0,0.802,5.7,-0.1,1.589,5.75,148.0,150.0,85.471,73.0,-1.0,12.0,9.165,-7.0,0.0,-1.0,7.81,148.0,84.876,1.0,1.0,1.528,0.5,0.659,1.444,1.4725855490065602
1.0,21.0,21.0,0.1,18.0,0.0,0.0,22.0,-1.0,8.0,0.321,-0.003,0.0,0.0,19979.0,4.0,0.318,0.318,17.5,22.0,22.0,22.0,22.0,22.0,21.0,21.0,21.0,21.0,21.0,21.0,21.0,0.0,0.0,0.0,0.0,0.0,8.0,8.0,8.0,8.0,8.0,1.768,1.768,1.768,22.0,6.364,22.0,22.0,6.364,22.0,6.364,22.0,21.0,2.828,21.0,21.0,21.0,2.828,21.0,21.0,21.0,2.828,21.0,21.0,17.678,17.678,17.678,0.0,4.95,0.0,0.0,0.0,4.95,0.0,0.0,0.0,4.95,0.0,0.0,8.0,8.0,8.0,8.0,8.485,8.0,8.0,8.0,8.485,8.0,0.795,-2.5,2.5,1.768,-1.25,-9.0,14.0,9.899,-2.0,4.0,-12.0,8.485,-2.0,25.0,-8.0,5.657,5.0,3.536,-7.0,3.0,2.121,-5.5,3.145,0.318,0.28725895943821245
2.0,25.0,46.0,0.23,40.0,-3.0,-7.0,13.0,-5.0,-4.0,0.549,-0.07,0.0,0.0,19954.0,4.0,0.318,0.318,17.5,22.0,22.0,22.0,22.0,22.0,21.0,21.0,21.0,21.0,21.0,21.0,21.0,0.0,0.0,0.0,0.0,0.0,8.0,8.0,8.0,8.0,8.0,1.768,1.768,1.768,17.5,6.364,13.0,22.0,6.364,13.0,6.364,13.0,23.0,2.828,21.0,25.0,23.0,2.828,21.0,25.0,23.0,2.828,21.0,25.0,17.678,17.678,17.678,-3.5,4.95,-7.0,0.0,-3.5,4.95,-7.0,0.0,-3.5,4.95,-7.0,0.0,2.0,-4.0,8.0,2.0,8.485,-4.0,8.0,2.0,8.485,-4.0,1.154,-2.5,2.5,1.768,-1.25,-9.0,14.0,9.899,-2.0,4.0,-12.0,8.485,-2.0,25.0,-8.0,5.657,5.0,3.536,-7.0,3.0,2.121,-5.5,3.145,0.479,0.5513599071873831
3.0,17.0,63.0,0.36,66.0,-4.0,-18.0,18.0,-8.0,-2.0,0.711,-0.157,0.0,0.0,19937.0,4.0,0.318,0.318,17.5,13.0,22.0,22.0,22.0,22.0,25.0,21.0,21.0,21.0,21.0,21.0,21.0,-7.0,0.0,0.0,0.0,0.0,-4.0,8.0,8.0,8.0,8.0,1.443,1.443,1.443,17.667,4.509,13.0,22.0,4.509,13.0,4.509,13.0,21.0,4.0,17.0,25.0,21.0,4.0,17.0,25.0,21.0,4.0,17.0,25.0,21.127,21.127,21.127,-6.0,5.568,-11.0,0.0,-6.0,5.568,-11.0,0.0,-6.0,5.568,-11.0,0.0,0.667,-4.0,8.0,0.667,6.429,-4.0,8.0,0.667,6.429,-4.0,0.833,0.0,2.5,1.768,-1.25,5.0,14.0,9.899,-2.0,-8.0,-12.0,8.485,-2.0,17.0,-8.0,5.657,5.0,3.536,-4.0,3.0,2.121,-5.5,2.088,0.554,0.5779775551518687
9.0,7.0,128.0,1.14,312.0,-4.0,-83.0,33.0,-65.0,-8.0,1.099,-0.058,274.0,233.0,19872.0,4.0,0.479,0.318,17.5,26.0,25.0,19.0,13.0,22.0,12.0,11.0,12.0,25.0,21.0,46.0,21.0,-7.0,-8.0,-15.0,-7.0,0.0,-11.0,-8.0,-11.0,-4.0,8.0,3.873,10.446,10.444,28.0,4.359,25.0,33.0,6.824,12.0,6.591,12.0,10.0,2.646,7.0,12.0,11.714,2.928,7.0,17.0,14.222,5.674,7.0,25.0,9.609,23.954,35.454,-8.333,1.528,-10.0,-7.0,-10.286,2.563,-15.0,-7.0,-8.778,4.116,-15.0,0.0,-9.0,-11.0,-8.0,-8.571,3.359,-12.0,-2.0,-6.222,6.261,-12.0,1.297,5.1,2.6,5.244,3.8,7.0,6.0,3.215,4.0,-5.0,-6.0,3.055,-2.0,7.0,-5.0,2.646,7.0,4.359,-3.0,-4.0,5.033,-1.0,1.005,1.041,1.0359009730138031
16.0,20.0,219.0,2.06,841.0,-4.0,-181.0,55.0,-142.0,-13.0,1.229,-0.009,327.0,275.0,19781.0,4.0,1.041,0.479,15.0,57.0,45.0,51.0,33.0,13.0,15.0,16.0,10.0,7.0,25.0,128.0,46.0,-8.0,-22.0,-2.0,-10.0,-7.0,-8.0,-16.0,-5.0,-8.0,-4.0,13.437,14.492,21.255,52.333,6.429,45.0,57.0,8.552,35.0,14.694,12.0,17.0,2.646,15.0,20.0,13.0,4.163,8.0,20.0,12.357,3.522,7.0,20.0,17.559,29.462,47.06,-13.0,7.81,-22.0,-8.0,-11.429,6.373,-22.0,-2.0,-10.857,4.704,-22.0,-2.0,-12.333,-16.0,-8.0,-10.714,3.904,-16.0,-5.0,-9.643,3.671,-16.0,1.471,5.1,-15.2,17.759,12.7,-2.0,-14.0,9.452,5.0,5.0,6.0,3.786,2.0,20.0,5.0,2.646,-2.0,6.429,-1.0,-15.0,17.039,6.5,0.84,1.22,1.2184066601782537
17.0,15.0,234.0,2.18,936.0,-4.0,-190.0,61.0,-152.0,-10.0,1.239,0.001,334.0,283.0,19766.0,4.0,1.048,0.554,15.0,55.0,57.0,45.0,37.0,18.0,20.0,15.0,16.0,8.0,17.0,136.0,63.0,-9.0,-8.0,-22.0,-16.0,-11.0,-13.0,-8.0,-16.0,-8.0,-2.0,5.1,13.545,22.049,57.667,3.055,55.0,61.0,9.071,35.0,15.576,12.0,16.667,2.887,15.0,20.0,14.0,3.559,10.0,20.0,12.214,3.355,7.0,20.0,17.559,32.114,49.064,-9.0,1.0,-10.0,-8.0,-10.571,6.051,-22.0,-2.0,-10.786,4.71,-22.0,-2.0,-10.333,-13.0,-8.0,-11.0,3.742,-16.0,-5.0,-10.214,2.94,-16.0,1.41,5.1,-0.0,8.776,5.1,6.0,8.0,7.024,2.0,-5.0,-10.0,5.033,0.0,15.0,-5.0,2.887,6.0,3.055,-1.0,0.0,8.66,-1.0,0.82,1.24,1.238333646497289
18.0,12.0,246.0,2.31,1036.0,-8.0,-209.0,76.0,-150.0,2.0,1.249,-0.028,343.0,306.0,19754.0,4.0,1.104,0.691,20.1,61.0,55.0,57.0,35.0,12.0,15.0,20.0,15.0,11.0,12.0,147.0,75.0,-10.0,-9.0,-8.0,-10.0,-10.0,-10.0,-13.0,-8.0,-14.0,-12.0,2.916,12.384,21.726,64.0,10.817,55.0,76.0,11.103,43.0,17.001,19.0,15.667,4.041,12.0,20.0,14.143,3.436,10.0,20.0,12.214,3.355,7.0,20.0,13.528,33.339,50.934,-13.333,6.658,-21.0,-9.0,-12.143,7.198,-22.0,-2.0,-11.571,5.431,-22.0,-2.0,-7.0,-13.0,2.0,-8.714,5.88,-16.0,2.0,-9.214,4.336,-16.0,1.066,-5.0,-10.1,5.831,0.05,15.0,9.0,8.505,10.5,-3.0,2.0,5.292,-4.0,12.0,-3.0,4.041,15.0,10.817,-11.0,-10.0,5.774,-6.0,0.806,1.221,1.243978208383702
20.0,14.0,268.0,2.57,1256.0,-5.0,-231.0,60.0,-165.0,-20.0,1.272,0.011,383.0,308.0,19732.0,4.0,1.163,0.831,22.6,62.0,76.0,61.0,51.0,19.0,8.0,12.0,15.0,10.0,12.0,168.0,98.0,-10.0,-21.0,-10.0,-2.0,-15.0,-15.0,2.0,-10.0,-5.0,-11.0,10.601,14.921,22.294,66.0,8.718,60.0,76.0,9.289,45.0,15.169,25.0,11.333,3.055,8.0,14.0,14.286,3.684,8.0,20.0,12.143,3.57,7.0,20.0,11.136,30.235,53.409,-14.667,5.686,-21.0,-10.0,-13.286,5.823,-22.0,-8.0,-11.357,5.372,-22.0,-2.0,-11.0,-20.0,2.0,-11.429,7.115,-20.0,2.0,-10.357,5.344,-20.0,1.69,5.2,-10.0,10.1,10.2,-2.0,12.0,14.572,-8.0,6.0,10.0,5.508,1.0,14.0,6.0,3.055,-2.0,8.718,-3.0,-14.0,11.136,4.0,0.801,1.283,1.2812714660641906
21.0,15.0,283.0,2.7,1382.0,-9.0,-261.0,81.0,-186.0,-1.0,1.294,-0.019,387.0,325.0,19717.0,4.0,1.171,0.921,35.2,60.0,62.0,76.0,45.0,25.0,14.0,8.0,12.0,16.0,11.0,184.0,109.0,-13.0,-10.0,-21.0,-22.0,-8.0,-20.0,-15.0,2.0,-16.0,-8.0,2.946,9.74,21.973,67.667,11.59,60.0,81.0,9.914,55.0,16.114,26.0,12.333,3.786,8.0,15.0,14.143,3.625,8.0,20.0,12.429,3.631,7.0,20.0,14.503,28.715,54.927,-15.667,7.371,-24.0,-10.0,-13.571,6.347,-24.0,-8.0,-12.5,6.236,-24.0,-2.0,-12.0,-20.0,-1.0,-9.286,7.74,-20.0,2.0,-9.857,5.882,-20.0,1.19,-5.0,-10.2,10.1,0.1,21.0,23.0,17.786,9.5,1.0,-5.0,5.0,3.5,15.0,1.0,3.786,21.0,11.59,-11.0,-8.0,11.136,-7.0,0.779,1.275,1.2916090763683532
22.0,5.0,288.0,2.83,1517.0,-8.0,-290.0,65.0,-205.0,-19.0,1.137,0.163,391.0,327.0,19712.0,4.0,1.19,0.995,37.7,81.0,60.0,62.0,57.0,26.0,15.0,14.0,8.0,15.0,12.0,199.0,121.0,-24.0,-13.0,-10.0,-8.0,-7.0,-1.0,-20.0,-15.0,-8.0,-11.0,5.05,10.108,22.009,68.667,10.97,60.0,81.0,9.34,55.0,14.658,33.0,11.333,5.508,5.0,15.0,12.714,4.957,5.0,20.0,11.929,4.141,5.0,20.0,10.408,25.344,55.501,-18.667,5.508,-24.0,-13.0,-15.143,6.094,-24.0,-9.0,-13.357,6.246,-24.0,-2.0,-13.333,-20.0,-1.0,-10.857,8.513,-20.0,2.0,-10.429,6.37,-20.0,1.638,10.1,15.1,7.703,2.55,-16.0,-37.0,18.682,2.5,-10.0,-11.0,8.185,-4.5,5.0,-10.0,5.508,-16.0,10.97,5.0,16.0,8.0,-3.0,0.784,1.3,1.2962441300462832
23.0,11.0,299.0,2.96,1656.0,-8.0,-317.0,79.0,-212.0,-7.0,1.337,-0.027,394.0,336.0,19701.0,4.0,1.22,1.041,42.8,65.0,81.0,60.0,55.0,33.0,5.0,15.0,14.0,20.0,7.0,219.0,128.0,-19.0,-24.0,-13.0,-9.0,-10.0,-19.0,-1.0,-20.0,-13.0,-8.0,7.78,10.83,22.101,75.0,8.718,65.0,81.0,9.155,60.0,14.658,35.0,10.333,5.033,5.0,15.0,11.429,3.78,5.0,15.0,12.214,3.906,5.0,20.0,8.185,23.874,55.356,-21.0,2.646,-24.0,-19.0,-16.714,5.648,-24.0,-10.0,-14.071,6.403,-24.0,-2.0,-9.0,-19.0,-1.0,-10.0,8.563,-20.0,2.0,-10.357,6.404,-20.0,1.414,5.2,-4.9,7.703,7.65,14.0,30.0,19.655,-1.0,6.0,16.0,8.185,-2.0,11.0,6.0,5.033,14.0,8.718,-1.0,-6.0,8.083,2.0,0.769,1.31,1.3132691900134934
27.0,21.0,366.0,3.4,2285.0,-15.0,-473.0,68.0,-315.0,-26.0,1.426,-0.011,404.0,331.0,19634.0,4.0,1.283,1.163,70.6,54.0,60.0,80.0,60.0,51.0,24.0,11.0,11.0,14.0,10.0,268.0,168.0,-33.0,-22.0,-21.0,-13.0,-2.0,-38.0,-30.0,-8.0,-20.0,-5.0,2.858,8.622,19.519,60.667,7.024,54.0,68.0,10.69,54.0,10.967,45.0,18.667,6.807,11.0,24.0,14.0,6.557,5.0,24.0,14.143,5.112,5.0,24.0,22.517,30.452,53.675,-31.333,8.622,-39.0,-22.0,-25.429,7.591,-39.0,-19.0,-19.357,9.052,-39.0,-8.0,-31.333,-38.0,-26.0,-18.429,13.649,-38.0,-1.0,-14.929,11.069,-38.0,1.722,0.1,5.1,5.1,-2.45,14.0,20.0,17.088,4.0,-3.0,-16.0,8.505,5.0,21.0,-3.0,6.807,14.0,7.024,-6.0,5.0,5.0,-8.5,0.716,1.415,1.395973167760609
31.0,10.0,461.0,4.0,3004.0,-18.0,-645.0,80.0,-378.0,-18.0,1.511,-0.034,408.0,344.0,19539.0,4.0,1.321,1.24,86.0,82.0,67.0,93.0,80.0,61.0,25.0,35.0,25.0,11.0,15.0,310.0,234.0,-40.0,-30.0,-19.0,-21.0,-10.0,-15.0,-29.0,-2.0,-8.0,-10.0,2.801,10.304,17.829,76.333,8.145,67.0,82.0,13.626,54.0,11.153,54.0,23.333,12.583,10.0,35.0,21.571,8.715,10.0,35.0,16.214,8.451,5.0,35.0,18.028,53.671,72.21,-38.333,7.638,-45.0,-30.0,-32.571,9.607,-45.0,-19.0,-25.429,10.435,-45.0,-10.0,-20.667,-29.0,-15.0,-22.571,11.886,-38.0,-2.0,-16.143,11.993,-38.0,1.664,0.1,5.0,2.887,-2.4,-2.0,-17.0,20.599,6.5,-15.0,-5.0,13.229,-12.5,10.0,-15.0,12.583,-2.0,8.145,-5.0,5.0,3.215,-7.5,0.682,1.477,1.4697936506200837
35.0,27.0,526.0,4.52,3821.0,-23.0,-919.0,59.0,-489.0,-42.0,1.6,-0.073,406.0,343.0,19474.0,4.0,1.424,1.275,96.4,94.0,65.0,72.0,93.0,81.0,17.0,5.0,16.0,25.0,15.0,391.0,283.0,-60.0,-60.0,-40.0,-19.0,-24.0,-7.0,-35.0,-27.0,-2.0,-1.0,5.25,4.987,11.983,72.667,18.717,59.0,94.0,11.964,59.0,12.313,54.0,16.333,11.015,5.0,27.0,19.286,10.372,5.0,35.0,17.357,9.035,5.0,35.0,22.189,32.664,81.595,-59.667,0.577,-60.0,-59.0,-47.714,12.038,-60.0,-30.0,-36.214,15.448,-60.0,-19.0,-28.0,-42.0,-7.0,-24.714,12.12,-42.0,-7.0,-21.643,12.701,-42.0,2.349,5.3,0.1,11.865,5.25,-35.0,-64.0,32.083,-3.0,10.0,-2.0,12.741,11.0,27.0,10.0,11.015,-35.0,18.717,1.0,1.0,11.846,0.5,0.661,1.542,1.5050713443854637
2.0,13.0,22.0,0.23,40.0,0.0,0.0,20.0,18.0,3.0,0.549,-0.107,0.0,0.0,19978.0,5.0,0.255,0.255,17.5,22.0,22.0,22.0,22.0,22.0,9.0,9.0,9.0,9.0,9.0,9.0,9.0,0.0,0.0,0.0,0.0,0.0,8.0,8.0,8.0,8.0,8.0,3.536,3.536,3.536,21.0,1.414,20.0,22.0,1.414,20.0,1.414,20.0,11.0,2.828,9.0,13.0,11.0,2.828,9.0,13.0,11.0,2.828,9.0,13.0,9.192,9.192,9.192,0.5,0.707,0.0,1.0,0.5,0.707,0.0,1.0,0.5,0.707,0.0,1.0,5.5,3.0,8.0,5.5,3.536,3.0,8.0,5.5,3.536,3.0,1.125,5.0,-5.0,3.536,2.5,-2.0,5.0,3.536,0.5,4.0,-8.0,5.657,0.0,13.0,-4.0,2.828,2.5,1.768,1.0,-5.0,3.536,-1.5,3.922,0.442,0.4559147691191119
6.0,14.0,67.0,0.75,170.0,1.0,-7.0,32.0,34.0,2.0,0.979,-0.193,0.0,0.0,19933.0,5.0,0.255,0.255,17.5,38.0,25.0,23.0,22.0,22.0,10.0,12.0,9.0,9.0,9.0,9.0,9.0,1.0,-5.0,-3.0,0.0,0.0,11.0,1.0,3.0,8.0,8.0,7.638,8.619,8.619,31.667,6.506,25.0,38.0,6.919,20.0,6.919,20.0,12.0,2.0,10.0,14.0,11.167,2.137,9.0,14.0,11.167,2.137,9.0,14.0,12.055,21.145,21.145,-0.667,3.786,-5.0,2.0,-0.667,2.733,-5.0,2.0,-0.667,2.733,-5.0,2.0,4.667,1.0,11.0,4.667,3.933,1.0,11.0,4.667,3.933,1.0,1.253,5.0,-5.0,3.775,7.5,-6.0,-19.0,9.539,3.5,4.0,6.0,3.215,1.0,14.0,4.0,2.0,-6.0,6.764,1.0,-5.0,4.041,3.5,1.427,0.786,0.8284621105093142
8.0,11.0,84.0,1.01,260.0,2.0,-2.0,47.0,53.0,10.0,1.068,-0.198,268.0,349.0,19916.0,5.0,0.255,0.255,17.5,43.0,32.0,38.0,22.0,22.0,6.0,14.0,10.0,9.0,9.0,9.0,9.0,2.0,2.0,1.0,0.0,0.0,10.0,2.0,11.0,8.0,8.0,5.05,11.321,12.062,40.667,7.767,32.0,47.0,10.438,20.0,10.361,20.0,10.333,4.041,6.0,14.0,10.714,2.69,6.0,14.0,10.5,2.563,6.0,14.0,8.622,22.736,26.234,3.0,1.732,2.0,5.0,0.429,3.359,-5.0,5.0,0.375,3.114,-5.0,5.0,7.333,2.0,10.0,5.714,4.386,1.0,11.0,6.0,4.14,1.0,1.068,5.0,-0.1,0.058,5.05,4.0,-7.0,8.544,7.5,5.0,13.0,7.234,-1.5,11.0,5.0,4.041,4.0,7.489,3.0,3.0,1.528,1.5,1.202,0.87,0.8186282120272144
10.0,15.0,109.0,1.27,372.0,0.0,-3.0,53.0,57.0,8.0,1.129,-0.174,281.0,344.0,19891.0,5.0,0.558,0.255,17.5,38.0,47.0,43.0,23.0,22.0,10.0,11.0,6.0,9.0,9.0,31.0,9.0,2.0,5.0,2.0,-3.0,0.0,-4.0,10.0,10.0,3.0,8.0,2.944,11.154,14.402,46.0,7.55,38.0,53.0,9.325,25.0,11.493,20.0,12.0,2.646,10.0,15.0,11.143,2.968,6.0,15.0,10.9,2.685,6.0,15.0,12.583,22.998,32.579,2.0,3.0,-1.0,5.0,0.857,3.132,-5.0,5.0,0.4,2.836,-5.0,5.0,4.667,-4.0,10.0,5.429,5.769,-4.0,11.0,5.2,4.917,-4.0,1.043,0.0,-5.1,2.916,2.55,15.0,24.0,12.014,3.0,5.0,6.0,3.464,2.0,15.0,5.0,2.646,15.0,7.55,-3.0,0.0,3.464,-3.0,1.067,0.955,1.00355442498357
11.0,13.0,122.0,1.4,435.0,0.0,-3.0,35.0,42.0,-14.0,1.149,-0.124,289.0,335.0,19878.0,5.0,0.64,0.255,17.5,53.0,38.0,47.0,25.0,22.0,15.0,10.0,11.0,12.0,9.0,43.0,9.0,-1.0,2.0,5.0,-5.0,0.0,8.0,-4.0,10.0,1.0,8.0,4.388,9.667,15.755,42.0,9.644,35.0,53.0,7.29,32.0,10.907,20.0,12.667,2.517,10.0,15.0,11.286,3.039,6.0,15.0,11.091,2.625,6.0,15.0,14.012,24.194,36.357,0.333,1.528,-1.0,2.0,1.571,1.902,-1.0,5.0,0.364,2.693,-5.0,5.0,-3.333,-14.0,8.0,3.286,9.358,-14.0,11.0,3.455,7.435,-14.0,1.797,7.6,7.6,3.873,3.8,-18.0,-33.0,17.059,-1.5,-2.0,-7.0,3.786,1.5,13.0,-2.0,2.517,-17.5,9.465,1.0,4.0,2.309,-1.0,1.047,1.025,1.007753430912452
14.0,16.0,162.0,1.79,668.0,0.0,-17.0,69.0,37.0,8.0,1.208,-0.105,313.0,355.0,19838.0,5.0,0.832,0.255,17.5,61.0,39.0,35.0,43.0,22.0,12.0,12.0,13.0,6.0,9.0,73.0,9.0,0.0,0.0,0.0,2.0,0.0,5.0,-16.0,-14.0,10.0,8.0,5.05,10.287,20.046,56.333,15.535,39.0,69.0,12.786,35.0,14.752,20.0,13.333,2.309,12.0,16.0,12.714,2.138,10.0,16.0,11.571,2.652,6.0,16.0,14.048,28.035,47.938,0.0,0.0,0.0,0.0,0.857,2.035,-1.0,5.0,0.286,2.367,-5.0,5.0,-1.0,-16.0,8.0,-0.429,10.952,-16.0,10.0,2.5,8.51,-16.0,1.132,5.1,0.1,0.058,5.05,8.0,-14.0,9.452,15.0,4.0,4.0,2.646,2.0,16.0,4.0,2.309,8.0,15.814,0.0,0.0,0.0,-0.0,0.909,1.103,1.1003238066242678
16.0,11.0,189.0,2.06,841.0,-1.0,-19.0,53.0,35.0,-15.0,1.229,-0.087,327.0,371.0,19811.0,5.0,0.937,0.442,22.5,77.0,69.0,61.0,38.0,20.0,16.0,16.0,12.0,10.0,13.0,94.0,22.0,-1.0,0.0,0.0,2.0,1.0,12.0,8.0,5.0,-4.0,3.0,5.1,11.574,20.884,66.333,12.22,53.0,77.0,15.163,35.0,15.88,23.0,14.333,2.887,11.0,16.0,13.571,2.07,11.0,16.0,11.929,2.786,6.0,16.0,13.577,29.359,50.763,-1.0,1.0,-2.0,0.0,-0.571,0.787,-2.0,0.0,0.0,2.449,-5.0,5.0,1.667,-15.0,12.0,-1.714,12.606,-16.0,12.0,1.5,9.975,-16.0,1.666,5.1,-0.0,0.0,5.1,-24.0,-32.0,18.475,-8.0,-5.0,-5.0,4.509,-2.5,11.0,-5.0,2.887,-24.0,12.22,-1.0,0.0,0.577,-1.0,0.909,1.142,1.1276970440602914
17.0,11.0,200.0,2.18,936.0,-1.0,-20.0,57.0,21.0,-14.0,1.239,-0.06,334.0,373.0,19800.0,5.0,0.955,0.558,22.5,53.0,77.0,69.0,53.0,23.0,11.0,16.0,16.0,15.0,9.0,109.0,31.0,-2.0,-1.0,0.0,-1.0,-3.0,-15.0,12.0,8.0,8.0,3.0,5.1,10.979,20.763,62.333,12.858,53.0,77.0,15.137,35.0,14.784,25.0,12.667,2.887,11.0,16.0,13.0,2.16,11.0,16.0,12.071,2.674,6.0,16.0,11.0,29.062,51.624,-2.0,1.0,-3.0,-1.0,-0.857,1.215,-3.0,0.0,0.0,2.449,-5.0,5.0,-5.667,-15.0,12.0,-4.857,12.522,-16.0,12.0,0.286,10.781,-16.0,1.639,5.1,0.0,0.0,5.1,4.0,28.0,17.436,-10.0,0.0,5.0,2.887,-2.5,11.0,0.0,2.887,4.0,12.858,-1.0,0.0,0.0,-1.0,0.876,1.179,1.1746454999113145
18.0,15.0,215.0,2.31,1036.0,-1.0,-22.0,80.0,27.0,6.0,1.249,-0.066,343.0,386.0,19785.0,5.0,1.025,0.64,25.1,57.0,53.0,77.0,35.0,25.0,11.0,11.0,16.0,13.0,12.0,122.0,43.0,-3.0,-2.0,-1.0,0.0,-5.0,-14.0,-15.0,12.0,-14.0,1.0,5.15,11.017,20.29,63.333,14.572,53.0,80.0,14.338,39.0,15.59,32.0,12.333,2.309,11.0,15.0,13.286,2.289,11.0,16.0,12.286,2.785,6.0,16.0,13.051,29.214,52.819,-2.667,0.577,-3.0,-2.0,-1.286,1.38,-3.0,0.0,0.143,2.179,-3.0,5.0,-7.667,-15.0,6.0,-2.0,12.369,-16.0,12.0,0.643,10.888,-16.0,1.232,5.2,0.1,0.058,5.15,23.0,19.0,23.643,13.5,4.0,4.0,4.509,2.0,15.0,4.0,2.309,23.0,14.572,0.0,1.0,0.577,-0.5,0.848,1.183,1.1809278978170217
19.0,16.0,231.0,2.44,1142.0,-1.0,-24.0,81.0,30.0,4.0,1.259,-0.067,378.0,396.0,19769.0,5.0,1.087,0.701,35.1,80.0,57.0,53.0,39.0,38.0,15.0,11.0,11.0,12.0,10.0,134.0,53.0,-3.0,-3.0,-2.0,0.0,1.0,6.0,-14.0,-15.0,-16.0,11.0,5.15,11.056,20.486,72.667,13.577,57.0,81.0,11.47,53.0,16.892,32.0,14.0,2.646,11.0,16.0,13.857,2.41,11.0,16.0,12.714,2.867,6.0,16.0,15.503,29.607,54.153,-2.667,0.577,-3.0,-2.0,-1.571,1.272,-3.0,0.0,-0.071,2.235,-3.0,5.0,-1.333,-14.0,6.0,0.857,10.808,-15.0,12.0,0.143,10.531,-16.0,1.28,5.1,-0.1,0.058,5.15,1.0,-22.0,11.93,12.0,1.0,-3.0,2.082,2.5,16.0,1.0,2.646,1.0,13.577,1.0,1.0,1.0,0.5,0.845,1.192,1.1902091222641151
20.0,7.0,238.0,2.57,1256.0,0.0,-24.0,100.0,71.0,20.0,1.272,-0.085,383.0,402.0,19762.0,5.0,1.1,0.786,40.1,81.0,80.0,57.0,61.0,32.0,16.0,15.0,11.0,12.0,14.0,146.0,67.0,-2.0,-3.0,-3.0,0.0,2.0,4.0,6.0,-14.0,5.0,2.0,7.79,12.338,21.374,87.0,11.269,80.0,100.0,15.942,53.0,19.461,35.0,12.667,4.933,7.0,16.0,13.143,3.532,7.0,16.0,12.214,3.215,6.0,16.0,11.79,27.853,54.937,-1.667,1.528,-3.0,0.0,-1.571,1.272,-3.0,0.0,-0.214,2.155,-3.0,5.0,10.0,4.0,20.0,3.0,13.026,-15.0,20.0,1.429,11.798,-16.0,1.139,10.2,5.1,2.916,7.65,19.0,18.0,11.719,10.0,-9.0,-10.0,6.807,-4.0,7.0,-9.0,4.933,19.0,11.269,2.0,1.0,1.0,1.5,0.839,1.187,1.191550275106572
26.0,16.0,293.0,3.35,2120.0,5.0,-55.0,88.0,94.0,-4.0,1.405,-0.118,402.0,445.0,19707.0,5.0,1.192,1.087,68.0,90.0,98.0,94.0,81.0,39.0,14.0,14.0,4.0,16.0,12.0,231.0,134.0,8.0,6.0,0.0,-2.0,0.0,0.0,10.0,8.0,4.0,-16.0,9.031,18.11,28.329,92.0,5.292,88.0,98.0,8.139,87.0,16.958,53.0,14.667,1.155,14.0,16.0,8.857,5.61,3.0,16.0,11.357,4.893,3.0,16.0,15.011,20.616,43.511,8.667,3.055,6.0,12.0,3.286,5.376,-2.0,12.0,0.857,4.521,-3.0,12.0,2.0,-4.0,10.0,9.286,10.626,-4.0,26.0,5.071,11.187,-15.0,1.845,10.3,2.6,2.55,9.0,-2.0,6.0,6.0,-5.0,2.0,2.0,5.292,1.0,16.0,2.0,1.155,-2.0,5.292,4.0,2.0,2.0,3.0,0.797,1.287,1.286700051753336
27.0,5.0,298.0,3.4,2285.0,-5.0,-77.0,94.0,94.0,0.0,1.426,-0.126,404.0,450.0,19702.0,5.0,1.187,1.1,73.0,88.0,90.0,98.0,100.0,61.0,16.0,14.0,14.0,7.0,12.0,238.0,146.0,12.0,8.0,6.0,0.0,0.0,-4.0,0.0,10.0,20.0,5.0,10.15,15.496,27.033,90.667,3.055,88.0,94.0,7.871,87.0,16.119,53.0,11.667,5.859,5.0,16.0,8.571,5.769,3.0,16.0,10.857,5.172,3.0,16.0,10.97,23.223,41.647,2.0,14.0,-14.0,12.0,1.286,8.499,-14.0,12.0,-0.143,6.024,-14.0,12.0,-1.333,-4.0,0.0,6.429,9.931,-4.0,26.0,4.714,11.269,-15.0,1.512,-20.3,-30.6,16.966,-5.0,6.0,8.0,7.024,2.0,-11.0,-13.0,7.0,-4.5,5.0,-11.0,5.859,6.0,3.055,-26.0,-30.0,16.773,-11.0,0.777,1.3,1.3119669521446942
28.0,12.0,310.0,3.61,2455.0,-13.0,-118.0,95.0,95.0,0.0,1.446,-0.143,405.0,458.0,19690.0,5.0,1.201,1.103,78.1,94.0,88.0,90.0,87.0,69.0,5.0,16.0,14.0,3.0,16.0,241.0,162.0,-14.0,12.0,8.0,-1.0,0.0,0.0,-4.0,0.0,5.0,8.0,16.599,13.561,24.774,92.333,3.786,88.0,95.0,7.161,88.0,15.733,53.0,11.0,5.568,5.0,16.0,9.857,5.305,4.0,16.0,10.571,4.972,3.0,16.0,8.737,25.125,40.679,-11.333,22.121,-32.0,12.0,-3.143,15.269,-32.0,12.0,-2.429,10.427,-32.0,12.0,-1.333,-4.0,0.0,5.714,10.226,-4.0,26.0,4.143,11.292,-15.0,1.363,-12.6,7.7,15.917,-16.45,1.0,-5.0,4.041,3.5,7.0,18.0,9.292,-2.0,12.0,7.0,5.568,1.0,3.786,-18.0,8.0,15.535,-22.0,0.769,1.303,1.3173536241704302
2.0,16.0,39.0,0.23,40.0,0.0,-5.0,17.0,-5.0,0.0,0.549,-0.034,0.0,0.0,19961.0,6.0,0.255,0.255,12.5,22.0,22.0,22.0,22.0,22.0,23.0,23.0,23.0,23.0,23.0,23.0,23.0,-5.0,-5.0,-5.0,-5.0,-5.0,8.0,8.0,8.0,8.0,8.0,7.071,7.071,7.071,19.5,3.536,17.0,22.0,3.536,17.0,3.536,17.0,19.5,4.95,16.0,23.0,19.5,4.95,16.0,23.0,19.5,4.95,16.0,23.0,11.314,11.314,11.314,-2.0,4.243,-5.0,1.0,-2.0,4.243,-5.0,1.0,-2.0,4.243,-5.0,1.0,4.0,0.0,8.0,4.0,5.657,0.0,8.0,4.0,5.657,0.0,1.324,10.0,-9.9,7.0,5.05,-5.0,8.0,5.657,-1.0,-7.0,3.0,2.121,-5.5,16.0,-4.0,2.828,3.0,2.121,6.0,-10.0,7.071,1.0,3.922,0.515,0.5728859327353111
7.0,10.0,103.0,0.68,210.0,0.0,-22.0,36.0,-16.0,3.0,1.029,-0.037,270.0,271.0,19897.0,6.0,0.255,0.255,12.5,23.0,33.0,11.0,22.0,22.0,14.0,12.0,16.0,23.0,23.0,23.0,23.0,-3.0,-6.0,-5.0,-5.0,-5.0,-7.0,6.0,-14.0,8.0,8.0,7.55,9.725,9.725,30.667,6.807,23.0,36.0,8.745,11.0,8.745,11.0,12.0,2.0,10.0,14.0,14.714,4.271,10.0,23.0,14.714,4.271,10.0,23.0,12.055,29.052,29.052,-3.0,3.0,-6.0,0.0,-3.0,2.646,-6.0,1.0,-3.0,2.646,-6.0,1.0,0.667,-7.0,6.0,-0.571,7.656,-14.0,8.0,-0.571,7.656,-14.0,1.186,7.5,-0.1,2.916,7.55,13.0,23.0,16.503,1.5,-4.0,-6.0,3.464,-1.0,10.0,-4.0,2.0,12.5,6.526,3.0,0.0,2.309,3.0,1.062,0.992,1.0049172873490808
8.0,11.0,114.0,1.01,260.0,1.0,-24.0,36.0,-19.0,-2.0,1.068,-0.019,268.0,267.0,19886.0,6.0,0.255,0.255,12.5,36.0,23.0,33.0,22.0,22.0,10.0,14.0,12.0,23.0,23.0,23.0,23.0,0.0,-3.0,-6.0,-5.0,-5.0,3.0,-7.0,6.0,8.0,8.0,6.338,10.165,11.651,31.667,7.506,23.0,36.0,9.957,11.0,9.285,11.0,11.667,2.082,10.0,14.0,13.0,2.38,10.0,16.0,14.25,4.166,10.0,23.0,10.504,27.441,31.993,0.0,3.0,-3.0,3.0,-1.857,3.288,-6.0,3.0,-2.25,3.24,-6.0,3.0,-2.0,-7.0,3.0,-2.0,6.658,-14.0,6.0,-0.75,7.106,-14.0,1.328,5.1,-2.4,1.415,6.3,0.0,-13.0,11.533,6.5,1.0,5.0,3.215,-1.5,11.0,1.0,2.082,0.0,7.217,3.0,0.0,0.0,3.0,1.008,1.049,1.035417390351871
9.0,15.0,129.0,1.14,312.0,1.0,-21.0,34.0,-26.0,-7.0,1.099,0.025,274.0,254.0,19871.0,6.0,0.515,0.255,12.5,36.0,36.0,23.0,17.0,22.0,11.0,10.0,14.0,16.0,23.0,39.0,23.0,3.0,0.0,-3.0,1.0,-5.0,-2.0,3.0,-7.0,0.0,8.0,6.391,12.432,13.904,35.333,1.155,34.0,36.0,9.71,11.0,9.217,11.0,12.0,2.646,10.0,15.0,12.857,2.193,10.0,16.0,14.333,3.905,10.0,23.0,13.051,27.206,35.606,1.667,1.528,0.0,3.0,-1.714,3.45,-6.0,3.0,-1.778,3.346,-6.0,3.0,-2.0,-7.0,3.0,-3.0,6.831,-14.0,6.0,-1.444,6.966,-14.0,1.629,7.6,2.5,1.415,6.35,-2.0,-2.0,8.145,-1.0,4.0,3.0,4.041,2.5,15.0,4.0,2.646,-1.5,0.866,-1.0,-4.0,2.309,1.0,0.953,1.124,1.0978509396968765
10.0,4.0,133.0,1.27,372.0,1.0,-23.0,49.0,-22.0,4.0,1.129,0.004,281.0,270.0,19867.0,6.0,0.659,0.255,12.5,34.0,36.0,36.0,20.0,22.0,15.0,11.0,10.0,12.0,23.0,51.0,23.0,2.0,3.0,0.0,-3.0,-5.0,-7.0,-2.0,3.0,0.0,8.0,5.26,12.942,15.394,39.667,8.145,34.0,49.0,11.884,11.0,11.377,11.0,10.0,5.568,4.0,15.0,11.714,4.03,4.0,16.0,13.3,4.923,4.0,23.0,10.017,24.724,37.872,2.333,0.577,2.0,3.0,-1.0,3.651,-6.0,3.0,-1.4,3.373,-6.0,3.0,-1.667,-7.0,4.0,-2.429,7.277,-14.0,6.0,-0.9,6.79,-14.0,1.182,2.5,-5.1,2.55,5.05,15.0,17.0,9.292,6.5,-11.0,-15.0,7.937,-3.5,4.0,-11.0,5.568,15.0,8.261,0.0,1.0,2.082,-0.5,0.89,1.133,1.1419467477758407
12.0,4.0,143.0,1.53,506.0,-1.0,-31.0,41.0,-33.0,-13.0,1.169,0.016,297.0,280.0,19857.0,6.0,0.84,0.255,12.5,52.0,49.0,34.0,33.0,22.0,6.0,4.0,15.0,12.0,23.0,79.0,23.0,-3.0,2.0,2.0,-6.0,-5.0,3.0,4.0,-7.0,6.0,8.0,3.873,10.688,17.721,47.333,5.686,41.0,52.0,9.759,23.0,12.755,11.0,4.667,1.155,4.0,6.0,9.143,4.562,4.0,15.0,11.917,5.518,4.0,23.0,5.033,19.0,41.015,-1.333,2.887,-3.0,2.0,-0.286,2.69,-3.0,3.0,-1.667,3.114,-6.0,3.0,-2.0,-13.0,4.0,-2.714,6.499,-13.0,4.0,-1.583,7.204,-14.0,1.598,5.1,2.6,1.501,3.8,-11.0,-14.0,13.013,-4.0,-2.0,-4.0,6.658,0.0,4.0,-2.0,1.155,-11.0,5.686,0.0,5.0,2.887,-2.5,0.878,1.185,1.1683214303516753
14.0,16.0,168.0,1.79,668.0,0.0,-39.0,88.0,-13.0,27.0,1.208,-0.043,313.0,328.0,19832.0,6.0,0.992,0.255,12.5,52.0,41.0,52.0,36.0,22.0,9.0,4.0,6.0,10.0,23.0,103.0,23.0,3.0,-3.0,-3.0,0.0,-5.0,-5.0,-13.0,3.0,3.0,8.0,6.709,10.936,21.2,60.333,24.583,41.0,88.0,18.191,34.0,19.656,11.0,9.667,6.028,4.0,16.0,9.286,4.957,4.0,16.0,12.0,5.262,4.0,23.0,12.662,17.241,45.051,0.0,3.0,-3.0,3.0,0.571,2.637,-3.0,3.0,-1.214,3.142,-6.0,3.0,3.0,-13.0,27.0,1.0,12.871,-13.0,27.0,0.214,10.207,-14.0,0.889,2.6,-7.5,3.819,6.35,36.0,25.0,23.516,23.5,7.0,2.0,4.726,6.0,16.0,7.0,6.028,36.0,24.387,-3.0,-9.0,4.583,1.5,0.821,1.165,1.1859656152361073
15.0,14.0,182.0,1.92,752.0,1.0,-37.0,51.0,-27.0,-14.0,1.219,-0.009,320.0,323.0,19818.0,6.0,1.049,0.255,12.5,88.0,52.0,41.0,36.0,22.0,16.0,9.0,4.0,11.0,23.0,114.0,23.0,0.0,3.0,-3.0,3.0,-5.0,27.0,-5.0,-13.0,-2.0,8.0,5.3,11.564,21.622,63.667,21.079,51.0,88.0,17.077,34.0,19.514,11.0,13.0,3.606,9.0,16.0,9.714,5.251,4.0,16.0,11.357,4.272,4.0,16.0,15.011,19.364,43.523,1.667,1.528,0.0,3.0,0.429,2.507,-3.0,3.0,-0.714,3.049,-6.0,3.0,2.667,-14.0,27.0,-0.714,14.08,-14.0,27.0,-1.357,10.602,-14.0,1.682,7.6,5.0,3.819,5.1,-37.0,-73.0,37.099,-0.5,-2.0,-9.0,4.726,2.5,14.0,-2.0,3.606,-36.5,20.93,2.0,5.0,4.509,-0.5,0.858,1.21,1.186097576833952
17.0,16.0,206.0,2.18,936.0,0.0,-35.0,66.0,-39.0,-5.0,1.239,0.018,334.0,332.0,19794.0,6.0,1.133,0.659,22.6,60.0,51.0,88.0,49.0,20.0,8.0,14.0,16.0,4.0,12.0,133.0,51.0,1.0,2.0,0.0,2.0,-3.0,-8.0,-14.0,27.0,4.0,0.0,5.1,13.021,23.0,59.0,7.55,51.0,66.0,15.142,41.0,19.11,11.0,12.667,4.163,8.0,16.0,10.429,4.894,4.0,16.0,11.071,4.358,4.0,16.0,12.22,25.31,41.84,1.0,1.0,0.0,2.0,0.0,2.309,-3.0,3.0,-0.5,2.981,-6.0,3.0,-9.0,-14.0,-5.0,-2.143,14.053,-14.0,27.0,-2.286,10.752,-14.0,1.455,5.1,-0.0,1.443,5.1,6.0,-3.0,25.736,7.5,8.0,14.0,7.211,1.0,16.0,8.0,4.163,6.0,7.55,-1.0,0.0,1.732,-1.0,0.808,1.257,1.2493338728484038
20.0,8.0,233.0,2.57,1256.0,1.0,-31.0,82.0,-19.0,2.0,1.272,0.02,383.0,363.0,19767.0,6.0,1.218,0.942,35.2,78.0,71.0,66.0,52.0,23.0,13.0,6.0,16.0,9.0,14.0,152.0,93.0,0.0,-1.0,0.0,3.0,-3.0,1.0,-3.0,-5.0,-5.0,-7.0,7.79,12.859,23.02,77.0,5.568,71.0,82.0,12.941,51.0,17.823,34.0,9.0,3.606,6.0,13.0,11.571,4.158,6.0,16.0,10.0,4.261,4.0,16.0,10.599,23.471,42.158,0.333,1.528,-1.0,2.0,0.571,1.134,-1.0,2.0,0.571,1.95,-3.0,3.0,0.0,-3.0,2.0,0.0,13.089,-14.0,27.0,-1.214,9.955,-14.0,1.42,10.2,5.1,2.944,7.65,4.0,-3.0,1.528,5.5,-5.0,-12.0,8.737,1.0,8.0,-5.0,3.606,4.0,5.568,2.0,1.0,1.528,1.5,0.781,1.292,1.2972826848218166
23.0,5.0,256.0,2.96,1656.0,2.0,-46.0,86.0,-31.0,0.0,1.337,-0.004,394.0,389.0,19744.0,6.0,1.237,1.124,55.4,83.0,91.0,82.0,60.0,34.0,10.0,8.0,8.0,8.0,15.0,190.0,129.0,1.0,1.0,2.0,1.0,2.0,-1.0,9.0,2.0,-8.0,-7.0,7.79,14.638,25.214,86.667,4.041,83.0,91.0,8.658,66.0,16.965,41.0,7.667,2.517,5.0,10.0,9.429,3.91,5.0,16.0,9.071,4.178,4.0,16.0,7.638,18.903,43.13,2.333,2.309,1.0,5.0,1.143,1.952,-1.0,5.0,0.714,2.164,-3.0,5.0,2.667,-1.0,9.0,0.429,4.467,-5.0,9.0,-0.214,10.108,-14.0,1.591,10.2,5.1,2.944,7.65,3.0,11.0,8.622,-2.5,-5.0,-7.0,3.606,-1.5,5.0,-5.0,2.517,3.0,4.041,4.0,4.0,2.646,2.0,0.762,1.333,1.3297568229480068
27.0,15.0,301.0,3.4,2285.0,1.0,-84.0,87.0,-24.0,-7.0,1.426,-0.033,404.0,414.0,19699.0,6.0,1.292,1.218,75.6,65.0,118.0,102.0,82.0,52.0,10.0,8.0,12.0,8.0,9.0,233.0,152.0,2.0,0.0,-1.0,2.0,3.0,-27.0,28.0,14.0,2.0,-5.0,6.49,12.985,25.546,90.0,26.627,65.0,118.0,16.469,65.0,17.439,51.0,11.0,3.606,8.0,15.0,9.714,3.2,5.0,15.0,10.643,3.692,5.0,16.0,12.583,20.967,40.435,1.0,1.0,0.0,2.0,1.286,1.89,-1.0,5.0,0.929,1.542,-1.0,5.0,-2.0,-27.0,28.0,2.286,17.337,-27.0,28.0,1.143,14.806,-27.0,1.809,5.2,-2.5,1.443,6.45,22.0,75.0,41.677,-15.5,5.0,3.0,4.583,3.5,15.0,5.0,3.606,22.0,26.627,-1.0,-3.0,1.528,0.5,0.731,1.393,1.39945426995147
2.0,3.0,22.0,0.23,40.0,-1.0,-1.0,17.0,8.0,0.0,0.549,-0.074,0.0,0.0,19478.0,7.0,0.28,0.28,18.0,22.0,22.0,22.0,22.0,22.0,19.0,19.0,19.0,19.0,19.0,19.0,19.0,0.0,0.0,0.0,0.0,0.0,8.0,8.0,8.0,8.0,8.0,1.768,1.768,1.768,19.5,3.536,17.0,22.0,3.536,17.0,3.536,17.0,11.0,11.314,3.0,19.0,11.0,11.314,3.0,19.0,11.0,11.314,3.0,19.0,2.121,2.121,2.121,-0.5,0.707,-1.0,0.0,-0.5,0.707,-1.0,0.0,-0.5,0.707,-1.0,0.0,4.0,0.0,8.0,4.0,5.657,0.0,8.0,4.0,5.657,0.0,1.206,2.5,2.7,1.909,3.85,-5.0,14.0,9.899,2.0,-16.0,28.0,19.799,-2.0,3.0,12.0,8.485,9.0,6.364,-1.0,2.0,1.414,-0.0,3.571,0.475,0.5335697067045762
3.0,15.0,37.0,0.36,66.0,0.0,-2.0,26.0,13.0,6.0,0.711,-0.111,0.0,0.0,19463.0,7.0,0.28,0.28,18.0,17.0,22.0,22.0,22.0,22.0,3.0,19.0,19.0,19.0,19.0,19.0,19.0,-1.0,0.0,0.0,0.0,0.0,0.0,8.0,8.0,8.0,8.0,3.928,3.928,3.928,21.667,4.509,17.0,26.0,4.509,17.0,4.509,17.0,12.333,8.327,3.0,19.0,12.333,8.327,3.0,19.0,12.333,8.327,3.0,19.0,9.644,9.644,9.644,-0.333,0.577,-1.0,0.0,-0.333,0.577,-1.0,0.0,-0.333,0.577,-1.0,0.0,4.667,0.0,8.0,4.667,4.163,0.0,8.0,4.667,4.163,0.0,0.988,5.2,2.7,1.909,3.85,9.0,14.0,9.899,2.0,12.0,28.0,19.799,-2.0,15.0,12.0,8.485,9.0,6.364,1.0,2.0,1.414,-0.0,2.105,0.6,0.5749110809836329
5.0,2.0,49.0,0.62,131.0,0.0,-5.0,30.0,17.0,3.0,0.914,-0.132,0.0,0.0,19451.0,7.0,0.28,0.28,18.0,24.0,26.0,17.0,22.0,22.0,10.0,15.0,3.0,19.0,19.0,19.0,19.0,-2.0,0.0,-1.0,0.0,0.0,0.0,6.0,0.0,8.0,8.0,3.917,6.145,6.145,26.667,3.055,24.0,30.0,4.817,17.0,4.817,17.0,9.0,6.557,2.0,15.0,9.8,7.396,2.0,19.0,9.8,7.396,2.0,19.0,6.429,13.864,13.864,-1.0,1.0,-2.0,0.0,-0.8,0.837,-2.0,0.0,-0.8,0.837,-2.0,0.0,3.0,0.0,6.0,3.4,3.578,0.0,8.0,3.4,3.578,0.0,1.113,5.1,2.5,1.473,3.85,6.0,8.0,5.686,2.0,-8.0,-3.0,10.786,-6.5,2.0,-8.0,6.557,6.0,3.055,1.0,3.0,1.732,-0.5,1.416,0.782,0.7978008076085037
10.0,2.0,82.0,1.27,372.0,0.0,-9.0,47.0,15.0,2.0,1.129,-0.078,281.0,327.0,19418.0,7.0,0.6,0.28,18.0,42.0,34.0,37.0,26.0,22.0,3.0,3.0,10.0,15.0,19.0,37.0,19.0,-2.0,1.0,1.0,0.0,0.0,1.0,-3.0,4.0,6.0,8.0,5.15,9.962,13.224,41.0,6.557,34.0,47.0,8.737,24.0,9.534,17.0,2.667,0.577,2.0,3.0,6.429,5.192,2.0,15.0,8.2,6.443,2.0,19.0,2.517,14.57,23.779,0.0,1.732,-2.0,1.0,-0.143,1.464,-2.0,1.0,-0.2,1.229,-2.0,1.0,0.0,-3.0,2.0,0.143,3.532,-6.0,4.0,1.5,4.116,-6.0,1.204,5.1,-0.1,1.531,5.15,5.0,-3.0,5.686,6.5,-1.0,-1.0,3.786,-0.5,2.0,-1.0,0.577,5.0,6.557,3.0,6.0,3.0,-0.0,0.974,1.051,1.0579966513592791
15.0,6.0,113.0,1.92,752.0,-1.0,-29.0,67.0,8.0,2.0,1.219,-0.063,320.0,359.0,19387.0,7.0,0.994,0.28,18.0,53.0,58.0,54.0,34.0,22.0,13.0,6.0,4.0,3.0,19.0,77.0,19.0,-1.0,-1.0,-1.0,1.0,0.0,-8.0,2.0,0.0,-3.0,8.0,5.2,11.164,19.906,59.333,7.095,53.0,67.0,8.112,42.0,15.022,17.0,8.333,4.041,6.0,13.0,5.143,3.848,2.0,13.0,6.714,4.921,2.0,15.0,9.713,12.856,26.193,-1.0,0.0,-1.0,-1.0,-0.857,0.9,-2.0,1.0,-0.5,1.092,-2.0,1.0,-1.333,-8.0,2.0,-0.143,3.579,-8.0,2.0,0.214,3.745,-8.0,1.231,5.2,0.0,0.058,5.2,14.0,19.0,9.504,4.5,-7.0,-14.0,7.095,0.0,6.0,-7.0,4.041,14.0,7.095,0.0,0.0,0.0,-0.0,0.872,1.156,1.1549011969688583
17.0,10.0,134.0,2.18,936.0,0.0,-29.0,71.0,17.0,0.0,1.239,-0.066,334.0,385.0,19366.0,7.0,1.051,0.6,25.7,76.0,67.0,53.0,47.0,26.0,11.0,6.0,13.0,2.0,15.0,82.0,37.0,-2.0,-1.0,-1.0,1.0,0.0,8.0,2.0,-8.0,2.0,6.0,6.543,11.823,21.005,71.333,4.509,67.0,76.0,10.221,49.0,16.787,24.0,9.0,2.646,6.0,11.0,7.429,3.994,2.0,13.0,6.929,4.48,2.0,15.0,10.504,18.75,25.764,-1.0,1.0,-2.0,0.0,-1.0,0.577,-2.0,0.0,-0.571,1.158,-2.0,1.0,3.333,0.0,8.0,0.571,4.721,-8.0,8.0,0.357,4.012,-8.0,1.345,7.8,2.6,1.501,6.5,-5.0,-14.0,9.849,2.0,-1.0,-6.0,6.0,2.0,10.0,-1.0,2.646,-5.0,4.509,2.0,3.0,1.528,0.5,0.865,1.173,1.1646995235534452
18.0,12.0,146.0,2.31,1036.0,1.0,-26.0,74.0,17.0,0.0,1.249,-0.056,343.0,391.0,19354.0,7.0,1.077,0.706,28.3,71.0,76.0,67.0,49.0,24.0,10.0,11.0,6.0,2.0,10.0,84.0,47.0,0.0,-2.0,-1.0,-1.0,-2.0,0.0,8.0,2.0,0.0,0.0,7.8,12.879,21.8,73.667,2.517,71.0,76.0,9.621,53.0,16.705,24.0,11.0,1.0,10.0,12.0,8.857,3.485,4.0,13.0,7.071,4.615,2.0,15.0,11.015,20.98,27.49,-0.333,1.528,-2.0,1.0,-0.714,0.951,-2.0,1.0,-0.357,1.151,-2.0,1.0,2.667,0.0,8.0,0.571,4.721,-8.0,8.0,0.357,4.012,-8.0,1.396,7.8,0.0,1.501,7.8,3.0,8.0,7.024,-1.0,2.0,3.0,3.0,0.5,12.0,2.0,1.0,3.0,2.517,1.0,-1.0,1.528,1.5,0.853,1.193,1.1996532539544025
20.0,11.0,176.0,2.57,1256.0,1.0,-23.0,85.0,44.0,5.0,1.272,-0.053,383.0,411.0,19324.0,7.0,1.114,0.889,38.6,79.0,74.0,71.0,58.0,24.0,19.0,12.0,10.0,6.0,15.0,94.0,64.0,0.0,1.0,0.0,-1.0,1.0,2.0,0.0,0.0,2.0,-6.0,6.917,13.958,23.256,79.333,5.508,74.0,85.0,10.205,53.0,16.413,34.0,14.0,4.359,11.0,19.0,11.714,3.904,6.0,19.0,8.0,5.069,2.0,19.0,15.177,25.932,33.913,1.0,1.0,0.0,2.0,-0.143,1.345,-2.0,2.0,-0.214,1.251,-2.0,2.0,2.333,0.0,5.0,1.286,4.99,-8.0,8.0,1.071,3.71,-8.0,1.369,10.4,7.7,3.917,6.55,6.0,1.0,1.528,5.5,-8.0,-15.0,7.638,-0.5,11.0,-8.0,4.359,6.0,5.508,2.0,3.0,1.528,0.5,0.83,1.219,1.2183970338078827
23.0,10.0,212.0,2.96,1656.0,0.0,-45.0,97.0,16.0,11.0,1.337,-0.053,394.0,420.0,19288.0,7.0,1.156,1.027,51.5,76.0,71.0,85.0,76.0,42.0,16.0,10.0,11.0,11.0,3.0,124.0,80.0,1.0,-1.0,2.0,-2.0,-2.0,-8.0,-11.0,5.0,8.0,1.0,6.596,13.244,24.804,81.333,13.796,71.0,97.0,9.327,71.0,14.558,47.0,12.0,3.464,10.0,16.0,12.571,3.552,10.0,19.0,9.429,4.988,2.0,19.0,13.115,28.401,45.041,0.0,1.0,-1.0,1.0,0.429,0.976,-1.0,2.0,-0.214,1.122,-2.0,2.0,-2.667,-11.0,11.0,-0.143,7.471,-11.0,11.0,0.357,6.033,-11.0,1.363,5.2,-2.7,2.601,6.55,21.0,16.0,17.521,13.0,-6.0,-12.0,6.028,0.0,10.0,-6.0,3.464,21.0,13.796,-1.0,-3.0,2.517,0.5,0.783,1.284,1.2952567396220833
29.0,0.0,242.0,3.74,2635.0,-8.0,-142.0,95.0,4.0,-1.0,1.47,-0.083,406.0,441.0,19258.0,7.0,1.277,1.156,82.5,96.0,94.0,85.0,76.0,67.0,5.0,4.0,7.0,16.0,6.0,202.0,113.0,-19.0,0.0,3.0,1.0,-1.0,1.0,0.0,-7.0,-8.0,2.0,6.49,8.042,22.096,95.0,1.0,94.0,96.0,5.381,84.0,9.409,71.0,3.0,2.646,0.0,5.0,5.714,3.147,0.0,10.0,9.214,4.823,0.0,19.0,2.887,11.596,41.13,-13.0,11.269,-20.0,0.0,-5.0,10.0,-20.0,3.0,-2.429,7.356,-20.0,3.0,0.0,-1.0,1.0,-0.143,5.9,-7.0,11.0,-0.357,6.109,-11.0,1.558,5.2,18.1,9.786,-3.85,-1.0,-3.0,5.132,0.5,-5.0,-6.0,3.055,-2.0,0.0,-5.0,2.646,-1.0,1.0,-1.0,18.0,9.866,-10.0,0.726,1.387,1.3788137086362373
31.0,7.0,262.0,4.0,3004.0,-13.0,-230.0,100.0,-12.0,2.0,1.511,-0.108,408.0,448.0,19238.0,7.0,1.303,1.173,95.5,79.0,95.0,96.0,89.0,71.0,13.0,0.0,5.0,7.0,10.0,219.0,134.0,-35.0,-20.0,-19.0,2.0,0.0,-18.0,-1.0,1.0,1.0,0.0,5.15,6.429,16.683,91.333,10.97,79.0,100.0,7.721,79.0,9.381,71.0,6.667,6.506,0.0,13.0,6.143,3.934,0.0,13.0,9.143,4.944,0.0,19.0,10.149,12.448,35.093,-30.0,8.66,-35.0,-20.0,-15.286,16.255,-35.0,3.0,-7.286,13.837,-35.0,3.0,-5.667,-18.0,2.0,-4.143,7.01,-18.0,2.0,-2.071,7.29,-18.0,1.429,5.2,15.5,8.949,-2.55,21.0,37.0,18.61,2.5,-6.0,-19.0,10.693,3.5,7.0,-6.0,6.506,21.0,10.97,0.0,15.0,8.386,-7.5,0.713,1.403,1.3803339995122248
2.0,2.0,10.0,0.23,40.0,1.0,3.0,18.0,5.0,1.0,0.549,0.0,0.0,0.0,20990.0,8.0,0.317,0.317,19.0,22.0,22.0,22.0,22.0,22.0,8.0,8.0,8.0,8.0,8.0,8.0,8.0,1.0,1.0,1.0,1.0,1.0,8.0,8.0,8.0,8.0,8.0,3.394,3.394,3.394,20.0,2.828,18.0,22.0,2.828,18.0,2.828,18.0,5.0,4.243,2.0,8.0,5.0,4.243,2.0,8.0,5.0,4.243,2.0,8.0,1.414,1.414,1.414,1.5,0.707,1.0,2.0,1.5,0.707,1.0,2.0,1.5,0.707,1.0,2.0,4.5,1.0,8.0,4.5,4.95,1.0,8.0,4.5,4.95,1.0,1.322,4.8,-2.4,1.697,3.6,-4.0,5.0,3.536,-1.5,-6.0,15.0,10.607,1.5,2.0,9.0,6.364,1.0,0.707,1.0,-3.0,2.121,-0.5,3.155,0.549,0.5794637889920513
4.0,4.0,25.0,0.49,96.0,0.0,4.0,24.0,4.0,0.0,0.826,0.001,0.0,0.0,20975.0,8.0,0.317,0.317,19.0,19.0,18.0,22.0,22.0,22.0,11.0,2.0,8.0,8.0,8.0,8.0,8.0,0.0,2.0,1.0,1.0,1.0,-1.0,1.0,8.0,8.0,8.0,3.666,4.996,4.996,20.333,3.215,18.0,24.0,2.754,18.0,2.754,18.0,5.667,4.726,2.0,11.0,6.25,4.031,2.0,11.0,6.25,4.031,2.0,11.0,7.767,8.287,8.287,1.0,1.0,0.0,2.0,1.0,0.816,0.0,2.0,1.0,0.816,0.0,2.0,0.0,-1.0,1.0,2.0,4.082,-1.0,8.0,2.0,4.082,-1.0,1.292,4.8,2.4,1.386,3.6,5.0,4.0,4.509,3.0,-7.0,-16.0,8.963,1.0,4.0,-7.0,4.726,5.0,3.215,1.0,3.0,1.732,-0.5,1.404,0.827,0.8130846593526191
6.0,10.0,42.0,0.75,170.0,0.0,2.0,30.0,4.0,0.0,0.979,-0.015,0.0,0.0,20958.0,8.0,0.317,0.317,19.0,27.0,24.0,19.0,22.0,22.0,7.0,4.0,11.0,8.0,8.0,8.0,8.0,-1.0,1.0,0.0,1.0,1.0,0.0,0.0,-1.0,8.0,8.0,3.666,6.956,6.956,27.0,3.0,24.0,30.0,4.633,18.0,4.633,18.0,7.0,3.0,4.0,10.0,7.0,3.464,2.0,11.0,7.0,3.464,2.0,11.0,8.544,12.992,12.992,0.0,1.0,-1.0,1.0,0.5,1.049,-1.0,2.0,0.5,1.049,-1.0,2.0,0.0,0.0,0.0,1.333,3.327,-1.0,8.0,1.333,3.327,-1.0,1.273,4.8,2.4,1.386,3.6,3.0,0.0,1.155,3.0,3.0,0.0,5.774,3.0,10.0,3.0,3.0,3.0,3.0,1.0,3.0,1.732,-0.5,1.11,0.964,0.9498055999072581
9.0,4.0,53.0,1.14,312.0,0.0,3.0,43.0,8.0,2.0,1.099,-0.025,274.0,302.0,20947.0,8.0,0.549,0.317,19.0,38.0,34.0,30.0,18.0,22.0,4.0,3.0,10.0,2.0,8.0,10.0,8.0,3.0,0.0,0.0,2.0,1.0,1.0,1.0,0.0,1.0,8.0,4.8,9.424,11.278,38.333,4.509,34.0,43.0,8.281,19.0,8.646,18.0,3.667,0.577,3.0,4.0,6.143,3.237,3.0,11.0,5.889,3.219,2.0,11.0,4.0,12.28,16.688,1.0,1.732,0.0,3.0,0.429,1.272,-1.0,3.0,0.667,1.225,-1.0,3.0,1.333,1.0,2.0,0.429,0.976,-1.0,2.0,1.333,2.646,-1.0,1.221,4.8,-0.0,0.058,4.8,5.0,1.0,0.577,4.5,0.0,-1.0,4.359,0.5,4.0,0.0,0.577,5.0,4.509,-3.0,-6.0,3.0,0.0,0.953,1.074,1.0731635259744299
10.0,4.0,57.0,1.27,372.0,1.0,0.0,42.0,5.0,-3.0,1.129,-0.018,281.0,301.0,20943.0,8.0,0.712,0.317,19.0,43.0,38.0,34.0,19.0,22.0,4.0,4.0,3.0,11.0,8.0,21.0,8.0,0.0,3.0,0.0,0.0,1.0,2.0,1.0,1.0,-1.0,8.0,4.8,9.793,12.765,41.0,2.646,38.0,43.0,7.371,24.0,9.226,18.0,4.0,0.0,4.0,4.0,5.143,2.478,3.0,10.0,5.7,3.093,2.0,11.0,4.0,11.412,17.656,1.333,1.528,0.0,3.0,0.571,1.272,-1.0,3.0,0.7,1.16,-1.0,3.0,0.0,-3.0,2.0,0.143,1.574,-3.0,2.0,0.9,2.846,-3.0,1.364,4.8,0.0,0.0,4.8,-1.0,-6.0,3.215,2.0,0.0,0.0,0.577,0.0,4.0,0.0,0.0,-1.0,2.646,1.0,4.0,3.055,-1.0,0.931,1.111,1.0953002358820432
13.0,3.0,68.0,1.68,584.0,-1.0,-11.0,58.0,-10.0,2.0,1.186,0.002,305.0,311.0,20932.0,8.0,0.964,0.317,19.0,40.0,49.0,42.0,30.0,22.0,7.0,1.0,4.0,10.0,8.0,42.0,8.0,-1.0,-1.0,1.0,0.0,1.0,-14.0,0.0,-3.0,0.0,8.0,4.8,10.369,17.195,49.0,9.0,40.0,58.0,7.913,34.0,12.206,18.0,3.667,3.055,1.0,7.0,3.714,1.799,1.0,7.0,5.231,3.086,1.0,11.0,5.132,8.243,20.129,-1.0,0.0,-1.0,-1.0,0.143,1.464,-1.0,3.0,0.308,1.251,-1.0,3.0,-4.0,-14.0,2.0,-1.571,5.74,-14.0,2.0,-0.231,4.833,-14.0,1.236,4.8,-0.0,0.0,4.8,18.0,27.0,13.577,4.5,-4.0,-10.0,5.508,1.0,3.0,-4.0,3.055,18.0,9.0,0.0,0.0,1.155,-0.0,0.846,1.188,1.1913194471304611
14.0,8.0,76.0,1.79,668.0,-1.0,-19.0,70.0,-1.0,9.0,1.208,-0.032,313.0,334.0,20924.0,8.0,1.012,0.317,19.0,58.0,40.0,49.0,34.0,22.0,3.0,7.0,1.0,3.0,8.0,45.0,8.0,-1.0,-1.0,-1.0,0.0,1.0,2.0,-14.0,0.0,1.0,8.0,4.8,10.369,18.658,56.0,15.1,40.0,70.0,11.603,38.0,15.143,18.0,6.0,2.646,3.0,8.0,4.429,2.37,1.0,8.0,5.429,3.056,1.0,11.0,5.686,9.335,21.483,-1.333,0.577,-2.0,-1.0,-0.143,1.676,-2.0,3.0,0.143,1.351,-2.0,3.0,-1.0,-14.0,9.0,-0.429,6.997,-14.0,9.0,0.429,5.258,-14.0,1.093,4.8,0.0,0.0,4.8,12.0,-6.0,14.177,15.0,5.0,9.0,5.508,0.5,8.0,5.0,2.646,12.0,15.1,-1.0,-1.0,0.577,-0.5,0.842,1.176,1.1917071754540065
15.0,4.0,80.0,1.92,752.0,-1.0,-22.0,70.0,4.0,5.0,1.219,-0.045,320.0,352.0,20920.0,8.0,1.049,0.317,19.0,70.0,58.0,40.0,38.0,22.0,8.0,3.0,7.0,4.0,8.0,49.0,8.0,-2.0,-1.0,-1.0,3.0,1.0,9.0,2.0,-14.0,1.0,8.0,4.8,10.369,19.053,66.0,6.928,58.0,70.0,12.967,40.0,16.888,18.0,5.0,2.646,3.0,8.0,4.429,2.37,1.0,8.0,5.143,2.983,1.0,11.0,6.11,10.095,20.942,-2.0,1.0,-3.0,-1.0,-1.0,1.291,-3.0,1.0,-0.143,1.562,-3.0,3.0,5.333,2.0,9.0,0.143,7.29,-14.0,9.0,0.214,4.98,-14.0,1.161,4.8,0.0,0.0,4.8,0.0,-12.0,9.165,6.0,-4.0,-9.0,5.196,0.5,4.0,-4.0,2.646,0.0,6.928,-1.0,0.0,0.577,-1.0,0.85,1.174,1.180710369508653
18.0,8.0,99.0,2.31,1036.0,-1.0,-23.0,72.0,6.0,-2.0,1.249,-0.038,343.0,382.0,20901.0,8.0,1.131,0.827,31.0,69.0,73.0,70.0,49.0,24.0,5.0,6.0,4.0,1.0,4.0,58.0,25.0,0.0,-4.0,-3.0,-1.0,1.0,-2.0,5.0,5.0,0.0,0.0,7.332,12.305,21.163,71.333,2.082,69.0,73.0,11.914,40.0,17.018,27.0,6.333,1.528,5.0,8.0,5.857,1.952,3.0,8.0,5.286,2.463,1.0,10.0,6.557,12.244,19.91,-2.0,2.0,-4.0,0.0,-1.857,1.345,-4.0,0.0,-0.786,1.718,-4.0,3.0,0.333,-2.0,5.0,0.429,7.502,-14.0,9.0,0.286,5.21,-14.0,1.396,4.8,-4.8,2.771,7.2,3.0,7.0,4.041,-0.5,3.0,4.0,2.082,1.0,8.0,3.0,1.528,3.0,2.082,-2.0,-6.0,3.215,1.0,0.838,1.211,1.21138950710337
19.0,4.0,103.0,2.44,1142.0,0.0,-24.0,77.0,5.0,0.0,1.259,-0.035,378.0,391.0,20897.0,8.0,1.182,0.901,33.4,72.0,69.0,73.0,40.0,27.0,8.0,5.0,6.0,7.0,7.0,65.0,32.0,-2.0,0.0,-4.0,-1.0,-1.0,-2.0,-2.0,5.0,-14.0,0.0,4.8,12.656,21.572,72.667,4.041,69.0,77.0,5.872,58.0,16.823,30.0,5.667,2.082,4.0,8.0,5.429,1.988,3.0,8.0,5.071,2.433,1.0,10.0,6.11,12.536,20.076,-1.0,1.0,-2.0,0.0,-1.857,1.345,-4.0,0.0,-0.786,1.718,-4.0,3.0,-1.333,-2.0,0.0,2.429,4.117,-2.0,9.0,0.286,5.21,-14.0,1.368,4.8,0.0,2.771,4.8,5.0,2.0,4.726,4.0,-4.0,-7.0,3.512,-0.5,4.0,-4.0,2.082,5.0,4.041,1.0,3.0,3.0,-0.5,0.826,1.224,1.2154802093479238
20.0,7.0,110.0,2.57,1256.0,-2.0,-28.0,79.0,25.0,-1.0,1.272,-0.034,383.0,399.0,20890.0,8.0,1.188,0.964,38.2,77.0,72.0,69.0,58.0,30.0,4.0,8.0,5.0,3.0,10.0,68.0,42.0,-1.0,-2.0,0.0,-1.0,0.0,0.0,-2.0,-2.0,2.0,0.0,4.8,12.656,21.89,76.0,3.606,72.0,79.0,3.805,69.0,16.394,34.0,6.333,2.082,4.0,8.0,6.0,1.732,4.0,8.0,4.857,2.07,1.0,8.0,5.568,12.456,21.128,-2.333,1.528,-4.0,-1.0,-2.286,1.496,-4.0,0.0,-1.071,1.9,-4.0,3.0,-1.0,-2.0,0.0,2.0,4.32,-2.0,9.0,0.214,5.221,-14.0,1.394,4.8,0.0,0.0,4.8,2.0,-3.0,1.528,3.5,3.0,7.0,4.041,-0.5,7.0,3.0,2.082,2.0,3.606,-3.0,-4.0,2.082,-1.0,0.817,1.238,1.237621575226648
21.0,4.0,114.0,2.7,1382.0,0.0,-34.0,72.0,-5.0,-10.0,1.294,-0.027,387.0,398.0,20886.0,8.0,1.176,1.012,42.9,79.0,77.0,72.0,70.0,34.0,7.0,4.0,8.0,8.0,3.0,76.0,45.0,-4.0,-1.0,-2.0,-2.0,0.0,-1.0,0.0,-2.0,9.0,1.0,7.332,13.414,22.707,76.0,3.606,72.0,79.0,3.625,69.0,15.19,38.0,5.0,1.732,4.0,7.0,5.429,1.618,4.0,8.0,4.929,2.018,1.0,8.0,5.568,12.528,21.807,-1.667,2.082,-4.0,0.0,-2.0,1.732,-4.0,0.0,-1.071,1.9,-4.0,3.0,-3.667,-10.0,0.0,-0.714,5.09,-10.0,5.0,-0.571,5.88,-14.0,1.662,9.6,4.8,2.771,7.2,-7.0,-9.0,6.245,-2.5,-3.0,-6.0,3.786,0.0,4.0,-3.0,1.732,-7.0,3.606,4.0,7.0,3.512,0.5,0.808,1.267,1.2575499691689562
22.0,6.0,120.0,2.83,1517.0,-1.0,-45.0,78.0,-11.0,-6.0,1.137,0.152,391.0,400.0,20880.0,8.0,1.174,1.049,47.7,72.0,79.0,77.0,70.0,38.0,4.0,7.0,4.0,4.0,4.0,80.0,49.0,0.0,-4.0,-1.0,-3.0,3.0,-10.0,-1.0,0.0,5.0,1.0,7.332,13.414,23.323,76.333,3.786,72.0,79.0,3.729,69.0,14.296,40.0,5.667,1.528,4.0,7.0,5.714,1.496,4.0,8.0,5.071,2.018,1.0,8.0,5.033,12.298,22.486,-1.667,2.082,-4.0,0.0,-1.714,1.704,-4.0,0.0,-1.357,1.499,-4.0,1.0,-5.667,-10.0,-1.0,-2.286,4.716,-10.0,5.0,-1.071,6.032,-14.0,1.596,4.8,-4.8,2.771,7.2,6.0,13.0,6.658,-0.5,2.0,5.0,3.215,-0.5,6.0,2.0,1.528,6.0,3.786,-1.0,-5.0,3.606,1.5,0.789,1.289,1.2867074069343905
23.0,7.0,127.0,2.96,1656.0,-1.0,-54.0,103.0,6.0,17.0,1.337,-0.051,394.0,418.0,20873.0,8.0,1.175,1.074,52.5,78.0,72.0,79.0,73.0,43.0,6.0,4.0,7.0,6.0,4.0,86.0,53.0,-1.0,0.0,-4.0,-4.0,0.0,-6.0,-10.0,-1.0,5.0,2.0,4.85,12.679,23.766,84.333,16.442,72.0,103.0,11.385,69.0,16.441,40.0,5.667,1.528,4.0,7.0,5.857,1.574,4.0,8.0,5.286,2.054,1.0,8.0,6.506,12.456,23.25,-1.333,1.528,-3.0,0.0,-1.571,1.512,-4.0,0.0,-1.571,1.505,-4.0,1.0,0.333,-10.0,17.0,-0.571,8.482,-10.0,17.0,0.0,7.716,-14.0,1.256,4.9,0.1,2.743,4.85,25.0,19.0,16.093,15.5,1.0,-1.0,2.646,1.5,7.0,1.0,1.528,25.0,16.442,-2.0,-1.0,3.215,-1.5,0.776,1.286,1.299747130606868
25.0,7.0,144.0,3.22,1958.0,0.0,-76.0,93.0,13.0,3.0,1.382,-0.067,400.0,432.0,20856.0,8.0,1.211,1.131,62.1,93.0,103.0,78.0,72.0,49.0,10.0,7.0,6.0,8.0,1.0,99.0,58.0,-1.0,-3.0,-1.0,-2.0,-1.0,5.0,17.0,-6.0,-2.0,0.0,7.2,13.792,24.94,96.333,5.774,93.0,103.0,11.328,72.0,15.398,40.0,8.0,1.732,7.0,10.0,6.429,2.07,4.0,10.0,6.143,1.956,3.0,10.0,8.544,14.758,25.136,-1.333,1.528,-3.0,0.0,-1.429,1.512,-4.0,0.0,-1.643,1.393,-4.0,0.0,8.333,3.0,17.0,1.143,8.668,-10.0,17.0,0.786,7.797,-14.0,1.546,7.2,0.0,1.328,7.2,0.0,10.0,18.028,-5.0,-3.0,-6.0,3.055,0.0,7.0,-3.0,1.732,0.0,5.774,1.0,-1.0,2.082,1.5,0.77,1.315,1.3180052996163387
27.0,6.0,156.0,3.4,2285.0,-1.0,-101.0,102.0,9.0,8.0,1.426,-0.072,404.0,438.0,20844.0,8.0,1.238,1.188,71.7,80.0,93.0,93.0,79.0,58.0,6.0,7.0,10.0,7.0,3.0,110.0,68.0,-1.0,0.0,-1.0,-4.0,-1.0,-12.0,3.0,5.0,-1.0,2.0,4.85,12.7,25.401,91.667,11.06,80.0,102.0,12.162,72.0,11.943,69.0,6.333,0.577,6.0,7.0,6.571,1.813,4.0,10.0,6.286,1.729,4.0,10.0,6.0,15.704,26.265,-1.0,1.0,-2.0,0.0,-1.143,1.069,-3.0,0.0,-1.714,1.383,-4.0,0.0,-0.333,-12.0,8.0,0.714,10.515,-12.0,17.0,1.357,7.752,-12.0,1.505,4.8,-0.1,1.358,4.85,22.0,35.0,17.692,4.5,0.0,1.0,1.528,-0.5,6.0,0.0,0.577,22.0,11.06,-1.0,0.0,1.155,-1.0,0.744,1.354,1.347418894985076
30.0,7.0,181.0,3.87,2818.0,0.0,-132.0,91.0,-1.0,-6.0,1.491,-0.07,407.0,439.0,20819.0,8.0,1.286,1.175,86.1,88.0,98.0,102.0,103.0,73.0,9.0,9.0,6.0,7.0,6.0,127.0,86.0,0.0,-1.0,-2.0,-3.0,-4.0,-8.0,3.0,8.0,17.0,5.0,6.093,13.112,25.405,92.333,5.132,88.0,98.0,7.058,80.0,11.507,69.0,8.333,1.155,7.0,9.0,7.714,1.604,6.0,10.0,6.786,1.805,4.0,10.0,8.021,16.015,28.921,-0.333,0.577,-1.0,0.0,-0.714,0.756,-2.0,0.0,-1.143,1.231,-4.0,0.0,-3.667,-8.0,3.0,-1.0,7.572,-12.0,8.0,-0.786,7.728,-12.0,1.9,4.8,-2.5,1.443,6.05,3.0,13.0,6.506,-3.5,-2.0,-2.0,2.517,-1.0,7.0,-2.0,1.155,3.0,5.132,0.0,-1.0,0.577,0.5,0.716,1.421,1.39332139126568
1.0,20.0,20.0,0.1,18.0,0.0,1.0,22.0,4.0,8.0,0.321,-0.004,0.0,0.0,20980.0,9.0,0.317,0.317,19.0,22.0,22.0,22.0,22.0,22.0,20.0,20.0,20.0,20.0,20.0,20.0,20.0,1.0,1.0,1.0,1.0,1.0,8.0,8.0,8.0,8.0,8.0,3.465,3.465,3.465,22.0,1.414,22.0,22.0,1.414,22.0,1.414,22.0,20.0,5.657,20.0,20.0,20.0,5.657,20.0,20.0,20.0,5.657,20.0,20.0,19.799,19.799,19.799,1.0,0.707,1.0,1.0,1.0,0.707,1.0,1.0,1.0,0.707,1.0,1.0,8.0,8.0,8.0,8.0,3.536,8.0,8.0,8.0,3.536,8.0,0.864,4.9,-2.5,1.768,3.65,-2.0,1.0,0.707,-1.5,8.0,-23.0,16.263,-3.5,28.0,-15.0,10.607,-1.0,0.707,1.0,-3.0,2.121,-0.5,3.155,0.317,0.3108424117428048
6.0,8.0,89.0,0.75,170.0,0.0,0.0,31.0,7.0,1.0,0.979,-0.042,0.0,0.0,20911.0,9.0,0.317,0.317,19.0,29.0,22.0,19.0,22.0,22.0,8.0,12.0,13.0,20.0,20.0,20.0,20.0,-1.0,-1.0,0.0,1.0,1.0,2.0,-2.0,-1.0,8.0,8.0,4.8,6.885,6.885,27.333,4.726,22.0,31.0,4.956,19.0,4.956,19.0,9.333,2.309,8.0,12.0,14.833,7.808,8.0,28.0,14.833,7.808,8.0,28.0,8.0,25.187,25.187,-0.667,0.577,-1.0,0.0,0.167,1.169,-1.0,2.0,0.167,1.169,-1.0,2.0,0.333,-2.0,2.0,1.833,3.545,-2.0,8.0,1.833,3.545,-2.0,1.235,4.8,-0.0,1.386,4.8,2.0,-5.0,2.646,4.5,0.0,4.0,2.082,-2.0,8.0,0.0,2.309,2.0,4.726,1.0,1.0,1.0,0.5,1.143,0.937,0.9322829150403966
7.0,17.0,106.0,0.68,210.0,0.0,3.0,35.0,11.0,2.0,1.029,-0.045,270.0,312.0,20894.0,9.0,0.317,0.317,19.0,31.0,29.0,22.0,22.0,22.0,8.0,8.0,12.0,20.0,20.0,20.0,20.0,0.0,-1.0,-1.0,1.0,1.0,1.0,2.0,-2.0,8.0,8.0,4.8,8.418,8.418,31.667,3.055,29.0,35.0,6.188,19.0,6.188,19.0,11.0,5.196,8.0,17.0,15.143,7.175,8.0,28.0,15.143,7.175,8.0,28.0,12.767,28.377,28.377,-0.333,0.577,-1.0,0.0,0.143,1.069,-1.0,2.0,0.143,1.069,-1.0,2.0,1.667,1.0,2.0,1.857,3.237,-2.0,8.0,1.857,3.237,-2.0,1.231,4.8,0.0,0.0,4.8,4.0,2.0,2.517,3.0,9.0,9.0,6.658,4.5,17.0,9.0,5.196,4.0,3.055,0.0,-1.0,0.577,0.5,1.067,0.984,0.9914709728996987
10.0,1.0,115.0,1.27,372.0,1.0,-4.0,44.0,7.0,-1.0,1.129,-0.036,281.0,307.0,20885.0,9.0,0.699,0.317,19.0,40.0,37.0,35.0,19.0,22.0,4.0,4.0,17.0,13.0,20.0,61.0,20.0,-3.0,3.0,0.0,0.0,1.0,-1.0,0.0,2.0,-1.0,8.0,4.996,10.033,12.675,40.333,3.512,37.0,44.0,7.348,22.0,8.95,19.0,3.0,1.732,1.0,4.0,7.714,5.438,1.0,17.0,11.5,8.33,1.0,28.0,2.646,17.066,31.7,0.333,3.055,-3.0,3.0,-0.143,1.864,-3.0,3.0,0.2,1.687,-3.0,3.0,-0.667,-1.0,0.0,0.143,1.574,-2.0,2.0,1.1,2.923,-2.0,1.307,7.2,4.8,2.4,4.8,4.0,1.0,1.0,3.5,-3.0,-3.0,6.807,-1.5,1.0,-3.0,1.732,4.0,3.512,4.0,10.0,5.508,-1.0,0.943,1.093,1.0834350901801675
13.0,4.0,125.0,1.68,584.0,1.0,-10.0,52.0,-3.0,-4.0,1.186,-0.012,305.0,318.0,20875.0,9.0,0.937,0.317,19.0,52.0,48.0,44.0,31.0,22.0,3.0,3.0,1.0,8.0,20.0,89.0,20.0,1.0,-1.0,1.0,0.0,1.0,-2.0,-1.0,-1.0,1.0,8.0,6.034,11.529,17.923,50.667,2.309,48.0,52.0,6.952,35.0,11.996,19.0,3.333,0.577,3.0,4.0,5.143,5.336,1.0,17.0,9.615,8.057,1.0,28.0,3.512,6.451,32.524,0.333,1.155,-1.0,1.0,0.286,1.89,-3.0,3.0,0.231,1.536,-3.0,3.0,-2.333,-4.0,-1.0,-1.0,1.826,-4.0,2.0,0.308,3.011,-4.0,1.429,4.9,-2.2,1.3,6.0,0.0,-4.0,2.309,2.0,1.0,1.0,1.0,0.5,4.0,1.0,0.577,0.0,2.309,0.0,-2.0,2.0,1.0,0.874,1.174,1.1642469725446962
14.0,5.0,130.0,1.79,668.0,-1.0,-17.0,61.0,-3.0,0.0,1.208,-0.025,313.0,330.0,20870.0,9.0,0.984,0.317,19.0,52.0,52.0,48.0,35.0,22.0,4.0,3.0,3.0,17.0,20.0,106.0,20.0,1.0,1.0,-1.0,0.0,1.0,-4.0,-2.0,-1.0,2.0,8.0,3.721,11.368,19.287,55.0,5.196,52.0,61.0,8.18,37.0,13.501,19.0,4.0,1.0,3.0,5.0,3.429,1.272,1.0,5.0,9.286,7.839,1.0,28.0,4.509,6.88,32.954,0.333,1.155,-1.0,1.0,0.143,1.952,-3.0,3.0,0.143,1.512,-3.0,3.0,-2.0,-4.0,0.0,-1.286,1.38,-4.0,0.0,0.286,2.894,-4.0,1.257,2.4,-2.5,2.352,3.65,9.0,9.0,4.509,4.5,1.0,0.0,0.577,1.0,5.0,1.0,1.0,9.0,5.196,-2.0,-2.0,2.0,-1.0,0.852,1.183,1.182654806001573
17.0,5.0,147.0,2.18,936.0,0.0,-14.0,73.0,4.0,2.0,1.239,-0.026,334.0,366.0,20853.0,9.0,1.093,0.699,26.3,67.0,70.0,61.0,44.0,19.0,6.0,6.0,5.0,1.0,13.0,115.0,61.0,1.0,0.0,-1.0,1.0,0.0,-1.0,5.0,0.0,-1.0,-1.0,6.04,11.933,21.622,70.0,3.0,67.0,73.0,9.914,48.0,16.073,22.0,5.667,0.577,5.0,6.0,4.571,1.272,3.0,6.0,6.143,4.13,1.0,17.0,5.508,10.858,21.955,0.333,0.577,0.0,1.0,0.143,0.9,-1.0,1.0,0.0,1.414,-3.0,3.0,2.0,-1.0,5.0,-0.143,2.911,-4.0,5.0,0.0,2.253,-4.0,1.314,4.8,-2.4,1.386,6.0,6.0,9.0,6.245,1.5,-1.0,-1.0,1.0,-0.5,5.0,-1.0,0.577,6.0,3.0,-1.0,-2.0,1.155,0.0,0.832,1.213,1.214071030444011
21.0,5.0,167.0,2.7,1382.0,0.0,-14.0,83.0,12.0,1.0,1.294,-0.029,387.0,404.0,20833.0,9.0,1.183,0.984,43.1,85.0,79.0,74.0,61.0,35.0,5.0,5.0,5.0,5.0,17.0,130.0,106.0,1.0,2.0,1.0,-1.0,0.0,5.0,2.0,0.0,0.0,2.0,6.093,13.016,23.762,82.333,3.055,79.0,85.0,6.694,67.0,16.273,37.0,5.0,0.0,5.0,5.0,5.286,0.488,5.0,6.0,4.357,1.336,1.0,6.0,5.0,11.037,19.202,1.0,1.0,0.0,2.0,0.714,0.756,0.0,2.0,0.429,1.453,-3.0,3.0,2.667,1.0,5.0,2.0,2.309,-1.0,5.0,0.357,2.499,-4.0,1.446,4.8,-2.5,1.443,6.05,-2.0,-8.0,4.359,2.0,0.0,0.0,0.0,0.0,5.0,0.0,0.0,-2.0,3.055,-1.0,0.0,1.155,-1.0,0.8,1.265,1.269388449599568
24.0,4.0,183.0,3.09,1803.0,-2.0,-46.0,89.0,16.0,1.0,1.36,-0.052,397.0,424.0,20817.0,9.0,1.213,1.093,57.5,89.0,84.0,83.0,73.0,44.0,5.0,7.0,5.0,5.0,1.0,147.0,115.0,0.0,-1.0,0.0,0.0,1.0,3.0,0.0,1.0,2.0,-1.0,4.215,11.311,23.674,87.333,2.887,84.0,89.0,5.376,74.0,14.12,48.0,5.333,1.528,4.0,7.0,5.143,0.9,4.0,7.0,4.857,1.099,3.0,7.0,4.509,11.514,21.746,-2.333,3.215,-6.0,0.0,-0.429,2.637,-6.0,2.0,-0.143,1.916,-6.0,2.0,1.333,0.0,3.0,1.714,1.799,0.0,5.0,0.786,2.517,-4.0,1.484,0.0,-7.3,3.71,3.65,0.0,-5.0,2.646,2.5,-1.0,1.0,2.082,-1.5,4.0,-1.0,1.528,0.0,2.887,-6.0,-7.0,3.606,-2.5,0.772,1.308,1.3091504024715381
32.0,10.0,249.0,4.13,3201.0,-18.0,-246.0,100.0,46.0,1.0,1.534,-0.138,408.0,475.0,20751.0,9.0,1.326,1.229,103.1,102.0,98.0,100.0,94.0,74.0,9.0,8.0,3.0,6.0,5.0,189.0,152.0,-21.0,-21.0,-21.0,5.0,1.0,4.0,1.0,4.0,4.0,0.0,4.85,5.232,17.147,100.0,2.0,98.0,102.0,1.618,97.0,7.738,79.0,9.0,1.0,8.0,10.0,8.571,3.599,3.0,15.0,6.929,3.05,3.0,15.0,9.504,17.642,29.968,-28.333,12.702,-43.0,-21.0,-17.143,14.634,-43.0,0.0,-8.5,13.58,-43.0,5.0,2.0,1.0,4.0,3.571,2.37,1.0,8.0,2.929,2.129,0.0,1.614,4.9,0.1,0.058,4.85,-2.0,-6.0,3.464,1.0,1.0,0.0,2.309,1.0,10.0,1.0,1.0,-2.0,2.0,-22.0,-22.0,12.702,-11.0,0.722,1.396,1.3977066077947673
1.0,12.0,12.0,0.1,18.0,0.0,-1.0,22.0,7.0,8.0,0.321,-0.045,0.0,0.0,20088.0,10.0,0.276,0.276,17.4,22.0,22.0,22.0,22.0,22.0,12.0,12.0,12.0,12.0,12.0,12.0,12.0,-1.0,-1.0,-1.0,-1.0,-1.0,8.0,8.0,8.0,8.0,8.0,3.536,3.536,3.536,22.0,2.121,22.0,22.0,2.121,22.0,2.121,22.0,12.0,2.121,12.0,12.0,12.0,2.121,12.0,12.0,12.0,2.121,12.0,12.0,6.364,6.364,6.364,-1.0,0.707,-1.0,-1.0,-1.0,0.707,-1.0,-1.0,-1.0,0.707,-1.0,-1.0,8.0,8.0,8.0,8.0,4.243,8.0,8.0,8.0,4.243,8.0,0.791,5.0,-2.5,1.768,3.75,-3.0,7.0,4.95,0.5,-3.0,0.0,0.0,-3.0,9.0,-3.0,2.121,4.0,2.828,1.0,-2.0,1.414,0.0,3.623,0.276,0.2802160466427712
2.0,9.0,21.0,0.23,40.0,0.0,0.0,19.0,9.0,2.0,0.549,-0.063,0.0,0.0,20079.0,10.0,0.276,0.276,17.4,22.0,22.0,22.0,22.0,22.0,12.0,12.0,12.0,12.0,12.0,12.0,12.0,-1.0,-1.0,-1.0,-1.0,-1.0,8.0,8.0,8.0,8.0,8.0,3.536,3.536,3.536,20.5,2.121,19.0,22.0,2.121,19.0,2.121,19.0,10.5,2.121,9.0,12.0,10.5,2.121,9.0,12.0,10.5,2.121,9.0,12.0,6.364,6.364,6.364,-0.5,0.707,-1.0,0.0,-0.5,0.707,-1.0,0.0,-0.5,0.707,-1.0,0.0,5.0,2.0,8.0,5.0,4.243,2.0,8.0,5.0,4.243,2.0,1.179,5.0,-2.5,1.768,3.75,-3.0,7.0,4.95,0.5,-3.0,0.0,0.0,-3.0,9.0,-3.0,2.121,4.0,2.828,1.0,-2.0,1.414,0.0,3.623,0.486,0.5696973755205126
3.0,6.0,27.0,0.36,66.0,0.0,-1.0,23.0,11.0,3.0,0.711,-0.094,0.0,0.0,20073.0,10.0,0.276,0.276,17.4,19.0,22.0,22.0,22.0,22.0,9.0,12.0,12.0,12.0,12.0,12.0,12.0,0.0,-1.0,-1.0,-1.0,-1.0,2.0,8.0,8.0,8.0,8.0,3.819,3.819,3.819,21.333,2.082,19.0,23.0,2.082,19.0,2.082,19.0,9.0,3.0,6.0,12.0,9.0,3.0,6.0,12.0,9.0,3.0,6.0,12.0,7.55,7.55,7.55,-0.667,0.577,-1.0,0.0,-0.667,0.577,-1.0,0.0,-0.667,0.577,-1.0,0.0,4.333,2.0,8.0,4.333,3.215,2.0,8.0,4.333,3.215,2.0,1.083,2.5,-2.5,1.768,3.75,4.0,7.0,4.95,0.5,-3.0,0.0,0.0,-3.0,6.0,-3.0,2.121,4.0,2.828,-1.0,-2.0,1.414,0.0,2.058,0.617,0.6041787353443842
4.0,6.0,33.0,0.49,96.0,0.0,-1.0,25.0,13.0,1.0,0.826,-0.098,0.0,0.0,20067.0,10.0,0.276,0.276,17.4,23.0,19.0,22.0,22.0,22.0,6.0,9.0,12.0,12.0,12.0,12.0,12.0,-1.0,0.0,-1.0,-1.0,-1.0,3.0,2.0,8.0,8.0,8.0,3.819,5.204,5.204,22.333,3.055,19.0,25.0,2.5,19.0,2.5,19.0,7.0,1.732,6.0,9.0,8.25,2.872,6.0,12.0,8.25,2.872,6.0,12.0,6.0,8.958,8.958,-0.333,0.577,-1.0,0.0,-0.5,0.577,-1.0,0.0,-0.5,0.577,-1.0,0.0,2.0,1.0,3.0,3.5,3.109,1.0,8.0,3.5,3.109,1.0,1.196,5.0,2.5,1.443,3.75,2.0,-2.0,3.606,3.0,0.0,3.0,1.732,-1.5,6.0,0.0,1.732,2.0,3.055,1.0,2.0,1.155,-0.0,1.621,0.728,0.7438993459249521
10.0,3.0,46.0,1.27,372.0,0.0,-11.0,45.0,21.0,0.0,1.129,-0.099,281.0,340.0,20054.0,10.0,0.617,0.276,17.4,41.0,39.0,35.0,23.0,22.0,0.0,0.0,2.0,6.0,12.0,27.0,12.0,-1.0,0.0,-1.0,-1.0,-1.0,0.0,2.0,2.0,3.0,8.0,5.204,9.129,12.652,41.667,3.055,39.0,45.0,7.034,25.0,8.857,19.0,1.0,1.732,0.0,3.0,2.714,2.289,0.0,6.0,4.6,3.836,0.0,12.0,1.732,4.572,11.257,-0.667,0.577,-1.0,0.0,-0.429,0.787,-1.0,1.0,-0.5,0.707,-1.0,1.0,0.667,0.0,2.0,1.286,0.951,0.0,2.0,2.2,2.251,0.0,1.22,2.5,-5.0,2.887,5.0,4.0,2.0,1.155,3.0,3.0,3.0,2.517,1.5,3.0,3.0,1.732,4.0,3.055,0.0,1.0,1.0,-0.5,0.998,1.03,1.032005789036028
11.0,4.0,50.0,1.4,435.0,0.0,-11.0,51.0,22.0,2.0,1.149,-0.095,289.0,346.0,20050.0,10.0,0.728,0.276,17.4,45.0,41.0,39.0,25.0,22.0,3.0,0.0,0.0,6.0,12.0,33.0,12.0,-1.0,-1.0,0.0,0.0,-1.0,0.0,0.0,2.0,1.0,8.0,5.148,9.915,14.361,45.667,5.033,41.0,51.0,7.625,29.0,10.342,19.0,2.333,2.082,0.0,4.0,2.429,1.902,0.0,5.0,4.545,3.643,0.0,12.0,3.512,4.298,11.657,-1.0,0.0,-1.0,-1.0,-0.571,0.787,-1.0,1.0,-0.545,0.688,-1.0,1.0,0.667,0.0,2.0,1.429,0.976,0.0,2.0,2.182,2.136,0.0,1.222,7.4,4.9,2.858,4.95,6.0,2.0,2.0,5.0,1.0,-2.0,1.528,2.0,4.0,1.0,2.082,6.0,5.033,0.0,0.0,0.577,-0.0,0.971,1.054,1.0645771359384715
13.0,6.0,61.0,1.68,584.0,0.0,-21.0,44.0,3.0,-12.0,1.186,-0.048,305.0,334.0,20039.0,10.0,0.874,0.276,17.4,49.0,51.0,45.0,32.0,22.0,5.0,4.0,3.0,5.0,12.0,41.0,12.0,-1.0,-1.0,-1.0,-1.0,-1.0,-5.0,2.0,0.0,2.0,8.0,5.05,11.222,17.644,48.0,3.606,44.0,51.0,5.593,35.0,10.797,19.0,5.0,1.0,4.0,6.0,2.857,2.34,0.0,6.0,4.692,3.351,0.0,12.0,5.508,7.041,13.549,-1.0,0.0,-1.0,-1.0,-0.857,0.378,-1.0,0.0,-0.615,0.65,-1.0,1.0,-5.0,-12.0,2.0,-1.571,5.224,-12.0,2.0,0.538,4.684,-12.0,1.645,5.1,0.1,1.358,5.05,-5.0,-3.0,5.686,-3.5,1.0,0.0,0.0,1.0,6.0,1.0,1.0,-5.0,3.606,0.0,0.0,0.0,-0.0,0.918,1.138,1.1264646122307131
14.0,7.0,68.0,1.79,668.0,0.0,-27.0,62.0,4.0,1.0,1.208,-0.058,313.0,345.0,20032.0,10.0,0.926,0.276,17.4,44.0,49.0,51.0,35.0,22.0,6.0,5.0,4.0,2.0,12.0,43.0,12.0,-1.0,-1.0,-1.0,-1.0,-1.0,-12.0,-5.0,2.0,2.0,8.0,5.05,11.602,19.24,51.667,9.292,44.0,62.0,7.718,39.0,12.648,19.0,6.0,1.0,5.0,7.0,3.571,2.76,0.0,7.0,4.857,3.278,0.0,12.0,6.506,9.552,15.108,-1.0,0.0,-1.0,-1.0,-0.857,0.378,-1.0,0.0,-0.643,0.633,-1.0,1.0,-5.333,-12.0,1.0,-1.714,5.122,-12.0,2.0,0.571,4.502,-12.0,1.248,5.0,-0.1,0.058,5.05,18.0,23.0,12.503,6.5,1.0,0.0,0.0,1.0,7.0,1.0,1.0,18.0,9.292,0.0,0.0,0.0,-0.0,0.879,1.15,1.162487714146359
16.0,7.0,79.0,2.06,841.0,0.0,-28.0,77.0,15.0,9.0,1.229,-0.067,327.0,375.0,20021.0,10.0,1.002,0.486,22.4,66.0,62.0,44.0,41.0,19.0,4.0,7.0,6.0,0.0,9.0,43.0,21.0,-2.0,-1.0,-1.0,-1.0,0.0,1.0,1.0,-12.0,0.0,2.0,6.292,12.011,20.558,68.333,7.767,62.0,77.0,12.352,44.0,15.83,23.0,6.0,1.732,4.0,7.0,5.143,1.574,3.0,7.0,4.143,2.316,0.0,7.0,5.568,12.067,15.323,-1.0,1.0,-2.0,0.0,-1.0,0.577,-2.0,0.0,-0.714,0.726,-2.0,1.0,3.667,1.0,9.0,-0.571,6.503,-12.0,9.0,0.571,4.62,-12.0,1.168,7.5,2.5,1.443,6.25,11.0,7.0,7.0,7.5,3.0,6.0,3.055,-0.0,7.0,3.0,1.732,11.0,7.767,2.0,3.0,1.528,0.5,0.861,1.162,1.1657042708587473
19.0,7.0,93.0,2.44,1142.0,0.0,-29.0,80.0,14.0,3.0,1.259,-0.052,378.0,400.0,20007.0,10.0,1.089,0.815,34.9,74.0,68.0,77.0,49.0,29.0,3.0,4.0,7.0,5.0,3.0,55.0,36.0,-2.0,-1.0,0.0,-1.0,1.0,0.0,-3.0,9.0,-5.0,2.0,5.05,12.0,22.201,74.0,6.0,68.0,80.0,12.065,44.0,16.313,32.0,4.667,2.082,3.0,7.0,5.429,1.718,3.0,7.0,4.071,2.336,0.0,7.0,5.132,11.088,18.345,-1.333,0.577,-2.0,-1.0,-1.143,0.69,-2.0,0.0,-1.0,0.555,-2.0,0.0,0.0,-3.0,3.0,-0.143,6.388,-12.0,9.0,0.143,4.688,-12.0,1.312,5.1,0.1,0.058,5.05,6.0,0.0,8.66,6.0,4.0,5.0,3.606,1.5,7.0,4.0,2.082,6.0,6.0,1.0,2.0,1.155,-0.0,0.835,1.207,1.203632244315536
31.0,0.0,129.0,4.0,3004.0,-6.0,-232.0,99.0,22.0,1.0,1.511,-0.133,408.0,468.0,19971.0,10.0,1.3,1.182,94.9,106.0,96.0,96.0,88.0,68.0,0.0,3.0,3.0,2.0,4.0,110.0,83.0,-15.0,-15.0,-14.0,0.0,-1.0,9.0,0.0,1.0,0.0,-3.0,5.0,10.84,19.163,100.333,5.132,96.0,106.0,5.187,90.0,9.099,74.0,1.0,1.732,0.0,3.0,2.714,2.059,0.0,5.0,3.286,2.268,0.0,7.0,0.0,6.283,13.993,-15.0,0.0,-15.0,-15.0,-13.571,1.618,-15.0,-11.0,-7.357,6.57,-15.0,0.0,3.333,0.0,9.0,1.714,3.251,0.0,9.0,0.714,2.73,-3.0,1.643,5.0,0.0,0.0,5.0,-7.0,-17.0,8.544,1.5,0.0,3.0,1.732,-1.5,0.0,0.0,1.732,-7.0,5.132,0.0,0.0,0.577,0.0,0.733,1.378,1.3661884712645578
32.0,0.0,129.0,4.13,3201.0,-5.0,-259.0,107.0,31.0,8.0,1.534,-0.145,408.0,473.0,19971.0,10.0,1.311,1.197,99.9,99.0,106.0,96.0,90.0,74.0,0.0,0.0,3.0,3.0,3.0,113.0,86.0,-15.0,-15.0,-15.0,-11.0,-2.0,1.0,9.0,0.0,0.0,0.0,6.292,11.427,18.996,104.0,4.359,99.0,107.0,5.707,92.0,9.248,79.0,0.0,0.0,0.0,0.0,2.286,2.289,0.0,5.0,3.071,2.433,0.0,7.0,0.0,4.259,12.371,-14.333,1.155,-15.0,-13.0,-13.857,1.215,-15.0,-12.0,-8.143,6.538,-15.0,0.0,6.0,1.0,9.0,2.857,3.891,0.0,9.0,1.286,3.338,-3.0,1.591,7.5,2.5,1.443,6.25,8.0,15.0,9.292,0.5,0.0,0.0,1.732,-0.0,0.0,0.0,0.0,8.0,4.359,2.0,2.0,1.155,1.0,0.726,1.389,1.370807739473968
33.0,0.0,129.0,4.26,3403.0,-10.0,-298.0,83.0,14.0,-17.0,1.556,-0.145,408.0,470.0,19971.0,10.0,1.322,1.207,105.0,107.0,99.0,106.0,92.0,80.0,0.0,0.0,0.0,5.0,7.0,118.0,93.0,-13.0,-15.0,-15.0,-12.0,-1.0,8.0,1.0,9.0,0.0,3.0,4.33,9.559,17.447,96.333,12.22,83.0,107.0,8.018,83.0,9.001,79.0,0.0,0.0,0.0,0.0,1.571,2.07,0.0,5.0,2.571,2.277,0.0,7.0,0.0,2.36,11.0,-17.667,6.429,-25.0,-13.0,-15.714,4.192,-25.0,-13.0,-9.857,7.584,-25.0,0.0,-2.667,-17.0,8.0,0.429,8.522,-17.0,9.0,-0.143,5.869,-17.0,1.96,-7.5,-15.0,8.036,-0.0,-24.0,-32.0,16.01,-8.0,0.0,0.0,0.0,-0.0,0.0,0.0,0.0,-24.0,12.22,-12.0,-14.0,7.572,-5.0,0.72,1.411,1.4047787073839904
34.0,0.0,129.0,4.39,3504.0,-7.0,-224.0,109.0,21.0,8.0,1.578,-0.158,407.0,475.0,19971.0,10.0,1.333,1.224,112.5,83.0,107.0,99.0,95.0,79.0,0.0,0.0,0.0,5.0,5.0,123.0,98.0,-25.0,-13.0,-15.0,-13.0,-2.0,-17.0,8.0,1.0,1.0,-1.0,6.338,9.583,17.276,99.667,14.468,83.0,109.0,8.997,83.0,9.395,81.0,0.0,0.0,0.0,0.0,0.857,1.464,0.0,3.0,2.214,2.259,0.0,7.0,0.0,1.134,9.691,-18.333,6.11,-25.0,-13.0,-16.286,4.03,-25.0,-13.0,-10.929,7.447,-25.0,0.0,-0.333,-17.0,8.0,1.429,8.997,-17.0,9.0,0.5,6.248,-17.0,1.608,12.6,20.1,10.448,2.55,26.0,50.0,25.325,1.0,0.0,0.0,0.0,-0.0,0.0,0.0,0.0,26.0,14.468,8.0,20.0,10.263,-2.0,0.709,1.42,1.4102177286262862
1.0,15.0,15.0,0.1,18.0,0.0,0.0,21.0,-2.0,7.0,0.321,0.003,0.0,0.0,19985.0,11.0,0.324,0.324,17.5,21.0,21.0,21.0,21.0,21.0,15.0,15.0,15.0,15.0,15.0,15.0,15.0,0.0,0.0,0.0,0.0,0.0,7.0,7.0,7.0,7.0,7.0,1.768,1.768,1.768,21.0,4.243,21.0,21.0,4.243,21.0,4.243,21.0,15.0,1.414,15.0,15.0,15.0,1.414,15.0,15.0,15.0,1.414,15.0,15.0,9.192,9.192,9.192,0.0,1.414,0.0,0.0,0.0,1.414,0.0,0.0,0.0,1.414,0.0,0.0,7.0,7.0,7.0,7.0,6.364,7.0,7.0,7.0,6.364,7.0,0.833,2.5,2.6,1.838,3.8,-6.0,12.0,8.485,-0.0,-2.0,3.0,2.121,-0.5,13.0,1.0,0.707,6.0,4.243,-2.0,3.0,2.121,-0.5,3.086,0.324,0.29649786397308064
3.0,14.0,42.0,0.36,66.0,0.0,-3.0,21.0,-4.0,1.0,0.711,-0.016,0.0,0.0,19958.0,11.0,0.324,0.324,17.5,15.0,21.0,21.0,21.0,21.0,13.0,15.0,15.0,15.0,15.0,15.0,15.0,-2.0,0.0,0.0,0.0,0.0,-2.0,7.0,7.0,7.0,7.0,3.873,3.873,3.873,19.0,3.464,15.0,21.0,3.464,15.0,3.464,15.0,14.0,1.0,13.0,15.0,14.0,1.0,13.0,15.0,14.0,1.0,13.0,15.0,13.503,13.503,13.503,-1.0,1.0,-2.0,0.0,-1.0,1.0,-2.0,0.0,-1.0,1.0,-2.0,0.0,2.0,-2.0,7.0,2.0,4.583,-2.0,7.0,2.0,4.583,-2.0,1.195,5.1,2.6,1.838,3.8,6.0,12.0,8.485,-0.0,1.0,3.0,2.121,-0.5,14.0,1.0,0.707,6.0,4.243,1.0,3.0,2.121,-0.5,1.838,0.695,0.7134929750181063
5.0,15.0,72.0,0.62,131.0,-2.0,-13.0,25.0,-9.0,-2.0,0.914,-0.042,0.0,0.0,19928.0,11.0,0.324,0.324,17.5,20.0,21.0,15.0,21.0,21.0,15.0,14.0,13.0,15.0,15.0,15.0,15.0,-5.0,-1.0,-2.0,0.0,0.0,-4.0,1.0,-2.0,7.0,7.0,2.887,4.922,4.922,22.0,2.646,20.0,25.0,3.578,15.0,3.578,15.0,14.667,0.577,14.0,15.0,14.4,0.894,13.0,15.0,14.4,0.894,13.0,15.0,15.0,22.621,22.621,-3.333,2.082,-5.0,-1.0,-2.4,2.074,-5.0,0.0,-2.4,2.074,-5.0,0.0,-1.667,-4.0,1.0,0.0,4.301,-4.0,7.0,0.0,4.301,-4.0,1.204,5.0,5.0,2.916,2.5,5.0,6.0,3.786,2.0,0.0,-1.0,0.577,0.5,15.0,0.0,0.577,5.0,2.646,1.0,5.0,2.887,-1.5,1.255,0.872,0.8858960778908842
6.0,10.0,82.0,0.75,170.0,-1.0,-17.0,31.0,-8.0,1.0,0.979,-0.058,0.0,0.0,19918.0,11.0,0.324,0.324,17.5,25.0,20.0,21.0,21.0,21.0,15.0,15.0,14.0,15.0,15.0,15.0,15.0,-4.0,-5.0,-1.0,0.0,0.0,-2.0,-4.0,1.0,7.0,7.0,5.0,6.448,6.448,25.333,5.508,20.0,31.0,5.382,15.0,5.382,15.0,13.333,2.887,10.0,15.0,13.667,1.966,10.0,15.0,13.667,1.966,10.0,15.0,12.583,25.797,25.797,-4.0,1.0,-5.0,-3.0,-2.5,1.871,-5.0,0.0,-2.5,1.871,-5.0,0.0,-1.667,-4.0,1.0,0.167,3.869,-4.0,7.0,0.167,3.869,-4.0,1.132,5.0,0.0,2.887,5.0,6.0,1.0,3.786,5.5,-5.0,-5.0,3.215,-2.5,10.0,-5.0,2.887,6.0,5.508,1.0,0.0,2.887,1.0,1.147,0.921,0.9317494695994744
16.0,5.0,109.0,2.06,841.0,-2.0,-65.0,65.0,-43.0,-3.0,1.229,-0.021,327.0,330.0,19891.0,11.0,1.038,0.544,20.0,62.0,61.0,39.0,41.0,15.0,3.0,5.0,4.0,0.0,13.0,83.0,28.0,-4.0,-3.0,-5.0,-3.0,-2.0,-3.0,0.0,-17.0,0.0,-2.0,5.05,11.154,20.22,62.667,2.082,61.0,65.0,10.583,39.0,14.615,20.0,4.333,1.155,3.0,5.0,3.714,1.113,2.0,5.0,5.786,5.423,0.0,15.0,4.041,8.522,17.951,-4.0,1.0,-5.0,-3.0,-3.714,1.496,-5.0,-1.0,-3.214,1.626,-5.0,0.0,-2.0,-3.0,0.0,-4.857,6.914,-17.0,1.0,-2.643,5.415,-17.0,1.315,5.1,0.1,1.473,5.05,3.0,2.0,11.59,2.0,2.0,4.0,2.082,0.0,5.0,2.0,1.155,3.0,2.082,-1.0,0.0,1.732,-1.0,0.835,1.208,1.205727980721655
17.0,7.0,116.0,2.18,936.0,0.0,-65.0,72.0,-42.0,1.0,1.239,-0.019,334.0,342.0,19884.0,11.0,1.064,0.695,25.1,65.0,62.0,61.0,45.0,21.0,5.0,3.0,5.0,3.0,14.0,86.0,42.0,-5.0,-4.0,-3.0,-1.0,-1.0,-3.0,-3.0,0.0,0.0,1.0,7.736,12.777,21.542,66.333,5.132,62.0,72.0,12.375,39.0,15.59,20.0,5.0,2.0,3.0,7.0,4.286,1.604,2.0,7.0,5.286,4.906,0.0,15.0,6.028,9.771,15.31,-3.0,2.646,-5.0,0.0,-3.571,1.813,-5.0,0.0,-3.143,1.748,-5.0,0.0,-1.667,-3.0,1.0,-4.714,7.041,-17.0,1.0,-2.643,5.415,-17.0,1.328,10.1,5.0,2.916,7.6,7.0,4.0,3.055,5.0,2.0,0.0,2.309,2.0,7.0,2.0,2.0,7.0,5.132,5.0,6.0,3.464,2.0,0.828,1.22,1.2183615109016945
20.0,56.0,227.0,2.57,1256.0,-7.0,-87.0,59.0,-61.0,-21.0,1.272,0.018,383.0,347.0,19773.0,11.0,1.177,0.921,35.1,66.0,67.0,72.0,39.0,31.0,38.0,17.0,7.0,4.0,10.0,96.0,82.0,-5.0,-1.0,0.0,-5.0,-3.0,-11.0,-7.0,1.0,-17.0,1.0,2.715,10.201,21.09,64.0,4.359,59.0,67.0,4.353,59.0,13.002,35.0,37.0,19.519,17.0,56.0,18.714,20.516,3.0,56.0,10.357,16.458,0.0,56.0,47.286,46.335,40.994,-8.0,8.888,-18.0,-1.0,-5.143,5.984,-18.0,0.0,-4.0,4.42,-18.0,0.0,-13.0,-21.0,-7.0,-6.286,7.675,-21.0,1.0,-5.071,7.385,-21.0,1.629,-4.8,-5.0,4.95,-2.3,-7.0,-6.0,3.055,-4.0,18.0,-3.0,5.686,19.5,56.0,18.0,19.519,-7.0,4.359,-13.0,-9.0,6.245,-8.5,0.789,1.29,1.276603867237775
21.0,45.0,272.0,2.7,1382.0,-9.0,-117.0,67.0,-96.0,-15.0,1.294,0.006,387.0,351.0,19728.0,11.0,1.184,0.961,40.2,59.0,66.0,67.0,61.0,35.0,56.0,38.0,17.0,5.0,0.0,101.0,82.0,-18.0,-5.0,-1.0,-3.0,-3.0,-21.0,-11.0,-7.0,0.0,2.0,2.715,7.758,19.749,64.0,4.359,59.0,67.0,4.117,59.0,12.421,36.0,46.333,9.074,38.0,56.0,24.429,21.601,3.0,56.0,13.571,18.542,0.0,56.0,50.6,65.237,58.102,-15.667,9.713,-24.0,-5.0,-8.143,9.155,-24.0,0.0,-5.5,6.914,-24.0,0.0,-15.667,-21.0,-11.0,-8.429,7.721,-21.0,1.0,-6.286,7.529,-21.0,1.437,0.2,5.0,2.887,-2.3,8.0,15.0,7.55,0.5,-11.0,-29.0,17.673,3.5,45.0,-11.0,9.074,8.0,4.359,-6.0,7.0,4.726,-9.5,0.775,1.3,1.288264947696398
29.0,13.0,415.0,3.74,2635.0,-10.0,-397.0,96.0,-114.0,0.0,1.47,-0.138,406.0,426.0,19585.0,11.0,1.297,1.197,80.4,95.0,92.0,99.0,81.0,62.0,13.0,19.0,18.0,16.0,3.0,288.0,104.0,-29.0,-29.0,-28.0,-25.0,-4.0,0.0,-2.0,7.0,-3.0,-3.0,7.889,10.799,16.614,94.333,2.082,92.0,96.0,10.179,69.0,13.835,59.0,15.0,3.464,13.0,19.0,18.143,4.451,13.0,26.0,22.214,14.514,5.0,56.0,13.0,39.14,108.881,-27.667,2.309,-29.0,-25.0,-25.571,3.735,-29.0,-20.0,-18.357,10.81,-29.0,0.0,-0.667,-2.0,0.0,-2.143,7.381,-17.0,7.0,-5.286,7.956,-21.0,1.49,10.3,5.1,2.944,7.75,1.0,-2.0,5.292,2.0,0.0,6.0,3.786,-3.0,13.0,0.0,3.464,1.0,2.082,4.0,4.0,2.646,2.0,0.756,1.332,1.322563290545809
30.0,11.0,426.0,3.87,2818.0,-9.0,-429.0,70.0,-141.0,-27.0,1.491,-0.126,407.0,418.0,19574.0,11.0,1.317,1.208,85.5,96.0,95.0,92.0,69.0,65.0,13.0,13.0,19.0,18.0,5.0,306.0,109.0,-25.0,-29.0,-29.0,-20.0,-5.0,0.0,0.0,-2.0,-17.0,-3.0,9.031,12.964,18.12,87.0,14.731,70.0,96.0,9.846,70.0,13.513,59.0,12.333,1.155,11.0,13.0,17.143,5.21,11.0,26.0,22.643,14.047,7.0,56.0,12.014,34.15,104.046,-25.333,3.512,-29.0,-22.0,-25.857,3.288,-29.0,-21.0,-19.571,10.128,-29.0,0.0,-9.0,-27.0,0.0,-3.571,10.876,-27.0,7.0,-7.0,9.798,-27.0,2.153,7.7,-2.6,2.55,9.0,-26.0,-27.0,16.197,-12.5,-2.0,-2.0,3.055,-1.0,11.0,-2.0,1.155,-26.0,14.731,3.0,-1.0,2.082,3.5,0.751,1.365,1.3568307164021225
1.0,46.0,46.0,0.1,18.0,1.0,2.0,26.0,11.0,12.0,0.321,-0.041,0.0,0.0,19954.0,12.0,0.28,0.28,20.0,26.0,26.0,26.0,26.0,26.0,46.0,46.0,46.0,46.0,46.0,46.0,46.0,2.0,2.0,2.0,2.0,2.0,12.0,12.0,12.0,12.0,12.0,1.838,1.838,1.838,26.0,5.657,26.0,26.0,5.657,26.0,5.657,26.0,46.0,8.485,46.0,46.0,46.0,8.485,46.0,46.0,46.0,8.485,46.0,46.0,24.042,24.042,24.042,2.0,0.707,2.0,2.0,2.0,0.707,2.0,2.0,2.0,0.707,2.0,2.0,12.0,12.0,12.0,12.0,7.778,12.0,12.0,12.0,7.778,12.0,0.769,2.6,-2.6,1.838,1.3,-8.0,8.0,5.657,-4.0,-12.0,12.0,8.485,-6.0,34.0,0.0,0.0,0.0,0.0,-1.0,-3.0,2.121,-2.5,3.571,0.28,0.2946872652293213
2.0,34.0,80.0,0.23,40.0,0.0,3.0,18.0,12.0,1.0,0.549,-0.074,0.0,0.0,19920.0,12.0,0.28,0.28,20.0,26.0,26.0,26.0,26.0,26.0,46.0,46.0,46.0,46.0,46.0,46.0,46.0,2.0,2.0,2.0,2.0,2.0,12.0,12.0,12.0,12.0,12.0,1.838,1.838,1.838,22.0,5.657,18.0,26.0,5.657,18.0,5.657,18.0,40.0,8.485,34.0,46.0,40.0,8.485,34.0,46.0,40.0,8.485,34.0,46.0,24.042,24.042,24.042,1.5,0.707,1.0,2.0,1.5,0.707,1.0,2.0,1.5,0.707,1.0,2.0,6.5,1.0,12.0,6.5,7.778,1.0,12.0,6.5,7.778,1.0,1.256,2.6,-2.6,1.838,1.3,-8.0,8.0,5.657,-4.0,-12.0,12.0,8.485,-6.0,34.0,0.0,0.0,0.0,0.0,-1.0,-3.0,2.121,-2.5,3.571,0.475,0.4674065536766183
4.0,15.0,129.0,0.49,96.0,-2.0,-6.0,28.0,14.0,4.0,0.826,-0.12,0.0,0.0,19871.0,12.0,0.28,0.28,20.0,18.0,18.0,26.0,26.0,26.0,34.0,34.0,46.0,46.0,46.0,46.0,46.0,-3.0,1.0,2.0,2.0,2.0,-2.0,1.0,12.0,12.0,12.0,1.501,2.123,2.123,21.333,5.774,18.0,28.0,5.26,18.0,5.26,18.0,27.667,10.97,15.0,34.0,32.25,12.816,15.0,46.0,32.25,12.816,15.0,46.0,25.106,37.026,37.026,-2.333,3.055,-5.0,1.0,-1.25,3.304,-5.0,2.0,-1.25,3.304,-5.0,2.0,1.0,-2.0,4.0,3.75,6.021,-2.0,12.0,3.75,6.021,-2.0,0.9,2.6,2.6,1.501,1.3,10.0,10.0,9.018,5.0,-19.0,-19.0,9.609,-9.5,15.0,-19.0,10.97,10.0,5.774,-2.0,2.0,1.528,-3.0,1.667,0.706,0.6781967269929727
5.0,11.0,140.0,0.62,131.0,-3.0,-13.0,27.0,14.0,0.0,0.914,-0.132,0.0,0.0,19860.0,12.0,0.28,0.28,20.0,28.0,18.0,18.0,26.0,26.0,15.0,34.0,34.0,46.0,46.0,46.0,46.0,-5.0,-3.0,1.0,2.0,2.0,4.0,-2.0,1.0,12.0,12.0,2.55,2.93,2.93,24.333,5.508,18.0,28.0,4.98,18.0,4.98,18.0,20.0,12.288,11.0,34.0,28.0,14.612,11.0,46.0,28.0,14.612,11.0,46.0,13.051,38.525,38.525,-4.667,1.528,-6.0,-3.0,-2.2,3.564,-6.0,2.0,-2.2,3.564,-6.0,2.0,0.667,-2.0,4.0,3.0,5.477,-2.0,12.0,3.0,5.477,-2.0,1.026,2.5,-0.1,1.473,2.55,-1.0,-11.0,6.083,4.5,-4.0,15.0,10.017,-11.5,11.0,-4.0,12.288,-1.0,5.508,-1.0,1.0,1.528,-1.5,1.416,0.782,0.76771687311652
7.0,14.0,168.0,0.68,210.0,-2.0,-19.0,34.0,17.0,1.0,1.029,-0.091,270.0,306.0,19832.0,12.0,0.28,0.28,20.0,30.0,27.0,28.0,26.0,26.0,14.0,11.0,15.0,46.0,46.0,46.0,46.0,-3.0,-6.0,-5.0,2.0,2.0,0.0,0.0,4.0,12.0,12.0,5.26,6.786,6.786,30.333,3.512,27.0,34.0,5.956,18.0,5.956,18.0,13.0,1.732,11.0,14.0,24.0,13.748,11.0,46.0,24.0,13.748,11.0,46.0,14.0,42.898,42.898,-4.667,1.528,-6.0,-3.0,-2.714,3.094,-6.0,2.0,-2.714,3.094,-6.0,2.0,0.333,0.0,1.0,2.286,4.645,-2.0,12.0,2.286,4.645,-2.0,1.112,2.5,-5.1,2.944,5.05,4.0,1.0,2.646,3.5,0.0,-3.0,3.512,1.5,14.0,0.0,1.732,4.0,3.512,-2.0,-5.0,2.646,0.5,1.125,0.938,0.9199115898704027
8.0,11.0,179.0,1.01,260.0,0.0,-23.0,38.0,16.0,1.0,1.068,-0.074,268.0,302.0,19821.0,12.0,0.28,0.28,20.0,34.0,30.0,27.0,26.0,26.0,14.0,14.0,11.0,46.0,46.0,46.0,46.0,-5.0,-3.0,-6.0,2.0,2.0,1.0,0.0,0.0,12.0,12.0,5.26,8.734,8.964,34.0,4.0,30.0,38.0,7.525,18.0,6.989,18.0,13.0,1.732,11.0,14.0,19.0,10.36,11.0,34.0,22.375,13.532,11.0,46.0,12.53,33.817,45.074,-2.667,2.517,-5.0,0.0,-3.0,2.646,-6.0,1.0,-2.375,3.021,-6.0,2.0,0.667,0.0,1.0,0.714,1.799,-2.0,4.0,2.125,4.324,-2.0,1.195,7.6,5.1,2.944,5.05,4.0,0.0,0.577,4.0,-3.0,-3.0,3.0,-1.5,11.0,-3.0,1.732,4.0,4.0,5.0,7.0,3.606,1.5,1.066,0.994,0.9921088023733451
9.0,13.0,192.0,1.14,312.0,0.0,-22.0,40.0,15.0,-1.0,1.099,-0.072,274.0,300.0,19808.0,12.0,0.475,0.28,20.0,38.0,34.0,30.0,18.0,26.0,11.0,14.0,14.0,34.0,46.0,80.0,46.0,0.0,-5.0,-3.0,1.0,2.0,1.0,1.0,0.0,1.0,12.0,7.6,11.125,11.458,37.333,3.055,34.0,40.0,7.455,18.0,7.775,18.0,12.667,1.528,11.0,14.0,16.0,8.083,11.0,34.0,21.333,13.038,11.0,46.0,12.014,27.945,47.519,-1.667,2.887,-5.0,0.0,-3.143,2.41,-6.0,0.0,-2.111,2.934,-6.0,2.0,0.333,-1.0,1.0,0.429,1.902,-2.0,4.0,1.778,4.177,-2.0,1.325,7.6,0.0,2.944,7.6,2.0,-2.0,1.155,3.0,2.0,5.0,2.517,-0.5,13.0,2.0,1.528,2.0,3.055,0.0,-5.0,3.606,2.5,1.006,1.027,1.0258076537123562
15.0,5.0,235.0,1.92,752.0,1.0,-30.0,65.0,8.0,0.0,1.219,-0.063,320.0,338.0,19765.0,12.0,0.994,0.28,20.0,64.0,53.0,50.0,38.0,26.0,2.0,14.0,8.0,11.0,46.0,179.0,46.0,3.0,3.0,3.0,0.0,2.0,3.0,-3.0,-4.0,1.0,12.0,5.05,12.6,22.476,60.667,6.658,53.0,65.0,9.304,40.0,15.183,18.0,7.0,6.245,2.0,14.0,8.0,4.583,2.0,14.0,13.5,9.582,2.0,34.0,3.606,17.145,47.412,2.667,0.577,2.0,3.0,1.571,1.512,0.0,3.0,-0.714,3.148,-6.0,3.0,0.0,-3.0,3.0,-0.714,2.289,-4.0,3.0,0.0,2.112,-4.0,1.323,5.1,0.1,0.058,5.05,1.0,-10.0,5.292,6.0,3.0,15.0,9.644,-4.5,5.0,3.0,6.245,1.0,6.658,-1.0,-1.0,0.577,-0.5,0.872,1.156,1.1535649735148117
20.0,10.0,278.0,2.57,1256.0,0.0,-25.0,73.0,5.0,-7.0,1.272,-0.053,383.0,377.0,19722.0,12.0,1.114,0.889,35.3,73.0,72.0,69.0,53.0,30.0,6.0,10.0,8.0,14.0,14.0,228.0,154.0,0.0,-1.0,0.0,3.0,-3.0,-4.0,-2.0,-2.0,-3.0,0.0,6.444,11.645,23.694,72.667,0.577,72.0,73.0,5.367,59.0,13.689,34.0,8.667,2.309,6.0,10.0,7.143,2.968,2.0,10.0,8.857,3.655,2.0,14.0,8.083,17.632,34.0,-0.333,0.577,-1.0,0.0,0.714,1.38,-1.0,3.0,0.429,2.065,-5.0,3.0,-4.333,-7.0,-2.0,-3.0,4.082,-9.0,3.0,-1.929,3.269,-9.0,1.563,7.7,2.6,1.501,6.4,0.0,-1.0,1.528,0.5,4.0,8.0,4.163,0.0,10.0,4.0,2.309,0.0,0.577,0.0,-1.0,1.0,0.5,0.83,1.219,1.2248457831396355
21.0,3.0,281.0,2.7,1382.0,0.0,-32.0,77.0,-20.0,-5.0,1.294,-0.045,387.0,381.0,19719.0,12.0,1.147,0.938,37.8,73.0,73.0,72.0,64.0,34.0,10.0,6.0,10.0,2.0,14.0,230.0,168.0,0.0,0.0,-1.0,3.0,-5.0,-7.0,-4.0,-2.0,3.0,1.0,6.444,12.045,23.327,74.333,2.309,73.0,77.0,6.02,59.0,13.188,38.0,6.333,3.512,3.0,10.0,7.286,2.69,3.0,10.0,8.071,3.647,2.0,14.0,6.807,17.214,32.782,-0.333,0.577,-1.0,0.0,0.143,1.069,-1.0,2.0,0.714,1.437,-1.0,3.0,-5.333,-7.0,-4.0,-4.143,3.132,-9.0,0.0,-2.357,3.249,-9.0,1.548,5.1,-2.6,1.501,6.4,4.0,4.0,2.082,2.0,-7.0,-11.0,5.686,-1.5,3.0,-7.0,3.512,4.0,2.309,-1.0,-1.0,1.0,-0.5,0.82,1.249,1.2408229743578763
23.0,10.0,298.0,2.96,1656.0,2.0,-39.0,82.0,-26.0,-4.0,1.337,-0.053,394.0,389.0,19702.0,12.0,1.156,1.027,53.0,82.0,77.0,73.0,59.0,40.0,7.0,3.0,10.0,9.0,13.0,244.0,192.0,3.0,-1.0,0.0,1.0,0.0,-2.0,-5.0,-7.0,-9.0,-1.0,8.932,14.858,24.628,80.333,2.887,77.0,82.0,5.062,69.0,12.33,45.0,6.667,3.512,3.0,10.0,7.714,2.628,3.0,10.0,7.571,3.298,2.0,14.0,8.544,15.756,31.901,2.333,3.055,-1.0,5.0,0.857,2.268,-1.0,5.0,1.286,1.858,-1.0,5.0,-3.667,-5.0,-2.0,-3.714,1.89,-7.0,-2.0,-2.786,3.093,-9.0,1.671,7.6,-2.6,2.55,8.9,0.0,-5.0,2.646,2.5,3.0,-1.0,6.083,3.5,10.0,3.0,3.512,0.0,2.887,2.0,-2.0,2.517,3.0,0.783,1.284,1.2997559774061291
24.0,9.0,307.0,3.09,1803.0,3.0,-42.0,86.0,-28.0,-2.0,1.36,-0.057,397.0,392.0,19693.0,12.0,1.173,1.051,55.5,82.0,82.0,77.0,69.0,45.0,10.0,7.0,3.0,8.0,4.0,252.0,196.0,5.0,3.0,-1.0,0.0,0.0,-4.0,-2.0,-5.0,-2.0,0.0,7.65,16.003,25.214,83.333,2.309,82.0,86.0,5.521,72.0,12.025,49.0,8.667,1.528,7.0,10.0,7.857,2.673,3.0,10.0,7.929,3.149,2.0,14.0,9.504,15.921,31.622,5.0,2.0,3.0,7.0,1.857,3.185,-1.0,7.0,1.786,2.359,-1.0,7.0,-2.667,-4.0,-2.0,-3.714,1.89,-7.0,-2.0,-2.929,2.999,-9.0,1.683,7.7,0.1,1.473,7.65,4.0,4.0,2.646,2.0,-1.0,-4.0,2.646,1.0,9.0,-1.0,1.528,4.0,2.309,2.0,0.0,1.155,2.0,0.779,1.303,1.3034575495895173
25.0,11.0,318.0,3.22,1958.0,1.0,-49.0,90.0,-29.0,0.0,1.382,-0.056,400.0,396.0,19682.0,12.0,1.193,1.077,63.2,86.0,82.0,82.0,72.0,49.0,9.0,10.0,7.0,10.0,10.0,262.0,206.0,7.0,5.0,3.0,-1.0,0.0,-2.0,-4.0,-2.0,-2.0,0.0,5.356,15.657,25.492,86.0,4.0,82.0,90.0,6.451,73.0,11.997,50.0,10.0,1.0,9.0,11.0,8.0,2.828,3.0,11.0,8.0,3.211,2.0,14.0,10.017,17.516,32.028,5.0,2.0,3.0,7.0,2.429,2.936,-1.0,7.0,2.0,2.32,-1.0,7.0,-2.0,-4.0,0.0,-3.429,2.299,-7.0,0.0,-2.929,2.999,-9.0,1.637,2.6,-5.1,2.916,5.15,4.0,0.0,2.309,4.0,2.0,3.0,2.082,0.5,11.0,2.0,1.0,4.0,4.0,-4.0,-6.0,3.464,-1.0,0.767,1.326,1.3372039663878117
28.0,7.0,346.0,3.61,2455.0,-6.0,-101.0,98.0,-26.0,3.0,1.446,-0.069,405.0,406.0,19654.0,12.0,1.249,1.147,80.9,94.0,91.0,90.0,77.0,64.0,7.0,14.0,11.0,3.0,2.0,281.0,230.0,-8.0,0.0,3.0,-1.0,3.0,0.0,-1.0,0.0,-5.0,3.0,1.415,7.437,23.495,94.333,3.512,91.0,98.0,6.028,82.0,11.56,59.0,9.333,4.041,7.0,14.0,9.286,2.628,7.0,14.0,8.286,2.758,3.0,14.0,7.0,21.762,35.637,-7.333,7.024,-14.0,0.0,-0.571,7.635,-14.0,7.0,-0.214,5.25,-14.0,7.0,0.667,-1.0,3.0,-0.857,2.193,-4.0,3.0,-2.5,3.107,-9.0,1.506,0.1,2.6,2.6,-1.2,4.0,1.0,1.528,3.5,0.0,7.0,5.132,-3.5,7.0,0.0,4.041,4.0,3.512,-6.0,2.0,2.517,-7.0,0.73,1.377,1.3875248407941219
30.0,0.0,346.0,3.87,2818.0,-7.0,-156.0,100.0,4.0,3.0,1.491,-0.089,407.0,416.0,19654.0,12.0,1.284,1.156,91.1,100.0,98.0,94.0,82.0,59.0,0.0,7.0,7.0,10.0,9.0,298.0,244.0,-15.0,-14.0,-8.0,5.0,1.0,4.0,3.0,0.0,-4.0,-9.0,3.863,3.593,20.683,99.333,1.155,98.0,100.0,5.429,86.0,10.942,69.0,2.333,4.041,0.0,7.0,6.857,5.273,0.0,14.0,7.286,4.027,0.0,14.0,0.0,15.512,33.701,-15.667,2.082,-18.0,-14.0,-6.429,9.813,-18.0,7.0,-2.786,7.817,-18.0,7.0,3.333,3.0,4.0,1.0,2.309,-2.0,4.0,-1.357,3.177,-7.0,1.552,2.6,-2.4,2.45,3.8,0.0,-2.0,2.0,1.0,0.0,7.0,4.041,-3.5,0.0,0.0,4.041,-23.0,13.892,-3.0,-2.0,2.517,-2.0,0.721,1.402,1.3724331363805722
31.0,0.0,346.0,4.0,3004.0,-7.0,-182.0,102.0,8.0,4.0,1.511,-0.108,408.0,419.0,19654.0,12.0,1.303,1.173,96.2,100.0,100.0,98.0,86.0,69.0,0.0,0.0,7.0,9.0,8.0,307.0,252.0,-18.0,-15.0,-14.0,7.0,0.0,3.0,4.0,3.0,-2.0,-2.0,3.917,4.889,19.18,100.667,1.155,100.0,102.0,4.756,90.0,10.833,72.0,0.0,0.0,0.0,0.0,5.571,5.74,0.0,14.0,6.714,4.462,0.0,14.0,0.0,10.693,31.777,-17.0,1.732,-18.0,-15.0,-10.0,8.583,-18.0,3.0,-4.071,8.748,-18.0,7.0,3.667,3.0,4.0,1.857,2.116,-1.0,4.0,-0.929,3.474,-7.0,1.572,5.1,2.5,1.415,3.85,2.0,2.0,1.155,1.0,0.0,0.0,4.041,-0.0,0.0,0.0,0.0,2.0,12.741,0.0,3.0,1.528,-1.5,0.713,1.403,1.3632462067073665
4.0,11.0,89.0,0.49,96.0,-2.0,-3.0,23.0,9.0,-1.0,0.826,-0.087,0.0,0.0,20911.0,13.0,0.307,0.307,19.0,21.0,20.0,21.0,21.0,21.0,16.0,10.0,52.0,52.0,52.0,52.0,52.0,-2.0,2.0,1.0,1.0,1.0,1.0,3.0,7.0,7.0,7.0,1.386,3.066,3.066,21.333,1.528,20.0,23.0,1.258,20.0,1.258,20.0,12.333,3.215,10.0,16.0,22.25,20.006,10.0,52.0,22.25,20.006,10.0,52.0,13.577,16.46,16.46,-1.333,3.055,-4.0,2.0,-0.75,2.754,-4.0,2.0,-0.75,2.754,-4.0,2.0,1.0,-1.0,3.0,2.5,3.416,-1.0,7.0,2.5,3.416,-1.0,1.143,2.4,2.4,2.45,1.2,2.0,1.0,1.528,1.5,-5.0,-11.0,25.146,0.5,11.0,-5.0,3.215,2.0,1.528,-2.0,2.0,2.517,-3.0,1.541,0.739,0.7502802153078894
8.0,3.0,121.0,1.01,260.0,-1.0,-35.0,39.0,10.0,2.0,1.068,-0.183,268.0,295.0,20879.0,13.0,0.307,0.307,19.0,33.0,28.0,28.0,21.0,21.0,7.0,12.0,10.0,52.0,52.0,52.0,52.0,-9.0,-9.0,-8.0,1.0,1.0,0.0,-2.0,1.0,7.0,7.0,7.332,6.888,7.359,33.333,5.508,28.0,39.0,6.852,20.0,6.739,20.0,7.333,4.509,3.0,12.0,9.857,4.059,3.0,16.0,15.125,15.366,3.0,52.0,5.132,21.859,25.711,-6.667,4.041,-9.0,-2.0,-4.571,4.237,-9.0,2.0,-3.875,4.39,-9.0,2.0,0.0,-2.0,2.0,0.571,1.718,-2.0,3.0,1.375,2.774,-2.0,1.105,9.6,4.8,3.666,7.2,6.0,1.0,3.215,5.5,-4.0,1.0,3.786,-4.5,3.0,-4.0,4.509,6.0,5.508,7.0,7.0,4.359,3.5,1.183,0.885,0.8988054054953314
9.0,6.0,127.0,1.14,312.0,1.0,-32.0,42.0,11.0,1.0,1.099,-0.153,274.0,297.0,20873.0,13.0,0.524,0.307,19.0,39.0,33.0,28.0,20.0,21.0,3.0,7.0,12.0,10.0,52.0,62.0,52.0,-2.0,-9.0,-9.0,2.0,1.0,2.0,0.0,-2.0,3.0,7.0,10.822,11.378,11.334,38.0,4.583,33.0,42.0,7.85,21.0,8.124,20.0,5.333,2.082,3.0,7.0,9.286,4.309,3.0,16.0,14.111,14.692,3.0,52.0,4.583,18.059,26.841,-3.0,5.568,-9.0,2.0,-4.571,4.237,-9.0,2.0,-3.222,4.549,-9.0,2.0,1.0,0.0,2.0,0.286,1.38,-2.0,2.0,1.333,2.598,-2.0,1.312,12.0,2.4,3.666,10.8,3.0,-3.0,1.528,4.5,3.0,7.0,4.359,-0.5,6.0,3.0,2.082,3.0,4.583,4.0,-3.0,3.512,5.5,1.13,0.946,0.9440625625946741
15.0,5.0,169.0,1.92,752.0,1.0,-52.0,66.0,3.0,1.0,1.219,-0.092,320.0,337.0,20831.0,13.0,0.885,0.307,19.0,61.0,56.0,48.0,39.0,21.0,4.0,6.0,16.0,3.0,52.0,121.0,52.0,-1.0,-1.0,-6.0,-2.0,1.0,0.0,0.0,-6.0,2.0,7.0,7.332,11.013,21.819,61.0,5.0,56.0,66.0,8.734,42.0,15.005,20.0,5.0,1.0,4.0,6.0,6.857,4.1,4.0,16.0,8.357,4.217,3.0,16.0,4.509,16.49,32.956,0.0,1.732,-1.0,2.0,-0.143,3.237,-6.0,4.0,-2.357,4.29,-9.0,4.0,0.333,0.0,1.0,-0.571,2.699,-6.0,2.0,0.0,2.253,-6.0,1.309,9.6,4.8,2.771,7.2,5.0,0.0,1.732,5.0,1.0,3.0,5.686,-0.5,5.0,1.0,1.0,5.0,5.0,3.0,3.0,2.517,1.5,0.905,1.127,1.1155324099661859
17.0,12.0,190.0,2.18,936.0,0.0,-49.0,70.0,5.0,-1.0,1.239,-0.073,334.0,358.0,20810.0,13.0,0.991,0.649,23.9,70.0,66.0,61.0,47.0,21.0,9.0,5.0,4.0,6.0,16.0,133.0,78.0,1.0,2.0,-1.0,4.0,-2.0,2.0,1.0,0.0,2.0,1.0,4.85,13.537,24.251,68.667,2.309,66.0,70.0,9.708,47.0,15.884,23.0,8.667,3.512,5.0,12.0,8.143,4.451,4.0,16.0,8.0,3.742,3.0,16.0,10.536,16.76,30.56,1.0,1.0,0.0,2.0,-0.857,2.545,-6.0,2.0,-2.286,4.268,-9.0,4.0,0.667,-1.0,2.0,-0.857,2.61,-6.0,2.0,-0.214,2.155,-6.0,1.373,4.9,0.1,2.743,4.85,0.0,-4.0,2.646,2.0,3.0,-1.0,1.528,3.5,12.0,3.0,3.512,0.0,2.309,-1.0,0.0,2.309,-1.0,0.873,1.166,1.1604081953170398
18.0,8.0,198.0,2.31,1036.0,0.0,-48.0,74.0,5.0,0.0,1.249,-0.066,343.0,368.0,20802.0,13.0,1.031,0.739,26.3,70.0,70.0,66.0,47.0,23.0,12.0,9.0,5.0,5.0,11.0,138.0,89.0,0.0,1.0,2.0,-1.0,-4.0,-1.0,2.0,1.0,-2.0,-1.0,4.9,13.873,24.814,71.333,2.309,70.0,74.0,9.163,48.0,15.805,28.0,9.667,2.082,8.0,12.0,8.571,4.237,4.0,16.0,7.786,3.641,3.0,16.0,10.066,16.153,30.629,0.0,1.0,-1.0,1.0,-0.857,2.545,-6.0,2.0,-2.071,4.251,-9.0,4.0,0.333,-1.0,2.0,-0.571,2.573,-6.0,2.0,-0.143,2.143,-6.0,1.365,4.9,0.0,0.058,4.9,4.0,4.0,2.309,2.0,-4.0,-7.0,4.359,-0.5,8.0,-4.0,2.082,4.0,2.309,-1.0,0.0,0.0,-1.0,0.858,1.183,1.1790128419447332
19.0,4.0,202.0,2.44,1142.0,1.0,-46.0,75.0,2.0,-2.0,1.259,-0.054,378.0,377.0,20798.0,13.0,1.06,0.776,26.3,74.0,70.0,70.0,48.0,28.0,8.0,12.0,9.0,16.0,10.0,154.0,99.0,-1.0,0.0,1.0,-6.0,-8.0,0.0,-1.0,2.0,-6.0,1.0,6.086,12.921,24.918,73.0,2.646,70.0,75.0,6.925,56.0,15.616,28.0,8.0,4.0,4.0,12.0,6.857,2.968,4.0,12.0,7.357,3.713,3.0,16.0,6.11,16.777,30.546,0.333,1.528,-1.0,2.0,0.286,1.38,-1.0,2.0,-1.357,4.012,-9.0,4.0,-1.0,-2.0,0.0,0.0,1.291,-2.0,2.0,-0.357,2.17,-6.0,1.443,7.2,2.3,1.328,6.05,1.0,-3.0,2.082,2.5,-4.0,0.0,4.041,-4.0,4.0,-4.0,4.0,1.0,2.646,3.0,4.0,2.309,1.0,0.845,1.205,1.203932172500537
20.0,11.0,213.0,2.57,1256.0,1.0,-44.0,79.0,22.0,-1.0,1.272,-0.047,383.0,385.0,20787.0,13.0,1.086,0.814,28.7,75.0,74.0,70.0,56.0,28.0,4.0,8.0,12.0,6.0,12.0,160.0,111.0,2.0,-1.0,0.0,-1.0,-9.0,-2.0,0.0,-1.0,0.0,-2.0,7.25,13.143,24.713,76.0,2.646,74.0,79.0,5.992,61.0,15.021,33.0,7.667,3.512,4.0,11.0,7.571,3.309,4.0,12.0,7.286,3.625,3.0,16.0,7.767,18.081,31.521,0.667,1.528,-1.0,2.0,0.571,1.272,-1.0,2.0,-0.643,3.388,-9.0,4.0,-1.0,-2.0,0.0,-0.143,1.345,-2.0,2.0,-0.286,2.128,-6.0,1.462,7.3,0.1,1.358,7.25,4.0,3.0,1.732,2.5,7.0,11.0,6.351,1.5,11.0,7.0,3.512,4.0,2.646,-1.0,-4.0,2.309,1.0,0.83,1.225,1.2256424112515778
22.0,10.0,229.0,2.83,1517.0,1.0,-55.0,81.0,3.0,-3.0,1.137,0.128,391.0,457.0,20771.0,13.0,1.127,0.885,43.1,86.0,79.0,75.0,66.0,39.0,6.0,11.0,4.0,5.0,3.0,169.0,121.0,3.0,1.0,2.0,2.0,-2.0,4.0,-1.0,-2.0,1.0,2.0,6.086,13.685,24.418,82.0,3.606,79.0,86.0,5.912,70.0,14.367,42.0,9.0,2.646,6.0,11.0,8.571,2.82,4.0,12.0,7.714,3.496,4.0,16.0,8.083,17.525,32.825,2.0,1.0,1.0,3.0,1.143,1.345,-1.0,3.0,0.5,2.473,-6.0,4.0,0.0,-3.0,4.0,-0.143,2.41,-3.0,4.0,-0.357,2.468,-6.0,1.575,4.9,-2.3,1.358,6.05,-5.0,-12.0,6.245,1.0,4.0,9.0,6.245,-0.5,10.0,4.0,2.646,-5.0,3.606,-1.0,-3.0,1.732,0.5,0.806,1.265,1.2577828706628442
23.0,4.0,233.0,2.96,1656.0,2.0,-57.0,93.0,10.0,7.0,1.337,-0.057,394.0,401.0,20767.0,13.0,1.145,0.946,55.1,81.0,86.0,79.0,70.0,42.0,10.0,6.0,11.0,9.0,6.0,178.0,127.0,2.0,3.0,1.0,1.0,2.0,-3.0,4.0,-1.0,2.0,1.0,7.376,14.771,25.641,86.667,6.028,81.0,93.0,7.825,70.0,14.705,47.0,6.667,3.055,4.0,10.0,7.857,3.288,4.0,12.0,7.571,3.61,4.0,16.0,7.211,16.125,32.7,3.333,1.528,2.0,5.0,1.714,1.976,-1.0,5.0,0.714,2.73,-6.0,5.0,2.667,-3.0,7.0,0.571,3.599,-3.0,7.0,0.071,3.149,-6.0,1.475,9.6,4.7,2.35,7.25,12.0,17.0,8.737,3.5,-6.0,-10.0,5.508,-1.0,4.0,-6.0,3.055,12.0,6.028,3.0,4.0,2.082,1.0,0.791,1.28,1.2793391431543104
26.0,5.0,258.0,3.35,2120.0,-1.0,-82.0,96.0,10.0,4.0,1.405,-0.064,402.0,411.0,20742.0,13.0,1.205,1.06,62.4,87.0,88.0,93.0,75.0,48.0,13.0,7.0,4.0,4.0,16.0,202.0,154.0,5.0,4.0,5.0,2.0,-6.0,-3.0,0.0,7.0,-2.0,-6.0,3.721,12.853,26.089,90.333,4.933,87.0,96.0,6.04,79.0,11.984,56.0,8.333,4.163,5.0,13.0,8.0,3.367,4.0,13.0,7.429,3.106,4.0,13.0,9.292,16.623,32.675,2.0,4.359,-3.0,5.0,2.429,2.82,-3.0,5.0,1.357,2.405,-3.0,5.0,0.333,-3.0,4.0,1.143,3.891,-3.0,7.0,0.571,2.848,-3.0,1.531,-2.4,-9.7,5.052,2.45,9.0,10.0,7.211,4.0,-8.0,-14.0,7.371,-1.0,5.0,-8.0,4.163,9.0,4.933,-8.0,-9.0,4.726,-3.5,0.753,1.341,1.3451971798150102
32.0,0.0,308.0,4.13,3201.0,-5.0,-214.0,78.0,1.0,-21.0,1.534,-0.104,408.0,419.0,20692.0,13.0,1.328,1.183,101.0,106.0,96.0,103.0,87.0,74.0,0.0,13.0,13.0,13.0,8.0,253.0,198.0,-11.0,-11.0,-11.0,5.0,-1.0,8.0,-1.0,7.0,-3.0,0.0,4.85,11.161,19.076,93.333,14.189,78.0,106.0,9.137,78.0,9.313,75.0,4.333,7.506,0.0,13.0,7.857,6.067,0.0,13.0,7.857,4.769,0.0,13.0,0.0,20.191,37.321,-11.0,0.0,-11.0,-11.0,-10.429,3.823,-16.0,-3.0,-3.643,7.581,-16.0,5.0,-4.667,-21.0,8.0,-1.0,9.916,-21.0,8.0,-0.357,7.249,-21.0,2.2,4.9,0.1,0.058,4.85,-28.0,-38.0,19.035,-9.0,0.0,13.0,7.506,-6.5,0.0,0.0,7.506,-28.0,14.189,0.0,0.0,0.0,-0.0,0.714,1.43,1.4011929772415432
2.0,25.0,70.0,0.23,40.0,1.0,6.3,19.0,10.0,2.0,0.549,0.009,0.0,0.0,20430.0,14.0,0.343,0.343,22.0,20.0,20.0,20.0,20.0,20.0,45.0,45.0,45.0,45.0,45.0,45.0,45.0,4.0,4.0,4.0,4.0,4.0,6.0,6.0,6.0,6.0,6.0,1.768,1.768,1.768,19.5,0.707,19.0,20.0,0.707,19.0,0.707,19.0,35.0,14.142,25.0,45.0,35.0,14.142,25.0,45.0,35.0,14.142,25.0,45.0,17.678,17.678,17.678,3.25,1.061,2.5,4.0,3.25,1.061,2.5,4.0,3.25,1.061,2.5,4.0,4.0,2.0,6.0,4.0,2.828,2.0,6.0,4.0,2.828,2.0,1.289,2.5,-2.5,1.768,1.25,-1.0,2.0,1.414,0.0,-20.0,10.0,7.071,-15.0,25.0,-10.0,7.071,1.0,0.707,-1.5,-2.5,1.768,-2.75,2.915,0.558,0.546511678461592
5.0,13.0,110.0,0.62,131.0,-1.0,0.7,30.0,13.0,3.0,0.914,-0.075,0.0,0.0,20390.0,14.0,0.343,0.343,22.0,24.0,20.0,19.0,20.0,20.0,12.0,15.0,25.0,45.0,45.0,45.0,45.0,-0.6,-1.5,2.5,4.0,4.0,0.0,0.0,2.0,6.0,6.0,3.764,4.056,4.056,24.667,5.033,20.0,30.0,4.561,19.0,4.561,19.0,13.333,1.528,12.0,15.0,22.0,13.856,12.0,45.0,22.0,13.856,12.0,45.0,12.503,25.146,25.146,-1.4,0.755,-2.1,-0.6,0.46,2.656,-2.1,4.0,0.46,2.656,-2.1,4.0,1.0,0.0,3.0,2.2,2.49,0.0,6.0,2.2,2.49,0.0,1.063,2.5,-2.4,2.45,3.7,6.0,2.0,2.517,5.0,1.0,4.0,5.568,-1.0,13.0,1.0,1.528,6.0,5.033,-1.5,-2.4,2.45,-0.3,1.271,0.839,0.8480786357596135
6.0,6.0,116.0,0.75,170.0,-2.0,-4.1,31.0,14.0,1.0,0.979,-0.097,0.0,0.0,20384.0,14.0,0.343,0.343,22.0,30.0,24.0,20.0,20.0,20.0,13.0,12.0,15.0,45.0,45.0,45.0,45.0,-2.1,-0.6,-1.5,4.0,4.0,3.0,0.0,0.0,6.0,6.0,2.45,4.838,4.838,28.333,3.786,24.0,31.0,5.329,19.0,5.329,19.0,10.333,3.786,6.0,13.0,19.333,14.01,6.0,45.0,19.333,14.01,6.0,45.0,9.713,26.559,26.559,-2.133,1.55,-3.7,-0.6,-0.233,2.92,-3.7,4.0,-0.233,2.92,-3.7,4.0,1.333,0.0,3.0,2.0,2.28,0.0,6.0,2.0,2.28,0.0,1.106,2.4,-0.1,1.415,2.45,1.0,-5.0,2.517,3.5,-7.0,-8.0,4.0,-3.0,6.0,-7.0,3.786,1.0,3.786,-1.6,-0.1,1.415,-1.55,1.192,0.882,0.87816625493894
7.0,12.0,128.0,0.68,210.0,-2.0,-5.1,35.0,18.0,2.0,1.029,-0.11,270.0,345.0,20372.0,14.0,0.343,0.343,22.0,31.0,30.0,24.0,20.0,20.0,6.0,13.0,12.0,45.0,45.0,45.0,45.0,-3.7,-2.1,-0.6,4.0,4.0,1.0,3.0,0.0,6.0,6.0,3.775,6.205,6.205,32.0,2.646,30.0,35.0,6.399,19.0,6.399,19.0,10.333,3.786,6.0,13.0,18.286,13.086,6.0,45.0,18.286,13.086,6.0,45.0,9.165,28.74,28.74,-3.167,0.924,-3.7,-2.1,-0.729,2.97,-3.7,4.0,-0.729,2.97,-3.7,4.0,2.0,1.0,3.0,2.0,2.082,0.0,6.0,2.0,2.082,0.0,1.123,5.0,2.6,1.473,3.7,4.0,3.0,2.517,2.5,6.0,13.0,6.557,-0.5,12.0,6.0,3.786,4.0,2.646,0.0,1.6,0.896,-0.8,1.134,0.919,0.9139607013631594
9.0,3.0,142.0,1.14,312.0,0.0,-9.6,43.0,21.0,2.0,1.099,-0.111,274.0,342.0,20358.0,14.0,0.558,0.343,22.0,40.0,35.0,31.0,19.0,20.0,11.0,12.0,6.0,25.0,45.0,70.0,45.0,-0.8,-3.7,-3.7,2.5,4.0,3.0,2.0,1.0,2.0,6.0,7.485,9.943,10.499,39.333,4.041,35.0,43.0,8.235,20.0,8.978,19.0,8.667,4.933,3.0,12.0,10.286,4.231,3.0,15.0,15.778,12.538,3.0,45.0,7.371,21.227,32.539,-1.167,2.371,-3.7,1.0,-1.629,1.707,-3.7,1.0,-0.544,2.637,-3.7,4.0,2.333,2.0,3.0,1.571,1.272,0.0,3.0,2.111,1.833,0.0,1.256,9.8,4.9,2.801,7.35,3.0,-2.0,1.0,4.0,-8.0,-7.0,7.0,-4.5,3.0,-8.0,4.933,3.0,4.041,1.8,-1.1,1.464,2.35,1.057,0.988,0.9941219009015119
10.0,6.0,148.0,1.27,372.0,0.0,-13.5,46.0,22.0,1.0,1.129,-0.11,281.0,343.0,20352.0,14.0,0.687,0.343,22.0,43.0,40.0,35.0,20.0,20.0,3.0,11.0,12.0,15.0,45.0,85.0,45.0,1.0,-0.8,-3.7,-1.5,4.0,2.0,3.0,2.0,0.0,6.0,6.501,10.675,12.23,43.0,3.0,40.0,46.0,7.85,24.0,10.009,19.0,6.667,4.041,3.0,11.0,9.0,3.916,3.0,13.0,14.8,12.218,3.0,45.0,4.583,18.75,33.744,0.233,0.929,-0.8,1.0,-1.343,1.889,-3.7,1.0,-0.44,2.508,-3.7,4.0,2.0,1.0,3.0,1.714,1.113,0.0,3.0,2.0,1.764,0.0,1.228,2.5,-7.3,3.721,6.15,3.0,0.0,1.155,3.0,3.0,11.0,5.568,-2.5,6.0,3.0,4.041,3.0,3.0,-0.5,-2.3,1.735,0.65,1.012,1.019,1.023139898937679
11.0,7.0,155.0,1.4,435.0,0.0,-13.0,50.0,22.0,1.0,1.149,-0.099,289.0,346.0,20345.0,14.0,0.787,0.343,22.0,46.0,43.0,40.0,24.0,20.0,6.0,3.0,11.0,12.0,45.0,97.0,45.0,0.5,1.0,-0.8,-0.6,4.0,1.0,2.0,3.0,0.0,6.0,5.148,12.096,14.32,46.333,3.512,43.0,50.0,7.61,30.0,11.121,19.0,5.333,2.082,3.0,7.0,8.286,3.729,3.0,13.0,14.091,11.828,3.0,45.0,6.506,16.643,35.009,0.8,0.265,0.5,1.0,-1.129,2.065,-3.7,1.0,-0.318,2.413,-3.7,4.0,1.333,1.0,2.0,1.857,0.9,1.0,3.0,1.909,1.7,0.0,1.278,7.4,4.9,3.721,4.95,4.0,1.0,0.577,3.5,1.0,-2.0,5.859,2.0,7.0,1.0,2.082,4.0,3.512,0.4,0.9,1.159,-0.05,0.981,1.05,1.0698296820096762
15.0,6.0,176.0,1.92,752.0,2.0,-17.9,69.0,26.0,4.0,1.219,-0.079,320.0,373.0,20324.0,14.0,0.946,0.343,22.0,65.0,59.0,49.0,40.0,20.0,2.0,6.0,7.0,11.0,45.0,139.0,45.0,3.2,3.2,0.8,-0.8,4.0,4.0,3.0,-5.0,3.0,6.0,6.239,12.823,21.804,64.333,5.033,59.0,69.0,9.964,43.0,15.999,19.0,4.667,2.309,2.0,6.0,5.286,1.976,2.0,7.0,9.357,5.93,2.0,25.0,4.163,12.362,33.421,3.667,0.808,3.2,4.6,2.029,1.609,0.5,4.6,0.307,2.547,-3.7,4.6,3.667,3.0,4.0,1.429,3.101,-5.0,4.0,1.5,2.279,-5.0,1.284,7.4,2.4,1.386,6.2,4.0,-2.0,3.055,5.0,4.0,8.0,4.041,-0.0,6.0,4.0,2.309,4.0,5.033,1.4,1.4,1.206,0.7,0.89,1.14,1.154484861815853
16.0,3.0,179.0,2.06,841.0,0.0,-16.6,69.0,28.0,1.0,1.229,-0.073,327.0,382.0,20321.0,14.0,0.988,0.558,24.5,69.0,65.0,59.0,43.0,19.0,6.0,2.0,6.0,3.0,25.0,142.0,70.0,4.6,3.2,3.2,1.0,2.5,4.0,4.0,3.0,2.0,2.0,5.108,12.81,22.755,67.667,2.309,65.0,69.0,9.839,46.0,16.186,20.0,3.667,2.082,2.0,6.0,5.286,1.976,2.0,7.0,7.786,4.098,2.0,15.0,4.583,11.163,30.073,2.933,1.815,1.0,4.6,2.029,1.609,0.5,4.6,0.2,2.478,-3.7,4.6,3.0,1.0,4.0,1.286,3.094,-5.0,4.0,1.429,2.277,-5.0,1.319,2.4,-5.0,2.501,4.9,0.0,-4.0,3.055,2.0,-3.0,-7.0,4.359,0.5,3.0,-3.0,2.082,0.0,2.309,-3.6,-5.0,2.579,-1.1,0.877,1.156,1.1613999283978491
19.0,6.0,200.0,2.44,1142.0,2.0,-5.4,85.0,42.0,8.0,1.259,-0.063,378.0,414.0,20300.0,14.0,1.087,0.839,31.9,79.0,73.0,69.0,49.0,30.0,11.0,4.0,3.0,7.0,13.0,162.0,110.0,3.9,2.4,1.0,0.8,-2.1,5.0,2.0,1.0,-5.0,3.0,6.245,12.63,24.795,79.0,6.0,73.0,85.0,8.674,59.0,17.0,31.0,7.0,3.606,4.0,11.0,5.429,2.936,2.0,11.0,6.429,3.081,2.0,12.0,8.622,11.914,24.707,3.7,1.212,2.4,4.8,3.3,1.318,1.0,4.8,1.293,2.689,-3.7,4.8,5.0,2.0,8.0,3.857,2.268,1.0,8.0,2.286,2.867,-5.0,1.304,4.9,-2.6,1.473,6.2,6.0,0.0,1.155,6.0,-5.0,-12.0,6.0,1.0,6.0,-5.0,3.606,6.0,6.0,0.9,-0.6,0.321,1.2,0.842,1.196,1.2003679121956954
21.0,9.0,217.0,2.7,1382.0,1.0,-8.8,86.0,49.0,4.0,1.294,-0.066,387.0,429.0,20283.0,14.0,1.124,0.919,39.3,82.0,85.0,79.0,65.0,35.0,8.0,6.0,11.0,2.0,12.0,170.0,128.0,1.8,4.8,3.9,3.2,-3.7,2.0,8.0,5.0,4.0,2.0,6.292,12.873,24.768,84.333,2.082,82.0,86.0,7.254,69.0,16.155,40.0,7.667,1.528,6.0,9.0,6.714,2.812,3.0,11.0,6.357,2.79,2.0,11.0,8.505,15.443,24.292,3.3,1.5,1.8,4.8,3.114,1.438,1.0,4.8,2.186,1.692,-0.8,4.8,4.667,2.0,8.0,3.714,2.36,1.0,8.0,2.5,2.876,-5.0,1.434,7.5,2.5,1.473,6.25,4.0,7.0,4.726,0.5,1.0,-1.0,3.786,1.5,9.0,1.0,1.528,4.0,2.082,1.5,4.5,2.443,-0.75,0.825,1.228,1.2259914082334764
22.0,8.0,225.0,2.83,1517.0,0.0,-17.0,90.0,55.0,6.0,1.137,0.105,391.0,437.0,20275.0,14.0,1.14,0.946,44.2,86.0,82.0,85.0,69.0,40.0,9.0,8.0,6.0,6.0,11.0,176.0,139.0,3.3,1.8,4.8,4.6,-0.8,4.0,2.0,8.0,4.0,3.0,6.245,13.248,24.509,86.0,4.0,82.0,90.0,7.458,69.0,15.984,43.0,8.333,0.577,8.0,9.0,7.0,2.828,3.0,11.0,6.143,2.507,2.0,11.0,8.505,17.024,25.506,2.433,0.777,1.8,3.3,2.771,1.305,1.0,4.8,2.4,1.459,0.5,4.8,4.0,2.0,6.0,4.0,2.517,1.0,8.0,2.714,3.024,-5.0,1.424,4.9,-2.6,1.473,6.2,4.0,0.0,4.041,4.0,-1.0,-2.0,1.528,-0.0,8.0,-1.0,0.577,4.0,4.0,-1.1,-2.6,2.259,0.2,0.814,1.242,1.2529594898209884
23.0,5.0,230.0,2.96,1656.0,1.0,-21.9,93.0,62.0,7.0,1.337,-0.081,394.0,445.0,20270.0,14.0,1.156,0.988,54.0,90.0,86.0,82.0,69.0,43.0,8.0,9.0,8.0,3.0,3.0,179.0,142.0,2.2,3.3,1.8,1.0,1.0,6.0,4.0,2.0,1.0,2.0,6.245,13.062,24.953,89.667,3.512,86.0,93.0,6.733,73.0,15.672,46.0,7.333,2.082,5.0,9.0,7.286,2.43,4.0,11.0,6.286,2.367,2.0,11.0,6.557,17.024,26.124,3.067,0.777,2.2,3.7,3.157,1.072,1.8,4.8,2.593,1.438,0.5,4.8,5.667,4.0,7.0,4.857,2.34,2.0,8.0,3.071,3.222,-5.0,1.459,7.5,2.6,1.501,6.2,3.0,-1.0,0.577,3.5,-3.0,-2.0,2.0,-2.0,5.0,-3.0,2.082,3.0,3.512,1.5,2.6,1.501,0.2,0.805,1.256,1.266538522466782
28.0,3.0,257.0,3.61,2455.0,4.0,-28.2,107.0,140.0,12.0,1.446,-0.126,405.0,491.0,20243.0,14.0,1.228,1.124,81.2,111.0,108.0,106.0,86.0,65.0,8.0,3.0,9.0,9.0,2.0,217.0,170.0,16.9,10.5,9.0,3.3,3.2,17.0,16.0,16.0,4.0,4.0,7.159,17.595,28.754,108.667,2.082,107.0,111.0,8.03,90.0,15.039,69.0,4.667,2.887,3.0,8.0,5.714,2.563,3.0,9.0,6.214,2.636,3.0,11.0,5.686,12.107,27.988,12.767,3.585,10.5,16.9,8.329,5.077,2.2,16.9,5.721,4.491,1.0,16.9,15.0,12.0,17.0,13.0,4.761,6.0,17.0,8.357,6.021,1.0,1.616,0.0,-12.4,6.245,6.2,-4.0,-7.0,3.786,-0.5,-5.0,-10.0,6.083,0.0,3.0,-5.0,2.887,-4.0,2.082,-6.0,-12.4,6.245,0.2,0.767,1.32,1.3093059492431611
30.0,7.0,269.0,3.87,2818.0,1.0,-42.4,141.0,207.0,44.0,1.491,-0.168,407.0,522.0,20231.0,14.0,1.256,1.156,91.0,119.0,107.0,111.0,93.0,69.0,5.0,3.0,8.0,5.0,3.0,230.0,179.0,7.4,10.9,16.9,3.7,1.0,23.0,12.0,17.0,7.0,1.0,2.5,13.186,28.022,122.333,17.243,107.0,141.0,12.864,105.0,18.366,73.0,5.0,2.0,3.0,7.0,5.571,2.44,3.0,9.0,6.429,2.503,3.0,11.0,6.028,11.964,26.852,7.733,3.014,4.9,10.9,9.243,4.132,4.9,16.9,6.2,4.287,1.8,16.9,26.333,12.0,44.0,20.714,10.766,12.0,44.0,12.786,11.123,2.0,1.262,2.5,0.0,1.443,2.5,22.0,10.0,13.115,17.0,2.0,0.0,4.041,2.0,7.0,2.0,2.0,22.0,17.243,-2.5,1.0,1.803,-3.0,0.752,1.323,1.3073828480602505
31.0,4.0,273.0,4.0,3004.0,-1.0,-52.8,103.0,212.0,5.0,1.511,-0.17,408.0,522.0,20227.0,14.0,1.263,1.173,98.4,141.0,119.0,107.0,105.0,73.0,7.0,5.0,3.0,4.0,4.0,234.0,183.0,4.9,7.4,10.9,5.1,2.4,44.0,23.0,12.0,17.0,2.0,1.473,9.588,26.764,121.0,19.079,103.0,141.0,13.113,103.0,16.79,79.0,5.333,1.528,4.0,7.0,5.571,2.44,3.0,9.0,6.429,2.503,3.0,11.0,5.568,11.161,25.434,4.1,3.764,0.0,7.4,8.514,5.276,0.0,16.9,6.029,4.494,0.0,16.9,24.0,5.0,44.0,19.0,12.302,5.0,44.0,13.0,10.926,2.0,1.728,0.1,-2.4,1.386,1.3,-38.0,-60.0,32.146,-8.0,-3.0,-5.0,2.887,-0.5,4.0,-3.0,1.528,-38.0,19.079,-4.9,-2.4,1.206,-3.7,0.756,1.341,1.3267071482904602
34.0,9.0,301.0,4.39,3504.0,-2.0,0.9,129.0,340.0,28.0,1.578,-0.245,407.0,571.0,20199.0,14.0,1.303,1.212,115.8,101.0,198.0,103.0,111.0,82.0,11.0,8.0,4.0,8.0,8.0,254.0,208.0,0.0,0.0,0.0,16.9,1.8,1.0,99.0,5.0,17.0,2.0,3.863,6.59,22.563,142.667,49.923,101.0,198.0,34.023,101.0,28.237,86.0,9.333,1.528,8.0,11.0,6.714,2.87,3.0,11.0,6.643,2.59,3.0,11.0,10.017,15.915,25.353,-0.467,0.808,-1.4,0.0,3.114,4.684,-1.4,10.9,5.179,5.236,-1.4,16.9,42.667,1.0,99.0,30.286,33.664,1.0,99.0,21.071,25.107,1.0,1.478,2.6,-2.4,1.386,3.8,28.0,125.0,97.449,-34.5,-2.0,-5.0,3.215,0.5,9.0,-2.0,1.528,28.0,49.923,-1.4,-1.4,0.808,-0.7,0.754,1.333,1.3472019776935658
35.0,0.0,301.0,4.52,3601.0,-4.0,94.1,172.0,411.0,71.0,1.6,-0.281,407.0,598.0,20199.0,14.0,1.32,1.228,123.3,129.0,101.0,198.0,107.0,86.0,9.0,11.0,8.0,3.0,9.0,257.0,217.0,-1.4,0.0,0.0,10.9,3.3,28.0,1.0,99.0,12.0,4.0,2.55,6.952,20.746,134.0,35.763,101.0,172.0,36.055,101.0,30.89,90.0,6.667,5.859,0.0,11.0,6.286,3.638,0.0,11.0,6.0,3.038,0.0,11.0,5.196,15.649,25.353,-2.433,3.083,-5.9,0.0,0.714,4.32,-5.9,7.4,4.521,6.01,-5.9,16.9,33.333,1.0,71.0,38.714,35.65,1.0,99.0,25.857,27.84,1.0,1.123,2.5,-0.1,1.415,2.55,43.0,15.0,76.866,35.5,-9.0,-7.0,6.028,-5.5,0.0,-9.0,5.859,43.0,35.763,-4.5,-3.1,2.303,-2.95,0.75,1.319,1.3522469709871463
