AGE;MATI;JML_DEPLESI;STD_CUM_DEPLESI_%;DELTA_PAKAN_ZAK;DELTA_PAKAN_CUM_GR/EKOK;DG_ACT;DELTA_ABW;DELTA_DG;FCR_STD;FCR_ACT;DELTA_FCR;IP_STD;JUMLAH_AYAM_AKHIR;PERIODE;FCR_ACT_lag_14;DG_ACT_lag_1;DG_ACT_lag_2;DG_ACT_lag_3;MATI_lag_1;MATI_lag_2;MATI_lag_3;MATI_lag_7;MATI_lag_14;JML_DEPLESI_lag_14;DELTA_PAKAN_GR/EKOR_lag_1;DELTA_PAKAN_GR/EKOR_lag_2;DELTA_PAKAN_GR/EKOR_lag_3;DELTA_PAKAN_GR/EKOR_lag_7;DELTA_PAKAN_GR/EKOR_lag_14;DELTA_DG_lag_1;DELTA_DG_lag_2;DELTA_DG_lag_3;DELTA_DG_lag_7;DELTA_DG_lag_14;PAKAN_ACT_GR/EK_rolling_std_3;PAKAN_ACT_GR/EK_rolling_std_7;PAKAN_ACT_GR/EK_rolling_std_14;DG_ACT_rolling_std_3;DG_ACT_rolling_std_7;DG_ACT_rolling_std_14;DG_ACT_rolling_min_14;SUHU_MAX_rolling_std_3;SUHU_MAX_rolling_std_7;SUHU_MAX_rolling_std_14;MATI_rolling_mean_3;MATI_rolling_std_3;MATI_rolling_min_3;MATI_rolling_max_3;MATI_rolling_mean_7;MATI_rolling_std_7;MATI_rolling_min_7;MATI_rolling_max_7;MATI_rolling_mean_14;MATI_rolling_std_14;MATI_rolling_min_14;MATI_rolling_max_14;JML_DEPLESI_rolling_std_3;JML_DEPLESI_rolling_std_7;JML_DEPLESI_rolling_std_14;DELTA_PAKAN_GR/EKOR_rolling_std_3;DELTA_PAKAN_GR/EKOR_rolling_max_3;DELTA_PAKAN_GR/EKOR_rolling_mean_7;DELTA_PAKAN_GR/EKOR_rolling_std_7;DELTA_PAKAN_GR/EKOR_rolling_max_7;DELTA_PAKAN_GR/EKOR_rolling_mean_14;DELTA_PAKAN_GR/EKOR_rolling_std_14;DELTA_PAKAN_GR/EKOR_rolling_max_14;DELTA_DG_rolling_mean_3;DELTA_DG_rolling_min_3;DELTA_DG_rolling_max_3;DELTA_DG_rolling_mean_7;DELTA_DG_rolling_std_7;DELTA_DG_rolling_min_7;DELTA_DG_rolling_max_7;DELTA_DG_rolling_mean_14;DELTA_DG_rolling_min_14;PAKAN_DG_RATIO;PAKAN_ACT_GR/EK_momentum_1;PAKAN_ACT_GR/EK_acceleration;PAKAN_ACT_GR/EK_volatility_3;PAKAN_ACT_GR/EK_trend_slope_3;DG_ACT_momentum_1;DG_ACT_acceleration;DG_ACT_volatility_3;DG_ACT_trend_slope_3;SUHU_MAX_momentum_1;SUHU_MAX_acceleration;SUHU_MAX_volatility_3;MATI_momentum_1;MATI_acceleration;MATI_volatility_3;MATI_trend_slope_3;JML_DEPLESI_acceleration;JML_DEPLESI_volatility_3;DELTA_PAKAN_GR/EKOR_momentum_1;DELTA_PAKAN_GR/EKOR_acceleration;DELTA_PAKAN_GR/EKOR_volatility_3;DELTA_PAKAN_GR/EKOR_trend_slope_3;FEED_EFFICIENCY_lag_1
0.0;0.2857142857142857;0.015444015444015444;0.0;1.1833333333333333;0.4205607476635514;0.046610169491525424;0.10062893081761007;1.0;0.0;0.428;2.3000000000000003;0.0;0.16141622525787547;1;0.1632075471698113;0.057291666666666664;0.088;0.088;0.2857142857142857;0.2857142857142857;0.2857142857142857;0.2857142857142857;0.2857142857142857;0.02909090909090909;1.6296296296296295;2.2;1.8333333333333333;2.5;5.0;1.0;1.0;0.8888888888888888;0.6363636363636364;0.3333333333333333;-0.2947474071595849;-1.3195804543420988;-1.2275678443420375;-0.5275495502511585;-1.0804258364644836;-1.2978576818345855;0.1506849315068493;0.0;-0.7745901639344263;-1.8392857142857144;0.3076923076923077;-0.6149142177679632;0.3076923076923077;0.2857142857142857;0.3076923076923077;-1.0304398879956642;0.3076923076923077;0.2857142857142857;0.2840949767330867;-1.0441742807520953;0.3076923076923077;0.21568627450980393;0.40795078088026476;-0.5821019425535447;-0.9690910478516369;2.208198051948052;2.5;2.2286;1.2052025069074734;3.0;2.593955014058107;0.8929492209393566;2.0;1.3333333333333333;1.0909090909090908;0.5714285714285714;1.7044849259614359;-0.31085735856178937;1.3333333333333333;0.0;1.9385937597309586;1.5;0.19362812414171932;-2.6666666666666674;3.269230769230769;2.9005436030931784;0.5875968992248062;-0.5454545454545454;0.23529411764705882;-0.3193656980864635;0.31627906976744186;0.0;0.0;0.0;-0.2;-0.8;0.33688483003551484;0.379746835443038;-1.8;1.3729478943611706;-3.3333333333333335;2.8333333333333335;2.9718574108818014;-0.4;0.5139442231075697
0.029411764705882353;0.26785714285714285;0.044401544401544396;0.029411764705882353;0.05000000000000001;0.4205607476635514;0.033898305084745756;0.1509433962264151;0.25;0.17826426896012515;0.593;1.4000000000000001;0.0;0.15723445776414824;1;0.1632075471698113;0.057291666666666664;0.088;0.088;0.2857142857142857;0.2857142857142857;0.2857142857142857;0.2857142857142857;0.2857142857142857;0.02909090909090909;1.6296296296296295;2.2;1.8333333333333333;2.5;5.0;1.0;1.0;0.8888888888888888;0.6363636363636364;0.3333333333333333;-0.2947474071595849;-1.3195804543420988;-1.2275678443420375;-0.5275495502511585;-1.0804258364644836;-1.2978576818345855;0.1095890410958904;0.0;-0.7745901639344263;-1.8392857142857144;0.2980769230769231;-0.6149142177679632;0.2884615384615385;0.2857142857142857;0.2980769230769231;-1.0304398879956642;0.2884615384615385;0.2857142857142857;0.27415185140993514;-1.0441742807520953;0.2884615384615385;0.21568627450980393;0.40795078088026476;-0.5821019425535447;-0.9690910478516369;2.208198051948052;2.5;1.2286;1.2052025069074734;3.0;1.4224461105904405;0.8929492209393566;2.0;0.8333333333333334;0.5454545454545454;0.5714285714285714;1.0653030787258975;-0.31085735856178937;0.8333333333333334;0.0;1.1912561499657472;1.0;0.16204339467179346;-2.6666666666666674;3.269230769230769;2.9005436030931784;0.5875968992248062;-0.5454545454545454;0.23529411764705882;-0.3193656980864635;0.31627906976744186;0.0;0.0;0.0;-0.2;-0.8;0.33688483003551484;0.379746835443038;-1.8;1.3729478943611706;-3.3333333333333335;2.8333333333333335;2.9718574108818014;-0.4;0.5139442231075697
0.0588235294117647;0.10714285714285714;0.055984555984555984;0.058823529411764705;0.8833333333333333;0.48598130841121495;0.0423728813559322;0.1509433962264151;0.125;0.30492572322126654;0.794;1.9571428571428575;0.0;0.15556175076665735;1;0.1632075471698113;0.041666666666666664;0.088;0.088;0.26785714285714285;0.2857142857142857;0.2857142857142857;0.2857142857142857;0.2857142857142857;0.02909090909090909;0.14814814814814814;2.2;1.8333333333333333;2.5;5.0;0.25;1.0;0.8888888888888888;0.6363636363636364;0.3333333333333333;0.1284710605553698;-1.0680518964060248;-1.123932411674347;-0.6199135547681166;-1.1865271068169616;-1.3756766510285097;0.1095890410958904;0.0;-0.7745901639344263;-1.8392857142857144;0.23717307692307693;1.0161372515712586;0.11538461538461539;0.2857142857142857;0.23717307692307693;0.704182097371511;0.11538461538461539;0.2857142857142857;0.21117209561309308;0.40595031337310283;0.11538461538461539;0.21568627450980393;0.4410790345480358;-0.5621783164535945;-0.958406471800351;1.4212662337662336;2.5;1.3619999999999999;0.6825257766695867;3.0;1.5787253983130272;0.4582445914135186;2.0;0.6111666666666666;0.45454545454545453;0.5714285714285714;0.7812932779375732;-0.3971122540461475;0.75;0.0;0.8591891386934047;0.9166666666666666;0.27547377094204895;1.4545454545454548;3.269230769230769;2.9005436030931784;0.5875968992248062;-0.09090909090909091;0.23529411764705882;-0.3193656980864635;0.31627906976744186;0.0;0.0;0.0;-1.8;-0.8;0.33688483003551484;0.379746835443038;-1.8;1.3729478943611706;2.3333333333333335;2.8333333333333335;2.9718574108818014;-0.4;0.31474103585657365
0.08823529411764705;0.2857142857142857;0.08687258687258688;0.08823529411764705;1.0833333333333333;0.5700934579439252;0.08050847457627118;0.3270440251572327;0.75;0.3948397185301016;0.909;1.9571428571428575;0.0;0.1511011987733477;1;0.1632075471698113;0.052083333333333336;0.064;0.088;0.10714285714285714;0.26785714285714285;0.2857142857142857;0.2857142857142857;0.2857142857142857;0.02909090909090909;1.1851851851851851;0.2;1.8333333333333333;2.5;5.0;0.125;0.25;0.8888888888888888;0.6363636363636364;0.3333333333333333;1.170291067246571;-0.724859571506686;-0.9825294418842803;0.05467076827226355;-0.5957237430667381;-0.9423575342016338;0.1095890410958904;0.0;-0.7745901639344263;-1.8392857142857144;0.23717307692307693;1.0161372515712586;0.11538461538461539;0.2857142857142857;0.25480769230769235;0.46861168819438154;0.11538461538461539;0.2857142857142857;0.22940778745575308;0.20901608396888927;0.11538461538461539;0.21568627450980393;0.5286322763842876;-0.13638196437465905;-0.7300618179042967;1.2564935064935066;2.25;1.5286;0.5145899319361142;3.0;1.7738987816307403;0.3185741508799463;2.0;0.5;0.45454545454545453;0.2857142857142857;0.9055076169170129;-0.4880856886707877;0.75;0.0;1.0044217475244444;0.9166666666666666;0.201043669321615;0.2424242424242425;-0.9615384615384615;1.8948013168976345;0.7736434108527132;0.5454545454545454;0.35294117647058826;-0.09860028348688876;0.37209302325581395;0.0;0.0;0.0;2.0;1.9;1.2122442076779971;0.5189873417721519;2.0;1.0674518201284797;0.6666666666666666;-0.8333333333333334;1.9449656035021892;2.0;0.18387986515476554
0.11764705882352941;0.17857142857142855;0.10617760617760619;0.11764705882352941;-0.05000000000000001;0.5607476635514018;0.12288135593220338;0.6540880503144654;1.625;0.46364347146207974;0.891;0.4428571428571429;0.0;0.14831335377752985;1;0.1632075471698113;0.09895833333333334;0.08000000000000002;0.064;0.2857142857142857;0.10714285714285714;0.26785714285714285;0.2857142857142857;0.2857142857142857;0.02909090909090909;1.4814814814814814;1.6;0.16666666666666666;2.5;5.0;0.75;0.125;0.2222222222222222;0.6363636363636364;0.3333333333333333;-0.5553696888591502;-0.8978475915892034;-1.0538044034818224;0.6224056695611542;0.09277151547682971;-0.4373872248285816;0.1095890410958904;0.0;-0.7745901639344263;-1.8392857142857144;0.2051346153846154;0.8547647358586716;0.11538461538461539;0.2857142857142857;0.2423076923076923;0.3219221389215066;0.11538461538461539;0.2857142857142857;0.216481724535656;0.08638526013743124;0.11538461538461539;0.21568627450980393;0.8035967818267864;0.16351604563459132;-0.569233508865654;1.4862012987012987;2.25;1.2286;0.6868387357638652;3.0;1.4224461105904405;0.4618316332249747;2.0;1.1111666666666666;0.45454545454545453;1.2857142857142858;1.278363694471077;-0.19666871136696093;0.75;0.7142857142857143;1.440368686554151;0.9166666666666666;0.07058500411974736;-2.6666666666666674;-2.3076923076923075;1.8948013168976345;0.5100775193798449;0.6363636363636364;0.0;-0.24645641389085754;0.40930232558139534;0.0;0.0;0.0;-1.2;-1.6;1.3644512092000673;0.5569620253164558;-1.2;0.8979300499643114;-3.3333333333333335;-2.0;1.9449656035021892;-1.4;0.1351517008887527
0.14705882352941174;0.17857142857142855;0.12548262548262548;0.14705882352941177;0.11666666666666665;0.5514018691588785;0.07203389830508475;0.5786163522012578;-0.375;0.5144644253322908;0.963;0.5428571428571429;0.0;0.1455255087817111;1;0.1632075471698113;0.15104166666666666;0.152;0.08000000000000002;0.17857142857142855;0.2857142857142857;0.10714285714285714;0.2857142857142857;0.2857142857142857;0.02909090909090909;0.0;2.0;1.3333333333333333;2.5;5.0;1.625;0.75;0.1111111111111111;0.6363636363636364;0.3333333333333333;-0.5553696888591502;-0.8582790674553862;-1.037501280081925;0.14345235777423004;-0.06629092860976915;-0.5540500639742791;0.1095890410958904;0.0;-0.7745901639344263;-1.8392857142857144;0.23076923076923078;0.32172583658909454;0.19230769230769232;0.2857142857142857;0.23398076923076924;0.20233041279017236;0.11538461538461539;0.2857142857142857;0.20787097800580678;-0.013592086385260115;0.11538461538461539;0.21568627450980393;0.31219435242151744;0.4337183653139157;-0.4243303060367854;1.4862012987012987;2.25;1.0952;0.615944470651661;3.0;1.2661668228678538;0.4028696334491649;2.0;0.8888333333333334;0.09090909090909091;1.2857142857142858;0.9587727708533077;-0.0390695040815365;0.4166666666666667;0.7142857142857143;1.0666998816715452;0.5833333333333334;0.2265861027190333;0.2424242424242425;2.3076923076923075;1.3407855447515507;0.5100775193798449;-1.3636363636363635;-1.3529411764705883;0.4679305457122608;0.31162790697674414;0.0;0.0;0.0;0.0;0.6;0.8839280680985397;0.43037974683544306;0.0;0.33797287651677377;0.6666666666666666;2.0;1.3792995622263915;-1.4;0.14189396261109413
0.1764705882352941;0.125;0.138996138996139;0.13122171945701358;0.18333333333333335;0.5981308411214953;0.05932203389830508;0.4276729559748428;-1.0;0.5535574667709147;1.052;1.1;0.6617647058823529;0.1435740172846387;1;0.1632075471698113;0.08854166666666666;0.232;0.152;0.17857142857142855;0.17857142857142855;0.2857142857142857;0.2857142857142857;0.2857142857142857;0.02909090909090909;0.2962962962962963;0.0;1.6666666666666667;2.5;5.0;-0.375;1.625;0.6666666666666666;0.6363636363636364;0.3333333333333333;0.1284710605553698;-0.6840980265447135;-0.9657347670250893;0.37833417701802896;-0.18276972624798704;-0.6394803320101047;0.1095890410958904;0.0;-0.7745901639344263;-1.8392857142857144;0.17307692307692307;-0.26668931544080166;0.13461538461538464;0.17857142857142855;0.21978846153846154;0.24496432119953024;0.11538461538461539;0.2857142857142857;0.19319492502883506;0.02204938458053323;0.11538461538461539;0.21568627450980393;0.082505126991639;0.6338084960034153;-0.3170266351217279;-0.19277597402597396;0.25;1.0;0.5482849248601658;3.0;1.154639175257732;0.3465979150319472;2.0;0.11116666666666668;-0.36363636363636365;1.2857142857142858;0.5782465111324171;0.21271174444392013;0.0;0.7142857142857143;0.621784891324656;0.16666666666666666;0.3273825872013184;0.0;-0.1923076923076923;1.2580966235357174;0.6806201550387596;-0.5454545454545454;0.47058823529411764;0.34718284904323177;0.2511627906976744;0.0;0.0;0.0;-0.6;-0.3;-0.26224702632617397;0.4683544303797469;-0.6;-0.2801570306923626;0.0;-0.3333333333333333;1.2232645403377111;0.6;0.1161507814894269
0.20588235294117646;0.14285714285714285;0.15444015444015444;0.20588235294117646;-0.05000000000000001;0.5420560747663551;0.09322033898305083;0.27672955974842767;-0.5;0.5840500390930414;1.09;1.0857142857142859;0.6568627450980392;0.14134374128798388;1;0.1632075471698113;0.07291666666666666;0.136;0.232;0.125;0.17857142857142855;0.17857142857142855;0.2857142857142857;0.2857142857142857;0.02909090909090909;0.2962962962962963;0.4;0.0;2.5;5.0;-1.0;-0.375;1.4444444444444444;0.6363636363636364;0.3333333333333333;-0.7484108397457343;-0.6242481483322564;-0.9409933435739884;-0.2284957750866399;-0.16970835569869372;-0.6569338276303271;0.1095890410958904;1.155;0.0;-0.5767857142857145;0.16025;-0.33599456429420743;0.13461538461538464;0.17857142857142855;0.19780769230769232;0.1091139011832716;0.11538461538461539;0.2857142857142857;0.184663723501571;-0.01751868911877968;0.11538461538461539;0.21568627450980393;-0.08124309828048597;0.4527881217238681;-0.21491261543158055;-0.19277597402597396;0.25;0.6858000000000001;0.385470719051149;2.6666666666666665;1.0124179943767573;0.3436834435601391;2.0;-0.8333333333333334;-0.36363636363636365;-1.0;0.21306061574517948;0.20497334025385733;0.0;0.7142857142857143;0.41277947312698515;0.16666666666666666;0.2101071134303763;-1.2121212121212124;-0.9615384615384615;0.20365975040196008;0.5875968992248062;0.45454545454545453;0.5882352941176471;0.25478384124734227;0.3441860465116279;-2.0;-2.0;1.0;0.2;0.4;-0.4692485483961892;0.4810126582278481;0.2;-0.352962169878658;-0.6666666666666666;-0.3333333333333333;-0.16166353971232017;-0.2;0.08948820104198588
0.23529411764705882;0.17857142857142855;0.17374517374517376;0.2352941176470588;-0.016666666666666666;0.5514018691588785;0.1483050847457627;0.4025157232704403;0.625;0.6082877247849882;1.098;0.7571428571428572;0.6715686274509803;0.13855589629216603;1;0.1632075471698113;0.11458333333333334;0.11200000000000002;0.136;0.14285714285714285;0.125;0.17857142857142855;0.26785714285714285;0.2857142857142857;0.02909090909090909;0.0;0.4;0.3333333333333333;0.0;5.0;-0.5;-1.0;-0.3333333333333333;0.09090909090909091;0.3333333333333333;0.02408832385413184;-0.7632350748123479;-0.8090937019969274;0.7929597757096687;0.0909822866344605;-0.3879137823562219;0.1095890410958904;1.155;0.22540983606557374;-0.26428571428571435;0.16025;-0.33599456429420743;0.13461538461538464;0.17857142857142855;0.1840576923076923;-0.10839129256616394;0.11538461538461539;0.2857142857142857;0.18245634967983132;-0.09333232651211952;0.11538461538461539;0.21568627450980393;0.15728032812746487;0.4029790564739924;-0.09682261059808178;-0.2556818181818181;0.25;0.6858000000000001;0.385470719051149;2.6666666666666665;0.9278350515463918;0.3069162649927138;2.0;-0.38883333333333336;-0.36363636363636365;0.14285714285714285;0.3044636198998615;0.23554947388288575;0.0;0.7142857142857143;0.4992215233231613;0.16666666666666666;0.16039549574292777;0.96969696969697;1.7307692307692306;0.5999540617104359;0.6496124031007752;0.9090909090909091;0.23529411764705882;0.09248759744861804;0.41860465116279066;0.0;2.0;1.0;0.4;0.1;-0.3420711426799707;0.5443037974683544;0.4;-0.352962169878658;0.3333333333333333;0.5;-0.30925578486554095;0.0;0.07906834201654919
0.2647058823529412;0.10714285714285714;0.18532818532818535;0.2647058823529411;-0.05000000000000001;0.514018691588785;0.09745762711864407;0.12578616352201258;-1.375;0.6317435496481626;1.152;1.1;0.6887254901960784;0.13688318929467513;1;0.1632075471698113;0.18229166666666666;0.17600000000000002;0.11200000000000002;0.17857142857142855;0.14285714285714285;0.125;0.10714285714285714;0.2857142857142857;0.02909090909090909;0.14814814814814814;0.0;0.3333333333333333;1.75;5.0;0.625;-0.5;-0.8888888888888888;0.0;0.3333333333333333;0.37504182000669134;-0.5478948153303176;-0.7043113159242188;0.26883688329893696;-0.1666666666666666;-0.4392244348938683;0.1095890410958904;0.0;0.32069672131147536;-0.1142857142857144;0.15384615384615385;-0.17564124341769993;0.11538461538461539;0.17857142857142855;0.1840576923076923;-0.10839129256616394;0.11538461538461539;0.2857142857142857;0.17273197311378913;-0.06463792192101472;0.11538461538461539;0.21568627450980393;0.009780722511437039;0.15706458575460733;-0.0002035157343102768;-0.42735389610389607;0.0;0.48580000000000007;0.2420648291663859;2.6666666666666665;0.8601218369259608;0.27171841721780066;2.0;-0.5555;-0.6363636363636364;0.14285714285714285;-0.06093533610312133;0.5035624970509129;-0.25;0.7142857142857143;0.16989474995329143;-0.08333333333333333;0.2963471573743478;-0.484848484848485;-1.1538461538461537;0.6226169512288494;0.6961240310077519;-1.3636363636363635;-1.5294117647058822;0.5393338058114812;0.3255813953488372;0.0;0.0;1.0;-0.8;-0.6;-0.21376627769321838;0.4810126582278481;-0.8;-0.1845110635260528;0.0;-0.16666666666666666;-0.30925578486554095;0.4;0.07722954336500157
0.29411764705882354;0.125;0.19884169884169886;0.2941176470588235;-0.5499999999999999;0.4672897196261682;0.1906779661016949;0.27672955974842767;0.875;0.6473807662236122;1.138;0.6142857142857143;0.7083333333333334;0.13493169779760184;1;0.1632075471698113;0.11979166666666666;0.28;0.17600000000000002;0.10714285714285714;0.17857142857142855;0.14285714285714285;0.2857142857142857;0.2857142857142857;0.02909090909090909;0.14814814814814814;0.2;0.0;2.25;5.0;-1.375;0.625;-0.4444444444444444;0.45454545454545453;0.3333333333333333;-0.8721980595516895;-0.320425510762042;-0.6262365591397846;0.8577547603286478;0.4722669529432814;-0.08018109642072097;0.1095890410958904;0.0;0.32069672131147536;-0.037500000000000235;0.1474423076923077;-0.14778325123152708;0.11538461538461539;0.17857142857142855;0.15934615384615386;-0.6702194923674465;0.11538461538461539;0.17857142857142855;0.1665871216640814;-0.08427093558861283;0.11538461538461539;0.21568627450980393;-0.2389966871746333;0.054315599724864355;0.09168383830674906;0.5101461038961039;0.0;0.08580000000000002;-0.1458319293752948;0.0;0.6982193064667291;0.3566864701266675;2.0;0.0555;-0.6363636363636364;0.42857142857142855;-0.030467668051560665;0.5280989005803803;-0.25;0.7142857142857143;0.3081522077598556;-0.08333333333333333;0.12853611645152435;-0.7272727272727274;-0.1923076923076923;0.37853150601025964;0.5875968992248062;1.7272727272727273;1.9411764705882353;0.9279766123316796;0.3674418604651163;0.0;0.0;0.0;0.2;0.5;-0.21376627769321838;0.4683544303797469;0.2;-0.15524625267665954;-1.6666666666666667;-0.8333333333333334;0.2182614133833646;-0.8;0.06405148636224331
0.32352941176470584;0.1607142857142857;0.21621621621621623;0.32352941176470584;-0.15;0.42990654205607476;0.1694915254237288;0.1761006289308176;-0.5;0.6630179827990618;1.158;0.6142857142857143;0.7279411764705882;0.1324226373013655;1;0.1632075471698113;0.23437499999999997;0.18400000000000002;0.28;0.125;0.10714285714285714;0.17857142857142855;0.17857142857142855;0.2857142857142857;0.02909090909090909;-0.5925925925925926;0.2;0.16666666666666666;-0.25;5.0;0.875;-1.375;0.5555555555555556;1.0909090909090908;0.3333333333333333;0.2459016393442624;-0.21901874036884225;-0.4788530465949818;0.9384369767532417;0.682143496153158;0.018503329943243337;0.1095890410958904;0.0;0.22540983606557374;0.0;0.14101923076923079;-0.33599456429420743;0.11538461538461539;0.1607142857142857;0.15659615384615386;-0.7171890524794508;0.11538461538461539;0.17857142857142855;0.16477747285526784;-0.1350147247602506;0.11538461538461539;0.21568627450980393;0.0;0.01674533336495821;0.19410313159836173;0.41233766233766234;0.0;0.08580000000000002;-0.1458319293752948;0.0;0.6415182755388942;0.3252998542764263;2.0;-0.44449999999999995;-0.6363636363636364;0.42857142857142855;-0.5477788430808566;0.1156985797197187;-0.25;-0.14285714285714285;0.1948060036121318;-0.08333333333333333;0.20488876682230162;0.96969696969697;1.346153846153846;0.37853150601025964;0.6806201550387596;-0.7272727272727273;-1.6470588235294117;0.9579199149539334;0.39999999999999997;0.0;0.0;0.0;0.4;0.1;-0.21376627769321838;0.5443037974683544;0.4;-0.352962169878658;1.3333333333333333;1.5;0.6228893058161352;0.0;0.06742261722341406
0.3529411764705882;0.10714285714285714;0.22779922779922782;0.35746606334841624;-0.08333333333333333;0.37383177570093457;0.1822033898305085;0.07547169811320754;-0.25;0.6763096168881938;1.178;0.6571428571428573;0.7475490196078431;0.1307499303038746;1;0.1632075471698113;0.20833333333333334;0.36;0.18400000000000002;0.1607142857142857;0.125;0.10714285714285714;0.17857142857142855;0.2857142857142857;0.02909090909090909;0.0;-0.8;0.16666666666666666;0.25;5.0;-0.5;0.875;-1.2222222222222223;-0.36363636363636365;0.3333333333333333;0.6594178655068585;-0.05040512998956122;-0.3358115719406039;-0.4658697091234766;0.6914474861334764;0.11915619566287214;0.1095890410958904;0.0;0.0;0.0142857142857143;0.14101923076923079;-0.33599456429420743;0.11538461538461539;0.1607142857142857;0.14559615384615385;-0.7395899196097913;0.11538461538461539;0.17857142857142855;0.15865250765620648;-0.13169221475496473;0.11538461538461539;0.21568627450980393;-0.07430194036914355;-0.011811864044970581;0.28593960670584345;0.27556818181818193;-0.25;0.028600000000000004;-0.18464856122380213;0.0;0.5934864104967198;0.29615513955834544;2.0;0.0555;0.0;0.42857142857142855;-0.5175242356450409;0.1156985797197187;-0.25;-0.14285714285714285;0.13726100766021052;-0.08333333333333333;0.2101071134303763;0.0;-0.7692307692307692;0.29461756373937686;0.7271317829457364;0.0;0.4117647058823529;0.5959425939050319;0.31162790697674414;0.0;0.0;0.0;-0.6;-0.5;-0.3420711426799707;0.4936708860759494;-0.6;-0.352962169878658;0.0;-0.6666666666666666;0.6228893058161352;1.0;0.06282562059454491
0.38235294117647056;0.08928571428571427;0.23745173745173745;0.38235294117647056;-0.016666666666666666;0.3177570093457944;0.2457627118644068;0.27672955974842767;1.0;0.6935105551211883;1.172;0.2571428571428572;0.767156862745098;0.12935600780596523;1;0.1632075471698113;0.22395833333333334;0.32000000000000006;0.36;0.10714285714285714;0.1607142857142857;0.125;0.125;0.2857142857142857;0.02909090909090909;0.0;0.0;-0.6666666666666666;0.25;5.0;-0.25;-0.5;0.7777777777777778;-0.8181818181818182;0.3333333333333333;0.1284710605553698;0.1794502162350251;-0.18498719918074719;0.6442116740002337;0.8127572016460906;0.43607493192480573;0.1095890410958904;0.0;-0.7745901639344263;0.0142857142857143;0.12821153846153846;-0.14778325123152708;0.09615384615384616;0.1607142857142857;0.1401153846153846;-0.635895583054828;0.09615384615384616;0.17857142857142855;0.1519906136896949;-0.11145510835913305;0.09615384615384616;0.21568627450980393;-0.3964347688909924;-0.11209411541471974;0.365768653489023;-0.42735389610389607;0.0;0.0;-0.22292607318552465;-0.3333333333333333;0.5688847235238987;0.26140567200986425;2.0;0.11116666666666668;0.0;0.5714285714285714;-0.030467668051560665;0.21139055348464103;-0.25;0.0;0.2660521890764153;-0.08333333333333333;0.15435319967042022;0.2424242424242425;0.1923076923076923;-0.1433274634407779;0.6806201550387596;1.0909090909090908;0.6470588235294118;0.2591247342310419;0.4046511627906977;0.0;0.0;0.0;-0.2;0.2;-0.37115959185974406;0.4556962025316456;-0.2;-0.15524625267665954;0.3333333333333333;0.16666666666666666;-0.13602251407129456;0.4;0.05822862396567577
0.4117647058823529;0.07142857142857142;0.24517374517374516;0.4117647058823529;0.2833333333333334;0.3364485981308411;0.22033898305084748;0.22641509433962265;-0.25;0.7021110242376857;1.191;0.37142857142857144;0.7843137254901961;0.12824086980763827;1;0.1632075471698113;0.3020833333333333;0.344;0.32000000000000006;0.08928571428571427;0.10714285714285714;0.1607142857142857;0.14285714285714285;0.2857142857142857;0.02909090909090909;0.14814814814814814;0.0;0.0;-0.25;5.0;1.0;-0.25;-0.4444444444444444;-0.45454545454545453;0.3333333333333333;0.6356641017062564;0.27847094497191416;-0.03465437788018419;0.31805615046143065;0.5794417606011809;0.5238673271874285;0.1095890410958904;1.155;0.0;0.42321428571428554;0.09615384615384616;-0.515372855444199;0.07692307692307693;0.10714285714285714;0.12911538461538463;-0.5134134224550628;0.07692307692307693;0.17857142857142855;0.1349480968858131;-0.19300762667069388;0.07692307692307693;0.21568627450980393;-0.5540306041962455;-0.2631341761343422;0.24106438729044252;-0.04139610389610384;0.5;0.08580000000000002;-0.12453669384729432;0.3333333333333333;0.4350984067478913;0.08519224302208271;1.75;0.22216666666666665;0.18181818181818182;0.5714285714285714;0.030467668051560665;0.1842117680366157;-0.25;0.0;0.08793672541570655;-0.08333333333333333;0.21889590771766004;0.7272727272727274;0.3846153846153846;-0.3129928795651175;0.7271317829457364;-0.8181818181818182;-1.2941176470588236;0.3007618710134656;0.36279069767441857;-2.0;-2.0;1.0;-0.2;0.0;-0.6782794971531652;0.4810126582278481;-0.2;-0.5413990007137758;0.6666666666666666;0.16666666666666666;-0.47435897435897434;0.8;0.059454489733374166
0.4411764705882353;0.125;0.25868725868725867;0.4434389140271493;-0.11666666666666668;0.3364485981308411;0.25;0.3018867924528302;0.25;0.7099296325254105;1.199;0.3428571428571429;0.8014705882352942;0.12628937831056586;1;0.3188679245283018;0.2708333333333333;0.4640000000000001;0.344;0.07142857142857142;0.08928571428571427;0.10714285714285714;0.17857142857142855;0.26785714285714285;0.08363636363636365;0.4444444444444444;0.2;0.0;0.0;0.0;-0.25;1.0;-0.2222222222222222;0.36363636363636365;-0.3333333333333333;0.1880227500836401;0.40035790624844675;-0.0036866359447003095;-0.2682138546006776;0.7597960279119701;0.588300908762836;0.136986301369863;1.155;0.22540983606557374;0.6589285714285715;0.10255769230769232;-0.33599456429420743;0.07692307692307693;0.125;0.12088461538461538;-0.7063499232228344;0.07692307692307693;0.1607142857142857;0.12359304776677406;-0.351884014196179;0.07692307692307693;0.21568627450980393;-0.3869695535573436;-0.3138919854842153;0.15365437940420765;-0.04139610389610384;0.5;0.05720000000000001;-0.13046701260192733;0.3333333333333333;0.41822867853795687;0.09146956619213091;1.75;0.44449999999999995;0.18181818181818182;0.5714285714285714;-0.06093533610312133;0.13419525314962477;-0.25;0.0;0.08793672541570655;-0.08333333333333333;0.19307882449876412;-0.484848484848485;-0.9615384615384615;-0.010106423704157392;0.6806201550387596;0.36363636363636365;0.7058823529411765;0.306343019135365;0.3255813953488372;0.0;2.0;1.0;0.6;0.4;-0.41806189751395223;0.5316455696202532;0.6;-0.352962169878658;-1.0;-0.8333333333333334;0.040337711069418386;0.0;0.05547042598835425
0.47058823529411764;0.125;0.27220077220077216;0.47058823529411764;0.48333333333333334;0.38317757009345793;0.2542372881355932;0.3018867924528302;0.0;0.7177482408131353;1.218;0.4714285714285715;0.8186274509803921;0.12433788681349256;1;0.5084905660377358;0.30729166666666663;0.41600000000000004;0.4640000000000001;0.125;0.07142857142857142;0.08928571428571427;0.10714285714285714;0.10714285714285714;0.10545454545454547;0.0;0.6;0.16666666666666666;0.0;3.5;0.25;-0.25;0.8888888888888888;-1.0909090909090908;-0.4444444444444444;0.7517564402810307;0.6763433911617042;0.15573988735279085;-0.17896499357501658;0.0299695831096798;0.5862012401167945;0.1917808219178082;0.0;0.32069672131147536;0.7678571428571428;0.11538461538461539;-0.26668931544080166;0.07692307692307693;0.125;0.1236346153846154;-0.7012916629030801;0.07692307692307693;0.1607142857142857;0.12500497156266155;-0.36336177603262093;0.07692307692307693;0.21568627450980393;-0.16106641426092455;-0.3600958231540998;0.039532931389758115;0.35998376623376627;1.0;0.1714;0.05714670799919124;1.0;0.3680880974695408;0.015244927698688503;1.75;0.0;0.18181818181818182;-0.2857142857142857;0.27399595184830083;-0.2349832491860522;0.3333333333333333;0.0;0.07024973531792988;-0.08333333333333333;0.23070585004119748;1.4545454545454548;1.5384615384615383;0.456626598269658;0.7271317829457364;-0.18181818181818182;-0.4117647058823529;-0.056254429482636405;0.3581395348837209;0.0;0.0;1.0;0.0;-0.3;-0.4692485483961892;0.5443037974683544;0.0;-0.2801570306923626;1.6666666666666667;1.3333333333333333;0.4765478424015011;0.6;0.053631627336806625
0.5;0.26785714285714285;0.30115830115830117;0.5;-0.21666666666666665;0.38317757009345793;0.3432203389830509;0.7547169811320755;2.25;0.7255668491008601;1.204;0.1285714285714286;0.8406862745098039;0.12015611931976533;1;0.6169811320754717;0.31249999999999994;0.4720000000000001;0.41600000000000004;0.125;0.125;0.07142857142857142;0.125;0.2857142857142857;0.16363636363636364;0.7407407407407407;0.0;0.5;-1.25;4.5;0.0;0.25;-0.2222222222222222;0.5454545454545454;0.1111111111111111;0.41050518568082983;0.4136799721628475;0.2622427035330264;1.0770608621159614;0.9569690463410269;0.9675535579541357;0.1917808219178082;0.0;0.32069672131147536;0.7678571428571428;0.18590384615384617;0.7141158484797008;0.13461538461538464;0.26785714285714285;0.14559615384615385;0.031072170535633582;0.07692307692307693;0.26785714285714285;0.12359304776677406;-0.4243751415842331;0.07692307692307693;0.19607843137254904;0.5078088026502602;-0.17120087284457192;0.02981505507644552;0.643262987012987;1.0;0.2572;-0.13046701260192733;1.0;0.18392689784442362;-0.2318125770653515;0.5;1.1111666666666666;0.36363636363636365;2.0;0.6087141791839779;0.3480394469872127;0.3333333333333333;1.4285714285714286;0.28373917917419195;-0.08333333333333333;0.14254325734688278;-1.2121212121212124;-2.1153846153846154;0.960416507158717;0.6806201550387596;1.6363636363636365;1.1176470588235294;0.27657689581856837;0.4232558139534883;0.0;0.0;0.0;1.6;0.8;-0.027510006201025956;0.6075949367088608;1.6;0.7501784439685938;-2.0;-1.8333333333333333;0.9909318323952471;0.0;0.04964756359178671
0.5294117647058824;0.08928571428571427;0.3108108108108108;0.5294117647058824;0.2833333333333334;0.40186915887850466;0.2669491525423729;0.6540880503144654;-0.375;0.7333854573885847;1.225;0.2857142857142857;0.9264705882352942;0.11876219682185596;1;0.6;0.42187499999999994;0.4800000000000001;0.4720000000000001;0.26785714285714285;0.125;0.125;0.1607142857142857;0.17857142857142855;0.2;-0.14814814814814814;1.0;0.0;-0.25;-0.5;2.25;0.0;0.2222222222222222;-0.45454545454545453;0.8888888888888888;-0.1689528270324523;0.4136799721628475;0.30762928827444974;0.9111794712043926;0.6134371086061906;1.0288376365604806;0.1917808219178082;0.0;0.22540983606557374;0.6589285714285715;0.17307692307692307;0.9427552233735347;0.09615384615384616;0.26785714285714285;0.13461538461538464;0.04985999458043533;0.07692307692307693;0.26785714285714285;0.11647377003539751;-0.41410556520425873;0.07692307692307693;0.19607843137254904;0.37655781669032945;-0.030027750764925056;0.01699356381490242;0.5783279220779222;1.0;0.3428;-0.12157153446997776;1.0;0.23430178069353327;-0.21499831857415092;0.5;0.8333333333333334;0.09090909090909091;2.0;0.6391818472355385;0.3216156278016326;0.4166666666666667;1.4285714285714286;-0.0009964501463536161;-0.08333333333333333;0.24471299093655596;0.7272727272727274;1.5384615384615383;0.960416507158717;0.6341085271317829;-1.9090909090909092;-2.3529411764705883;1.0950566973777462;0.33488372093023255;0.0;0.0;0.0;-2.0;-1.8;1.0947629516883701;0.4810126582278481;-2.0;0.9903640256959314;1.3333333333333333;1.6666666666666667;1.1150719199499688;-0.2;0.052712228011032786
0.5588235294117647;0.14285714285714285;0.3262548262548262;0.5588235294117646;0.016666666666666666;0.40186915887850466;0.3177966101694915;1.3333333333333333;0.75;0.743549648162627;1.233;0.2142857142857143;0.9387254901960784;0.11653192082520203;1;0.6679245283018866;0.32812499999999994;0.648;0.4800000000000001;0.08928571428571427;0.26785714285714285;0.125;0.10714285714285714;0.17857142857142855;0.23636363636363636;0.4444444444444444;-0.2;0.8333333333333334;-0.25;0.5;-0.375;2.25;0.0;-0.2727272727272727;-0.8888888888888888;0.6356641017062564;0.36715215986479116;0.36473118279569905;0.5696039873836688;0.37636428699230634;1.0351366424986062;0.1917808219178082;0.0;0.0;0.42321428571428554;0.17948076923076925;0.8883981654492947;0.09615384615384616;0.26785714285714285;0.1401153846153846;0.04516303856923493;0.07692307692307693;0.26785714285714285;0.11364992244362247;-0.43947745979007763;0.07692307692307693;0.19607843137254904;-0.23095125414103176;0.097957828324755;0.024727161718690407;0.15016233766233772;0.5;0.3714;-0.1458319293752948;1.0;0.21743205248359887;-0.21993050106490303;0.5;1.1666666666666667;0.09090909090909091;2.0;0.8827101310322786;0.2685792478648609;0.4166666666666667;1.4285714285714286;0.15918291087999006;-0.08333333333333333;0.20818456468003305;0.2424242424242425;-0.3846153846153846;0.49398974044866417;0.7271317829457364;0.8181818181818182;1.7058823529411764;1.176470588235294;0.2930232558139535;0.0;0.0;0.0;0.6;1.3;1.156547719713625;0.4177215189873418;0.6;0.9332619557458957;-0.6666666666666666;-1.0;0.786741713570982;0.6;0.04811523138216364
0.5882352941176471;0.08928571428571427;0.3359073359073359;0.5882352941176471;-0.05000000000000001;0.3364485981308411;0.2966101694915254;0.8050314465408805;-0.125;0.7607505863956217;1.251;0.1571428571428572;0.9485294117647058;0.11513799832729266;1;0.7518867924528301;0.39062499999999994;0.504;0.648;0.14285714285714285;0.08928571428571427;0.26785714285714285;0.08928571428571427;0.125;0.2618181818181818;0.14814814814814814;0.6;-0.16666666666666666;0.0;0.5;0.75;-0.375;2.0;0.6363636363636364;-1.4444444444444444;0.1284710605553698;0.2738976984639856;0.41331285202252954;0.08099373077372371;0.3463052424405083;0.8015485056264561;0.3013698630136986;0.0;-0.7745901639344263;0.0142857142857143;0.11538461538461539;-0.26668931544080166;0.09615384615384616;0.14285714285714285;0.1401153846153846;0.04516303856923493;0.07692307692307693;0.26785714285714285;0.1108061886012011;-0.41652193611719385;0.07692307692307693;0.19607843137254904;-0.23095125414103176;0.11731220796470666;0.014296980335292109;-0.04139610389610384;0.5;0.3428;-0.12157153446997776;1.0;0.18392689784442362;-0.22351754287635914;0.5;0.11116666666666668;0.09090909090909091;0.2857142857142857;0.6087141791839779;0.2685792478648609;0.4166666666666667;1.4285714285714286;0.28373917917419195;-0.08333333333333333;0.24745948915133215;0.0;-0.1923076923076923;-0.3129928795651175;0.6806201550387596;-0.7272727272727273;-1.0588235294117647;0.70012402551382;0.35348837209302325;0.0;0.0;0.0;-0.6;-0.6;0.5283274141721629;0.5063291139240507;-0.6;-0.2801570306923626;-0.3333333333333333;0.16666666666666666;0.2182614133833646;-0.4;0.04658289917254063
0.6176470588235294;0.1607142857142857;0.35328185328185324;0.6176470588235294;0.21666666666666667;0.27102803738317754;0.44491525423728817;1.610062893081761;4.0;0.6379984362783424;1.237;2.2;0.9583333333333334;0.11262893783105632;1;0.7877358490566037;0.3645833333333333;0.6000000000000001;0.504;0.08928571428571427;0.14285714285714285;0.08928571428571427;0.07142857142857142;0.14285714285714285;0.2909090909090909;0.0;0.2;0.5;0.5;-0.5;-0.125;0.75;-0.3333333333333333;-0.2727272727272727;-1.0;0.6594178655068585;0.4614008052890589;0.4411674347158219;2.0905727970094627;1.430220075147611;1.1737147731373643;0.3150684931506849;1.155;0.0;0.42321428571428554;0.14101923076923079;-0.14778325123152708;0.09615384615384616;0.1607142857142857;0.15384615384615385;-0.051666516123204845;0.09615384615384616;0.26785714285714285;0.11221811239708863;-0.4065544061013364;0.07692307692307693;0.19607843137254904;-0.1460798233159806;0.08173430421479562;0.019588389427357678;-0.04139610389610384;0.5;0.3428;-0.12157153446997776;1.0;0.23430178069353327;-0.20692747449837465;0.5;2.0555;0.2727272727272727;4.0;1.6435495898583148;1.3023168027178784;0.4166666666666667;3.4285714285714284;0.9244566232795666;-0.08333333333333333;0.1469376544905246;0.96969696969697;0.7692307692307692;-0.1433274634407779;0.7271317829457364;2.909090909090909;2.2941176470588234;1.1458185683912119;0.4604651162790697;-2.0;-2.0;1.0;0.8;0.7;-0.08501042899825247;0.5189873417721519;0.8;-0.15524625267665954;1.0;0.6666666666666666;0.040337711069418386;0.6;0.0429053018694453
0.6470588235294118;0.21428571428571427;0.3764478764478764;0.6470588235294117;0.5166666666666667;0.24299065420560748;0.40254237288135597;2.1132075471698113;2.5;0.794370602032838;1.24;-0.6142857142857144;0.9656862745098039;0.10928352383607454;1;0.7952830188679244;0.546875;0.56;0.6000000000000001;0.1607142857142857;0.08928571428571427;0.14285714285714285;0.125;0.17857142857142855;0.32727272727272727;0.4444444444444444;0.0;0.16666666666666666;-0.25;0.0;4.0;-0.125;0.6666666666666666;0.09090909090909091;0.0;1.131147540983607;0.5606203708306408;0.520798771121352;1.9500798255519647;1.5051887636428698;1.3166234703585844;0.3150684931506849;1.155;0.22540983606557374;0.6589285714285715;0.16667307692307692;0.3380329539663665;0.09615384615384616;0.21428571428571427;0.1675769230769231;0.04516303856923493;0.09615384615384616;0.26785714285714285;0.11506184623951;-0.3497696896473608;0.07692307692307693;0.19607843137254904;0.3967502760687803;0.10507340907473747;0.0729095118166323;0.35998376623376627;1.0;0.48580000000000007;-0.0646943864141789;1.0;0.30107778819119024;-0.14886223517542882;0.5;2.8333333333333335;0.2727272727272727;4.0;2.191541493554916;1.3891379228990706;0.4166666666666667;3.4285714285714284;1.1912561499657472;-0.08333333333333333;0.1963746223564955;0.7272727272727274;-0.1923076923076923;-0.1433274634407779;0.7736434108527132;-1.1818181818181819;-2.7058823529411766;1.55235648476258;0.43720930232558136;0.0;2.0;1.0;0.6;-0.1;-0.08501042899825247;0.5949367088607596;0.6;0.3551034975017845;0.6666666666666666;-0.16666666666666666;-0.13602251407129456;1.2;0.04566349984676679
0.676470588235294;0.14285714285714285;0.3918918918918919;0.676470588235294;0.11666666666666665;0.16822429906542055;0.3389830508474576;2.188679245283019;0.375;0.8123534010946052;1.259;-0.6714285714285716;0.9730392156862745;0.10705324783941972;1;0.8462264150943394;0.4947916666666666;0.8400000000000001;0.56;0.21428571428571427;0.1607142857142857;0.08928571428571427;0.125;0.10714285714285714;0.34909090909090906;0.7407407407407407;0.6;0.0;1.0;0.0;2.5;4.0;-0.1111111111111111;-0.09090909090909091;-1.7777777777777777;0.1880227500836401;0.7179002833424468;0.5389861751152076;1.101982010046338;1.1262300948291288;0.9662412650503593;0.547945205479452;0.0;0.32069672131147536;0.7678571428571428;0.18590384615384617;-0.14778325123152708;0.15384615384615385;0.21428571428571427;0.17032692307692307;0.023846084364555986;0.09615384615384616;0.26785714285714285;0.11790558008193135;-0.3585290342067507;0.07692307692307693;0.19607843137254904;0.3226060892885313;0.05735158084485677;0.1179373680327661;-0.04139610389610384;1.0;0.4;-0.15230136801671268;1.0;0.3179475164011247;-0.14729290438291673;0.5;3.0555;0.6363636363636364;4.0;2.282731437093853;1.324210824328788;0.4166666666666667;3.4285714285714284;1.440368686554151;0.5;0.26338917879703383;-0.484848484848485;-0.9615384615384615;0.20365975040196008;0.6806201550387596;-1.6363636363636365;-0.35294117647058826;1.8069631467044647;0.20465116279069767;0.0;0.0;1.0;-0.8;-0.7;0.04419640340492693;0.4936708860759494;-0.8;-0.15524625267665954;-1.0;-0.8333333333333334;0.2182614133833646;0.0;0.045050566962917565
0.7058823529411764;0.07142857142857142;0.3996138996138996;0.7058823529411765;0.08333333333333333;0.07476635514018691;0.3474576271186441;2.238993710691824;0.375;0.8295543393275995;1.277;-0.7285714285714286;0.9803921568627451;0.10593810984109275;1;0.8330188679245282;0.41666666666666663;0.76;0.8400000000000001;0.14285714285714285;0.21428571428571427;0.1607142857142857;0.26785714285714285;0.125;0.3745454545454545;0.2962962962962963;1.0;0.5;-0.5;-2.5;0.375;2.5;3.5555555555555554;1.5454545454545454;0.2222222222222222;-0.36232853797256587;0.5397425063379231;0.5041679467485921;0.41073166932751837;1.1264090177133657;0.8886847544371909;0.547945205479452;0.0;0.32069672131147536;0.7678571428571428;0.15384615384615385;0.503821980635298;0.07692307692307693;0.21428571428571427;0.1401153846153846;-0.2698943184897481;0.07692307692307693;0.21428571428571427;0.11364992244362247;-0.3120138941327493;0.07692307692307693;0.19607843137254904;-0.30146710837671564;0.08363179241479082;0.1351344475819788;0.18344155844155843;1.0;0.4572;-0.2490733876945886;1.0;0.40159325210871605;-0.26499271382132056;0.5;1.4445;0.6363636363636364;2.2857142857142856;1.8261425375519333;1.292690982871703;0.4166666666666667;3.4285714285714284;1.3691225010898675;0.5;0.26915682504806376;0.0;0.3846153846153846;-0.010106423704157392;0.6341085271317829;-0.09090909090909091;0.9411764705882353;0.14138908575478384;0.26046511627906976;0.0;0.0;0.0;-0.8;0.0;-0.027510006201025956;0.40506329113924056;-0.8;0.5292648108493934;-0.3333333333333333;0.3333333333333333;0.0;-0.6;0.04137296965982226
0.7352941176470588;0.10714285714285714;0.4111969111969112;0.7352941176470588;0.016666666666666666;-0.037383177570093455;0.3008474576271187;1.9874213836477987;-1.25;0.8475371383893666;1.305;-0.6571428571428573;0.9852941176470588;0.10426540284360186;1;0.85188679245283;0.4270833333333333;0.64;0.76;0.07142857142857142;0.14285714285714285;0.21428571428571427;0.08928571428571427;0.1607142857142857;0.40727272727272723;0.14814814814814814;0.4;0.8333333333333334;0.5;-0.5;0.375;0.375;2.2222222222222223;-0.36363636363636365;-1.0;0.1284710605553698;0.45066361783566156;0.5005632360471073;0.05467076827226355;0.865718375380211;0.6359371411699093;0.5890410958904109;0.0;0.22540983606557374;0.6589285714285715;0.11538461538461539;-0.17564124341769993;0.07692307692307693;0.14285714285714285;0.14286538461538462;-0.3107217053563365;0.07692307692307693;0.21428571428571427;0.10937437855466729;-0.3159404968662689;0.07692307692307693;0.19607843137254904;-0.4713677236157123;0.022532672374943736;0.1538070162049403;-0.42735389610389607;0.25;0.4;-0.2490733876945886;1.0;0.41822867853795687;-0.27575383925568886;0.5;-0.22216666666666665;-0.5454545454545454;-0.14285714285714285;1.6130819218067538;1.5325815127636484;-0.16666666666666666;3.4285714285714284;1.2625023354300304;0.0;0.3463334248832739;0.2424242424242425;0.1923076923076923;-0.3129928795651175;0.6806201550387596;-1.2727272727272727;-0.8235294117647058;0.1547661233167966;0.27906976744186046;0.0;0.0;0.0;0.4;0.6;-0.15761880602063252;0.4810126582278481;0.4;-0.1845110635260528;0.0;0.16666666666666666;-0.30925578486554095;0.0;0.03800183879865157
0.7647058823529411;0.19642857142857142;0.4324324324324324;0.7466063348416289;-0.05000000000000001;-0.1308411214953271;0.48305084745762716;2.7672955974842766;3.875;0.8639562157935887;1.301;-1.0142857142857145;0.9901960784313726;0.1011987733482016;1;0.8707547169811319;0.36979166666666663;0.656;0.64;0.10714285714285714;0.07142857142857142;0.14285714285714285;0.14285714285714285;0.10714285714285714;0.4290909090909091;0.14814814814814814;0.2;0.3333333333333333;0.0;-0.5;-1.25;0.375;0.3333333333333333;0.45454545454545453;-0.7777777777777778;0.2930746068919372;0.35820450365362616;0.48704557091653894;2.621393247926483;1.5755054571479692;0.837767789770677;0.7123287671232876;0.0;0.0;0.42321428571428554;0.13461538461538464;0.3699677254968574;0.07692307692307693;0.19642857142857142;0.15109615384615385;-0.19329780507632557;0.07692307692307693;0.21428571428571427;0.11647377003539751;-0.2757683304387223;0.07692307692307693;0.19607843137254904;0.09480990692538241;0.051564241834871245;0.18703095983108184;-0.661525974025974;0.0;0.4;-0.2490733876945886;1.0;0.4350984067478913;-0.28763591525613724;0.5;1.3333333333333333;-0.5454545454545454;3.857142857142857;2.3741344412485352;2.0038692020950317;-0.16666666666666666;3.4285714285714284;1.8496605841688984;0.0;0.18676187860477894;0.2424242424242425;0.0;-0.6042416354031085;0.6961240310077519;3.6363636363636362;3.1176470588235294;1.8641920623671153;0.4697674418604651;0.0;0.0;0.0;1.0;0.3;0.09470657872484353;0.5949367088607596;1.0;0.3886509635974304;0.0;0.0;-0.6066291432145091;0.2;0.0327919092859332
0.7941176470588235;0.14285714285714285;0.44787644787644787;0.7941176470588235;-0.4166666666666667;-0.24299065420560748;0.2033898305084746;1.8867924528301887;-4.5;0.8795934323690382;1.347;-0.642857142857143;0.9926470588235294;0.09896849735154678;1;0.8650943396226413;0.59375;0.5680000000000001;0.656;0.19642857142857142;0.10714285714285714;0.07142857142857142;0.08928571428571427;0.08928571428571427;0.44727272727272727;0.14814814814814814;0.2;0.16666666666666666;-0.25;0.0;3.875;-1.25;0.3333333333333333;-0.18181818181818182;0.3333333333333333;-0.32151221144195363;0.014415668340209733;0.43633384536610376;4.360110587593941;2.5007156915369473;0.9594173419507236;0.6575342465753424;0.0;-0.7745901639344263;0.0142857142857143;0.16025;0.0;0.11538461538461539;0.19642857142857142;0.15934615384615386;-0.29157257700298084;0.07692307692307693;0.21428571428571427;0.12074931392435269;-0.30114022502454124;0.07692307692307693;0.19607843137254904;0.2394699479413155;-0.0023244230449941646;0.20570352845404372;0.27556818181818193;0.0;0.3144;-0.043129590942785935;1.0;0.3680880974695408;-0.19683891940365433;0.5;-0.8333333333333334;-2.909090909090909;3.857142857142857;1.3088313625226375;3.469447459066673;-2.3333333333333335;3.4285714285714284;1.0666998816715452;-2.1666666666666665;0.5795111233177699;-0.7272727272727274;-0.7692307692307692;-0.07380751856672527;0.6341085271317829;-6.2727272727272725;-6.470588235294118;4.195605953224663;0.213953488372093;0.0;0.0;0.0;-0.6;-0.8;-0.027510006201025956;0.5316455696202532;-0.6;0.0;-1.3333333333333333;-0.6666666666666666;-0.06504065040650399;-0.6;0.033711308611707014
0.8235294117647058;0.14285714285714285;0.4633204633204633;0.823529411764706;-0.48333333333333334;-0.3925233644859813;0.19915254237288138;0.9308176100628931;-4.75;0.8983580922595777;1.393;-0.3285714285714286;0.9950980392156863;0.09673822135489196;1;0.8830188679245282;0.24999999999999997;0.912;0.5680000000000001;0.14285714285714285;0.19642857142857142;0.10714285714285714;0.1607142857142857;0.07142857142857142;0.4618181818181818;-0.4444444444444444;0.2;0.16666666666666666;0.5;1.0;-4.5;3.875;-1.1111111111111112;2.8181818181818183;-0.7777777777777778;-0.32151221144195363;-0.09733061589700247;0.41331285202252954;5.122697714263463;2.8635713007693684;1.0255569043010404;0.6438356164383561;0.0;-0.7745901639344263;-0.005357142857143061;0.17307692307692307;-0.26668931544080166;0.15384615384615385;0.19642857142857142;0.15659615384615386;-0.29807605455695063;0.07692307692307693;0.21428571428571427;0.12641689535854905;-0.35973721966321826;0.07692307692307693;0.19607843137254904;-0.0033128253667772194;-0.04131780555489681;0.1995980564247372;0.27556818181818193;0.0;0.14279999999999998;0.05930318754633054;1.0;0.267572633552015;-0.1398946306467885;0.5;-2.3888333333333334;-3.090909090909091;3.857142857142857;-0.8217747949291574;3.8310762987778983;-2.5;3.2857142857142856;0.426231550102759;-2.3333333333333335;0.6207085965394123;0.2424242424242425;0.7692307692307692;-0.07380751856672527;0.6341085271317829;-0.36363636363636365;3.764705882352941;4.225283486888731;0.009302325581395321;0.0;0.0;0.0;0.0;0.3;-0.027510006201025956;0.4683544303797469;0.0;-0.2801570306923626;0.0;0.6666666666666666;-0.06504065040650399;-0.6;0.025436714679742567
0.8529411764705882;0.17857142857142855;0.4826254826254826;0.8529411764705882;-0.4166666666666667;-0.514018691588785;0.3050847457627119;0.5786163522012578;-1.75;0.9147771696637998;1.421;-0.2285714285714287;0.9975490196078431;0.0939503763590741;1;0.890566037735849;0.24479166666666666;0.384;0.912;0.14285714285714285;0.14285714285714285;0.19642857142857142;0.21428571428571427;0.125;0.48727272727272725;-0.4444444444444444;-0.6;0.16666666666666666;1.0;-0.5;-4.75;-4.5;3.4444444444444446;1.7272727272727273;-0.3333333333333333;0.1284710605553698;-0.03807724809862297;0.35465437788018467;1.3466765312877227;2.6173734120594023;0.9587611954988356;0.6438356164383561;0.0;-0.7745901639344263;-0.06428571428571435;0.16667307692307692;-0.46271445558009155;0.15384615384615385;0.17857142857142855;0.15109615384615385;-0.44042995212717917;0.07692307692307693;0.19642857142857142;0.13069243924750423;-0.35218606056029583;0.07692307692307693;0.19607843137254904;0.15728032812746487;0.07613671402480984;0.1976646569487904;-0.661525974025974;-1.0;-0.08559999999999998;-0.08113754296111601;0.0;0.21743205248359887;-0.0903486156260509;0.5;-4.888833333333333;-3.090909090909091;-2.5714285714285716;-1.856610205603494;3.436040201953475;-2.5;3.2857142857142856;0.1414959207822134;-2.3333333333333335;0.4031859379291405;0.0;-0.1923076923076923;-0.1433274634407779;0.6806201550387596;2.0;1.4705882352941178;3.519755492558469;0.4325581395348837;0.0;0.0;0.0;0.4;0.2;-0.37115959185974406;0.5316455696202532;0.4;-0.48608137044967875;0.0;0.0;-0.06504065040650399;0.2;0.018081520073551932
0.8823529411764706;0.14285714285714285;0.498069498069498;0.8823529411764706;-0.35000000000000003;-0.616822429906542;0.4279661016949153;0.9308176100628931;1.75;0.9304143862392493;1.429;-0.4000000000000001;1.0;0.09172010036241929;1;0.9084905660377357;0.37499999999999994;0.376;0.384;0.17857142857142855;0.14285714285714285;0.14285714285714285;0.14285714285714285;0.125;0.5127272727272728;-0.4444444444444444;-0.6;-0.5;0.25;2.0;-1.75;-4.75;-4.0;0.18181818181818182;-0.5555555555555556;0.1284710605553698;-0.02217030372321907;0.3581771633384539;3.3514271251119507;3.024959742351047;1.0245070699780197;0.6438356164383561;0.0;-0.7745901639344263;-0.16428571428571445;0.16667307692307692;-0.46271445558009155;0.15384615384615385;0.17857142857142855;0.15109615384615385;-0.44042995212717917;0.07692307692307693;0.19642857142857142;0.1321043630433918;-0.3585290342067507;0.07692307692307693;0.19607843137254904;0.15728032812746487;0.19245274068451895;0.18443613421862692;-0.42735389610389607;-0.75;-0.19999999999999996;-0.15230136801671268;-0.3333333333333333;0.10028116213683223;-0.13204797668422824;0.5;-2.1111666666666666;-3.090909090909091;1.4285714285714286;-1.521891978267817;3.666116170433634;-2.5;3.2857142857142856;0.3906084573706172;-2.3333333333333335;0.27300192254875044;0.2424242424242425;0.1923076923076923;-0.6042416354031085;0.6806201550387596;2.3636363636363638;0.17647058823529413;0.8104181431608789;0.5720930232558139;0.0;0.0;0.0;-0.4;-0.4;-0.4877388804329443;0.5063291139240507;-0.4;-0.48608137044967875;0.3333333333333333;0.16666666666666666;-0.6066291432145091;0.4;0.013790989886607402
0.9117647058823529;0.14285714285714285;0.5135135135135136;0.9117647058823529;-0.6166666666666666;-0.794392523364486;0.5296610169491526;1.8867924528301887;4.625;0.9483971853010165;1.422;-0.8285714285714287;1.0;0.08948982436576447;1;0.8952830188679243;0.5260416666666666;0.5760000000000001;0.376;0.14285714285714285;0.17857142857142855;0.14285714285714285;0.07142857142857142;0.26785714285714285;0.5672727272727273;-0.2962962962962963;-0.6;-0.5;0.0;-1.0;1.75;-1.75;-4.222222222222222;0.18181818181818182;1.4444444444444444;-0.18099698895951807;-0.11383407068648405;0.2776446492575527;3.2757291382734324;4.119073179459654;1.4889275286243893;0.6438356164383561;0.0;-0.7745901639344263;-0.31785714285714295;0.16667307692307692;-0.46271445558009155;0.15384615384615385;0.17857142857142855;0.16209615384615386;-0.7012916629030801;0.11538461538461539;0.19642857142857142;0.12216123772024022;-0.5684512572679905;0.07692307692307693;0.13725490196078433;-0.0033128253667772194;0.2065890277744837;0.21557404156808863;-0.2556818181818181;-0.75;-0.34280000000000005;-0.15230136801671268;-0.3333333333333333;0.05014058106841612;-0.07756977917273851;0.5;2.0555;-0.9090909090909091;4.714285714285714;-0.4870565675934803;4.615863728589629;-2.5;4.142857142857143;0.7286541695210812;-2.3333333333333335;0.2035155177149135;-0.484848484848485;-0.5769230769230769;-0.3129928795651175;0.6496124031007752;1.9090909090909092;-0.35294117647058826;-0.39821048901488304;0.5674418604651162;0.0;0.0;0.0;0.0;0.2;-0.4877388804329443;0.4810126582278481;0.0;-0.48608137044967875;-0.6666666666666666;-0.5;-0.30925578486554095;0.0;0.012565124118908977
0.9411764705882353;0.08928571428571427;0.5231660231660232;0.9411764705882352;-0.8833333333333334;-1.0;0.13559322033898302;0.4528301886792453;-7.125;0.965598123534011;1.476;-0.3714285714285715;1.0;0.08809590186785599;1;0.9150943396226415;0.6510416666666666;0.808;0.5760000000000001;0.14285714285714285;0.14285714285714285;0.17857142857142855;0.10714285714285714;0.08928571428571427;0.5854545454545454;-0.5925925925925926;-0.4;-0.5;0.0;1.0;4.625;1.75;-1.5555555555555556;-1.0;-0.8888888888888888;-0.7106055536968885;-0.21603618829845425;0.2012903225806455;6.66204587048791;5.089729826444802;1.90768019421935;0.43835616438356156;0.0;-0.7745901639344263;-0.542857142857143;0.13461538461538464;-0.26668931544080166;0.09615384615384616;0.14285714285714285;0.15934615384615386;-0.6030168909764249;0.09615384615384616;0.19642857142857142;0.12216123772024022;-0.5684512572679905;0.07692307692307693;0.13725490196078433;-0.23095125414103176;0.0772752069448067;0.21007911674171315;0.15016233766233772;-0.75;-0.5428000000000001;-0.13046701260192733;-0.3333333333333333;-0.10051546391752579;-0.006949893509696254;0.5;-0.3333333333333333;-4.818181818181818;4.714285714285714;-1.9175455417066154;5.841928938800548;-4.083333333333333;4.142857142857143;-0.23217288410039236;-3.9166666666666665;1.0;-0.484848484848485;0.0;-0.25051680575759894;0.6031007751937985;-8.727272727272727;-6.9411764705882355;5.483522324592488;0.0;0.0;0.0;0.0;-0.6;-0.3;-0.5941710355713399;0.4683544303797469;-0.6;-0.2801570306923626;-0.6666666666666666;0.0;-0.2454659161976235;-0.6;0.013484523444682789
0.9705882352941176;0.26785714285714285;0.5521235521235521;0.9705882352941175;-0.8166666666666668;-1.1121495327102804;0.6694915254237288;2.138364779874214;8.5;0.9827990617670055;1.449;-1.0714285714285716;0.9975490196078431;0.08391413437412876;1;0.9226415094339623;0.16666666666666666;1.0;0.808;0.08928571428571427;0.14285714285714285;0.14285714285714285;0.19642857142857142;0.14285714285714285;0.6145454545454546;-0.8888888888888888;-0.8;-0.3333333333333333;0.0;0.0;-7.125;4.625;1.5555555555555556;2.727272727272727;0.1111111111111111;-0.36232853797256587;-0.2015211015558981;0.12960573476702544;9.318951754215178;6.85426731078905;2.846363308290411;0.43835616438356156;0.0;-0.7745901639344263;-0.8839285714285715;0.17948076923076925;0.8883981654492947;0.09615384615384616;0.26785714285714285;0.17032692307692307;-0.17378737241441614;0.09615384615384616;0.26785714285714285;0.1321043630433918;-0.3585290342067507;0.07692307692307693;0.19607843137254904;0.37655781669032945;0.17793695595455505;0.24981556386578135;-0.19277597402597396;-1.25;-0.7428000000000001;-0.27656850192061455;-1.3333333333333333;-0.21766635426429243;0.05896199977580987;0.5;2.6666666666666665;-4.818181818181818;9.142857142857142;-0.7913071268775966;7.426036898976077;-4.083333333333333;8.571428571428571;0.8708974279130598;-3.9166666666666665;0.1463883548475694;0.0;0.3846153846153846;-0.4272260929484725;0.6341085271317829;11.181818181818182;12.823529411764707;9.075566973777462;0.47441860465116276;0.0;0.0;0.0;2.0;1.3;0.5962004622583008;0.5949367088607596;2.0;0.9332619557458957;0.0;0.3333333333333333;-0.42589118198874293;-0.2;0.005822862396567596
0.9999999999999999;0.17857142857142855;0.5714285714285715;0.9999999999999999;-0.75;-1.3738317757009346;0.3177966101694915;1.7610062893081762;-1.875;1.0;1.476;-1.0000000000000002;0.9950980392156863;0.08112628937831001;1;0.9396226415094336;0.8229166666666666;0.256;1.0;0.26785714285714285;0.08928571428571427;0.14285714285714285;0.14285714285714285;0.08928571428571427;0.6327272727272728;-0.8888888888888888;-1.2;-0.6666666666666666;-1.0;-0.5;8.5;-7.125;4.111111111111111;-3.3636363636363638;-0.6666666666666666;0.1284710605553698;-0.2512303027290353;0.061116231438812264;9.118180756201085;6.4325460726426895;2.8262852268626366;0.43835616438356156;0.0;-0.7745901639344263;-1.8392857142857144;0.19230769230769232;0.843553592661797;0.09615384615384616;0.26785714285714285;0.1758269230769231;-0.17378737241441614;0.09615384615384616;0.26785714285714285;0.13920375452412204;-0.3999093860907649;0.07692307692307693;0.19607843137254904;0.7196718725351;0.2761319703043096;0.27627260932610864;-0.42735389610389607;-1.5;-0.8;-0.27656850192061455;-1.3333333333333333;-0.30131208997188386;0.09236632664499494;0.5;-0.22216666666666665;-4.818181818181818;9.142857142857142;-0.15212527964205816;7.078941159816922;-4.083333333333333;8.571428571428571;0.621784891324656;-3.9166666666666665;0.4572919527602308;0.2424242424242425;0.1923076923076923;-0.3129928795651175;0.6806201550387596;-7.818181818181818;-12.352941176470589;10.321846208362862;0.5209302325581395;0.0;0.0;0.0;-1.0;-1.5;0.8979085630531594;0.569620253164557;-1.0;0.8861527480371164;0.3333333333333333;0.16666666666666666;-0.30925578486554095;0.4;0.009500459699662872
0.0;0.2857142857142857;0.015444015444015444;0.0;1.0166666666666666;0.3925233644859813;0.046610169491525424;0.20125786163522014;1.0;0.0;0.369;1.4571428571428573;0.0;0.07778087538332823;2;0.10754716981132076;0.057291666666666664;0.088;0.088;0.2857142857142857;0.2857142857142857;0.2857142857142857;0.2857142857142857;0.2857142857142857;0.02909090909090909;1.1851851851851851;1.6;1.3333333333333333;1.75;3.5;1.0;1.0;0.8888888888888888;0.6363636363636364;0.3333333333333333;-1.0518568082970892;-1.7695481433613363;-1.412964669738863;0.023207819010163163;-0.4477545178028269;-0.8338309110593485;0.1506849315068493;0.0;-0.7745901639344263;-1.8392857142857144;0.3076923076923077;-0.6149142177679632;0.3076923076923077;0.2857142857142857;0.3076923076923077;-1.0304398879956642;0.3076923076923077;0.2857142857142857;0.2840949767330867;-1.0441742807520953;0.3076923076923077;0.21568627450980393;0.6310143555765894;-0.44794952681388;-0.8971482357729781;1.0604707792207795;1.75;1.6286;0.44288698699373275;2.0;1.891049671977507;0.25893958076448836;1.25;1.3333333333333333;1.0909090909090908;0.5714285714285714;1.7044849259614359;0.3563440758741092;1.3333333333333333;0.0;1.9385937597309586;1.5;0.16121944520736065;-1.8909090909090913;1.0961538461538463;0.45356404563203434;0.5116279069767441;-1.0;0.5294117647058824;-0.006201275690999316;0.2930232558139535;0.0;0.0;0.0;0.2;-0.7;0.17746208918202824;0.44303797468354433;-1.2;0.6159885795860102;-2.0;0.6666666666666666;0.09724828017510943;-1.4;0.6285626723873735
0.029411764705882353;0.30357142857142855;0.04826254826254826;0.029411764705882353;0.016666666666666666;0.40186915887850466;0.012711864406779662;0.12578616352201258;-0.375;0.17826426896012515;0.579;1.2;0.0;0.07304153889043707;2;0.10754716981132076;0.057291666666666664;0.088;0.088;0.2857142857142857;0.2857142857142857;0.2857142857142857;0.2857142857142857;0.2857142857142857;0.02909090909090909;1.1851851851851851;1.6;1.3333333333333333;1.75;3.5;1.0;1.0;0.8888888888888888;0.6363636363636364;0.3333333333333333;-1.0518568082970892;-1.7695481433613363;-1.412964669738863;0.023207819010163163;-0.4477545178028269;-0.8338309110593485;0.0410958904109589;0.0;-0.7745901639344263;-1.8392857142857144;0.31730769230769235;-0.6149142177679632;0.3076923076923077;0.30357142857142855;0.31730769230769235;-1.0304398879956642;0.3076923076923077;0.30357142857142855;0.29403810205623826;-1.0441742807520953;0.3076923076923077;0.23529411764705882;0.6310143555765894;-0.44794952681388;-0.8971482357729781;1.0604707792207795;1.75;1.0286;0.44288698699373275;2.0;1.1881443298969072;0.25893958076448836;1.25;0.4166666666666667;0.09090909090909091;0.5714285714285714;0.5326515393629487;0.3563440758741092;0.4166666666666667;0.0;0.5684748084947375;0.5833333333333334;0.2872837132655865;-1.8909090909090913;1.0961538461538463;0.45356404563203434;0.5116279069767441;-1.0;0.5294117647058824;-0.006201275690999316;0.2930232558139535;0.0;0.0;0.0;0.2;-0.7;0.17746208918202824;0.44303797468354433;-1.2;0.6159885795860102;-2.0;0.6666666666666666;0.09724828017510943;-1.4;0.6285626723873735
0.0588235294117647;0.19642857142857142;0.0694980694980695;0.058823529411764705;0.016666666666666666;0.40186915887850466;0.0211864406779661;0.0;-0.625;0.30492572322126654;0.747;1.2857142857142858;0.0;0.06997490939503681;2;0.10754716981132076;0.015624999999999993;0.088;0.088;0.30357142857142855;0.2857142857142857;0.2857142857142857;0.2857142857142857;0.2857142857142857;0.02909090909090909;0.2962962962962963;1.6;1.3333333333333333;1.75;3.5;-0.375;1.0;0.8888888888888888;0.6363636363636364;0.3333333333333333;-1.1635998661759785;-1.8359596361286474;-1.440327700972862;-0.2094933997897278;-0.7150653068527463;-1.0298874708835013;0.0410958904109589;0.0;-0.7745901639344263;-1.8392857142857144;0.28205769230769234;0.23713266519449627;0.21153846153846156;0.30357142857142855;0.28205769230769234;-0.12428868214253465;0.21153846153846156;0.30357142857142855;0.25758660462156463;-0.2866419995469304;0.21153846153846156;0.23529411764705882;0.9600883420097804;-0.25004150755437493;-0.7910147803302042;1.028003246753247;1.75;0.6952;0.42132219152233974;2.0;0.7975632614807873;0.24100437170720776;1.25;0.0;-0.09090909090909091;0.5714285714285714;0.0;0.2095031378285282;0.25;0.0;-0.05430653297627203;0.4166666666666667;0.2817907168360341;-0.5090909090909093;1.0961538461538463;0.45356404563203434;0.5116279069767441;-0.09090909090909091;0.5294117647058824;-0.006201275690999316;0.2930232558139535;0.0;0.0;0.0;-1.2;-0.7;0.17746208918202824;0.44303797468354433;-1.2;0.6159885795860102;-0.6666666666666666;0.6666666666666666;0.09724828017510943;-1.4;0.32730615997548274
0.08823529411764705;0.125;0.08301158301158301;0.08823529411764705;-0.31666666666666665;0.38317757009345793;0.046610169491525424;-0.050314465408805034;-0.375;0.3948397185301016;0.849;1.1;0.0;0.0680234178979644;2;0.10754716981132076;0.026041666666666664;0.024000000000000007;0.088;0.19642857142857142;0.30357142857142855;0.2857142857142857;0.2857142857142857;0.2857142857142857;0.02909090909090909;0.0;0.4;1.3333333333333333;1.75;3.5;-0.625;-0.375;0.8888888888888888;0.6363636363636364;0.3333333333333333;-0.7607895617263297;-1.700551772133022;-1.3845366103430619;-0.2094933997897278;-0.7222222222222221;-1.0351366424986057;0.0410958904109589;0.0;-0.7745901639344263;-1.8392857142857144;0.22436538461538463;0.8547647358586716;0.13461538461538464;0.30357142857142855;0.2451923076923077;0.39273778339806686;0.13461538461538464;0.30357142857142855;0.21946466213260146;0.14558634750434196;0.13461538461538464;0.23529411764705882;0.16611452910553698;-0.14131543369464666;-0.7327075224503293;-0.04139610389610384;0.25;0.47859999999999997;0.3857402789945413;2.0;0.5438144329896907;0.2114112767626947;1.25;-0.6111666666666666;-0.09090909090909091;-1.0;-0.15979546180888463;0.003586089746614305;0.25;0.0;-0.2411409354175749;0.4166666666666667;0.19719857182092837;-0.5333333333333334;-0.019230769230769232;0.2180537477987904;0.5984496124031007;0.2727272727272727;0.17647058823529413;0.006201275690999316;0.3581395348837209;0.0;0.0;0.0;-0.8;0.2;-0.12559896273747118;0.379746835443038;-0.8;0.8979300499643114;-0.3333333333333333;0.16666666666666666;0.040337711069418386;-0.4;0.20839718050873426
0.11764705882352941;0.14285714285714285;0.09845559845559847;0.11764705882352941;0.016666666666666666;0.37383177570093457;0.05508474576271187;-0.12578616352201258;-0.375;0.46364347146207974;0.944;1.2;0.0;0.06579314190130958;2;0.10754716981132076;0.057291666666666664;0.04000000000000001;0.024000000000000007;0.125;0.19642857142857142;0.30357142857142855;0.2857142857142857;0.2857142857142857;0.02909090909090909;-0.14814814814814814;0.0;0.3333333333333333;1.75;3.5;-0.375;-0.625;-0.3333333333333333;0.6363636363636364;0.3333333333333333;-0.26497156239544994;-1.3038723467713875;-1.221095750128008;-0.2094933997897278;-0.6841116478797636;-1.0071848036481743;0.0410958904109589;0.0;-0.7745901639344263;-1.8392857142857144;0.16667307692307692;-0.14778325123152708;0.13461538461538464;0.19642857142857142;0.22692307692307695;0.3580525697768944;0.13461538461538464;0.30357142857142855;0.20057272401861354;0.11658989654912032;0.13461538461538464;0.23529411764705882;-0.08124309828048597;-4.743720499977085e-05;-0.6569487903533541;-0.2556818181818181;0.0;0.4286;0.2523081070152975;2.0;0.48523898781630737;0.10043717072077121;1.25;-0.6111666666666666;-0.09090909090909091;-1.0;-0.2556727388942154;-0.1274005567876187;0.25;0.0;-0.35324157688235663;0.4166666666666667;0.2331776984344961;0.16969696969696976;0.5576923076923077;-0.2768547584411607;0.641860465116279;-0.09090909090909091;-0.29411764705882354;-0.4280652019844082;0.3581395348837209;0.0;0.0;0.0;0.2;0.5;-0.12559896273747118;0.4683544303797469;0.2;-0.15524625267665954;0.6666666666666666;0.5;-0.13602251407129456;0.4;0.1590560833588722
0.14705882352941174;0.1607142857142857;0.11583011583011585;0.14705882352941177;0.35000000000000003;0.38317757009345793;0.0635593220338983;-0.22641509433962265;-0.5;0.5144644253322908;1.033;1.542857142857143;0.0;0.06328408140507324;2;0.10754716981132076;0.06770833333333334;0.088;0.04000000000000001;0.14285714285714285;0.125;0.19642857142857142;0.2857142857142857;0.2857142857142857;0.02909090909090909;0.14814814814814814;-0.2;0.0;1.75;3.5;-0.375;-0.375;-0.5555555555555556;0.6363636363636364;0.3333333333333333;0.19270659083305472;-0.8877069145498834;-1.0496262160778287;-0.5463961683735058;-0.6232778672392197;-0.9625668449197862;0.0410958904109589;0.0;-0.7745901639344263;-1.8392857142857144;0.15384615384615385;-0.515372855444199;0.13461538461538464;0.1607142857142857;0.2179423076923077;0.24135127811399154;0.13461538461538464;0.30357142857142855;0.19128584496678996;0.019028920939364376;0.13461538461538464;0.23529411764705882;0.0763527370247673;0.18486278788453778;-0.5577857488107049;0.15016233766233772;0.5;0.462;0.15877080665813056;2.0;0.5243673851921274;0.022643201434816723;1.25;-0.5555;0.0;-1.0;-0.35517204644721423;-0.20516208181946882;0.25;0.0;-0.4695771314691412;0.4166666666666667;0.26338917879703383;0.16969696969696976;0.0;-0.26827961105581505;0.6868217054263566;-0.09090909090909091;-0.058823529411764705;-0.4280652019844082;0.3395348837209302;0.0;0.0;0.0;0.2;0.0;-0.287727605840239;0.5316455696202532;0.2;-0.5413990007137758;0.6666666666666666;0.0;-0.2454659161976235;1.0;0.12258657676984366
0.1764705882352941;0.10714285714285714;0.1274131274131274;0.13122171945701358;0.016666666666666666;0.40186915887850466;0.06779661016949153;-0.3270440251572327;-0.75;0.5535574667709147;1.107;1.885714285714286;0.6617647058823529;0.06161137440758235;2;0.10754716981132076;0.078125;0.10400000000000001;0.088;0.1607142857142857;0.14285714285714285;0.125;0.2857142857142857;0.2857142857142857;0.02909090909090909;0.4444444444444444;0.2;-0.16666666666666666;1.75;3.5;-0.5;-0.375;-0.3333333333333333;0.6363636363636364;0.3333333333333333;-0.2505854800936767;-0.6262365163791819;-0.9418945212493596;-0.6199135547681166;-0.5842726784755768;-0.9339588596174667;0.0410958904109589;0.0;-0.7745901639344263;-1.8392857142857144;0.1474423076923077;-0.33599456429420743;0.11538461538461539;0.1607142857142857;0.20328846153846156;0.28687562099178016;0.11538461538461539;0.30357142857142855;0.17613252197430695;0.05708676281809259;0.11538461538461539;0.23529411764705882;-0.07430194036914355;0.33239249543416893;-0.47866900709761123;-0.19277597402597396;0.5;0.4286;0.09272862052698964;2.0;0.48523898781630737;-0.032283376303105064;1.25;-0.7221666666666667;-0.18181818181818182;-1.0;-0.4870565675934803;-0.22837729438965715;0.16666666666666666;0.0;-0.6237777916173632;0.3333333333333333;0.27739631969239226;-0.5090909090909093;-0.5384615384615384;-0.2857361610902687;0.6434108527131782;-0.18181818181818182;-0.11764705882352941;-0.5815024805102764;0.33488372093023255;0.0;0.0;0.0;-0.6;-0.4;-0.41806189751395223;0.4810126582278481;-0.6;-0.352962169878658;-0.6666666666666666;-0.6666666666666666;-0.06504065040650399;0.2;0.09469813055470425
0.20588235294117646;0.07142857142857142;0.13513513513513514;0.20588235294117646;-1.9833333333333334;0.205607476635514;0.09745762711864407;-0.4779874213836478;-0.5;0.5840500390930414;1.07;0.8;0.6568627450980392;0.06049623640925539;2;0.10754716981132076;0.08333333333333334;0.12000000000000002;0.10400000000000001;0.10714285714285714;0.1607142857142857;0.14285714285714285;0.2857142857142857;0.2857142857142857;0.02909090909090909;0.14814814814814814;0.6;0.16666666666666666;1.75;3.5;-0.75;-0.5;-0.3333333333333333;0.6363636363636364;0.3333333333333333;0.795918367346939;-0.6848933737634838;-0.9834306195596516;-0.17896499357501658;-0.2432456611200572;-0.7478757258620125;0.0410958904109589;1.155;0.0;-0.5767857142857145;0.12178846153846155;0.0;0.07692307692307693;0.1607142857142857;0.17032692307692307;0.23882214795411416;0.07692307692307693;0.30357142857142855;0.15980591019369206;0.14739862568904338;0.07692307692307693;0.23529411764705882;-0.4713677236157123;-0.026232774364934288;-0.42417766923605277;3.5754870129870127;0.5;-0.2572;1.0658400161735966;0.3333333333333333;-0.041940018744142465;0.8597690841833876;1.25;-0.7778333333333333;-0.18181818181818182;-1.1428571428571428;-0.8522424629807179;-0.893691313169443;0.16666666666666666;-1.5714285714285714;-0.6770878744472816;0.3333333333333333;0.07333150233452351;-4.654545454545455;-3.2884615384615388;2.518030778654009;0.3348837209302325;0.36363636363636365;0.29411764705882354;-0.34780297661233167;0.3581395348837209;-2.0;-2.0;1.0;-0.4;0.1;-0.4692485483961892;0.44303797468354433;-0.4;0.0;-5.666666666666667;-2.5;2.345215759849906;-3.6;0.07477781182960466
0.23529411764705882;0.10714285714285714;0.14671814671814673;0.2352941176470588;-0.9833333333333334;0.14018691588785046;0.1398305084745763;-0.4025157232704403;0.375;0.6082877247849882;1.066;0.3;0.6715686274509803;0.0588235294117645;2;0.10754716981132076;0.11979166666666666;0.128;0.12000000000000002;0.07142857142857142;0.10714285714285714;0.1607142857142857;0.30357142857142855;0.2857142857142857;0.02909090909090909;-2.3703703703703702;0.2;0.5;0.25;3.5;-0.5;-0.75;-0.4444444444444444;-0.36363636363636365;0.3333333333333333;1.335229173636668;-0.6069493463240047;-0.8932309267793136;0.47287878197889505;0.15986759706566492;-0.3785965027394115;0.0410958904109589;1.155;0.22540983606557374;-0.26428571428571435;0.10255769230769232;-0.46271445558009155;0.07692307692307693;0.10714285714285714;0.1401153846153846;-0.45885647186342693;0.07692307692307693;0.19642857142857142;0.15151334367418368;0.10994487653854863;0.07692307692307693;0.23529411764705882;-0.4713677236157123;-0.1963425914945091;-0.36510722735251455;2.7901785714285716;0.0;-0.5142;1.0919873306826604;0.3333333333333333;-0.21766635426429243;0.8447483465979151;1.25;-0.38883333333333336;-0.18181818181818182;-0.14285714285714285;-0.6696495152870992;-0.5622611239560233;0.16666666666666666;-0.7142857142857143;-0.524880114591767;0.3333333333333333;0.1274375171656139;2.9090909090909096;6.0;4.003981318428911;0.5534883720930233;0.6363636363636364;0.11764705882352941;-0.2266123316796598;0.39999999999999997;0.0;2.0;1.0;0.4;0.4;-0.3420711426799707;0.5063291139240507;0.4;-0.48608137044967875;3.0;4.333333333333333;3.293933708567855;-1.4;0.08458473797119218
0.2647058823529412;0.05357142857142857;0.1525096525096525;0.2647058823529411;-0.9833333333333334;0.028037383177570093;0.11440677966101694;-0.5786163522012578;-0.875;0.6317435496481626;1.09;0.2142857142857143;0.6887254901960784;0.05798717591301905;2;0.10754716981132076;0.171875;0.18400000000000002;0.128;0.10714285714285714;0.07142857142857142;0.10714285714285714;0.19642857142857142;0.2857142857142857;0.02909090909090909;-1.037037037037037;-3.2;0.16666666666666666;-0.25;3.5;0.375;-0.5;-0.6666666666666666;-0.5454545454545454;0.3333333333333333;1.8822348611575779;-0.5661878013620322;-0.8120430107526879;-0.07398465791830532;-0.003667919126856358;-0.33266625110724696;0.0410958904109589;0.0;0.32069672131147536;-0.1142857142857144;0.08332692307692309;-0.33599456429420743;0.057692307692307696;0.10714285714285714;0.1181346153846154;-0.5213621172432481;0.057692307692307696;0.1607142857142857;0.13892534701507375;0.1664275466284075;0.057692307692307696;0.23529411764705882;-0.5423568386180786;-0.34311330376414223;-0.3229794703503014;1.4472402597402596;-2.0;-0.7142000000000002;1.1054653278522808;0.3333333333333333;-0.35824742268041243;0.8178455330119941;1.25;-0.44449999999999995;-0.2727272727272727;-0.14285714285714285;-0.7305848513902204;-0.5063936205350825;0.08333333333333333;-0.7142857142857143;-0.6521766207884412;0.25;0.19307882449876412;-0.5090909090909093;-2.7115384615384612;4.003981318428911;0.8186046511627907;-0.8181818181818182;-1.0;0.12083628632175768;0.3395348837209302;0.0;0.0;1.0;-0.6;-0.5;-0.3420711426799707;0.4936708860759494;-0.6;-0.352962169878658;0.0;-1.5;3.3417761100687935;2.0;0.08550413729696596
0.29411764705882354;0.17857142857142855;0.17181467181467183;0.2941176470588235;0.016666666666666666;0.028037383177570093;0.19491525423728812;-0.4025157232704403;1.0;0.6473807662236122;1.091;-0.0571428571428572;0.7083333333333334;0.05519933091720031;2;0.10754716981132076;0.140625;0.264;0.18400000000000002;0.05357142857142857;0.10714285714285714;0.07142857142857142;0.125;0.2857142857142857;0.02909090909090909;-1.037037037037037;-1.4;-2.6666666666666665;-0.5;3.5;-0.875;0.375;-0.4444444444444444;-0.36363636363636365;0.3333333333333333;1.3472733355637339;0.013819157926132064;-0.5656938044034816;0.6549589190452084;0.6538736804437288;0.10577080804435564;0.0410958904109589;0.0;0.32069672131147536;-0.037500000000000235;0.12178846153846155;0.3380329539663665;0.057692307692307696;0.17857142857142855;0.12636538461538463;-0.3562460482341252;0.057692307692307696;0.17857142857142855;0.14127192459133753;0.09846711470210692;0.057692307692307696;0.23529411764705882;-0.19151285691749492;-0.39159412727402093;-0.2445750337072934;0.9784902597402599;-0.25;-0.6856;1.1264910034368891;0.3333333333333333;-0.32427366447985007;0.7445353659903599;1.25;0.22216666666666665;-0.2727272727272727;0.5714285714285714;-0.3956535634387983;-0.09286085028075325;0.08333333333333333;0.0;-0.41676527371239963;0.25;0.14501510574018134;2.2303030303030305;2.1730769230769234;1.5052446213919304;0.7751937984496124;1.4545454545454546;1.411764705882353;0.48910347271438703;0.38139534883720927;0.0;0.0;0.0;1.4;1.0;0.18873668188736673;0.5569620253164558;1.4;0.3551034975017845;2.3333333333333335;1.1666666666666667;0.690744215134459;1.6;0.07906834201654919
0.32352941176470584;0.05357142857142857;0.1776061776061776;0.32352941176470584;0.016666666666666666;0.0;0.1440677966101695;-0.6289308176100629;-1.125;0.6630179827990618;1.137;0.3142857142857143;0.7279411764705882;0.05436297741845486;2;0.10754716981132076;0.23958333333333334;0.216;0.264;0.17857142857142855;0.05357142857142857;0.10714285714285714;0.14285714285714285;0.2857142857142857;0.02909090909090909;0.0;-1.4;-1.1666666666666667;0.0;3.5;1.0;-0.875;0.3333333333333333;-0.36363636363636365;0.3333333333333333;1.7142857142857142;0.5379529750956904;-0.35670250896057326;0.6387601728904638;0.5048309178743962;0.1321478954102558;0.0410958904109589;0.0;0.22540983606557374;0.0;0.10255769230769232;0.5177509767283847;0.057692307692307696;0.17857142857142855;0.11263461538461539;-0.276036491735164;0.057692307692307696;0.17857142857142855;0.1316270930278805;0.13139016839084813;0.057692307692307696;0.23529411764705882;-0.19151285691749492;-0.4752733568938117;-0.18545371289017779;1.1075487012987013;0.0;-0.6856;1.1264910034368891;0.3333333333333333;-0.27624179943767574;0.68669431678063;1.25;-0.44449999999999995;-0.45454545454545453;0.5714285714285714;-0.5782465111324171;0.02963242580097186;-0.08333333333333333;0.0;-0.5732079466899173;0.08333333333333333;0.2603680307607801;0.16969696969696976;-1.6346153846153846;1.0213613046474237;0.8186046511627907;-1.3636363636363635;-1.8823529411764706;0.8239723600283487;0.35348837209302325;0.0;0.0;0.0;-1.4;-1.4;0.687299171317436;0.5063291139240507;-1.4;0.54389721627409;0.3333333333333333;-1.0;0.39681050656660416;1.8;0.07906834201654919
0.3529411764705882;0.08928571428571427;0.18725868725868727;0.35746606334841624;-0.31666666666666665;-0.06542056074766354;0.19491525423728812;-0.6540880503144654;0.125;0.6763096168881938;1.151;0.2714285714285714;0.7475490196078431;0.05296905492054638;2;0.10754716981132076;0.17708333333333334;0.368;0.216;0.05357142857142857;0.17857142857142855;0.05357142857142857;0.1607142857142857;0.2857142857142857;0.02909090909090909;0.14814814814814814;0.0;-1.1666666666666667;0.5;3.5;-1.125;1.0;-0.7777777777777778;-0.45454545454545453;0.3333333333333333;-0.26497156239544994;0.9121638415270669;-0.20350230414746528;0.22117518788209184;0.5522454821971732;0.3180997998753324;0.0410958904109589;0.0;0.0;0.0142857142857143;0.11538461538461539;0.3699677254968574;0.057692307692307696;0.17857142857142855;0.10165384615384615;-0.4079125643573299;0.057692307692307696;0.17857142857142855;0.1265362128624269;0.10118553197915879;0.057692307692307696;0.23529411764705882;-0.6278592837987065;-0.48238893764379404;-0.12699381820957026;-0.2556818181818181;0.0;-0.8;0.9927892715142529;-0.3333333333333333;-0.2717900656044986;0.628180697231252;1.25;0.0;-0.45454545454545453;0.5714285714285714;-0.42612123149035896;0.05171518897749241;-0.08333333333333333;0.0;-0.5141682755184656;0.08333333333333333;0.18621257896182375;-0.5333333333333334;-0.5576923076923077;1.0336115151979177;0.641860465116279;0.8181818181818182;1.3529411764705883;0.8076718639262933;0.3209302325581395;0.0;0.0;0.0;0.4;0.9;0.6611421162410506;0.44303797468354433;0.4;0.3886509635974304;-0.6666666666666666;-0.5;0.6460287679799875;0.0;0.06772908366533867
0.38235294117647056;0.07142857142857142;0.19498069498069498;0.38235294117647056;-0.31666666666666665;-0.1588785046728972;0.19491525423728812;-0.7547169811320755;-0.5;0.6935105551211883;1.166;0.1714285714285714;0.767156862745098;0.051853916922218524;2;0.10754716981132076;0.23958333333333334;0.272;0.368;0.08928571428571427;0.05357142857142857;0.17857142857142855;0.10714285714285714;0.2857142857142857;0.02909090909090909;-0.14814814814814814;0.2;0.0;0.0;3.5;0.125;-1.125;0.8888888888888888;-0.6363636363636364;0.3333333333333333;-0.7607895617263297;1.1493761495252772;-0.08036866359446988;0.22117518788209184;0.2713365539452497;0.43240051179423256;0.0410958904109589;0.0;-0.7745901639344263;0.0142857142857143;0.07692307692307693;-0.515372855444199;0.057692307692307696;0.08928571428571427;0.09615384615384616;-0.4010477824948063;0.057692307692307696;0.17857142857142855;0.12074931392435269;0.08880163105036637;0.057692307692307696;0.23529411764705882;-0.5540306041962455;-0.49605085268375987;-0.07367269582029562;0.15016233766233772;0.0;-0.9142000000000001;0.8917042927420985;-0.3333333333333333;-0.30131208997188386;0.5808765833426747;1.25;-0.6666666666666666;-0.45454545454545453;-0.42857142857142855;-0.36518589538723767;0.019251639692351143;-0.08333333333333333;0.0;-0.5525316061530797;0.08333333333333333;0.19994507003570455;-0.5090909090909093;0.019230769230769232;-0.2768547584411607;0.5984496124031007;-0.2727272727272727;-0.7647058823529411;0.4304571226080794;0.3767441860465116;0.0;0.0;0.0;-0.2;-0.3;0.09470657872484353;0.5189873417721519;-0.2;-0.5413990007137758;-0.6666666666666666;0.0;-0.2454659161976235;-0.6;0.06435795280416792
0.4117647058823529;0.1607142857142857;0.21235521235521237;0.4117647058823529;0.016666666666666666;-0.14953271028037382;0.25;-0.6289308176100629;0.625;0.7021110242376857;1.172;0.1;0.7843137254901961;0.049344856425982186;2;0.10754716981132076;0.23958333333333334;0.368;0.272;0.07142857142857142;0.08928571428571427;0.05357142857142857;0.07142857142857142;0.2857142857142857;0.02909090909090909;-0.4444444444444444;-0.2;0.16666666666666666;-4.25;3.5;-0.5;0.125;-1.0;-0.45454545454545453;0.3333333333333333;0.8146537303445971;0.6566585474971418;0.09962109575012838;0.31120283478057714;0.4804974056181787;0.7213674092057348;0.0410958904109589;1.155;0.0;0.42321428571428554;0.11538461538461539;0.04382537795141837;0.07692307692307693;0.1607142857142857;0.1098846153846154;-0.2698943184897481;0.057692307692307696;0.17857142857142855;0.1108061886012011;-0.10662236653326278;0.057692307692307696;0.23529411764705882;-0.21501814166272287;-0.4499418894238751;-0.1983769620188761;0.35998376623376627;0.25;-0.39999999999999997;0.288698699373273;0.0;-0.4018275538894096;0.45488173971527857;0.0;0.11116666666666668;0.0;0.14285714285714285;-0.091403004154682;0.09116217619025144;-0.08333333333333333;0.0;-0.6058416889829981;0.08333333333333333;0.17879703378192813;1.551515151515152;1.6346153846153846;0.7310313146007199;0.7317829457364341;0.9090909090909091;0.7058823529411765;0.008238837703756198;0.38139534883720927;-2.0;-2.0;1.0;1.0;0.6;-0.26224702632617397;0.5569620253164558;1.0;0.046038543897216275;1.6666666666666667;1.1666666666666667;0.4765478424015011;0.8;0.06098682194299723
0.4411764705882353;0.08928571428571427;0.222007722007722;0.4434389140271493;0.016666666666666666;-0.1308411214953271;0.1822033898305085;-0.9559748427672956;-1.75;0.7099296325254105;1.215;0.5714285714285715;0.8014705882352942;0.047950933928072814;2;0.3056603773584905;0.30729166666666663;0.368;0.368;0.1607142857142857;0.07142857142857142;0.08928571428571427;0.10714285714285714;0.30357142857142855;0.09090909090909091;0.2962962962962963;-0.6;-0.16666666666666666;-2.0;0.5;0.625;-0.5;0.1111111111111111;0.18181818181818182;-0.8888888888888888;1.198728671796588;0.6566585474971418;0.2234920634920636;0.4668042521708658;0.35882984433709064;0.5943374561202062;0.0684931506849315;1.155;0.22540983606557374;0.6589285714285715;0.11538461538461539;0.04382537795141837;0.07692307692307693;0.1607142857142857;0.10713461538461538;-0.26700388402131703;0.057692307692307696;0.17857142857142855;0.09376367179731933;-0.46545344710413034;0.057692307692307696;0.11764705882352942;-0.1460798233159806;-0.4137947392139655;-0.25836322470681006;0.5101461038961039;0.25;-0.14279999999999998;0.17170968394096636;0.0;-0.4018275538894096;0.45488173971527857;0.0;-0.7221666666666667;-0.9090909090909091;0.14285714285714285;-0.6087141791839779;0.3801255131411314;-0.5;0.0;-0.8016441427414835;-0.3333333333333333;0.3067838505904972;0.16969696969696976;-1.0961538461538463;0.5457468800245006;0.7751937984496124;-1.7272727272727273;-1.7647058823529411;0.6542345854004252;0.3069767441860465;0.0;2.0;1.0;-0.8;-0.9;0.09470657872484353;0.5189873417721519;-0.8;0.046038543897216275;0.0;-0.8333333333333334;0.3405253283302064;1.2;0.059454489733374166
0.47058823529411764;0.14285714285714285;0.23745173745173745;0.47058823529411764;-0.65;-0.16822429906542055;0.2584745762711865;-0.9308176100628931;0.125;0.7177482408131353;1.22;0.5000000000000001;0.8186274509803921;0.045720657931418884;2;0.4641509433962263;0.22395833333333334;0.4720000000000001;0.368;0.08928571428571427;0.1607142857142857;0.07142857142857142;0.05357142857142857;0.19642857142857142;0.13090909090909092;0.2962962962962963;0.4;-0.5;-2.0;-0.5;-1.75;0.625;-0.4444444444444444;-0.7272727272727273;-1.1111111111111112;-0.6035463365674139;0.1251677685539594;0.2755965181771637;0.6787897667536311;0.210323850420469;0.6354122240083991;0.1506849315068493;0.0;0.32069672131147536;0.7678571428571428;0.14101923076923079;-0.14778325123152708;0.09615384615384616;0.1607142857142857;0.12088461538461538;-0.31397344413332134;0.057692307692307696;0.17857142857142855;0.08948812790836416;-0.5551612172468473;0.057692307692307696;0.09803921568627451;-0.23095125414103176;-0.3978558383340054;-0.27383042051438605;0.7443181818181819;0.25;-0.05720000000000001;-0.06199878698025472;0.0;-0.46860356138706655;0.4557785001681427;0.0;-0.44449999999999995;-0.9090909090909091;0.14285714285714285;-0.36518589538723767;0.3572877837021658;-0.5;0.0;-0.6947748645450583;-0.3333333333333333;0.19143092556989838;-1.1878787878787882;-1.0769230769230769;0.9493913176632727;0.6;1.3636363636363635;1.9411764705882353;0.9937101346562722;0.3302325581395349;0.0;0.0;1.0;0.6;0.7;0.12695191386211163;0.4936708860759494;0.6;-0.15524625267665954;-2.0;-1.0;0.9352720450281427;-1.0;0.05026049647563588
0.5;0.07142857142857142;0.24517374517374516;0.5;-1.9833333333333334;-0.29906542056074764;0.2754237288135593;-0.8805031446540881;0.25;0.7255668491008601;1.211;0.2285714285714286;0.8406862745098039;0.04460551993309103;2;0.5603773584905659;0.3177083333333333;0.344;0.4720000000000001;0.14285714285714285;0.08928571428571427;0.1607142857142857;0.17857142857142855;0.125;0.15636363636363637;-0.5925925925925926;0.4;0.3333333333333333;-0.25;-1.0;0.125;-1.75;0.5555555555555556;0.6363636363636364;-0.8888888888888888;-0.6229508196721311;-0.25282099716657547;0.22676907322068646;0.9674078112223045;0.5560028627661477;0.7081132508775961;0.1780821917808219;0.0;0.32069672131147536;0.7678571428571428;0.10898076923076923;-0.14778325123152708;0.07692307692307693;0.14285714285714285;0.10440384615384617;-0.4819799476108752;0.057692307692307696;0.1607142857142857;0.08523247027005527;-0.5370384353998338;0.057692307692307696;0.09803921568627451;-0.30146710837671564;-0.3313488769241716;-0.29723472996005995;3.058035714285714;0.25;-0.5142;1.0019543095895949;0.0;-0.7197750702905342;0.7225647348951911;0.0;-0.6111666666666666;-0.9090909090909091;-0.2857142857142857;-0.5477788430808566;0.1723210494031047;-0.5;-0.42857142857142855;-0.6058416889829981;-0.3333333333333333;0.15270530074155458;-2.593939393939394;-1.1153846153846154;0.9647040808513899;0.4232558139534883;0.09090909090909091;-0.8823529411764706;0.8812012756909994;0.4232558139534883;0.0;0.0;0.0;-0.8;-0.7;-0.027510006201025956;0.4936708860759494;-0.8;-0.15524625267665954;-4.0;-1.0;1.0891181988742964;-3.4;0.049341097149862095
0.5294117647058824;0.14285714285714285;0.2606177606177606;0.5294117647058824;-0.65;-0.3644859813084112;0.2288135593220339;-1.2075471698113207;-1.5;0.7333854573885847;1.235;0.4285714285714286;0.9264705882352942;0.0423752439364371;2;0.6499999999999999;0.33854166666666663;0.4880000000000001;0.344;0.07142857142857142;0.14285714285714285;0.08928571428571427;0.05357142857142857;0.14285714285714285;0.18545454545454546;-2.3703703703703702;-0.8;0.3333333333333333;0.0;0.0;0.25;0.125;-1.5555555555555556;-0.9090909090909091;-0.8888888888888888;0.6942121110739379;-0.1617537406173882;0.27485919098822353;0.009345430473891143;0.07523707282161397;0.570716183852236;0.2054794520547945;0.0;0.22540983606557374;0.6589285714285715;0.12821153846153846;-0.0706641753015117;0.07692307692307693;0.14285714285714285;0.1181346153846154;-0.5213621172432481;0.07692307692307693;0.1607142857142857;0.08523247027005527;-0.5370384353998338;0.057692307692307696;0.09803921568627451;-0.30146710837671564;-0.27394985887431506;-0.2933170520745885;2.0405844155844157;-1.25;-0.6856;0.952355280005391;0.0;-0.8200562324273665;0.7001457235735905;0.0;-0.5;-0.7272727272727273;-0.2857142857142857;-0.6391818472355385;0.27518520266125596;-0.5;-0.42857142857142855;-0.7660210500093418;-0.3333333333333333;0.26531172754737714;2.2545454545454553;3.846153846153846;2.3704157415205573;0.6434108527131782;-1.2727272727272727;-0.9411764705882353;0.6521970233876683;0.2883720930232558;0.0;0.0;0.0;0.8;0.8;0.04419640340492693;0.5063291139240507;0.8;-0.07423269093504631;3.6666666666666665;3.8333333333333335;2.9434021263289556;0.0;0.05117989580140972
0.5588235294117647;0.10714285714285714;0.27220077220077216;0.5588235294117646;0.016666666666666666;-0.3644859813084112;0.2627118644067797;-0.8553459119496856;-0.875;0.743549648162627;1.26;0.6;0.9387254901960784;0.04070253693894621;2;0.7339622641509432;0.28124999999999994;0.52;0.4880000000000001;0.14285714285714285;0.07142857142857142;0.14285714285714285;0.08928571428571427;0.1607142857142857;0.2181818181818182;-0.7407407407407407;-3.2;-0.6666666666666666;-0.5;1.0;-1.5;0.25;0.1111111111111111;0.0;-1.0;3.069923051187689;0.35104637868469446;0.426093189964158;0.027724777072543897;0.04320987654320992;0.459040057740888;0.2191780821917808;0.0;0.0;0.42321428571428554;0.11538461538461539;-0.17564124341769993;0.07692307692307693;0.14285714285714285;0.12088461538461538;-0.5419564628308192;0.07692307692307693;0.1607142857142857;0.08097681263174639;-0.5856679000226533;0.057692307692307696;0.09803921568627451;-0.157280328127465;-0.25260311662436846;-0.26843725355516546;2.8376623376623376;0.0;-0.6285999999999999;1.0019543095895949;0.0;-0.8535613870665419;0.6683107274969174;-0.25;-0.9445;-0.7272727272727273;-0.2857142857142857;-0.8827101310322786;0.25555607983768214;-0.5;-0.42857142857142855;-0.8193311328392603;-0.3333333333333333;0.27300192254875044;2.2545454545454553;0.0;2.7553786080698264;0.9534883720930232;0.45454545454545453;1.0588235294117647;0.25478384124734227;0.3069767441860465;0.0;0.0;0.0;-0.4;-0.6;0.0;0.5316455696202532;-0.4;-0.1845110635260528;2.0;-0.8333333333333334;2.995622263914947;3.6;0.04627643273061602
0.5882352941176471;0.125;0.2857142857142857;0.5882352941176471;0.016666666666666666;-0.4205607476635514;0.17372881355932202;-2.1132075471698113;-3.75;0.7607505863956217;1.315;1.0714285714285714;0.9485294117647058;0.03875104544187291;2;0.8037735849056603;0.32291666666666663;0.43200000000000005;0.52;0.10714285714285714;0.14285714285714285;0.07142857142857142;0.07142857142857142;0.10714285714285714;0.24000000000000002;0.14814814814814814;-1.0;-2.6666666666666665;-1.0;0.0;-0.875;-1.5;0.2222222222222222;-0.45454545454545453;-1.2222222222222223;1.7330210772833727;0.5852761346125169;0.5511111111111114;0.7929597757096687;0.24056181785650382;0.1734851218792036;0.3150684931506849;0.0;-0.7745901639344263;0.0142857142857143;0.13461538461538464;-0.515372855444199;0.11538461538461539;0.14285714285714285;0.12911538461538463;-0.635895583054828;0.07692307692307693;0.1607142857142857;0.08238873642763393;-0.5787208336479648;0.057692307692307696;0.09803921568627451;-0.2389966871746333;-0.28315267664429217;-0.23506067312829126;0.7443181818181819;0.0;-0.5142;1.0580227778152165;0.0;-0.8535613870665419;0.6683107274969174;-0.25;-2.7221666666666664;-2.3636363636363638;-1.5714285714285714;-1.6740172579098753;1.1830321332515452;-1.8333333333333333;-0.42857142857142855;-1.2465591330883727;-1.6666666666666667;0.4762427904421863;0.16969696969696976;-1.6538461538461537;0.7396064619860655;0.8201550387596899;-2.1818181818181817;-1.7647058823529411;0.6723954642097802;0.26046511627906976;0.0;0.0;0.0;0.2;0.3;-0.26224702632617397;0.4936708860759494;0.2;-0.5413990007137758;0.0;-1.0;0.9352720450281427;1.4;0.04137296965982226
0.6176470588235294;0.10714285714285714;0.29729729729729726;0.6176470588235294;-2.65;-0.719626168224299;0.13559322033898302;-3.1446540880503147;-5.125;0.6379984362783424;1.36;3.9571428571428577;0.9583333333333334;0.03707833844438202;2;0.7688679245283018;0.21354166666666666;0.496;0.43200000000000005;0.125;0.10714285714285714;0.14285714285714285;0.1607142857142857;0.07142857142857142;0.2545454545454545;0.14814814814814814;0.2;-0.8333333333333334;0.25;-8.5;-3.75;-0.875;-1.3333333333333333;0.36363636363636365;-1.0;1.198728671796588;0.35522195158323816;0.2700256016385051;1.5399711849227058;0.7925389157273216;0.04225583150159129;0.3698630136986301;1.155;0.0;0.42321428571428554;0.12178846153846155;-0.6590793273314081;0.11538461538461539;0.125;0.12088461538461538;-0.7453707885466534;0.07692307692307693;0.14285714285714285;0.08523247027005527;-0.5980518009514459;0.057692307692307696;0.09803921568627451;-0.2389966871746333;-0.26161618557434596;-0.2136406420921418;4.727678571428572;0.0;-1.2;1.8154862187478942;0.0;-0.9540768509840676;0.9048312969398049;-0.25;-4.333333333333333;-3.3636363636363638;-1.5714285714285714;-3.074251624587195;1.8900580380314256;-2.75;-0.8571428571428571;-1.9049635672915242;-2.5833333333333335;0.49931337544630605;-5.357575757575759;-4.384615384615385;4.188346987213843;0.33333333333333326;-1.0909090909090908;0.6470588235294118;0.6583097094259389;0.18139534883720929;-2.0;-2.0;1.0;-0.2;-0.2;-0.5941710355713399;0.5063291139240507;-0.2;-0.6923625981441827;-7.666666666666667;-3.8333333333333335;3.9996873045653536;-4.4;0.03095311063438555
0.6470588235294118;0.7321428571428571;0.3764478764478764;0.6470588235294117;-3.3166666666666664;-1.0654205607476634;0.1864406779661017;-3.9245283018867925;-3.875;0.794370602032838;1.386;1.4714285714285718;0.9656862745098039;0.0256481739615273;2;0.7650943396226414;0.16666666666666666;0.32800000000000007;0.496;0.10714285714285714;0.125;0.10714285714285714;0.08928571428571427;0.10714285714285714;0.27636363636363637;-3.259259259259259;0.2;0.16666666666666666;0.25;-4.0;-5.125;-3.75;-0.7777777777777778;-1.3636363636363635;-0.2222222222222222;1.5600535296085651;0.21424665705622126;0.09028161802355382;0.11479303765429698;0.7741098586509216;-0.03385715691742386;0.3698630136986301;1.155;0.22540983606557374;0.6589285714285715;0.34615384615384615;5.914047902157295;0.11538461538461539;0.7321428571428571;0.21978846153846154;3.451901363923764;0.07692307692307693;0.7321428571428571;0.1349480968858131;1.6437363135241259;0.057692307692307696;0.7058823529411765;2.7699952673923325;0.7045848058632386;0.08033783611895497;5.551136363636364;0.0;-2.0572;2.4228047712109975;-0.3333333333333333;-1.3055295220243675;1.4518551731868625;-0.25;-5.666666666666667;-3.3636363636363638;-4.857142857142857;-3.5915627996164905;2.1123956023215213;-2.75;-0.8571428571428571;-2.5098088061281683;-2.5833333333333335;0.35786871738533377;-1.1393939393939396;3.346153846153846;2.8680805451343696;0.24961240310077515;0.8181818181818182;1.1764705882352942;0.8470942593905031;0.33488372093023255;0.0;2.0;1.0;7.0;3.6;3.6234286036416923;0.9367088607594938;7.0;6.212705210563883;-2.0;2.8333333333333335;2.9434021263289556;-5.6;0.023291449586270302
0.676470588235294;0.2857142857142857;0.4073359073359073;0.676470588235294;-2.983333333333333;-1.3925233644859814;0.2584745762711865;-4.327044025157233;-2.0;0.8123534010946052;1.396;1.2857142857142858;0.9730392156862745;0.02118762196821855;2;0.7877358490566037;0.22916666666666666;0.256;0.32800000000000007;0.7321428571428571;0.10714285714285714;0.125;0.14285714285714285;0.05357142857142857;0.28727272727272724;-4.148148148148148;-4.4;0.16666666666666666;-1.25;-4.0;-3.875;-5.125;-3.3333333333333335;0.0;-1.3333333333333333;-0.0234192037470724;0.07704926181836244;-0.10060419866871463;1.4117830302558314;0.7741098586509216;-0.16679242806994513;0.43835616438356156;0.0;0.32069672131147536;0.7678571428571428;0.40384615384615385;5.269577034143025;0.11538461538461539;0.7321428571428571;0.24175000000000002;3.451901363923764;0.07692307692307693;0.7321428571428571;0.15342242373622877;1.660348863550555;0.057692307692307696;0.7058823529411765;3.3726139769679753;1.4290458006214273;0.3604772443969573;0.5560064935064936;-5.75;-2.6572;2.6255138486420915;-0.3333333333333333;-1.6068416119962514;1.7468893621791282;-0.25;-4.888833333333333;-3.3636363636363638;-2.857142857142857;-4.109087035261532;1.7624687396781957;-2.75;-0.8571428571428571;-2.6699881671545125;-2.5833333333333335;0.2694314748695414;0.8727272727272728;1.5961538461538463;3.2358931169129472;0.6480620155038759;1.2727272727272727;0.23529411764705882;0.5895641389085754;0.45581395348837206;0.0;0.0;1.0;-5.0;-6.0;5.870905913523873;0.6329113924050633;-5.0;5.535688793718772;1.0;1.5;3.3417761100687935;-0.4;0.019307385841250385
0.7058823529411764;0.375;0.44787644787644787;0.7058823529411765;-2.316666666666667;-1.691588785046729;0.3516949152542373;-4.251572327044025;0.5;0.8295543393275995;1.389;0.8714285714285716;0.9803921568627451;0.015333147476999542;2;0.7886792452830188;0.3177083333333333;0.352;0.256;0.2857142857142857;0.7321428571428571;0.10714285714285714;0.07142857142857142;0.17857142857142855;0.3236363636363636;-3.7037037037037037;-5.6;-3.6666666666666665;-4.25;-0.5;-2.0;-3.875;-4.555555555555555;0.09090909090909091;0.3333333333333333;1.677149548343928;-0.3599940348958591;-0.11567844342037853;2.1876095167633665;1.5577920916085166;0.24592369016764554;0.43835616438356156;0.0;0.32069672131147536;0.7678571428571428;0.5;3.639205028027857;0.3076923076923077;0.7321428571428571;0.2884615384615385;3.3503748532201243;0.11538461538461539;0.7321428571428571;0.1690331304935767;1.8068413501472478;0.057692307692307696;0.7058823529411765;1.6619340589998421;2.057209269229857;0.6973466636139305;0.9784902597402599;-5.25;-2.7714;2.687512635622346;-0.3333333333333333;-1.9414245548266167;1.8206479094271941;-0.25;-2.3888333333333334;-2.4545454545454546;0.0;-4.04815169915841;1.8526872080403907;-2.75;-0.5714285714285714;-2.741234352618796;-2.5833333333333335;0.20379016753639118;1.6000000000000003;0.5769230769230769;1.0115611362070287;0.8232558139534882;1.7272727272727273;0.23529411764705882;-0.18967044649184975;0.5023255813953489;0.0;0.0;0.0;1.0;3.0;5.826033034556625;0.25316455696202533;1.0;3.822983583154889;1.6666666666666667;0.3333333333333333;1.0450281425891181;1.8;0.017468587189702733
0.7352941176470588;0.10714285714285714;0.45945945945945943;0.7352941176470588;-0.9833333333333334;-1.8878504672897196;0.3898305084745763;-3.9748427672955975;1.375;0.8475371383893666;1.387;0.5142857142857143;0.9852941176470588;0.013660440479508651;2;0.832075471698113;0.43229166666666663;0.4880000000000001;0.352;0.375;0.2857142857142857;0.7321428571428571;0.14285714285714285;0.05357142857142857;0.33454545454545453;-2.962962962962963;-5.0;-4.666666666666667;-1.5;0.0;0.5;-2.0;-3.4444444444444446;-1.1818181818181819;-1.5555555555555556;3.1512211441953832;0.44728339215588797;0.03137736815156192;1.6261049024570697;2.5110932188226873;0.5823955906958437;0.43835616438356156;0.0;0.22540983606557374;0.6589285714285715;0.2756346153846154;1.7397655851877014;0.11538461538461539;0.375;0.2829615384615385;3.4237196278565616;0.11538461538461539;0.7321428571428571;0.1733086743825319;1.766669183719701;0.07692307692307693;0.7058823529411765;0.9711310932323708;2.280448755959299;0.9264545015136482;2.660308441558442;-2.5;-2.8855999999999997;2.581575577869128;-0.3333333333333333;-2.1087160262417997;1.7468893621791282;-0.25;-0.0555;-1.0909090909090908;1.0;-3.3480345158197506;2.547633652621149;-2.75;0.42857142857142855;-2.3852525378339666;-2.5833333333333335;0.2183466080747048;2.981818181818183;1.0961538461538463;0.5723910879718245;0.9581395348837208;0.5454545454545454;-0.8235294117647058;-0.05173635719347977;0.46511627906976744;0.0;0.0;0.0;-3.0;-2.0;2.505665482834432;0.379746835443038;-3.0;1.8276231263383298;3.6666666666666665;1.0;0.5146966854283929;3.4;0.01869445295740116
0.7647058823529411;0.07142857142857142;0.4671814671814672;0.7466063348416289;0.016666666666666666;-1.9906542056074767;0.2838983050847458;-4.377358490566038;-2.0;0.8639562157935887;1.42;0.6857142857142858;0.9901960784313726;0.012545302481181686;2;0.8452830188679245;0.4791666666666666;0.664;0.4880000000000001;0.10714285714285714;0.375;0.2857142857142857;0.10714285714285714;0.08928571428571427;0.3527272727272727;-1.3333333333333333;-4.0;-4.166666666666667;0.0;-1.0;1.375;0.5;-1.7777777777777777;-0.7272727272727273;-0.4444444444444444;3.5797925727668116;1.7005517721330217;0.2583102918586791;1.1142868268369615;2.543657183753802;0.5745218332731867;0.43835616438356156;0.0;0.0;0.42321428571428554;0.19871153846153847;2.301681671479531;0.07692307692307693;0.375;0.27748076923076925;3.5111552705266007;0.07692307692307693;0.7321428571428571;0.17187686433599808;1.7802612701049612;0.07692307692307693;0.7058823529411765;-0.4713677236157123;2.1147031616897127;1.069169910198682;3.4038149350649354;-0.25;-2.9142;2.5252375497001145;-0.3333333333333333;-2.092080599812559;1.7603407689720882;-0.25;-0.0555;-1.0909090909090908;1.0;-3.6220304676680515;2.476100599254471;-2.75;0.42857142857142855;-2.687675157252289;-2.5833333333333335;0.38862949739082675;2.2545454545454553;-0.5769230769230769;0.09218283439246618;1.0;-2.5454545454545454;-2.0588235294117645;1.517363571934798;0.24651162790697673;0.0;0.0;0.0;-0.4;1.3;1.349794238683127;0.2911392405063291;-0.4;2.417915774446824;3.0;-0.3333333333333333;0.1682301438399;4.2;0.019000919399325772
0.7941176470588235;0.08928571428571427;0.4768339768339768;0.7941176470588235;-0.65;-2.102803738317757;0.4957627118644068;-3.5220125786163523;4.125;0.8795934323690382;1.404;0.1714285714285714;0.9926470588235294;0.011151379983272314;2;0.8594339622641508;0.3489583333333333;0.7360000000000001;0.664;0.07142857142857142;0.10714285714285714;0.375;0.125;0.07142857142857142;0.36727272727272725;0.0;-1.8;-3.3333333333333335;0.0;-2.0;-2.0;1.375;0.4444444444444444;-2.8181818181818183;-1.0;1.3663432586149216;2.5088233832082323;0.3936507936507939;3.0360188466181226;3.739577741993201;1.3557297988911128;0.43835616438356156;0.0;-0.7745901639344263;0.0142857142857143;0.09615384615384616;-0.515372855444199;0.07692307692307693;0.10714285714285714;0.27198076923076925;3.585945262397254;0.07692307692307693;0.7321428571428571;0.1733086743825319;1.766669183719701;0.07692307692307693;0.7058823529411765;-0.5540306041962455;1.5772396290410566;1.1414688748123838;1.1984577922077924;-0.25;-3.0286;2.307702675382438;-0.6666666666666666;-2.092080599812559;1.7603407689720882;-0.25;1.5555;-1.0909090909090908;4.142857142857143;-1.7044849259614359;3.719907516632851;-2.75;3.5714285714285716;-2.029519835585726;-2.5833333333333335;0.1820928316396595;-0.5090909090909093;-2.1923076923076925;1.5456703162085603;0.7767441860465116;4.2727272727272725;4.352941176470588;2.6942771084337354;0.43720930232558136;0.0;0.0;0.0;0.2;0.3;0.9790856305315969;0.4936708860759494;0.2;-0.5413990007137758;-1.0;-2.0;1.5806754221388366;1.4;0.013790989886607402
0.8235294117647058;0.05357142857142857;0.4826254826254826;0.823529411764706;-0.65;-2.2616822429906542;0.44491525423728817;-3.018867924528302;2.5;0.8983580922595777;1.405;-0.1571428571428572;0.9950980392156863;0.010315026484526868;2;0.8650943396226413;0.609375;0.536;0.7360000000000001;0.08928571428571427;0.07142857142857142;0.10714285714285714;0.10714285714285714;0.1607142857142857;0.39999999999999997;-0.4444444444444444;0.0;-1.5;-5.75;0.5;4.125;-2.0;1.2222222222222223;-3.8181818181818183;0.0;-0.23218467714954832;2.603469702241885;0.5658576548899132;3.207663252988591;3.1375022365360525;1.6979757881959257;0.43835616438356156;0.0;-0.7745901639344263;-0.005357142857143061;0.07692307692307693;-0.515372855444199;0.057692307692307696;0.08928571428571427;0.26373076923076927;3.710595248848342;0.057692307692307696;0.7321428571428571;0.16477747285526784;1.824964131994261;0.057692307692307696;0.7058823529411765;-0.6278592837987065;0.34178506202414544;1.165432852527411;0.18344155844155843;-0.25;-2.5141999999999998;2.3794056203248193;-0.6666666666666666;-2.1925960637300848;1.6814258491200538;-0.25;2.0555;-1.0909090909090908;4.142857142857143;0.15212527964205816;3.1753880998442883;-1.9166666666666667;3.5714285714285716;-1.7624711963629571;-2.5833333333333335;0.23098049986267516;0.19393939393939394;0.5576923076923077;1.0336115151979177;0.6449612403100775;-1.3636363636363635;-3.7058823529411766;2.9179659815733525;0.4976744186046511;0.0;0.0;0.0;-0.4;-0.3;-0.5481706973335587;0.4936708860759494;-0.4;-0.5413990007137758;-0.3333333333333333;0.3333333333333333;1.2232645403377111;-0.6;0.01624272142200428
0.8529411764705882;0.14285714285714285;0.498069498069498;0.8529411764705882;0.016666666666666666;-2.364485981308411;0.3177966101694915;-3.2955974842767297;-1.375;0.9147771696637998;1.434;-0.0428571428571429;0.9975490196078431;0.00808475048787205;2;0.9056603773584905;0.546875;0.936;0.536;0.05357142857142857;0.08928571428571427;0.07142857142857142;0.7321428571428571;0.08928571428571427;0.41818181818181815;-0.5925925925925926;-0.6;0.0;-7.25;0.5;2.5;4.125;-1.7777777777777777;-2.909090909090909;-2.111111111111111;0.7273335563733692;2.238405328826366;0.758381976446493;2.5115844398582614;2.1729289676149577;1.5878744135691092;0.43835616438356156;0.0;-0.7745901639344263;-0.06428571428571435;0.10255769230769232;0.0;0.057692307692307696;0.14285714285714285;0.17307692307692307;1.1821876975882937;0.057692307692307696;0.375;0.1690331304935767;1.8001963301366761;0.057692307692307696;0.7058823529411765;-0.36835463006783414;-0.14672327506463317;1.1512885089928513;0.18344155844155843;-0.25;-1.7142;1.9933957813868854;-0.6666666666666666;-2.2258669165885663;1.647124761798005;-0.5;2.3333333333333335;-0.6363636363636364;4.142857142857143;0.760839458826036;2.4774217902137496;-0.6666666666666666;3.5714285714285716;-1.7091611135330387;-2.5833333333333335;0.39357319417742387;0.896969696969697;0.5576923076923077;0.10718934231682112;0.7348837209302326;-3.0;-1.1176470588235294;3.085311835577605;0.1255813953488372;0.0;0.0;0.0;1.0;0.7;-0.14679519702350755;0.5443037974683544;1.0;0.0;1.3333333333333333;0.8333333333333334;0.3405253283302064;0.8;0.01624272142200428
0.8823529411764706;0.08928571428571427;0.5077220077220078;0.8823529411764706;0.016666666666666666;-2.439252336448598;0.3389830508474576;-3.4716981132075473;-0.875;0.9304143862392493;1.459;0.0285714285714286;1.0;0.006690827989963566;2;0.9103773584905658;0.39062499999999994;0.8400000000000001;0.936;0.14285714285714285;0.05357142857142857;0.08928571428571427;0.2857142857142857;0.14285714285714285;0.44727272727272727;0.0;-0.8;-0.5;-6.5;-2.5;-1.375;2.5;3.6666666666666665;-1.5454545454545454;-0.4444444444444444;0.7273335563733692;1.5764776060048717;0.8935586277521764;1.6455745492776765;1.6765968867418144;1.5983727567993178;0.43835616438356156;0.0;-0.7745901639344263;-0.16428571428571445;0.10255769230769232;0.0;0.057692307692307696;0.14285714285714285;0.14286538461538462;0.9498690271881489;0.057692307692307696;0.375;0.16477747285526784;1.824964131994261;0.057692307692307696;0.7058823529411765;-0.23095125414103176;-0.5513626337136216;1.0991376020758603;0.41233766233766234;0.0;-0.9714;1.304400566075881;-0.3333333333333333;-2.142221180880975;1.711243134177783;-0.5;0.11116666666666668;-0.6363636363636364;2.2857142857142856;1.034835410674337;2.2352663615344692;-0.6666666666666666;3.5714285714285716;-1.8514043719250173;-2.5833333333333335;0.3809393023894535;0.19393939393939394;-0.5576923076923077;-0.26827961105581505;0.7348837209302326;0.18181818181818182;2.0;0.9178773919206236;0.20465116279069767;0.0;0.0;0.0;-0.6;-0.8;0.04419640340492693;0.5316455696202532;-0.6;0.0;0.3333333333333333;-0.5;0.0;1.2;0.011645724793135137
0.9117647058823529;0.1607142857142857;0.5250965250965252;0.9117647058823529;0.016666666666666666;-2.560747663551402;0.3728813559322034;-3.4465408805031448;0.0;0.9483971853010165;1.479;-0.0142857142857143;1.0;0.004181767493727229;2;0.9018867924528301;0.41666666666666663;0.6000000000000001;0.8400000000000001;0.08928571428571427;0.14285714285714285;0.05357142857142857;0.375;0.07142857142857142;0.4618181818181818;0.14814814814814814;0.0;-0.6666666666666666;-5.25;-8.5;-0.875;-1.375;2.2222222222222223;0.2727272727272727;-0.3333333333333333;0.22616259618601545;0.7984291892429288;0.9075678443420381;0.1633892761185313;1.648505993916622;1.6537515173386703;0.43835616438356156;0.0;-0.7745901639344263;-0.31785714285714295;0.14101923076923079;-0.14778325123152708;0.09615384615384616;0.1607142857142857;0.1098846153846154;-0.5134134224550628;0.057692307692307696;0.1607142857142857;0.17187686433599808;1.7826776410178966;0.057692307692307696;0.7058823529411765;-0.1460798233159806;-0.44149806693389615;1.0020605968098906;-0.2556818181818181;0.25;-0.34280000000000005;0.3248197317878563;0.0;-1.8411433926897847;1.7565295370474163;-0.25;-1.0;-0.6363636363636364;-0.5714285714285714;0.9131777990838392;2.2535742933987635;-0.6666666666666666;3.5714285714285716;-1.887027464657159;-2.5833333333333335;0.3537489700631695;0.19393939393939394;-0.0;-0.26827961105581505;0.6899224806201549;0.45454545454545453;0.11764705882352941;1.2390148830616583;0.38139534883720927;0.0;0.0;0.0;0.8;0.7;0.04419640340492693;0.5189873417721519;0.8;-0.15524625267665954;0.3333333333333333;0.0;-0.2454659161976235;0.6;0.007968127490039861
0.9411764705882353;0.25;0.5521235521235521;0.9411764705882352;0.016666666666666666;-2.7009345794392523;0.38135593220338987;-3.4213836477987423;0.125;0.965598123534011;1.497;-0.0714285714285714;1.0;0.0002787844995815192;2;0.9245283018867924;0.4583333333333333;0.64;0.6000000000000001;0.1607142857142857;0.08928571428571427;0.14285714285714285;0.10714285714285714;0.14285714285714285;0.4909090909090909;0.2962962962962963;0.2;0.0;-2.5;-3.0;0.0;-0.875;-1.2222222222222223;0.9090909090909091;-1.8888888888888888;-0.2174640347942454;0.35124521548938725;0.9562314388120843;-0.033643549706008365;1.6415280014313829;1.6422033397854403;0.43835616438356156;0.0;-0.7745901639344263;-0.542857142857143;0.17948076923076925;0.6767453711567861;0.09615384615384616;0.25;0.13186538461538463;0.08888085990425434;0.057692307692307696;0.25;0.18040806586326213;1.7887185683002342;0.057692307692307696;0.7058823529411765;0.5630225587632117;-0.12613552809468462;0.9021343712635781;-0.2556818181818181;0.25;-0.08559999999999998;-0.12157153446997776;0.0;-1.7572633552014996;1.7975563277659459;-0.25;-0.3333333333333333;-0.2727272727272727;-0.42857142857142855;0.6087141791839779;2.210352474873779;-0.6666666666666666;3.5714285714285716;-1.6558510307031202;-2.5833333333333335;0.35182642131282627;-0.484848484848485;-0.5384615384615384;-0.2857361610902687;0.6465116279069767;-0.09090909090909091;-0.4117647058823529;-0.36684975194897235;0.3674418604651163;0.0;0.0;0.0;1.0;0.1;0.04419640340492693;0.620253164556962;1.0;0.7109207708779445;-0.6666666666666666;-0.5;-0.2454659161976235;0.0;0.00520992951271837
0.9705882352941176;0.017857142857142856;0.5540540540540541;0.9705882352941175;0.016666666666666666;-2.7570093457943927;0.3728813559322034;-3.49685534591195;-0.25;0.9827990617670055;1.518;-0.0857142857142857;0.9975490196078431;0.0;2;0.9481132075471698;0.46874999999999994;0.7040000000000001;0.64;0.25;0.1607142857142857;0.08928571428571427;0.07142857142857142;0.10714285714285714;0.5127272727272728;0.0;0.4;0.16666666666666666;-0.25;0.0;0.125;0.0;-0.7777777777777778;-1.5454545454545454;-1.3333333333333333;-0.2174640347942454;0.3540289307550828;1.0636354326676911;-0.6780109808808068;1.1358919305779207;1.6422033397854403;0.43835616438356156;0.0;-0.7745901639344263;-0.8839285714285715;0.15384615384615385;1.3725157125870562;0.019230769230769232;0.25;0.1236346153846154;0.27314605726673297;0.019230769230769232;0.25;0.1733086743825319;1.8693649475194443;0.019230769230769232;0.7058823529411765;0.05758005994636353;-0.0552643438248618;0.710117275941896;-0.19277597402597396;0.25;-0.08559999999999998;-0.12157153446997776;0.0;-1.7741330834114342;1.7850016814258494;-0.25;-0.0555;0.18181818181818182;-0.42857142857142855;1.034835410674337;1.871372623035908;-0.25;3.5714285714285716;-1.5666687426044716;-2.5833333333333335;0.37791815435319975;0.19393939393939394;0.5384615384615384;-0.2857361610902687;0.6465116279069767;-0.45454545454545453;-0.29411764705882354;-0.1867469879518072;0.3209302325581395;0.0;0.0;0.0;-2.6;-1.8;1.3423530074976038;0.40506329113924056;-2.6;1.4418272662384015;0.0;0.3333333333333333;-0.30925578486554095;-0.2;0.0027581979773214915
0.9999999999999999;0.0;0.5540540540540541;0.9999999999999999;0.016666666666666666;-2.9626168224299065;1.0;0.1761006289308176;18.25;1.0;1.444;-1.4571428571428573;0.9950980392156863;0.0;2;0.9999999999999999;0.4583333333333333;0.7200000000000001;0.7040000000000001;0.017857142857142856;0.25;0.1607142857142857;0.08928571428571427;0.125;0.5381818181818182;0.0;0.0;0.3333333333333333;-1.0;0.0;-0.25;0.125;0.0;2.909090909090909;-3.888888888888889;0.20943459350953508;0.21504200427499134;1.1682539682539685;12.362135430863287;8.710055466094113;4.675699616154326;0.43835616438356156;0.0;-0.7745901639344263;-1.8392857142857144;0.09615384615384616;1.798199422456259;0.0;0.25;0.1098846153846154;0.5051034233583234;0.0;0.25;0.16336554905938033;1.9726648040474215;0.0;0.7058823529411765;-1.174317715728033;-0.13562296909466084;0.41674934493373006;-0.42735389610389607;0.0;0.028600000000000004;-0.18464856122380213;0.0;-1.7741330834114342;1.7850016814258494;-0.25;8.0555;0.18181818181818182;20.285714285714285;4.47427293064877;9.454442504600577;-0.25;19.714285714285715;1.5649249548483528;-2.5833333333333335;0.0642680582257622;0.16969696969696976;-0.019230769230769232;-0.29431130847561443;0.6883720930232557;13.181818181818182;8.764705882352942;6.939227498228207;1.0;0.0;0.0;0.0;-0.2;1.2;1.127910254242065;0.32911392405063294;-0.2;1.8890078515346178;0.3333333333333333;0.16666666666666666;-0.30925578486554095;0.4;0.0
0.0;0.2857142857142857;0.015444015444015444;0.0;1.0166666666666666;0.3925233644859813;0.046610169491525424;0.20125786163522014;1.0;0.0;0.362;1.3571428571428572;0.0;0.07778087538332823;3;0.1009433962264151;0.057291666666666664;0.088;0.088;0.2857142857142857;0.2857142857142857;0.2857142857142857;0.2857142857142857;0.2857142857142857;0.02909090909090909;1.1851851851851851;1.6;1.3333333333333333;1.75;3.5;1.0;1.0;0.8888888888888888;0.6363636363636364;0.3333333333333333;-1.0518568082970892;-1.7695481433613363;-1.412964669738863;0.023207819010163163;-0.4477545178028269;-0.8338309110593485;0.1506849315068493;0.0;-0.7745901639344263;-1.8392857142857144;0.3076923076923077;-0.6149142177679632;0.3076923076923077;0.2857142857142857;0.3076923076923077;-1.0304398879956642;0.3076923076923077;0.2857142857142857;0.2840949767330867;-1.0441742807520953;0.3076923076923077;0.21568627450980393;0.6310143555765894;-0.44794952681388;-0.8971482357729781;1.0604707792207795;1.75;1.6286;0.44288698699373275;2.0;1.891049671977507;0.25893958076448836;1.25;1.3333333333333333;1.0909090909090908;0.5714285714285714;1.7044849259614359;0.3563440758741092;1.3333333333333333;0.0;1.9385937597309586;1.5;0.16121944520736065;-1.8909090909090913;1.0961538461538463;0.45356404563203434;0.5116279069767441;-1.0;0.5294117647058824;-0.006201275690999316;0.2930232558139535;0.0;0.0;0.0;0.2;-0.7;0.17746208918202824;0.44303797468354433;-1.2;0.6159885795860102;-2.0;0.6666666666666666;0.09724828017510943;-1.4;0.6444989273674533
0.029411764705882353;0.30357142857142855;0.04826254826254826;0.029411764705882353;0.016666666666666666;0.40186915887850466;0.012711864406779662;0.12578616352201258;-0.375;0.17826426896012515;0.578;1.185714285714286;0.0;0.07304153889043707;3;0.1009433962264151;0.057291666666666664;0.088;0.088;0.2857142857142857;0.2857142857142857;0.2857142857142857;0.2857142857142857;0.2857142857142857;0.02909090909090909;1.1851851851851851;1.6;1.3333333333333333;1.75;3.5;1.0;1.0;0.8888888888888888;0.6363636363636364;0.3333333333333333;-1.0518568082970892;-1.7695481433613363;-1.412964669738863;0.023207819010163163;-0.4477545178028269;-0.8338309110593485;0.0410958904109589;0.0;-0.7745901639344263;-1.8392857142857144;0.31730769230769235;-0.6149142177679632;0.3076923076923077;0.30357142857142855;0.31730769230769235;-1.0304398879956642;0.3076923076923077;0.30357142857142855;0.29403810205623826;-1.0441742807520953;0.3076923076923077;0.23529411764705882;0.6310143555765894;-0.44794952681388;-0.8971482357729781;1.0604707792207795;1.75;1.0286;0.44288698699373275;2.0;1.1881443298969072;0.25893958076448836;1.25;0.4166666666666667;0.09090909090909091;0.5714285714285714;0.5326515393629487;0.3563440758741092;0.4166666666666667;0.0;0.5684748084947375;0.5833333333333334;0.2872837132655865;-1.8909090909090913;1.0961538461538463;0.45356404563203434;0.5116279069767441;-1.0;0.5294117647058824;-0.006201275690999316;0.2930232558139535;0.0;0.0;0.0;0.2;-0.7;0.17746208918202824;0.44303797468354433;-1.2;0.6159885795860102;-2.0;0.6666666666666666;0.09724828017510943;-1.4;0.6444989273674533
0.0588235294117647;0.19642857142857142;0.0694980694980695;0.058823529411764705;0.016666666666666666;0.40186915887850466;0.0211864406779661;0.0;-0.625;0.30492572322126654;0.751;1.342857142857143;0.0;0.06997490939503681;3;0.1009433962264151;0.015624999999999993;0.088;0.088;0.30357142857142855;0.2857142857142857;0.2857142857142857;0.2857142857142857;0.2857142857142857;0.02909090909090909;0.2962962962962963;1.6;1.3333333333333333;1.75;3.5;-0.375;1.0;0.8888888888888888;0.6363636363636364;0.3333333333333333;-1.1635998661759785;-1.8359596361286474;-1.440327700972862;-0.2094933997897278;-0.7150653068527463;-1.0298874708835013;0.0410958904109589;0.0;-0.7745901639344263;-1.8392857142857144;0.28205769230769234;0.23713266519449627;0.21153846153846156;0.30357142857142855;0.28205769230769234;-0.12428868214253465;0.21153846153846156;0.30357142857142855;0.25758660462156463;-0.2866419995469304;0.21153846153846156;0.23529411764705882;0.9600883420097804;-0.25004150755437493;-0.7910147803302042;1.028003246753247;1.75;0.6952;0.42132219152233974;2.0;0.7975632614807873;0.24100437170720776;1.25;0.0;-0.09090909090909091;0.5714285714285714;0.0;0.2095031378285282;0.25;0.0;-0.05430653297627203;0.4166666666666667;0.2817907168360341;-0.5090909090909093;1.0961538461538463;0.45356404563203434;0.5116279069767441;-0.09090909090909091;0.5294117647058824;-0.006201275690999316;0.2930232558139535;0.0;0.0;0.0;-1.2;-0.7;0.17746208918202824;0.44303797468354433;-1.2;0.6159885795860102;-0.6666666666666666;0.6666666666666666;0.09724828017510943;-1.4;0.3282255593012565
0.08823529411764705;0.125;0.08301158301158301;0.08823529411764705;-0.31666666666666665;0.38317757009345793;0.046610169491525424;-0.050314465408805034;-0.375;0.3948397185301016;0.85;1.1142857142857143;0.0;0.0680234178979644;3;0.1009433962264151;0.026041666666666664;0.024000000000000007;0.088;0.19642857142857142;0.30357142857142855;0.2857142857142857;0.2857142857142857;0.2857142857142857;0.02909090909090909;0.0;0.4;1.3333333333333333;1.75;3.5;-0.625;-0.375;0.8888888888888888;0.6363636363636364;0.3333333333333333;-0.7607895617263297;-1.700551772133022;-1.3845366103430619;-0.2094933997897278;-0.7222222222222221;-1.0351366424986057;0.0410958904109589;0.0;-0.7745901639344263;-1.8392857142857144;0.22436538461538463;0.8547647358586716;0.13461538461538464;0.30357142857142855;0.2451923076923077;0.39273778339806686;0.13461538461538464;0.30357142857142855;0.21946466213260146;0.14558634750434196;0.13461538461538464;0.23529411764705882;0.16611452910553698;-0.14131543369464666;-0.7327075224503293;-0.04139610389610384;0.25;0.47859999999999997;0.3857402789945413;2.0;0.5438144329896907;0.2114112767626947;1.25;-0.6111666666666666;-0.09090909090909091;-1.0;-0.15979546180888463;0.003586089746614305;0.25;0.0;-0.2411409354175749;0.4166666666666667;0.19719857182092837;-0.5333333333333334;-0.019230769230769232;0.2180537477987904;0.5984496124031007;0.2727272727272727;0.17647058823529413;0.006201275690999316;0.3581395348837209;0.0;0.0;0.0;-0.8;0.2;-0.12559896273747118;0.379746835443038;-0.8;0.8979300499643114;-0.3333333333333333;0.16666666666666666;0.040337711069418386;-0.4;0.20625191541526203
0.11764705882352941;0.14285714285714285;0.09845559845559847;0.11764705882352941;0.016666666666666666;0.37383177570093457;0.05508474576271187;-0.12578616352201258;-0.375;0.46364347146207974;0.944;1.2;0.0;0.06579314190130958;3;0.1009433962264151;0.057291666666666664;0.04000000000000001;0.024000000000000007;0.125;0.19642857142857142;0.30357142857142855;0.2857142857142857;0.2857142857142857;0.02909090909090909;-0.14814814814814814;0.0;0.3333333333333333;1.75;3.5;-0.375;-0.625;-0.3333333333333333;0.6363636363636364;0.3333333333333333;-0.26497156239544994;-1.3038723467713875;-1.221095750128008;-0.2094933997897278;-0.6841116478797636;-1.0071848036481743;0.0410958904109589;0.0;-0.7745901639344263;-1.8392857142857144;0.16667307692307692;-0.14778325123152708;0.13461538461538464;0.19642857142857142;0.22692307692307695;0.3580525697768944;0.13461538461538464;0.30357142857142855;0.20057272401861354;0.11658989654912032;0.13461538461538464;0.23529411764705882;-0.08124309828048597;-4.743720499977085e-05;-0.6569487903533541;-0.2556818181818181;0.0;0.4286;0.2523081070152975;2.0;0.48523898781630737;0.10043717072077121;1.25;-0.6111666666666666;-0.09090909090909091;-1.0;-0.2556727388942154;-0.1274005567876187;0.25;0.0;-0.35324157688235663;0.4166666666666667;0.2331776984344961;0.16969696969696976;0.5576923076923077;-0.2768547584411607;0.641860465116279;-0.09090909090909091;-0.29411764705882354;-0.4280652019844082;0.3581395348837209;0.0;0.0;0.0;0.2;0.5;-0.12559896273747118;0.4683544303797469;0.2;-0.15524625267665954;0.6666666666666666;0.5;-0.13602251407129456;0.4;0.15844315047502297
0.14705882352941174;0.1607142857142857;0.11583011583011585;0.14705882352941177;0.35000000000000003;0.38317757009345793;0.0635593220338983;-0.22641509433962265;-0.5;0.5144644253322908;1.035;1.5714285714285716;0.0;0.06328408140507324;3;0.1009433962264151;0.06770833333333334;0.088;0.04000000000000001;0.14285714285714285;0.125;0.19642857142857142;0.2857142857142857;0.2857142857142857;0.02909090909090909;0.14814814814814814;-0.2;0.0;1.75;3.5;-0.375;-0.375;-0.5555555555555556;0.6363636363636364;0.3333333333333333;0.19270659083305472;-0.8877069145498834;-1.0496262160778287;-0.5463961683735058;-0.6232778672392197;-0.9625668449197862;0.0410958904109589;0.0;-0.7745901639344263;-1.8392857142857144;0.15384615384615385;-0.515372855444199;0.13461538461538464;0.1607142857142857;0.2179423076923077;0.24135127811399154;0.13461538461538464;0.30357142857142855;0.19128584496678996;0.019028920939364376;0.13461538461538464;0.23529411764705882;0.0763527370247673;0.18486278788453778;-0.5577857488107049;0.15016233766233772;0.5;0.462;0.15877080665813056;2.0;0.5243673851921274;0.022643201434816723;1.25;-0.5555;0.0;-1.0;-0.35517204644721423;-0.20516208181946882;0.25;0.0;-0.4695771314691412;0.4166666666666667;0.26338917879703383;0.16969696969696976;0.0;-0.26827961105581505;0.6868217054263566;-0.09090909090909091;-0.058823529411764705;-0.4280652019844082;0.3395348837209302;0.0;0.0;0.0;0.2;0.0;-0.287727605840239;0.5316455696202532;0.2;-0.5413990007137758;0.6666666666666666;0.0;-0.2454659161976235;1.0;0.12258657676984366
0.1764705882352941;0.10714285714285714;0.1274131274131274;0.13122171945701358;0.016666666666666666;0.40186915887850466;0.06779661016949153;-0.3270440251572327;-0.75;0.5535574667709147;1.107;1.885714285714286;0.6617647058823529;0.06161137440758235;3;0.1009433962264151;0.078125;0.10400000000000001;0.088;0.1607142857142857;0.14285714285714285;0.125;0.2857142857142857;0.2857142857142857;0.02909090909090909;0.4444444444444444;0.2;-0.16666666666666666;1.75;3.5;-0.5;-0.375;-0.3333333333333333;0.6363636363636364;0.3333333333333333;-0.2505854800936767;-0.6262365163791819;-0.9418945212493596;-0.6199135547681166;-0.5842726784755768;-0.9339588596174667;0.0410958904109589;0.0;-0.7745901639344263;-1.8392857142857144;0.1474423076923077;-0.33599456429420743;0.11538461538461539;0.1607142857142857;0.20328846153846156;0.28687562099178016;0.11538461538461539;0.30357142857142855;0.17613252197430695;0.05708676281809259;0.11538461538461539;0.23529411764705882;-0.07430194036914355;0.33239249543416893;-0.47866900709761123;-0.19277597402597396;0.5;0.4286;0.09272862052698964;2.0;0.48523898781630737;-0.032283376303105064;1.25;-0.7221666666666667;-0.18181818181818182;-1.0;-0.4870565675934803;-0.22837729438965715;0.16666666666666666;0.0;-0.6237777916173632;0.3333333333333333;0.27739631969239226;-0.5090909090909093;-0.5384615384615384;-0.2857361610902687;0.6434108527131782;-0.18181818181818182;-0.11764705882352941;-0.5815024805102764;0.33488372093023255;0.0;0.0;0.0;-0.6;-0.4;-0.41806189751395223;0.4810126582278481;-0.6;-0.352962169878658;-0.6666666666666666;-0.6666666666666666;-0.06504065040650399;0.2;0.09408519767085502
0.20588235294117646;0.07142857142857142;0.13513513513513514;0.20588235294117646;-1.9833333333333334;0.205607476635514;0.09745762711864407;-0.4779874213836478;-0.5;0.5840500390930414;1.072;0.8285714285714286;0.6568627450980392;0.06049623640925539;3;0.1009433962264151;0.08333333333333334;0.12000000000000002;0.10400000000000001;0.10714285714285714;0.1607142857142857;0.14285714285714285;0.2857142857142857;0.2857142857142857;0.02909090909090909;0.14814814814814814;0.6;0.16666666666666666;1.75;3.5;-0.75;-0.5;-0.3333333333333333;0.6363636363636364;0.3333333333333333;0.795918367346939;-0.6848933737634838;-0.9834306195596516;-0.17896499357501658;-0.2432456611200572;-0.7478757258620125;0.0410958904109589;1.155;0.0;-0.5767857142857145;0.12178846153846155;0.0;0.07692307692307693;0.1607142857142857;0.17032692307692307;0.23882214795411416;0.07692307692307693;0.30357142857142855;0.15980591019369206;0.14739862568904338;0.07692307692307693;0.23529411764705882;-0.4713677236157123;-0.026232774364934288;-0.42417766923605277;3.5754870129870127;0.5;-0.2572;1.0658400161735966;0.3333333333333333;-0.041940018744142465;0.8597690841833876;1.25;-0.7778333333333333;-0.18181818181818182;-1.1428571428571428;-0.8522424629807179;-0.893691313169443;0.16666666666666666;-1.5714285714285714;-0.6770878744472816;0.3333333333333333;0.07333150233452351;-4.654545454545455;-3.2884615384615388;2.518030778654009;0.3348837209302325;0.36363636363636365;0.29411764705882354;-0.34780297661233167;0.3581395348837209;-2.0;-2.0;1.0;-0.4;0.1;-0.4692485483961892;0.44303797468354433;-0.4;0.0;-5.666666666666667;-2.5;2.345215759849906;-3.6;0.07477781182960466
0.23529411764705882;0.10714285714285714;0.14671814671814673;0.2352941176470588;-0.9833333333333334;0.14018691588785046;0.1398305084745763;-0.4025157232704403;0.375;0.6082877247849882;1.066;0.3;0.6715686274509803;0.0588235294117645;3;0.1009433962264151;0.11979166666666666;0.128;0.12000000000000002;0.07142857142857142;0.10714285714285714;0.1607142857142857;0.30357142857142855;0.2857142857142857;0.02909090909090909;-2.3703703703703702;0.2;0.5;0.25;3.5;-0.5;-0.75;-0.4444444444444444;-0.36363636363636365;0.3333333333333333;1.335229173636668;-0.6069493463240047;-0.8932309267793136;0.47287878197889505;0.15986759706566492;-0.3785965027394115;0.0410958904109589;1.155;0.22540983606557374;-0.26428571428571435;0.10255769230769232;-0.46271445558009155;0.07692307692307693;0.10714285714285714;0.1401153846153846;-0.45885647186342693;0.07692307692307693;0.19642857142857142;0.15151334367418368;0.10994487653854863;0.07692307692307693;0.23529411764705882;-0.4713677236157123;-0.1963425914945091;-0.36510722735251455;2.7901785714285716;0.0;-0.5142;1.0919873306826604;0.3333333333333333;-0.21766635426429243;0.8447483465979151;1.25;-0.38883333333333336;-0.18181818181818182;-0.14285714285714285;-0.6696495152870992;-0.5622611239560233;0.16666666666666666;-0.7142857142857143;-0.524880114591767;0.3333333333333333;0.1274375171656139;2.9090909090909096;6.0;4.003981318428911;0.5534883720930233;0.6363636363636364;0.11764705882352941;-0.2266123316796598;0.39999999999999997;0.0;2.0;1.0;0.4;0.4;-0.3420711426799707;0.5063291139240507;0.4;-0.48608137044967875;3.0;4.333333333333333;3.293933708567855;-1.4;0.08397180508734295
0.2647058823529412;0.05357142857142857;0.1525096525096525;0.2647058823529411;-0.9833333333333334;0.028037383177570093;0.11440677966101694;-0.5786163522012578;-0.875;0.6317435496481626;1.09;0.2142857142857143;0.6887254901960784;0.05798717591301905;3;0.1009433962264151;0.171875;0.18400000000000002;0.128;0.10714285714285714;0.07142857142857142;0.10714285714285714;0.19642857142857142;0.2857142857142857;0.02909090909090909;-1.037037037037037;-3.2;0.16666666666666666;-0.25;3.5;0.375;-0.5;-0.6666666666666666;-0.5454545454545454;0.3333333333333333;1.8822348611575779;-0.5661878013620322;-0.8120430107526879;-0.07398465791830532;-0.003667919126856358;-0.33266625110724696;0.0410958904109589;0.0;0.32069672131147536;-0.1142857142857144;0.08332692307692309;-0.33599456429420743;0.057692307692307696;0.10714285714285714;0.1181346153846154;-0.5213621172432481;0.057692307692307696;0.1607142857142857;0.13892534701507375;0.1664275466284075;0.057692307692307696;0.23529411764705882;-0.5423568386180786;-0.34311330376414223;-0.3229794703503014;1.4472402597402596;-2.0;-0.7142000000000002;1.1054653278522808;0.3333333333333333;-0.35824742268041243;0.8178455330119941;1.25;-0.44449999999999995;-0.2727272727272727;-0.14285714285714285;-0.7305848513902204;-0.5063936205350825;0.08333333333333333;-0.7142857142857143;-0.6521766207884412;0.25;0.19307882449876412;-0.5090909090909093;-2.7115384615384612;4.003981318428911;0.8186046511627907;-0.8181818181818182;-1.0;0.12083628632175768;0.3395348837209302;0.0;0.0;1.0;-0.6;-0.5;-0.3420711426799707;0.4936708860759494;-0.6;-0.352962169878658;0.0;-1.5;3.3417761100687935;2.0;0.08550413729696596
0.29411764705882354;0.17857142857142855;0.17181467181467183;0.2941176470588235;0.016666666666666666;0.028037383177570093;0.19491525423728812;-0.4025157232704403;1.0;0.6473807662236122;1.092;-0.0428571428571429;0.7083333333333334;0.05519933091720031;3;0.1009433962264151;0.140625;0.264;0.18400000000000002;0.05357142857142857;0.10714285714285714;0.07142857142857142;0.125;0.2857142857142857;0.02909090909090909;-1.037037037037037;-1.4;-2.6666666666666665;-0.5;3.5;-0.875;0.375;-0.4444444444444444;-0.36363636363636365;0.3333333333333333;1.3472733355637339;0.013819157926132064;-0.5656938044034816;0.6549589190452084;0.6538736804437288;0.10577080804435564;0.0410958904109589;0.0;0.32069672131147536;-0.037500000000000235;0.12178846153846155;0.3380329539663665;0.057692307692307696;0.17857142857142855;0.12636538461538463;-0.3562460482341252;0.057692307692307696;0.17857142857142855;0.14127192459133753;0.09846711470210692;0.057692307692307696;0.23529411764705882;-0.19151285691749492;-0.39159412727402093;-0.2445750337072934;0.9784902597402599;-0.25;-0.6856;1.1264910034368891;0.3333333333333333;-0.32427366447985007;0.7445353659903599;1.25;0.22216666666666665;-0.2727272727272727;0.5714285714285714;-0.3956535634387983;-0.09286085028075325;0.08333333333333333;0.0;-0.41676527371239963;0.25;0.14501510574018134;2.2303030303030305;2.1730769230769234;1.5052446213919304;0.7751937984496124;1.4545454545454546;1.411764705882353;0.48910347271438703;0.38139534883720927;0.0;0.0;0.0;1.4;1.0;0.18873668188736673;0.5569620253164558;1.4;0.3551034975017845;2.3333333333333335;1.1666666666666667;0.690744215134459;1.6;0.07906834201654919
0.32352941176470584;0.05357142857142857;0.1776061776061776;0.32352941176470584;0.016666666666666666;0.0;0.1440677966101695;-0.6289308176100629;-1.125;0.6630179827990618;1.138;0.3285714285714286;0.7279411764705882;0.05436297741845486;3;0.1009433962264151;0.23958333333333334;0.216;0.264;0.17857142857142855;0.05357142857142857;0.10714285714285714;0.14285714285714285;0.2857142857142857;0.02909090909090909;0.0;-1.4;-1.1666666666666667;0.0;3.5;1.0;-0.875;0.3333333333333333;-0.36363636363636365;0.3333333333333333;1.7142857142857142;0.5379529750956904;-0.35670250896057326;0.6387601728904638;0.5048309178743962;0.1321478954102558;0.0410958904109589;0.0;0.22540983606557374;0.0;0.10255769230769232;0.5177509767283847;0.057692307692307696;0.17857142857142855;0.11263461538461539;-0.276036491735164;0.057692307692307696;0.17857142857142855;0.1316270930278805;0.13139016839084813;0.057692307692307696;0.23529411764705882;-0.19151285691749492;-0.4752733568938117;-0.18545371289017779;1.1075487012987013;0.0;-0.6856;1.1264910034368891;0.3333333333333333;-0.27624179943767574;0.68669431678063;1.25;-0.44449999999999995;-0.45454545454545453;0.5714285714285714;-0.5782465111324171;0.02963242580097186;-0.08333333333333333;0.0;-0.5732079466899173;0.08333333333333333;0.2603680307607801;0.16969696969696976;-1.6346153846153846;1.0213613046474237;0.8186046511627907;-1.3636363636363635;-1.8823529411764706;0.8239723600283487;0.35348837209302325;0.0;0.0;0.0;-1.4;-1.4;0.687299171317436;0.5063291139240507;-1.4;0.54389721627409;0.3333333333333333;-1.0;0.39681050656660416;1.8;0.07876187557462458
0.3529411764705882;0.08928571428571427;0.18725868725868727;0.35746606334841624;-0.31666666666666665;-0.06542056074766354;0.19491525423728812;-0.6540880503144654;0.125;0.6763096168881938;1.151;0.2714285714285714;0.7475490196078431;0.05296905492054638;3;0.1009433962264151;0.17708333333333334;0.368;0.216;0.05357142857142857;0.17857142857142855;0.05357142857142857;0.1607142857142857;0.2857142857142857;0.02909090909090909;0.14814814814814814;0.0;-1.1666666666666667;0.5;3.5;-1.125;1.0;-0.7777777777777778;-0.45454545454545453;0.3333333333333333;-0.26497156239544994;0.9121638415270669;-0.20350230414746528;0.22117518788209184;0.5522454821971732;0.3180997998753324;0.0410958904109589;0.0;0.0;0.0142857142857143;0.11538461538461539;0.3699677254968574;0.057692307692307696;0.17857142857142855;0.10165384615384615;-0.4079125643573299;0.057692307692307696;0.17857142857142855;0.1265362128624269;0.10118553197915879;0.057692307692307696;0.23529411764705882;-0.6278592837987065;-0.48238893764379404;-0.12699381820957026;-0.2556818181818181;0.0;-0.8;0.9927892715142529;-0.3333333333333333;-0.2717900656044986;0.628180697231252;1.25;0.0;-0.45454545454545453;0.5714285714285714;-0.42612123149035896;0.05171518897749241;-0.08333333333333333;0.0;-0.5141682755184656;0.08333333333333333;0.18621257896182375;-0.5333333333333334;-0.5576923076923077;1.0336115151979177;0.641860465116279;0.8181818181818182;1.3529411764705883;0.8076718639262933;0.3209302325581395;0.0;0.0;0.0;0.4;0.9;0.6611421162410506;0.44303797468354433;0.4;0.3886509635974304;-0.6666666666666666;-0.5;0.6460287679799875;0.0;0.06742261722341406
0.38235294117647056;0.07142857142857142;0.19498069498069498;0.38235294117647056;-0.31666666666666665;-0.1588785046728972;0.19491525423728812;-0.7547169811320755;-0.5;0.6935105551211883;1.167;0.1857142857142857;0.767156862745098;0.051853916922218524;3;0.1009433962264151;0.23958333333333334;0.272;0.368;0.08928571428571427;0.05357142857142857;0.17857142857142855;0.10714285714285714;0.2857142857142857;0.02909090909090909;-0.14814814814814814;0.2;0.0;0.0;3.5;0.125;-1.125;0.8888888888888888;-0.6363636363636364;0.3333333333333333;-0.7607895617263297;1.1493761495252772;-0.08036866359446988;0.22117518788209184;0.2713365539452497;0.43240051179423256;0.0410958904109589;0.0;-0.7745901639344263;0.0142857142857143;0.07692307692307693;-0.515372855444199;0.057692307692307696;0.08928571428571427;0.09615384615384616;-0.4010477824948063;0.057692307692307696;0.17857142857142855;0.12074931392435269;0.08880163105036637;0.057692307692307696;0.23529411764705882;-0.5540306041962455;-0.49605085268375987;-0.07367269582029562;0.15016233766233772;0.0;-0.9142000000000001;0.8917042927420985;-0.3333333333333333;-0.30131208997188386;0.5808765833426747;1.25;-0.6666666666666666;-0.45454545454545453;-0.42857142857142855;-0.36518589538723767;0.019251639692351143;-0.08333333333333333;0.0;-0.5525316061530797;0.08333333333333333;0.19994507003570455;-0.5090909090909093;0.019230769230769232;-0.2768547584411607;0.5984496124031007;-0.2727272727272727;-0.7647058823529411;0.4304571226080794;0.3767441860465116;0.0;0.0;0.0;-0.2;-0.3;0.09470657872484353;0.5189873417721519;-0.2;-0.5413990007137758;-0.6666666666666666;0.0;-0.2454659161976235;-0.6;0.06435795280416792
0.4117647058823529;0.1607142857142857;0.21235521235521237;0.4117647058823529;0.016666666666666666;-0.14953271028037382;0.25;-0.6289308176100629;0.625;0.7021110242376857;1.172;0.1;0.7843137254901961;0.049344856425982186;3;0.1009433962264151;0.23958333333333334;0.368;0.272;0.07142857142857142;0.08928571428571427;0.05357142857142857;0.07142857142857142;0.2857142857142857;0.02909090909090909;-0.4444444444444444;-0.2;0.16666666666666666;-4.25;3.5;-0.5;0.125;-1.0;-0.45454545454545453;0.3333333333333333;0.8146537303445971;0.6566585474971418;0.09962109575012838;0.31120283478057714;0.4804974056181787;0.7213674092057348;0.0410958904109589;1.155;0.0;0.42321428571428554;0.11538461538461539;0.04382537795141837;0.07692307692307693;0.1607142857142857;0.1098846153846154;-0.2698943184897481;0.057692307692307696;0.17857142857142855;0.1108061886012011;-0.10662236653326278;0.057692307692307696;0.23529411764705882;-0.21501814166272287;-0.4499418894238751;-0.1983769620188761;0.35998376623376627;0.25;-0.39999999999999997;0.288698699373273;0.0;-0.4018275538894096;0.45488173971527857;0.0;0.11116666666666668;0.0;0.14285714285714285;-0.091403004154682;0.09116217619025144;-0.08333333333333333;0.0;-0.6058416889829981;0.08333333333333333;0.17879703378192813;1.551515151515152;1.6346153846153846;0.7310313146007199;0.7317829457364341;0.9090909090909091;0.7058823529411765;0.008238837703756198;0.38139534883720927;-2.0;-2.0;1.0;1.0;0.6;-0.26224702632617397;0.5569620253164558;1.0;0.046038543897216275;1.6666666666666667;1.1666666666666667;0.4765478424015011;0.8;0.06068035550107262
0.4411764705882353;0.08928571428571427;0.222007722007722;0.4434389140271493;0.016666666666666666;-0.1308411214953271;0.1822033898305085;-0.9559748427672956;-1.75;0.7099296325254105;1.215;0.5714285714285715;0.8014705882352942;0.047950933928072814;3;0.30471698113207535;0.30729166666666663;0.368;0.368;0.1607142857142857;0.07142857142857142;0.08928571428571427;0.10714285714285714;0.30357142857142855;0.09090909090909091;0.2962962962962963;-0.6;-0.16666666666666666;-2.0;0.5;0.625;-0.5;0.1111111111111111;0.18181818181818182;-0.8888888888888888;1.198728671796588;0.6566585474971418;0.2234920634920636;0.4668042521708658;0.35882984433709064;0.5943374561202062;0.0684931506849315;1.155;0.22540983606557374;0.6589285714285715;0.11538461538461539;0.04382537795141837;0.07692307692307693;0.1607142857142857;0.10713461538461538;-0.26700388402131703;0.057692307692307696;0.17857142857142855;0.09376367179731933;-0.46545344710413034;0.057692307692307696;0.11764705882352942;-0.1460798233159806;-0.4137947392139655;-0.25836322470681006;0.5101461038961039;0.25;-0.14279999999999998;0.17170968394096636;0.0;-0.4018275538894096;0.45488173971527857;0.0;-0.7221666666666667;-0.9090909090909091;0.14285714285714285;-0.6087141791839779;0.3801255131411314;-0.5;0.0;-0.8016441427414835;-0.3333333333333333;0.3067838505904972;0.16969696969696976;-1.0961538461538463;0.5457468800245006;0.7751937984496124;-1.7272727272727273;-1.7647058823529411;0.6542345854004252;0.3069767441860465;0.0;2.0;1.0;-0.8;-0.9;0.09470657872484353;0.5189873417721519;-0.8;0.046038543897216275;0.0;-0.8333333333333334;0.3405253283302064;1.2;0.059454489733374166
0.47058823529411764;0.14285714285714285;0.23745173745173745;0.47058823529411764;-0.65;-0.16822429906542055;0.2584745762711865;-0.9308176100628931;0.125;0.7177482408131353;1.22;0.5000000000000001;0.8186274509803921;0.045720657931418884;3;0.4679245283018867;0.22395833333333334;0.4720000000000001;0.368;0.08928571428571427;0.1607142857142857;0.07142857142857142;0.05357142857142857;0.19642857142857142;0.13090909090909092;0.2962962962962963;0.4;-0.5;-2.0;-0.5;-1.75;0.625;-0.4444444444444444;-0.7272727272727273;-1.1111111111111112;-0.6035463365674139;0.1251677685539594;0.2755965181771637;0.6787897667536311;0.210323850420469;0.6354122240083991;0.1506849315068493;0.0;0.32069672131147536;0.7678571428571428;0.14101923076923079;-0.14778325123152708;0.09615384615384616;0.1607142857142857;0.12088461538461538;-0.31397344413332134;0.057692307692307696;0.17857142857142855;0.08948812790836416;-0.5551612172468473;0.057692307692307696;0.09803921568627451;-0.23095125414103176;-0.3978558383340054;-0.27383042051438605;0.7443181818181819;0.25;-0.05720000000000001;-0.06199878698025472;0.0;-0.46860356138706655;0.4557785001681427;0.0;-0.44449999999999995;-0.9090909090909091;0.14285714285714285;-0.36518589538723767;0.3572877837021658;-0.5;0.0;-0.6947748645450583;-0.3333333333333333;0.19143092556989838;-1.1878787878787882;-1.0769230769230769;0.9493913176632727;0.6;1.3636363636363635;1.9411764705882353;0.9937101346562722;0.3302325581395349;0.0;0.0;1.0;0.6;0.7;0.12695191386211163;0.4936708860759494;0.6;-0.15524625267665954;-2.0;-1.0;0.9352720450281427;-1.0;0.05026049647563588
0.5;0.07142857142857142;0.24517374517374516;0.5;-1.9833333333333334;-0.29906542056074764;0.2754237288135593;-0.8805031446540881;0.25;0.7255668491008601;1.211;0.2285714285714286;0.8406862745098039;0.04460551993309103;3;0.5613207547169811;0.3177083333333333;0.344;0.4720000000000001;0.14285714285714285;0.08928571428571427;0.1607142857142857;0.17857142857142855;0.125;0.15636363636363637;-0.5925925925925926;0.4;0.3333333333333333;-0.25;-1.0;0.125;-1.75;0.5555555555555556;0.6363636363636364;-0.8888888888888888;-0.6229508196721311;-0.25282099716657547;0.22676907322068646;0.9674078112223045;0.5560028627661477;0.7081132508775961;0.1780821917808219;0.0;0.32069672131147536;0.7678571428571428;0.10898076923076923;-0.14778325123152708;0.07692307692307693;0.14285714285714285;0.10440384615384617;-0.4819799476108752;0.057692307692307696;0.1607142857142857;0.08523247027005527;-0.5370384353998338;0.057692307692307696;0.09803921568627451;-0.30146710837671564;-0.3313488769241716;-0.29723472996005995;3.058035714285714;0.25;-0.5142;1.0019543095895949;0.0;-0.7197750702905342;0.7225647348951911;0.0;-0.6111666666666666;-0.9090909090909091;-0.2857142857142857;-0.5477788430808566;0.1723210494031047;-0.5;-0.42857142857142855;-0.6058416889829981;-0.3333333333333333;0.15270530074155458;-2.593939393939394;-1.1153846153846154;0.9647040808513899;0.4232558139534883;0.09090909090909091;-0.8823529411764706;0.8812012756909994;0.4232558139534883;0.0;0.0;0.0;-0.8;-0.7;-0.027510006201025956;0.4936708860759494;-0.8;-0.15524625267665954;-4.0;-1.0;1.0891181988742964;-3.4;0.049341097149862095
0.5294117647058824;0.14285714285714285;0.2606177606177606;0.5294117647058824;-0.65;-0.3644859813084112;0.2288135593220339;-1.2075471698113207;-1.5;0.7333854573885847;1.235;0.4285714285714286;0.9264705882352942;0.0423752439364371;3;0.6499999999999999;0.33854166666666663;0.4880000000000001;0.344;0.07142857142857142;0.14285714285714285;0.08928571428571427;0.05357142857142857;0.14285714285714285;0.18545454545454546;-2.3703703703703702;-0.8;0.3333333333333333;0.0;0.0;0.25;0.125;-1.5555555555555556;-0.9090909090909091;-0.8888888888888888;0.6942121110739379;-0.1617537406173882;0.27485919098822353;0.009345430473891143;0.07523707282161397;0.570716183852236;0.2054794520547945;0.0;0.22540983606557374;0.6589285714285715;0.12821153846153846;-0.0706641753015117;0.07692307692307693;0.14285714285714285;0.1181346153846154;-0.5213621172432481;0.07692307692307693;0.1607142857142857;0.08523247027005527;-0.5370384353998338;0.057692307692307696;0.09803921568627451;-0.30146710837671564;-0.27394985887431506;-0.2933170520745885;2.0405844155844157;-1.25;-0.6856;0.952355280005391;0.0;-0.8200562324273665;0.7001457235735905;0.0;-0.5;-0.7272727272727273;-0.2857142857142857;-0.6391818472355385;0.27518520266125596;-0.5;-0.42857142857142855;-0.7660210500093418;-0.3333333333333333;0.26531172754737714;2.2545454545454553;3.846153846153846;2.3704157415205573;0.6434108527131782;-1.2727272727272727;-0.9411764705882353;0.6521970233876683;0.2883720930232558;0.0;0.0;0.0;0.8;0.8;0.04419640340492693;0.5063291139240507;0.8;-0.07423269093504631;3.6666666666666665;3.8333333333333335;2.9434021263289556;0.0;0.05117989580140972
0.5588235294117647;0.10714285714285714;0.27220077220077216;0.5588235294117646;0.016666666666666666;-0.3644859813084112;0.2627118644067797;-0.8553459119496856;-0.875;0.743549648162627;1.26;0.6;0.9387254901960784;0.04070253693894621;3;0.7358490566037734;0.28124999999999994;0.52;0.4880000000000001;0.14285714285714285;0.07142857142857142;0.14285714285714285;0.08928571428571427;0.1607142857142857;0.2181818181818182;-0.7407407407407407;-3.2;-0.6666666666666666;-0.5;1.0;-1.5;0.25;0.1111111111111111;0.0;-1.0;3.069923051187689;0.35104637868469446;0.426093189964158;0.027724777072543897;0.04320987654320992;0.459040057740888;0.2191780821917808;0.0;0.0;0.42321428571428554;0.11538461538461539;-0.17564124341769993;0.07692307692307693;0.14285714285714285;0.12088461538461538;-0.5419564628308192;0.07692307692307693;0.1607142857142857;0.08097681263174639;-0.5856679000226533;0.057692307692307696;0.09803921568627451;-0.157280328127465;-0.25260311662436846;-0.26843725355516546;2.8376623376623376;0.0;-0.6285999999999999;1.0019543095895949;0.0;-0.8535613870665419;0.6683107274969174;-0.25;-0.9445;-0.7272727272727273;-0.2857142857142857;-0.8827101310322786;0.25555607983768214;-0.5;-0.42857142857142855;-0.8193311328392603;-0.3333333333333333;0.27300192254875044;2.2545454545454553;0.0;2.7553786080698264;0.9534883720930232;0.45454545454545453;1.0588235294117647;0.25478384124734227;0.3069767441860465;0.0;0.0;0.0;-0.4;-0.6;0.0;0.5316455696202532;-0.4;-0.1845110635260528;2.0;-0.8333333333333334;2.995622263914947;3.6;0.04627643273061602
0.5882352941176471;0.125;0.2857142857142857;0.5882352941176471;0.016666666666666666;-0.4205607476635514;0.17372881355932202;-2.1132075471698113;-3.75;0.7607505863956217;1.315;1.0714285714285714;0.9485294117647058;0.03875104544187291;3;0.8037735849056603;0.32291666666666663;0.43200000000000005;0.52;0.10714285714285714;0.14285714285714285;0.07142857142857142;0.07142857142857142;0.10714285714285714;0.24000000000000002;0.14814814814814814;-1.0;-2.6666666666666665;-1.0;0.0;-0.875;-1.5;0.2222222222222222;-0.45454545454545453;-1.2222222222222223;1.7330210772833727;0.5852761346125169;0.5511111111111114;0.7929597757096687;0.24056181785650382;0.1734851218792036;0.3150684931506849;0.0;-0.7745901639344263;0.0142857142857143;0.13461538461538464;-0.515372855444199;0.11538461538461539;0.14285714285714285;0.12911538461538463;-0.635895583054828;0.07692307692307693;0.1607142857142857;0.08238873642763393;-0.5787208336479648;0.057692307692307696;0.09803921568627451;-0.2389966871746333;-0.28315267664429217;-0.23506067312829126;0.7443181818181819;0.0;-0.5142;1.0580227778152165;0.0;-0.8535613870665419;0.6683107274969174;-0.25;-2.7221666666666664;-2.3636363636363638;-1.5714285714285714;-1.6740172579098753;1.1830321332515452;-1.8333333333333333;-0.42857142857142855;-1.2465591330883727;-1.6666666666666667;0.4762427904421863;0.16969696969696976;-1.6538461538461537;0.7396064619860655;0.8201550387596899;-2.1818181818181817;-1.7647058823529411;0.6723954642097802;0.26046511627906976;0.0;0.0;0.0;0.2;0.3;-0.26224702632617397;0.4936708860759494;0.2;-0.5413990007137758;0.0;-1.0;0.9352720450281427;1.4;0.04137296965982226
0.6176470588235294;0.10714285714285714;0.29729729729729726;0.6176470588235294;-2.65;-0.719626168224299;0.13559322033898302;-3.1446540880503147;-5.125;0.6379984362783424;1.36;3.9571428571428577;0.9583333333333334;0.03707833844438202;3;0.7707547169811321;0.21354166666666666;0.496;0.43200000000000005;0.125;0.10714285714285714;0.14285714285714285;0.1607142857142857;0.07142857142857142;0.2545454545454545;0.14814814814814814;0.2;-0.8333333333333334;0.25;-8.5;-3.75;-0.875;-1.3333333333333333;0.36363636363636365;-1.0;1.198728671796588;0.35522195158323816;0.2700256016385051;1.5399711849227058;0.7925389157273216;0.04225583150159129;0.3698630136986301;1.155;0.0;0.42321428571428554;0.12178846153846155;-0.6590793273314081;0.11538461538461539;0.125;0.12088461538461538;-0.7453707885466534;0.07692307692307693;0.14285714285714285;0.08523247027005527;-0.5980518009514459;0.057692307692307696;0.09803921568627451;-0.2389966871746333;-0.26161618557434596;-0.2136406420921418;4.727678571428572;0.0;-1.2;1.8154862187478942;0.0;-0.9540768509840676;0.9048312969398049;-0.25;-4.333333333333333;-3.3636363636363638;-1.5714285714285714;-3.074251624587195;1.8900580380314256;-2.75;-0.8571428571428571;-1.9049635672915242;-2.5833333333333335;0.49931337544630605;-5.357575757575759;-4.384615384615385;4.188346987213843;0.33333333333333326;-1.0909090909090908;0.6470588235294118;0.6583097094259389;0.18139534883720929;-2.0;-2.0;1.0;-0.2;-0.2;-0.5941710355713399;0.5063291139240507;-0.2;-0.6923625981441827;-7.666666666666667;-3.8333333333333335;3.9996873045653536;-4.4;0.03095311063438555
0.6470588235294118;0.7321428571428571;0.3764478764478764;0.6470588235294117;-3.3166666666666664;-1.0654205607476634;0.1864406779661017;-3.9245283018867925;-3.875;0.794370602032838;1.385;1.4571428571428573;0.9656862745098039;0.0256481739615273;3;0.7650943396226414;0.16666666666666666;0.32800000000000007;0.496;0.10714285714285714;0.125;0.10714285714285714;0.08928571428571427;0.10714285714285714;0.27636363636363637;-3.259259259259259;0.2;0.16666666666666666;0.25;-4.0;-5.125;-3.75;-0.7777777777777778;-1.3636363636363635;-0.2222222222222222;1.5600535296085651;0.21424665705622126;0.09028161802355382;0.11479303765429698;0.7741098586509216;-0.03385715691742386;0.3698630136986301;1.155;0.22540983606557374;0.6589285714285715;0.34615384615384615;5.914047902157295;0.11538461538461539;0.7321428571428571;0.21978846153846154;3.451901363923764;0.07692307692307693;0.7321428571428571;0.1349480968858131;1.6437363135241259;0.057692307692307696;0.7058823529411765;2.7699952673923325;0.7045848058632386;0.08033783611895497;5.551136363636364;0.0;-2.0572;2.4228047712109975;-0.3333333333333333;-1.3055295220243675;1.4518551731868625;-0.25;-5.666666666666667;-3.3636363636363638;-4.857142857142857;-3.5915627996164905;2.1123956023215213;-2.75;-0.8571428571428571;-2.5098088061281683;-2.5833333333333335;0.35786871738533377;-1.1393939393939396;3.346153846153846;2.8680805451343696;0.24961240310077515;0.8181818181818182;1.1764705882352942;0.8470942593905031;0.33488372093023255;0.0;2.0;1.0;7.0;3.6;3.6234286036416923;0.9367088607594938;7.0;6.212705210563883;-2.0;2.8333333333333335;2.9434021263289556;-5.6;0.023291449586270302
0.676470588235294;0.2857142857142857;0.4073359073359073;0.676470588235294;-2.983333333333333;-1.3925233644859814;0.2584745762711865;-4.327044025157233;-2.0;0.8123534010946052;1.396;1.2857142857142858;0.9730392156862745;0.02118762196821855;3;0.7877358490566037;0.22916666666666666;0.256;0.32800000000000007;0.7321428571428571;0.10714285714285714;0.125;0.14285714285714285;0.05357142857142857;0.28727272727272724;-4.148148148148148;-4.4;0.16666666666666666;-1.25;-4.0;-3.875;-5.125;-3.3333333333333335;0.0;-1.3333333333333333;-0.0234192037470724;0.07704926181836244;-0.10060419866871463;1.4117830302558314;0.7741098586509216;-0.16679242806994513;0.43835616438356156;0.0;0.32069672131147536;0.7678571428571428;0.40384615384615385;5.269577034143025;0.11538461538461539;0.7321428571428571;0.24175000000000002;3.451901363923764;0.07692307692307693;0.7321428571428571;0.15342242373622877;1.660348863550555;0.057692307692307696;0.7058823529411765;3.3726139769679753;1.4290458006214273;0.3604772443969573;0.5560064935064936;-5.75;-2.6572;2.6255138486420915;-0.3333333333333333;-1.6068416119962514;1.7468893621791282;-0.25;-4.888833333333333;-3.3636363636363638;-2.857142857142857;-4.109087035261532;1.7624687396781957;-2.75;-0.8571428571428571;-2.6699881671545125;-2.5833333333333335;0.2694314748695414;0.8727272727272728;1.5961538461538463;3.2358931169129472;0.6480620155038759;1.2727272727272727;0.23529411764705882;0.5895641389085754;0.45581395348837206;0.0;0.0;1.0;-5.0;-6.0;5.870905913523873;0.6329113924050633;-5.0;5.535688793718772;1.0;1.5;3.3417761100687935;-0.4;0.019307385841250385
0.7058823529411764;0.375;0.44787644787644787;0.7058823529411765;-2.316666666666667;-1.691588785046729;0.3516949152542373;-4.251572327044025;0.5;0.8295543393275995;1.389;0.8714285714285716;0.9803921568627451;0.015333147476999542;3;0.789622641509434;0.3177083333333333;0.352;0.256;0.2857142857142857;0.7321428571428571;0.10714285714285714;0.07142857142857142;0.17857142857142855;0.3236363636363636;-3.7037037037037037;-5.6;-3.6666666666666665;-4.25;-0.5;-2.0;-3.875;-4.555555555555555;0.09090909090909091;0.3333333333333333;1.677149548343928;-0.3599940348958591;-0.11567844342037853;2.1876095167633665;1.5577920916085166;0.24592369016764554;0.43835616438356156;0.0;0.32069672131147536;0.7678571428571428;0.5;3.639205028027857;0.3076923076923077;0.7321428571428571;0.2884615384615385;3.3503748532201243;0.11538461538461539;0.7321428571428571;0.1690331304935767;1.8068413501472478;0.057692307692307696;0.7058823529411765;1.6619340589998421;2.057209269229857;0.6973466636139305;0.9784902597402599;-5.25;-2.7714;2.687512635622346;-0.3333333333333333;-1.9414245548266167;1.8206479094271941;-0.25;-2.3888333333333334;-2.4545454545454546;0.0;-4.04815169915841;1.8526872080403907;-2.75;-0.5714285714285714;-2.741234352618796;-2.5833333333333335;0.20379016753639118;1.6000000000000003;0.5769230769230769;1.0115611362070287;0.8232558139534882;1.7272727272727273;0.23529411764705882;-0.18967044649184975;0.5023255813953489;0.0;0.0;0.0;1.0;3.0;5.826033034556625;0.25316455696202533;1.0;3.822983583154889;1.6666666666666667;0.3333333333333333;1.0450281425891181;1.8;0.017468587189702733
0.7352941176470588;0.10714285714285714;0.45945945945945943;0.7352941176470588;-0.9833333333333334;-1.8878504672897196;0.3898305084745763;-3.9748427672955975;1.375;0.8475371383893666;1.388;0.5285714285714286;0.9852941176470588;0.013660440479508651;3;0.8330188679245282;0.43229166666666663;0.4880000000000001;0.352;0.375;0.2857142857142857;0.7321428571428571;0.14285714285714285;0.05357142857142857;0.33454545454545453;-2.962962962962963;-5.0;-4.666666666666667;-1.5;0.0;0.5;-2.0;-3.4444444444444446;-1.1818181818181819;-1.5555555555555556;3.1512211441953832;0.44728339215588797;0.03137736815156192;1.6261049024570697;2.5110932188226873;0.5823955906958437;0.43835616438356156;0.0;0.22540983606557374;0.6589285714285715;0.2756346153846154;1.7397655851877014;0.11538461538461539;0.375;0.2829615384615385;3.4237196278565616;0.11538461538461539;0.7321428571428571;0.1733086743825319;1.766669183719701;0.07692307692307693;0.7058823529411765;0.9711310932323708;2.280448755959299;0.9264545015136482;2.660308441558442;-2.5;-2.8855999999999997;2.581575577869128;-0.3333333333333333;-2.1087160262417997;1.7468893621791282;-0.25;-0.0555;-1.0909090909090908;1.0;-3.3480345158197506;2.547633652621149;-2.75;0.42857142857142855;-2.3852525378339666;-2.5833333333333335;0.2183466080747048;2.981818181818183;1.0961538461538463;0.5723910879718245;0.9581395348837208;0.5454545454545454;-0.8235294117647058;-0.05173635719347977;0.46511627906976744;0.0;0.0;0.0;-3.0;-2.0;2.505665482834432;0.379746835443038;-3.0;1.8276231263383298;3.6666666666666665;1.0;0.5146966854283929;3.4;0.01869445295740116
0.7647058823529411;0.07142857142857142;0.4671814671814672;0.7466063348416289;0.016666666666666666;-1.9906542056074767;0.2838983050847458;-4.377358490566038;-2.0;0.8639562157935887;1.42;0.6857142857142858;0.9901960784313726;0.012545302481181686;3;0.8452830188679245;0.4791666666666666;0.664;0.4880000000000001;0.10714285714285714;0.375;0.2857142857142857;0.10714285714285714;0.08928571428571427;0.3527272727272727;-1.3333333333333333;-4.0;-4.166666666666667;0.0;-1.0;1.375;0.5;-1.7777777777777777;-0.7272727272727273;-0.4444444444444444;3.5797925727668116;1.7005517721330217;0.2583102918586791;1.1142868268369615;2.543657183753802;0.5745218332731867;0.43835616438356156;0.0;0.0;0.42321428571428554;0.19871153846153847;2.301681671479531;0.07692307692307693;0.375;0.27748076923076925;3.5111552705266007;0.07692307692307693;0.7321428571428571;0.17187686433599808;1.7802612701049612;0.07692307692307693;0.7058823529411765;-0.4713677236157123;2.1147031616897127;1.069169910198682;3.4038149350649354;-0.25;-2.9142;2.5252375497001145;-0.3333333333333333;-2.092080599812559;1.7603407689720882;-0.25;-0.0555;-1.0909090909090908;1.0;-3.6220304676680515;2.476100599254471;-2.75;0.42857142857142855;-2.687675157252289;-2.5833333333333335;0.38862949739082675;2.2545454545454553;-0.5769230769230769;0.09218283439246618;1.0;-2.5454545454545454;-2.0588235294117645;1.517363571934798;0.24651162790697673;0.0;0.0;0.0;-0.4;1.3;1.349794238683127;0.2911392405063291;-0.4;2.417915774446824;3.0;-0.3333333333333333;0.1682301438399;4.2;0.01869445295740116
0.7941176470588235;0.08928571428571427;0.4768339768339768;0.7941176470588235;-0.65;-2.102803738317757;0.4957627118644068;-3.5220125786163523;4.125;0.8795934323690382;1.404;0.1714285714285714;0.9926470588235294;0.011151379983272314;3;0.860377358490566;0.3489583333333333;0.7360000000000001;0.664;0.07142857142857142;0.10714285714285714;0.375;0.125;0.07142857142857142;0.36727272727272725;0.0;-1.8;-3.3333333333333335;0.0;-2.0;-2.0;1.375;0.4444444444444444;-2.8181818181818183;-1.0;1.3663432586149216;2.5088233832082323;0.3936507936507939;3.0360188466181226;3.739577741993201;1.3557297988911128;0.43835616438356156;0.0;-0.7745901639344263;0.0142857142857143;0.09615384615384616;-0.515372855444199;0.07692307692307693;0.10714285714285714;0.27198076923076925;3.585945262397254;0.07692307692307693;0.7321428571428571;0.1733086743825319;1.766669183719701;0.07692307692307693;0.7058823529411765;-0.5540306041962455;1.5772396290410566;1.1414688748123838;1.1984577922077924;-0.25;-3.0286;2.307702675382438;-0.6666666666666666;-2.092080599812559;1.7603407689720882;-0.25;1.5555;-1.0909090909090908;4.142857142857143;-1.7044849259614359;3.719907516632851;-2.75;3.5714285714285716;-2.029519835585726;-2.5833333333333335;0.1820928316396595;-0.5090909090909093;-2.1923076923076925;1.5456703162085603;0.7767441860465116;4.2727272727272725;4.352941176470588;2.6942771084337354;0.43720930232558136;0.0;0.0;0.0;0.2;0.3;0.9790856305315969;0.4936708860759494;0.2;-0.5413990007137758;-1.0;-2.0;1.5806754221388366;1.4;0.013790989886607402
0.8235294117647058;0.05357142857142857;0.4826254826254826;0.823529411764706;-0.65;-2.2616822429906542;0.44491525423728817;-3.018867924528302;2.5;0.8983580922595777;1.404;-0.17142857142857149;0.9950980392156863;0.010315026484526868;3;0.8650943396226413;0.609375;0.536;0.7360000000000001;0.08928571428571427;0.07142857142857142;0.10714285714285714;0.10714285714285714;0.1607142857142857;0.39999999999999997;-0.4444444444444444;0.0;-1.5;-5.75;0.5;4.125;-2.0;1.2222222222222223;-3.8181818181818183;0.0;-0.23218467714954832;2.603469702241885;0.5658576548899132;3.207663252988591;3.1375022365360525;1.6979757881959257;0.43835616438356156;0.0;-0.7745901639344263;-0.005357142857143061;0.07692307692307693;-0.515372855444199;0.057692307692307696;0.08928571428571427;0.26373076923076927;3.710595248848342;0.057692307692307696;0.7321428571428571;0.16477747285526784;1.824964131994261;0.057692307692307696;0.7058823529411765;-0.6278592837987065;0.34178506202414544;1.165432852527411;0.18344155844155843;-0.25;-2.5141999999999998;2.3794056203248193;-0.6666666666666666;-2.1925960637300848;1.6814258491200538;-0.25;2.0555;-1.0909090909090908;4.142857142857143;0.15212527964205816;3.1753880998442883;-1.9166666666666667;3.5714285714285716;-1.7624711963629571;-2.5833333333333335;0.23098049986267516;0.19393939393939394;0.5576923076923077;1.0336115151979177;0.6449612403100775;-1.3636363636363635;-3.7058823529411766;2.9179659815733525;0.4976744186046511;0.0;0.0;0.0;-0.4;-0.3;-0.5481706973335587;0.4936708860759494;-0.4;-0.5413990007137758;-0.3333333333333333;0.3333333333333333;1.2232645403377111;-0.6;0.01624272142200428
0.8529411764705882;0.14285714285714285;0.498069498069498;0.8529411764705882;0.016666666666666666;-2.364485981308411;0.3177966101694915;-3.2955974842767297;-1.375;0.9147771696637998;1.433;-0.0571428571428572;0.9975490196078431;0.00808475048787205;3;0.9056603773584905;0.546875;0.936;0.536;0.05357142857142857;0.08928571428571427;0.07142857142857142;0.7321428571428571;0.08928571428571427;0.41818181818181815;-0.5925925925925926;-0.6;0.0;-7.25;0.5;2.5;4.125;-1.7777777777777777;-2.909090909090909;-2.111111111111111;0.7273335563733692;2.238405328826366;0.758381976446493;2.5115844398582614;2.1729289676149577;1.5878744135691092;0.43835616438356156;0.0;-0.7745901639344263;-0.06428571428571435;0.10255769230769232;0.0;0.057692307692307696;0.14285714285714285;0.17307692307692307;1.1821876975882937;0.057692307692307696;0.375;0.1690331304935767;1.8001963301366761;0.057692307692307696;0.7058823529411765;-0.36835463006783414;-0.14672327506463317;1.1512885089928513;0.18344155844155843;-0.25;-1.7142;1.9933957813868854;-0.6666666666666666;-2.2258669165885663;1.647124761798005;-0.5;2.3333333333333335;-0.6363636363636364;4.142857142857143;0.760839458826036;2.4774217902137496;-0.6666666666666666;3.5714285714285716;-1.7091611135330387;-2.5833333333333335;0.39357319417742387;0.896969696969697;0.5576923076923077;0.10718934231682112;0.7348837209302326;-3.0;-1.1176470588235294;3.085311835577605;0.1255813953488372;0.0;0.0;0.0;1.0;0.7;-0.14679519702350755;0.5443037974683544;1.0;0.0;1.3333333333333333;0.8333333333333334;0.3405253283302064;0.8;0.01624272142200428
0.8823529411764706;0.08928571428571427;0.5077220077220078;0.8823529411764706;0.016666666666666666;-2.439252336448598;0.3389830508474576;-3.4716981132075473;-0.875;0.9304143862392493;1.459;0.0285714285714286;1.0;0.006690827989963566;3;0.9103773584905658;0.39062499999999994;0.8400000000000001;0.936;0.14285714285714285;0.05357142857142857;0.08928571428571427;0.2857142857142857;0.14285714285714285;0.44727272727272727;0.0;-0.8;-0.5;-6.5;-2.5;-1.375;2.5;3.6666666666666665;-1.5454545454545454;-0.4444444444444444;0.7273335563733692;1.5764776060048717;0.8935586277521764;1.6455745492776765;1.6765968867418144;1.5983727567993178;0.43835616438356156;0.0;-0.7745901639344263;-0.16428571428571445;0.10255769230769232;0.0;0.057692307692307696;0.14285714285714285;0.14286538461538462;0.9498690271881489;0.057692307692307696;0.375;0.16477747285526784;1.824964131994261;0.057692307692307696;0.7058823529411765;-0.23095125414103176;-0.5513626337136216;1.0991376020758603;0.41233766233766234;0.0;-0.9714;1.304400566075881;-0.3333333333333333;-2.142221180880975;1.711243134177783;-0.5;0.11116666666666668;-0.6363636363636364;2.2857142857142856;1.034835410674337;2.2352663615344692;-0.6666666666666666;3.5714285714285716;-1.8514043719250173;-2.5833333333333335;0.3809393023894535;0.19393939393939394;-0.5576923076923077;-0.26827961105581505;0.7348837209302326;0.18181818181818182;2.0;0.9178773919206236;0.20465116279069767;0.0;0.0;0.0;-0.6;-0.8;0.04419640340492693;0.5316455696202532;-0.6;0.0;0.3333333333333333;-0.5;0.0;1.2;0.01195219123505975
0.9117647058823529;0.1607142857142857;0.5250965250965252;0.9117647058823529;0.016666666666666666;-2.560747663551402;0.3728813559322034;-3.4465408805031448;0.0;0.9483971853010165;1.479;-0.0142857142857143;1.0;0.004181767493727229;3;0.9018867924528301;0.41666666666666663;0.6000000000000001;0.8400000000000001;0.08928571428571427;0.14285714285714285;0.05357142857142857;0.375;0.07142857142857142;0.4618181818181818;0.14814814814814814;0.0;-0.6666666666666666;-5.25;-8.5;-0.875;-1.375;2.2222222222222223;0.2727272727272727;-0.3333333333333333;0.22616259618601545;0.7984291892429288;0.9075678443420381;0.1633892761185313;1.648505993916622;1.6537515173386703;0.43835616438356156;0.0;-0.7745901639344263;-0.31785714285714295;0.14101923076923079;-0.14778325123152708;0.09615384615384616;0.1607142857142857;0.1098846153846154;-0.5134134224550628;0.057692307692307696;0.1607142857142857;0.17187686433599808;1.7826776410178966;0.057692307692307696;0.7058823529411765;-0.1460798233159806;-0.44149806693389615;1.0020605968098906;-0.2556818181818181;0.25;-0.34280000000000005;0.3248197317878563;0.0;-1.8411433926897847;1.7565295370474163;-0.25;-1.0;-0.6363636363636364;-0.5714285714285714;0.9131777990838392;2.2535742933987635;-0.6666666666666666;3.5714285714285716;-1.887027464657159;-2.5833333333333335;0.3537489700631695;0.19393939393939394;-0.0;-0.26827961105581505;0.6899224806201549;0.45454545454545453;0.11764705882352941;1.2390148830616583;0.38139534883720927;0.0;0.0;0.0;0.8;0.7;0.04419640340492693;0.5189873417721519;0.8;-0.15524625267665954;0.3333333333333333;0.0;-0.2454659161976235;0.6;0.007968127490039861
0.9411764705882353;0.25;0.5521235521235521;0.9411764705882352;0.016666666666666666;-2.7009345794392523;0.38135593220338987;-3.4213836477987423;0.125;0.965598123534011;1.498;-0.0571428571428572;1.0;0.0002787844995815192;3;0.9245283018867924;0.4583333333333333;0.64;0.6000000000000001;0.1607142857142857;0.08928571428571427;0.14285714285714285;0.10714285714285714;0.14285714285714285;0.4909090909090909;0.2962962962962963;0.2;0.0;-2.5;-3.0;0.0;-0.875;-1.2222222222222223;0.9090909090909091;-1.8888888888888888;-0.2174640347942454;0.35124521548938725;0.9562314388120843;-0.033643549706008365;1.6415280014313829;1.6422033397854403;0.43835616438356156;0.0;-0.7745901639344263;-0.542857142857143;0.17948076923076925;0.6767453711567861;0.09615384615384616;0.25;0.13186538461538463;0.08888085990425434;0.057692307692307696;0.25;0.18040806586326213;1.7887185683002342;0.057692307692307696;0.7058823529411765;0.5630225587632117;-0.12613552809468462;0.9021343712635781;-0.2556818181818181;0.25;-0.08559999999999998;-0.12157153446997776;0.0;-1.7572633552014996;1.7975563277659459;-0.25;-0.3333333333333333;-0.2727272727272727;-0.42857142857142855;0.6087141791839779;2.210352474873779;-0.6666666666666666;3.5714285714285716;-1.6558510307031202;-2.5833333333333335;0.35182642131282627;-0.484848484848485;-0.5384615384615384;-0.2857361610902687;0.6465116279069767;-0.09090909090909091;-0.4117647058823529;-0.36684975194897235;0.3674418604651163;0.0;0.0;0.0;1.0;0.1;0.04419640340492693;0.620253164556962;1.0;0.7109207708779445;-0.6666666666666666;-0.5;-0.2454659161976235;0.0;0.00520992951271837
0.9705882352941176;0.017857142857142856;0.5540540540540541;0.9705882352941175;0.016666666666666666;-2.7570093457943927;0.3728813559322034;-3.49685534591195;-0.25;0.9827990617670055;1.518;-0.0857142857142857;0.9975490196078431;0.0;3;0.9481132075471698;0.46874999999999994;0.7040000000000001;0.64;0.25;0.1607142857142857;0.08928571428571427;0.07142857142857142;0.10714285714285714;0.5127272727272728;0.0;0.4;0.16666666666666666;-0.25;0.0;0.125;0.0;-0.7777777777777778;-1.5454545454545454;-1.3333333333333333;-0.2174640347942454;0.3540289307550828;1.0636354326676911;-0.6780109808808068;1.1358919305779207;1.6422033397854403;0.43835616438356156;0.0;-0.7745901639344263;-0.8839285714285715;0.15384615384615385;1.3725157125870562;0.019230769230769232;0.25;0.1236346153846154;0.27314605726673297;0.019230769230769232;0.25;0.1733086743825319;1.8693649475194443;0.019230769230769232;0.7058823529411765;0.05758005994636353;-0.0552643438248618;0.710117275941896;-0.19277597402597396;0.25;-0.08559999999999998;-0.12157153446997776;0.0;-1.7741330834114342;1.7850016814258494;-0.25;-0.0555;0.18181818181818182;-0.42857142857142855;1.034835410674337;1.871372623035908;-0.25;3.5714285714285716;-1.5666687426044716;-2.5833333333333335;0.37791815435319975;0.19393939393939394;0.5384615384615384;-0.2857361610902687;0.6465116279069767;-0.45454545454545453;-0.29411764705882354;-0.1867469879518072;0.3209302325581395;0.0;0.0;0.0;-2.6;-1.8;1.3423530074976038;0.40506329113924056;-2.6;1.4418272662384015;0.0;0.3333333333333333;-0.30925578486554095;-0.2;0.0027581979773214915
0.9999999999999999;0.0;0.5540540540540541;0.9999999999999999;0.016666666666666666;-2.9626168224299065;1.0;0.1761006289308176;18.25;1.0;1.444;-1.4571428571428573;0.9950980392156863;0.0;3;0.9999999999999999;0.4583333333333333;0.7200000000000001;0.7040000000000001;0.017857142857142856;0.25;0.1607142857142857;0.08928571428571427;0.125;0.5381818181818182;0.0;0.0;0.3333333333333333;-1.0;0.0;-0.25;0.125;0.0;2.909090909090909;-3.888888888888889;0.20943459350953508;0.21504200427499134;1.1682539682539685;12.362135430863287;8.710055466094113;4.675699616154326;0.43835616438356156;0.0;-0.7745901639344263;-1.8392857142857144;0.09615384615384616;1.798199422456259;0.0;0.25;0.1098846153846154;0.5051034233583234;0.0;0.25;0.16336554905938033;1.9726648040474215;0.0;0.7058823529411765;-1.174317715728033;-0.13562296909466084;0.41674934493373006;-0.42735389610389607;0.0;0.028600000000000004;-0.18464856122380213;0.0;-1.7741330834114342;1.7850016814258494;-0.25;8.0555;0.18181818181818182;20.285714285714285;4.47427293064877;9.454442504600577;-0.25;19.714285714285715;1.5649249548483528;-2.5833333333333335;0.0642680582257622;0.16969696969696976;-0.019230769230769232;-0.29431130847561443;0.6883720930232557;13.181818181818182;8.764705882352942;6.939227498228207;1.0;0.0;0.0;0.0;-0.2;1.2;1.127910254242065;0.32911392405063294;-0.2;1.8890078515346178;0.3333333333333333;0.16666666666666666;-0.30925578486554095;0.4;0.0
0.0;0.375;0.0250965250965251;0.0;0.016666666666666666;0.32710280373831774;0.046610169491525424;-0.1509433962264151;1.0;0.0;0.318;0.7285714285714286;0.0;0.7175913019236129;4;0.05943396226415096;0.057291666666666664;0.088;0.088;0.375;0.375;0.375;0.375;0.375;0.04727272727272728;0.14814814814814814;0.2;0.16666666666666666;0.0;0.0;1.0;1.0;0.8888888888888888;0.6363636363636364;0.3333333333333333;-1.1227835396453663;-1.8117015459561567;-1.4303328213005628;0.1333281414275145;-0.3212560386473429;-0.7410518027623766;0.1506849315068493;0.0;-0.7745901639344263;-1.8392857142857144;0.40384615384615385;0.10565653134024117;0.40384615384615385;0.375;0.40384615384615385;-0.264113449552886;0.40384615384615385;0.375;0.3835262299646024;-0.4035339424601676;0.40384615384615385;0.3137254901960784;1.5234264079507809;0.08875501055477822;-0.6093261085247652;1.3474025974025976;0.0;0.2286;0.6334658669721679;-0.3333333333333333;0.2509372071227741;0.41744199080820543;-0.5;1.3333333333333333;1.0909090909090908;0.5714285714285714;1.7044849259614359;0.48978436276128895;1.3333333333333333;0.0;1.9385937597309586;1.5;0.06234550947541889;-1.8181818181818186;0.4807692307692307;-0.23949161626215448;0.4713178294573643;-1.0909090909090908;0.7647058823529411;0.244330262225372;0.3023255813953488;0.0;0.0;0.0;0.8;-1.2;0.9745757934494612;0.4556962025316456;-1.6;1.1206281227694503;-2.3333333333333335;0.5;-0.12382739212007501;-2.0;0.7618755746245786
0.029411764705882353;0.4464285714285714;0.07335907335907337;0.029411764705882353;-0.9833333333333334;0.2616822429906542;0.008474576271186439;-0.25157232704402516;-0.5;0.17826426896012515;0.479;-0.2285714285714287;0.0;0.7106216894340669;4;0.05943396226415096;0.057291666666666664;0.088;0.088;0.375;0.375;0.375;0.375;0.375;0.04727272727272728;0.14814814814814814;0.2;0.16666666666666666;0.0;0.0;1.0;1.0;0.8888888888888888;0.6363636363636364;0.3333333333333333;-1.1227835396453663;-1.8117015459561567;-1.4303328213005628;0.1333281414275145;-0.3212560386473429;-0.7410518027623766;0.0273972602739726;0.0;-0.7745901639344263;-1.8392857142857144;0.44230769230769235;0.10565653134024117;0.40384615384615385;0.4464285714285714;0.44230769230769235;-0.264113449552886;0.40384615384615385;0.4464285714285714;0.42329873125720874;-0.4035339424601676;0.40384615384615385;0.39215686274509803;1.5234264079507809;0.08875501055477822;-0.6093261085247652;1.3474025974025976;0.0;-0.47140000000000004;0.6334658669721679;-0.3333333333333333;-0.5691190253045924;0.41744199080820543;-0.5;0.3333333333333333;0.0;0.5714285714285714;0.42612123149035896;0.48978436276128895;0.3333333333333333;0.0;0.4439185402005356;0.5;0.16094479538588302;-1.8181818181818186;0.4807692307692307;-0.23949161626215448;0.4713178294573643;-1.0909090909090908;0.7647058823529411;0.244330262225372;0.3023255813953488;0.0;0.0;0.0;0.8;-1.2;0.9745757934494612;0.4556962025316456;-1.6;1.1206281227694503;-2.3333333333333335;0.5;-0.12382739212007501;-2.0;0.7618755746245786
0.0588235294117647;0.30357142857142855;0.10617760617760619;0.058823529411764705;-1.3166666666666667;0.1588785046728972;0.029661016949152547;-0.3270440251572327;-0.25;0.30492572322126654;0.554;-1.4714285714285718;0.0;0.7058823529411757;4;0.05943396226415096;0.010416666666666664;0.088;0.088;0.4464285714285714;0.375;0.375;0.375;0.375;0.04727272727272728;-0.8888888888888888;0.2;0.16666666666666666;0.0;0.0;-0.5;1.0;0.8888888888888888;0.6363636363636364;0.3333333333333333;-1.231515557042489;-1.8763235074812352;-1.4569585253456216;-0.15560141739028852;-0.653157988906781;-0.9844821364128474;0.0273972602739726;0.0;-0.7745901639344263;-1.8392857142857144;0.40384615384615385;0.503821980635298;0.3269230769230769;0.4464285714285714;0.40384615384615385;0.1593352000722608;0.3269230769230769;0.4464285714285714;0.3835262299646024;-0.049535603715170184;0.3269230769230769;0.39215686274509803;2.0675185360466948;0.41597685064395995;-0.43384466661578774;1.5982142857142856;0.0;-0.9714;0.8000539119886783;-0.3333333333333333;-1.1548734770384257;0.5559914807756977;-0.5;0.11116666666666668;0.0;0.5714285714285714;0.14211143070203472;0.1017317038644835;0.3333333333333333;0.0;0.11185152892819333;0.5;0.07278220269156827;-1.2121212121212124;0.4807692307692307;-0.23949161626215448;0.4713178294573643;0.18181818181818182;0.7647058823529411;0.244330262225372;0.3023255813953488;0.0;0.0;0.0;-1.6;-1.2;0.9745757934494612;0.4556962025316456;-1.6;1.1206281227694503;-1.3333333333333333;0.5;-0.12382739212007501;-2.0;0.4379405455102666
0.08823529411764705;0.21428571428571427;0.12934362934362936;0.08823529411764705;-1.3166666666666667;0.06542056074766354;0.004237288135593223;-0.6037735849056604;-1.5;0.3948397185301016;0.691;-1.1571428571428575;0.0;0.702536938946194;4;0.05943396226415096;0.036458333333333336;0.016000000000000014;0.088;0.30357142857142855;0.4464285714285714;0.375;0.375;0.375;0.04727272727272728;-1.4814814814814814;-1.2;0.16666666666666666;0.0;0.0;-0.25;-0.5;0.8888888888888888;0.6363636363636364;0.3333333333333333;-0.7293409166945466;-1.6786797236168418;-1.3755248335893493;-0.3571512012772089;-0.6286455537663266;-0.9665037236311146;0.0136986301369863;0.0;-0.7745901639344263;-1.8392857142857144;0.34615384615384615;1.3725157125870562;0.23076923076923078;0.4464285714285714;0.3605769230769231;0.7229699214163126;0.23076923076923078;0.4464285714285714;0.3387821660104203;0.4216567243071811;0.23076923076923078;0.39215686274509803;1.033443760845559;0.6330495007234173;-0.3174336665903483;0.18344155844155843;-1.75;-1.1714;0.6380483860098387;-0.3333333333333333;-1.389175257731959;0.4212532227328774;-0.5;-1.0;-0.7272727272727273;-0.8571428571428571;-0.5326515393629487;0.4409002972679659;-0.3333333333333333;0.0;-0.6770878744472816;-0.16666666666666666;0.30403735237572105;0.024242424242424163;0.9807692307692306;0.40517571395758384;0.5891472868217054;-0.8181818181818182;-0.7058823529411765;0.020375620127569136;0.31627906976744186;0.0;0.0;0.0;-1.0;0.3;0.4694740402502958;0.3417721518987342;-1.0;1.4418272662384015;0.3333333333333333;0.8333333333333334;0.4765478424015011;-0.4;0.3512105424456021
0.11764705882352941;0.19642857142857142;0.15057915057915058;0.11764705882352941;-1.6500000000000001;-0.056074766355140186;0.033898305084745756;-0.8050314465408805;-1.0;0.46364347146207974;0.773;-1.2428571428571429;0.0;0.6994703094507937;4;0.05943396226415096;0.005208333333333336;0.05600000000000002;0.016000000000000014;0.21428571428571427;0.30357142857142855;0.4464285714285714;0.375;0.375;0.04727272727272728;-1.3333333333333333;-2.0;-1.0;0.0;0.0;-1.5;-0.25;-0.4444444444444444;0.6363636363636364;0.3333333333333333;-0.41853462696554017;-1.5050951931202468;-1.3040040962621604;-0.2682138546006776;-0.7071926999463231;-1.0241133821068864;0.0136986301369863;0.0;-0.7745901639344263;-1.8392857142857144;0.25640384615384615;0.23713266519449627;0.21153846153846156;0.30357142857142855;0.33076923076923076;0.8577364285069097;0.21153846153846156;0.4464285714285714;0.30795847750865046;0.5343200181227818;0.21153846153846156;0.39215686274509803;0.5494557501183149;0.8354166172529113;-0.20890890126942946;-0.42735389610389607;-2.5;-1.3314;0.5547543635015837;-0.3333333333333333;-1.5766166822867855;0.3519784777491313;-0.5;-1.2221666666666666;-0.7272727272727273;-0.8571428571428571;-0.7670182166826462;0.3108573585617892;-0.3333333333333333;0.0;-0.9511116646945259;-0.16666666666666666;0.17055753913759963;-0.6060606060606062;-0.5;0.0;0.627906976744186;0.36363636363636365;0.7058823529411765;-0.012491141034727146;0.3255813953488372;0.0;0.0;0.0;-0.2;0.4;-0.14679519702350755;0.43037974683544306;-0.2;0.24910778015703067;-0.3333333333333333;-0.3333333333333333;0.0;0.2;0.2414955562365921
0.14705882352941174;0.21428571428571427;0.17374517374517376;0.14705882352941177;-1.9833333333333334;-0.205607476635514;0.033898305084745756;-1.0817610062893082;-1.375;0.5144644253322908;0.831;-1.342857142857143;0.0;0.6961248954558119;4;0.05943396226415096;0.041666666666666664;0.008000000000000007;0.05600000000000002;0.19642857142857142;0.21428571428571427;0.30357142857142855;0.375;0.375;0.04727272727272728;-1.4814814814814814;-1.8;-1.6666666666666667;0.0;0.0;-1.0;-1.5;-0.2222222222222222;0.6363636363636364;0.3333333333333333;-1.231515557042489;-1.4679127106427403;-1.2886840757808495;-0.2284957750866399;-0.7676686348183932;-1.0684688822545194;0.0136986301369863;0.0;-0.7745901639344263;-1.8392857142857144;0.22436538461538463;-0.6590793273314081;0.21153846153846156;0.21428571428571427;0.31409615384615386;0.778972089242164;0.21153846153846156;0.4464285714285714;0.2907170981983056;0.4684739107452994;0.21153846153846156;0.39215686274509803;0.5494557501183149;1.0717487725623207;-0.08216947772774674;0.41233766233766234;-2.5;-1.5714000000000001;0.6736302985376372;-0.3333333333333333;-1.8577788191190254;0.4508463176773905;-0.5;-1.7221666666666666;-0.7272727272727273;-1.7142857142857142;-1.0297219558964525;0.2825461237200961;-0.3333333333333333;0.0;-1.258267422308028;-0.16666666666666666;0.17055753913759963;-1.2121212121212124;-0.4807692307692307;0.0;0.5488372093023255;-0.2727272727272727;-0.47058823529411764;-0.056254429482636405;0.35348837209302325;0.0;0.0;0.0;0.2;0.2;-0.24984497435030156;0.5063291139240507;0.2;-0.6923625981441827;-1.3333333333333333;-0.5;0.0;-0.8;0.1946061906221269
0.1764705882352941;0.19642857142857142;0.19498069498069498;0.13122171945701358;-0.9833333333333334;-0.2523364485981308;0.05932203389830508;-1.2327044025157232;-1.0;0.5535574667709147;0.921;-0.7714285714285715;0.6617647058823529;0.6930582659604125;4;0.05943396226415096;0.041666666666666664;0.064;0.008000000000000007;0.21428571428571427;0.19642857142857142;0.21428571428571427;0.375;0.375;0.04727272727272728;-2.074074074074074;-2.0;-1.5;0.0;0.0;-1.375;-1.0;-1.3333333333333333;0.6363636363636364;0.3333333333333333;0.7196386751421883;-0.7769548143361337;-1.0039938556067585;-0.3183676648105604;-0.6354446233673287;-0.9714904366654639;0.0136986301369863;0.0;-0.7745901639344263;-1.8392857142857144;0.2179423076923077;-0.6590793273314081;0.21153846153846156;0.21428571428571427;0.29944230769230773;0.7348929635985908;0.21153846153846156;0.4464285714285714;0.27556377520582265;0.43162425432303864;0.21153846153846156;0.39215686274509803;0.5494557501183149;1.3107374113517232;0.045994555954107195;0.7637987012987013;-2.0;-1.5428;0.5579890828222925;-0.3333333333333333;-1.82427366447985;0.35466875910772333;-0.5;-1.5;-0.6363636363636364;-1.7142857142857142;-1.1262384148290188;0.18100316142122394;-0.3333333333333333;0.0;-1.3711154013825746;-0.16666666666666666;0.23070585004119748;1.8424242424242427;2.423076923076923;1.2620779419646277;0.7054263565891472;0.2727272727272727;0.29411764705882354;-0.29721828490432317;0.34883720930232553;0.0;0.0;0.0;-0.2;-0.2;-0.6782794971531652;0.5063291139240507;-0.2;-0.6923625981441827;2.3333333333333335;1.8333333333333333;0.9909318323952471;0.8;0.16671774440698747
0.20588235294117646;0.21428571428571427;0.21814671814671815;0.20588235294117646;-0.9833333333333334;-0.3644859813084112;0.0635593220338983;-1.559748427672956;-1.375;0.5840500390930414;0.995;-0.2714285714285714;0.6568627450980392;0.6897128519654299;4;0.05943396226415096;0.07291666666666666;0.064;0.064;0.19642857142857142;0.21428571428571427;0.19642857142857142;0.375;0.375;0.04727272727272728;-1.037037037037037;-2.8;-1.6666666666666667;0.0;0.0;-1.0;-1.375;-0.8888888888888888;0.6363636363636364;0.3333333333333333;0.9933087989294079;-0.35860217726301136;-0.8612800819252429;-0.2682138546006776;-0.5051887636428698;-0.9116498802532725;0.0136986301369863;1.155;0.0;-0.5767857142857145;0.22436538461538463;-0.6590793273314081;0.21153846153846156;0.21428571428571427;0.2747307692307692;0.5766416764519916;0.21153846153846156;0.4464285714285714;0.26669450741757145;0.3521860605602961;0.21153846153846156;0.39215686274509803;0.5494557501183149;0.9054339318327366;0.1872344755653923;1.1075487012987013;-1.75;-1.7427999999999997;0.06846822562167261;-2.6666666666666665;-1.7699156513589505;0.28808429548256925;-0.5;-1.6666666666666667;-0.6363636363636364;-1.7142857142857142;-1.7044849259614359;-0.3971122540461475;-0.3333333333333333;-1.4285714285714286;-1.5489817525066951;-0.16666666666666666;0.2422411425432574;-0.6060606060606062;-1.942307692307692;1.2620779419646277;0.7441860465116279;-0.18181818181818182;-0.35294117647058826;-0.34780297661233167;0.35348837209302325;-2.0;-2.0;1.0;0.2;0.2;-0.6782794971531652;0.5063291139240507;0.2;-0.6923625981441827;0.3333333333333333;-1.0;0.9352720450281427;1.8;0.13086117070180817
0.23529411764705882;0.125;0.23166023166023167;0.2352941176470588;-1.3166666666666667;-0.4485981308411215;0.09322033898305083;-1.7610062893081762;-1.0;0.6082877247849882;1.041;-0.0571428571428572;0.6715686274509803;0.6877613604683575;4;0.05943396226415096;0.078125;0.11200000000000002;0.064;0.21428571428571427;0.19642857142857142;0.21428571428571427;0.4464285714285714;0.375;0.04727272727272728;-0.8888888888888888;-1.4;-2.3333333333333335;-1.75;0.0;-1.375;-1.0;-1.2222222222222223;-0.45454545454545453;0.3333333333333333;-0.41853462696554017;-0.08619575483421991;-0.719549411162314;-0.17896499357501658;-0.23895151189837172;-0.7112627538466586;0.0136986301369863;1.155;0.22540983606557374;-0.26428571428571435;0.19230769230769232;0.04382537795141837;0.13461538461538464;0.21428571428571427;0.22526923076923078;-0.227983018697498;0.13461538461538464;0.30357142857142855;0.24873722308395968;0.45609000981650705;0.13461538461538464;0.39215686274509803;0.25051269916390584;0.6841868077132895;0.29509781474980284;-0.04139610389610384;-1.75;-1.8285999999999998;-0.009973717905519217;-2.6666666666666665;-1.8057638238050613;0.2304674363860553;-0.5;-1.5;-0.6363636363636364;-1.7142857142857142;-1.8261425375519333;-0.4777049025621669;-0.3333333333333333;-1.4285714285714286;-1.6042847356293208;-0.16666666666666666;0.20021971985718212;0.024242424242424163;0.5;0.82505168057576;0.627906976744186;0.36363636363636365;0.29411764705882354;-0.34780297661233167;0.3581395348837209;0.0;2.0;1.0;-1.0;-0.6;-0.24984497435030156;0.4556962025316456;-1.0;0.046038543897216275;-1.0;-0.6666666666666666;0.786741713570982;-0.2;0.10603738890591477
0.2647058823529412;0.14285714285714285;0.24710424710424714;0.2647058823529411;-1.9833333333333334;-0.6355140186915887;0.11016949152542373;-1.9622641509433962;-1.0;0.6317435496481626;1.048;-0.3857142857142858;0.6887254901960784;0.6855310844717026;4;0.05943396226415096;0.11458333333333334;0.12000000000000002;0.11200000000000002;0.125;0.21428571428571427;0.19642857142857142;0.30357142857142855;0.375;0.04727272727272728;-1.3333333333333333;-1.2;-1.1666666666666667;-2.75;0.0;-1.0;-1.375;-0.8888888888888888;-0.2727272727272727;0.3333333333333333;-0.8611575777852124;-0.2673360839091316;-0.6807987711213515;0.009345430473891143;0.08561460010735379;-0.5187493848627014;0.0136986301369863;0.0;0.32069672131147536;-0.1142857142857144;0.17307692307692307;0.04382537795141837;0.13461538461538464;0.21428571428571427;0.20055769230769233;-0.5379821154367266;0.13461538461538464;0.21428571428571427;0.23636797518195912;0.46394321528354615;0.13461538461538464;0.39215686274509803;-0.08124309828048597;0.5420649415336448;0.3937520669566766;1.1984577922077924;-1.75;-1.9713999999999998;0.20675247658197987;-2.6666666666666665;-1.974929709465792;0.3172290102006502;-0.5;-1.5;-0.6363636363636364;-1.7142857142857142;-2.0089485458612977;-0.7694993629972163;-0.3333333333333333;-2.2857142857142856;-1.6486267671420567;-0.16666666666666666;0.14309255698983797;-1.8181818181818186;-1.4615384615384615;0.4021131613199603;0.5503875968992248;0.09090909090909091;-0.23529411764705882;-0.36684975194897235;0.37209302325581395;0.0;0.0;1.0;0.2;0.6;-0.15761880602063252;0.4556962025316456;0.2;0.046038543897216275;-2.0;-0.5;0.31113195747342093;-1.6;0.09255286546123201
0.29411764705882354;0.19642857142857142;0.2683397683397683;0.2941176470588235;-1.3166666666666667;-0.7289719626168224;0.10169491525423728;-2.339622641509434;-1.75;0.6473807662236122;1.104;0.1285714285714286;0.7083333333333334;0.6824644549763033;4;0.05943396226415096;0.13541666666666666;0.17600000000000002;0.12000000000000002;0.14285714285714285;0.125;0.21428571428571427;0.21428571428571427;0.375;0.04727272727272728;-2.2222222222222223;-1.8;-1.0;-2.5;0.0;-1.0;-1.0;-1.2222222222222223;-1.1818181818181819;0.3333333333333333;0.5175644028103047;0.0032808072774271765;-0.5107219662058369;-0.5463961683735058;-0.13410270173555186;-0.45589055477182494;0.0136986301369863;0.0;0.32069672131147536;-0.037500000000000235;0.16667307692307692;-0.14778325123152708;0.13461538461538464;0.19642857142857142;0.19780769230769232;-0.5719447204407913;0.13461538461538464;0.21428571428571427;0.23167482002943163;0.39266027335195974;0.13461538461538464;0.39215686274509803;0.2394699479413155;0.4533573681838667;0.5082805464397465;0.7443181818181819;-2.5;-1.9713999999999998;0.20675247658197987;-2.6666666666666665;-1.985473289597001;0.2661136643874006;-0.5;-1.6666666666666667;-0.9090909090909091;-1.7142857142857142;-2.069670821348674;-0.6662577266078424;-0.5;-2.2857142857142856;-1.8207635299246436;-0.3333333333333333;0.25899478165339196;1.8424242424242427;2.9038461538461537;1.5312763188117298;0.6666666666666666;-0.45454545454545453;-0.4117647058823529;-0.2266123316796598;0.3302325581395349;0.0;0.0;0.0;0.6;0.2;0.0;0.5569620253164558;0.6;-0.15524625267665954;2.0;2.0;1.1657285803627269;0.2;0.09040760036775972
0.32352941176470584;0.19642857142857142;0.28957528957528955;0.32352941176470584;-1.6500000000000001;-0.8785046728971962;0.13559322033898302;-2.6163522012578615;-1.375;0.6630179827990618;1.128;0.1857142857142857;0.7279411764705882;0.679397825480903;4;0.05943396226415096;0.125;0.208;0.17600000000000002;0.19642857142857142;0.14285714285714285;0.125;0.19642857142857142;0.375;0.04727272727272728;-1.3333333333333333;-3.0;-1.5;-2.75;0.0;-1.75;-1.0;-0.8888888888888888;-0.8181818181818182;0.3333333333333333;0.9933087989294079;0.03867375851270064;-0.3866052227342548;-0.2094933997897278;0.009751297190910875;-0.2784685541812933;0.0136986301369863;0.0;0.22540983606557374;0.0;0.19230769230769232;-0.26668931544080166;0.15384615384615385;0.19642857142857142;0.19780769230769232;-0.5719447204407913;0.13461538461538464;0.21428571428571427;0.2277572286521099;0.32923053688741216;0.13461538461538464;0.39215686274509803;0.46994794131566475;0.3997533265340006;0.6342059070441882;0.5560064935064936;-2.5;-2.0286;0.2291259518835501;-2.6666666666666665;-2.052952202436739;0.2484026454433359;-0.5;-1.8333333333333333;-0.9090909090909091;-1.7142857142857142;-2.161073825503356;-0.6836219506440808;-0.5;-2.2857142857142856;-1.9019742168524632;-0.3333333333333333;0.19774787146388362;-0.6060606060606062;-1.942307692307692;1.574764566265983;0.7441860465116279;0.45454545454545453;0.5294117647058824;-0.1867469879518072;0.34883720930232553;0.0;0.0;0.0;0.0;-0.3;-0.5941710355713399;0.5443037974683544;0.0;-0.2801570306923626;-1.0;-1.5;1.1657285803627269;0.8;0.0756972111553785
0.3529411764705882;0.17857142857142855;0.3088803088803089;0.35746606334841624;-0.31666666666666665;-0.9439252336448598;0.1694915254237288;-2.792452830188679;-0.625;0.6763096168881938;1.163;0.4428571428571429;0.7475490196078431;0.6766099804850843;4;0.05943396226415096;0.16666666666666666;0.19200000000000003;0.208;0.19642857142857142;0.19642857142857142;0.14285714285714285;0.21428571428571427;0.375;0.04727272727272728;-1.7777777777777777;-1.8;-2.5;-3.75;0.0;-1.375;-1.75;-0.8888888888888888;-1.0909090909090908;0.3333333333333333;1.4904650384744065;0.33295222945767267;-0.13042498719918036;0.3881468790156147;0.18223295759527666;-0.018109642072110486;0.0136986301369863;0.0;0.0;0.0142857142857143;0.2051346153846154;-0.6590793273314081;0.19230769230769232;0.19642857142857142;0.19230769230769232;-0.6261403667238731;0.13461538461538464;0.21428571428571427;0.2229049834944119;0.2848297213622292;0.13461538461538464;0.39215686274509803;0.3917021612241676;0.3921633737340197;0.7622681828588873;1.646103896103896;-0.5;-1.6572;0.5032684143136328;-1.0;-1.9119025304592316;0.33157717744647464;-0.5;-1.6666666666666667;-0.9090909090909091;-1.2857142857142858;-1.9784808778097367;-0.5590525173406315;-0.5;-1.8571428571428572;-1.85563928504702;-0.3333333333333333;0.22411425432573473;2.472727272727273;2.442307692307692;1.2737156419875968;0.7844961240310078;0.45454545454545453;-0.058823529411764705;-0.1211020552799433;0.3953488372093023;0.0;0.0;0.0;-0.2;-0.1;-0.4692485483961892;0.4936708860759494;-0.2;-0.6923625981441827;3.6666666666666665;2.3333333333333335;1.4315196998123825;1.8;0.0698743487588109
0.38235294117647056;0.2857142857142857;0.33976833976833976;0.38235294117647056;-2.983333333333333;-1.2149532710280373;0.1440677966101695;-3.1949685534591197;-2.0;0.6935105551211883;1.171;0.2428571428571429;0.767156862745098;0.6721494284917755;4;0.05943396226415096;0.20833333333333334;0.256;0.19200000000000003;0.17857142857142855;0.19642857142857142;0.19642857142857142;0.19642857142857142;0.375;0.04727272727272728;-0.14814814814814814;-2.4;-1.5;-2.0;0.0;-0.625;-1.375;-1.5555555555555556;-0.8181818181818182;0.3333333333333333;1.2121110739377718;0.11184570263955859;-0.11248335893497163;-0.2094933997897278;0.03658972982644502;0.04632393950329734;0.0136986301369863;0.0;-0.7745901639344263;0.0142857142857143;0.23717307692307693;0.23713266519449627;0.19230769230769232;0.2857142857142857;0.20603846153846156;-0.227983018697498;0.13461538461538464;0.2857142857142857;0.2272799586365986;0.24495960129879935;0.13461538461538464;0.39215686274509803;0.8035967818267864;0.5558217309836103;0.9274720801851993;3.4038149350649354;-0.5;-2.0572;1.0310667834759752;-1.0;-2.125585754451734;0.5539737697567538;-0.5;-1.7778333333333334;-1.0909090909090908;-1.2857142857142858;-2.222009161606477;-0.3982447034398152;-0.6666666666666666;-1.8571428571428572;-2.0115837329513613;-0.5;0.18264213128261475;-4.872727272727274;-5.826923076923077;3.879029170813874;0.5116279069767441;-0.8181818181818182;-0.8823529411764706;0.08345145287030477;0.3302325581395349;0.0;0.0;0.0;1.2;0.7;-0.08501042899825247;0.569620253164557;1.2;0.24910778015703067;-6.666666666666667;-5.166666666666667;4.067229518449031;-1.6;0.06159975482684646
0.4117647058823529;0.26785714285714285;0.3687258687258687;0.4117647058823529;-0.9833333333333334;-1.2897196261682242;0.19491525423728812;-3.3962264150943398;-1.0;0.7021110242376857;1.19;0.35714285714285715;0.7843137254901961;0.6679676609980483;4;0.05943396226415096;0.17708333333333334;0.32000000000000006;0.256;0.2857142857142857;0.17857142857142855;0.19642857142857142;0.21428571428571427;0.375;0.04727272727272728;-3.111111111111111;-0.2;-2.0;-1.75;0.0;-2.0;-0.625;-1.2222222222222223;-1.0909090909090908;0.3333333333333333;1.8136500501840083;0.44947059700750625;0.05538146441372263;0.07663252988590788;0.11352657004830934;0.30615793445096956;0.0136986301369863;1.155;0.0;0.42321428571428554;0.26282692307692307;0.23713266519449627;0.19230769230769232;0.2857142857142857;0.21428846153846157;-0.07984825219040739;0.13461538461538464;0.2857142857142857;0.21874875710933456;0.09544665106093807;0.13461538461538464;0.39215686274509803;1.1803123521060102;0.8409193330328979;0.8331425373324176;3.503652597402597;-0.5;-2.0856;1.0030325493631644;-1.0;-2.2593720712277414;0.38269252325972425;-1.0;-1.6111666666666666;-1.0909090909090908;-1.2857142857142858;-2.130606157451795;-0.38069173783796545;-0.6666666666666666;-1.8571428571428572;-2.2963193622719067;-0.5;0.2092831639659435;3.70909090909091;6.8076923076923075;5.0798560600260325;0.5906976744186045;0.8181818181818182;1.0;0.20473068745570516;0.34883720930232553;-2.0;-2.0;1.0;-0.2;-0.7;-0.027510006201025956;0.569620253164557;-0.2;0.24910778015703067;4.666666666666667;5.666666666666667;5.09912445278299;-1.0;0.05976095617529878
0.4411764705882353;0.3571428571428571;0.4073359073359073;0.4434389140271493;-1.3166666666666667;-1.3644859813084111;0.1864406779661017;-3.69811320754717;-1.625;0.7099296325254105;1.22;0.6428571428571429;0.8014705882352942;0.6623919710064117;4;0.2113207547169811;0.23958333333333334;0.272;0.32000000000000006;0.26785714285714285;0.2857142857142857;0.17857142857142855;0.125;0.4464285714285714;0.13818181818181818;-1.037037037037037;-4.2;-0.16666666666666666;-2.5;-3.5;-1.0;-2.0;-0.5555555555555556;-0.8181818181818182;-1.0;2.7811977249916358;0.7182979569518321;0.16614439324116761;0.14345235777423004;0.07022723206298086;0.352088186083134;0.0136986301369863;1.155;0.22540983606557374;0.6589285714285715;0.3269230769230769;0.04382537795141837;0.2884615384615385;0.3571428571428571;0.25;0.2182278023665432;0.15384615384615385;0.3571428571428571;0.21164936562860437;-0.1939137657630446;0.13461538461538464;0.29411764705882354;1.5046537308723773;1.206755057991983;0.8855987178508739;2.508116883116883;-2.0;-2.0572;1.0170496664195698;-1.0;-2.2928772258669166;0.36229122295706756;-1.0;-2.0555;-1.0909090909090908;-1.7142857142857142;-2.282731437093853;-0.3748407493040156;-0.6666666666666666;-1.8571428571428572;-2.4564987232982505;-0.5;0.24800878879428734;0.024242424242424163;-2.923076923076923;4.65783630656152;0.903875968992248;-0.45454545454545453;-0.8823529411764706;0.20473068745570516;0.3674418604651163;0.0;2.0;1.0;1.0;0.6;-0.08501042899825247;0.5569620253164558;1.0;0.046038543897216275;-0.3333333333333333;-2.5;4.540963101938712;2.8;0.05547042598835425
0.47058823529411764;0.26785714285714285;0.43629343629343625;0.47058823529411764;-1.3166666666666667;-1.4485981308411215;0.211864406779661;-3.949685534591195;-1.25;0.7177482408131353;1.24;0.7857142857142858;0.8186274509803921;0.6582102035126844;4;0.2820754716981132;0.22916666666666666;0.368;0.272;0.3571428571428571;0.26785714285714285;0.2857142857142857;0.14285714285714285;0.30357142857142855;0.2;-1.1851851851851851;-1.4;-3.5;-4.0;-5.5;-1.625;-1.0;-1.7777777777777777;-0.8181818181818182;-0.7777777777777778;-0.008029441284710613;0.5299995029079883;0.2311930363543269;-0.38207234920758537;0.1630882089819288;0.46783242019618804;0.0136986301369863;0.0;0.32069672131147536;0.7678571428571428;0.32051923076923083;0.12570069644980467;0.2884615384615385;0.3571428571428571;0.2692307692307693;0.0;0.19230769230769232;0.3571428571428571;0.208805631786183;-0.24435550857056548;0.13461538461538464;0.29411764705882354;1.5046537308723773;1.4583619933113539;0.9875601007402883;-0.2556818181818181;-2.0;-1.8855999999999997;0.9302513646472133;-1.0;-2.276241799437676;0.36363636363636365;-1.0;-1.7221666666666666;-0.8181818181818182;-1.7142857142857142;-2.3436667731969743;-0.40541688293304406;-0.6666666666666666;-1.8571428571428572;-2.598741981690229;-0.5;0.23125514968415273;0.024242424242424163;-0.0;1.9067452721843658;0.6682170542635658;0.2727272727272727;0.4117647058823529;-0.010364989369241672;0.3395348837209302;0.0;0.0;1.0;-1.0;-1.0;0.19617791307289023;0.5063291139240507;-1.0;0.13204853675945757;-0.3333333333333333;0.0;1.9208880550343967;-0.2;0.049341097149862095
0.5;0.21428571428571427;0.45945945945945943;0.5;-2.65;-1.6261682242990654;0.2754237288135593;-3.89937106918239;0.25;0.7255668491008601;1.221;0.37142857142857144;0.8406862745098039;0.6548647895177027;4;0.41132075471698104;0.26041666666666663;0.352;0.368;0.26785714285714285;0.3571428571428571;0.26785714285714285;0.19642857142857142;0.21428571428571427;0.24363636363636362;-1.3333333333333333;-1.6;-1.1666666666666667;-2.5;-5.0;-1.25;-1.625;-0.8888888888888888;-1.3636363636363635;-1.8888888888888888;-0.7387085981933756;0.2991499726599394;0.2047311827956991;0.8269148397648067;0.5266595097512972;0.6548341589842857;0.1095890410958904;0.0;0.32069672131147536;0.7678571428571428;0.30128846153846156;0.5177509767283847;0.23076923076923078;0.3571428571428571;0.27198076923076925;-0.044440429952127256;0.19230769230769232;0.3571428571428571;0.208805631786183;-0.24435550857056548;0.13461538461538464;0.29411764705882354;0.8687490140400693;1.5745831455610635;1.082703706530311;2.0405844155844157;-2.25;-2.2;1.23943661971831;-1.0;-2.4601686972820995;0.5252774352651048;-1.0;-1.1666666666666667;-0.8181818181818182;-0.2857142857142857;-1.856610205603494;-0.001887415656112995;-0.6666666666666666;-0.8571428571428571;-2.349629445101825;-0.5;0.13677561109585284;-2.4242424242424248;-1.942307692307692;1.0048235204042573;0.5116279069767441;1.0909090909090908;0.47058823529411764;0.12083628632175768;0.41860465116279066;0.0;0.0;0.0;-0.6;0.2;0.25458030328654363;0.40506329113924056;-0.6;0.54389721627409;-3.6666666666666665;-1.6666666666666667;1.0184490306441527;-2.2;0.045050566962917565
0.5294117647058824;0.14285714285714285;0.4749034749034749;0.5294117647058824;-1.3166666666666667;-1.719626168224299;0.21610169491525427;-4.30188679245283;-1.875;0.7333854573885847;1.249;0.6285714285714286;0.9264705882352942;0.6526345135210478;4;0.48867924528301876;0.33854166666666663;0.4;0.352;0.21428571428571427;0.26785714285714285;0.3571428571428571;0.19642857142857142;0.19642857142857142;0.28363636363636363;-2.962962962962963;-1.8;-1.3333333333333333;-3.25;-5.5;0.25;-1.25;-1.4444444444444444;-1.0909090909090908;-1.4444444444444444;0.8775510204081634;0.37590097927126304;0.2580645161290324;0.448269148397648;0.29441760601180894;0.5872510744398153;0.1095890410958904;0.0;0.22540983606557374;0.6589285714285715;0.22436538461538463;0.3380329539663665;0.15384615384615385;0.26785714285714285;0.26373076923076927;0.17017432932887724;0.15384615384615385;0.3571428571428571;0.20454997414787413;-0.19149739485010944;0.13461538461538464;0.29411764705882354;0.3226060892885313;1.4821754702212948;1.1401460225393676;1.9159902597402598;-2.5;-2.1142;1.247523418020082;-1.0;-2.4435332708528588;0.5286402869633449;-1.0;-1.2778333333333334;-1.0;-0.2857142857142857;-1.9784808778097367;0.08059264851601937;-0.6666666666666666;-0.8571428571428571;-2.474185713396027;-0.5;0.27025542433397426;2.472727272727273;3.884615384615384;2.312227241405712;0.6682170542635658;-1.5454545454545454;-1.7647058823529411;0.6824060949681077;0.3255813953488372;0.0;0.0;0.0;-0.8;-0.1;-0.7132307345397146;0.4177215189873418;-0.8;0.3551034975017845;3.6666666666666665;3.6666666666666665;2.6572858036272673;0.2;0.04903463070793748
0.5588235294117647;0.25;0.5019305019305019;0.5588235294117646;-1.6500000000000001;-1.8317757009345794;0.2076271186440678;-4.276729559748428;-2.5;0.743549648162627;1.283;0.9285714285714287;0.9387254901960784;0.6487315305269021;4;0.5433962264150942;0.26562499999999994;0.52;0.4;0.14285714285714285;0.21428571428571427;0.26785714285714285;0.17857142857142855;0.21428571428571427;0.32727272727272727;-1.3333333333333333;-4.0;-1.5;-0.5;-7.5;-1.875;0.25;-1.1111111111111112;-0.5454545454545454;-1.7777777777777777;1.8323854131816666;0.8035989461649351;0.2512647209421406;0.49998053035317946;0.20209339774557167;0.4144220990124998;0.1917808219178082;0.0;0.0;0.42321428571428554;0.2179423076923077;0.18277560727025655;0.15384615384615385;0.25;0.2747307692307692;0.04516303856923493;0.15384615384615385;0.3571428571428571;0.2073937079902955;-0.17941554028543377;0.13461538461538464;0.29411764705882354;0.4914024294052687;1.2800929769217997;1.2086290671347526;1.646103896103896;-2.5;-2.4286;0.8687916975537434;-3.0;-2.410028116213683;0.5120502185853604;-1.0;-1.8333333333333333;-1.4545454545454546;-0.2857142857142857;-2.4350697773516563;0.23120841787382623;-1.0;-0.8571428571428571;-2.6343650744223703;-0.8333333333333334;0.30815709969788524;0.04848484848484854;-1.923076923076923;2.312227241405712;0.8263565891472868;-0.45454545454545453;0.6470588235294118;0.6583097094259389;0.24651162790697673;0.0;0.0;0.0;1.2;1.0;0.30328654377360603;0.5316455696202532;1.2;0.19200571020699508;-1.0;-2.3333333333333335;2.6951219512195124;1.8;0.04351823475329453
0.5882352941176471;0.26785714285714285;0.5308880308880309;0.5882352941176471;-2.983333333333333;-2.1121495327102804;0.2966101694915254;-4.80503144654088;-0.125;0.7607505863956217;1.275;0.5000000000000001;0.9485294117647058;0.6445497630331749;4;0.6283018867924528;0.2552083333333333;0.40800000000000003;0.52;0.25;0.14285714285714285;0.21428571428571427;0.2857142857142857;0.19642857142857142;0.36727272727272725;-1.7777777777777777;-1.8;-3.3333333333333335;-5.5;-4.0;-2.5;-1.875;0.2222222222222222;-1.5454545454545454;-1.4444444444444444;-0.7286717965874873;-0.22657453894715915;0.22496671786994385;0.9473151357034384;0.31392020039363033;0.5384337784193435;0.2054794520547945;0.0;-0.7745901639344263;0.0142857142857143;0.23717307692307693;0.43111941566162726;0.15384615384615385;0.26785714285714285;0.27198076923076925;0.023846084364555986;0.15384615384615385;0.3571428571428571;0.21308117567513818;-0.16099071207430338;0.13461538461538464;0.29411764705882354;1.022558763211863;1.1358838737221604;1.285863288305477;2.329951298701299;-2.5;-2.4856;1.0100411078913674;-3.0;-2.677835051546392;0.7057504764039906;-1.0;-2.0;-1.4545454545454546;-0.7142857142857143;-1.9784808778097367;0.3491718963808805;-1.0;-0.8571428571428571;-2.5098088061281683;-0.8333333333333334;0.1708321889590772;-2.4242424242424248;-1.9615384615384612;2.312227241405712;0.5131782945736434;1.6363636363636365;1.2941176470588236;0.9430368532955352;0.40930232558139534;0.0;0.0;0.0;0.2;-0.5;0.18873668188736673;0.5949367088607596;0.2;0.4528907922912206;-3.6666666666666665;-1.3333333333333333;2.6951219512195124;-2.6;0.03677597303095312
0.6176470588235294;0.08928571428571427;0.5405405405405406;0.6176470588235294;-2.65;-2.383177570093458;0.2288135593220339;-5.283018867924528;-2.375;0.6379984362783424;1.3;3.1;0.9583333333333334;0.6431558405352655;4;0.6981132075471697;0.3645833333333333;0.392;0.40800000000000003;0.26785714285714285;0.25;0.14285714285714285;0.26785714285714285;0.21428571428571427;0.4109090909090909;-3.4074074074074074;-2.4;-1.5;-2.0;-3.5;-0.125;-2.5;-1.6666666666666667;-0.8181818181818182;-1.7777777777777777;-0.02475744396119098;-0.1534025948203012;0.22791602662570432;0.8507456874732294;0.2112184648416533;0.3473639316295398;0.3013698630136986;1.155;0.0;0.42321428571428554;0.2179423076923077;1.0161372515712586;0.09615384615384616;0.26785714285714285;0.24450000000000002;0.5051034233583234;0.09615384615384616;0.3571428571428571;0.20313805035198662;-0.00694706637468842;0.09615384615384616;0.29411764705882354;0.37655781669032945;0.8160622376129599;1.3150677961789918;1.5738636363636365;-3.25;-2.8;0.9418424422130871;-3.3333333333333335;-2.8786316776007497;0.7079923775361507;-1.0;-2.222166666666667;-1.4545454545454546;-0.7142857142857143;-2.3131991051454137;0.4950691265984051;-1.0;-0.8571428571428571;-2.6523011770567355;-0.8333333333333334;0.2938753089810492;1.2363636363636366;2.9038461538461537;1.5781333741673689;0.5891472868217054;-1.7272727272727273;-2.235294117647059;1.022413182140326;0.3441860465116279;-2.0;-2.0;1.0;-2.0;-1.1;0.9069282372174303;0.3924050632911393;-2.0;1.0674518201284797;1.6666666666666667;2.6666666666666665;1.714509068167605;-1.0;0.03830830524057616
0.6470588235294118;0.19642857142857142;0.5617760617760619;0.6470588235294117;-2.65;-2.635514018691589;0.288135593220339;-5.459119496855346;-0.875;0.794370602032838;1.31;0.38571428571428573;0.9656862745098039;0.6400892110398662;4;0.741509433962264;0.28124999999999994;0.56;0.392;0.08928571428571427;0.26785714285714285;0.25;0.3571428571428571;0.125;0.43636363636363634;-2.6666666666666665;-4.6;-2.0;-2.25;-5.0;-2.375;-0.125;-2.2222222222222223;-1.2727272727272727;-1.4444444444444444;0.8885915021746406;-0.009842421832281177;0.23545314900153627;0.49998053035317946;0.17811773125782784;0.3473639316295398;0.3287671232876712;1.155;0.22540983606557374;0.6589285714285715;0.19871153846153847;0.8547647358586716;0.09615384615384616;0.26785714285714285;0.21978846153846154;0.07984825219040723;0.09615384615384616;0.26785714285714285;0.208805631786183;-0.07792796194215798;0.09615384615384616;0.29411764705882354;0.025871588578640116;0.6765968549133083;1.3076903508102469;0.41233766233766234;-4.75;-3.1141999999999994;0.8216187074600712;-3.6666666666666665;-3.0459231490159326;0.7431902253110637;-1.0;-1.5;-1.3636363636363635;-0.7142857142857143;-2.130606157451795;0.5045062048789696;-1.0;-0.8571428571428571;-2.6343650744223703;-0.8333333333333334;0.23235374897006322;0.04848484848484854;-0.9423076923076923;1.5781333741673689;0.7472868217054263;1.0;1.7058823529411764;1.1086109142452163;0.31162790697674414;0.0;2.0;1.0;1.2;1.6;0.9069282372174303;0.4556962025316456;1.2;0.8979300499643114;-0.3333333333333333;-1.0;1.7404627892432774;1.0;0.033711308611707014
0.676470588235294;0.19642857142857142;0.5830115830115831;0.676470588235294;-2.65;-2.9158878504672896;0.2923728813559322;-5.660377358490566;-1.0;0.8123534010946052;1.321;0.2142857142857143;0.9730392156862745;0.6370225815444659;4;0.7481132075471697;0.35416666666666663;0.43200000000000005;0.56;0.19642857142857142;0.08928571428571427;0.26785714285714285;0.26785714285714285;0.14285714285714285;0.46545454545454545;-2.814814814814815;-3.6;-3.8333333333333335;-2.5;-8.0;-0.875;-2.375;-0.1111111111111111;-1.0;-1.4444444444444444;0.008698561391770054;0.18581299398518666;0.1572145417306711;0.448269148397648;0.17811773125782784;0.32715462091138753;0.3287671232876712;0.0;0.32069672131147536;0.7678571428571428;0.17307692307692307;0.32172583658909454;0.09615384615384616;0.19642857142857142;0.20878846153846153;-0.044440429952127256;0.09615384615384616;0.26785714285714285;0.21308117567513818;-0.1292758438420296;0.09615384615384616;0.29411764705882354;0.46994794131566475;0.6329546263134178;1.2652064412729909;-0.2556818181818181;-4.75;-3.4286000000000003;0.6353527865759147;-3.6666666666666665;-3.1298031865042177;0.7992377536150655;-1.0;-1.8888333333333334;-1.3636363636363635;-1.5714285714285714;-2.069670821348674;0.5109234181097531;-1.0;-0.8571428571428571;-2.6343650744223703;-0.8333333333333334;0.24498764075803353;0.024242424242424163;-0.019230769230769232;0.09432662123880264;0.6697674418604651;-0.18181818181818182;-0.8235294117647058;0.70012402551382;0.39069767441860465;0.0;0.0;1.0;0.0;-0.6;0.8839280680985397;0.5822784810126582;0.0;0.33797287651677377;-0.3333333333333333;0.0;0.2961225766103815;-0.2;0.03187250996015936
0.7058823529411764;0.19642857142857142;0.6042471042471043;0.7058823529411765;-2.983333333333333;-3.2242990654205608;0.2076271186440678;-6.440251572327044;-3.75;0.8295543393275995;1.359;0.4428571428571429;0.9803921568627451;0.6339559520490656;4;0.8009433962264151;0.35937499999999994;0.544;0.43200000000000005;0.19642857142857142;0.19642857142857142;0.08928571428571427;0.21428571428571427;0.19642857142857142;0.5054545454545455;-2.962962962962963;-3.8;-3.0;-5.25;-5.0;-1.0;-0.875;-2.111111111111111;0.09090909090909091;-2.111111111111111;0.008698561391770054;-0.16970721280509032;0.16106502816180274;0.8973170826681205;0.31392020039363033;0.06351497654276435;0.43835616438356156;0.0;0.32069672131147536;0.7678571428571428;0.21153846153846156;-0.8551044674706979;0.21153846153846156;0.19642857142857142;0.20603846153846156;-0.056724776442959084;0.09615384615384616;0.26785714285714285;0.21308117567513818;-0.1292758438420296;0.09615384615384616;0.29411764705882354;0.46994794131566475;0.6257441711534357;1.2038464473784627;-0.2556818181818181;-5.0;-3.4571999999999994;0.663656580632118;-3.6666666666666665;-3.3305998125585754;0.8344356013899786;-1.0;-2.5;-2.3636363636363638;-1.5714285714285714;-3.043783956535634;0.7302411173500685;-1.8333333333333333;-1.2857142857142858;-2.919100703742916;-1.6666666666666667;0.4023619884647075;0.04848484848484854;0.019230769230769232;-0.7631881172957661;0.6697674418604651;-2.090909090909091;-1.2941176470588236;0.8872253720765413;0.2325581395348837;0.0;0.0;0.0;0.0;0.0;-0.15761880602063252;0.5063291139240507;0.0;-0.8982869379014988;-0.3333333333333333;0.0;-0.7870544090056285;-0.2;0.03003371130861171
0.7352941176470588;0.42857142857142855;0.6505791505791506;0.7352941176470588;-4.316666666666666;-3.6448598130841123;0.1822033898305085;-7.39622641509434;-4.75;0.8475371383893666;1.396;0.6428571428571429;0.9852941176470588;0.6272651240591021;4;0.8235849056603771;0.2552083333333333;0.552;0.544;0.19642857142857142;0.19642857142857142;0.19642857142857142;0.14285714285714285;0.19642857142857142;0.5454545454545455;-3.111111111111111;-4.0;-3.1666666666666665;-2.5;-6.5;-3.75;-1.0;-0.7777777777777778;-1.4545454545454546;-1.7777777777777777;-0.7286717965874873;-0.3249987572699709;0.052759856630824525;1.262567657022702;0.5613705492932548;-0.06981398248088976;0.4657534246575343;0.0;0.22540983606557374;0.6589285714285715;0.29486538461538464;1.6949210124002037;0.21153846153846156;0.42857142857142855;0.25;0.8104055640863514;0.09615384615384616;0.42857142857142855;0.23153561627490749;0.19633013667597987;0.09615384615384616;0.37254901960784315;1.558132197507493;0.8599890894428499;1.2004375588287668;2.0405844155844157;-5.25;-4.114199999999999;0.9291731248736436;-4.666666666666667;-3.665182755388941;1.155251653402085;-1.0;-4.222166666666666;-3.090909090909091;-1.7142857142857142;-3.743688079258549;1.394233945170575;-2.5;-1.2857142857142858;-3.399638786821947;-2.3333333333333335;0.4391650645427081;-2.4242424242424248;-1.9615384615384612;1.0137049230533652;0.5131782945736434;-0.8181818181818182;0.7647058823529411;0.3146704464918497;0.19999999999999998;0.0;0.0;0.0;2.6;1.3;0.7538192682789332;0.6708860759493671;2.6;1.7805139186295507;-3.6666666666666665;-1.6666666666666667;1.0184490306441527;-2.2;0.023597916028194915
0.7647058823529411;0.375;0.6911196911196912;0.7466063348416289;-4.983333333333333;-4.093457943925234;0.24152542372881358;-8.050314465408805;-3.25;0.8639562157935887;1.415;0.6142857142857143;0.9901960784313726;0.6214106495678839;4;0.8566037735849056;0.22395833333333334;0.392;0.552;0.42857142857142855;0.19642857142857142;0.19642857142857142;0.25;0.17857142857142855;0.5818181818181819;-4.7407407407407405;-4.2;-3.3333333333333335;-3.25;-1.0;-4.75;-3.75;-0.8888888888888888;-1.9090909090909092;-1.1111111111111112;-0.7581130812980929;-0.44887408659342853;0.02392217101894534;0.23612787664031776;0.45276435856145997;-0.13700337915422708;0.4657534246575343;0.0;0.0;0.42321428571428554;0.35898076923076927;1.457448615593681;0.21153846153846156;0.42857142857142855;0.2692307692307693;1.0831903170445307;0.09615384615384616;0.42857142857142855;0.24716620928290178;0.2863399531828137;0.09615384615384616;0.37254901960784315;2.2867960246095596;1.3006807238917484;1.2221628634663815;2.8376623376623376;-5.5;-4.8572;1.3453736774715275;-6.666666666666667;-4.284442361761949;1.3370698352202668;-2.5;-5.222166666666666;-3.090909090909091;-4.285714285714286;-3.9264940875679124;1.4644458075779738;-2.5;-1.2857142857142858;-3.773307591704553;-2.3333333333333335;0.316945893985169;-1.1878787878787882;0.9807692307692306;0.7809509225939821;0.4341085271317829;1.0;1.1176470588235294;0.8812012756909994;0.3581395348837209;0.0;0.0;0.0;-0.6;-1.6;0.9790856305315969;0.6329113924050633;-0.6;1.5310492505353321;-2.0;0.8333333333333334;0.7764227642276423;-3.2;0.017468587189702733
0.7941176470588235;0.4464285714285714;0.7393822393822395;0.7941176470588235;-2.65;-4.345794392523365;0.3474576271186441;-8.075471698113208;-0.25;0.8795934323690382;1.424;0.4571428571428572;0.9926470588235294;0.614441037078338;4;0.8641509433962263;0.29687499999999994;0.344;0.392;0.375;0.42857142857142855;0.19642857142857142;0.26785714285714285;0.2857142857142857;0.64;-5.62962962962963;-6.4;-3.5;-6.0;-11.0;-3.25;-4.75;-3.3333333333333335;-0.18181818181818182;-2.3333333333333335;3.259618601538977;0.12894566784311784;-0.01654889912954414;2.2193839803745967;0.9444444444444445;-0.018765788523998416;0.5890410958904109;0.0;-0.7745901639344263;0.0142857142857143;0.44871153846153844;-0.14778325123152708;0.40384615384615385;0.4464285714285714;0.29671153846153847;1.5272333122572483;0.09615384615384616;0.4464285714285714;0.25995306844847466;0.5161972362757685;0.09615384615384616;0.39215686274509803;2.367565862123363;1.9685965702900783;1.3336386069347985;3.503652597402597;-4.75;-4.7142;1.4483455758474286;-6.666666666666667;-4.234301780693533;1.3298957515973546;-2.5;-3.6666666666666665;-3.090909090909091;-0.8571428571428571;-3.9567486950037285;1.4248100787996036;-2.5;-1.4285714285714286;-3.524195055116149;-2.3333333333333335;0.26558637736885476;5.018181818181819;4.923076923076923;4.257254421560371;0.9100775193798449;2.0;0.5882352941176471;0.759656272147413;0.5023255813953489;0.0;0.0;0.0;0.8;0.7;0.8699475731439201;0.5189873417721519;0.8;-0.15524625267665954;6.666666666666667;4.333333333333333;4.417135709818637;3.0;0.014710389212381242
0.8235294117647058;0.625;0.806949806949807;0.823529411764706;-3.983333333333333;-4.738317757009346;0.23728813559322037;-8.80503144654088;-3.625;0.8983580922595777;1.456;0.5714285714285715;0.9950980392156863;0.6046835795929741;4;0.8820754716981131;0.4270833333333333;0.45600000000000007;0.344;0.4464285714285714;0.375;0.42857142857142855;0.08928571428571427;0.26785714285714285;0.6945454545454546;-2.6666666666666665;-7.6;-5.333333333333333;-4.75;-4.0;-0.25;-3.25;-4.222222222222222;-1.8181818181818181;-1.4444444444444444;2.850786216125795;0.20251528557936066;0.0027854582693294396;1.4365484210116428;0.9201109321882268;-0.07322594403070765;0.5890410958904109;0.0;-0.7745901639344263;-0.005357142857143061;0.5192307692307693;1.5947001868523865;0.40384615384615385;0.625;0.37911538461538463;2.0431758648721883;0.21153846153846156;0.625;0.2883506343713955;1.1532130181982936;0.09615384615384616;0.5882352941176471;3.4891938791607506;2.7885960959180283;1.592765015645272;3.4038149350649354;-4.75;-5.0286;1.3855381090369971;-6.666666666666667;-4.602389878163073;1.2904382916713373;-2.75;-3.1666666666666665;-2.272727272727273;-0.8571428571428571;-4.26121231490359;1.532958995894871;-2.5;-1.4285714285714286;-3.897863859998755;-2.3333333333333335;0.409228234001648;-2.400000000000001;-5.884615384615385;4.246229232064926;0.8325581395348837;-2.6363636363636362;-3.0588235294117645;1.7450389794472005;0.31627906976744186;0.0;0.0;0.0;2.0;0.6;0.5283274141721629;0.6835443037974684;2.0;1.6752319771591724;-3.6666666666666665;-5.166666666666667;4.417135709818637;2.0;0.013178057002758176
0.8529411764705882;0.4464285714285714;0.8552123552123553;0.8529411764705882;-5.316666666666666;-5.205607476635514;0.3008474576271187;-9.182389937106919;-1.875;0.9147771696637998;1.467;0.4285714285714286;0.9975490196078431;0.5977139671034291;4;0.9103773584905658;0.29166666666666663;0.656;0.45600000000000007;0.625;0.4464285714285714;0.375;0.19642857142857142;0.3571428571428571;0.7672727272727273;-4.296296296296297;-3.6;-6.333333333333333;-5.0;-4.5;-3.625;-0.25;-2.888888888888889;-0.7272727272727273;-2.0;-0.0749414519906321;0.030919123129691303;-0.049810547875063754;1.1748763677426892;0.9780819466809804;-0.09986548997736286;0.5890410958904109;0.0;-0.7745901639344263;-0.06428571428571435;0.5448653846153846;1.1065058603703073;0.4807692307692308;0.625;0.41757692307692307;1.7848432842561646;0.21153846153846156;0.625;0.2954500258521258;1.2405044174280755;0.09615384615384616;0.5882352941176471;3.4891938791607506;3.4202699176964493;1.9201709532168207;3.6014610389610384;-4.75;-5.6;1.635689736505155;-6.666666666666667;-5.12136832239925;1.4462504203564623;-3.0;-2.5555;-2.272727272727273;-0.8571428571428571;-4.50474059870033;1.3549756995234277;-2.5;-1.4285714285714286;-3.933237840194308;-2.3333333333333335;0.2894809118374074;-2.400000000000001;0.0;4.629660822295384;0.35813953488372086;1.0909090909090908;2.3529411764705883;1.761516654854713;0.2697674418604651;0.0;0.0;0.0;-2.0;-2.0;1.375500310051299;0.5063291139240507;-2.0;1.162384011420414;-3.3333333333333335;0.16666666666666666;4.721388367729832;-4.0;0.008581060373889088
0.8823529411764706;0.17857142857142855;0.8745173745173745;0.8823529411764706;-5.983333333333333;-5.700934579439252;0.2923728813559322;-9.635220125786164;-2.25;0.9304143862392493;1.477;0.2857142857142857;1.0;0.5949261221076103;4;0.9292452830188679;0.36979166666666663;0.44800000000000006;0.656;0.4464285714285714;0.625;0.4464285714285714;0.19642857142857142;0.26785714285714285;0.8218181818181819;-5.777777777777778;-5.8;-3.0;-5.25;-5.0;-1.875;-3.625;-0.2222222222222222;-0.8181818181818182;-1.6666666666666667;-0.7771830043492806;-0.11443058110056172;-0.11453149001536066;0.41073166932751837;0.9780819466809804;-0.1125947311439912;0.5890410958904109;0.0;-0.7745901639344263;-0.16428571428571445;0.44871153846153844;3.419738406658739;0.19230769230769232;0.625;0.41482692307692315;1.8628850149038023;0.19230769230769232;0.625;0.2883506343713955;1.294872762969116;0.09615384615384616;0.5882352941176471;1.578640164063732;3.503569649676241;2.1652038973263115;2.438311688311688;-7.5;-6.2856;1.8888065233506297;-6.666666666666667;-5.707122774133083;1.647124761798005;-3.0;-3.4445;-2.272727272727273;-2.7142857142857144;-4.808991157984447;1.1316944274052751;-2.5;-1.4285714285714286;-4.075730211122876;-2.3333333333333335;0.30101620433946724;-1.1878787878787882;0.9615384615384615;0.10320802388791064;0.4356589147286821;-0.45454545454545453;-1.0588235294117647;1.192239546420978;0.38139534883720927;0.0;0.0;0.0;-3.0;-0.5;2.04430914933198;0.189873417721519;-3.0;3.5924339757316206;-1.6666666666666667;0.8333333333333334;0.2182614133833646;-2.8;0.0070487281642660216
0.9117647058823529;0.2857142857142857;0.9054054054054055;0.9117647058823529;-4.983333333333333;-6.205607476635514;0.2584745762711865;-10.28930817610063;-3.375;0.9483971853010165;1.5;0.2857142857142857;1.0;0.5904655701143016;4;0.9113207547169812;0.35937499999999994;0.5680000000000001;0.44800000000000006;0.17857142857142855;0.4464285714285714;0.625;0.19642857142857142;0.21428571428571427;0.8654545454545455;-6.518518518518518;-7.8;-4.833333333333333;-5.5;-10.5;-2.25;-1.875;-3.2222222222222223;-2.8181818181818183;-0.3333333333333333;0.2850451656072266;0.030919123129691303;-0.23496159754224227;-0.033643549706008365;0.7907496868849527;-0.12073094714740332;0.5890410958904109;0.0;-0.7745901639344263;-0.31785714285714295;0.3269230769230769;1.7098692033293692;0.19230769230769232;0.4464285714285714;0.42857692307692313;1.5568602655586667;0.19230769230769232;0.625;0.29403810205623826;1.2685947292909465;0.09615384615384616;0.5882352941176471;0.8035967818267864;3.1920969616470196;2.3709074257803557;0.5101461038961039;-10.0;-6.8;1.635689736505155;-6.666666666666667;-6.025070290534209;1.781190449501177;-3.0;-3.3333333333333335;-2.090909090909091;-2.7142857142857144;-4.71780121444551;1.0824328787807296;-2.5;-1.4285714285714286;-4.591642274397459;-2.3333333333333335;0.39110134578412536;1.2848484848484854;1.9615384615384612;1.591608605772912;0.6713178294573643;-1.0;-0.4117647058823529;0.42425584691708007;0.27441860465116275;0.0;0.0;0.0;1.2;2.1;1.5349230509047858;0.3924050632911393;1.2;1.7962169878658099;1.6666666666666667;1.6666666666666667;1.6013133208255161;0.2;0.005516395954642983
0.9411764705882353;0.08928571428571427;0.9150579150579151;0.9411764705882352;-7.6499999999999995;-6.897196261682243;0.2288135593220339;-11.169811320754716;-4.375;0.965598123534011;1.518;0.2285714285714286;1.0;0.5890716476163922;4;0.9377358490566038;0.3177083333333333;0.552;0.5680000000000001;0.2857142857142857;0.17857142857142855;0.4464285714285714;0.42857142857142855;0.14285714285714285;0.8945454545454545;-5.777777777777778;-8.8;-6.5;-8.25;-5.0;-3.375;-2.25;-1.6666666666666667;-3.5454545454545454;-2.2222222222222223;0.8956172632987623;-0.3440870905204556;-0.34588837685611845;0.31120283478057714;0.35811415280014314;-0.14343361438273025;0.5890410958904109;0.0;-0.7745901639344263;-0.542857142857143;0.19871153846153847;1.0161372515712586;0.09615384615384616;0.2857142857142857;0.37636538461538466;2.374130611507542;0.09615384615384616;0.625;0.28978244441792944;1.34984520123839;0.09615384615384616;0.5882352941176471;0.46521533364884043;2.5960010436185095;2.4520084459029734;3.5624999999999996;-10.0;-7.5714;2.7088078711503467;-6.666666666666667;-6.861761949390815;2.2407801815939923;-3.75;-4.444500000000001;-2.8181818181818183;-3.142857142857143;-4.626398210290827;0.9608833105270608;-2.25;-1.4285714285714286;-4.9476240891822885;-2.3333333333333335;0.3853336995330954;-4.921212121212123;-4.923076923076923;3.166066916775133;0.43255813953488365;-0.9090909090909091;0.0;-0.34780297661233167;0.2511627906976744;0.0;0.0;0.0;-2.2;-1.7;1.5755115846440044;0.44303797468354433;-2.2;1.0674518201284797;-6.666666666666667;-4.166666666666667;3.1475922451532212;-2.8;0.0024517315353968783
0.9705882352941176;0.30357142857142855;0.947876447876448;0.9705882352941175;-7.6499999999999995;-7.4953271028037385;0.3516949152542373;-11.371069182389936;-0.875;0.9827990617670055;1.514;-0.1428571428571429;0.9975490196078431;0.584332311123501;4;0.9698113207547169;0.28124999999999994;0.4880000000000001;0.552;0.08928571428571427;0.2857142857142857;0.17857142857142855;0.375;0.25;0.9454545454545454;-8.74074074074074;-7.8;-7.333333333333333;-9.75;-6.5;-4.375;-3.375;-2.0;-2.4545454545454546;-2.7777777777777777;0.8885915021746406;-1.0394193965302978;-0.42527393753200177;1.499162805186714;0.6316872427983539;-0.024802335881368733;0.5890410958904109;0.0;-0.7745901639344263;-0.8839285714285715;0.24359615384615385;1.4068286054017323;0.09615384615384616;0.30357142857142855;0.3653846153846154;2.3809953933700654;0.09615384615384616;0.625;0.29403810205623826;1.3425960884995847;0.09615384615384616;0.5882352941176471;0.5540306041962452;1.905505087640236;2.522323132107151;4.024756493506494;-10.0;-8.1714;3.3244827818586153;-6.666666666666667;-7.648313027179007;2.505548705302096;-5.25;-3.8333333333333335;-2.8181818181818183;-1.5714285714285714;-4.04815169915841;1.161138111640636;-2.25;-1.4285714285714286;-4.716198542691661;-2.3333333333333335;0.23345234825597366;0.04848484848484854;3.942307692307692;3.3688079013858054;0.3534883720930232;2.3636363636363638;2.0588235294117645;1.2347625797306876;0.4232558139534883;0.0;0.0;0.0;2.4;2.3;1.751395230847285;0.5189873417721519;2.4;1.477872947894361;0.0;3.3333333333333335;3.3495934959349594;-3.8;0.0
0.9999999999999999;0.4821428571428571;1.0;0.9999999999999999;-7.6499999999999995;-8.261682242990654;0.2033898305084746;-12.427672955974844;-5.25;1.0;1.542;-0.2714285714285714;0.9950980392156863;0.576805129634792;4;0.9622641509433961;0.43229166666666663;0.43200000000000005;0.4880000000000001;0.30357142857142855;0.08928571428571427;0.2857142857142857;0.4464285714285714;0.26785714285714285;1.0;-8.74074074074074;-11.8;-6.5;-4.75;-12.0;-0.875;-4.375;-3.0;-0.2727272727272727;-0.6666666666666666;0.042154566744730795;-1.1716458716508427;-0.5934664618535583;2.0573965188271486;0.6807121130792629;0.0396312456940391;0.5890410958904109;0.0;-0.7745901639344263;-1.8392857142857144;0.31409615384615386;2.8870392390011888;0.09615384615384616;0.4821428571428571;0.3708846153846154;2.4615662541775807;0.09615384615384616;0.625;0.31108061886012006;1.4712678396133807;0.09615384615384616;0.5882352941176471;2.235052847452279;1.5105429188112238;2.642702688951639;-0.42735389610389607;-14.75;-9.3142;2.544106745737583;-10.333333333333334;-8.23406747891284;2.7709897993498487;-5.25;-4.666666666666667;-3.4545454545454546;-1.5714285714285714;-5.265580057526366;1.1758599537583163;-2.8333333333333335;-2.142857142857143;-5.445849162359097;-2.6666666666666665;0.4891513320516343;0.0727272727272727;0.019230769230769232;2.852767781946253;0.6728682170542635;-3.4545454545454546;-3.823529411764706;2.209603118355776;0.2930232558139535;0.0;0.0;0.0;2.0;-0.2;1.9342691245278758;0.7848101265822784;2.0;3.032833690221271;0.3333333333333333;0.16666666666666666;2.917135709818637;0.4;0.0006129328838492265
0.0;0.1607142857142857;0.0019305019305019301;0.0;0.016666666666666666;0.32710280373831774;0.046610169491525424;0.25157232704402516;1.0;0.0;0.255;-0.17142857142857149;0.0;0.7209367159185947;5;0.0;0.057291666666666664;0.088;0.088;0.1607142857142857;0.1607142857142857;0.1607142857142857;0.1607142857142857;0.1607142857142857;0.003636363636363639;0.14814814814814814;0.2;0.16666666666666666;0.0;0.0;1.0;1.0;0.8888888888888888;0.6363636363636364;0.3333333333333333;-0.5312813650050183;-1.460158075259731;-1.2854889912954426;-0.6376698726685099;-1.2069243156199676;-1.3906367901315575;0.1506849315068493;0.0;-0.7745901639344263;-1.8392857142857144;0.17307692307692307;0.10565653134024117;0.17307692307692307;0.1607142857142857;0.17307692307692307;-0.264113449552886;0.17307692307692307;0.1607142857142857;0.14489122220896472;-0.4035339424601676;0.17307692307692307;0.07843137254901959;0.18472945259504642;-0.716349232703209;-1.0410847388638733;-0.37459415584415584;0.0;0.2286;-0.5102769728418357;-0.3333333333333333;0.2509372071227741;-0.5337966595673131;-0.5;1.3333333333333333;1.0909090909090908;0.5714285714285714;1.7044849259614359;-0.44429764544896916;1.3333333333333333;0.0;1.9385937597309586;1.5;0.06234550947541889;0.0;-0.9615384615384615;0.30196769006967317;0.5875968992248062;-0.45454545454545453;0.23529411764705882;-0.3193656980864635;0.3255813953488372;0.0;0.0;0.0;0.8;-0.8;0.33688483003551484;0.5063291139240507;-0.8;0.11099214846538184;0.3333333333333333;-0.8333333333333334;0.3186366479049406;-0.4;1.0
0.029411764705882353;0.23214285714285712;0.027027027027027025;0.029411764705882353;0.016666666666666666;0.32710280373831774;0.03813559322033898;0.3270440251572327;0.375;0.17826426896012515;0.442;-0.7571428571428572;0.0;0.7173125174240305;5;0.0;0.057291666666666664;0.088;0.088;0.1607142857142857;0.1607142857142857;0.1607142857142857;0.1607142857142857;0.1607142857142857;0.003636363636363639;0.14814814814814814;0.2;0.16666666666666666;0.0;0.0;1.0;1.0;0.8888888888888888;0.6363636363636364;0.3333333333333333;-0.5312813650050183;-1.460158075259731;-1.2854889912954426;-0.6376698726685099;-1.2069243156199676;-1.3906367901315575;0.1232876712328767;0.0;-0.7745901639344263;-1.8392857142857144;0.21153846153846156;0.10565653134024117;0.17307692307692307;0.23214285714285712;0.21153846153846156;-0.264113449552886;0.17307692307692307;0.23214285714285712;0.184663723501571;-0.4035339424601676;0.17307692307692307;0.1568627450980392;0.18472945259504642;-0.716349232703209;-1.0410847388638733;-0.37459415584415584;0.25;0.3286;-0.5102769728418357;0.0;0.3680880974695408;-0.5337966595673131;-0.25;0.9166666666666666;0.6363636363636364;0.5714285714285714;1.1718333865984871;-0.44429764544896916;0.9166666666666666;0.0;1.315812418259949;1.0833333333333333;0.15297995056303215;0.0;-0.9615384615384615;0.30196769006967317;0.5875968992248062;-0.45454545454545453;0.23529411764705882;-0.3193656980864635;0.3255813953488372;0.0;0.0;0.0;0.8;-0.8;0.33688483003551484;0.5063291139240507;-0.8;0.11099214846538184;0.3333333333333333;-0.8333333333333334;0.3186366479049406;-0.4;1.0
0.0588235294117647;0.1607142857142857;0.044401544401544396;0.058823529411764705;-0.31666666666666665;0.29906542056074764;0.05084745762711865;0.3522012578616352;0.375;0.30492572322126654;0.558;-1.4142857142857146;0.0;0.7148034569277941;5;0.0;0.04687499999999999;0.088;0.088;0.23214285714285712;0.1607142857142857;0.1607142857142857;0.1607142857142857;0.1607142857142857;0.003636363636363639;0.2962962962962963;0.2;0.16666666666666666;0.0;0.0;0.375;1.0;0.8888888888888888;0.6363636363636364;0.3333333333333333;-0.7484108397457343;-1.5892031615051947;-1.3386584741423446;-0.6199135547681166;-1.1865271068169616;-1.3756766510285097;0.1232876712328767;0.0;-0.7745901639344263;-1.8392857142857144;0.19871153846153847;-0.0706641753015117;0.17307692307692307;0.23214285714285712;0.19871153846153847;-0.4516303856923493;0.17307692307692307;0.23214285714285712;0.1713995943204868;-0.5602960054368344;0.17307692307692307;0.1568627450980392;0.4794131566493137;-0.5391238348236521;-0.9460428909410058;0.18344155844155843;0.25;0.09519999999999999;-0.13963205067726941;0.0;0.09465791940018743;-0.2255352538953033;-0.25;0.7778333333333333;0.6363636363636364;0.5714285714285714;0.9943538936827526;-0.5667909215306942;0.9166666666666666;0.0;1.1083016752818087;1.0833333333333333;0.11260642680582261;-1.2121212121212124;-0.9615384615384615;0.30196769006967317;0.5875968992248062;0.0;0.23529411764705882;-0.3193656980864635;0.3255813953488372;0.0;0.0;0.0;-0.8;-0.8;0.33688483003551484;0.5063291139240507;-0.8;0.11099214846538184;-1.3333333333333333;-0.8333333333333334;0.3186366479049406;-0.4;0.49126570640514866
0.08823529411764705;0.21428571428571427;0.06756756756756757;0.08823529411764705;-0.65;0.2523364485981308;0.05932203389830508;0.4025157232704403;0.125;0.3948397185301016;0.64;-1.885714285714286;0.0;0.7114580429328123;5;0.0;0.06249999999999999;0.07200000000000001;0.088;0.1607142857142857;0.23214285714285712;0.1607142857142857;0.1607142857142857;0.1607142857142857;0.003636363636363639;-0.2962962962962963;0.4;0.16666666666666666;0.0;0.0;0.375;0.375;0.8888888888888888;0.6363636363636364;0.3333333333333333;-1.2121110739377718;-1.5311428145349706;-1.3147363031233996;-0.4658697091234766;-1.0874038289497225;-1.3029756241593125;0.1232876712328767;0.0;-0.7745901639344263;-1.8392857142857144;0.2179423076923077;-0.14778325123152708;0.17307692307692307;0.23214285714285712;0.20673076923076925;-0.5408725499051577;0.17307692307692307;0.23214285714285712;0.17969216083999523;-0.6349014573737068;0.17307692307692307;0.1568627450980392;0.3967502760687803;-0.22594340741443505;-0.7780915312015059;0.5783279220779222;0.25;-0.1214;0.0415122312824314;0.0;-0.15909090909090912;-0.07487949781414642;-0.25;0.38883333333333336;0.45454545454545453;-0.14285714285714285;0.7989773090444231;-0.5481055065351769;0.75;0.0;0.8798654792302424;0.9166666666666666;0.11974732216424061;-0.5818181818181819;0.5;-0.015006507924354932;0.5503875968992248;-0.09090909090909091;-0.11764705882352941;-0.39821048901488304;0.3441860465116279;0.0;0.0;0.0;0.6;0.7;0.04419640340492693;0.4936708860759494;0.6;-0.15524625267665954;-0.6666666666666666;0.3333333333333333;0.0;-1.0;0.3472264787005823
0.11764705882352941;0.17857142857142855;0.08687258687258688;0.11764705882352941;0.016666666666666666;0.2523364485981308;0.11440677966101694;0.6792452830188679;1.375;0.46364347146207974;0.701;-2.271428571428572;0.0;0.7086701979369945;5;0.0;0.07291666666666666;0.096;0.07200000000000001;0.21428571428571427;0.1607142857142857;0.23214285714285712;0.1607142857142857;0.1607142857142857;0.003636363636363639;-0.5925925925925926;-0.4;0.3333333333333333;0.0;0.0;0.125;0.375;0.3333333333333333;0.6363636363636364;0.3333333333333333;0.511207761793242;-0.868022070885321;-1.0415156169994877;0.41073166932751837;-0.17847557702630157;-0.636330829041042;0.1232876712328767;0.0;-0.7745901639344263;-1.8392857142857144;0.19871153846153847;-0.33599456429420743;0.17307692307692307;0.21428571428571427;0.20384615384615384;-0.6293921055008581;0.17307692307692307;0.23214285714285712;0.17670922324304972;-0.7089028165823452;0.17307692307692307;0.1568627450980392;0.47231424514907705;0.04881288394487813;-0.6307461395609146;0.5783279220779222;0.25;-0.011399999999999988;0.022373475301570113;0.0;-0.030224929709465793;-0.09079699585248296;-0.25;0.8333333333333334;0.45454545454545453;1.0;1.1079152018749334;-0.3289765488604729;0.75;0.42857142857142855;1.241078657283428;0.9166666666666666;0.09777533644603137;1.2121212121212124;1.4230769230769231;0.8079013858050687;0.7054263565891472;0.9090909090909091;0.5882352941176471;-0.09372785258681784;0.39069767441860465;0.0;0.0;0.0;-0.4;-0.5;-0.12559896273747118;0.5189873417721519;-0.4;-0.352962169878658;2.0;1.3333333333333333;0.8677298311444652;1.0;0.27673919705792216
0.14705882352941174;0.25;0.1138996138996139;0.14705882352941177;0.35000000000000003;0.2616822429906542;0.08898305084745763;0.7295597484276729;0.25;0.5144644253322908;0.786;-1.985714285714286;0.0;0.7047672149428488;5;0.0;0.140625;0.11200000000000002;0.096;0.17857142857142855;0.21428571428571427;0.1607142857142857;0.1607142857142857;0.1607142857142857;0.003636363636363639;0.2962962962962963;-0.8;-0.3333333333333333;0.0;0.0;1.375;0.125;0.3333333333333333;0.6363636363636364;0.3333333333333333;0.8410839745734361;-0.44947059700750625;-0.8690629800307217;0.15544566021572373;-0.22195383789586684;-0.6682195466028018;0.1232876712328767;0.0;-0.7745901639344263;-1.8392857142857144;0.23076923076923078;-0.17564124341769993;0.19230769230769232;0.25;0.21475;-0.5137747267636167;0.17307692307692307;0.25;0.1879847273595036;-0.6122479800649399;0.17307692307692307;0.17647058823529416;0.6363779775989902;0.41768459002395575;-0.43292884581139174;0.8750000000000001;0.5;0.09519999999999999;0.035851472471190776;0.3333333333333333;0.09465791940018743;-0.07958749019168254;0.0;0.7778333333333333;0.45454545454545453;1.0;0.9943538936827526;-0.36936724390128833;0.75;0.42857142857142855;1.1083016752818087;0.9166666666666666;0.188135127712167;0.0;-0.9615384615384615;0.3751626981088738;0.7426356589147286;-0.8181818181818182;-1.1764705882352942;0.21243798724309;0.35348837209302325;0.0;0.0;0.0;0.8;0.6;-0.21376627769321838;0.5316455696202532;0.8;-0.1845110635260528;0.3333333333333333;-0.8333333333333334;0.4765478424015011;1.6;0.23536622739809995
0.1764705882352941;0.10714285714285714;0.12548262548262548;0.13122171945701358;0.35000000000000003;0.308411214953271;0.13559322033898302;1.0062893081761006;1.25;0.5535574667709147;0.832;-2.042857142857143;0.6617647058823529;0.7030945079453579;5;0.0;0.109375;0.216;0.11200000000000002;0.25;0.17857142857142855;0.21428571428571427;0.1607142857142857;0.1607142857142857;0.003636363636363639;0.4444444444444444;0.4;-0.6666666666666666;0.0;0.0;0.25;1.375;0.1111111111111111;0.6363636363636364;0.3333333333333333;-0.02475744396119098;-0.09176318536561137;-0.7216794674859188;0.0;0.12032563964931135;-0.4171779141104293;0.1232876712328767;0.0;-0.7745901639344263;-1.8392857142857144;0.19230769230769232;0.503821980635298;0.11538461538461539;0.25;0.20055769230769233;-0.2886821425345498;0.11538461538461539;0.25;0.1733086743825319;-0.42407309522011627;0.11538461538461539;0.17647058823529416;0.35368354630067816;0.6418728208533953;-0.3127019257676359;-0.42735389610389607;0.5;0.1714;0.024260394905317027;0.3333333333333333;0.18392689784442362;-0.08922766505997089;0.0;1.2778333333333334;0.5454545454545454;1.0;1.1567060828805795;-0.33463879582881156;0.75;0.42857142857142855;1.2981254281621724;0.9166666666666666;0.1326558637736886;0.024242424242424163;0.019230769230769232;0.09432662123880264;0.6666666666666666;0.7272727272727273;0.9411764705882353;0.2922572643515237;0.3441860465116279;0.0;0.0;0.0;-1.6;-1.2;0.41422853599413706;0.4556962025316456;-1.6;0.5292648108493934;0.0;-0.16666666666666666;0.2182614133833646;0.4;0.1878639288997855
0.20588235294117646;0.19642857142857142;0.14671814671814673;0.20588235294117646;0.6833333333333332;0.308411214953271;0.15254237288135591;1.2075471698113207;1.25;0.5840500390930414;0.87;-2.0571428571428574;0.6568627450980392;0.7000278784499576;5;0.0;0.16666666666666666;0.168;0.216;0.10714285714285714;0.25;0.17857142857142855;0.1607142857142857;0.1607142857142857;0.003636363636363639;0.4444444444444444;0.6;0.3333333333333333;0.0;0.0;1.25;0.25;1.2222222222222223;0.6363636363636364;0.3333333333333333;-0.02475744396119098;0.08778644927176013;-0.5869943676395287;0.3518554573420039;0.4076757917337629;-0.2165283291230601;0.1232876712328767;1.155;0.0;-0.5767857142857145;0.19871153846153847;0.5177509767283847;0.11538461538461539;0.25;0.20603846153846156;-0.31397344413332134;0.11538461538461539;0.25;0.1747205981784194;-0.4835762289511438;0.11538461538461539;0.17647058823529416;0.09480990692538241;0.5686297763335785;-0.17400595283522846;0.04139610389610393;1.25;0.3144;0.20459599703484058;1.3333333333333333;0.33880037488284914;0.005828942943616142;0.75;1.2221666666666666;0.5454545454545454;0.8571428571428571;1.2174283583679557;-0.28386731467937537;0.75;0.42857142857142855;1.440368686554151;0.9166666666666666;0.1373249107388081;0.0;-0.019230769230769232;-0.7631881172957661;0.6666666666666666;0.09090909090909091;-0.47058823529411764;0.12429128277817154;0.39069767441860465;-2.0;-2.0;1.0;1.0;1.3;0.6924854839618917;0.4683544303797469;1.0;0.54389721627409;1.0;0.5;-0.30925578486554095;0.8;0.1664112779650628
0.23529411764705882;0.17857142857142855;0.16602316602316602;0.2352941176470588;0.35000000000000003;0.3364485981308411;0.11440677966101694;1.1069182389937107;-0.5;0.6082877247849882;0.937;-1.5428571428571431;0.6715686274509803;0.6972400334541398;5;0.0;0.1875;0.256;0.168;0.19642857142857142;0.10714285714285714;0.25;0.23214285714285712;0.1607142857142857;0.003636363636363639;0.8888888888888888;0.6;0.5;0.25;0.0;1.25;1.25;0.2222222222222222;0.18181818181818182;0.3333333333333333;-0.02475744396119098;0.2874186011830788;-0.45722478238607234;-0.15560141739028852;0.13857577384147426;-0.27046356746825895;0.1232876712328767;1.155;0.22540983606557374;-0.26428571428571435;0.17307692307692307;0.04382537795141837;0.11538461538461539;0.19642857142857142;0.19780769230769232;-0.38334387137566606;0.11538461538461539;0.25;0.17360696814222648;-0.5316016008457297;0.11538461538461539;0.17647058823529416;0.3917021612241676;0.5469984108536324;-0.03429240123127016;0.04139610389610393;1.25;0.3428;0.2180739942044611;1.3333333333333333;0.38120899718837864;-0.028023764152000898;0.75;0.8888333333333334;0.0;0.8571428571428571;1.0043677426227762;-0.034539706506865615;0.3333333333333333;0.42857142857142855;1.1636046584044344;0.5;0.24361439165064552;0.024242424242424163;0.019230769230769232;-0.7631881172957661;0.6666666666666666;-1.0909090909090908;-0.8235294117647058;0.2664776754075123;0.29767441860465116;0.0;2.0;1.0;-0.2;-0.6;0.5283274141721629;0.5569620253164558;-0.2;0.046038543897216275;-1.0;-1.0;0.151031894934334;0.2;0.15016855654305852
0.2647058823529412;0.26785714285714285;0.19498069498069498;0.2647058823529411;0.016666666666666666;0.29906542056074764;0.17796610169491528;1.3081761006289307;1.0;0.6317435496481626;0.955;-1.7142857142857144;0.6887254901960784;0.6930582659604125;5;0.0;0.140625;0.28800000000000003;0.256;0.17857142857142855;0.19642857142857142;0.10714285714285714;0.1607142857142857;0.1607142857142857;0.003636363636363639;0.4444444444444444;1.2;0.5;-0.75;0.0;-0.5;1.25;1.1111111111111112;0.18181818181818182;0.3333333333333333;-0.7293409166945466;0.05458070288810454;-0.39528929851510475;0.31805615046143065;0.2085346215780998;-0.06797677241560303;0.1232876712328767;0.0;0.32069672131147536;-0.1142857142857144;0.23076923076923078;0.04382537795141837;0.19230769230769232;0.26785714285714285;0.21428846153846157;-0.21353084635534283;0.11538461538461539;0.26785714285714285;0.18267509843694069;-0.4467265725288831;0.11538461538461539;0.19607843137254904;0.7196718725351;0.5934868717535164;0.14882088071434024;0.5560064935064936;1.25;0.4;0.1434058898847631;1.3333333333333333;0.3446579194001875;-0.05649590853043386;0.75;0.7778333333333333;0.0;0.8571428571428571;1.1567060828805795;-0.02283772943896578;0.3333333333333333;0.42857142857142855;1.241078657283428;0.5;0.13045866520186766;-1.2121212121212124;-0.9807692307692306;0.11208942653701866;0.5891472868217054;1.0909090909090908;1.3529411764705883;0.43169737774627914;0.34883720930232553;0.0;0.0;1.0;1.0;0.6;-0.15761880602063252;0.5569620253164558;1.0;0.046038543897216275;-1.0;0.0;0.2961225766103815;-1.0;0.12503830830524057
0.29411764705882354;0.23214285714285712;0.22007722007722008;0.2941176470588235;0.016666666666666666;0.29906542056074764;0.10169491525423728;0.9308176100628931;-1.75;0.6473807662236122;1.025;-1.0000000000000002;0.7083333333333334;0.6894340674658483;5;0.0;0.21874999999999997;0.216;0.28800000000000003;0.26785714285714285;0.17857142857142855;0.19642857142857142;0.21428571428571427;0.1607142857142857;0.003636363636363639;0.0;0.6;1.0;-1.25;0.0;1.0;-0.5;1.1111111111111112;0.0;0.3333333333333333;-0.24623619939779184;-0.24108962568971526;-0.2844444444444441;0.6442116740002337;-0.15557344784397914;-0.1448771365768839;0.1232876712328767;0.0;0.32069672131147536;-0.037500000000000235;0.24359615384615385;0.0;0.19230769230769232;0.26785714285714285;0.21703846153846154;-0.18787824044801732;0.11538461538461539;0.26785714285714285;0.18647337231038458;-0.4648493543758966;0.11538461538461539;0.19607843137254904;0.9451017510648366;0.7069566661132325;0.34104149177033244;-0.04139610389610384;0.5;0.5428;-0.1881528404879035;1.3333333333333333;0.3362230552952203;-0.08855509472032284;0.75;-0.5555;-0.9090909090909091;0.5714285714285714;0.7001171833386598;0.6545557495399424;-0.5;0.42857142857142855;0.8063772809366633;-0.3333333333333333;0.33754463059599016;0.6303030303030304;1.4615384615384615;0.40517571395758384;0.627906976744186;-1.9090909090909092;-2.0;0.8786321757618711;0.3069767441860465;0.0;0.0;0.0;-0.4;-0.7;-0.08501042899825247;0.5443037974683544;-0.4;0.0;0.3333333333333333;0.6666666666666666;-0.06504065040650399;-0.2;0.11890897946674836
0.32352941176470584;0.21428571428571427;0.24324324324324323;0.32352941176470584;0.016666666666666666;0.27102803738317754;0.11864406779661017;0.5283018867924528;-2.0;0.6630179827990618;1.087;-0.4000000000000001;0.7279411764705882;0.6860886534708666;5;0.0;0.125;0.33599999999999997;0.216;0.23214285714285712;0.26785714285714285;0.17857142857142855;0.17857142857142855;0.1607142857142857;0.003636363636363639;0.14814814814814814;0.0;0.5;0.25;0.0;-1.75;1.0;-0.4444444444444444;0.9090909090909091;0.3333333333333333;0.4238875878220142;-0.23631754237709393;-0.1690937019969275;0.6143062964837819;-0.1655931293612452;-0.19933729208359288;0.1232876712328767;0.0;0.22540983606557374;0.0;0.25640384615384615;-0.33599456429420743;0.23076923076923078;0.26785714285714285;0.22251923076923077;-0.2048595429500497;0.11538461538461539;0.26785714285714285;0.1879847273595036;-0.49747036170052095;0.11538461538461539;0.19607843137254904;0.7070515854235683;0.7959488626930102;0.5307181561474471;-0.42735389610389607;0.0;0.5144;-0.16497068535615608;1.3333333333333333;0.3289597000937207;-0.11613047864589178;0.75;-1.2221666666666666;-1.0909090909090908;0.5714285714285714;-0.12165761159049748;0.9754164110791299;-0.6666666666666666;0.2857142857142857;0.40231674659027217;-0.5;0.32298819005767654;0.024242424242424163;-0.4807692307692307;0.40517571395758384;0.7069767441860464;0.09090909090909091;1.2352941176470589;0.8559532246633593;0.2558139534883721;0.0;0.0;0.0;-0.2;0.1;-0.08501042899825247;0.4683544303797469;-0.2;-0.352962169878658;0.0;-0.16666666666666666;-0.13602251407129456;0.4;0.09714986209010115
0.3529411764705882;0.21428571428571427;0.2664092664092664;0.35746606334841624;0.016666666666666666;0.22429906542056074;0.211864406779661;0.6037735849056604;0.625;0.6763096168881938;1.1;-0.4571428571428571;0.7475490196078431;0.6827432394758848;5;0.0;0.14583333333333334;0.19200000000000003;0.33599999999999997;0.21428571428571427;0.23214285714285712;0.26785714285714285;0.25;0.1607142857142857;0.003636363636363639;0.14814814814814814;0.2;0.0;0.5;0.0;-2.0;-1.75;0.8888888888888888;0.09090909090909091;0.3333333333333333;-0.02475744396119098;-0.19814087587612492;-0.05202252944188412;1.3226899264047354;0.19422079083914826;0.05537876053935247;0.1232876712328767;0.0;0.0;0.0142857142857143;0.23717307692307693;-0.6590793273314081;0.23076923076923078;0.23214285714285712;0.21703846153846154;-0.2698943184897481;0.11538461538461539;0.26785714285714285;0.18925744740086703;-0.5264668126557426;0.11538461538461539;0.19607843137254904;0.6277015302098121;0.9540096297526148;0.7184614210486147;-0.661525974025974;0.0;0.4572;-0.15230136801671268;1.3333333333333333;0.3231021555763824;-0.14011882076000448;0.75;-1.3888333333333334;-1.0909090909090908;0.14285714285714285;-0.030467668051560665;1.0080687019298824;-0.6666666666666666;0.2857142857142857;0.4631002055178427;-0.5;0.17275473770942057;0.0;-0.019230769230769232;-0.32983691907204654;0.6666666666666666;1.7272727272727273;1.0;1.1420978029766125;0.4418604651162791;0.0;0.0;0.0;0.0;0.1;-0.7132307345397146;0.4936708860759494;0.0;-0.6923625981441827;0.0;0.0;-0.6066291432145091;0.2;0.07998774134232303
0.38235294117647056;0.2857142857142857;0.29729729729729726;0.38235294117647056;0.016666666666666666;0.16822429906542055;0.2457627118644068;0.8050314465408805;1.0;0.6935105551211883;1.103;-0.7285714285714286;0.767156862745098;0.6782826874825751;5;0.0;0.26041666666666663;0.224;0.19200000000000003;0.21428571428571427;0.21428571428571427;0.23214285714285712;0.10714285714285714;0.1607142857142857;0.003636363636363639;0.14814814814814814;0.2;0.16666666666666666;0.5;0.0;0.625;-2.0;-1.5555555555555556;0.8181818181818182;0.3333333333333333;-0.02475744396119098;-0.11781080678033493;0.06709677419354859;1.5617771893617853;0.8277867239219896;0.3596994849250355;0.1232876712328767;0.0;-0.7745901639344263;0.0142857142857143;0.25640384615384615;-0.0706641753015117;0.23076923076923078;0.2857142857142857;0.24450000000000002;-0.5134134224550628;0.19230769230769232;0.2857142857142857;0.19601877262061007;-0.45669410254474047;0.11538461538461539;0.21568627450980393;0.9507808802650258;1.0713692749223216;0.9302704215319647;-0.661525974025974;0.0;0.4;-0.15230136801671268;1.3333333333333333;0.3179475164011247;-0.1616410716287412;0.75;-0.16666666666666666;-1.0909090909090908;0.5714285714285714;-0.091403004154682;0.9554098051243335;-0.6666666666666666;0.2857142857142857;0.5684748084947375;-0.5;0.15490249931337546;0.024242424242424163;0.019230769230769232;-0.7631881172957661;0.6666666666666666;0.45454545454545453;-0.8823529411764706;0.20473068745570516;0.4604651162790697;0.0;0.0;0.0;0.8;0.4;-0.3420711426799707;0.5569620253164558;0.8;-0.07423269093504631;0.0;0.0;-0.7870544090056285;0.2;0.07661661048115234
0.4117647058823529;0.2857142857142857;0.3281853281853282;0.4117647058823529;0.016666666666666666;0.1588785046728972;0.2796610169491526;1.1069182389937107;1.5;0.7021110242376857;1.1;-0.9285714285714287;0.7843137254901961;0.6738221354892664;5;0.0;0.3020833333333333;0.4;0.224;0.2857142857142857;0.21428571428571427;0.21428571428571427;0.19642857142857142;0.1607142857142857;0.003636363636363639;0.14814814814814814;0.2;0.16666666666666666;1.25;0.0;1.0;0.625;-1.7777777777777777;0.8181818181818182;0.3333333333333333;-0.008029441284710613;-0.005468012129045059;0.09814644137224814;0.3881468790156147;1.4989264626945784;0.6602145598897678;0.1232876712328767;1.155;0.0;0.42321428571428554;0.28205769230769234;-0.0706641753015117;0.23076923076923078;0.2857142857142857;0.25825000000000004;-0.4552434287778882;0.19230769230769232;0.2857142857142857;0.20596189794376163;-0.416219889753077;0.11538461538461539;0.21568627450980393;1.2587158857864014;1.211593652901971;1.003586964817217;-0.42735389610389607;0.0;0.2286;-0.431295909427859;0.3333333333333333;0.30107778819119024;-0.15603631879834104;0.75;1.3888333333333334;0.8181818181818182;1.1428571428571428;-0.030467668051560665;1.0193931958665599;-0.6666666666666666;0.5714285714285714;0.639720993959021;-0.5;0.14089535841801704;0.024242424242424163;0.0;-0.7631881172957661;0.6682170542635658;0.45454545454545453;-0.058823529411764705;0.08345145287030477;0.3953488372093023;-2.0;-2.0;1.0;0.0;-0.4;-0.41806189751395223;0.5569620253164558;0.0;-0.07423269093504631;-0.3333333333333333;-0.16666666666666666;-0.6066291432145091;0.0;0.07600367759730312
0.4411764705882353;0.19642857142857142;0.3494208494208494;0.4434389140271493;-0.31666666666666665;0.14953271028037382;0.17796610169491528;0.7547169811320755;-1.875;0.7099296325254105;1.142;-0.4714285714285714;0.8014705882352942;0.6707555059938661;5;0.17641509433962263;0.34374999999999994;0.4640000000000001;0.4;0.2857142857142857;0.2857142857142857;0.21428571428571427;0.17857142857142855;0.23214285714285712;0.05090909090909091;0.0;0.2;0.16666666666666666;0.5;0.5;1.5;1.0;0.5555555555555556;-0.45454545454545453;-0.2222222222222222;-0.008029441284710613;0.13809216085897494;0.1357501280081928;1.045442155679296;1.2530864197530864;0.5077261244709822;0.1643835616438356;1.155;0.22540983606557374;0.6589285714285715;0.2756346153846154;0.12570069644980467;0.21153846153846156;0.2857142857142857;0.26098076923076924;-0.5379821154367266;0.21153846153846156;0.2857142857142857;0.20313805035198662;-0.416219889753077;0.11538461538461539;0.21568627450980393;0.8764789398958824;1.1969829937620078;1.0740034088885495;-0.2556818181818181;0.0;0.11440000000000002;-0.4887121773704427;-0.3333333333333333;0.2509372071227741;-0.14325748234502864;0.75;0.2778333333333333;-1.0;1.1428571428571428;-0.36518589538723767;1.2675883546454019;-0.6666666666666666;0.5714285714285714;0.3193622719063337;-0.5;0.30156550398242243;0.024242424242424163;-0.0;-0.7809509225939821;0.6682170542635658;-2.4545454545454546;-1.9411764705882353;1.004075124025514;0.24651162790697673;0.0;2.0;1.0;-1.0;-0.5;0.07802018152094256;0.44303797468354433;-1.0;0.13204853675945757;-0.3333333333333333;0.0;-0.6066291432145091;-0.2;0.07661661048115234
0.47058823529411764;0.19642857142857142;0.37065637065637064;0.47058823529411764;-0.31666666666666665;0.14018691588785046;0.19491525423728812;0.4025157232704403;-1.75;0.7177482408131353;1.179;-0.0857142857142857;0.8186274509803921;0.6676888764984659;5;0.2858490566037736;0.21874999999999997;0.528;0.4640000000000001;0.19642857142857142;0.2857142857142857;0.2857142857142857;0.26785714285714285;0.1607142857142857;0.08363636363636365;-0.14814814814814814;0.0;0.16666666666666666;-0.25;-1.5;-1.875;1.5;0.8888888888888888;0.6363636363636364;-0.2222222222222222;-0.008029441284710613;0.019784262066908396;0.12583717357910945;1.1448152330516725;1.2484344247629273;0.3638988222171191;0.1917808219178082;0.0;0.32069672131147536;0.7678571428571428;0.24359615384615385;0.12570069644980467;0.21153846153846156;0.2857142857142857;0.25;-0.5054647276668773;0.21153846153846156;0.2857142857142857;0.20596189794376163;-0.4500490825341689;0.11538461538461539;0.21568627450980393;0.46994794131566475;1.168805293992078;1.1178101706988222;-0.2556818181818181;-0.25;0.05720000000000001;-0.3733405215984904;-0.3333333333333333;0.2509372071227741;-0.14325748234502864;0.75;-0.9445;-1.0;1.1428571428571428;-1.034835410674337;1.2517340631340537;-0.6666666666666666;0.5714285714285714;0.016939652488011454;-0.5;0.29414995880252687;0.024242424242424163;0.0;-0.7809509225939821;0.6682170542635658;0.09090909090909091;1.588235294117647;0.9120304748405386;0.22790697674418603;0.0;0.0;1.0;0.0;0.5;-0.287727605840239;0.44303797468354433;0.0;0.13204853675945757;-0.3333333333333333;0.0;-0.7870544090056285;-0.2;0.06650321789764022
0.5;0.26785714285714285;0.3996138996138996;0.5;-0.31666666666666665;0.12149532710280374;0.2923728813559322;0.5534591194968553;0.75;0.7255668491008601;1.183;-0.17142857142857149;0.8406862745098039;0.6635071090047386;5;0.3632075471698113;0.23958333333333334;0.33599999999999997;0.528;0.19642857142857142;0.19642857142857142;0.2857142857142857;0.23214285714285712;0.21428571428571427;0.1272727272727273;-0.2962962962962963;-0.2;0.0;0.0;-2.5;-1.75;-1.875;1.3333333333333333;-1.3636363636363635;-0.4444444444444444;0.008698561391770054;0.027340060645225293;0.08708653353814663;1.4117830302558314;1.1054750402576488;0.4696696302614745;0.2876712328767123;0.0;0.32069672131147536;0.7678571428571428;0.23717307692307693;-0.0706641753015117;0.21153846153846156;0.26785714285714285;0.2555;-0.45885647186342693;0.21153846153846156;0.2857142857142857;0.2102374418327168;-0.41652193611719385;0.11538461538461539;0.21568627450980393;0.793500552137561;1.1832262043120418;1.178610496323997;-0.42735389610389607;-0.5;-0.028600000000000004;-0.32886313093874253;-0.3333333333333333;0.28444236176194937;-0.2037888129133506;0.75;-1.2778333333333334;-1.0;0.2857142857142857;-0.42612123149035896;1.2228566035955268;-0.6666666666666666;0.5714285714285714;0.10587282805007164;-0.5;0.18236748146113707;0.04848484848484854;0.019230769230769232;-0.7631881172957661;0.6697674418604651;1.8181818181818181;1.0588235294117647;1.4619064493267189;0.44651162790697674;0.0;0.0;0.0;0.8;0.4;0.07802018152094256;0.5569620253164558;0.8;-0.07423269093504631;0.0;0.16666666666666666;-0.6066291432145091;0.0;0.057922157523751155
0.5294117647058824;0.2857142857142857;0.4305019305019305;0.5294117647058824;-0.31666666666666665;0.102803738317757;0.2966101694915254;0.6289308176100629;0.5;0.7333854573885847;1.192;-0.1857142857142858;0.9264705882352942;0.6590465570114299;5;0.420754716981132;0.35937499999999994;0.368;0.33599999999999997;0.26785714285714285;0.19642857142857142;0.19642857142857142;0.21428571428571427;0.17857142857142855;0.16363636363636364;-0.2962962962962963;-0.4;-0.16666666666666666;0.0;0.5;0.75;-1.75;-1.6666666666666667;-1.5454545454545454;0.6666666666666666;0.008698561391770054;0.03509469602823463;0.10314388120839765;1.2568046415638021;0.5923242082662374;0.6405301663331257;0.2876712328767123;0.0;0.22540983606557374;0.6589285714285715;0.2692307692307693;0.04382537795141837;0.21153846153846156;0.2857142857142857;0.26648076923076924;-0.4151386505284075;0.21153846153846156;0.2857142857142857;0.21874875710933456;-0.39175413425960876;0.11538461538461539;0.21568627450980393;1.1803123521060102;1.2205118474419487;1.2464829937164514;-0.42735389610389607;-0.5;-0.08559999999999998;-0.357975604825123;-0.3333333333333333;0.23430178069353327;-0.19123416657325418;0.75;-0.22216666666666665;-0.9090909090909091;0.2857142857142857;0.18259294769361883;0.9282310196763082;-0.5833333333333334;0.5714285714285714;-0.01868344024413029;-0.5;0.19555067289206268;0.024242424242424163;-0.019230769230769232;-0.7631881172957661;0.6697674418604651;-0.18181818181818182;-1.3529411764705883;0.42425584691708007;0.4325581395348837;0.0;0.0;0.0;0.2;-0.3;-0.4692485483961892;0.569620253164557;0.2;0.046038543897216275;0.3333333333333333;0.16666666666666666;-0.47435897435897434;0.4;0.057002758197977316
0.5588235294117647;0.125;0.444015444015444;0.5588235294117646;0.016666666666666666;0.102803738317757;0.3771186440677966;1.6603773584905661;2.5;0.743549648162627;1.187;-0.442857142857143;0.9387254901960784;0.6570950655143566;5;0.500943396226415;0.3645833333333333;0.552;0.368;0.2857142857142857;0.26785714285714285;0.19642857142857142;0.21428571428571427;0.25;0.21454545454545454;-0.14814814814814814;-0.4;-0.3333333333333333;0.0;1.0;0.5;0.75;-1.5555555555555556;0.36363636363636365;-0.3333333333333333;0.8919371027099366;0.29000347964408196;0.1758934971838199;0.8973170826681205;1.3924673465736268;0.9776582133132116;0.3287671232876712;0.0;0.0;0.42321428571428554;0.24359615384615385;0.8207915746560215;0.13461538461538464;0.2857142857142857;0.25275000000000003;-0.009755216330954794;0.13461538461538464;0.2857142857142857;0.208805631786183;-0.2866419995469304;0.11538461538461539;0.21568627450980393;0.5945732765420411;1.054102132302365;1.2863720776412524;-0.04139610389610384;0.0;-0.08559999999999998;-0.357975604825123;-0.3333333333333333;0.20079662605435802;-0.20916937563053478;0.75;1.6666666666666667;0.7272727272727273;2.2857142857142856;0.6391818472355385;1.3468598122021422;-0.5833333333333334;1.7142857142857142;0.30167528180855707;-0.5;0.15682504806371883;1.2606060606060607;0.9807692307692306;0.11208942653701866;0.7472868217054263;1.4545454545454546;1.0;0.4055634301913536;0.413953488372093;0.0;0.0;0.0;-1.8;-1.0;0.5962004622583008;0.40506329113924056;-1.8;0.8622412562455388;0.6666666666666666;0.16666666666666666;-0.47435897435897434;0.8;0.055163959546429636
0.5882352941176471;0.05357142857142857;0.4498069498069498;0.5882352941176471;0.016666666666666666;0.037383177570093455;0.3220338983050848;1.2830188679245282;0.625;0.7607505863956217;1.201;-0.5571428571428572;0.9485294117647058;0.6562587120156111;5;0.5443396226415094;0.4635416666666666;0.56;0.552;0.125;0.2857142857142857;0.26785714285714285;0.2857142857142857;0.10714285714285714;0.23636363636363636;0.14814814814814814;-0.2;-0.3333333333333333;0.0;1.0;2.5;0.5;0.6666666666666666;0.6363636363636364;0.5555555555555556;0.8775510204081634;0.4403241039916488;0.24102406554019487;0.6549589190452084;1.4871175523349436;1.0658442964469672;0.3287671232876712;0.0;-0.7745901639344263;0.0142857142857143;0.16667307692307692;1.4068286054017323;0.057692307692307696;0.2857142857142857;0.21703846153846154;0.49281907686749155;0.057692307692307696;0.2857142857142857;0.20454997414787413;-0.133806539303783;0.057692307692307696;0.21568627450980393;-0.4557501183151918;0.7697635255330757;1.233712381388486;-0.2556818181818181;0.0;-0.1142;-0.4008356358245164;-0.3333333333333333;0.15042174320524834;-0.22934648581997538;0.75;1.6111666666666666;0.7272727272727273;2.2857142857142856;0.5477788430808566;1.3196810267541168;-0.5833333333333334;1.7142857142857142;0.21249299370990846;-0.5;0.2194452073606153;0.0;-1.0;0.1298522318352348;0.7457364341085271;-1.4545454545454546;-1.9411764705882353;0.7885364989369242;0.34883720930232553;0.0;0.0;0.0;-0.8;0.5;0.18873668188736673;0.3417721518987342;-0.8;1.477872947894361;-0.3333333333333333;-0.5;-0.30925578486554095;0.4;0.056083358872203476
0.6176470588235294;0.07142857142857142;0.4575289575289575;0.6176470588235294;-0.31666666666666665;-0.06542056074766354;0.4194915254237288;1.9119496855345912;3.25;0.6379984362783424;1.195;1.6;0.9583333333333334;0.6551435740172842;5;0.580188679245283;0.3958333333333333;0.7120000000000001;0.56;0.05357142857142857;0.125;0.2857142857142857;0.2857142857142857;0.19642857142857142;0.27636363636363637;0.0;0.2;-0.16666666666666666;-0.25;2.5;0.625;2.5;0.4444444444444444;1.0;0.5555555555555556;-0.02475744396119098;0.5103146592434259;0.29951868919610874;0.9384369767532417;2.2638217928073003;1.4654374856467969;0.3287671232876712;1.155;0.0;0.42321428571428554;0.08975;-0.14778325123152708;0.057692307692307696;0.125;0.1840576923076923;0.5546021136302051;0.057692307692307696;0.2857142857142857;0.19460684882472257;0.038661934606962205;0.057692307692307696;0.21568627450980393;-0.7113109323237103;0.477645217143806;1.1311913302297183;-0.2556818181818181;0.0;-0.14279999999999998;-0.41269627333378256;-0.3333333333333333;0.033270852858481706;-0.3817957628068603;0.0;2.8333333333333335;0.8181818181818182;3.142857142857143;0.9739000745712154;1.7998395696692304;-0.5833333333333334;2.5714285714285716;0.49722862303045406;-0.5;0.1535292502059874;0.024242424242424163;0.019230769230769232;0.1298522318352348;0.6666666666666666;1.8181818181818181;2.0588235294117645;1.1154323175053154;0.3674418604651163;-2.0;-2.0;1.0;0.2;0.5;0.18873668188736673;0.4683544303797469;0.2;-0.15524625267665954;-0.3333333333333333;0.0;-0.2454659161976235;-0.2;0.05332516089488201
0.6470588235294118;0.07142857142857142;0.46525096525096526;0.6470588235294117;0.016666666666666666;-0.1308411214953271;0.3516949152542373;2.1132075471698113;1.0;0.794370602032838;1.21;-1.0428571428571431;0.9656862745098039;0.6540284360189572;5;0.6433962264150943;0.515625;0.6080000000000001;0.7120000000000001;0.07142857142857142;0.05357142857142857;0.125;0.19642857142857142;0.17857142857142855;0.3127272727272727;-0.14814814814814814;0.0;0.16666666666666666;-0.5;1.0;3.25;0.625;2.2222222222222223;-1.4545454545454546;-1.0;0.4238875878220142;0.6178853705820948;0.3782488479262676;0.978466570616409;1.5799785292538913;1.38774974574325;0.3287671232876712;1.155;0.22540983606557374;0.6589285714285715;0.07051923076923076;-0.6590793273314081;0.057692307692307696;0.07142857142857142;0.1648269230769231;0.680336013006955;0.057692307692307696;0.2857142857142857;0.1860756472974585;0.1712602884542778;0.057692307692307696;0.21568627450980393;-0.6343271809433666;0.09340385664476654;0.9759088249510289;-0.2556818181818181;0.0;-0.08559999999999998;-0.357975604825123;-0.3333333333333333;0.0;-0.43649815043156603;-0.5;2.1666666666666665;0.8181818181818182;3.142857142857143;1.6740172579098753;1.3015618364554333;-0.5;2.5714285714285716;0.7107180668867162;-0.5;0.2285086514693766;0.6303030303030304;0.4807692307692307;-0.32983691907204654;0.7069767441860464;-1.7272727272727273;-2.3529411764705883;1.2900425230333097;0.35348837209302325;0.0;2.0;1.0;0.0;-0.1;-0.3420711426799707;0.5189873417721519;0.0;-0.6923625981441827;0.6666666666666666;0.5;-0.2454659161976235;0.4;0.054551026662580465
0.676470588235294;0.25;0.49227799227799224;0.676470588235294;1.0166666666666666;-0.1588785046728972;0.3686440677966102;2.3647798742138364;1.25;0.8123534010946052;1.228;-1.1142857142857145;0.9730392156862745;0.6501254530248115;5;0.6603773584905659;0.43229166666666663;0.792;0.6080000000000001;0.07142857142857142;0.07142857142857142;0.05357142857142857;0.19642857142857142;0.26785714285714285;0.36727272727272725;0.14814814814814814;-0.2;0.0;-0.75;-0.5;1.0;3.25;0.5555555555555556;-1.3636363636363635;0.3333333333333333;1.7350284376045504;0.9853357856539248;0.4774603174603177;0.43907947509832174;0.49033816425120785;1.4426035891210924;0.3287671232876712;0.0;0.32069672131147536;0.7678571428571428;0.14101923076923079;1.1065058603703073;0.07692307692307693;0.25;0.17307692307692307;0.8002890434468429;0.057692307692307696;0.2857142857142857;0.184663723501571;0.1540436456996151;0.057692307692307696;0.21568627450980393;0.2257453857075247;-0.16769051967458076;0.8566486046452465;1.028003246753247;1.5;0.1714;0.10351101826268612;1.6666666666666667;0.11715089034676664;-0.1970631095168703;1.0;2.4445;1.0909090909090908;3.142857142857143;2.4046021093000958;0.4775161609965554;1.0;2.5714285714285716;0.7463411596188578;-0.5;0.24855808843724259;1.8909090909090915;1.0;0.42201975346451276;0.8263565891472868;0.09090909090909091;1.1176470588235294;1.0950566973777462;0.2651162790697674;0.0;0.0;1.0;2.0;1.0;0.30328654377360603;0.6329113924050633;2.0;1.162384011420414;2.0;0.6666666666666666;0.31113195747342093;1.8;0.05117989580140972
0.7058823529411764;0.25;0.5193050193050194;0.7058823529411765;1.0166666666666666;-0.18691588785046728;0.3347457627118644;2.339622641509434;0.0;0.8295543393275995;1.255;-1.0428571428571431;0.9803921568627451;0.6462224700306658;5;0.7264150943396225;0.45312499999999994;0.664;0.792;0.25;0.07142857142857142;0.07142857142857142;0.26785714285714285;0.23214285714285712;0.41454545454545455;1.037037037037037;0.2;-0.16666666666666666;-0.75;0.0;1.25;1.0;2.888888888888889;0.45454545454545453;-2.111111111111111;1.7500836400133828;1.225729482527216;0.5994470046082953;-0.23488181924379894;0.23966720343531955;1.0881532758111614;0.38356164383561636;0.0;0.32069672131147536;0.7678571428571428;0.2051346153846154;1.1065058603703073;0.07692307692307693;0.25;0.17032692307692307;0.7410351368440068;0.057692307692307696;0.2857142857142857;0.1860756472974585;0.1661255002642908;0.057692307692307696;0.21568627450980393;0.9432087079981067;-0.08590877825478523;0.763998066600524;1.028003246753247;2.0;0.48580000000000007;0.385470719051149;2.3333333333333335;0.2509372071227741;0.022194821208384657;1.5;1.0;0.36363636363636365;0.8571428571428571;2.222009161606477;0.6449299296937668;0.6666666666666666;2.5714285714285716;0.9954536962072619;-0.5;0.30815709969788524;0.6545454545454548;-0.9807692307692306;0.1298522318352348;0.827906976744186;-1.0;-0.7647058823529411;0.2591247342310419;0.3023255813953488;0.0;0.0;0.0;0.0;-1.0;0.36326737696600697;0.6329113924050633;0.0;1.162384011420414;0.6666666666666666;-0.6666666666666666;-0.06504065040650399;1.8;0.047502298498314416
0.7352941176470588;0.2857142857142857;0.5501930501930502;0.7352941176470588;1.6833333333333333;-0.18691588785046728;0.326271186440678;2.238993710691824;-0.5;0.8475371383893666;1.287;-0.9142857142857144;0.9852941176470588;0.641761918037357;5;0.7849056603773584;0.4114583333333333;0.6960000000000001;0.664;0.25;0.25;0.07142857142857142;0.2857142857142857;0.21428571428571427;0.45818181818181813;1.3333333333333333;1.4;0.16666666666666666;-0.5;0.0;0.0;1.25;0.8888888888888888;0.2727272727272727;-2.3333333333333335;1.307126129140181;1.4376895163294727;0.7456835637480802;-0.033643549706008365;-0.003667919126856358;0.649191299498048;0.5753424657534247;0.0;0.22540983606557374;0.6589285714285715;0.28205769230769234;-0.46271445558009155;0.2692307692307693;0.2857142857142857;0.17032692307692307;0.7410351368440068;0.057692307692307696;0.2857142857142857;0.1917631149823012;0.22019179944121425;0.057692307692307696;0.21568627450980393;1.1026975863700896;0.36749602713408125;0.705029382584141;0.5783279220779222;3.0;0.8858;0.7482984028573354;3.6666666666666665;0.45173383317713217;0.3212644322385383;2.5;0.3333333333333333;0.0;0.8571428571428571;1.9784808778097367;0.8938800547350539;0.3333333333333333;2.5714285714285716;1.2089431400635238;-0.4166666666666667;0.35072782202691577;1.2848484848484854;0.5;0.0;0.7891472868217053;-0.45454545454545453;0.29411764705882354;-0.10108079376328845;0.27441860465116275;0.0;0.0;0.0;0.4;0.2;0.25458030328654363;0.5316455696202532;0.4;-0.48608137044967875;1.3333333333333333;0.3333333333333333;-0.16166353971232017;1.4;0.0422923689855961
0.7647058823529411;0.08928571428571427;0.5598455598455598;0.7466063348416289;-1.6500000000000001;-0.3925233644859813;0.3516949152542373;2.238993710691824;0.0;0.8639562157935887;1.3;-1.0285714285714287;0.9901960784313726;0.6403679955394477;5;0.7971698113207547;0.40104166666666663;0.632;0.6960000000000001;0.2857142857142857;0.25;0.25;0.125;0.21428571428571427;0.5018181818181818;1.9259259259259258;1.8;1.1666666666666667;0.0;0.0;-0.5;0.0;1.1111111111111112;1.7272727272727273;0.0;1.681498829039813;0.9179301088631507;0.639508448540707;-0.38207234920758537;-0.05161925210234372;0.5390899248712314;0.5753424657534247;0.0;0.0;0.42321428571428554;0.22436538461538463;1.1353830473925597;0.09615384615384616;0.2857142857142857;0.1648269230769231;0.7984825219040735;0.057692307692307696;0.2857142857142857;0.18181998965914964;0.30446273502982707;0.057692307692307696;0.21568627450980393;0.46521533364884043;0.6148336140034628;0.6101910503955835;5.020292207792208;3.0;0.48580000000000007;1.5901341060718377;3.6666666666666665;0.21743205248359887;0.658222172402197;2.5;-0.22216666666666665;0.0;-0.5714285714285714;1.369766698625759;0.7627046666352095;0.3333333333333333;2.5714285714285716;1.1200099645014638;-0.4166666666666667;0.2592694314748696;-6.133333333333335;-5.884615384615385;4.41497588239798;0.35503875968992243;0.2727272727272727;0.4117647058823529;-0.010364989369241672;0.3395348837209302;0.0;0.0;0.0;-2.2;-1.3;0.6397203901009074;0.3924050632911393;-2.2;1.1927194860813704;-8.666666666666666;-5.0;4.457786116322702;-4.2;0.03616304014710389
0.7941176470588235;0.21428571428571427;0.5830115830115831;0.7941176470588235;-4.316666666666666;-0.7757009345794392;0.3559322033898305;2.2641509433962264;0.0;0.8795934323690382;1.303;-1.2714285714285716;0.9926470588235294;0.6370225815444659;5;0.7999999999999999;0.43229166666666663;0.616;0.632;0.08928571428571427;0.2857142857142857;0.25;0.05357142857142857;0.2857142857142857;0.56;-1.9259259259259258;2.6;1.5;-0.25;0.0;0.0;-0.5;0.0;0.36363636363636365;0.3333333333333333;3.8390766142522588;0.533180891783069;0.45443932411674376;-0.2682138546006776;-0.17865449991053853;0.4884354187854732;0.5753424657534247;0.0;-0.7745901639344263;0.0142857142857143;0.21153846153846156;1.0365211482928482;0.09615384615384616;0.2857142857142857;0.18955769230769232;0.6308373227350733;0.07692307692307693;0.2857142857142857;0.17613252197430695;0.2440534622064489;0.057692307692307696;0.21568627450980393;0.11295156964820938;0.7952847418230118;0.5609402426925132;8.316152597402597;3.0;-0.39999999999999997;3.4150549228384657;3.6666666666666665;-0.3181818181818182;1.6453312408922767;2.5;-0.22216666666666665;0.0;-0.5714285714285714;1.2174283583679557;0.8183834284905395;0.3333333333333333;2.5714285714285716;0.977766706109485;-0.4166666666666667;0.2183466080747048;-4.2666666666666675;1.4807692307692308;4.093714110711279;0.0;-0.18181818181818182;-0.35294117647058826;-0.27462792345854;0.35348837209302325;0.0;0.0;0.0;1.4;1.8;1.156547719713625;0.4556962025316456;1.4;1.0888650963597428;-6.0;1.3333333333333333;4.070669168230144;-8.6;0.033711308611707014
0.0;0.4107142857142857;0.02895752895752896;0.0;-0.65;0.2803738317757009;0.046610169491525424;-0.25157232704402516;1.0;0.0;0.255;-0.17142857142857149;0.0;0.7170337329244489;6;0.0;0.057291666666666664;0.088;0.088;0.4107142857142857;0.4107142857142857;0.4107142857142857;0.4107142857142857;0.4107142857142857;0.05454545454545454;-0.5925925925925926;-0.8;-0.6666666666666666;-1.25;-2.5;1.0;1.0;0.8888888888888888;0.6363636363636364;0.3333333333333333;0.6513884242221479;-0.7572699706715715;-0.9958832565284175;-0.30715314824189094;-0.8272499552692789;-1.1121682359502643;0.1506849315068493;0.0;-0.7745901639344263;-1.8392857142857144;0.44230769230769235;0.8265670120604721;0.44230769230769235;0.4107142857142857;0.44230769230769235;0.5025742931984464;0.44230769230769235;0.4107142857142857;0.42329873125720874;0.2374084421958772;0.44230769230769235;0.35294117647058826;0.5194825682284271;-0.5150257346837124;-0.9331196418123074;1.0604707792207795;-1.25;-0.7714000000000001;0.44288698699373275;-2.0;-0.9205716963448923;0.25893958076448836;-1.75;1.3333333333333333;1.0909090909090908;0.5714285714285714;1.7044849259614359;-0.04397678478742992;1.3333333333333333;0.0;1.9385937597309586;1.5;0.0;1.2121212121212124;-1.9038461538461537;1.3628359237424397;0.6666666666666666;-0.7272727272727273;0.4117647058823529;-0.13146704464918496;0.31162790697674414;0.0;0.0;0.0;-1.4;0.3;-0.4604543660860251;0.3670886075949368;-0.8;0.11099214846538184;2.0;-1.6666666666666667;1.4240150093808632;0.6;1.0
0.029411764705882353;0.2857142857142857;0.05984555984555985;0.029411764705882353;0.016666666666666666;0.2803738317757009;0.025423728813559324;-0.25157232704402516;0.0;0.17826426896012515;0.515;0.2857142857142857;0.0;0.7125731809311402;6;0.0;0.057291666666666664;0.088;0.088;0.4107142857142857;0.4107142857142857;0.4107142857142857;0.4107142857142857;0.4107142857142857;0.05454545454545454;-0.5925925925925926;-0.8;-0.6666666666666666;-1.25;-2.5;1.0;1.0;0.8888888888888888;0.6363636363636364;0.3333333333333333;0.6513884242221479;-0.7572699706715715;-0.9958832565284175;-0.30715314824189094;-0.8272499552692789;-1.1121682359502643;0.0821917808219178;0.0;-0.7745901639344263;-1.8392857142857144;0.375;0.8265670120604721;0.3076923076923077;0.4107142857142857;0.375;0.5025742931984464;0.3076923076923077;0.4107142857142857;0.3536968539951477;0.2374084421958772;0.3076923076923077;0.35294117647058826;0.5194825682284271;-0.5150257346837124;-0.9331196418123074;1.0604707792207795;0.25;-0.1714;0.44288698699373275;0.0;-0.21766635426429243;0.25893958076448836;-0.25;0.6666666666666666;0.36363636363636365;0.5714285714285714;0.8522424629807179;-0.04397678478742992;0.6666666666666666;0.0;0.9421436133773433;0.8333333333333334;0.2076352650370778;1.2121212121212124;-1.9038461538461537;1.3628359237424397;0.6666666666666666;-0.7272727272727273;0.4117647058823529;-0.13146704464918496;0.31162790697674414;0.0;0.0;0.0;-1.4;0.3;-0.4604543660860251;0.3670886075949368;-0.8;0.11099214846538184;2.0;-1.6666666666666667;1.4240150093808632;0.6;1.0
0.0588235294117647;0.21428571428571427;0.08301158301158301;0.058823529411764705;-0.31666666666666665;0.2523364485981308;0.03813559322033898;-0.27672955974842767;0.0;0.30492572322126654;0.659;0.0285714285714286;0.0;0.7092277669361575;6;0.0;0.031249999999999993;0.088;0.088;0.2857142857142857;0.4107142857142857;0.4107142857142857;0.4107142857142857;0.4107142857142857;0.05454545454545454;0.2962962962962963;-0.8;-0.6666666666666666;-1.25;-2.5;0.0;1.0;0.8888888888888888;0.6363636363636364;0.3333333333333333;0.2271662763466043;-1.009395039021723;-1.0997644649257547;-0.4658697091234766;-1.0095723743066738;-1.2458908828450512;0.0821917808219178;0.0;-0.7745901639344263;-1.8392857142857144;0.3269230769230769;1.0365211482928482;0.23076923076923078;0.4107142857142857;0.3269230769230769;0.7258603558847436;0.23076923076923078;0.4107142857142857;0.3039812273793898;0.42407309522011627;0.23076923076923078;0.35294117647058826;0.9507808802650258;-0.2556390977443609;-0.7940166374112798;0.5783279220779222;0.25;-0.23800000000000004;0.12264977424354741;0.0;-0.2956888472352391;-0.007398273736128219;-0.25;0.44449999999999995;0.36363636363636365;0.5714285714285714;0.5682326621923937;-0.23989052989194562;0.6666666666666666;0.0;0.6100766021050009;0.8333333333333334;0.15435319967042022;-1.1878787878787882;-1.9038461538461537;1.3628359237424397;0.6666666666666666;0.0;0.4117647058823529;-0.13146704464918496;0.31162790697674414;0.0;0.0;0.0;-0.8;0.3;-0.4604543660860251;0.3670886075949368;-0.8;0.11099214846538184;-1.3333333333333333;-1.6666666666666667;1.4240150093808632;0.6;0.39319644498927364
0.08823529411764705;0.2857142857142857;0.1138996138996139;0.08823529411764705;-0.65;0.205607476635514;0.0;-0.6037735849056604;-1.75;0.3948397185301016;0.843;1.0142857142857145;0.0;0.7047672149428488;6;0.0;0.04687499999999999;0.048000000000000015;0.088;0.21428571428571427;0.2857142857142857;0.4107142857142857;0.4107142857142857;0.4107142857142857;0.05454545454545454;-0.2962962962962963;0.4;-0.6666666666666666;-1.25;-2.5;0.0;0.0;0.8888888888888888;0.6363636363636364;0.3333333333333333;-1.221478755436601;-1.0535368096634687;-1.1179518689196106;-0.14407538647248938;-0.6018071211307925;-0.9468193300744726;0.0;0.0;-0.7745901639344263;-1.8392857142857144;0.28205769230769234;-0.0706641753015117;0.23076923076923078;0.2857142857142857;0.32211538461538464;0.36636256887363383;0.23076923076923078;0.4107142857142857;0.29900966471781404;0.12353696292380902;0.23076923076923078;0.35294117647058826;0.9507808802650258;0.17803183036455492;-0.5614490320282887;0.5783279220779222;0.25;-0.3714;0.06145966709346984;0.0;-0.45196813495782573;-0.05828942943616192;-0.25;-0.7778333333333333;-0.9090909090909091;-0.5714285714285714;-0.31959092361776925;0.6147312791959609;-0.5;0.0;-0.42797533785887776;-0.3333333333333333;0.47074979401263395;-0.6060606060606062;0.4615384615384615;0.8005512594747723;0.5503875968992248;-1.0909090909090908;-0.7647058823529411;-0.09133593196314667;0.2930232558139535;0.0;0.0;0.0;0.8;0.8;0.34342409380461114;0.5063291139240507;0.8;-0.07423269093504631;-0.6666666666666666;0.3333333333333333;0.8677298311444652;-1.0;0.26294820717131473
0.11764705882352941;0.21428571428571427;0.13706563706563707;0.11764705882352941;-0.9833333333333334;0.1308411214953271;0.09322033898305083;-0.4528301886792453;0.75;0.46364347146207974;0.84;-0.2857142857142857;0.0;0.701421800947867;6;0.0;0.0;0.07200000000000001;0.048000000000000015;0.2857142857142857;0.21428571428571427;0.2857142857142857;0.4107142857142857;0.4107142857142857;0.05454545454545454;-0.5925925925925926;-0.4;0.3333333333333333;-1.25;-2.5;-1.75;0.0;0.0;0.6363636363636364;0.3333333333333333;-0.8778855804616928;-1.0219217577173536;-1.1049257552483356;0.8647638331840662;-0.014045446412596172;-0.5157311111840164;0.0;0.0;-0.7745901639344263;-1.8392857142857144;0.25640384615384615;-0.0706641753015117;0.23076923076923078;0.2857142857142857;0.3038461538461539;0.33781952849787716;0.23076923076923078;0.4107142857142857;0.2801177266038261;0.09967530015857436;0.23076923076923078;0.35294117647058826;0.9507808802650258;0.5142667394037144;-0.3811340914294436;-0.04139610389610384;-0.75;-0.49139999999999995;0.0520250690747355;0.0;-0.5925492033739457;-0.06613608339872211;-0.25;-0.44449999999999995;-0.9090909090909091;0.2857142857142857;0.0;0.5118671259378097;-0.5;0.0;-0.05430653297627203;-0.3333333333333333;0.07360615215600114;-0.6060606060606062;0.0;-0.3564811270193707;0.5875968992248062;1.7272727272727273;1.7647058823529411;0.7521261516654855;0.38139534883720927;0.0;0.0;0.0;-0.8;-0.8;0.10282428547268717;0.5063291139240507;-0.8;-0.07423269093504631;-0.3333333333333333;0.16666666666666666;-0.30925578486554095;-0.4;0.16150781489426905
0.14705882352941174;0.25;0.1640926640926641;0.14705882352941177;-0.31666666666666665;0.09345794392523364;0.05084745762711865;-0.6289308176100629;-0.875;0.5144644253322908;0.942;0.2428571428571429;0.0;0.6975188179537213;6;0.0;0.11458333333333334;0.0;0.07200000000000001;0.21428571428571427;0.2857142857142857;0.21428571428571427;0.4107142857142857;0.4107142857142857;0.05454545454545454;-0.7407407407407407;-0.8;-0.3333333333333333;-1.25;-2.5;0.75;-1.75;0.0;0.6363636363636364;0.3333333333333333;0.04550016728002681;-0.6866829050057166;-0.9667997951868916;0.8577547603286478;-0.15485775630703164;-0.6190085627111972;0.0;0.0;-0.7745901639344263;-1.8392857142857144;0.2692307692307693;-0.17564124341769993;0.23076923076923078;0.2857142857142857;0.2980769230769231;0.1907686749164482;0.23076923076923078;0.4107142857142857;0.27415185140993514;-0.023257570037000665;0.23076923076923078;0.35294117647058826;0.7875059157595833;0.8780152273428049;-0.18606426009310842;-0.04139610389610384;-0.75;-0.47140000000000004;-0.02426039490531715;0.0;-0.5691190253045924;-0.1295818854388522;-0.25;-0.8333333333333334;-0.9090909090909091;0.2857142857142857;-0.2486417385746245;0.43750294908696263;-0.5;0.0;-0.3450208631749393;-0.3333333333333333;0.2642131282614667;0.6303030303030304;0.9807692307692306;0.12066457392236435;0.6666666666666666;-1.1818181818181819;-1.9411764705882353;0.9790928419560596;0.3767441860465116;0.0;0.0;0.0;0.4;0.6;0.0;0.4810126582278481;0.4;-0.1845110635260528;1.0;0.6666666666666666;0.040337711069418386;0.6;0.1627336806619675
0.1764705882352941;0.17857142857142855;0.1833976833976834;0.13122171945701358;0.016666666666666666;0.12149532710280374;0.10593220338983052;-0.5283018867924528;0.375;0.5535574667709147;0.992;0.2428571428571429;0.6617647058823529;0.6947309729579034;6;0.0;0.06249999999999999;0.17600000000000002;0.0;0.25;0.21428571428571427;0.2857142857142857;0.4107142857142857;0.4107142857142857;0.05454545454545454;-0.2962962962962963;-1.0;-0.6666666666666666;-1.25;-2.5;-0.875;0.75;-1.5555555555555556;0.6363636363636364;0.3333333333333333;0.8116426898628305;-0.22955709101754748;-0.7784536610343059;0.20232856975974464;0.10475934872070132;-0.4285948623732818;0.0;0.0;-0.7745901639344263;-1.8392857142857144;0.23076923076923078;-0.17564124341769993;0.19230769230769232;0.25;0.2829615384615385;0.2572486676903621;0.19230769230769232;0.4107142857142857;0.25852125840194085;0.0323189609605075;0.19230769230769232;0.35294117647058826;0.6363779775989902;1.1678565498920803;-0.030629118013686445;0.5560064935064936;0.0;-0.3714;0.012399757396050896;0.0;-0.45196813495782573;-0.09909203004147521;-0.25;0.11116666666666668;-0.2727272727272727;0.2857142857142857;-0.12165761159049748;0.33331760486953227;-0.5;0.0;-0.1965497913682506;-0.3333333333333333;0.16973358967316676;0.6060606060606062;-0.019230769230769232;0.11208942653701866;0.7441860465116279;0.9090909090909091;1.2941176470588236;0.829376328844791;0.33488372093023255;0.0;0.0;0.0;-0.8;-0.6;-0.15761880602063252;0.4810126582278481;-0.8;-0.1845110635260528;1.0;0.0;-0.06504065040650399;1.4;0.12350597609561756
0.20588235294117646;0.19642857142857142;0.20463320463320464;0.20588235294117646;0.35000000000000003;0.102803738317757;0.10593220338983052;-0.6037735849056604;-0.25;0.5840500390930414;1.049;0.5000000000000001;0.6568627450980392;0.6916643434625032;6;0.0;0.13020833333333334;0.096;0.17600000000000002;0.17857142857142855;0.25;0.21428571428571427;0.4107142857142857;0.4107142857142857;0.05454545454545454;0.14814814814814814;-0.4;-0.8333333333333334;-1.25;-2.5;0.375;-0.875;0.6666666666666666;0.6363636363636364;0.3333333333333333;0.40615590498494497;-0.14206889695282618;-0.6206656426011262;0.31120283478057714;0.32161388441581695;-0.357731045569371;0.0;1.155;0.0;-0.5767857142857145;0.22436538461538463;-0.14778325123152708;0.19230769230769232;0.25;0.25;-0.425977779785024;0.19230769230769232;0.2857142857142857;0.2492940381020562;0.0006040927282339856;0.19230769230769232;0.35294117647058826;0.3917021612241676;1.0150138753824625;0.11900582563789455;0.5560064935064936;0.75;-0.14279999999999998;0.1854572410539793;0.6666666666666666;-0.27624179943767574;0.034076897208833126;0.25;-0.3333333333333333;-0.2727272727272727;-0.14285714285714285;-0.42612123149035896;0.1449535223894682;-0.5;-0.2857142857142857;-0.2411409354175749;-0.3333333333333333;0.20873386432298824;0.024242424242424163;-0.4615384615384615;-0.3475997243702626;0.7054263565891472;-0.2727272727272727;-0.8235294117647058;0.38908575478384116;0.38139534883720927;-2.0;-2.0;1.0;0.2;0.5;-0.21376627769321838;0.4683544303797469;0.2;-0.15524625267665954;1.0;0.0;-0.7870544090056285;1.4;0.10695678823168861
0.23529411764705882;0.26785714285714285;0.2335907335907336;0.2352941176470588;0.35000000000000003;0.1308411214953271;0.09745762711864407;-0.779874213836478;-0.875;0.6082877247849882;1.124;1.1285714285714288;0.6715686274509803;0.6874825759687759;6;0.0;0.13020833333333334;0.20000000000000004;0.096;0.19642857142857142;0.17857142857142855;0.25;0.2857142857142857;0.4107142857142857;0.05454545454545454;0.5925925925925926;0.2;-0.3333333333333333;0.25;-2.5;-0.25;0.375;-0.7777777777777778;-0.09090909090909091;0.3333333333333333;0.4238875878220142;0.30869413928518175;-0.43608806963645647;-0.6780109808808068;0.2774199320093042;-0.3666546373150486;0.0;1.155;0.22540983606557374;-0.26428571428571435;0.23076923076923078;0.04382537795141837;0.19230769230769232;0.26785714285714285;0.24725;-0.49354168548459937;0.19230769230769232;0.2857142857142857;0.25094459690569937;-0.07823000830627498;0.19230769230769232;0.35294117647058826;0.793500552137561;0.9927183890325182;0.3028314126535908;-0.04139610389610384;0.75;-0.1142;0.2291259518835501;0.6666666666666666;-0.16565135895032804;0.05784104920972986;0.25;-0.3333333333333333;-0.2727272727272727;-0.14285714285714285;-0.6391818472355385;0.17760581324022082;-0.5;-0.2857142857142857;-0.41402503580992717;-0.3333333333333333;0.2914034605877507;0.6303030303030304;0.4807692307692307;-0.3475997243702626;0.7069767441860464;-0.45454545454545453;-0.17647058823529413;0.0889440113394755;0.31162790697674414;0.0;2.0;1.0;0.8;0.3;-0.027510006201025956;0.569620253164557;0.8;0.046038543897216275;-0.3333333333333333;-0.6666666666666666;-0.06504065040650399;0.6;0.0901011339258351
0.2647058823529412;0.07142857142857142;0.2413127413127413;0.2647058823529411;0.35000000000000003;0.11214953271028037;0.1610169491525424;-0.6792452830188679;0.5;0.6317435496481626;1.133;0.8285714285714286;0.6887254901960784;0.6863674379704481;6;0.0;0.11979166666666666;0.20000000000000004;0.20000000000000004;0.26785714285714285;0.19642857142857142;0.17857142857142855;0.21428571428571427;0.4107142857142857;0.05454545454545454;0.4444444444444444;0.8;0.16666666666666666;-0.75;-2.5;-0.875;-0.25;0.3333333333333333;-0.09090909090909091;0.3333333333333333;0.04550016728002681;0.41010090967838153;-0.3140194572452634;0.41073166932751837;0.6663982823403114;-0.08319937009940602;0.0;0.0;0.32069672131147536;-0.1142857142857144;0.19230769230769232;1.0365211482928482;0.07692307692307693;0.26785714285714285;0.22526923076923078;0.17017432932887724;0.07692307692307693;0.2857142857142857;0.2304020999880682;0.22925319036472108;0.07692307692307693;0.35294117647058826;0.31487616343271785;0.7572401034131069;0.41812307614032407;-0.42735389610389607;0.75;0.028600000000000004;0.28330750050542475;0.6666666666666666;-0.07708528584817244;0.06389418226656209;0.25;-0.2778333333333333;-0.2727272727272727;0.0;-0.5175242356450409;0.2617845515028547;-0.5;-0.2857142857142857;-0.2785078159058355;-0.3333333333333333;0.16863499038725627;-0.6060606060606062;-0.9807692307692306;0.0;0.6666666666666666;1.0909090909090908;0.9411764705882353;0.19055634301913535;0.38139534883720927;0.0;0.0;1.0;-2.2;-1.5;0.8510062573989513;0.4177215189873418;-2.2;1.0888650963597428;0.0;0.16666666666666666;-0.13602251407129456;0.0;0.07079374808458475
0.29411764705882354;0.10714285714285714;0.2528957528957529;0.2941176470588235;-0.31666666666666665;0.09345794392523364;0.17372881355932202;-0.6289308176100629;0.375;0.6473807662236122;1.139;0.6285714285714286;0.7083333333333334;0.6846947309729572;6;0.0;0.19791666666666666;0.18400000000000002;0.20000000000000004;0.07142857142857142;0.26785714285714285;0.19642857142857142;0.2857142857142857;0.4107142857142857;0.05454545454545454;0.4444444444444444;0.6;0.6666666666666666;-1.25;-2.5;0.5;-0.875;-0.2222222222222222;-1.3636363636363635;0.3333333333333333;-0.8778855804616928;0.27608490331560387;-0.22341013824884765;0.6442116740002337;0.31392020039363033;0.12689872379515116;0.0;0.0;0.32069672131147536;-0.037500000000000235;0.16025;1.1353830473925597;0.07692307692307693;0.26785714285714285;0.19780769230769232;0.17017432932887724;0.07692307692307693;0.26785714285714285;0.2171976295589229;0.3017443177527752;0.07692307692307693;0.35294117647058826;-0.4713677236157123;0.5290671473636772;0.5104174616500038;0.5101461038961039;0.5;0.08580000000000002;0.20270907743109365;0.6666666666666666;-0.11105904404873478;0.03318013675596909;0.25;0.0;-0.2727272727272727;0.0;0.0;-0.1011654791676498;0.08333333333333333;-0.2857142857142857;-0.19007286541695212;-0.3333333333333333;0.16314199395770396;-0.6060606060606062;0.0;0.12066457392236435;0.5875968992248062;0.0;-0.7647058823529411;0.14138908575478384;0.4046511627906977;0.0;0.0;0.0;0.4;1.3;0.8979085630531594;0.3924050632911393;0.4;1.1927194860813704;-1.6666666666666667;-0.8333333333333334;0.040337711069418386;-0.8;0.06864848299111245
0.32352941176470584;0.07142857142857142;0.2606177606177606;0.32352941176470584;-0.31666666666666665;0.037383177570093455;0.1271186440677966;-0.9559748427672956;-1.625;0.6630179827990618;1.185;1.0000000000000002;0.7279411764705882;0.6835795929746302;6;0.0;0.21354166666666666;0.30400000000000005;0.18400000000000002;0.10714285714285714;0.07142857142857142;0.26785714285714285;0.21428571428571427;0.4107142857142857;0.05454545454545454;-0.2962962962962963;0.6;0.5;-1.5;-2.5;0.375;0.5;-0.7777777777777778;0.45454545454545453;0.3333333333333333;-0.41853462696554017;-0.03807724809862297;-0.1233794162826418;0.027724777072543897;0.2861871533369119;0.09763459204094375;0.0;0.0;0.22540983606557374;0.0;0.08975;-0.46271445558009155;0.07692307692307693;0.10714285714285714;0.1758269230769231;0.36238822147954114;0.07692307692307693;0.26785714285714285;0.20289941534423095;0.4089707770142717;0.07692307692307693;0.35294117647058826;-0.4713677236157123;0.21417898057446458;0.5780355643745707;0.5101461038961039;0.5;0.1714;0.024260394905317027;0.6666666666666666;-0.13964386129334586;0.005828942943616142;0.25;-0.3333333333333333;-0.8181818181818182;0.0;-0.5782465111324171;0.11494361345727347;-0.4166666666666667;-0.5714285714285714;-0.4486516783957153;-0.3333333333333333;0.2828893161219446;0.024242424242424163;0.5;-0.3212617716867009;0.627906976744186;-1.2727272727272727;-0.8823529411764706;0.520198440822112;0.2837209302325581;0.0;0.0;0.0;-0.4;-0.4;0.5626021759963921;0.5063291139240507;-0.4;-0.48608137044967875;0.0;0.8333333333333334;0.11569731081926207;-0.8;0.06711615078148944
0.3529411764705882;0.1607142857142857;0.277992277992278;0.35746606334841624;0.35000000000000003;0.018691588785046728;0.17372881355932202;-1.1320754716981132;-0.625;0.6763096168881938;1.218;1.2285714285714286;0.7475490196078431;0.6810705324783939;6;0.0;0.15625;0.32800000000000007;0.30400000000000005;0.07142857142857142;0.10714285714285714;0.07142857142857142;0.25;0.4107142857142857;0.05454545454545454;-0.2962962962962963;-0.4;0.5;-0.75;-2.5;-1.625;0.375;0.4444444444444444;-0.7272727272727273;0.3333333333333333;0.8738708598193377;0.009842421832281177;0.03760368663594496;0.13130329815817143;-0.03444265521560205;0.19671270627604093;0.0;0.0;0.0;0.0142857142857143;0.12178846153846155;0.0;0.07692307692307693;0.1607142857142857;0.16209615384615386;0.1723421551802003;0.07692307692307693;0.26785714285714285;0.19842500894881276;0.3567167560220494;0.07692307692307693;0.35294117647058826;-0.21501814166272287;0.021489053864946418;0.6570505482205091;0.7443181818181819;0.75;0.3428;0.009973717905519217;0.6666666666666666;-0.05552952202436741;0.03631879834099315;0.25;-0.8333333333333334;-0.8181818181818182;-0.14285714285714285;-0.5175242356450409;0.08134761477846444;-0.4166666666666667;-0.5714285714285714;-0.5141682755184656;-0.3333333333333333;0.24333974182916784;1.2363636363636366;0.9615384615384615;0.4021131613199603;0.7457364341085271;0.7272727272727273;1.2352941176470589;0.3539156626506023;0.3209302325581395;0.0;0.0;0.0;1.0;0.7;-0.14679519702350755;0.5443037974683544;1.0;0.0;2.0;1.0;0.9352720450281427;1.4;0.0566962917560527
0.38235294117647056;0.2857142857142857;0.3088803088803089;0.38235294117647056;0.016666666666666666;-0.037383177570093455;0.326271186440678;-0.4528301886792453;3.375;0.6935105551211883;1.165;0.1571428571428572;0.767156862745098;0.6766099804850843;6;0.0;0.21354166666666666;0.24000000000000002;0.32800000000000007;0.1607142857142857;0.07142857142857142;0.10714285714285714;0.17857142857142855;0.4107142857142857;0.05454545454545454;0.5925925925925926;-0.4;-0.3333333333333333;0.0;-2.5;-0.625;-1.625;0.3333333333333333;0.18181818181818182;0.3333333333333333;0.5302776848444296;0.011234279465128953;0.16163850486431153;2.9710681048245786;1.7948649132224008;1.003247924936846;0.0;0.0;-0.7745901639344263;0.0142857142857143;0.18590384615384617;1.1927976898250379;0.07692307692307693;0.2857142857142857;0.17857692307692308;0.5051034233583234;0.07692307692307693;0.2857142857142857;0.20454997414787413;0.3316469078003473;0.07692307692307693;0.35294117647058826;0.7321344060577377;0.047294893384881756;0.7833829402935715;0.5560064935064936;0.75;0.3428;0.009973717905519217;0.6666666666666666;-0.033505154639175264;0.01210626611366435;0.25;0.5;-0.8181818181818182;3.2857142857142856;0.21306061574517948;1.317604869532393;-0.4166666666666667;2.7142857142857144;-0.0009964501463536161;-0.3333333333333333;0.08816259269431478;-0.5818181818181819;-1.4423076923076923;0.3886379297144171;0.7069767441860464;3.0;1.411764705882353;1.4506555634301914;0.5395348837209302;0.0;0.0;0.0;1.4;0.2;0.12695191386211163;0.6582278481012659;1.4;1.2530335474660954;-1.0;-1.5;0.6460287679799875;0.8;0.04964756359178671
0.4117647058823529;0.25;0.3359073359073359;0.4117647058823529;0.35000000000000003;-0.018691588785046728;0.1694915254237288;-0.8050314465408805;-1.75;0.7021110242376857;1.21;0.6428571428571429;0.7843137254901961;0.6727069974909394;6;0.0;0.40104166666666663;0.32800000000000007;0.24000000000000002;0.2857142857142857;0.1607142857142857;0.07142857142857142;0.19642857142857142;0.4107142857142857;0.05454545454545454;0.14814814814814814;0.8;-0.3333333333333333;0.75;-2.5;3.375;-0.625;-1.4444444444444444;-0.2727272727272727;0.3333333333333333;0.05888256942121116;0.1361037928120495;0.19621095750128031;2.4252949651493325;1.5955448201825015;0.9846133657032251;0.0;1.155;0.0;0.42321428571428554;0.25;0.3699677254968574;0.17307692307692307;0.2857142857142857;0.1868076923076923;0.6113268900731641;0.07692307692307693;0.2857142857142857;0.1917631149823012;0.032621007324624494;0.07692307692307693;0.21568627450980393;1.1026975863700896;0.2487132658143783;0.7056399297870718;-0.04139610389610384;0.75;0.3144;-0.025069074735494294;0.6666666666666666;0.08364573570759137;-0.008743414415424313;0.25;0.44449999999999995;-0.9090909090909091;3.2857142857142856;-0.15212527964205816;1.5457934223564385;-0.5;2.7142857142857144;-0.392352245126736;-0.3333333333333333;0.3059599011260643;0.6303030303030304;0.9615384615384615;0.3886379297144171;0.6682170542635658;-3.6363636363636362;-4.352941176470588;2.6539688164422395;0.31627906976744186;-2.0;-2.0;1.0;-0.4;-0.9;0.12695191386211163;0.569620253164557;-0.4;0.3886509635974304;0.6666666666666666;0.8333333333333334;0.6228893058161352;0.0;0.06098682194299723
0.4411764705882353;0.14285714285714285;0.3513513513513513;0.4434389140271493;0.016666666666666666;-0.009345794392523364;0.2076271186440678;-0.9811320754716981;-1.0;0.7099296325254105;1.237;0.8857142857142858;0.8014705882352942;0.6704767214942846;6;0.2452830188679245;0.20833333333333334;0.616;0.32800000000000007;0.25;0.2857142857142857;0.1607142857142857;0.26785714285714285;0.2857142857142857;0.11272727272727273;0.4444444444444444;0.2;0.6666666666666666;0.5;0.5;-1.75;3.375;-0.5555555555555556;-0.7272727272727273;-0.5555555555555556;0.4238875878220142;0.35124521548938725;0.27600614439324145;2.147579922900199;1.2444981213097155;0.9438010563957877;0.0;1.155;0.22540983606557374;0.6589285714285715;0.24359615384615385;0.5591982333956175;0.15384615384615385;0.2857142857142857;0.1675769230769231;0.41802908499683855;0.07692307692307693;0.2857142857142857;0.18040806586326213;-0.008457298195272847;0.07692307692307693;0.21568627450980393;0.4914024294052687;0.5141718649937145;0.6421430206822863;-0.2556818181818181;0.5;0.2858;-0.04582519037671;0.6666666666666666;0.08364573570759137;-0.008743414415424313;0.25;0.2778333333333333;-0.9090909090909091;3.2857142857142856;-0.18259294769361883;1.5607040060397304;-0.5;2.7142857142857144;-0.5348446160553031;-0.3333333333333333;0.2600933809393024;0.024242424242424163;-0.4807692307692307;-0.015312763188117244;0.7069767441860464;0.5454545454545454;2.6470588235294117;2.637225372076541;0.19069767441860463;0.0;2.0;1.0;-1.2;-0.4;0.5626021759963921;0.40506329113924056;-1.2;0.5874375446109923;-0.3333333333333333;-0.5;0.0;0.4;0.05117989580140972
0.47058823529411764;0.2857142857142857;0.3822393822393822;0.47058823529411764;0.016666666666666666;0.0;0.2330508474576271;-1.1069182389937107;-0.625;0.7177482408131353;1.257;1.0285714285714287;0.8186274509803921;0.666016169500975;6;0.38113207547169803;0.2552083333333333;0.32000000000000006;0.616;0.14285714285714285;0.25;0.2857142857142857;0.07142857142857142;0.21428571428571427;0.15636363636363637;0.2962962962962963;0.6;0.16666666666666666;0.5;-1.5;-1.0;-1.75;3.0;0.2727272727272727;-0.5555555555555556;-0.008029441284710613;0.425809017249093;0.30910394265233;0.31805615046143065;1.2493290391841116;0.9315967323906698;0.0;0.0;0.32069672131147536;0.7678571428571428;0.24359615384615385;0.5591982333956175;0.15384615384615385;0.2857142857142857;0.20055769230769233;0.48234125191942906;0.07692307692307693;0.2857142857142857;0.1860756472974585;0.05859699463867702;0.07692307692307693;0.21568627450980393;0.6624073197665247;0.8128365076729678;0.6200106845760514;-0.2556818181818181;0.5;0.2286;-0.07844194352719183;0.6666666666666666;0.1337863167760075;-0.023988342114112816;0.25;-1.5;-0.9090909090909091;-1.2857142857142858;-0.4565888995419196;1.5406974000849338;-0.5;2.7142857142857144;-0.6237777916173632;-0.3333333333333333;0.24361439165064552;0.024242424242424163;-0.0;-0.3390245769849169;0.6682170542635658;0.2727272727272727;-0.23529411764705882;1.6473245924875972;0.39069767441860465;0.0;0.0;1.0;1.6;1.4;0.687299171317436;0.5316455696202532;1.6;0.5874375446109923;-0.3333333333333333;0.0;-0.2454659161976235;-0.2;0.04566349984676679
0.5;0.10714285714285714;0.3938223938223938;0.5;0.016666666666666666;0.018691588785046728;0.2542372881355932;-1.1823899371069182;-0.375;0.7255668491008601;1.273;1.1142857142857143;0.8406862745098039;0.6643434625034841;6;0.5547169811320753;0.2864583333333333;0.392;0.32000000000000006;0.2857142857142857;0.14285714285714285;0.25;0.10714285714285714;0.2857142857142857;0.21454545454545454;0.14814814814814814;0.4;0.5;-0.75;-2.5;-0.625;-1.0;-1.5555555555555556;0.18181818181818182;-2.111111111111111;-0.008029441284710613;0.3122732017696474;0.310988223246288;0.0;1.3074789765611023;0.7238607657229097;0.1643835616438356;0.0;0.32069672131147536;0.7678571428571428;0.19230769230769232;0.9427552233735347;0.11538461538461539;0.2857142857142857;0.20055769230769233;0.48234125191942906;0.07692307692307693;0.2857142857142857;0.17187686433599808;0.043494676432832474;0.07692307692307693;0.21568627450980393;0.5286322763842876;0.8898745285927753;0.6029662418275713;-0.2556818181818181;0.25;0.2858;-0.168205404676865;0.6666666666666666;0.20079662605435802;-0.08833090460710687;0.25;-0.8888333333333334;-0.36363636363636365;-1.0;-0.6391818472355385;1.5057802104468458;-0.5;2.7142857142857144;-0.42797533785887776;-0.3333333333333333;0.23510024718483935;0.024242424242424163;0.0;-0.7809509225939821;0.6682170542635658;0.18181818181818182;-0.11764705882352941;-0.44817505315379164;0.37209302325581395;0.0;0.0;0.0;-2.0;-1.8;1.1926264163707083;0.4810126582278481;-2.0;0.9903640256959314;-0.3333333333333333;0.0;-0.7870544090056285;-0.2;0.04198590254367149
0.5294117647058824;0.23214285714285712;0.4189189189189189;0.5294117647058824;0.016666666666666666;0.018691588785046728;0.2838983050847458;-1.1823899371069182;0.125;0.7333854573885847;1.281;1.0857142857142859;0.9264705882352942;0.6607192640089208;6;0.5518867924528301;0.31249999999999994;0.44000000000000006;0.392;0.10714285714285714;0.2857142857142857;0.14285714285714285;0.07142857142857142;0.21428571428571427;0.2581818181818182;0.0;0.2;0.3333333333333333;-0.75;-3.0;-0.375;-0.625;-0.8888888888888888;-1.2727272727272727;0.1111111111111111;-0.008029441284710613;0.11065268181140327;0.2755965181771637;0.08099373077372371;0.9711039541957416;0.8367179554476563;0.1643835616438356;0.0;0.22540983606557374;0.6589285714285715;0.22436538461538463;0.8883981654492947;0.11538461538461539;0.2857142857142857;0.22526923076923078;0.17017432932887724;0.11538461538461539;0.2857142857142857;0.1733086743825319;0.054670391905157455;0.07692307692307693;0.21568627450980393;0.266919072408897;0.8468964208628829;0.6147701544175634;-0.42735389610389607;0.0;0.3714;-0.32886313093874253;0.6666666666666666;0.30107778819119024;-0.21724021970631094;0.25;-0.38883333333333336;-0.09090909090909091;-0.42857142857142855;-0.21306061574517948;1.375548530175058;-0.5;2.7142857142857144;-0.516908513420938;-0.3333333333333333;0.21807195825322723;0.024242424242424163;0.0;-0.7809509225939821;0.6682170542635658;0.36363636363636365;0.058823529411764705;-0.544029057406095;0.3767441860465116;0.0;0.0;0.0;1.4;1.7;1.3423530074976038;0.4683544303797469;1.4;0.9332619557458957;0.3333333333333333;0.3333333333333333;-0.42589118198874293;0.2;0.038921238124425384
0.5588235294117647;0.14285714285714285;0.4343629343629343;0.5588235294117646;0.35000000000000003;0.037383177570093455;0.3008474576271187;-0.6037735849056604;0.25;0.743549648162627;1.292;1.0571428571428572;0.9387254901960784;0.658488988012266;6;0.6481132075471697;0.3489583333333333;0.4800000000000001;0.44000000000000006;0.23214285714285712;0.10714285714285714;0.2857142857142857;0.1607142857142857;0.25;0.3090909090909091;0.14814814814814814;0.0;0.16666666666666666;0.75;-1.5;0.125;-0.375;-0.5555555555555556;-0.5454545454545454;-1.3333333333333333;0.8919371027099366;0.39359745488889997;0.31074244751664126;0.009345430473891143;0.8555197709787083;0.7627046356746828;0.3150684931506849;0.0;0.0;0.42321428571428554;0.17307692307692307;0.3699677254968574;0.11538461538461539;0.23214285714285712;0.22251923076923077;0.21642128082377388;0.11538461538461539;0.2857142857142857;0.16477747285526784;0.029298497319338646;0.07692307692307693;0.21568627450980393;0.4066887521691117;0.6383624676834041;0.6361901854537129;-0.04139610389610384;0.5;0.3428;-0.3951748770132758;0.3333333333333333;0.3847235238987816;-0.2551283488398162;0.25;0.0;0.09090909090909091;-0.2857142857142857;0.0;1.3587505308356533;-0.5;2.7142857142857144;-0.3567291523945943;-0.3333333333333333;0.2340016478989289;1.2606060606060607;0.9807692307692306;0.12066457392236435;0.7472868217054263;0.09090909090909091;-0.23529411764705882;-0.4972537207654146;0.37209302325581395;0.0;0.0;0.0;-1.0;-1.2;1.0313997406843676;0.5316455696202532;-1.0;0.3886509635974304;0.6666666666666666;0.16666666666666666;-0.30925578486554095;0.8;0.037388905914802345
0.5882352941176471;0.14285714285714285;0.4498069498069498;0.5882352941176471;0.35000000000000003;0.0;0.3389830508474576;-0.8805031446540881;1.125;0.7607505863956217;1.296;0.8;0.9485294117647058;0.6562587120156111;6;0.6952830188679244;0.36979166666666663;0.536;0.4800000000000001;0.14285714285714285;0.23214285714285712;0.10714285714285714;0.2857142857142857;0.17857142857142855;0.34545454545454546;0.4444444444444444;0.2;0.0;0.0;0.0;0.25;0.125;-0.3333333333333333;2.3636363636363638;-0.2222222222222222;0.8919371027099366;0.4363473678977979;0.3565386584741426;0.17912075074958148;0.9796922526391125;0.9041698107017488;0.3150684931506849;0.0;-0.7745901639344263;0.0142857142857143;0.18590384615384617;0.12570069644980467;0.15384615384615385;0.23214285714285712;0.20055769230769233;0.0953843374582241;0.11538461538461539;0.2857142857142857;0.16193373901284647;0.03926602733519592;0.07692307692307693;0.21568627450980393;-0.0033128253667772194;0.485614667583786;0.6453483934976723;-0.2556818181818181;0.5;0.3714;-0.4008356358245164;0.3333333333333333;0.40159325210871605;-0.25602510929268024;0.25;0.6666666666666666;0.45454545454545453;0.7142857142857143;-0.5477788430808566;0.2959467748784976;-0.5;0.14285714285714285;-0.25010898673475745;-0.3333333333333333;0.21065641307333155;0.024242424242424163;-0.9807692307692306;0.12066457392236435;0.7472868217054263;0.5454545454545454;0.23529411764705882;-0.4096385542168675;0.38139534883720927;0.0;0.0;0.0;0.0;0.5;0.42054230790912656;0.44303797468354433;0.0;0.13204853675945757;-0.3333333333333333;-0.5;-0.30925578486554095;0.4;0.03524364082133008
0.6176470588235294;0.17857142857142855;0.4691119691119691;0.6176470588235294;0.016666666666666666;-0.08411214953271028;0.3050847457627119;-0.9056603773584906;-0.125;0.6379984362783424;1.313;3.2857142857142856;0.9583333333333334;0.6534708670197933;6;0.7490566037735847;0.41666666666666663;0.5680000000000001;0.536;0.14285714285714285;0.14285714285714285;0.23214285714285712;0.25;0.19642857142857142;0.38545454545454544;0.2962962962962963;0.6;0.16666666666666666;0.5;1.5;1.125;0.25;0.1111111111111111;-1.3636363636363635;-0.7777777777777778;-0.008029441284710613;0.5105134960481184;0.3903737839221713;-0.08956037537479074;0.4654678833422794;0.8287129687346219;0.3150684931506849;1.155;0.0;0.42321428571428554;0.16667307692307692;-0.46271445558009155;0.15384615384615385;0.17857142857142855;0.18955769230769232;-0.026736518832987183;0.11538461538461539;0.2857142857142857;0.16052181521695896;0.03564147096579335;0.07692307692307693;0.21568627450980393;0.15728032812746487;0.42774127748393076;0.6629016255819277;-0.42735389610389607;0.5;0.3428;-0.43776534806927686;0.3333333333333333;0.3680880974695408;-0.28225535253895306;0.25;0.5555;0.2727272727272727;0.7142857142857143;-0.15212527964205816;-0.0737979521540133;0.0;0.14285714285714285;-0.23217288410039236;-0.3333333333333333;0.2628398791540786;0.024242424242424163;0.0;0.12066457392236435;0.6682170542635658;-1.0;-1.0588235294117647;0.14138908575478384;0.3255813953488372;-2.0;-2.0;1.0;0.4;0.2;-0.12559896273747118;0.5316455696202532;0.4;-0.48608137044967875;0.0;0.16666666666666666;-0.30925578486554095;0.0;0.034630707937480854
0.6470588235294118;0.08928571428571427;0.47876447876447875;0.6470588235294117;0.6833333333333332;-0.102803738317757;0.3177966101694915;-0.9056603773584906;0.0;0.794370602032838;1.333;0.7142857142857144;0.9656862745098039;0.6520769445218839;6;0.819811320754717;0.37499999999999994;0.64;0.5680000000000001;0.17857142857142855;0.14285714285714285;0.14285714285714285;0.14285714285714285;0.26785714285714285;0.44;0.2962962962962963;0.4;0.5;0.25;1.0;-0.125;1.125;0.2222222222222222;-0.8181818181818182;-1.3333333333333333;0.8919371027099366;0.7473281304369439;0.49048643113159257;-0.2284957750866399;0.08919305779209159;0.6501099045306914;0.4109589041095891;1.155;0.22540983606557374;0.6589285714285715;0.1474423076923077;0.0;0.09615384615384616;0.17857142857142855;0.18132692307692308;0.12681781230241168;0.09615384615384616;0.2857142857142857;0.14630314600485222;0.004228649097636558;0.07692307692307693;0.21568627450980393;-0.06041962454645857;0.20497616280448747;0.6856445088910937;0.27556818181818193;1.25;0.4572;-0.17467484331828292;1.3333333333333333;0.41822867853795687;-0.20715166461159062;0.75;0.44449999999999995;0.2727272727272727;0.7142857142857143;0.091403004154682;-0.26857924786486126;0.25;0.14285714285714285;-0.10761661580619046;-0.3333333333333333;0.28096676737160126;1.2606060606060607;0.9807692307692306;0.12066457392236435;0.7472868217054263;0.0;0.5882352941176471;0.13120127569099926;0.29767441860465116;0.0;2.0;1.0;-1.0;-0.7;-0.12559896273747118;0.4683544303797469;-1.0;0.0;1.3333333333333333;0.6666666666666666;0.040337711069418386;1.0;0.03156604351823475
0.676470588235294;0.21428571428571427;0.5019305019305019;0.676470588235294;0.016666666666666666;-0.19626168224299065;0.3855932203389831;-0.5534591194968553;1.75;0.8123534010946052;1.334;0.4;0.9730392156862745;0.6487315305269021;6;0.8283018867924526;0.39062499999999994;0.5760000000000001;0.64;0.08928571428571427;0.17857142857142855;0.14285714285714285;0.2857142857142857;0.07142857142857142;0.45454545454545453;0.8888888888888888;0.4;0.3333333333333333;0.0;1.0;0.0;-0.125;1.0;-0.5454545454545454;-0.1111111111111111;0.2559384409501507;0.6095342247850078;0.4968766001024069;0.7329932635022002;0.3044372875290752;0.8246448607329161;0.4109589041095891;0.0;0.32069672131147536;0.7678571428571428;0.17307692307692307;0.3699677254968574;0.09615384615384616;0.21428571428571427;0.17032692307692307;-0.21353084635534283;0.09615384615384616;0.23214285714285712;0.15767808137453765;-0.05769085554632631;0.07692307692307693;0.21568627450980393;0.11295156964820938;0.23438722990441413;0.6930728331934164;0.5783279220779222;1.25;0.4286;-0.13963205067726941;1.3333333333333333;0.3680880974695408;-0.20468557336621462;0.75;0.7221666666666667;0.2727272727272727;1.4285714285714286;0.6696495152870992;0.03850327938470245;0.4166666666666667;0.8571428571428571;0.07024973531792988;-0.3333333333333333;0.21230431200219724;-1.2121212121212124;-1.9615384615384612;0.7809509225939821;0.6682170542635658;1.1818181818181819;0.7058823529411765;0.43169737774627914;0.40930232558139534;0.0;0.0;1.0;1.4;1.2;0.42054230790912656;0.5316455696202532;1.4;0.3886509635974304;-2.0;-1.6666666666666667;0.786741713570982;-0.2;0.027888446215139445
0.7058823529411764;0.14285714285714285;0.5173745173745175;0.7058823529411765;0.016666666666666666;-0.29906542056074764;0.4533898305084746;0.12578616352201258;3.5;0.8295543393275995;1.324;-0.0571428571428572;0.9803921568627451;0.6465012545302473;6;0.8339622641509433;0.4739583333333333;0.6000000000000001;0.5760000000000001;0.21428571428571427;0.08928571428571427;0.17857142857142855;0.10714285714285714;0.10714285714285714;0.4763636363636364;0.0;1.2;0.3333333333333333;-0.25;-1.5;1.75;0.0;-0.1111111111111111;-0.36363636363636365;-0.2222222222222222;-0.22683171629307458;0.49659491971964026;0.48860215053763456;1.6342042755344421;1.0575237072821615;1.1964174403726915;0.4109589041095891;0.0;0.32069672131147536;0.7678571428571428;0.16025;0.3380329539663665;0.09615384615384616;0.21428571428571427;0.1758269230769231;-0.29807605455695063;0.09615384615384616;0.23214285714285712;0.16052181521695896;-0.08970777014271682;0.07692307692307693;0.21568627450980393;0.3226060892885313;0.15753895780460606;0.6668193034673991;0.643262987012987;1.25;0.4572;-0.17467484331828292;1.3333333333333333;0.41822867853795687;-0.2575944400851923;0.75;2.3333333333333335;0.36363636363636365;3.4285714285714284;1.6130819218067538;0.8763270891332042;0.5833333333333334;2.857142857142857;0.5151647256648192;-0.3333333333333333;0.18044493271079382;0.6545454545454548;1.4807692307692308;0.847102059566649;0.6294573643410852;1.1818181818181819;-0.058823529411764705;0.032335223245924895;0.4697674418604651;0.0;0.0;0.0;-0.8;-1.1;0.5626021759963921;0.5443037974683544;-0.8;0.3551034975017845;0.3333333333333333;1.1666666666666667;0.8176985616010005;-0.8;0.027888446215139445
0.7352941176470588;0.17857142857142855;0.5366795366795367;0.7352941176470588;0.35000000000000003;-0.3925233644859813;0.2288135593220339;-0.5534591194968553;-3.375;0.8475371383893666;1.368;0.2428571428571429;0.9852941176470588;0.6437134095344295;6;0.8773584905660378;0.5572916666666666;0.7280000000000001;0.6000000000000001;0.14285714285714285;0.21428571428571427;0.08928571428571427;0.23214285714285712;0.07142857142857142;0.4909090909090909;0.14814814814814814;0.0;1.0;0.0;-1.5;3.5;1.75;0.0;0.0;-2.0;0.8618266978922718;0.37331610081025995;0.48647209421402987;3.376348273042327;1.535605653963142;0.9032512056691054;0.547945205479452;0.0;0.22540983606557374;0.6589285714285715;0.19230769230769232;-0.17564124341769993;0.15384615384615385;0.21428571428571427;0.1675769230769231;-0.4855929906964141;0.09615384615384616;0.21428571428571427;0.1690331304935767;-0.203579249414785;0.09615384615384616;0.21568627450980393;0.15728032812746487;0.21645596641445897;0.5988959271413669;-0.04139610389610384;0.5;0.5144;-0.1881528404879035;1.3333333333333333;0.5018744142455482;-0.3248514740499944;0.75;0.8333333333333334;-2.090909090909091;3.4285714285714284;0.760839458826036;2.070683716321427;-1.5833333333333333;2.857142857142857;0.2660521890764153;-1.4166666666666667;0.48722878330129094;0.6545454545454548;0.0;0.5806599800934079;0.7488372093023256;-5.090909090909091;-4.117647058823529;2.8965272856130406;0.14883720930232558;0.0;0.0;0.0;0.4;0.6;0.30328654377360603;0.4810126582278481;0.4;-0.1845110635260528;0.6666666666666666;0.16666666666666666;0.575984990619137;0.8;0.029420778424762484
0.7647058823529411;0.26785714285714285;0.5656370656370657;0.7466063348416289;0.35000000000000003;-0.45794392523364486;0.3220338983050848;-0.7295597484276729;-0.875;0.8639562157935887;1.393;0.3;0.9901960784313726;0.6395316420407022;6;0.9084905660377357;0.28124999999999994;0.8560000000000001;0.7280000000000001;0.17857142857142855;0.14285714285714285;0.21428571428571427;0.14285714285714285;0.1607142857142857;0.5236363636363637;0.4444444444444444;0.2;0.0;0.5;1.5;-3.375;3.5;1.5555555555555556;0.09090909090909091;-1.1111111111111112;0.4570090331214455;0.41865089228016095;0.5176856118791604;3.2894357696351393;1.48675970656647;0.7123125881696797;0.547945205479452;0.0;0.0;0.42321428571428554;0.21153846153846156;0.3699677254968574;0.15384615384615385;0.26785714285714285;0.1868076923076923;-0.12970824677084272;0.09615384615384616;0.26785714285714285;0.17756433202084076;-0.14256588386317284;0.09615384615384616;0.21568627450980393;0.7196718725351;0.4007969450439979;0.5485257828995905;-0.2556818181818181;0.5;0.48580000000000007;-0.19138755980861247;1.3333333333333333;0.46860356138706655;-0.34659791503194715;0.75;-0.3333333333333333;-2.090909090909091;3.4285714285714284;0.4870565675934803;2.1605247015523994;-1.5833333333333333;2.857142857142857;0.23042909634427355;-1.4166666666666667;0.34084042845372153;0.04848484848484854;-0.4807692307692307;-0.3390245769849169;0.710077519379845;1.7272727272727273;4.352941176470588;3.0595322466335935;0.1767441860465116;0.0;0.0;0.0;1.0;0.3;0.09470657872484353;0.5949367088607596;1.0;0.3886509635974304;-0.3333333333333333;-0.5;-0.30925578486554095;0.4;0.022065583818571877
0.7941176470588235;0.26785714285714285;0.5945945945945946;0.7941176470588235;-0.31666666666666665;-0.5514018691588785;0.3220338983050848;-0.9056603773584906;-1.0;0.8795934323690382;1.416;0.3428571428571429;0.9926470588235294;0.635349874546975;6;0.8584905660377357;0.3958333333333333;0.43200000000000005;0.8560000000000001;0.26785714285714285;0.17857142857142855;0.14285714285714285;0.14285714285714285;0.2857142857142857;0.5818181818181819;0.2962962962962963;0.6;0.16666666666666666;0.25;0.0;-0.875;-3.375;3.111111111111111;0.7272727272727273;2.4444444444444446;-0.385413181666109;0.2770790873390664;0.4829493087557606;1.1205171138195553;1.4940955448201827;0.7082444801679739;0.547945205479452;0.0;-0.7745901639344263;0.0142857142857143;0.25640384615384615;0.12570069644980467;0.19230769230769232;0.26785714285714285;0.20603846153846156;0.028543040375756383;0.09615384615384616;0.26785714285714285;0.17613252197430695;-0.17367665936721277;0.09615384615384616;0.21568627450980393;1.100962296892254;0.6516448850833709;0.5679106565926378;0.18344155844155843;0.5;0.4;-0.08949390120628081;1.3333333333333333;0.4350984067478913;-0.30714045510592985;0.75;-2.3333333333333335;-2.090909090909091;-1.5714285714285714;-0.030467668051560665;2.178077667154249;-1.5833333333333333;2.857142857142857;-0.392352245126736;-1.4166666666666667;0.34907992309805;-0.5818181818181819;-0.5;0.0;0.6310077519379844;-0.2727272727272727;-1.3529411764705883;2.7827781715095674;0.4232558139534883;0.0;0.0;0.0;0.0;-0.5;-0.37115959185974406;0.569620253164557;0.0;0.13204853675945757;-1.0;-0.3333333333333333;0.0;-0.6;0.018081520073551932
0.8235294117647058;0.26785714285714285;0.6235521235521236;0.823529411764706;-2.65;-0.8598130841121495;0.6483050847457628;0.8050314465408805;8.5;0.8983580922595777;1.37;-20979.657142857144;0.9950980392156863;0.6311681070532478;6;0.900943396226415;0.3958333333333333;0.6080000000000001;0.43200000000000005;0.26785714285714285;0.26785714285714285;0.17857142857142855;0.17857142857142855;0.25;0.6327272727272728;-0.14814814814814814;0.4;0.5;0.25;1.0;-1.0;-0.875;-3.0;-0.18181818181818182;-2.111111111111111;0.511207761793242;-0.324004573246508;0.33335381464413744;6.0664304349519105;4.2783145464304875;1.9013811882812248;0.6712328767123288;0.0;-0.7745901639344263;-0.005357142857143061;0.2884615384615385;-0.8551044674706979;0.2884615384615385;0.26785714285714285;0.21978846153846154;0.14199259326167454;0.09615384615384616;0.26785714285714285;0.17756433202084076;-0.14890885750962768;0.09615384615384616;0.21568627450980393;1.100962296892254;0.9596072199426009;0.6415833524129335;4.180194805194805;0.25;-0.2286;1.6060381427319899;1.3333333333333333;0.05014058106841612;0.6611366438740052;0.75;2.9445;-0.36363636363636365;9.142857142857142;2.069670821348674;4.7491152739111975;-1.5833333333333333;8.571428571428571;1.0666998816715452;-1.4166666666666667;0.09090909090909094;-4.2666666666666675;-2.923076923076923;2.1636934384809745;0.35503875968992243;6.7272727272727275;4.470588235294118;2.880935506732814;0.6790697674418604;0.0;0.0;0.0;0.0;0.0;-0.287727605840239;0.5063291139240507;0.0;-0.8982869379014988;-6.333333333333333;-2.6666666666666665;2.2979987492182614;-4.2;0.014403922770456629
0.0;0.33928571428571425;0.021235521235521238;0.0;0.016666666666666666;0.32710280373831774;0.046610169491525424;0.07547169811320754;1.0;0.0;0.28;0.1857142857142857;0.0;0.5787566211318644;7;0.02358490566037738;0.057291666666666664;0.088;0.088;0.33928571428571425;0.33928571428571425;0.33928571428571425;0.33928571428571425;0.33928571428571425;0.04;0.14814814814814814;0.2;0.16666666666666666;0.0;0.0;1.0;1.0;0.8888888888888888;0.6363636363636364;0.3333333333333333;-1.1227835396453663;-1.8117015459561567;-1.4303328213005628;-0.30715314824189094;-0.8272499552692789;-1.1121682359502643;0.1506849315068493;0.0;-0.7745901639344263;-1.8392857142857144;0.3653846153846154;2.9886189909971117;0.3653846153846154;0.33928571428571425;0.3653846153846154;2.8019149128353353;0.3653846153846154;0.33928571428571425;0.34375372867199616;2.1596315034357776;0.3653846153846154;0.27450980392156865;-0.9307461744754694;-1.3872061858115319;-1.4008496781907451;-0.37459415584415584;0.0;0.2286;-0.5102769728418357;-0.3333333333333333;0.2509372071227741;-0.5337966595673131;-0.5;1.3333333333333333;1.0909090909090908;0.5714285714285714;1.7044849259614359;-0.04397678478742992;1.3333333333333333;0.0;1.9385937597309586;1.5;0.06866245536940402;-0.6060606060606062;0.5192307692307693;-0.1963096240716637;0.6294573643410852;-0.7272727272727273;0.7647058823529411;0.244330262225372;0.3395348837209302;0.0;0.0;0.0;-3.2;2.8;3.525790630813461;0.4556962025316456;2.4;2.129907209136331;-0.3333333333333333;0.3333333333333333;-0.34490306441525953;0.2;0.8924302788844622
0.029411764705882353;0.05357142857142857;0.027027027027027025;0.029411764705882353;-0.31666666666666665;0.3177570093457944;0.025423728813559324;0.07547169811320754;0.0;0.17826426896012515;0.475;-0.2857142857142857;0.0;0.577920267633119;7;0.02358490566037738;0.057291666666666664;0.088;0.088;0.33928571428571425;0.33928571428571425;0.33928571428571425;0.33928571428571425;0.33928571428571425;0.04;0.14814814814814814;0.2;0.16666666666666666;0.0;0.0;1.0;1.0;0.8888888888888888;0.6363636363636364;0.3333333333333333;-1.1227835396453663;-1.8117015459561567;-1.4303328213005628;-0.30715314824189094;-0.8272499552692789;-1.1121682359502643;0.0821917808219178;0.0;-0.7745901639344263;-1.8392857142857144;0.21153846153846156;2.9886189909971117;0.057692307692307696;0.33928571428571425;0.21153846153846156;2.8019149128353353;0.057692307692307696;0.33928571428571425;0.184663723501571;2.1596315034357776;0.057692307692307696;0.27450980392156865;-0.9307461744754694;-1.3872061858115319;-1.4008496781907451;-0.37459415584415584;0.0;0.1286;-0.5102769728418357;-0.3333333333333333;0.1337863167760075;-0.5337966595673131;-0.5;0.6666666666666666;0.36363636363636365;0.5714285714285714;0.8522424629807179;-0.04397678478742992;0.6666666666666666;0.0;0.9421436133773433;0.8333333333333334;0.17522658610271907;-0.6060606060606062;0.5192307692307693;-0.1963096240716637;0.6294573643410852;-0.7272727272727273;0.7647058823529411;0.244330262225372;0.3395348837209302;0.0;0.0;0.0;-3.2;2.8;3.525790630813461;0.4556962025316456;2.4;2.129907209136331;-0.3333333333333333;0.3333333333333333;-0.34490306441525953;0.2;0.8924302788844622
0.0588235294117647;0.26785714285714285;0.055984555984555984;0.058823529411764705;0.016666666666666666;0.308411214953271;0.0635593220338983;0.20125786163522014;0.75;0.30492572322126654;0.6;-0.8142857142857144;0.0;0.5737385001393918;7;0.02358490566037738;0.031249999999999993;0.088;0.088;0.05357142857142857;0.33928571428571425;0.33928571428571425;0.33928571428571425;0.33928571428571425;0.04;0.0;0.2;0.16666666666666666;0.0;0.0;0.0;1.0;0.8888888888888888;0.6363636363636364;0.3333333333333333;-0.4001338240214118;-1.3822140478202518;-1.2533742959549408;-0.15560141739028852;-0.653157988906781;-0.9844821364128474;0.0821917808219178;0.0;-0.7745901639344263;-1.8392857142857144;0.23717307692307693;1.9738406658739593;0.057692307692307696;0.33928571428571425;0.23717307692307693;1.7226989431848971;0.057692307692307696;0.33928571428571425;0.21117209561309308;1.2574190138186212;0.057692307692307696;0.27450980392156865;0.256034074775201;-0.6734659993833163;-1.0180874608868196;-0.42735389610389607;0.0;0.162;-0.5453197654828492;-0.3333333333333333;0.17291471415182755;-0.562941374285394;-0.5;0.7778333333333333;0.36363636363636365;0.5714285714285714;0.9943538936827526;-0.3259566838106923;0.6666666666666666;0.0;1.1083016752818087;0.8333333333333334;0.1153529250205988;0.04848484848484854;0.5192307692307693;-0.1963096240716637;0.6294573643410852;0.5454545454545454;0.7647058823529411;0.244330262225372;0.3395348837209302;0.0;0.0;0.0;2.4;2.8;3.525790630813461;0.4556962025316456;2.4;2.129907209136331;0.3333333333333333;0.3333333333333333;-0.34490306441525953;0.2;0.443150475022985
0.08823529411764705;0.17857142857142855;0.07528957528957529;0.08823529411764705;-0.31666666666666665;0.2897196261682243;0.05508474576271187;0.22641509433962265;0.0;0.3948397185301016;0.706;-0.942857142857143;0.0;0.5709506551435739;7;0.02358490566037738;0.078125;0.048000000000000015;0.088;0.26785714285714285;0.05357142857142857;0.33928571428571425;0.33928571428571425;0.33928571428571425;0.04;0.14814814814814814;0.0;0.16666666666666666;0.0;0.0;0.75;0.0;0.8888888888888888;0.6363636363636364;0.3333333333333333;-0.385413181666109;-1.226524829745986;-1.1892268305171527;-0.12180211050971537;-0.7689210950080514;-1.0693874872871625;0.0821917808219178;0.0;-0.7745901639344263;-1.8392857142857144;0.17948076923076925;1.1927976898250379;0.057692307692307696;0.26785714285714285;0.22596153846153846;1.2063950862614032;0.057692307692307696;0.33928571428571425;0.19957841148629835;0.8257947594955826;0.057692307692307696;0.27450980392156865;0.7196718725351;-0.3433030525841417;-0.841028772036938;-0.2556818181818181;0.0;0.0786;-0.44288698699373275;-0.3333333333333333;0.07521087160262417;-0.47774913126331137;-0.5;0.3333333333333333;0.36363636363636365;0.2857142857142857;0.7457121551081283;-0.33350634643514376;0.6666666666666666;0.0;0.8175873450831413;0.8333333333333334;0.16781104092282345;-0.5818181818181819;-0.5;-0.3120741137738305;0.6310077519379844;-0.45454545454545453;-0.7058823529411765;0.020375620127569136;0.35348837209302325;0.0;0.0;0.0;-1.0;-1.7;2.242290997237724;0.5949367088607596;-1.0;1.2530335474660954;-0.6666666666666666;-0.5;-0.30925578486554095;0.0;0.30891817346000616
0.11764705882352941;0.03571428571428571;0.07915057915057916;0.11764705882352941;0.016666666666666666;0.2803738317757009;0.08050847457627118;0.3018867924528302;0.375;0.46364347146207974;0.782;-1.1142857142857145;0.0;0.57039308614441;7;0.02358490566037738;0.06770833333333334;0.12000000000000002;0.048000000000000015;0.17857142857142855;0.26785714285714285;0.05357142857142857;0.33928571428571425;0.33928571428571425;0.04;-0.14814814814814814;0.2;0.0;0.0;0.0;0.0;0.75;0.0;0.6363636363636364;0.3333333333333333;-0.4038139846102375;-0.9413928518168716;-1.0717460317460314;-0.38207234920758537;-0.5980497405618177;-0.9440635149765428;0.0821917808219178;0.0;-0.7745901639344263;-1.8392857142857144;0.17307692307692307;1.3725157125870562;0.038461538461538464;0.26785714285714285;0.18846153846153849;1.3863246319212355;0.038461538461538464;0.33928571428571425;0.16080022272600725;0.9762138488257948;0.038461538461538464;0.27450980392156865;-0.2511437135194826;-0.27309598918431716;-0.8033783611895493;-0.2556818181818181;0.0;0.0686;-0.47523418020082214;-0.3333333333333333;0.0634957825679475;-0.5046519448492323;-0.5;0.5;0.36363636363636365;0.2857142857142857;0.7244060935336103;-0.4363704996932951;0.6666666666666666;0.0;0.792676091424301;0.8333333333333334;0.14968415270530078;0.024242424242424163;0.4807692307692307;-0.32983691907204654;0.6294573643410852;0.2727272727272727;0.4117647058823529;-0.1288979447200567;0.3395348837209302;0.0;0.0;0.0;-1.6;-0.3;1.4934325497491399;0.3417721518987342;-1.6;1.4418272662384015;0.3333333333333333;0.5;-0.2454659161976235;0.0;0.2319950965369292
0.14705882352941174;0.26785714285714285;0.10810810810810811;0.14705882352941177;0.016666666666666666;0.27102803738317754;0.05508474576271187;0.1509433962264151;-0.75;0.5144644253322908;0.889;-0.5142857142857143;0.0;0.5662113186506827;7;0.02358490566037738;0.09895833333333334;0.10400000000000001;0.12000000000000002;0.03571428571428571;0.17857142857142855;0.26785714285714285;0.33928571428571425;0.33928571428571425;0.04;0.0;-0.2;0.16666666666666666;0.0;0.0;0.375;0.0;0.6666666666666666;0.6363636363636364;0.3333333333333333;0.008698561391770054;-0.6202714122384055;-0.9394367639528927;-0.3183676648105604;-0.6889425657541598;-1.0107279944883698;0.0821917808219178;0.0;-0.7745901639344263;-1.8392857142857144;0.17307692307692307;1.3725157125870562;0.038461538461538464;0.26785714285714285;0.2051346153846154;1.2240989973805436;0.038461538461538464;0.33928571428571425;0.17804160203635205;0.8405950313373104;0.038461538461538464;0.27450980392156865;0.20050481148446112;0.04349991698489132;-0.6335953598412576;-0.04139610389610384;0.25;0.1286;-0.41808747220163084;0.0;0.1337863167760075;-0.4571236408474387;-0.25;-0.16666666666666666;-0.18181818181818182;-0.14285714285714285;0.390540108660914;-0.16854621809087922;0.16666666666666666;0.0;0.40231674659027217;0.3333333333333333;0.28563581433672075;0.04848484848484854;0.019230769230769232;-0.32983691907204654;0.6697674418604651;-0.8181818181818182;-0.7647058823529411;-0.09133593196314667;0.3209302325581395;0.0;0.0;0.0;2.6;2.1;1.6224138902982126;0.569620253164557;2.6;1.4418272662384015;0.6666666666666666;0.16666666666666666;-0.13602251407129456;0.8;0.1900091939932577
0.1764705882352941;0.17857142857142855;0.1274131274131274;0.13122171945701358;0.016666666666666666;0.308411214953271;0.11016949152542373;0.3018867924528302;0.5;0.5535574667709147;0.938;-0.5285714285714286;0.6617647058823529;0.563423473654864;7;0.02358490566037738;0.06770833333333334;0.152;0.10400000000000001;0.26785714285714285;0.03571428571428571;0.17857142857142855;0.33928571428571425;0.33928571428571425;0.04;0.2962962962962963;0.0;-0.16666666666666666;0.0;0.0;-0.75;0.375;0.0;0.6363636363636364;0.3333333333333333;0.02542656406825042;-0.29238952130039264;-0.8043420378904246;0.15544566021572373;-0.32501341921631766;-0.7438076178603065;0.0821917808219178;0.0;-0.7745901639344263;-1.8392857142857144;0.17307692307692307;1.3725157125870562;0.038461538461538464;0.26785714285714285;0.20328846153846156;1.007316412248216;0.038461538461538464;0.33928571428571425;0.17613252197430695;0.6593672128671753;0.038461538461538464;0.27450980392156865;0.7196718725351;0.34415692227413974;-0.47236001933399463;-0.19277597402597396;0.25;0.1714;-0.4008356358245164;0.0;0.18392689784442362;-0.44277547360161423;-0.25;0.0555;-0.18181818181818182;0.0;0.4565888995419196;-0.23705940640777623;0.16666666666666666;0.0;0.4795416329326773;0.3333333333333333;0.16918429003021151;0.04848484848484854;-0.0;-0.7631881172957661;0.6713178294573643;0.9090909090909091;1.0588235294117647;0.21863926293408928;0.35348837209302325;0.0;0.0;0.0;-1.0;-1.8;1.6224138902982126;0.6075949367088608;-1.0;1.4418272662384015;0.0;-0.3333333333333333;-0.47435897435897434;0.6;0.14281336193686792
0.20588235294117646;0.05357142857142857;0.13320463320463322;0.20588235294117646;0.35000000000000003;0.2803738317757009;0.09745762711864407;0.1761006289308176;-0.375;0.5840500390930414;0.994;-0.2857142857142857;0.6568627450980392;0.5625871201561186;7;0.02358490566037738;0.13541666666666666;0.10400000000000001;0.152;0.17857142857142855;0.26785714285714285;0.03571428571428571;0.33928571428571425;0.33928571428571425;0.04;0.2962962962962963;0.4;0.0;0.0;0.0;0.5;-0.75;0.3333333333333333;0.6363636363636364;0.3333333333333333;-0.4001338240214118;-0.25580354923696386;-0.7156169994879669;0.20232856975974464;-0.24700304168903195;-0.7149371739772318;0.0821917808219178;1.155;0.0;-0.5767857142857145;0.17948076923076925;1.1927976898250379;0.057692307692307696;0.26785714285714285;0.15934615384615386;0.754764700569054;0.038461538461538464;0.26785714285714285;0.1573201288629042;0.6925923129200332;0.038461538461538464;0.27450980392156865;-0.19151285691749492;0.3118047484642205;-0.3858149533185783;-0.661525974025974;0.25;0.2;-0.3733405215984904;0.0;0.22164948453608246;-0.43986100212980617;-0.25;-0.2778333333333333;-0.18181818181818182;0.0;0.12165761159049748;-0.32690039163874873;0.16666666666666666;-0.2857142857142857;0.3193622719063337;0.3333333333333333;0.21807195825322723;-0.6060606060606062;-0.5192307692307693;-0.3034989663884848;0.6294573643410852;-0.5454545454545454;-1.0;0.27223600283486893;0.3674418604651163;-2.0;-2.0;1.0;-1.4;-0.2;1.5450701843395904;0.35443037974683544;-1.4;1.2530335474660954;0.0;0.0;-0.42589118198874293;0.2;0.12473184186331601
0.23529411764705882;0.05357142857142857;0.138996138996139;0.2352941176470588;-0.31666666666666665;0.27102803738317754;0.1313559322033898;0.20125786163522014;0.125;0.6082877247849882;1.027;-0.2571428571428571;0.6715686274509803;0.5617507666573731;7;0.02358490566037738;0.11979166666666666;0.208;0.10400000000000001;0.05357142857142857;0.17857142857142855;0.26785714285714285;0.05357142857142857;0.33928571428571425;0.04;0.2962962962962963;0.4;0.3333333333333333;-0.25;0.0;-0.375;0.5;-0.6666666666666666;-0.09090909090909091;0.3333333333333333;-0.4001338240214118;-0.2571954068698116;-0.6081310803891445;-0.2284957750866399;-0.2160493827160493;-0.5302975624159313;0.0821917808219178;1.155;0.22540983606557374;-0.26428571428571435;0.10255769230769232;0.5177509767283847;0.057692307692307696;0.17857142857142855;0.15934615384615386;0.754764700569054;0.038461538461538464;0.26785714285714285;0.14268384838722503;0.6847391074529942;0.038461538461538464;0.27450980392156865;-0.7920807698375139;0.013614477834965917;-0.3312727365234424;0.04139610389610393;0.25;0.1714;-0.32886313093874253;0.0;0.17291471415182755;-0.4176661809214214;-0.25;0.11116666666666668;0.09090909090909091;0.0;0.15212527964205816;-0.3280328410324165;0.16666666666666666;-0.2857142857142857;0.3054119698573831;0.3333333333333333;0.18071958253227138;0.04848484848484854;0.5192307692307693;-0.3034989663884848;0.6294573643410852;0.45454545454545453;0.5882352941176471;0.09248759744861804;0.3441860465116279;0.0;2.0;1.0;0.0;0.7;-0.12559896273747118;0.4177215189873418;0.0;0.54389721627409;-1.0;-0.5;-0.2454659161976235;-0.4;0.10634385534783944
0.2647058823529412;0.03571428571428571;0.14285714285714288;0.2647058823529411;0.016666666666666666;0.24299065420560748;0.15254237288135591;0.25157232704402516;0.25;0.6317435496481626;1.051;-0.3428571428571429;0.6887254901960784;0.5611931976582101;7;0.02358490566037738;0.16145833333333334;0.18400000000000002;0.208;0.05357142857142857;0.05357142857142857;0.17857142857142855;0.26785714285714285;0.33928571428571425;0.04;-0.14814814814814814;0.4;0.3333333333333333;0.0;0.0;0.125;-0.375;0.4444444444444444;0.45454545454545453;0.3333333333333333;0.008698561391770054;-0.18243276830541344;-0.4917972350230412;0.1633892761185313;0.10332796564680632;-0.3250549522653455;0.0821917808219178;0.0;0.32069672131147536;-0.1142857142857144;0.05128846153846154;-0.6590793273314081;0.038461538461538464;0.05357142857142857;0.1236346153846154;0.5900099358684852;0.038461538461538464;0.26785714285714285;0.1289822216919222;0.6883636638223967;0.038461538461538464;0.27450980392156865;-0.8682757532733871;-0.20611465572448465;-0.2989137347681192;0.04139610389610393;0.25;0.2;-0.3062200956937799;0.0;0.2040768509840675;-0.41676942046855736;-0.25;0.0;0.09090909090909091;-0.2857142857142857;0.030467668051560665;-0.4450526117114143;0.16666666666666666;-0.5714285714285714;0.3193622719063337;0.3333333333333333;0.17467728645976383;0.024242424242424163;-0.019230769230769232;-0.3120741137738305;0.6697674418604651;0.18181818181818182;-0.23529411764705882;-0.1288979447200567;0.38139534883720927;0.0;0.0;1.0;-0.2;-0.1;-0.08501042899825247;0.4936708860759494;-0.2;-0.6923625981441827;1.0;1.0;0.151031894934334;0.2;0.09653692920625193
0.29411764705882354;0.03571428571428571;0.14671814671814673;0.2941176470588235;0.016666666666666666;0.2336448598130841;0.1610169491525424;0.22641509433962265;0.0;0.6473807662236122;1.077;-0.2571428571428571;0.7083333333333334;0.5606356286590461;7;0.02358490566037738;0.1875;0.24800000000000003;0.18400000000000002;0.03571428571428571;0.05357142857142857;0.05357142857142857;0.17857142857142855;0.33928571428571425;0.04;0.2962962962962963;-0.2;0.3333333333333333;-0.5;0.0;0.25;0.125;-0.3333333333333333;-0.09090909090909091;0.3333333333333333;0.008698561391770054;-0.18084207386787288;-0.3693189964157704;-0.2962501460223512;0.1630882089819288;-0.1775532298809094;0.0821917808219178;0.0;0.32069672131147536;-0.037500000000000235;0.04486538461538462;-0.6590793273314081;0.038461538461538464;0.05357142857142857;0.10165384615384615;0.5766416764519916;0.038461538461538464;0.26785714285714285;0.11776637632740723;0.6729592992524355;0.038461538461538464;0.27450980392156865;-0.9498343587316612;-0.4105690092739736;-0.2783586456027881;-0.04139610389610384;0.25;0.2286;-0.35285396590066714;0.0;0.18697282099343954;-0.42528864477076567;-0.25;0.16666666666666666;0.36363636363636365;-0.2857142857142857;0.030467668051560665;-0.4450526117114143;0.16666666666666666;-0.5714285714285714;0.28548296693031083;0.3333333333333333;0.19033232628398794;0.04848484848484854;0.019230769230769232;-0.7631881172957661;0.6697674418604651;-0.09090909090909091;-0.23529411764705882;-0.36684975194897235;0.35348837209302325;0.0;0.0;0.0;0.0;0.1;-0.8086137888268785;0.4936708860759494;0.0;-0.6923625981441827;-0.6666666666666666;-0.8333333333333334;0.2182614133833646;0.4;0.08948820104198588
0.32352941176470584;0.07142857142857142;0.15444015444015444;0.32352941176470584;0.016666666666666666;0.18691588785046728;0.1822033898305085;0.22641509433962265;0.0;0.6630179827990618;1.097;-0.2571428571428571;0.7279411764705882;0.5595204906607192;7;0.02358490566037738;0.19791666666666666;0.28800000000000003;0.24800000000000003;0.03571428571428571;0.03571428571428571;0.05357142857142857;0.03571428571428571;0.33928571428571425;0.04;0.0;0.4;-0.16666666666666666;-0.25;0.0;0.0;0.25;0.1111111111111111;0.18181818181818182;0.3333333333333333;0.02542656406825042;-0.13968285529651553;-0.24348182283666134;-0.2962501460223512;0.36473429951690833;-0.0035431908401954335;0.0821917808219178;0.0;0.22540983606557374;0.0;0.05128846153846154;-0.46271445558009155;0.038461538461538464;0.07142857142857142;0.10713461538461538;0.5188329870833709;0.038461538461538464;0.26785714285714285;0.11174084238157737;0.6101336555161219;0.038461538461538464;0.27450980392156865;-0.7834043224483358;-0.8456630535328857;-0.2541911521534508;-0.19277597402597396;0.25;0.2286;-0.35285396590066714;0.0;0.17291471415182755;-0.4333594888465419;-0.25;0.11116666666666668;0.36363636363636365;-0.2857142857142857;-0.06093533610312133;-0.48846317180201027;0.16666666666666666;-0.5714285714285714;0.2570841377592328;0.3333333333333333;0.18483932985443569;0.04848484848484854;0.0;-0.7631881172957661;0.6713178294573643;0.18181818181818182;0.11764705882352941;-0.47918143160878807;0.35348837209302325;0.0;0.0;0.0;0.4;0.2;-0.5941710355713399;0.5316455696202532;0.4;-0.48608137044967875;0.0;0.3333333333333333;0.0;-0.2;0.0827459393196445
0.3529411764705882;0.10714285714285714;0.16602316602316602;0.35746606334841624;0.016666666666666666;0.14018691588785046;0.19915254237288138;0.22641509433962265;0.25;0.6763096168881938;1.114;-0.2571428571428571;0.7475490196078431;0.5578477836632283;7;0.02358490566037738;0.22395833333333334;0.30400000000000005;0.28800000000000003;0.07142857142857142;0.03571428571428571;0.03571428571428571;0.26785714285714285;0.33928571428571425;0.04;0.0;0.0;0.3333333333333333;0.25;0.0;0.0;0.0;0.2222222222222222;-0.6363636363636364;0.3333333333333333;0.008698561391770054;-0.061738827857036216;-0.11698924731182772;-0.15560141739028852;0.10475934872070132;0.16757980381221105;0.0821917808219178;0.0;0.0;0.0142857142857143;0.07692307692307693;-0.17564124341769993;0.038461538461538464;0.10714285714285714;0.08242307692307692;-0.24893866859362296;0.038461538461538464;0.17857142857142855;0.10971244481565444;0.5340179717586652;0.038461538461538464;0.27450980392156865;-0.4713677236157123;-0.94793766751263;-0.21664249917321726;-0.661525974025974;-0.25;0.1714;-0.36282768380618635;0.0;0.16073102155576383;-0.44098195269588614;-0.25;0.11116666666666668;0.36363636363636365;-0.2857142857142857;0.18259294769361883;-0.6977775680649273;0.4166666666666667;-0.5714285714285714;0.2715326648813602;0.3333333333333333;0.18538862949739088;0.024242424242424163;-0.019230769230769232;-0.7631881172957661;0.6697674418604651;0.09090909090909091;-0.11764705882352941;-0.4972537207654146;0.36279069767441857;0.0;0.0;0.0;0.4;0.0;-0.6782794971531652;0.5569620253164558;0.4;-0.1845110635260528;0.0;0.0;-0.42589118198874293;0.2;0.07753600980692618
0.38235294117647056;0.23214285714285712;0.19111969111969113;0.38235294117647056;0.016666666666666666;0.07476635514018691;0.17796610169491528;0.025157232704402517;-1.0;0.6935105551211883;1.147;-0.1;0.767156862745098;0.5542235851686641;7;0.02358490566037738;0.24479166666666666;0.344;0.30400000000000005;0.10714285714285714;0.07142857142857142;0.03571428571428571;0.17857142857142855;0.33928571428571425;0.04;0.0;0.0;0.0;0.25;0.0;0.25;0.0;0.0;0.2727272727272727;0.3333333333333333;0.008698561391770054;0.054978376497489774;0.010732206861239428;-0.44577703360461046;-0.008498837001252358;0.20576752731209627;0.0821917808219178;0.0;-0.7745901639344263;0.0142857142857143;0.1474423076923077;0.7504671309665363;0.07692307692307693;0.23214285714285712;0.09065384615384617;0.12464998645108832;0.038461538461538464;0.23214285714285712;0.11790558008193135;0.525560673563392;0.038461538461538464;0.27450980392156865;0.266919072408897;-0.6149284884134627;-0.12974128062275816;-0.661525974025974;-0.25;0.11440000000000002;-0.3951748770132758;0.0;0.15042174320524834;-0.4481560363187984;-0.25;-0.3333333333333333;-0.36363636363636365;-0.2857142857142857;-0.18259294769361883;-0.4361817581276838;0.0;-0.8571428571428571;0.10587282805007164;0.16666666666666666;0.24443834111507834;0.04848484848484854;0.019230769230769232;-0.7631881172957661;0.6697674418604651;-0.7272727272727273;-0.5882352941176471;-0.1446669029057406;0.31627906976744186;0.0;0.0;0.0;1.4;0.5;-0.287727605840239;0.620253164556962;1.4;0.7883654532476803;0.0;0.0;-0.7870544090056285;0.2;0.0732454796199816
0.4117647058823529;0.10714285714285714;0.20270270270270271;0.4117647058823529;-0.31666666666666665;0.056074766355140186;0.23728813559322037;0.07547169811320754;0.25;0.7021110242376857;1.156;-0.1285714285714286;0.7843137254901961;0.5525508781711732;7;0.02358490566037738;0.21874999999999997;0.376;0.344;0.23214285714285712;0.10714285714285714;0.07142857142857142;0.05357142857142857;0.33928571428571425;0.04;0.0;0.0;0.0;0.25;0.0;-1.0;0.25;0.0;-0.36363636363636365;0.3333333333333333;0.02542656406825042;0.05656907093502999;0.05562724014336934;0.2471866360344223;-0.008498837001252358;0.39513139332699077;0.0821917808219178;1.155;0.0;0.42321428571428554;0.16025;0.5177509767283847;0.11538461538461539;0.23214285714285712;0.09890384615384616;0.10441694517207105;0.038461538461538464;0.23214285714285712;0.09943125323151573;0.22864909763648736;0.038461538461538464;0.19607843137254904;0.266919072408897;-0.36872939446407815;-0.17609198911190813;-0.661525974025974;-0.25;0.05720000000000001;-0.4582519037671002;0.0;0.1337863167760075;-0.44748346597915034;-0.25;-0.22216666666666665;-0.36363636363636365;-0.2857142857142857;-0.030467668051560665;-0.4361817581276838;0.0;-0.8571428571428571;-0.0009964501463536161;0.16666666666666666;0.1820928316396595;0.04848484848484854;0.0;-0.7631881172957661;0.6713178294573643;1.0;1.0588235294117647;0.20933734939759033;0.36279069767441857;-2.0;-2.0;1.0;-1.4;-1.4;0.6611421162410506;0.5063291139240507;-1.4;0.54389721627409;0.0;0.0;-0.7870544090056285;0.2;0.06527735212994176
0.4411764705882353;0.19642857142857142;0.22393822393822393;0.4434389140271493;-0.31666666666666665;0.04672897196261682;0.2754237288135593;0.3018867924528302;1.0;0.7099296325254105;1.156;-0.2714285714285714;0.8014705882352942;0.549484248675773;7;0.20754716981132074;0.29166666666666663;0.33599999999999997;0.376;0.10714285714285714;0.23214285714285712;0.10714285714285714;0.05357142857142857;0.05357142857142857;0.05090909090909091;0.0;0.0;0.0;-0.5;-0.5;0.25;-1.0;0.2222222222222222;0.0;-0.5555555555555556;0.02542656406825042;0.061142317442958546;0.08331797235023065;0.9473151357034384;0.3987296475219181;0.5570683376529644;0.1780821917808219;1.155;0.22540983606557374;0.6589285714285715;0.19230769230769232;0.3699677254968574;0.11538461538461539;0.23214285714285712;0.12088461538461538;0.2572486676903621;0.038461538461538464;0.23214285714285712;0.1108061886012011;0.22864909763648736;0.038461538461538464;0.19607843137254904;0.09480990692538241;-0.06608002656483483;-0.2282937749624767;-0.42735389610389607;-0.25;0.05720000000000001;-0.4582519037671002;0.0;0.11715089034676664;-0.4326869185068939;-0.25;0.11116666666666668;-0.36363636363636365;0.5714285714285714;0.18259294769361883;-0.21686405888736868;0.0;0.0;0.1414959207822134;0.16666666666666666;0.16094479538588302;0.04848484848484854;0.0;-0.7809509225939821;0.6713178294573643;0.5454545454545454;-0.35294117647058826;0.239900779588944;0.42790697674418604;0.0;2.0;1.0;1.0;1.2;0.76870173064998;0.4810126582278481;1.0;0.3886509635974304;-0.3333333333333333;-0.16666666666666666;-0.6066291432145091;0.0;0.06313208703646953
0.47058823529411764;0.17857142857142855;0.24324324324324323;0.47058823529411764;0.016666666666666666;0.056074766355140186;0.2542372881355932;0.3018867924528302;0.0;0.7177482408131353;1.173;-0.17142857142857149;0.8186274509803921;0.5466964036799551;7;0.3254716981132074;0.33854166666666663;0.44800000000000006;0.33599999999999997;0.19642857142857142;0.10714285714285714;0.23214285714285712;0.03571428571428571;0.26785714285714285;0.10545454545454547;-0.14814814814814814;0.0;0.0;0.25;0.0;1.0;0.25;-0.8888888888888888;0.09090909090909091;0.1111111111111111;0.47474071595851475;0.18760252522741966;0.14566308243727616;-0.15560141739028852;0.3688495258543568;0.6267510908434764;0.1780821917808219;0.0;0.32069672131147536;0.7678571428571428;0.17307692307692307;0.04382537795141837;0.11538461538461539;0.19642857142857142;0.14286538461538462;0.15716737422093757;0.038461538461538464;0.23214285714285712;0.10370679712047091;0.09544665106093807;0.038461538461538464;0.19607843137254904;0.3917021612241676;0.19046037807452387;-0.1979190516166781;-0.2556818181818181;0.0;0.028600000000000004;-0.5453197654828492;-0.3333333333333333;0.11715089034676664;-0.4326869185068939;-0.25;0.5555;0.36363636363636365;0.5714285714285714;0.12165761159049748;-0.22063889019959432;0.0;0.0;0.03462664258578813;0.16666666666666666;0.21340291128810773;0.6787878787878789;0.5;-0.3212617716867009;0.7116279069767442;-0.7272727272727273;-0.8823529411764706;0.239900779588944;0.3395348837209302;0.0;0.0;1.0;-0.2;-0.6;0.41422853599413706;0.5569620253164558;-0.2;0.046038543897216275;0.6666666666666666;0.5;-0.30925578486554095;0.4;0.06313208703646953
0.5;0.21428571428571427;0.2664092664092664;0.5;0.35000000000000003;0.08411214953271028;0.2669491525423729;0.3018867924528302;0.0;0.7255668491008601;1.193;-0.0285714285714286;0.8406862745098039;0.5433509896849733;7;0.4254716981132074;0.31249999999999994;0.52;0.44800000000000006;0.17857142857142855;0.19642857142857142;0.10714285714285714;0.03571428571428571;0.17857142857142855;0.14181818181818182;0.14814814814814814;-0.2;0.0;-0.25;-1.0;0.0;1.0;0.2222222222222222;-0.09090909090909091;-0.5555555555555556;0.8952827032452326;0.3975741909827508;0.21079365079365112;-0.4658697091234766;0.26149579531222056;0.6159902890325121;0.1780821917808219;0.0;0.32069672131147536;0.7678571428571428;0.21153846153846156;-0.515372855444199;0.19230769230769232;0.21428571428571427;0.17032692307692307;-0.026736518832987183;0.07692307692307693;0.23214285714285712;0.10653064471224592;0.13622291021671842;0.038461538461538464;0.19607843137254904;0.47231424514907705;0.402030312373995;-0.11010201226182305;-0.04139610389610384;0.25;0.08580000000000002;-0.44450434665408717;0.0;0.16729147141518275;-0.4342562492994059;-0.25;0.44449999999999995;0.36363636363636365;0.5714285714285714;0.12165761159049748;-0.22063889019959432;0.0;0.0;0.03462664258578813;0.16666666666666666;0.2274100521834661;0.6787878787878789;0.0;-0.3212617716867009;0.751937984496124;0.0;0.4117647058823529;-0.010364989369241672;0.31162790697674414;0.0;0.0;0.0;0.4;0.3;-0.26224702632617397;0.5189873417721519;0.4;-0.5413990007137758;0.3333333333333333;-0.16666666666666666;-0.30925578486554095;0.8;0.059454489733374166
0.5294117647058824;0.33928571428571425;0.3030888030888031;0.5294117647058824;0.016666666666666666;0.08411214953271028;0.288135593220339;0.3270440251572327;0.25;0.7333854573885847;1.205;0.0;0.9264705882352942;0.5380540841929182;7;0.49716981132075466;0.32812499999999994;0.4800000000000001;0.52;0.21428571428571427;0.17857142857142855;0.19642857142857142;0.07142857142857142;0.03571428571428571;0.1490909090909091;0.2962962962962963;0.2;-0.16666666666666666;-0.25;-0.5;0.0;0.0;0.8888888888888888;-0.09090909090909091;-0.2222222222222222;0.11007025761124144;0.4061241735845306;0.24364567332309298;-0.2284957750866399;0.26149579531222056;0.6631016042780751;0.1780821917808219;0.0;0.22540983606557374;0.6589285714285715;0.26282692307692307;0.7504671309665363;0.19230769230769232;0.33928571428571425;0.21153846153846156;0.32987083370969206;0.11538461538461539;0.33928571428571425;0.13069243924750423;0.35973721966321853;0.038461538461538464;0.27450980392156865;1.2005048114844612;0.7170133535732075;0.02920450787351505;-0.42735389610389607;0.25;0.11440000000000002;-0.43776534806927686;0.0;0.18392689784442362;-0.43694653065799804;-0.25;0.11116666666666668;0.36363636363636365;-0.2857142857142857;0.18259294769361883;-0.21686405888736868;0.0;0.0;0.016939652488011454;0.16666666666666666;0.21257896182367492;-0.5575757575757576;-0.9807692307692306;0.12066457392236435;0.6728682170542635;0.18181818181818182;0.058823529411764705;-0.16380226789510988;0.3581395348837209;0.0;0.0;0.0;1.4;0.5;-0.027510006201025956;0.620253164556962;1.4;0.7883654532476803;-0.3333333333333333;-0.3333333333333333;-0.30925578486554095;0.2;0.05485749310450502
0.5588235294117647;0.19642857142857142;0.3243243243243243;0.5588235294117646;0.35000000000000003;0.11214953271028037;0.3135593220338983;0.9811320754716981;0.625;0.743549648162627;1.219;0.0142857142857143;0.9387254901960784;0.534987454697518;7;0.5981132075471697;0.35416666666666663;0.504;0.4800000000000001;0.33928571428571425;0.21428571428571427;0.17857142857142855;0.10714285714285714;0.26785714285714285;0.20363636363636364;0.14814814814814814;0.4;0.16666666666666666;-0.25;0.5;0.25;0.0;0.0;0.09090909090909091;-1.2222222222222223;0.5998661759785883;0.6121191032460109;0.33007680491551483;0.0;0.3659867597065665;0.5776713362422495;0.3150684931506849;0.0;0.0;0.42321428571428554;0.2692307692307693;0.6257856293528111;0.21153846153846156;0.33928571428571425;0.22526923076923078;0.12464998645108832;0.11538461538461539;0.33928571428571425;0.12500497156266155;0.2733519595257873;0.038461538461538464;0.27450980392156865;1.1288846821265182;0.8718483906928203;0.2166933781067947;-0.2556818181818181;0.5;0.2;-0.3382977289574769;0.3333333333333333;0.20079662605435802;-0.41183723797780525;0.0;0.38883333333333336;0.36363636363636365;0.14285714285714285;0.27399595184830083;-0.16986740905015815;0.0;0.0;0.21249299370990846;0.16666666666666666;0.21999450700357048;1.3090909090909095;1.4807692307692308;0.41865094556312693;0.7131782945736433;0.2727272727272727;0.0;-0.4972537207654146;0.37209302325581395;0.0;0.0;0.0;-1.6;-1.5;0.7835841930210269;0.4936708860759494;-1.6;0.6573875802997858;0.6666666666666666;0.5;-0.30925578486554095;0.4;0.05240576156910817
0.5882352941176471;0.17857142857142855;0.3436293436293436;0.5882352941176471;0.016666666666666666;0.04672897196261682;0.2542372881355932;0.20125786163522014;-1.375;0.7607505863956217;1.249;0.1285714285714286;0.9485294117647058;0.5321996097017001;7;0.6443396226415092;0.38541666666666663;0.544;0.504;0.19642857142857142;0.33928571428571425;0.21428571428571427;0.23214285714285712;0.17857142857142855;0.24000000000000002;0.4444444444444444;0.2;0.3333333333333333;-0.25;0.5;0.625;0.25;0.0;-0.8181818181818182;-0.1111111111111111;0.5998661759785883;0.5807028881045884;0.380215053763441;0.23612787664031776;-0.3928251923421004;0.4435550014763297;0.3150684931506849;0.0;-0.7745901639344263;0.0142857142857143;0.25640384615384615;0.8207915746560215;0.19230769230769232;0.33928571428571425;0.21703846153846154;0.12464998645108832;0.11538461538461539;0.33928571428571425;0.12500497156266155;0.2733519595257873;0.038461538461538464;0.27450980392156865;0.3917021612241676;1.012357391902469;0.4090666259635199;-0.04139610389610384;0.5;0.2;-0.3382977289574769;0.3333333333333333;0.16729147141518275;-0.4196838919403655;0.0;-0.22216666666666665;-0.6363636363636364;0.14285714285714285;0.18259294769361883;0.012456943330344895;-0.25;0.0;-0.05430653297627203;-0.08333333333333333;0.30458665201867624;-0.5575757575757576;-1.4807692307692308;0.5806599800934079;0.7131782945736433;-1.5454545454545454;-1.2352941176470589;0.36569808646350105;0.2837209302325581;0.0;0.0;0.0;-0.2;0.7;0.7538192682789332;0.3924050632911393;-0.2;0.8622412562455388;-1.0;-0.8333333333333334;0.0;0.0;0.049341097149862095
0.6176470588235294;0.2857142857142857;0.3745173745173745;0.6176470588235294;0.016666666666666666;-0.028037383177570093;0.2754237288135593;0.0;-1.0;0.6379984362783424;1.277;2.771428571428572;0.9583333333333334;0.5277390577083914;7;0.6971698113207546;0.31249999999999994;0.5920000000000001;0.544;0.17857142857142855;0.19642857142857142;0.33928571428571425;0.10714285714285714;0.05357142857142857;0.2509090909090909;0.0;0.6;0.16666666666666666;-0.25;0.5;-1.375;0.625;0.2222222222222222;0.09090909090909091;-0.8888888888888888;0.1284710605553698;0.5884575234875977;0.4247823860727088;0.2471866360344223;-0.5833780640543924;0.21180407466946635;0.4246575342465753;1.155;0.0;0.42321428571428554;0.23717307692307693;0.23713266519449627;0.19230769230769232;0.2857142857142857;0.24450000000000002;-0.03938216963237286;0.19230769230769232;0.33928571428571425;0.14347929841307722;0.3337612323491657;0.038461538461538464;0.27450980392156865;0.8035967818267864;1.1131140153222174;0.6153807016204941;-0.04139610389610384;0.5;0.2572;-0.3382977289574769;0.3333333333333333;0.16729147141518275;-0.4196838919403655;0.0;-0.7778333333333333;-0.6363636363636364;0.14285714285714285;-0.12165761159049748;0.16779125182843382;-0.25;0.0;-0.1432397085383322;-0.08333333333333333;0.30293875308981055;0.7030303030303032;1.0;0.42201975346451276;0.6744186046511628;0.18181818181818182;1.0588235294117647;0.36569808646350105;0.27906976744186046;-2.0;-2.0;1.0;1.2;0.7;0.6397203901009074;0.569620253164557;1.2;0.24910778015703067;0.6666666666666666;0.8333333333333334;0.11569731081926207;0.0;0.04351823475329453
0.6470588235294118;0.17857142857142855;0.3938223938223938;0.6470588235294117;0.016666666666666666;-0.09345794392523364;0.364406779661017;0.27672955974842767;1.375;0.794370602032838;1.284;0.0142857142857143;0.9656862745098039;0.5249512127125726;7;0.7283018867924527;0.33854166666666663;0.4800000000000001;0.5920000000000001;0.2857142857142857;0.17857142857142855;0.19642857142857142;0.19642857142857142;0.05357142857142857;0.2618181818181818;0.2962962962962963;0.0;0.5;-0.5;-1.0;-1.0;-1.375;0.5555555555555556;0.6363636363636364;-0.4444444444444444;0.49247239879558397;0.4701496246955311;0.45689708141321056;1.290915462793505;0.20889246734657368;0.33424100259177864;0.49315068493150677;1.155;0.22540983606557374;0.6589285714285715;0.23076923076923078;0.32172583658909454;0.19230769230769232;0.2857142857142857;0.24175000000000002;-0.0025291301598771984;0.19230769230769232;0.33928571428571425;0.15342242373622877;0.24888620403231917;0.038461538461538464;0.27450980392156865;0.8035967818267864;1.1060933089822347;0.7828741509577957;-0.2556818181818181;0.25;0.3144;-0.43776534806927686;0.3333333333333333;0.20079662605435802;-0.44075776258267013;0.0;-0.44449999999999995;-0.6363636363636364;1.0;-0.030467668051560665;0.2984004152314443;-0.25;0.42857142857142855;0.03462664258578813;-0.08333333333333333;0.2183466080747048;0.04848484848484854;-0.5192307692307693;0.015619018451879692;0.7131782945736433;1.6363636363636365;0.8823529411764706;0.9195605953224664;0.4418604651162791;0.0;2.0;1.0;-1.2;-1.2;0.42054230790912656;0.5063291139240507;-1.2;0.33797287651677377;-0.3333333333333333;-0.5;0.0;0.4;0.03800183879865157
0.676470588235294;0.125;0.4073359073359073;0.676470588235294;0.35000000000000003;-0.1588785046728972;0.3305084745762712;0.3018867924528302;0.125;0.8123534010946052;1.303;-0.0428571428571429;0.9730392156862745;0.5229997212155002;7;0.7509433962264149;0.4479166666666666;0.52;0.4800000000000001;0.17857142857142855;0.2857142857142857;0.17857142857142855;0.17857142857142855;0.03571428571428571;0.26909090909090905;0.14814814814814814;0.4;0.0;0.0;0.5;1.375;-1.0;-1.2222222222222223;-0.09090909090909091;-0.3333333333333333;0.47474071595851475;0.5097181488293483;0.5018740399385564;0.7929597757096687;0.19243156199677935;0.27938715921393675;0.5205479452054795;0.0;0.32069672131147536;0.7678571428571428;0.21153846153846156;0.701885510446747;0.13461538461538464;0.2857142857142857;0.23351923076923078;0.18065215427693973;0.13461538461538464;0.33928571428571425;0.16052181521695896;0.12474514838027645;0.038461538461538464;0.27450980392156865;0.082505126991639;0.9096084058727258;0.8872268437253553;-0.2556818181818181;0.5;0.3714;-0.4008356358245164;0.3333333333333333;0.21743205248359887;-0.41632104024212535;0.0;0.22216666666666665;-0.36363636363636365;1.0;0.0;0.30066531401877966;-0.25;0.42857142857142855;0.016939652488011454;-0.08333333333333333;0.2760230705850042;0.6787878787878789;0.5;-0.3120741137738305;0.7116279069767442;-1.0;-1.7647058823529411;0.6542345854004252;0.38139534883720927;0.0;0.0;1.0;-0.6;0.3;0.4694740402502958;0.3924050632911393;-0.6;0.7373304782298359;0.6666666666666666;0.5;-0.2454659161976235;0.4;0.03677597303095312
0.7058823529411764;0.125;0.42084942084942084;0.7058823529411765;-0.31666666666666665;-0.27102803738317754;0.3093220338983051;0.12578616352201258;-0.75;0.8295543393275995;1.326;-0.0285714285714286;0.9803921568627451;0.5210482297184269;7;0.7754716981132074;0.40624999999999994;0.6880000000000001;0.52;0.125;0.17857142857142855;0.2857142857142857;0.21428571428571427;0.03571428571428571;0.27636363636363637;0.4444444444444444;0.2;0.3333333333333333;0.25;-0.5;0.125;1.375;-0.8888888888888888;-0.09090909090909091;-0.5555555555555556;0.11007025761124144;0.47193915593776414;0.5063799283154126;0.1633892761185313;0.08275183395956348;0.11994357140513784;0.5753424657534247;0.0;0.32069672131147536;0.7678571428571428;0.15384615384615385;-0.26668931544080166;0.13461538461538464;0.17857142857142855;0.21978846153846154;0.3414325715834159;0.13461538461538464;0.33928571428571425;0.1676212066976892;-0.021747338216416237;0.07692307692307693;0.27450980392156865;-0.16106641426092455;0.5867507886435331;0.9281843852552849;-0.04139610389610384;0.5;0.3144;-0.357975604825123;0.3333333333333333;0.21743205248359887;-0.41632104024212535;0.0;0.3333333333333333;-0.18181818181818182;1.0;-0.18259294769361883;0.36408248006417204;-0.25;0.42857142857142855;-0.08992962570841379;-0.08333333333333333;0.3106289480911838;-0.5575757575757576;-0.9807692307692306;0.0;0.6728682170542635;-0.7272727272727273;0.11764705882352941;0.7802090715804394;0.26046511627906976;0.0;0.0;0.0;0.0;0.3;-0.26224702632617397;0.4683544303797469;0.0;-0.2801570306923626;-1.0;-0.8333333333333334;0.0;0.0;0.033098375727857815
0.7352941176470588;0.125;0.4343629343629343;0.7352941176470588;0.35000000000000003;-0.35514018691588783;0.3135593220338983;-0.050314465408805034;-0.875;0.8475371383893666;1.353;0.0285714285714286;0.9852941176470588;0.5190967382213545;7;0.7943396226415093;0.3802083333333333;0.624;0.6880000000000001;0.125;0.125;0.17857142857142855;0.33928571428571425;0.07142857142857142;0.2909090909090909;0.0;0.6;0.16666666666666666;0.0;-0.5;-0.75;0.125;1.2222222222222223;0.09090909090909091;-0.5555555555555556;0.5998661759785883;0.4701496246955311;0.5498822324628778;-0.44577703360461046;0.05269278940776544;-0.017978412781732712;0.5753424657534247;0.0;0.22540983606557374;0.6589285714285715;0.13461538461538464;-0.8551044674706979;0.13461538461538464;0.125;0.1868076923076923;-0.11128172703459498;0.13461538461538464;0.2857142857142857;0.17187686433599808;-0.1054141810767952;0.11538461538461539;0.27450980392156865;-0.16106641426092455;0.39766608951400595;0.9133277366506395;0.18344155844155843;0.75;0.4;-0.27656850192061455;0.6666666666666666;0.28444236176194937;-0.36498150431565973;0.25;-0.6666666666666666;-0.2727272727272727;-0.42857142857142855;-0.4565888995419196;0.3999433775303166;-0.25;0.42857142857142855;-0.2144858940026157;-0.08333333333333333;0.33864322988190065;1.3090909090909095;1.4807692307692308;0.41865094556312693;0.7131782945736433;-0.18181818181818182;0.29411764705882354;-0.2266123316796598;0.3023255813953488;0.0;0.0;0.0;0.0;0.0;-0.5481706973335587;0.5063291139240507;0.0;-0.8982869379014988;1.3333333333333333;1.1666666666666667;0.3405253283302064;0.4;0.02911431198283787
0.7647058823529411;0.07142857142857142;0.4420849420849421;0.7466063348416289;0.016666666666666666;-0.4485981308411215;0.3516949152542373;-0.050314465408805034;0.0;0.8639562157935887;1.37;-0.0285714285714286;0.9901960784313726;0.5179816002230275;7;0.8103773584905659;0.38541666666666663;0.5840000000000001;0.624;0.125;0.125;0.125;0.19642857142857142;0.10714285714285714;0.3127272727272727;0.5925925925925926;0.0;0.5;0.5;-0.5;-0.875;-0.75;0.1111111111111111;0.36363636363636365;-0.3333333333333333;0.587152893944463;0.5009693294228761;0.5468509984639021;0.0;0.20388262658794057;-0.06010301499294623;0.5753424657534247;0.0;0.0;0.42321428571428554;0.11538461538461539;-0.26668931544080166;0.07692307692307693;0.125;0.1675769230769231;0.0932165116069009;0.07692307692307693;0.2857142857142857;0.1690331304935767;-0.04258853734048177;0.07692307692307693;0.27450980392156865;-0.3869695535573436;0.12177130523469558;0.8352285736090971;0.18344155844155843;0.75;0.3428;-0.2932812184109441;0.6666666666666666;0.30107778819119024;-0.373052348391436;0.25;-0.7221666666666667;-0.2727272727272727;-0.5714285714285714;-0.6087141791839779;0.2984004152314443;-0.25;0.42857142857142855;-0.25010898673475745;-0.08333333333333333;0.2988190057676463;-0.5818181818181819;-1.5;0.5895413827425159;0.7116279069767442;0.5454545454545454;0.4117647058823529;-0.010364989369241672;0.3674418604651163;0.0;0.0;0.0;-0.6;-0.3;-0.5481706973335587;0.4683544303797469;-0.6;-0.2801570306923626;-1.0;-1.1666666666666667;0.4765478424015011;0.4;0.024517315353968727
0.7941176470588235;0.08928571428571427;0.4517374517374517;0.7941176470588235;-2.316666666666667;-0.7009345794392523;0.36016949152542377;0.0;0.125;0.8795934323690382;1.377;-0.2142857142857144;0.9926470588235294;0.5165876777251182;7;0.8415094339622641;0.43229166666666663;0.5920000000000001;0.5840000000000001;0.07142857142857142;0.125;0.125;0.17857142857142855;0.23214285714285712;0.36;0.14814814814814814;0.8;0.0;-0.25;-0.5;0.0;-0.875;-0.6666666666666666;-1.0909090909090908;-1.4444444444444444;0.5680829708932755;-0.11443058110056172;0.3926676907322071;0.05467076827226355;-0.09831812488817306;-0.2910665660575441;0.7671232876712328;0.0;-0.7745901639344263;0.0142857142857143;0.10255769230769232;-0.33599456429420743;0.07692307692307693;0.125;0.15384615384615385;0.1593352000722608;0.07692307692307693;0.2857142857142857;0.15767808137453765;-0.0006040927282337173;0.07692307692307693;0.27450980392156865;-0.5540306041962455;-0.23021275586442436;0.7480220814571726;4.180194805194805;0.75;-0.1714;1.3521126760563378;0.6666666666666666;0.0;0.5053245151888801;0.25;-0.3333333333333333;-0.2727272727272727;-0.42857142857142855;-0.24352828379674016;0.1375926013306279;0.0;0.42857142857142855;-0.08992962570841379;-0.08333333333333333;0.2524031859379292;-4.33939393939394;-2.980769230769231;2.8512365056274405;0.3503875968992247;-0.09090909090909091;-0.47058823529411764;-0.24645641389085754;0.37209302325581395;0.0;0.0;0.0;0.2;0.4;-0.4692485483961892;0.4810126582278481;0.2;-0.352962169878658;-6.333333333333333;-2.6666666666666665;2.899624765478424;-4.2;0.021759117376647263
0.8235294117647058;0.0;0.4517374517374517;0.823529411764706;-2.65;-1.0;0.3559322033898305;-0.025157232704402517;-0.125;0.8983580922595777;1.387;-0.4142857142857144;0.9950980392156863;0.5165876777251182;7;0.8499999999999998;0.4427083333333333;0.664;0.5920000000000001;0.08928571428571427;0.07142857142857142;0.125;0.2857142857142857;0.10714285714285714;0.3818181818181818;-2.6666666666666665;0.2;0.6666666666666666;0.25;-0.5;0.125;0.0;-0.7777777777777778;-0.8181818181818182;-0.3333333333333333;0.4570090331214455;-0.5641994333151068;0.23504352278545854;-0.7021533429383592;-0.49713723385220954;-0.34145861356254703;0.821917808219178;0.0;-0.7745901639344263;-0.005357142857143061;0.057692307692307696;0.04382537795141837;0.0;0.08928571428571427;0.1098846153846154;-0.14885737512419847;0.0;0.17857142857142855;0.1491468798472736;0.199048553953032;0.0;0.27450980392156865;-0.8099069253825525;-0.4882711510637793;0.5838866417359893;3.911931818181818;0.0;-0.7714000000000001;1.9947435811038479;0.6666666666666666;-0.3181818181818182;0.9568434032059187;0.25;0.0;0.2727272727272727;-0.42857142857142855;-0.030467668051560665;0.0018874156561128274;0.08333333333333333;0.42857142857142855;-0.1432397085383322;-0.08333333333333333;0.27190332326283995;0.04848484848484854;3.480769230769231;2.216063088584335;0.3906976744186046;-0.36363636363636365;-0.23529411764705882;-0.1779766123316797;0.3255813953488372;0.0;0.0;0.0;-1.0;-0.6;-0.24984497435030156;0.4556962025316456;-1.0;0.046038543897216275;-0.3333333333333333;3.0;2.2979987492182614;-3.8;0.02053325160894881
0.8529411764705882;0.23214285714285712;0.4768339768339768;0.8529411764705882;-4.6499999999999995;-1.4205607476635513;0.288135593220339;-0.4779874213836478;-2.25;0.9147771696637998;1.402;-0.5;0.9975490196078431;0.512963479230554;7;0.8499999999999998;0.43749999999999994;0.68;0.664;0.0;0.08928571428571427;0.07142857142857142;0.17857142857142855;0.19642857142857142;0.4218181818181818;-2.814814814814815;-3.6;0.16666666666666666;0.0;-1.0;-0.125;0.125;0.0;0.9090909090909091;0.3333333333333333;0.008698561391770054;-0.8197047273450317;-0.0010650281618022016;0.6278571706709241;-0.30300590445517966;-0.3619303828614546;0.821917808219178;0.0;-0.7745901639344263;-0.06428571428571435;0.11538461538461539;1.3725157125870562;0.0;0.23214285714285712;0.1181346153846154;0.1354891157077048;0.0;0.23214285714285712;0.1519906136896949;0.22502454126708452;0.0;0.27450980392156865;-0.08124309828048597;-0.471573254903821;0.4395939861100509;2.9760551948051948;-4.75;-1.7713999999999999;3.2670665139160318;0.6666666666666666;-0.8704311152764761;1.8610021298060753;0.25;-1.0;-1.2727272727272727;-0.42857142857142855;-0.9131777990838392;0.18553295899589484;-0.8333333333333334;-1.0;-0.6058416889829981;-0.6666666666666666;0.3227135402361989;-3.70909090909091;-2.980769230769231;2.216063088584335;0.43100775193798446;-1.7272727272727273;-0.9411764705882353;0.22173990077958894;0.24186046511627907;0.0;0.0;0.0;2.6;1.8;1.127910254242065;0.6075949367088608;2.6;1.4418272662384015;-5.0;-2.3333333333333335;2.1685428392745467;-3.0;0.019000919399325772
0.8823529411764706;0.125;0.4903474903474903;0.8823529411764706;-4.316666666666666;-1.8224299065420562;0.3771186440677966;-0.4276729559748428;0.25;0.9304143862392493;1.403;-0.7714285714285715;1.0;0.5110119877334816;7;0.8660377358490566;0.35416666666666663;0.672;0.68;0.23214285714285712;0.0;0.08928571428571427;0.125;0.17857142857142855;0.45818181818181813;-5.037037037037037;-3.8;-3.0;0.5;0.0;-2.25;-0.125;0.1111111111111111;0.0;-0.5555555555555556;0.008698561391770054;-0.8849231992841876;-0.20841781874039914;0.8507456874732294;-0.07845768473787787;-0.34513303369312026;0.821917808219178;0.0;-0.7745901639344263;-0.16428571428571445;0.12821153846153846;1.3551894003737046;0.0;0.23214285714285712;0.1181346153846154;0.1354891157077048;0.0;0.23214285714285712;0.1477349560513861;0.23559616401117578;0.0;0.27450980392156865;0.3356996371667453;-0.40743815374398135;0.27673051972830665;2.8530844155844157;-5.0;-2.8286;3.6808410270233836;0.6666666666666666;-1.4561855670103092;2.409819526958861;0.25;-0.9445;-1.2727272727272727;-0.2857142857142857;-0.8827101310322786;0.21139055348464103;-0.8333333333333334;-0.8571428571428571;-0.5702185962508564;-0.6666666666666666;0.23647349629222747;0.04848484848484854;2.980769230769231;1.9597274328152519;0.43100775193798446;1.6363636363636365;2.1176470588235294;1.0160347271438694;0.3441860465116279;0.0;0.0;0.0;-1.2;-1.9;1.4724618073172102;0.5949367088607596;-1.2;1.4236259814418273;0.0;2.5;1.8352095059412132;-2.8;0.016549187863928894
0.9117647058823529;0.05357142857142857;0.4961389961389961;0.9117647058823529;-4.316666666666666;-2.2803738317757007;0.8135593220338984;2.2138364779874213;13.0;0.9483971853010165;1.34;-2.0000000000000004;1.0;0.5101756342347361;7;0.8849056603773585;0.4635416666666666;0.544;0.672;0.125;0.23214285714285712;0.0;0.125;0.21428571428571427;0.5018181818181818;-5.037037037037037;-6.8;-3.1666666666666665;-0.25;0.5;0.25;-2.25;-0.1111111111111111;-0.6363636363636364;-0.5555555555555556;0.042154566744730795;-0.9155440672068401;-0.3745622119815666;9.478914372493282;6.189210950080514;2.6528001049834327;0.821917808219178;0.0;-0.7745901639344263;-0.31785714285714295;0.1474423076923077;0.8547647358586716;0.057692307692307696;0.23214285714285712;0.10713461538461538;0.1871556318309095;0.0;0.23214285714285712;0.1349480968858131;0.2902665559163332;0.0;0.27450980392156865;-0.4557501183151918;-0.39339674106401645;0.09122592790455107;-0.661525974025974;-8.75;-3.8;3.7077970213626252;0.6666666666666666;-2.0585754451733833;2.767402757538393;0.25;4.888833333333333;-1.2727272727272727;14.285714285714286;2.465324384787472;6.692398433445006;-0.8333333333333334;13.714285714285714;1.2801893255278074;-0.6666666666666666;0.044493271079373814;0.0727272727272727;0.019230769230769232;1.9686088354643598;0.6728682170542635;9.090909090909092;4.764705882352941;4.762668320340184;0.8976744186046512;0.0;0.0;0.0;-0.8;0.2;1.4154123682281972;0.379746835443038;-0.8;0.8979300499643114;0.0;0.0;1.9208880550343967;0.2;0.016549187863928894
0.9411764705882353;0.1607142857142857;0.5135135135135136;0.9411764705882352;-3.3166666666666664;-2.663551401869159;0.3728813559322034;2.188679245283019;-0.125;0.965598123534011;1.353;-2.128571428571429;1.0;0.5076665737384998;7;0.8962264150943396;0.9999999999999999;0.7120000000000001;0.544;0.05357142857142857;0.125;0.23214285714285712;0.125;0.33928571428571425;0.5709090909090909;-5.037037037037037;-6.8;-5.666666666666667;0.75;0.0;13.0;0.25;-2.0;-0.7272727272727273;-0.3333333333333333;1.4359317497490802;-0.5546552666898644;-0.4979416282642087;8.449826720143298;6.0269278940776525;2.6091007512876883;0.821917808219178;0.0;-0.7745901639344263;-0.542857142857143;0.12178846153846155;0.18277560727025655;0.057692307692307696;0.1607142857142857;0.11263461538461539;0.2529130159877157;0.0;0.23214285714285712;0.12074931392435269;-0.003020463641168855;0.0;0.21568627450980393;-0.2801703738760058;-0.2675932734043309;-0.012414459792922727;1.2130681818181819;-6.75;-4.6572;2.7575982209043732;-0.3333333333333333;-2.510543580131209;2.847214437843291;0.25;5.833333333333333;0.2727272727272727;14.285714285714286;2.648130393096836;6.618977964422216;-0.8333333333333334;13.714285714285714;1.2268792426978887;-0.6666666666666666;0.29112881076627306;1.93939393939394;1.4807692307692308;0.5895413827425159;0.7937984496124031;-9.727272727272727;-12.235294117647058;8.60214386959603;0.31627906976744186;0.0;0.0;0.0;1.2;1.0;0.5109645414059416;0.5316455696202532;1.2;0.19200571020699508;2.6666666666666665;1.3333333333333333;0.657285803627267;1.8;0.02666258044744102
0.0;0.14285714285714285;0.0;0.0;0.016666666666666666;0.3364485981308411;0.046610169491525424;-0.025157232704402517;1.0;0.0;0.317;0.7142857142857144;0.0;1.0;8;0.058490566037735864;0.057291666666666664;0.088;0.088;0.14285714285714285;0.14285714285714285;0.14285714285714285;0.14285714285714285;0.14285714285714285;0.0;0.2962962962962963;0.4;0.3333333333333333;0.25;0.5;1.0;1.0;0.8888888888888888;0.6363636363636364;0.3333333333333333;-0.5787888926062227;-1.4883929015260726;-1.297122375832053;-0.41742922783380715;-0.9539273573089998;-1.2050785735376137;0.1506849315068493;0.0;-0.7745901639344263;-1.8392857142857144;0.15384615384615385;0.5863767623577374;0.15384615384615385;0.14285714285714285;0.15384615384615385;0.2471321470508536;0.15384615384615385;0.14285714285714285;0.12500497156266155;0.023861662765234652;0.15384615384615385;0.058823529411764705;-1.0422779618236315;-1.4542823936813642;-1.4368210842300744;-0.37459415584415584;0.25;0.4286;-0.5102769728418357;0.0;0.48523898781630737;-0.5337966595673131;-0.25;1.3333333333333333;1.0909090909090908;0.5714285714285714;1.7044849259614359;-0.17741707167460963;1.3333333333333333;0.0;1.9385937597309586;1.5;0.08129634715737438;-0.04848484848484854;-0.4615384615384615;-0.261235739989281;0.6217054263565891;-0.6363636363636364;0.23529411764705882;-0.3193656980864635;0.3069767441860465;0.0;0.0;0.0;-1.2;1.5;1.4530695078640279;0.5443037974683544;1.8;1.3729478943611706;0.3333333333333333;-0.5;-0.12382739212007501;0.0;0.7649402390438246
0.029411764705882353;0.03571428571428571;0.0038610038610038602;0.029411764705882353;0.35000000000000003;0.35514018691588783;0.029661016949152547;0.0;0.125;0.17826426896012515;0.549;0.7714285714285715;0.0;0.9994424310008361;8;0.058490566037735864;0.057291666666666664;0.088;0.088;0.14285714285714285;0.14285714285714285;0.14285714285714285;0.14285714285714285;0.14285714285714285;0.0;0.2962962962962963;0.4;0.3333333333333333;0.25;0.5;1.0;1.0;0.8888888888888888;0.6363636363636364;0.3333333333333333;-0.5787888926062227;-1.4883929015260726;-1.297122375832053;-0.41742922783380715;-0.9539273573089998;-1.2050785735376137;0.0958904109589041;0.0;-0.7745901639344263;-1.8392857142857144;0.09615384615384616;0.5863767623577374;0.038461538461538464;0.14285714285714285;0.09615384615384616;0.2471321470508536;0.038461538461538464;0.14285714285714285;0.06534621962375213;0.023861662765234652;0.038461538461538464;0.058823529411764705;-1.0422779618236315;-1.4542823936813642;-1.4368210842300744;-0.37459415584415584;0.5;0.5286;-0.5102769728418357;0.3333333333333333;0.602389878163074;-0.5337966595673131;0.0;0.75;0.45454545454545453;0.5714285714285714;0.9587727708533077;-0.17741707167460963;0.75;0.0;1.0666998816715452;0.9166666666666666;0.20708596539412255;-0.04848484848484854;-0.4615384615384615;-0.261235739989281;0.6217054263565891;-0.6363636363636364;0.23529411764705882;-0.3193656980864635;0.3069767441860465;0.0;0.0;0.0;-1.2;1.5;1.4530695078640279;0.5443037974683544;1.8;1.3729478943611706;0.3333333333333333;-0.5;-0.12382739212007501;0.0;0.7649402390438246
0.0588235294117647;0.19642857142857142;0.0250965250965251;0.058823529411764705;0.016666666666666666;0.35514018691588783;0.033898305084745756;-0.050314465408805034;-0.125;0.30492572322126654;0.712;0.7857142857142858;0.0;0.9963758015054358;8;0.058490566037735864;0.036458333333333336;0.088;0.088;0.03571428571428571;0.14285714285714285;0.14285714285714285;0.14285714285714285;0.14285714285714285;0.0;0.4444444444444444;0.4;0.3333333333333333;0.25;0.5;0.125;1.0;0.8888888888888888;0.6363636363636364;0.3333333333333333;-0.4877885580461692;-1.4343092906496995;-1.274838709677419;-0.5336240800591878;-1.0874038289497225;-1.3029756241593125;0.0958904109589041;0.0;-0.7745901639344263;-1.8392857142857144;0.13461538461538464;0.701885510446747;0.038461538461538464;0.19642857142857142;0.13461538461538464;0.36997561195917256;0.038461538461538464;0.19642857142857142;0.10511872091635842;0.12655742656497787;0.038461538461538464;0.11764705882352942;-0.16106641426092455;-0.9243139394226891;-1.1526113612658677;-0.2556818181818181;0.5;0.4286;-0.431295909427859;0.3333333333333333;0.48523898781630737;-0.46810895639502303;0.0;0.44449999999999995;0.2727272727272727;0.5714285714285714;0.5682326621923937;-0.2196951823715379;0.5833333333333334;0.0;0.6100766021050009;0.75;0.22274100521834667;-0.6303030303030305;-0.4615384615384615;-0.261235739989281;0.6217054263565891;-0.18181818181818182;0.23529411764705882;-0.3193656980864635;0.3069767441860465;0.0;0.0;0.0;1.8;1.5;1.4530695078640279;0.5443037974683544;1.8;1.3729478943611706;-0.6666666666666666;-0.5;-0.12382739212007501;0.0;0.35611400551639594
0.08823529411764705;0.07142857142857142;0.03281853281853282;0.08823529411764705;0.016666666666666666;0.3644859813084112;0.05508474576271187;-0.025157232704402517;0.0;0.3948397185301016;0.827;0.7857142857142858;0.0;0.9952606635071088;8;0.058490566037735864;0.041666666666666664;0.05600000000000002;0.088;0.19642857142857142;0.03571428571428571;0.14285714285714285;0.14285714285714285;0.14285714285714285;0.0;0.14814814814814814;0.6;0.3333333333333333;0.25;0.5;-0.125;0.125;0.8888888888888888;0.6363636363636364;0.3333333333333333;-0.4877885580461692;-1.1698563404086098;-1.1658781362007165;-0.3571512012772089;-0.9671676507425299;-1.2147895410255571;0.0958904109589041;0.0;-0.7745901639344263;-1.8392857142857144;0.10898076923076923;0.7504671309665363;0.038461538461538464;0.19642857142857142;0.1201923076923077;0.17053563363743093;0.038461538461538464;0.19642857142857142;0.09020403293163105;-0.04017216642754663;0.038461538461538464;0.11764705882352942;-0.04006941157911349;-0.8022105737529943;-1.087130173751558;-0.2556818181818181;0.5;0.4286;-0.4808949390120628;0.3333333333333333;0.48523898781630737;-0.5093599372267684;0.0;0.0;0.2727272727272727;-0.42857142857142855;0.42612123149035896;-0.3412447506252066;0.5833333333333334;0.0;0.4439185402005356;0.75;0.19884647074979406;-0.04848484848484854;0.4615384615384615;-0.3564811270193707;0.6217054263565891;0.18181818181818182;0.17647058823529413;-0.23316796598157333;0.34883720930232553;0.0;0.0;0.0;-1.4;-1.6;1.0823608997124974;0.5316455696202532;-1.4;0.7883654532476803;0.3333333333333333;0.5;-0.2454659161976235;0.0;0.22831749923383385
0.11764705882352941;0.125;0.04633204633204634;0.11764705882352941;0.016666666666666666;0.34579439252336447;0.06779661016949153;-0.025157232704402517;0.0;0.46364347146207974;0.901;0.5857142857142859;0.0;0.9933091720100355;8;0.058490566037735864;0.06770833333333334;0.064;0.05600000000000002;0.07142857142857142;0.19642857142857142;0.03571428571428571;0.14285714285714285;0.14285714285714285;0.0;0.2962962962962963;0.2;0.5;0.25;0.5;0.0;-0.125;0.1111111111111111;0.6363636363636364;0.3333333333333333;-0.4877885580461692;-1.023910125764279;-1.105745007680491;-0.2284957750866399;-0.8025585972445876;-1.0940585938781537;0.0958904109589041;0.0;-0.7745901639344263;-1.8392857142857144;0.14101923076923079;0.3380329539663665;0.07692307692307693;0.19642857142857142;0.12307692307692308;-0.018787824044801747;0.038461538461538464;0.19642857142857142;0.09318697052857654;-0.19844446122479786;0.038461538461538464;0.11764705882352942;-0.3869695535573436;-0.6269775384834325;-0.9931567834338191;-0.2556818181818181;0.25;0.34859999999999997;-0.3935575173529213;0.3333333333333333;0.39151827553889407;-0.43672234054478204;0.0;-0.0555;0.2727272727272727;-0.5714285714285714;0.3408969851922872;-0.4233473316661164;0.5833333333333334;0.0;0.3442735255651741;0.75;0.1837407305685252;-0.6303030303030305;-0.4615384615384615;-0.3564811270193707;0.6217054263565891;0.0;-0.17647058823529413;-0.45543940467753363;0.3581395348837209;0.0;0.0;0.0;0.6;1.0;0.8839280680985397;0.4556962025316456;0.6;0.3551034975017845;-0.6666666666666666;-0.5;-0.2454659161976235;0.0;0.1685565430585351
0.14705882352941174;0.17857142857142855;0.06563706563706564;0.14705882352941177;0.016666666666666666;0.34579439252336447;0.08050847457627118;-0.025157232704402517;0.0;0.5144644253322908;0.964;0.5571428571428572;0.0;0.9905213270142177;8;0.058490566037735864;0.08333333333333334;0.10400000000000001;0.064;0.125;0.07142857142857142;0.19642857142857142;0.14285714285714285;0.14285714285714285;0.0;0.0;0.4;0.16666666666666666;0.25;0.5;0.0;0.0;-0.1111111111111111;0.6363636363636364;0.3333333333333333;-0.4877885580461692;-0.7801362032112145;-1.0053046594982076;-0.39063899380865236;-0.6309715512614062;-0.9682097044060235;0.0958904109589041;0.0;-0.7745901639344263;-1.8392857142857144;0.13461538461538464;0.16409036860879905;0.07692307692307693;0.17857142857142855;0.13461538461538464;-0.03432390931261862;0.038461538461538464;0.19642857142857142;0.10511872091635842;-0.21143245488182427;0.038461538461538464;0.11764705882352942;0.082505126991639;-0.35582647470411033;-0.8477447912691749;-0.2556818181818181;0.25;0.3286;-0.41808747220163084;0.3333333333333333;0.3680880974695408;-0.4571236408474387;0.0;0.0;0.36363636363636365;-0.5714285714285714;0.2840098007883243;-0.48374463266172807;0.5833333333333334;0.0;0.27776047829607026;0.75;0.19362812414171932;-0.04848484848484854;0.4615384615384615;-0.3564811270193707;0.6217054263565891;0.0;-0.058823529411764705;-0.5302976612331679;0.34883720930232553;0.0;0.0;0.0;0.6;0.0;0.36326737696600697;0.5822784810126582;0.6;0.17237687366167026;0.3333333333333333;0.5;-0.2454659161976235;0.0;0.13821636530799883
0.1764705882352941;0.05357142857142857;0.07142857142857144;0.13122171945701358;0.016666666666666666;0.37383177570093457;0.09745762711864407;0.050314465408805034;0.125;0.5535574667709147;1.012;0.5285714285714286;0.6617647058823529;0.9896849735154722;8;0.058490566037735864;0.09895833333333334;0.128;0.10400000000000001;0.17857142857142855;0.125;0.07142857142857142;0.14285714285714285;0.14285714285714285;0.0;0.14814814814814814;0.0;0.3333333333333333;0.25;0.5;0.0;0.0;0.0;0.6363636363636364;0.3333333333333333;-0.1251254600200735;-0.5051449023214197;-0.8920020481310801;-0.3108913204314474;-0.41447486133476463;-0.8094222630491126;0.0958904109589041;0.0;-0.7745901639344263;-1.8392857142857144;0.12821153846153846;0.3380329539663665;0.057692307692307696;0.17857142857142855;0.1236346153846154;-0.019510432661909587;0.038461538461538464;0.19642857142857142;0.09376367179731933;-0.19904855395303173;0.038461538461538464;0.11764705882352942;-0.19151285691749492;-0.21417898057446458;-0.7717825434378894;-0.42735389610389607;0.0;0.3144;-0.43776534806927686;0.3333333333333333;0.3514526710402999;-0.4734895191122072;0.0;0.0555;0.36363636363636365;-0.42857142857142855;0.27399595184830083;-0.5381022035577786;0.5833333333333334;0.0;0.2660521890764153;0.75;0.19060697610546556;-0.0727272727272727;-0.019230769230769232;-0.3650562744047163;0.6573643410852712;0.09090909090909091;0.0;-0.5815024805102764;0.35348837209302325;0.0;0.0;0.0;-1.4;-1.0;0.36326737696600697;0.4556962025316456;-1.4;0.3551034975017845;0.0;-0.16666666666666666;-0.30925578486554095;0.4;0.11584431504750228
0.20588235294117646;0.07142857142857142;0.07915057915057916;0.20588235294117646;0.35000000000000003;0.34579439252336447;0.11440677966101694;0.025157232704402517;0.125;0.5840500390930414;1.049;0.5000000000000001;0.6568627450980392;0.9885698355171444;8;0.058490566037735864;0.11979166666666666;0.152;0.128;0.05357142857142857;0.17857142857142855;0.125;0.14285714285714285;0.14285714285714285;0.0;0.14814814814814814;0.2;0.0;0.25;0.5;0.125;0.0;0.0;0.6363636363636364;0.3333333333333333;-0.1251254600200735;-0.4319729581945618;-0.7726369687660007;-0.23488181924379894;-0.12730363213454984;-0.640398937042748;0.0958904109589041;1.155;0.0;-0.5767857142857145;0.10898076923076923;0.43111941566162726;0.057692307692307696;0.17857142857142855;0.11263461538461539;-0.009755216330954794;0.038461538461538464;0.19642857142857142;0.08771825160084316;-0.24375141584233165;0.038461538461538464;0.11764705882352942;-0.7113109323237103;-0.2399848200944001;-0.7121524332849982;0.04139610389610393;0.75;0.3714;-0.32886313093874253;0.6666666666666666;0.4266635426429241;-0.404887344468109;0.25;0.11116666666666668;0.36363636363636365;-0.42857142857142855;0.06093533610312133;-0.9689991978483463;0.5833333333333334;-1.0;0.2570841377592328;0.75;0.18868442735512225;-0.04848484848484854;0.019230769230769232;-0.7631881172957661;0.6573643410852712;0.09090909090909091;-0.058823529411764705;-0.5815024805102764;0.3581395348837209;-2.0;-2.0;1.0;0.2;0.8;0.25458030328654363;0.43037974683544306;0.2;0.4528907922912206;1.0;0.5;-0.30925578486554095;0.8;0.10082745939319646
0.23529411764705882;0.07142857142857142;0.08687258687258688;0.2352941176470588;0.016666666666666666;0.35514018691588783;0.13559322033898302;0.07547169811320754;0.25;0.6082877247849882;1.074;0.4142857142857143;0.6715686274509803;0.9874546975188174;8;0.058490566037735864;0.140625;0.18400000000000002;0.152;0.07142857142857142;0.05357142857142857;0.17857142857142855;0.03571428571428571;0.14285714285714285;0.0;0.5925925925925926;0.2;0.16666666666666666;0.5;0.5;0.125;0.125;0.0;0.0;0.3333333333333333;-0.10839745734359313;-0.28940696923000464;-0.6512237583205321;-0.15560141739028852;0.021739130434782795;-0.4415865621206652;0.0958904109589041;1.155;0.22540983606557374;-0.26428571428571435;0.07051923076923076;-0.6590793273314081;0.057692307692307696;0.07142857142857142;0.1181346153846154;-0.11633998735434921;0.057692307692307696;0.19642857142857142;0.08302509644831563;-0.2854338140904628;0.038461538461538464;0.11764705882352942;-0.6343271809433666;-0.4233770546239416;-0.659696252766542;0.04139610389610393;0.75;0.3144;-0.357975604825123;0.6666666666666666;0.4072164948453608;-0.4176661809214214;0.25;0.22216666666666665;0.45454545454545453;-0.2857142857142857;0.091403004154682;-0.9274760534138633;0.5833333333333334;-0.8571428571428571;0.27776047829607026;0.75;0.17934633342488332;-0.04848484848484854;-0.0;-0.7631881172957661;0.6589147286821705;0.18181818181818182;0.0;-0.5815024805102764;0.36279069767441857;0.0;2.0;1.0;0.0;-0.1;0.04419640340492693;0.5189873417721519;0.0;-0.6923625981441827;-1.0;-1.0;0.151031894934334;0.2;0.0901011339258351
0.2647058823529412;0.07142857142857142;0.0945945945945946;0.2647058823529411;0.35000000000000003;0.32710280373831774;0.1313559322033898;0.0;-0.375;0.6317435496481626;1.111;0.5142857142857143;0.6887254901960784;0.9863395595204905;8;0.058490566037735864;0.16666666666666666;0.216;0.18400000000000002;0.07142857142857142;0.07142857142857142;0.05357142857142857;0.19642857142857142;0.14285714285714285;0.0;0.14814814814814814;0.8;0.16666666666666666;0.0;0.5;0.25;0.125;0.1111111111111111;-0.18181818181818182;0.3333333333333333;-0.10839745734359313;-0.21603618829845425;-0.5294009216589858;-0.44577703360461046;-0.14108069422079067;-0.36547357370165007;0.0958904109589041;0.0;0.32069672131147536;-0.1142857142857144;0.07692307692307693;-0.8551044674706979;0.07692307692307693;0.07142857142857142;0.09890384615384616;-0.3905699575467437;0.057692307692307696;0.17857142857142855;0.07926659507616433;-0.32349165596919116;0.038461538461538464;0.11764705882352942;-0.6343271809433666;-0.5057280425037356;-0.6104454450634714;-0.04139610389610384;0.75;0.3428;-0.357975604825123;0.6666666666666666;0.41494845360824745;-0.4322385382804619;0.25;0.0;0.09090909090909091;-0.2857142857142857;0.030467668051560665;-0.8146085971783138;0.4166666666666667;-0.8571428571428571;0.16989474995329143;0.5833333333333334;0.21862125789618247;-0.04848484848484854;0.0;-0.7809509225939821;0.6589147286821705;-0.36363636363636365;-0.4117647058823529;-0.34780297661233167;0.3395348837209302;0.0;0.0;1.0;0.0;0.0;-0.8086137888268785;0.5063291139240507;0.0;-0.8982869379014988;0.3333333333333333;0.6666666666666666;0.1682301438399;-0.2;0.08335887220349372
0.29411764705882354;0.017857142857142856;0.09652509652509653;0.2941176470588235;0.016666666666666666;0.3177570093457944;0.1610169491525424;-0.025157232704402517;0.0;0.6473807662236122;1.131;0.5142857142857143;0.7083333333333334;0.986060775020908;8;0.058490566037735864;0.16145833333333334;0.256;0.216;0.07142857142857142;0.07142857142857142;0.07142857142857142;0.07142857142857142;0.14285714285714285;0.0;0.2962962962962963;0.2;0.6666666666666666;0.25;0.5;-0.375;0.25;0.1111111111111111;-0.09090909090909091;0.3333333333333333;-0.10839745734359313;-0.10906198737386305;-0.40790578597030186;-0.2682138546006776;-0.0707640007156914;-0.19684393556641847;0.0958904109589041;0.0;0.32069672131147536;-0.037500000000000235;0.057692307692307696;-0.26668931544080166;0.019230769230769232;0.07142857142857142;0.09065384615384617;-0.227983018697498;0.019230769230769232;0.17857142857142855;0.07077516605019288;-0.27335195952578717;0.019230769230769232;0.11764705882352942;-0.8479255403060421;-0.7154953630132111;-0.5816479686585768;-0.2556818181818181;0.25;0.2858;-0.32886313093874253;0.6666666666666666;0.3786316776007498;-0.4201322721667975;0.25;-0.0555;0.09090909090909091;-0.2857142857142857;0.030467668051560665;-0.8146085971783138;0.4166666666666667;-0.8571428571428571;0.1494675219530423;0.5833333333333334;0.19198022521285363;-0.04848484848484854;0.0;-0.7809509225939821;0.6589147286821705;0.36363636363636365;0.4117647058823529;-0.2638199858256555;0.34883720930232553;0.0;0.0;0.0;-0.6;-0.3;-0.5481706973335587;0.4683544303797469;-0.6;-0.2801570306923626;-0.6666666666666666;-0.5;-0.13602251407129456;0.0;0.07385841250383082
0.32352941176470584;0.125;0.11003861003861004;0.32352941176470584;0.016666666666666666;0.2803738317757009;0.12288135593220338;-0.37735849056603776;-1.75;0.6630179827990618;1.182;0.9571428571428573;0.7279411764705882;0.9841092835238356;8;0.058490566037735864;0.19791666666666666;0.24800000000000003;0.256;0.017857142857142856;0.07142857142857142;0.07142857142857142;0.125;0.14285714285714285;0.0;0.0;0.4;0.16666666666666666;-0.25;0.5;0.0;-0.375;0.2222222222222222;-0.09090909090909091;0.3333333333333333;-0.10839745734359313;-0.1060794353034747;-0.2869022017409112;-0.12180211050971537;-0.3480944712828769;-0.22177750073816474;0.0958904109589041;0.0;0.22540983606557374;0.0;0.07692307692307693;0.16409036860879905;0.019230769230769232;0.125;0.09065384615384617;-0.227983018697498;0.019230769230769232;0.17857142857142855;0.07363878614326054;-0.3071811523068791;0.019230769230769232;0.11764705882352942;-0.5776936425303677;-0.8280164132729299;-0.5298023353430512;-0.19277597402597396;0.25;0.2858;-0.32886313093874253;0.6666666666666666;0.3486410496719775;-0.4143033292231813;0.25;-0.9445;-0.9090909090909091;-0.5714285714285714;-0.3956535634387983;-0.05832114377388764;-0.5;-0.8571428571428571;-0.15818646073363643;-0.3333333333333333;0.3032134029112882;-0.04848484848484854;0.0;-0.7809509225939821;0.6589147286821705;-1.0909090909090908;-1.0;0.07609851169383415;0.31162790697674414;0.0;0.0;0.0;1.2;0.9;0.09470657872484353;0.5443037974683544;1.2;0.17237687366167026;0.0;0.3333333333333333;-0.30925578486554095;-0.2;0.06895494943303707
0.3529411764705882;0.05357142857142857;0.11583011583011585;0.35746606334841624;-0.31666666666666665;0.22429906542056074;0.19915254237288138;-0.37735849056603776;0.25;0.6763096168881938;1.188;0.8;0.7475490196078431;0.9832729300250902;8;0.058490566037735864;0.15104166666666666;0.30400000000000005;0.24800000000000003;0.125;0.017857142857142856;0.07142857142857142;0.17857142857142855;0.14285714285714285;0.0;0.0;0.0;0.3333333333333333;0.0;0.5;-1.75;0.0;-0.3333333333333333;-0.09090909090909091;0.3333333333333333;-0.10839745734359313;-0.10150618879554615;-0.1664720942140294;0.5439040535804681;-0.04410449096439421;0.025589711623634437;0.0958904109589041;0.0;0.0;0.0142857142857143;0.07051923076923076;0.18277560727025655;0.019230769230769232;0.125;0.07142307692307692;-0.635895583054828;0.019230769230769232;0.125;0.06993994352304815;-0.3256059805180095;0.019230769230769232;0.11764705882352942;-0.4557501183151918;-0.8063850477929839;-0.4846218423261847;-0.661525974025974;-0.25;0.2572;-0.3062200956937799;0.6666666666666666;0.3231021555763824;-0.41183723797780525;0.25;-0.6666666666666666;-0.9090909090909091;-0.2857142857142857;-0.33471822733567697;-0.02831123484169308;-0.5;-0.8571428571428571;-0.11185152892819332;-0.3333333333333333;0.18346608074704757;-0.04848484848484854;-0.0;-0.7809509225939821;0.6589147286821705;1.3636363636363635;1.5294117647058822;0.5701630049610206;0.36279069767441857;0.0;0.0;0.0;-0.8;-1.0;0.30328654377360603;0.5316455696202532;-0.8;0.19200571020699508;0.0;0.0;-0.42589118198874293;0.2;0.05730922463990193
0.38235294117647056;0.14285714285714285;0.1312741312741313;0.38235294117647056;-0.31666666666666665;0.14953271028037382;0.25;-0.1509433962264151;1.125;0.6935105551211883;1.176;0.3142857142857143;0.767156862745098;0.9810426540284354;8;0.058490566037735864;0.24479166666666666;0.232;0.30400000000000005;0.05357142857142857;0.125;0.017857142857142856;0.05357142857142857;0.14285714285714285;0.0;0.0;0.0;0.0;0.0;0.5;0.25;-1.75;0.0;0.0;0.3333333333333333;-0.10839745734359313;-0.10150618879554615;-0.04661546338965657;1.4940228184260738;0.6161209518697441;0.41101013746268195;0.0958904109589041;0.0;-0.7745901639344263;0.0142857142857143;0.11538461538461539;0.04382537795141837;0.057692307692307696;0.14285714285714285;0.08517307692307693;-0.4295908228705627;0.019230769230769232;0.14285714285714285;0.07387742115101618;-0.33466737144151615;0.019230769230769232;0.11764705882352942;-0.36835463006783414;-0.7027821920732429;-0.41573176626217906;-0.42735389610389607;-0.25;0.2;-0.2490733876945886;0.6666666666666666;0.28444236176194937;-0.3894182266562045;0.25;-0.16666666666666666;-0.9090909090909091;0.7142857142857143;-0.091403004154682;0.20893691313169432;-0.5;0.14285714285714285;0.05256274522015321;-0.3333333333333333;0.14419115627574847;-0.04848484848484854;0.0;-0.7809509225939821;0.6589147286821705;0.8181818181818182;-0.4117647058823529;0.6233167965981573;0.4604651162790697;0.0;0.0;0.0;1.0;0.9;0.30328654377360603;0.5189873417721519;1.0;0.046038543897216275;-0.3333333333333333;-0.16666666666666666;-0.6066291432145091;0.0;0.056083358872203476
0.4117647058823529;0.07142857142857142;0.138996138996139;0.4117647058823529;-0.31666666666666665;0.12149532710280374;0.25;-0.025157232704402517;0.625;0.7021110242376857;1.174;0.1285714285714286;0.7843137254901961;0.9799275160301084;8;0.058490566037735864;0.30729166666666663;0.376;0.232;0.14285714285714285;0.05357142857142857;0.125;0.07142857142857142;0.14285714285714285;0.0;-0.14814814814814814;0.0;0.0;0.75;0.5;1.125;0.25;-1.5555555555555556;0.0;0.3333333333333333;-0.10839745734359313;-0.10150618879554615;-0.014254992319508115;0.22117518788209184;0.8601717659688676;0.6400052491716155;0.0958904109589041;1.155;0.0;0.42321428571428554;0.09615384615384616;0.04382537795141837;0.057692307692307696;0.14285714285714285;0.08517307692307693;-0.4295908228705627;0.019230769230769232;0.14285714285714285;0.06818995346617347;-0.3567167560220493;0.019230769230769232;0.11764705882352942;-0.30146710837671564;-0.6306776404734232;-0.4432572693276348;-0.2556818181818181;-0.25;0.028600000000000004;-0.35285396590066714;0.0;0.21743205248359887;-0.342114112767627;0.25;0.8888333333333334;0.5454545454545454;0.7142857142857143;0.030467668051560665;0.2642381918558014;-0.5;0.14285714285714285;-0.0009964501463536161;-0.3333333333333333;0.1628673441362264;-0.04848484848484854;0.0;-0.7809509225939821;0.6589147286821705;-0.2727272727272727;-0.7647058823529411;0.179305457122608;0.3767441860465116;-2.0;-2.0;1.0;-0.8;-0.9;0.23293308529229365;0.5189873417721519;-0.8;0.046038543897216275;-0.3333333333333333;0.0;-0.6066291432145091;-0.2;0.05853509040760038
0.4411764705882353;0.10714285714285714;0.15057915057915058;0.4434389140271493;-0.65;0.102803738317757;0.2627118644067797;0.12578616352201258;0.625;0.7099296325254105;1.175;0.0;0.8014705882352942;0.9782548090326175;8;0.2773584905660377;0.30729166666666663;0.4720000000000001;0.376;0.07142857142857142;0.14285714285714285;0.05357142857142857;0.07142857142857142;0.03571428571428571;0.007272727272727271;-0.2962962962962963;-0.2;0.0;0.0;1.0;0.625;1.125;0.2222222222222222;0.09090909090909091;-0.4444444444444444;-0.10839745734359313;-0.10150618879554615;0.02449564772145442;-0.5881390911568865;1.0403471103954196;0.7489255601850335;0.1095890410958904;1.155;0.22540983606557374;0.6589285714285715;0.11538461538461539;-0.17564124341769993;0.07692307692307693;0.14285714285714285;0.09065384615384617;-0.4079125643573299;0.019230769230769232;0.14285714285714285;0.07387742115101618;-0.39749301517782976;0.019230769230769232;0.11764705882352942;-0.4713677236157123;-0.5391238348236521;-0.49205016662850737;-0.2556818181818181;-0.5;-0.08559999999999998;-0.2647078644113484;0.0;0.11715089034676664;-0.3017598923887457;0.25;1.0555;0.8181818181818182;0.7142857142857143;0.12165761159049748;0.3042514037653941;-0.5;0.14285714285714285;0.07024973531792988;-0.3333333333333333;0.16781104092282345;-0.04848484848484854;0.0;-0.7809509225939821;0.6589147286821705;0.0;0.11764705882352941;-0.07937632884479091;0.33488372093023255;0.0;2.0;1.0;0.4;0.6;0.09470657872484353;0.4810126582278481;0.4;-0.1845110635260528;-0.3333333333333333;0.0;-0.7870544090056285;-0.2;0.05914802329144961
0.47058823529411764;0.08928571428571427;0.16023166023166024;0.47058823529411764;0.016666666666666666;0.102803738317757;0.2457627118644068;0.07547169811320754;-0.25;0.7177482408131353;1.194;0.1285714285714286;0.8186274509803921;0.9768608865347082;8;0.43113207547169796;0.32291666666666663;0.4720000000000001;0.4720000000000001;0.10714285714285714;0.07142857142857142;0.14285714285714285;0.07142857142857142;0.19642857142857142;0.04727272727272728;-0.4444444444444444;-0.4;-0.16666666666666666;0.25;0.0;0.625;0.625;1.0;-0.36363636363636365;-0.6666666666666666;0.7387085981933758;0.1370979768355124;0.09470558115719425;-0.5336240800591878;0.8073895151189838;0.6953840097109676;0.1780821917808219;0.0;0.32069672131147536;0.7678571428571428;0.09615384615384616;-0.515372855444199;0.07692307692307693;0.10714285714285714;0.09340384615384616;-0.4151386505284075;0.019230769230769232;0.14285714285714285;0.06534621962375213;-0.5470059654156911;0.019230769230769232;0.09803921568627451;-0.3964347688909924;-0.4653115438438368;-0.499936401333028;0.18344155844155843;0.0;-0.1142;-0.32886313093874253;-0.3333333333333333;0.11715089034676664;-0.3017598923887457;0.25;0.44449999999999995;0.18181818181818182;0.14285714285714285;0.15212527964205816;0.29103949417260416;-0.5;0.14285714285714285;0.05256274522015321;-0.3333333333333333;0.2249382037901676;1.1151515151515152;0.923076923076923;0.06768241329147848;0.7333333333333333;-0.6363636363636364;-0.47058823529411764;-0.32149184975194894;0.31627906976744186;0.0;0.0;1.0;-0.2;-0.3;-0.26224702632617397;0.5189873417721519;-0.2;-0.5413990007137758;1.3333333333333333;0.8333333333333334;0.11569731081926207;0.8;0.058841556849524995
0.5;0.14285714285714285;0.17567567567567569;0.5;-0.31666666666666665;0.11214953271028037;0.2584745762711865;0.025157232704402517;-0.25;0.7255668491008601;1.211;0.2285714285714286;0.8406862745098039;0.9746306105380533;8;0.5396226415094338;0.3020833333333333;0.496;0.4720000000000001;0.08928571428571427;0.10714285714285714;0.07142857142857142;0.017857142857142856;0.07142857142857142;0.06181818181818182;0.14814814814814814;-0.6;-0.3333333333333333;-0.25;0.5;-0.25;0.625;0.5555555555555556;-0.09090909090909091;-0.5555555555555556;0.7387085981933758;0.283441865089228;0.15860727086533566;-0.5336240800591878;0.6717659688674181;0.657065056920705;0.2191780821917808;0.0;0.32069672131147536;0.7678571428571428;0.12178846153846155;-0.33599456429420743;0.09615384615384616;0.14285714285714285;0.11263461538461539;-0.5806160238460844;0.057692307692307696;0.14285714285714285;0.07103368730859481;-0.5137808653628331;0.019230769230769232;0.09803921568627451;-0.23095125414103176;-0.426792533383933;-0.4957643287796687;0.15016233766233772;0.0;-0.14279999999999998;-0.3382977289574769;-0.3333333333333333;0.06677600749765697;-0.30714045510592985;0.25;0.0555;0.18181818181818182;0.14285714285714285;0.091403004154682;0.3042514037653941;-0.5;0.14285714285714285;0.016939652488011454;-0.3333333333333333;0.2274100521834661;-0.04848484848484854;-0.923076923076923;0.06768241329147848;0.7333333333333333;0.0;0.35294117647058826;-0.27462792345854;0.31627906976744186;0.0;0.0;0.0;0.6;0.4;-0.4692485483961892;0.5316455696202532;0.6;-0.352962169878658;-0.6666666666666666;-1.0;0.2182614133833646;0.6;0.05485749310450502
0.5294117647058824;0.07142857142857142;0.1833976833976834;0.5294117647058824;0.016666666666666666;0.102803738317757;0.2796610169491526;0.0;0.0;0.7333854573885847;1.224;0.2714285714285714;0.9264705882352942;0.9735154725397264;8;0.6094339622641509;0.3177083333333333;0.4640000000000001;0.496;0.14285714285714285;0.08928571428571427;0.10714285714285714;0.125;0.125;0.08727272727272728;-0.14814814814814814;0.2;-0.5;-0.25;-0.5;-0.25;-0.25;0.5555555555555556;-1.3636363636363635;-0.5555555555555556;-0.10839745734359313;0.3532335835363127;0.192114695340502;-0.2284957750866399;-0.4092860976918947;0.6314753452970706;0.2602739726027397;0.0;0.22540983606557374;0.6589285714285715;0.10898076923076923;-0.14778325123152708;0.07692307692307693;0.14285714285714285;0.10440384615384617;-0.5676090687381447;0.057692307692307696;0.14285714285714285;0.06675814341963965;-0.52284225628634;0.019230769230769232;0.09803921568627451;-0.30146710837671564;-0.3990892056640023;-0.48731842580579504;-0.2556818181818181;0.0;-0.14279999999999998;-0.3382977289574769;-0.3333333333333333;0.06677600749765697;-0.30714045510592985;0.25;-0.22216666666666665;0.18181818181818182;-0.5714285714285714;0.5175242356450409;-0.33463879582881156;0.5;0.14285714285714285;0.016939652488011454;-0.3333333333333333;0.21971985718209291;-0.04848484848484854;0.0;0.06768241329147848;0.6589147286821705;0.18181818181818182;0.058823529411764705;-0.21394401133947555;0.3581395348837209;0.0;0.0;0.0;-0.8;-0.7;-0.14679519702350755;0.4936708860759494;-0.8;-0.15524625267665954;0.3333333333333333;0.5;0.151031894934334;0.0;0.05117989580140972
0.5588235294117647;0.125;0.1969111969111969;0.5588235294117646;-0.65;0.06542056074766354;0.288135593220339;0.5031446540880503;-0.125;0.743549648162627;1.238;0.2857142857142857;0.9387254901960784;0.971563981042654;8;0.6688679245283018;0.34374999999999994;0.4880000000000001;0.4640000000000001;0.07142857142857142;0.14285714285714285;0.08928571428571427;0.05357142857142857;0.17857142857142855;0.12363636363636366;0.0;-0.2;0.16666666666666666;-0.25;0.0;0.0;-0.25;-0.2222222222222222;0.09090909090909091;-0.5555555555555556;-0.10839745734359313;0.3532335835363127;0.21816692268305202;-0.2962501460223512;-0.7791196994095544;0.5751779797250747;0.3150684931506849;0.0;0.0;0.42321428571428554;0.12178846153846155;-0.14778325123152708;0.07692307692307693;0.14285714285714285;0.11538461538461539;-0.6601029717279379;0.07692307692307693;0.14285714285714285;0.06250248578133079;-0.6324850864607716;0.019230769230769232;0.058823529411764705;-0.3869695535573436;-0.4066791584639833;-0.4337937876822101;-0.04139610389610384;-0.25;-0.2286;-0.2975941775052227;-0.3333333333333333;0.0;-0.2663378545006166;0.25;-0.16666666666666666;0.18181818181818182;-0.5714285714285714;0.42612123149035896;-0.2963242580097203;0.5;0.14285714285714285;-0.0009964501463536161;-0.3333333333333333;0.22686075254051086;-0.04848484848484854;0.0;-0.7809509225939821;0.6589147286821705;-0.09090909090909091;-0.23529411764705882;-0.4972537207654146;0.35348837209302325;0.0;0.0;0.0;0.6;0.7;-0.027510006201025956;0.4936708860759494;0.6;-0.15524625267665954;-1.0;-0.6666666666666666;-0.13602251407129456;-0.2;0.048421697824088256
0.5882352941176471;0.07142857142857142;0.20463320463320464;0.5882352941176471;0.016666666666666666;0.009345794392523364;0.2584745762711865;-0.25157232704402516;-1.25;0.7607505863956217;1.267;0.38571428571428573;0.9485294117647058;0.9704488430443261;8;0.7141509433962263;0.35416666666666663;0.528;0.4880000000000001;0.125;0.07142857142857142;0.14285714285714285;0.14285714285714285;0.05357142857142857;0.13454545454545455;-0.4444444444444444;0.0;-0.16666666666666666;-0.5;0.0;-0.125;0.0;-0.2222222222222222;0.7272727272727273;-0.4444444444444444;0.7387085981933758;0.5039518814932644;0.2850998463901693;-0.2962501460223512;-0.8113258185721952;0.41717791411042954;0.3698630136986301;0.0;-0.7745901639344263;0.0142857142857143;0.09615384615384616;-0.26668931544080166;0.07692307692307693;0.125;0.10440384615384617;-0.7012916629030801;0.07692307692307693;0.14285714285714285;0.06393429582786461;-0.64819149739485;0.019230769230769232;0.058823529411764705;-0.3869695535573436;-0.3998482009440003;-0.39924699178305223;0.18344155844155843;0.0;-0.1714;-0.23397803086461352;-0.3333333333333333;0.0;-0.2663378545006166;0.25;-0.6111666666666666;-0.5454545454545454;-0.5714285714285714;-0.15212527964205816;-0.15099325248902953;-0.16666666666666666;-0.42857142857142855;-0.1965497913682506;-0.3333333333333333;0.300466904696512;1.1151515151515152;0.923076923076923;0.06768241329147848;0.7333333333333333;-0.9090909090909091;-0.5882352941176471;-0.07937632884479091;0.29767441860465116;0.0;0.0;0.0;-0.6;-0.6;-0.08501042899825247;0.5063291139240507;-0.6;-0.2801570306923626;1.3333333333333333;1.1666666666666667;0.31113195747342093;0.4;0.04566349984676679
0.6176470588235294;0.10714285714285714;0.21621621621621623;0.6176470588235294;-0.31666666666666665;-0.09345794392523364;0.2838983050847458;-0.4025157232704403;-0.75;0.6379984362783424;1.289;2.942857142857143;0.9583333333333334;0.9687761360468352;8;0.7490566037735847;0.3177083333333333;0.544;0.528;0.07142857142857142;0.125;0.07142857142857142;0.07142857142857142;0.07142857142857142;0.1490909090909091;0.14814814814814814;-0.6;0.0;-0.75;1.5;-1.25;-0.125;0.0;0.36363636363636365;-0.4444444444444444;0.7387085981933758;0.5039518814932644;0.3355657962109578;-0.2682138546006776;-0.7927178386115583;0.2998589285128441;0.3972602739726027;1.155;0.0;0.42321428571428554;0.10898076923076923;-0.33599456429420743;0.07692307692307693;0.125;0.1098846153846154;-0.7453707885466534;0.07692307692307693;0.14285714285714285;0.06675814341963965;-0.64819149739485;0.019230769230769232;0.058823529411764705;-0.4713677236157123;-0.4216693152439458;-0.3647001958838942;0.18344155844155843;0.0;-0.1142;-0.24152570927960104;-0.3333333333333333;-0.06701030927835053;-0.3562380899002354;-0.25;-0.9445;-0.5454545454545454;-0.7142857142857143;-0.4870565675934803;-0.22158259802765073;-0.16666666666666666;-0.42857142857142855;-0.32110605966245254;-0.3333333333333333;0.2823400164789894;-0.04848484848484854;-0.923076923076923;0.06768241329147848;0.7333333333333333;0.2727272727272727;0.7058823529411765;-0.042788802267895075;0.31627906976744186;-2.0;-2.0;1.0;0.4;0.5;-0.21376627769321838;0.4936708860759494;0.4;-0.352962169878658;-0.3333333333333333;-0.8333333333333334;0.3405253283302064;0.8;0.03984063745019922
0.6470588235294118;0.125;0.22972972972972974;0.6470588235294117;-0.31666666666666665;-0.17757009345794392;0.3898305084745763;0.025157232704402517;2.125;0.794370602032838;1.286;0.0428571428571429;0.9656862745098039;0.9668246445497628;8;0.7726415094339621;0.3489583333333333;0.4880000000000001;0.544;0.10714285714285714;0.07142857142857142;0.125;0.10714285714285714;0.07142857142857142;0.16363636363636364;0.0;0.2;-0.5;-1.0;0.0;-0.75;-1.25;-0.1111111111111111;0.36363636363636365;-0.3333333333333333;-0.09166945466711275;0.35780683004424124;0.37185867895545327;1.7030489466921073;0.5771157631061012;0.5813457563728225;0.3972602739726027;1.155;0.22540983606557374;0.6589285714285715;0.10898076923076923;-0.33599456429420743;0.07692307692307693;0.125;0.11263461538461539;-0.7171890524794508;0.07692307692307693;0.14285714285714285;0.07103368730859481;-0.637317828286642;0.019230769230769232;0.058823529411764705;-0.2389966871746333;-0.4066791584639833;-0.32582869063064435;-0.04139610389610384;0.0;-0.08559999999999998;-0.2932812184109441;-0.3333333333333333;-0.11715089034676664;-0.35489294922093945;-0.25;0.0555;-0.5454545454545454;1.8571428571428572;-0.12165761159049748;0.4892181380644551;-0.16666666666666666;1.2857142857142858;-0.05430653297627203;-0.3333333333333333;0.18895907717659988;-0.024242424242424163;0.019230769230769232;0.059107265906132786;0.6604651162790697;2.0;1.0588235294117647;0.7930545712260808;0.46511627906976744;0.0;2.0;1.0;0.2;-0.1;-0.3420711426799707;0.5443037974683544;0.2;-0.352962169878658;-0.6666666666666666;-0.16666666666666666;0.2182614133833646;-0.4;0.03585657370517931
0.676470588235294;0.17857142857142855;0.24903474903474906;0.676470588235294;-0.31666666666666665;-0.2803738317757009;0.3474576271186441;0.1509433962264151;0.625;0.8123534010946052;1.299;-0.1;0.9730392156862745;0.9640367995539441;8;0.8075471698113207;0.4791666666666666;0.536;0.4880000000000001;0.125;0.10714285714285714;0.07142857142857142;0.08928571428571427;0.07142857142857142;0.1781818181818182;-0.2962962962962963;0.0;0.16666666666666666;0.0;0.5;2.125;-0.75;-1.1111111111111112;-0.2727272727272727;-0.8888888888888888;0.3218467714954837;0.4683600934532981;0.4171633384536612;1.101982010046338;0.6214886383968509;0.5073324365998494;0.3972602739726027;0.0;0.32069672131147536;0.7678571428571428;0.1474423076923077;-0.14778325123152708;0.11538461538461539;0.17857142857142855;0.12636538461538463;-0.5094390750609701;0.07692307692307693;0.17857142857142855;0.07954500258521259;-0.5427773163180547;0.019230769230769232;0.09803921568627451;0.082505126991639;-0.3182562083442043;-0.26579154900913277;-0.19277597402597396;-0.25;-0.1142;-0.32886313093874253;-0.3333333333333333;-0.1506560449859419;-0.3950229794866047;-0.5;0.8888333333333334;-0.18181818181818182;1.8571428571428572;0.091403004154682;0.5296088331052705;-0.16666666666666666;1.2857142857142858;0.08793672541570655;-0.3333333333333333;0.24745948915133215;0.5333333333333334;0.44230769230769224;-0.3650562744047163;0.6976744186046511;-1.1818181818181819;-2.1176470588235294;0.9195605953224664;0.39069767441860465;0.0;0.0;1.0;0.6;0.2;-0.7132307345397146;0.5569620253164558;0.6;-0.15524625267665954;0.6666666666666666;0.6666666666666666;-0.13602251407129456;0.2;0.036469506589028505
0.7058823529411764;0.125;0.2625482625482625;0.7058823529411765;0.016666666666666666;-0.38317757009345793;0.3474576271186441;0.20125786163522014;0.375;0.8295543393275995;1.315;-0.1857142857142858;0.9803921568627451;0.9620853080568716;8;0.8264150943396226;0.4270833333333333;0.7360000000000001;0.536;0.17857142857142855;0.125;0.10714285714285714;0.14285714285714285;0.017857142857142856;0.18181818181818182;0.0;-0.4;0.0;-0.5;-0.5;0.625;2.125;-0.6666666666666666;-0.2727272727272727;-0.5555555555555556;0.6945466711274676;0.5791121936670478;0.46803891449052776;0.041431408434251006;0.5669171587045982;0.44447360650897294;0.3972602739726027;0.0;0.32069672131147536;0.7678571428571428;0.15384615384615385;-0.26668931544080166;0.13461538461538464;0.17857142857142855;0.1236346153846154;-0.5379821154367266;0.07692307692307693;0.17857142857142855;0.08807620411247662;-0.6669183719700973;0.057692307692307696;0.09803921568627451;0.082505126991639;-0.18827826664452935;-0.2298710219033809;-0.04139610389610384;0.0;-0.05720000000000001;-0.2932812184109441;-0.3333333333333333;-0.13402061855670105;-0.3800022419011322;-0.5;1.3888333333333334;0.6363636363636364;1.8571428571428572;0.24352828379674016;0.5243240692681543;-0.16666666666666666;1.2857142857142858;0.1414959207822134;-0.3333333333333333;0.26860752540510857;0.5333333333333334;0.0;-0.3742439323175867;0.7333333333333333;-0.2727272727272727;0.5294117647058824;0.9644755492558468;0.27441860465116275;0.0;0.0;0.0;-0.6;-0.6;-0.24984497435030156;0.5063291139240507;-0.6;-0.2801570306923626;0.3333333333333333;-0.16666666666666666;-0.13602251407129456;0.8;0.03401777505363163
0.7352941176470588;0.10714285714285714;0.27413127413127414;0.7352941176470588;-0.31666666666666665;-0.5046728971962616;0.2923728813559322;-0.10062893081761007;-1.5;0.8475371383893666;1.344;-0.1;0.9852941176470588;0.9604126010593808;8;0.8745283018867923;0.4270833333333333;0.656;0.7360000000000001;0.125;0.17857142857142855;0.125;0.07142857142857142;0.125;0.20727272727272728;0.14814814814814814;0.0;-0.3333333333333333;-0.25;-0.5;0.375;0.625;1.8888888888888888;-0.09090909090909091;-2.111111111111111;0.3218467714954837;0.5476959785256252;0.49761392729134674;0.31120283478057714;0.5132402934335303;-0.03831895279026277;0.6438356164383561;0.0;0.22540983606557374;0.6589285714285715;0.1474423076923077;-0.14778325123152708;0.11538461538461539;0.17857142857142855;0.12911538461538463;-0.635895583054828;0.07692307692307693;0.17857142857142855;0.08664439406594279;-0.6717511137959676;0.057692307692307696;0.09803921568627451;-0.2389966871746333;-0.13875382462465313;-0.1903380905136228;-0.42735389610389607;0.0;-0.05720000000000001;-0.2932812184109441;-0.3333333333333333;-0.13402061855670105;-0.3800022419011322;-0.5;-0.22216666666666665;-0.7272727272727273;0.14285714285714285;-0.12165761159049748;0.7783702165809464;-0.3333333333333333;1.2857142857142858;0.17711901351435513;-0.16666666666666666;0.3545729195276024;-0.024242424242424163;-0.44230769230769224;-0.3742439323175867;0.6976744186046511;-1.4545454545454546;-0.8235294117647058;-0.029588944011339442;0.26046511627906976;0.0;0.0;0.0;-0.2;0.2;-0.24984497435030156;0.4556962025316456;-0.2;-0.15524625267665954;-0.3333333333333333;-0.3333333333333333;-0.30925578486554095;0.2;0.03095311063438555
0.7647058823529411;0.10714285714285714;0.2857142857142857;0.7466063348416289;-0.31666666666666665;-0.616822429906542;0.3855932203389831;0.10062893081761007;1.0;0.8639562157935887;1.354;-0.2571428571428571;0.9901960784313726;0.9587398940618899;8;0.8801886792452828;0.35937499999999994;0.656;0.656;0.10714285714285714;0.125;0.17857142857142855;0.125;0.05357142857142857;0.2181818181818182;0.0;0.2;0.0;-1.0;-0.5;-1.5;0.375;0.5555555555555556;-0.18181818181818182;-0.3333333333333333;-0.09166945466711275;0.3619824029427846;0.5058064516129035;0.8647638331840662;0.716138844158168;-0.008923591745677587;0.7945205479452055;0.0;0.0;0.42321428571428554;0.12178846153846155;-0.6590793273314081;0.11538461538461539;0.125;0.12636538461538463;-0.6308373227350736;0.07692307692307693;0.17857142857142855;0.09091993795489796;-0.7354828966246317;0.07692307692307693;0.09803921568627451;-0.31882000315507186;-0.09852707478475359;-0.1724287058943244;-0.2556818181818181;0.0;0.0;-0.41269627333378256;-0.3333333333333333;-0.1506560449859419;-0.3822441430332923;-0.5;-0.0555;-0.7272727272727273;0.5714285714285714;0.15212527964205816;0.8729297409522013;-0.3333333333333333;1.2857142857142858;0.28373917917419195;-0.16666666666666666;0.25734688272452627;-0.04848484848484854;-0.019230769230769232;-0.3650562744047163;0.6604651162790697;1.7272727272727273;2.0;0.9347094259390503;0.36279069767441857;0.0;0.0;0.0;0.0;0.1;-0.5941710355713399;0.4936708860759494;0.0;-0.6923625981441827;-0.3333333333333333;0.0;-0.42589118198874293;-0.2;0.026049647563591793
0.7941176470588235;0.1607142857142857;0.3030888030888031;0.7941176470588235;-0.31666666666666665;-0.7009345794392523;0.3686440677966102;0.20125786163522014;0.375;0.8795934323690382;1.371;-0.3;0.9926470588235294;0.9562308335656535;8;0.8688679245283016;0.4739583333333333;0.552;0.656;0.10714285714285714;0.10714285714285714;0.125;0.07142857142857142;0.14285714285714285;0.24727272727272728;-0.14814814814814814;0.0;0.16666666666666666;0.0;-1.0;1.0;-1.5;0.3333333333333333;-1.0;0.4444444444444444;0.32418869187019084;0.4373415519212608;0.5165386584741426;0.9674078112223045;0.32590803363750226;0.04264951937272414;0.7945205479452055;0.0;-0.7745901639344263;0.0142857142857143;0.13461538461538464;-0.26668931544080166;0.11538461538461539;0.1607142857142857;0.1401153846153846;-0.7063499232228344;0.11538461538461539;0.17857142857142855;0.09233186175078549;-0.7070905383976439;0.07692307692307693;0.09803921568627451;-0.07430194036914355;-0.07670596048480828;-0.12633239207306216;-0.42735389610389607;-0.25;-0.028600000000000004;-0.44450434665408717;-0.3333333333333333;-0.13402061855670105;-0.3800022419011322;-0.5;-0.0555;-0.7272727272727273;0.5714285714285714;0.5477788430808566;0.6617279290331715;-0.3333333333333333;1.2857142857142858;0.17711901351435513;-0.16666666666666666;0.29469925844548206;0.5575757575757576;0.4807692307692307;-0.3475997243702626;0.6976744186046511;-0.6363636363636364;-1.588235294117647;0.9774982282069454;0.4046511627906977;0.0;0.0;0.0;0.6;0.3;-0.4692485483961892;0.5443037974683544;0.6;-0.2801570306923626;0.3333333333333333;0.3333333333333333;-0.42589118198874293;0.2;0.024517315353968727
0.8235294117647058;0.1607142857142857;0.32046332046332043;0.823529411764706;0.016666666666666666;-0.8130841121495327;0.326271186440678;0.0;-1.0;0.8983580922595777;1.397;-0.2714285714285714;0.9950980392156863;0.9537217730694172;8;0.8669811320754716;0.45312499999999994;0.7280000000000001;0.552;0.1607142857142857;0.10714285714285714;0.10714285714285714;0.10714285714285714;0.07142857142857142;0.2618181818181818;0.0;-0.2;0.0;-0.25;-1.5;0.375;1.0;-1.3333333333333333;-0.6363636363636364;0.0;0.7280026764804283;0.5150867425560473;0.5263696876600106;0.2652544682839454;-0.008498837001252358;-0.023883730848725256;0.7945205479452055;0.0;-0.7745901639344263;-0.005357142857143061;0.15384615384615385;-0.26668931544080166;0.11538461538461539;0.1607142857142857;0.14834615384615385;-0.7063499232228344;0.11538461538461539;0.17857142857142855;0.09943125323151573;-0.7092048629464622;0.07692307692307693;0.09803921568627451;0.1544407635273701;-0.0538412276748653;-0.07972728891602432;-0.2556818181818181;0.0;0.0;-0.41269627333378256;-0.3333333333333333;-0.08388003748828493;-0.37865710122183616;-0.5;0.16666666666666666;-0.36363636363636365;0.5714285714285714;0.4870565675934803;0.7238239041192845;-0.3333333333333333;1.2857142857142858;-0.05430653297627203;-0.16666666666666666;0.36858006042296076;0.5575757575757576;-0.0;-0.3390245769849169;0.7364341085271318;-1.1818181818181819;-0.4117647058823529;0.8742912827781716;0.2558139534883721;0.0;0.0;0.0;0.0;-0.3;-0.5481706973335587;0.5443037974683544;0.0;-0.2801570306923626;0.3333333333333333;0.0;-0.42589118198874293;0.6;0.02145265093472265
0.8529411764705882;0.125;0.333976833976834;0.8529411764705882;0.016666666666666666;-0.9065420560747663;0.3389830508474576;-0.1509433962264151;-0.75;0.9147771696637998;1.421;-0.2285714285714287;0.9975490196078431;0.9517702815723439;8;0.8679245283018867;0.40104166666666663;0.6960000000000001;0.7280000000000001;0.1607142857142857;0.1607142857142857;0.10714285714285714;0.125;0.10714285714285714;0.28363636363636363;0.14814814814814814;0.0;-0.16666666666666666;-0.75;-2.0;-1.0;0.375;0.8888888888888888;1.4545454545454546;0.0;0.32418869187019084;0.4439031664761148;0.5061341525857658;-0.05856469763638494;-0.19708355698693855;-0.06613956235031654;0.7945205479452055;0.0;-0.7745901639344263;-0.06428571428571435;0.16025;-0.46271445558009155;0.13461538461538464;0.1607142857142857;0.14834615384615385;-0.7063499232228344;0.11538461538461539;0.17857142857142855;0.10086306327804954;-0.7125273729517481;0.07692307692307693;0.09803921568627451;0.0;-0.06902113327482737;-0.0372942583123458;-0.42735389610389607;0.0;0.08580000000000002;-0.4970685356156075;-0.3333333333333333;-0.01686972820993441;-0.41632104024212535;-0.5;-0.6111666666666666;-0.36363636363636365;-0.14285714285714285;-0.21306061574517948;0.31746331335818423;-0.3333333333333333;0.0;-0.25010898673475745;-0.16666666666666666;0.36583356220818464;-0.04848484848484854;-0.4807692307692307;-0.3390245769849169;0.6976744186046511;0.0;0.7058823529411765;-0.056254429482636405;0.2883720930232558;0.0;0.0;0.0;-0.4;-0.2;-0.37115959185974406;0.4810126582278481;-0.4;-0.48608137044967875;0.0;-0.16666666666666666;-0.6066291432145091;0.4;0.017468587189702733
0.8823529411764706;0.1607142857142857;0.3513513513513513;0.8823529411764706;0.016666666666666666;-0.9813084112149533;0.40254237288135597;0.050314465408805034;1.0;0.9304143862392493;1.435;-0.3142857142857143;1.0;0.9492612210761076;8;0.8858490566037734;0.41666666666666663;0.616;0.6960000000000001;0.125;0.1607142857142857;0.1607142857142857;0.17857142857142855;0.08928571428571427;0.3018181818181818;0.14814814814814814;0.2;0.0;-0.25;0.0;-0.75;-1.0;0.3333333333333333;0.36363636363636365;-0.7777777777777778;-0.09166945466711275;0.37450912163841527;0.5117050691244242;0.6442116740002337;0.11692610484881034;-0.0397624749844164;0.8356164383561644;0.0;-0.7745901639344263;-0.16428571428571445;0.16025;-0.46271445558009155;0.13461538461538464;0.1607142857142857;0.14559615384615385;-0.7811399150934873;0.11538461538461539;0.1607142857142857;0.10653064471224592;-0.7089028165823452;0.07692307692307693;0.09803921568627451;0.0;0.011052868764972561;0.006512503497926689;-0.661525974025974;0.0;0.11440000000000002;-0.4887121773704427;-0.3333333333333333;-0.01686972820993441;-0.41632104024212535;-0.5;-0.3333333333333333;-0.36363636363636365;0.5714285714285714;-0.12165761159049748;0.4056056244986551;-0.3333333333333333;0.0;-0.0719935230740487;-0.16666666666666666;0.30458665201867624;-0.024242424242424163;0.019230769230769232;-0.3475997243702626;0.6604651162790697;1.0909090909090908;0.6470588235294118;0.4750177179305457;0.4046511627906977;0.0;0.0;0.0;0.4;0.4;-0.4877388804329443;0.5063291139240507;0.4;-0.48608137044967875;0.0;0.0;-0.6066291432145091;0.2;0.013790989886607402
0.9117647058823529;0.1607142857142857;0.3687258687258687;0.9117647058823529;-0.9833333333333334;-1.1869158878504673;0.4152542372881356;0.3270440251572327;1.25;0.9483971853010165;1.444;-0.5142857142857143;1.0;0.9467521605798712;8;0.9018867924528301;0.4947916666666666;0.64;0.616;0.1607142857142857;0.125;0.1607142857142857;0.125;0.14285714285714285;0.3309090909090909;0.14814814814814814;0.2;0.16666666666666666;0.0;-1.0;1.0;-0.75;-0.8888888888888888;0.18181818181818182;-0.7777777777777778;-0.8939444630311141;0.07605507779489991;0.4345314900153611;0.6442116740002337;0.40731794596528903;-0.00262458580755219;0.8356164383561644;0.0;-0.7745901639344263;-0.31785714285714295;0.16025;-0.46271445558009155;0.13461538461538464;0.1607142857142857;0.15109615384615385;-0.7569325264203776;0.11538461538461539;0.1607142857142857;0.10796245475877976;-0.6913841274635656;0.07692307692307693;0.09803921568627451;0.1544407635273701;0.10421953938473957;0.06726195018952398;1.2130681818181819;0.0;-0.1142;0.0727811847159512;-0.3333333333333333;-0.11715089034676664;-0.1970631095168703;-0.5;0.6666666666666666;-0.18181818181818182;0.8571428571428571;0.091403004154682;0.5760392582456472;-0.3333333333333333;0.2857142857142857;0.1414959207822134;-0.16666666666666666;0.286185113979676;-1.76969696969697;-1.3846153846153846;0.483270806216982;0.5503875968992248;0.0;-0.7647058823529411;-0.018869596031183565;0.4046511627906977;0.0;0.0;0.0;0.0;-0.2;-0.4877388804329443;0.5316455696202532;0.0;-0.48608137044967875;-2.6666666666666665;-1.3333333333333333;0.657285803627267;-1.4;0.011645724793135137
0.9411764705882353;0.19642857142857142;0.38996138996138996;0.9411764705882352;-1.3166666666666667;-1.411214953271028;0.364406779661017;0.25157232704402516;-0.375;0.965598123534011;1.461;-0.5857142857142859;1.0;0.943685531084471;8;0.9141509433962264;0.5104166666666666;0.76;0.64;0.1607142857142857;0.1607142857142857;0.125;0.10714285714285714;0.07142857142857142;0.34545454545454546;-1.037037037037037;0.2;0.16666666666666666;-0.25;-0.5;1.25;1.0;-0.6666666666666666;-1.1818181818181819;-0.5555555555555556;-1.2495817999330878;-0.3080976288711041;0.3248335893497186;0.11479303765429698;-0.09831812488817306;-0.0778189691939241;0.8356164383561644;0.0;-0.7745901639344263;-0.542857142857143;0.18590384615384617;-0.46271445558009155;0.17307692307692307;0.19642857142857142;0.1648269230769231;-0.7012916629030801;0.11538461538461539;0.19642857142857142;0.11790558008193135;-0.682020690175942;0.07692307692307693;0.11764705882352942;0.31487616343271785;0.21455847821446375;0.13116589076292956;1.4862012987012987;0.0;-0.3714;0.43210458925803624;-0.3333333333333333;-0.26780693533270855;0.01210626611366435;-0.5;0.8333333333333334;0.09090909090909091;0.8571428571428571;0.36518589538723767;0.2783938092766479;0.0;0.2857142857142857;0.08793672541570655;-0.16666666666666666;0.34798132381213953;-0.6060606060606062;0.923076923076923;0.34178087435877813;0.5131782945736434;-1.3636363636363635;-0.9411764705882353;0.5658221119773211;0.27906976744186046;0.0;0.0;0.0;0.4;0.2;-0.6782794971531652;0.5316455696202532;0.4;-0.48608137044967875;-0.6666666666666666;1.0;0.5146966854283929;-1.8;0.010419859025436712
0.0;0.3571428571428571;0.023166023166023165;0.0;0.016666666666666666;0.3364485981308411;0.046610169491525424;-0.025157232704402517;1.0;0.0;0.317;0.7142857142857144;0.0;0.9966545860050173;9;0.058490566037735864;0.057291666666666664;0.088;0.088;0.3571428571428571;0.3571428571428571;0.3571428571428571;0.3571428571428571;0.3571428571428571;0.04363636363636363;0.2962962962962963;0.4;0.3333333333333333;0.25;0.5;1.0;1.0;0.8888888888888888;0.6363636363636364;0.3333333333333333;-0.5550351288056206;-1.4742754883929017;-1.2913056835637478;-0.6376698726685099;-1.2069243156199676;-1.3906367901315575;0.1506849315068493;0.0;-0.7745901639344263;-1.8392857142857144;0.38461538461538464;1.0667572617632068;0.38461538461538464;0.3571428571428571;0.38461538461538464;0.758016439346039;0.38461538461538464;0.3571428571428571;0.3636399793182993;0.45095522162651974;0.38461538461538464;0.29411764705882354;1.858021769995267;0.28998363416427503;-0.501411890406777;-0.37459415584415584;0.25;0.4286;-0.5102769728418357;0.0;0.48523898781630737;-0.5337966595673131;-0.25;1.3333333333333333;1.0909090909090908;0.5714285714285714;1.7044849259614359;-0.44429764544896916;1.3333333333333333;0.0;1.9385937597309586;1.5;0.08129634715737438;-0.024242424242424163;-0.4807692307692307;-0.23949161626215448;0.6232558139534883;-0.45454545454545453;0.0;-0.5699858256555634;0.3069767441860465;0.0;0.0;0.0;1.6;-2.3;2.7284514346919213;0.4177215189873418;-3.0;2.8872234118486793;0.3333333333333333;-0.5;-0.12382739212007501;0.0;0.7649402390438246
0.029411764705882353;0.5;0.07722007722007723;0.029411764705882353;0.35000000000000003;0.35514018691588783;0.03813559322033898;0.050314465408805034;0.375;0.17826426896012515;0.536;0.5857142857142859;0.0;0.9888486200167268;9;0.058490566037735864;0.057291666666666664;0.088;0.088;0.3571428571428571;0.3571428571428571;0.3571428571428571;0.3571428571428571;0.3571428571428571;0.04363636363636363;0.2962962962962963;0.4;0.3333333333333333;0.25;0.5;1.0;1.0;0.8888888888888888;0.6363636363636364;0.3333333333333333;-0.5550351288056206;-1.4742754883929017;-1.2913056835637478;-0.6376698726685099;-1.2069243156199676;-1.3906367901315575;0.1232876712328767;0.0;-0.7745901639344263;-1.8392857142857144;0.46153846153846156;1.0667572617632068;0.38461538461538464;0.5;0.46153846153846156;0.758016439346039;0.38461538461538464;0.5;0.44318498190351185;0.45095522162651974;0.38461538461538464;0.4509803921568628;1.858021769995267;0.28998363416427503;-0.501411890406777;-0.37459415584415584;0.5;0.5286;-0.5102769728418357;0.3333333333333333;0.602389878163074;-0.5337966595673131;0.0;0.9166666666666666;0.6363636363636364;0.5714285714285714;1.1718333865984871;-0.44429764544896916;0.9166666666666666;0.0;1.315812418259949;1.0833333333333333;0.17220543806646532;-0.024242424242424163;-0.4807692307692307;-0.23949161626215448;0.6232558139534883;-0.45454545454545453;0.0;-0.5699858256555634;0.3069767441860465;0.0;0.0;0.0;1.6;-2.3;2.7284514346919213;0.4177215189873418;-3.0;2.8872234118486793;0.3333333333333333;-0.5;-0.12382739212007501;0.0;0.7649402390438246
0.0588235294117647;0.23214285714285712;0.10231660231660232;0.058823529411764705;0.016666666666666666;0.35514018691588783;0.033898305084745756;0.0;-0.125;0.30492572322126654;0.699;0.6;0.0;0.9852244215221626;9;0.058490566037735864;0.04687499999999999;0.088;0.088;0.5;0.3571428571428571;0.3571428571428571;0.3571428571428571;0.3571428571428571;0.04363636363636363;0.4444444444444444;0.4;0.3333333333333333;0.25;0.5;0.375;1.0;0.8888888888888888;0.6363636363636364;0.3333333333333333;-0.46938775510204067;-1.4233732663916092;-1.270332821300563;-0.6199135547681166;-1.1865271068169616;-1.3756766510285097;0.1095890410958904;0.0;-0.7745901639344263;-1.8392857142857144;0.3910192307692308;1.6949210124002037;0.25;0.5;0.3910192307692308;1.4260681058621623;0.25;0.5;0.3702621007835182;1.009438948878653;0.25;0.4509803921568628;2.0399116579902192;0.39937382889400175;-0.44274847999185923;-0.2556818181818181;0.5;0.4286;-0.431295909427859;0.3333333333333333;0.48523898781630737;-0.46810895639502303;0.0;0.5555;0.2727272727272727;0.5714285714285714;0.7101310322786832;-0.26065210210918704;0.5833333333333334;0.0;0.775985551472878;0.75;0.22411425432573473;-0.6303030303030305;-0.4807692307692307;-0.23949161626215448;0.6232558139534883;-0.36363636363636365;0.0;-0.5699858256555634;0.3069767441860465;0.0;0.0;0.0;-3.0;-2.3;2.7284514346919213;0.4177215189873418;-3.0;2.8872234118486793;-0.6666666666666666;-0.5;-0.12382739212007501;0.0;0.36990499540300337
0.08823529411764705;0.21428571428571427;0.12548262548262548;0.08823529411764705;-0.31666666666666665;0.34579439252336447;0.046610169491525424;-0.025157232704402517;-0.25;0.3948397185301016;0.809;0.5285714285714286;0.0;0.9818790075271808;9;0.058490566037735864;0.041666666666666664;0.07200000000000001;0.088;0.23214285714285712;0.5;0.3571428571428571;0.3571428571428571;0.3571428571428571;0.04363636363636363;0.14814814814814814;0.6;0.3333333333333333;0.25;0.5;-0.125;0.375;0.8888888888888888;0.6363636363636364;0.3333333333333333;-0.9113415858146536;-1.3394641348113538;-1.235760368663594;-0.6199135547681166;-1.1915369475755948;-1.3793510711590828;0.1095890410958904;0.0;-0.7745901639344263;-1.8392857142857144;0.33975000000000005;2.1899099711228125;0.23076923076923078;0.5;0.3509615384615385;1.3917441965495434;0.23076923076923078;0.5;0.32883904068726877;0.9807445442875481;0.23076923076923078;0.4509803921568628;0.7070515854235683;0.5701477668935745;-0.3511663995522654;-0.04139610389610384;0.5;0.3286;-0.35285396590066714;0.3333333333333333;0.3680880974695408;-0.40286963344916493;0.0;0.0;0.18181818181818182;-0.14285714285714285;0.42612123149035896;-0.25366866418156947;0.5;0.0;0.4439185402005356;0.6666666666666666;0.20241691842900306;-0.6303030303030305;-0.0;-0.3390245769849169;0.5844961240310077;0.0;0.17647058823529413;-0.39821048901488304;0.3302325581395349;0.0;0.0;0.0;-0.2;1.4;1.6747280004509832;0.30379746835443044;-0.2;2.3004996431120626;-0.3333333333333333;0.16666666666666666;-0.30925578486554095;-0.4;0.23659209316579835
0.11764705882352941;0.14285714285714285;0.14092664092664092;0.11764705882352941;0.016666666666666666;0.32710280373831774;0.07627118644067797;0.025157232704402517;0.25;0.46364347146207974;0.875;0.2142857142857143;0.0;0.9796487315305269;9;0.058490566037735864;0.057291666666666664;0.064;0.07200000000000001;0.21428571428571427;0.23214285714285712;0.5;0.3571428571428571;0.3571428571428571;0.04363636363636363;0.0;0.2;0.5;0.25;0.5;-0.25;-0.125;0.3333333333333333;0.6363636363636364;0.3333333333333333;-0.4877885580461692;-1.0895262713128202;-1.132780337941628;-0.05856469763638494;-0.7599749507962067;-1.0628260227682822;0.1095890410958904;0.0;-0.7745901639344263;-1.8392857142857144;0.21153846153846156;0.04382537795141837;0.15384615384615385;0.23214285714285712;0.31153846153846154;1.5637250474211901;0.15384615384615385;0.5;0.2880722268623473;1.1245186136071887;0.15384615384615385;0.4509803921568628;0.3226060892885313;0.6852304262232869;-0.2894502531226945;-0.42735389610389607;0.0;0.2686;-0.3493496866365658;0.3333333333333333;0.29779756326148077;-0.3999551619773568;0.0;-0.0555;0.18181818181818182;-0.2857142857142857;0.42612123149035896;-0.3686122776388432;0.5;0.0;0.4439185402005356;0.6666666666666666;0.16121944520736065;-0.04848484848484854;0.4615384615384615;-0.3564811270193707;0.6217054263565891;0.36363636363636365;0.17647058823529413;-0.27826009922041106;0.3674418604651163;0.0;0.0;0.0;-0.8;-0.3;0.7233778679745193;0.44303797468354433;-0.8;0.046038543897216275;0.0;0.16666666666666666;-0.47435897435897434;0.0;0.17683113699049954
0.14705882352941174;0.14285714285714285;0.1563706563706564;0.14705882352941177;0.016666666666666666;0.32710280373831774;0.08474576271186442;0.050314465408805034;0.125;0.5144644253322908;0.937;0.1714285714285714;0.0;0.9774184555338721;9;0.058490566037735864;0.09375;0.088;0.064;0.14285714285714285;0.21428571428571427;0.23214285714285712;0.3571428571428571;0.3571428571428571;0.04363636363636363;0.0;0.0;0.16666666666666666;0.25;0.5;0.25;-0.25;-0.1111111111111111;0.6363636363636364;0.3333333333333333;-0.10839745734359313;-0.7942536163443855;-1.0111213517665127;-0.12180211050971537;-0.5731794596528894;-0.9258226436140546;0.1095890410958904;0.0;-0.7745901639344263;-1.8392857142857144;0.17948076923076925;-0.0706641753015117;0.15384615384615385;0.21428571428571427;0.28525;1.5351820070454336;0.15384615384615385;0.5;0.2608877222288509;1.1006569508419544;0.15384615384615385;0.4509803921568628;-0.0033128253667772194;0.8011669552429972;-0.22727619629092566;-0.42735389610389607;0.0;0.262;-0.3857402789945414;0.3333333333333333;0.2900656044985942;-0.4302208272615178;0.0;0.0555;0.18181818181818182;-0.2857142857142857;0.390540108660914;-0.4425989713584676;0.5;0.0;0.40231674659027217;0.6666666666666666;0.18319143092557;-0.04848484848484854;-0.0;-0.3564811270193707;0.6589147286821705;-0.09090909090909091;-0.35294117647058826;-0.39821048901488304;0.36279069767441857;0.0;0.0;0.0;0.0;0.4;-0.4692485483961892;0.4556962025316456;0.0;-0.07423269093504631;0.3333333333333333;0.16666666666666666;-0.47435897435897434;0.4;0.1483297578915109
0.1764705882352941;0.30357142857142855;0.1891891891891892;0.13122171945701358;0.016666666666666666;0.35514018691588783;0.10169491525423728;0.1509433962264151;0.25;0.5535574667709147;0.984;0.1285714285714286;0.6617647058823529;0.9726791190409809;9;0.058490566037735864;0.10416666666666666;0.14400000000000002;0.088;0.14285714285714285;0.14285714285714285;0.21428571428571427;0.3571428571428571;0.3571428571428571;0.04363636363636363;0.14814814814814814;0.0;0.0;0.25;0.5;0.125;0.25;-0.2222222222222222;0.6363636363636364;0.3333333333333333;-0.10839745734359313;-0.4894367947507086;-0.8855299539170505;-0.38207234920758537;-0.35274646627303624;-0.7641481578688364;0.1095890410958904;0.0;-0.7745901639344263;-1.8392857142857144;0.21153846153846156;0.9101409886189907;0.15384615384615385;0.30357142857142855;0.29121153846153847;1.306476379730828;0.15384615384615385;0.5;0.2670524599292049;0.9094616023559616;0.15384615384615385;0.4509803921568628;0.748698532891623;1.1038163231422404;-0.06497239817853422;-0.42735389610389607;0.0;0.2572;-0.41269627333378256;0.3333333333333333;0.28444236176194937;-0.45263983858311857;0.0;0.2778333333333333;0.45454545454545453;-0.2857142857142857;0.3956535634387983;-0.5007313735667439;0.5;0.0;0.4082954474683939;0.6666666666666666;0.1820928316396595;-0.04848484848484854;0.0;-0.7809509225939821;0.6589147286821705;0.09090909090909091;0.058823529411764705;-0.4096385542168675;0.34883720930232553;0.0;0.0;0.0;1.8;0.9;0.5626021759963921;0.620253164556962;1.8;0.95610278372591;0.0;-0.16666666666666666;-0.6066291432145091;0.4;0.12503830830524057
0.20588235294117646;0.07142857142857142;0.1969111969111969;0.20588235294117646;0.35000000000000003;0.3364485981308411;0.11016949152542373;0.10062893081761007;0.0;0.5840500390930414;1.03;0.2285714285714286;0.6568627450980392;0.971563981042654;9;0.058490566037735864;0.125;0.16;0.14400000000000002;0.30357142857142855;0.14285714285714285;0.14285714285714285;0.3571428571428571;0.3571428571428571;0.04363636363636363;0.14814814814814814;0.2;0.0;0.25;0.5;0.25;0.125;0.2222222222222222;0.6363636363636364;0.3333333333333333;-0.10839745734359313;-0.3806730625838844;-0.759938556067588;-0.38207234920758537;-0.15378421900161024;-0.6524720317574884;0.1095890410958904;1.155;0.0;-0.5767857142857145;0.18590384615384617;1.4068286054017323;0.07692307692307693;0.30357142857142855;0.24725;1.5622798301869747;0.07692307692307693;0.5;0.23935091277890463;1.0749830098920183;0.07692307692307693;0.4509803921568628;0.49361097964978695;0.562083442043595;0.024116614515759756;0.04139610389610393;0.75;0.3144;-0.2932812184109441;0.6666666666666666;0.3680880974695408;-0.3752942495235961;0.25;0.16666666666666666;0.36363636363636365;-0.2857142857142857;0.15212527964205816;-0.7721417449157744;0.5;-0.7142857142857143;0.3505013389798842;0.6666666666666666;0.19967042021422687;-0.04848484848484854;-0.0;-0.7809509225939821;0.6589147286821705;-0.09090909090909091;-0.17647058823529413;-0.5302976612331679;0.34883720930232553;-2.0;-2.0;1.0;-2.6;-2.2;1.555217317774395;0.4556962025316456;-2.6;1.477872947894361;1.0;0.5;-0.30925578486554095;0.8;0.10940851976708552
0.23529411764705882;0.07142857142857142;0.20463320463320464;0.2352941176470588;-0.31666666666666665;0.3177570093457944;0.12288135593220338;0.07547169811320754;-0.125;0.6082877247849882;1.061;0.2285714285714286;0.6715686274509803;0.9704488430443261;9;0.058490566037735864;0.13541666666666666;0.19200000000000003;0.16;0.07142857142857142;0.30357142857142855;0.14285714285714285;0.5;0.3571428571428571;0.04363636363636363;0.5925925925925926;0.2;0.16666666666666666;0.5;0.5;0.0;0.25;0.1111111111111111;0.18181818181818182;0.3333333333333333;-0.4877885580461692;-0.31505691703534333;-0.6721146953405015;-0.4658697091234766;-0.07452138128466616;-0.5386962370000985;0.1095890410958904;1.155;0.22540983606557374;-0.26428571428571435;0.16025;1.6949210124002037;0.07692307692307693;0.30357142857142855;0.18132692307692308;0.4577725589377651;0.07692307692307693;0.30357142857142855;0.21781410332895834;1.1347881899871632;0.07692307692307693;0.4509803921568628;-0.6343271809433666;0.3254666635041862;0.08115189905619571;0.5560064935064936;0.75;0.1714;-0.21591751465732192;0.6666666666666666;0.2769447047797563;-0.2968277098979935;0.25;0.0555;0.2727272727272727;-0.2857142857142857;0.030467668051560665;-0.8146085971783138;0.5;-0.8571428571428571;0.27776047829607026;0.6666666666666666;0.1892337269980775;-0.6303030303030305;-0.4615384615384615;-0.3564811270193707;0.6217054263565891;0.0;0.0;-0.544029057406095;0.3441860465116279;0.0;2.0;1.0;0.0;1.3;1.555217317774395;0.3417721518987342;0.0;1.7805139186295507;-2.0;-1.5;0.6460287679799875;-0.4;0.09561752988047809
0.2647058823529412;0.017857142857142856;0.20656370656370657;0.2647058823529411;0.35000000000000003;0.2897196261682243;0.1398305084745763;0.050314465408805034;-0.125;0.6317435496481626;1.093;0.2571428571428572;0.6887254901960784;0.9701700585447446;9;0.058490566037735864;0.15104166666666666;0.208;0.19200000000000003;0.07142857142857142;0.07142857142857142;0.30357142857142855;0.23214285714285712;0.3571428571428571;0.04363636363636363;-0.2962962962962963;0.8;0.16666666666666666;0.0;0.5;-0.125;0.0;0.2222222222222222;-0.18181818181818182;0.3333333333333333;-0.04282368685178964;-0.16831535517224255;-0.5367741935483867;-0.3108913204314474;-0.14519592055823932;-0.4016928578458713;0.1095890410958904;0.0;0.32069672131147536;-0.1142857142857144;0.057692307692307696;-0.26668931544080166;0.019230769230769232;0.07142857142857142;0.14834615384615385;0.6788907957727394;0.019230769230769232;0.30357142857142855;0.19460684882472257;1.258325152910972;0.019230769230769232;0.4509803921568628;-0.8479255403060421;0.030691871634923196;0.10409829809967179;0.5783279220779222;0.75;0.2;-0.1983961183368151;0.6666666666666666;0.29779756326148077;-0.31409034861562607;0.25;-0.11116666666666668;0.2727272727272727;-0.5714285714285714;0.030467668051560665;-0.8146085971783138;0.5;-0.8571428571428571;0.21971725727097222;0.6666666666666666;0.2029662180719583;0.5333333333333334;0.923076923076923;-0.045938289564351864;0.6589147286821705;0.09090909090909091;0.0;-0.544029057406095;0.35348837209302325;0.0;0.0;1.0;-0.6;-0.3;0.5962004622583008;0.4683544303797469;-0.6;-0.2801570306923626;1.3333333333333333;1.6666666666666667;0.9352720450281427;-0.2;0.08703646950658903
0.29411764705882354;0.05357142857142857;0.21235521235521237;0.2941176470588235;0.016666666666666666;0.2897196261682243;0.15677966101694918;0.0;-0.125;0.6473807662236122;1.118;0.3285714285714286;0.7083333333333334;0.9693337050459991;9;0.058490566037735864;0.171875;0.232;0.208;0.017857142857142856;0.07142857142857142;0.07142857142857142;0.21428571428571427;0.3571428571428571;0.04363636363636363;0.2962962962962963;-0.4;0.6666666666666666;-0.25;0.5;-0.125;-0.125;0.0;-0.2727272727272727;0.3333333333333333;0.30645700903312156;-0.13053636228065804;-0.4065949820788528;-0.23488181924379894;-0.23895151189837172;-0.2516977789442603;0.1095890410958904;0.0;0.32069672131147536;-0.037500000000000235;0.05128846153846154;-0.33599456429420743;0.019230769230769232;0.07142857142857142;0.1236346153846154;0.6355342787462738;0.019230769230769232;0.30357142857142855;0.17923477707513025;1.2516801329004001;0.019230769230769232;0.4509803921568628;-0.9368985644423411;-0.24254642916439362;0.11951461497367015;0.15016233766233772;0.25;0.2;-0.1983961183368151;0.6666666666666666;0.27225866916588565;-0.3246272839367785;0.25;-0.16666666666666666;0.2727272727272727;-0.7142857142857143;0.06093533610312133;-0.8512244609069034;0.5833333333333334;-0.8571428571428571;0.17213676278258705;0.6666666666666666;0.20049436967865975;-0.04848484848484854;-0.4615384615384615;-0.045938289564351864;0.6961240310077519;0.09090909090909091;-0.058823529411764705;-0.5815024805102764;0.3581395348837209;0.0;0.0;0.0;0.4;0.5;-0.37115959185974406;0.4936708860759494;0.4;-0.352962169878658;-0.6666666666666666;-1.0;0.786741713570982;0.6;0.07845540913269997
0.32352941176470584;0.05357142857142857;0.21814671814671815;0.32352941176470584;0.35000000000000003;0.27102803738317754;0.17372881355932202;-0.050314465408805034;-0.25;0.6630179827990618;1.144;0.4142857142857143;0.7279411764705882;0.9684973515472537;9;0.058490566037735864;0.19270833333333334;0.264;0.232;0.05357142857142857;0.017857142857142856;0.07142857142857142;0.14285714285714285;0.3571428571428571;0.04363636363636363;0.0;0.4;-0.3333333333333333;-0.25;0.5;-0.125;-0.125;-0.1111111111111111;0.09090909090909091;0.3333333333333333;0.28872532619605235;0.01859124123875341;-0.25126472094214003;-0.23488181924379894;-0.12891393809268195;-0.09448508907188072;0.1095890410958904;0.0;0.22540983606557374;0.0;0.04486538461538462;-0.46271445558009155;0.019230769230769232;0.05357142857142857;0.1098846153846154;0.6676903622075692;0.019230769230769232;0.30357142857142855;0.166428031658911;1.2278184701351655;0.019230769230769232;0.4509803921568628;-0.7920807698375139;-0.577168473233557;0.13131852756366222;-0.19277597402597396;0.25;0.2572;-0.1983961183368151;0.6666666666666666;0.2900656044985942;-0.3367335500504428;0.25;-0.22216666666666665;0.18181818181818182;-0.7142857142857143;-0.06093533610312133;-0.8512244609069034;0.5;-0.8571428571428571;0.11185152892819333;0.6666666666666666;0.21065641307333155;0.5090909090909091;0.44230769230769224;-0.3650562744047163;0.6945736434108527;0.09090909090909091;-0.058823529411764705;-0.6326187101346562;0.3581395348837209;0.0;0.0;0.0;0.0;-0.2;-0.37115959185974406;0.5316455696202532;0.0;-0.48608137044967875;0.6666666666666666;0.6666666666666666;0.1682301438399;0.2;0.0720196138522832
0.3529411764705882;0.07142857142857142;0.2258687258687259;0.35746606334841624;0.35000000000000003;0.2336448598130841;0.17372881355932202;-0.20125786163522014;-0.5;0.6763096168881938;1.174;0.6;0.7475490196078431;0.9673822135489258;9;0.058490566037735864;0.21354166666666666;0.29600000000000004;0.264;0.05357142857142857;0.05357142857142857;0.017857142857142856;0.14285714285714285;0.3571428571428571;0.04363636363636363;0.2962962962962963;0.0;0.3333333333333333;0.0;0.5;-0.25;-0.125;-0.1111111111111111;0.0;0.3333333333333333;0.30444964871194385;0.12914450464781027;-0.10683051715309767;-0.49826720143296604;-0.2160493827160493;-0.0019684393556640262;0.1095890410958904;0.0;0.0;0.0142857142857143;0.06409615384615386;-0.6590793273314081;0.057692307692307696;0.07142857142857142;0.09890384615384616;0.6420377563002438;0.019230769230769232;0.30357142857142855;0.15712126635644114;1.1758664955070606;0.019230769230769232;0.4509803921568628;-0.7113109323237103;-0.9763999905125589;0.1460225393675749;-0.19277597402597396;0.25;0.2858;-0.19138755980861247;0.6666666666666666;0.30506091846298033;-0.3479430557112432;0.25;-0.38883333333333336;0.0;-0.7142857142857143;-0.21306061574517948;-0.7670457226442694;0.3333333333333333;-0.8571428571428571;0.022420128292956344;0.5;0.23647349629222747;-0.024242424242424163;-0.4230769230769231;-0.3828190797029324;0.6961240310077519;-0.2727272727272727;-0.29411764705882354;-0.4280652019844082;0.3395348837209302;0.0;0.0;0.0;0.2;0.1;-0.7132307345397146;0.5189873417721519;0.2;-0.6923625981441827;0.0;-0.3333333333333333;-0.16166353971232017;0.6;0.06589028501379099
0.38235294117647056;0.08928571428571427;0.23552123552123552;0.38235294117647056;-0.31666666666666665;0.16822429906542055;0.211864406779661;-0.20125786163522014;0.0;0.6935105551211883;1.183;0.4142857142857143;0.767156862745098;0.9659882910510174;9;0.058490566037735864;0.21354166666666666;0.32800000000000007;0.29600000000000004;0.07142857142857142;0.05357142857142857;0.05357142857142857;0.30357142857142855;0.3571428571428571;0.04363636363636363;0.2962962962962963;0.4;0.0;0.0;0.5;-0.5;-0.25;-0.1111111111111111;0.09090909090909091;0.3333333333333333;-0.46938775510204067;0.09713177909231004;0.004915514592934133;-0.048596238464234304;0.003667919126856358;0.19553164266264236;0.1095890410958904;0.0;-0.7745901639344263;0.0142857142857143;0.07692307692307693;-0.515372855444199;0.057692307692307696;0.08928571428571427;0.06594230769230769;-0.8263029536627223;0.019230769230769232;0.08928571428571427;0.1505786898938074;1.110020388129578;0.019230769230769232;0.4509803921568628;-0.5540306041962455;-0.9356988686226608;0.16790048080592232;-0.19277597402597396;0.25;0.2572;-0.17467484331828292;0.6666666666666666;0.28444236176194937;-0.35332361842842736;0.25;-0.3333333333333333;0.0;-0.5714285714285714;-0.27399595184830083;-0.8512244609069034;0.3333333333333333;-1.1428571428571428;0.016939652488011454;0.5;0.1892337269980775;-0.6303030303030305;-0.4807692307692307;-0.06063854222494448;0.6232558139534883;0.5454545454545454;0.47058823529411764;-0.23316796598157333;0.36279069767441857;0.0;0.0;0.0;0.2;0.0;-0.8086137888268785;0.5316455696202532;0.2;-0.5413990007137758;-0.6666666666666666;-0.3333333333333333;-0.16166353971232017;-0.2;0.05914802329144961
0.4117647058823529;0.10714285714285714;0.24710424710424714;0.4117647058823529;0.016666666666666666;0.16822429906542055;0.25;-0.07547169811320754;0.625;0.7021110242376857;1.185;0.2857142857142857;0.7843137254901961;0.9643155840535265;9;0.058490566037735864;0.26041666666666663;0.32800000000000007;0.32800000000000007;0.08928571428571427;0.07142857142857142;0.05357142857142857;0.07142857142857142;0.3571428571428571;0.04363636363636363;0.0;0.4;0.3333333333333333;0.75;0.5;0.0;-0.5;-0.2222222222222222;-0.09090909090909091;0.3333333333333333;-0.04282368685178964;0.16950837600039753;0.05947772657450098;0.5439040535804681;0.37010198604401506;0.4535284275450283;0.1095890410958904;1.155;0.0;0.42321428571428554;0.09615384615384616;-0.515372855444199;0.07692307692307693;0.10714285714285714;0.07142307692307692;-0.7063499232228344;0.019230769230769232;0.10714285714285714;0.13069243924750423;0.928188476931209;0.019230769230769232;0.4509803921568628;-0.3964347688909924;-0.8182443490429543;-0.13142028543081727;-0.2556818181818181;0.25;0.1714;-0.2975941775052227;0.0;0.267572633552015;-0.3578074206927475;0.25;0.0555;0.0;0.14285714285714285;-0.12165761159049748;-0.5907611003633277;0.3333333333333333;-0.42857142857142855;-0.03661954287849537;0.5;0.17330403735237576;0.5333333333333334;0.923076923076923;-0.045632034300589555;0.6589147286821705;0.5454545454545454;-0.058823529411764705;-0.17230687455705176;0.4046511627906977;-2.0;-2.0;1.0;0.2;0.0;-0.938722588646485;0.5316455696202532;0.2;-0.5413990007137758;0.3333333333333333;0.5;-0.30925578486554095;0.0;0.057002758197977316
0.4411764705882353;0.10714285714285714;0.25868725868725867;0.4434389140271493;0.016666666666666666;0.18691588785046728;0.23728813559322037;-0.07547169811320754;-0.125;0.7099296325254105;1.202;0.38571428571428573;0.8014705882352942;0.9626428770560356;9;0.2650943396226415;0.30729166666666663;0.4;0.32800000000000007;0.10714285714285714;0.08928571428571427;0.07142857142857142;0.07142857142857142;0.5;0.14545454545454548;0.14814814814814814;0.0;0.3333333333333333;-0.75;1.0;0.625;0.0;-0.4444444444444444;-0.18181818181818182;-0.2222222222222222;0.6945466711274676;0.1710990704379381;0.1413210445468514;-0.14407538647248938;0.3013955984970477;0.5086447295036255;0.1095890410958904;1.155;0.22540983606557374;0.6589285714285715;0.10898076923076923;-0.6590793273314081;0.09615384615384616;0.10714285714285714;0.07692307692307693;-0.6261403667238731;0.019230769230769232;0.10714285714285714;0.09943125323151573;0.10058143925092507;0.019230769230769232;0.23529411764705882;-0.31882000315507186;-0.6561039823533596;-0.27912182960645143;-0.2556818181818181;0.25;0.2858;-0.44450434665408717;0.0;0.2509372071227741;-0.3752942495235961;0.25;0.22216666666666665;0.2727272727272727;0.14285714285714285;-0.12165761159049748;-0.5907611003633277;0.3333333333333333;-0.42857142857142855;-0.10761661580619046;0.5;0.21752265861027198;0.5333333333333334;-0.0;0.06768241329147848;0.7333333333333333;-0.5454545454545454;-0.7647058823529411;-0.018869596031183565;0.34883720930232553;0.0;2.0;1.0;0.0;-0.1;-0.8086137888268785;0.5189873417721519;0.0;-0.6923625981441827;0.3333333333333333;0.0;-0.2454659161976235;0.6;0.0566962917560527
0.47058823529411764;0.08928571428571427;0.2683397683397683;0.47058823529411764;0.016666666666666666;0.19626168224299065;0.2627118644067797;-0.025157232704402517;0.25;0.7177482408131353;1.213;0.4;0.8186274509803921;0.9612489545581262;9;0.4188679245283018;0.29166666666666663;0.4720000000000001;0.4;0.10714285714285714;0.10714285714285714;0.08928571428571427;0.017857142857142856;0.23214285714285712;0.19272727272727275;0.2962962962962963;0.2;0.0;0.25;0.0;-0.125;0.625;0.0;-0.18181818181818182;-0.6666666666666666;0.30645700903312156;0.2094745737435999;0.19621095750128031;-0.39063899380865236;0.31392020039363033;0.5330533775138614;0.1506849315068493;0.0;0.32069672131147536;0.7678571428571428;0.10898076923076923;-0.6590793273314081;0.09615384615384616;0.10714285714285714;0.08790384615384615;-0.8263029536627223;0.057692307692307696;0.10714285714285714;0.08807620411247662;-0.010269576379974268;0.019230769230769232;0.23529411764705882;-0.3964347688909924;-0.5582884656436042;-0.3917169096135745;-0.42735389610389607;0.25;0.2572;-0.4582519037671002;0.0;0.2509372071227741;-0.3752942495235961;0.25;0.3333333333333333;0.2727272727272727;0.14285714285714285;-0.030467668051560665;-0.5622611239560233;0.3333333333333333;-0.42857142857142855;-0.05430653297627203;0.5;0.20488876682230162;-0.04848484848484854;-0.4615384615384615;-0.3564811270193707;0.6961240310077519;0.2727272727272727;0.47058823529411764;-0.07937632884479091;0.33488372093023255;0.0;0.0;1.0;-0.2;-0.1;-0.7132307345397146;0.4936708860759494;-0.2;-0.6923625981441827;-0.3333333333333333;-0.3333333333333333;-0.42589118198874293;0.2;0.0530186944529574
0.5;0.08928571428571427;0.277992277992278;0.5;0.016666666666666666;0.22429906542056074;0.2669491525423729;-0.025157232704402517;0.0;0.7255668491008601;1.229;0.4857142857142858;0.8406862745098039;0.9598550320602168;9;0.5226415094339623;0.32291666666666663;0.44800000000000006;0.4720000000000001;0.08928571428571427;0.10714285714285714;0.10714285714285714;0.05357142857142857;0.21428571428571427;0.23636363636363636;0.14814814814814814;0.4;0.16666666666666666;-0.25;-0.5;0.25;-0.125;0.5555555555555556;-0.18181818181818182;-0.7777777777777778;0.30645700903312156;0.2876174379877716;0.24585765488991332;-0.2682138546006776;0.210323850420469;0.4977526984022836;0.2465753424657534;0.0;0.32069672131147536;0.7678571428571428;0.10255769230769232;-0.6590793273314081;0.09615384615384616;0.10714285714285714;0.09340384615384616;-0.89964772829916;0.057692307692307696;0.10714285714285714;0.07813307878932504;-0.1174960356414709;0.019230769230769232;0.23529411764705882;-0.47657359204921923;-0.49643035032375893;-0.46610191050395583;-0.42735389610389607;0.25;0.3144;-0.4887121773704427;0.0;0.28444236176194937;-0.3770877704293241;0.25;0.0555;0.2727272727272727;-0.2857142857142857;0.0;-0.5667909215306942;0.3333333333333333;-0.42857142857142855;-0.01868344024413029;0.5;0.2265861027190333;0.5333333333333334;0.4615384615384615;-0.3564811270193707;0.6961240310077519;-0.18181818181818182;-0.35294117647058826;-0.23316796598157333;0.35348837209302325;0.0;0.0;0.0;0.0;0.1;-0.8086137888268785;0.4936708860759494;0.0;-0.6923625981441827;0.3333333333333333;0.3333333333333333;-0.42589118198874293;0.2;0.05056696291756049
0.5294117647058824;0.08928571428571427;0.2876447876447876;0.5294117647058824;0.35000000000000003;0.24299065420560748;0.288135593220339;0.0;0.25;0.7333854573885847;1.241;0.5142857142857143;0.9264705882352942;0.9584611095623083;9;0.5849056603773584;0.32812499999999994;0.496;0.44800000000000006;0.08928571428571427;0.08928571428571427;0.10714285714285714;0.05357142857142857;0.14285714285714285;0.26545454545454544;0.2962962962962963;0.2;0.3333333333333333;0.25;-0.5;0.0;0.25;-0.1111111111111111;-0.2727272727272727;-0.3333333333333333;0.30645700903312156;0.38763235074812363;0.2835432667690734;-0.3571512012772089;0.1602254428341385;0.5384337784193435;0.273972602739726;0.0;0.22540983606557374;0.6589285714285715;0.09615384615384616;-0.8551044674706979;0.09615384615384616;0.08928571428571427;0.09890384615384616;-1.0365820612410803;0.07692307692307693;0.10714285714285714;0.07387742115101618;-0.13561881748848442;0.019230769230769232;0.23529411764705882;-0.47657359204921923;-0.48238893764379404;-0.5280724516014145;-0.2556818181818181;0.5;0.3428;-0.43776534806927686;0.3333333333333333;0.3345829428303655;-0.3678959757874678;0.25;0.22216666666666665;0.36363636363636365;-0.2857142857142857;0.12165761159049748;-0.5794366064266505;0.3333333333333333;-0.42857142857142855;-0.01868344024413029;0.5;0.21917055753913767;-0.04848484848484854;-0.4615384615384615;-0.3564811270193707;0.6961240310077519;0.18181818181818182;0.17647058823529413;-0.39821048901488304;0.34883720930232553;0.0;0.0;0.0;0.0;0.0;-0.8086137888268785;0.5063291139240507;0.0;-0.8982869379014988;0.3333333333333333;0.0;-0.42589118198874293;0.6;0.047502298498314416
0.5588235294117647;0.08928571428571427;0.29729729729729726;0.5588235294117646;0.016666666666666666;0.2523364485981308;0.3135593220338983;0.6540880503144654;0.625;0.743549648162627;1.25;0.4571428571428572;0.9387254901960784;0.957067187064399;9;0.6433962264150943;0.35416666666666663;0.504;0.496;0.08928571428571427;0.08928571428571427;0.08928571428571427;0.07142857142857142;0.14285714285714285;0.2945454545454545;0.4444444444444444;0.4;0.16666666666666666;0.25;0.0;0.25;0.0;0.2222222222222222;-0.45454545454545453;-0.4444444444444444;0.32418869187019084;0.5327832181736838;0.3352380952380954;0.0;-0.05591340132402918;0.5909254945703882;0.3287671232876712;0.0;0.0;0.42321428571428554;0.09615384615384616;-0.8551044674706979;0.09615384615384616;0.08928571428571427;0.10165384615384615;-1.1095655315689639;0.09615384615384616;0.10714285714285714;0.06960187726206102;-0.1579702484331344;0.019230769230769232;0.23529411764705882;-0.47657359204921923;-0.5041151775337397;-0.5730494288839706;-0.42735389610389607;0.5;0.3428;-0.43776534806927686;0.3333333333333333;0.3514526710402999;-0.36655083510817177;0.25;0.38883333333333336;0.36363636363636365;0.14285714285714285;0.3956535634387983;-0.656820648327278;0.5833333333333334;-0.42857142857142855;0.05256274522015321;0.5;0.21614940950288386;0.5575757575757576;0.4807692307692307;-0.3475997243702626;0.6976744186046511;0.2727272727272727;0.0;-0.39821048901488304;0.37209302325581395;0.0;0.0;0.0;0.0;0.0;-0.938722588646485;0.5063291139240507;0.0;-0.8982869379014988;-0.3333333333333333;-0.3333333333333333;-0.42589118198874293;0.2;0.045050566962917565
0.5882352941176471;0.08928571428571427;0.30694980694980695;0.5882352941176471;0.016666666666666666;0.19626168224299065;0.3050847457627119;0.1761006289308176;0.125;0.7607505863956217;1.265;0.35714285714285715;0.9485294117647058;0.9556732645664896;9;0.6877358490566037;0.38541666666666663;0.544;0.504;0.08928571428571427;0.08928571428571427;0.08928571428571427;0.08928571428571427;0.30357142857142855;0.3563636363636363;0.2962962962962963;0.6;0.3333333333333333;-0.25;0.0;0.625;0.25;0.0;-0.09090909090909091;-0.3333333333333333;0.32418869187019084;0.4248148332256301;0.37153097798259116;-0.38207234920758537;-0.2622114868491679;0.5592992355893837;0.35616438356164387;0.0;-0.7745901639344263;0.0142857142857143;0.09615384615384616;-0.8551044674706979;0.09615384615384616;0.08928571428571427;0.10165384615384615;-1.1095655315689639;0.09615384615384616;0.10714285714285714;0.052559360458179216;-0.8541871177225702;0.019230769230769232;0.0196078431372549;-0.47657359204921923;-0.5413059462536466;-0.5317866137525756;-0.2556818181818181;0.5;0.3714;-0.4970685356156075;0.3333333333333333;0.3514526710402999;-0.36655083510817177;0.25;0.44449999999999995;0.45454545454545453;0.14285714285714285;0.42612123149035896;-0.6758835464540179;0.5833333333333334;-0.42857142857142855;0.03462664258578813;0.5;0.2411425432573469;-0.04848484848484854;-0.4807692307692307;-0.3390245769849169;0.6976744186046511;-0.45454545454545453;-0.5294117647058824;-0.24645641389085754;0.3395348837209302;0.0;0.0;0.0;0.0;0.0;-0.938722588646485;0.5063291139240507;0.0;-0.8982869379014988;-0.3333333333333333;0.0;-0.42589118198874293;-0.2;0.043211768311369914
0.6176470588235294;0.125;0.32046332046332043;0.6176470588235294;0.016666666666666666;0.102803738317757;0.3093220338983051;0.1761006289308176;0.0;0.6379984362783424;1.281;2.8285714285714287;0.9583333333333334;0.9537217730694172;9;0.731132075471698;0.37499999999999994;0.5920000000000001;0.544;0.08928571428571427;0.08928571428571427;0.08928571428571427;0.10714285714285714;0.07142857142857142;0.3709090909090909;0.14814814814814814;0.4;0.5;0.0;1.5;0.125;0.625;0.2222222222222222;0.36363636363636365;-0.5555555555555556;-0.10839745734359313;0.31704528508226876;0.3931592421915005;-0.7021533429383592;-0.25326534263732325;0.4709819231652506;0.3972602739726027;1.155;0.0;0.42321428571428554;0.10898076923076923;-0.46271445558009155;0.09615384615384616;0.125;0.10440384615384617;-1.001535543311354;0.09615384615384616;0.125;0.056815018096488076;-0.8031412821868156;0.019230769230769232;0.03921568627450982;-0.3144029026660358;-0.5182514646237044;-0.47739703375817233;-0.2556818181818181;0.25;0.3428;-0.43776534806927686;0.3333333333333333;0.28444236176194937;-0.4026454433359489;0.0;0.3333333333333333;0.36363636363636365;0.14285714285714285;0.27399595184830083;-0.7387344878025766;0.5833333333333334;-0.42857142857142855;0.03462664258578813;0.5;0.2521285361164516;-0.04848484848484854;0.0;-0.3390245769849169;0.6589147286821705;-0.18181818181818182;0.11764705882352941;-0.27462792345854;0.31627906976744186;-2.0;-2.0;1.0;0.4;0.2;-0.6782794971531652;0.5316455696202532;0.4;-0.48608137044967875;-0.3333333333333333;0.0;-0.7870544090056285;-0.2;0.04045357033404842
0.6470588235294118;0.08928571428571427;0.3301158301158301;0.6470588235294117;0.016666666666666666;0.037383177570093455;0.3305084745762712;0.25157232704402516;0.375;0.794370602032838;1.296;0.1857142857142857;0.9656862745098039;0.9523278505715078;9;0.7603773584905659;0.3802083333333333;0.5760000000000001;0.5920000000000001;0.125;0.08928571428571427;0.08928571428571427;0.10714285714285714;0.07142857142857142;0.38545454545454544;0.0;0.2;0.3333333333333333;0.25;-1.5;0.0;0.125;0.5555555555555556;-0.18181818181818182;-0.6666666666666666;0.32418869187019084;0.35860217726301136;0.39848438300051237;-0.3571512012772089;-0.4014134907854713;0.39368787113283693;0.4520547945205479;1.155;0.22540983606557374;0.6589285714285715;0.10898076923076923;-0.46271445558009155;0.09615384615384616;0.125;0.10165384615384615;-1.012735976876524;0.09615384615384616;0.125;0.0582468281430219;-0.8049535603715169;0.019230769230769232;0.03921568627450982;-0.3144029026660358;-0.48903014634377745;-0.42621282657915477;-0.42735389610389607;0.0;0.3144;-0.43776534806927686;0.3333333333333333;0.3345829428303655;-0.48402645443335945;0.0;0.22216666666666665;0.36363636363636365;-0.14285714285714285;0.3956535634387983;-0.7770490256216678;0.6666666666666666;-0.42857142857142855;0.10587282805007164;0.5;0.25157923647349634;0.5575757575757576;0.4807692307692307;-0.3390245769849169;0.6976744186046511;0.18181818181818182;0.17647058823529413;-0.32149184975194894;0.34883720930232553;0.0;2.0;1.0;-0.4;-0.4;-0.4877388804329443;0.5063291139240507;-0.4;-0.48608137044967875;0.3333333333333333;0.3333333333333333;-0.42589118198874293;0.2;0.037388905914802345
0.676470588235294;0.07142857142857142;0.33783783783783783;0.676470588235294;-0.65;-0.102803738317757;0.3305084745762712;0.27672955974842767;0.125;0.8123534010946052;1.308;0.0285714285714286;0.9730392156862745;0.9512127125731809;9;0.7905660377358489;0.40624999999999994;0.5840000000000001;0.5760000000000001;0.08928571428571427;0.125;0.08928571428571427;0.08928571428571427;0.017857142857142856;0.38909090909090904;0.14814814814814814;0.0;0.16666666666666666;0.0;0.5;0.375;0.0;0.1111111111111111;0.09090909090909091;-0.6666666666666666;-0.30411508865841413;0.08579808122483468;0.3643215565796213;-0.4082395545344808;-0.498031848273394;0.2767625734063843;0.5068493150684932;0.0;0.32069672131147536;0.7678571428571428;0.10255769230769232;-0.33599456429420743;0.07692307692307693;0.125;0.09890384615384616;-0.9607081564447656;0.07692307692307693;0.125;0.06250248578133079;-0.9257721060182736;0.057692307692307696;0.03921568627450982;-0.5540306041962455;-0.49605085268375987;-0.4023506067312829;0.643262987012987;0.0;0.14279999999999998;0.009973717905519217;0.3333333333333333;0.21743205248359887;-0.26275081268916045;0.0;0.22216666666666665;0.36363636363636365;-0.14285714285714285;0.36518589538723767;-0.7721417449157744;0.6666666666666666;-0.42857142857142855;0.1414959207822134;0.5;0.25157923647349634;-1.2121212121212124;-1.4038461538461537;0.35525610596432133;0.6232558139534883;-0.2727272727272727;-0.35294117647058826;-0.39821048901488304;0.3441860465116279;0.0;0.0;1.0;-0.2;0.1;-0.4692485483961892;0.4683544303797469;-0.2;-0.352962169878658;-2.0;-1.1666666666666667;0.3405253283302064;-0.8;0.034630707937480854
0.7058823529411764;0.10714285714285714;0.3494208494208494;0.7058823529411765;0.6833333333333332;-0.1588785046728972;0.3516949152542373;0.3522012578616352;0.5;0.8295543393275995;1.326;-0.0285714285714286;0.9803921568627451;0.94954000557569;9;0.8141509433962265;0.40624999999999994;0.624;0.5840000000000001;0.07142857142857142;0.08928571428571427;0.125;0.08928571428571427;0.05357142857142857;0.39999999999999997;-0.7407407407407407;0.2;0.0;0.25;-0.5;0.125;0.375;0.0;-0.09090909090909091;-0.6666666666666666;1.5500167280026766;0.5105134960481184;0.44026625704045075;-0.4082395545344808;-0.5806942207908391;0.19264459827433486;0.5616438356164384;0.0;0.32069672131147536;0.7678571428571428;0.09615384615384616;-0.515372855444199;0.07692307692307693;0.10714285714285714;0.10165384615384615;-0.9422816367085176;0.07692307692307693;0.125;0.06675814341963965;-0.9565808351581967;0.057692307692307696;0.03921568627450982;-0.4713677236157123;-0.4888403975237779;-0.3837797959754763;1.5738636363636365;1.25;0.2572;0.19893523822359993;1.3333333333333333;0.3179475164011247;-0.16881515525165344;0.75;0.44449999999999995;0.45454545454545453;0.0;0.4870565675934803;-0.7721417449157744;0.6666666666666666;-0.42857142857142855;0.23042909634427355;0.5;0.27931886844273557;2.884848484848485;3.2499999999999996;1.8148686930556626;0.7720930232558139;0.18181818181818182;0.23529411764705882;-0.3768603827072997;0.3441860465116279;0.0;0.0;0.0;0.4;0.3;-0.4692485483961892;0.5189873417721519;0.4;-0.5413990007137758;3.6666666666666665;2.8333333333333335;1.884615384615385;1.2;0.03248544284400859
0.7352941176470588;0.125;0.36293436293436293;0.7352941176470588;0.016666666666666666;-0.2803738317757009;0.3771186440677966;0.5534591194968553;1.0;0.8475371383893666;1.337;-0.2000000000000001;0.9852941176470588;0.9475885140786167;9;0.8386792452830186;0.43229166666666663;0.624;0.624;0.10714285714285714;0.07142857142857142;0.08928571428571427;0.08928571428571427;0.05357142857142857;0.4109090909090909;0.8888888888888888;-1.0;0.16666666666666666;0.5;0.5;0.5;0.125;0.3333333333333333;0.09090909090909091;-0.7777777777777778;1.5500167280026766;0.47412636078938203;0.45984639016897105;0.0;-0.36956521739130416;0.16154325645484097;0.5616438356164384;0.0;0.22540983606557374;0.6589285714285715;0.10898076923076923;-0.33599456429420743;0.07692307692307693;0.125;0.10713461538461538;-0.8761629482431578;0.07692307692307693;0.125;0.07244561110448236;-0.9771199879181452;0.07692307692307693;0.03921568627450982;-0.2389966871746333;-0.4514598799838713;-0.3673459004299269;1.5738636363636365;1.25;0.1714;0.17548352314846005;1.3333333333333333;0.28444236176194937;-0.1656764936666293;0.75;0.7221666666666667;0.45454545454545453;0.5714285714285714;0.6696495152870992;-0.5841551455669327;0.6666666666666666;0.0;0.4082954474683939;0.5;0.253227135402362;-1.2121212121212124;-3.2499999999999996;2.207181685935227;0.7720930232558139;0.2727272727272727;0.0;-0.34780297661233167;0.37209302325581395;0.0;0.0;0.0;0.2;-0.1;-0.5941710355713399;0.5443037974683544;0.2;-0.352962169878658;-2.0;-2.8333333333333335;2.282051282051282;1.2;0.02911431198283787
0.7647058823529411;0.26785714285714285;0.3918918918918919;0.7466063348416289;0.016666666666666666;-0.3644859813084112;0.364406779661017;0.6289308176100629;0.375;0.8639562157935887;1.353;-0.2714285714285714;0.9901960784313726;0.9434067465848894;9;0.8669811320754716;0.4635416666666666;0.664;0.624;0.125;0.10714285714285714;0.07142857142857142;0.08928571428571427;0.07142857142857142;0.4254545454545454;0.0;1.2;-0.8333333333333334;0.25;0.5;1.0;0.5;0.1111111111111111;0.36363636363636365;-1.0;-0.30411508865841413;0.5818959089327433;0.4865540194572455;-0.39063899380865236;-0.3123098944354982;-0.04566779305140895;0.6849315068493151;0.0;0.0;0.42321428571428554;0.17948076923076925;0.8207915746560215;0.11538461538461539;0.26785714285714285;0.13461538461538464;0.04985999458043533;0.07692307692307693;0.26785714285714285;0.08807620411247662;-0.4467265725288831;0.07692307692307693;0.19607843137254904;0.5078088026502602;-0.1942553544745143;-0.29463990434760484;0.643262987012987;1.25;0.14279999999999998;0.16362288563919392;1.3333333333333333;0.267572633552015;-0.16859096513843747;0.75;0.8333333333333334;0.6363636363636364;0.5714285714285714;0.6087141791839779;-0.6071816165715096;0.6666666666666666;0.0;0.5328517157625958;0.75;0.28645976380115357;0.5575757575757576;1.4038461538461537;1.8148686930556626;0.6232558139534883;-0.5454545454545454;-0.5882352941176471;-0.19560595322466337;0.33488372093023255;0.0;0.0;0.0;1.6;0.7;-0.08501042899825247;0.620253164556962;1.6;0.8622412562455388;0.3333333333333333;1.1666666666666667;1.884615384615385;-0.8;0.02727551333129022
0.7941176470588235;0.14285714285714285;0.4073359073359073;0.7941176470588235;-1.6500000000000001;-0.5514018691588785;0.3728813559322034;0.7547169811320755;0.5;0.8795934323690382;1.362;-0.4285714285714287;0.9926470588235294;0.9411764705882346;9;0.8754716981132075;0.4479166666666666;0.7120000000000001;0.664;0.26785714285714285;0.125;0.10714285714285714;0.08928571428571427;0.08928571428571427;0.4436363636363636;0.14814814814814814;0.0;1.0;0.0;-0.5;0.375;1.0;0.4444444444444444;0.0;-0.5555555555555556;-0.3231850117096017;0.19754436546204687;0.3635023041474658;-0.6199135547681166;-0.3892467346573626;-0.1527508939995407;0.7671232876712328;0.0;-0.7745901639344263;0.0142857142857143;0.19230769230769232;0.6257856293528111;0.13461538461538464;0.26785714285714285;0.14286538461538462;0.01445217234215519;0.07692307692307693;0.26785714285714285;0.09233186175078549;-0.44038359888242834;0.07692307692307693;0.19607843137254904;0.5765893674081084;4.743720499977085e-05;-0.22025490345722354;2.2743506493506493;0.0;-0.2286;0.8375227441202235;1.3333333333333333;0.06677600749765697;0.25131711691514397;0.75;0.8333333333333334;0.6363636363636364;0.5714285714285714;0.7001171833386598;-0.6279431887887511;0.6666666666666666;0.0;0.6040979012268792;0.75;0.2578961823674815;-2.933333333333334;-2.769230769230769;1.424086976494909;0.5131782945736434;-0.09090909090909091;0.23529411764705882;-0.23316796598157333;0.31627906976744186;0.0;0.0;0.0;-1.4;-1.5;0.7538192682789332;0.5189873417721519;-1.4;0.6573875802997858;-4.333333333333333;-2.3333333333333335;1.4018136335209508;-2.2;0.024517315353968727
0.8235294117647058;0.05357142857142857;0.41312741312741313;0.823529411764706;-2.983333333333333;-0.8691588785046729;0.3771186440677966;0.8553459119496856;0.5;0.8983580922595777;1.368;-0.6857142857142857;0.9950980392156863;0.9403401170894892;9;0.8773584905660378;0.4583333333333333;0.6880000000000001;0.7120000000000001;0.14285714285714285;0.26785714285714285;0.125;0.125;0.10714285714285714;0.46545454545454545;-1.7777777777777777;0.2;0.0;-0.25;0.0;0.5;0.375;0.8888888888888888;-0.09090909090909091;0.0;-0.06155904984944774;-0.324004573246508;0.20620583717357935;-0.6199135547681166;-0.5903560565396312;-0.16876086742560936;0.7671232876712328;0.0;-0.7745901639344263;-0.005357142857143061;0.16667307692307692;1.1927976898250379;0.057692307692307696;0.26785714285714285;0.13186538461538463;0.15066389666696767;0.057692307692307696;0.26785714285714285;0.08807620411247662;-0.39628482972136214;0.057692307692307696;0.19607843137254904;-0.36835463006783414;0.06978012855482572;-0.17456562110458168;3.6400162337662345;0.0;-0.8;1.727340117258575;1.3333333333333333;-0.284676663542643;0.8393677838807309;0.75;0.6111666666666666;0.6363636363636364;0.0;0.8217747949291574;-0.7123106686169963;0.75;0.0;0.5861617985925143;0.75;0.24718483932985447;-1.7939393939393944;0.9038461538461539;1.4678814792129242;0.36279069767441857;-0.18181818181818182;-0.11764705882352941;-0.39821048901488304;0.33488372093023255;0.0;0.0;0.0;-1.0;0.2;0.8979085630531594;0.35443037974683544;-1.0;1.2530335474660954;-2.6666666666666665;0.8333333333333334;1.4315196998123825;-4.0;0.02298498314434569
0.8529411764705882;0.14285714285714285;0.42857142857142855;0.8529411764705882;-2.983333333333333;-1.158878504672897;0.3686440677966102;0.8805031446540881;0.125;0.9147771696637998;1.377;-0.8571428571428573;0.9975490196078431;0.9381098410928352;9;0.8933962264150942;0.4635416666666666;0.7040000000000001;0.6880000000000001;0.05357142857142857;0.14285714285714285;0.26785714285714285;0.08928571428571427;0.10714285714285714;0.48727272727272725;-2.962962962962963;-2.4;0.16666666666666666;0.0;0.5;0.5;0.5;0.3333333333333333;0.18181818181818182;-0.6666666666666666;-0.8946135831381732;-0.6669980613411542;0.07168458781362036;-0.7021533429383592;-0.7463768115942029;-0.3313539582034709;0.8493150684931507;0.0;-0.7745901639344263;-0.06428571428571435;0.12178846153846155;0.12570069644980467;0.057692307692307696;0.14285714285714285;0.1401153846153846;0.12464998645108832;0.057692307692307696;0.26785714285714285;0.09091993795489796;-0.38359888242845264;0.057692307692307696;0.19607843137254904;-0.36835463006783414;0.11531984535471157;-0.1194128571065151;1.2130681818181819;-3.25;-1.4000000000000001;2.10229799851742;1.3333333333333333;-0.6527647610121838;1.185068938459814;0.75;0.5;0.45454545454545453;0.0;0.760839458826036;-0.6643703109517295;0.75;0.0;0.621784891324656;0.8333333333333334;0.26915682504806376;-0.024242424242424163;1.4038461538461537;1.0709746573769239;0.5488372093023255;-0.45454545454545453;-0.23529411764705882;-0.44817505315379164;0.31627906976744186;0.0;0.0;0.0;1.0;1.0;0.5109645414059416;0.5063291139240507;1.0;0.13204853675945757;0.0;1.3333333333333333;1.263289555972483;-1.4;0.022065583818571877
0.8823529411764706;0.1607142857142857;0.44594594594594594;0.8823529411764706;-2.983333333333333;-1.4299065420560748;0.3855932203389831;0.9811320754716981;0.5;0.9304143862392493;1.385;-1.0285714285714287;1.0;0.935600780596598;9;0.9037735849056604;0.45312499999999994;0.7120000000000001;0.7040000000000001;0.14285714285714285;0.05357142857142857;0.14285714285714285;0.07142857142857142;0.08928571428571427;0.5054545454545455;-2.962962962962963;-4.0;-2.0;-1.5;0.0;0.125;0.5;0.4444444444444444;0.0;-0.3333333333333333;-0.09166945466711275;-1.4044837699458173;-0.06513056835637465;-0.5463961683735058;-0.9995526927894075;-0.4075981759128638;0.8630136986301371;0.0;-0.7745901639344263;-0.16428571428571445;0.12821153846153846;0.23713266519449627;0.057692307692307696;0.1607142857142857;0.15384615384615385;0.03323999638695678;0.057692307692307696;0.26785714285714285;0.09658751938909436;-0.3654761005814391;0.057692307692307696;0.19607843137254904;0.0763527370247673;0.10820426460472943;-0.05678088987254825;-0.661525974025974;-5.25;-1.8285999999999998;2.367544982815553;1.3333333333333333;-1.0042174320524837;1.4247281694877256;0.75;0.5;0.45454545454545453;0.0;0.8522424629807179;-0.7187278818477801;0.75;0.0;0.6574079840567978;0.8333333333333334;0.26531172754737714;-0.04848484848484854;-0.019230769230769232;0.501033611515198;0.6604651162790697;0.09090909090909091;0.29411764705882354;-0.36684975194897235;0.3302325581395349;0.0;0.0;0.0;0.2;-0.4;0.19617791307289023;0.5822784810126582;0.2;0.24910778015703067;0.0;0.0;0.657285803627267;0.2;0.02053325160894881
0.9117647058823529;0.17857142857142855;0.46525096525096526;0.9117647058823529;-5.983333333333333;-1.97196261682243;0.3771186440677966;1.0314465408805031;0.125;0.9483971853010165;1.396;-1.2000000000000004;1.0;0.9328129356007802;9;0.9188679245283019;0.4739583333333333;0.6960000000000001;0.7120000000000001;0.1607142857142857;0.14285714285714285;0.05357142857142857;0.10714285714285714;0.08928571428571427;0.5236363636363637;-2.962962962962963;-4.0;-3.3333333333333335;1.25;0.5;0.5;0.125;0.4444444444444444;0.2727272727272727;-0.5555555555555556;-0.09166945466711275;-1.1229308545011683;-0.17040450588837672;-0.5463961683735058;-1.1704240472356413;-0.5607427577835372;0.9315068493150684;0.0;-0.7745901639344263;-0.31785714285714295;0.17307692307692307;-0.515372855444199;0.15384615384615385;0.17857142857142855;0.1648269230769231;0.01445217234215519;0.057692307692307696;0.26785714285714285;0.10370679712047091;-0.33647964962621757;0.057692307692307696;0.19607843137254904;0.2339485723300203;0.08533953179478662;0.015975985143351395;4.4935064935064934;-5.25;-3.2;3.2438843587842845;-0.3333333333333333;-1.7406279287722588;2.3522026678623478;0.75;0.3333333333333333;0.45454545454545453;0.0;0.760839458826036;-0.6643703109517295;0.75;0.0;0.6753440866911627;0.8333333333333334;0.2872837132655865;-0.024242424242424163;0.019230769230769232;-0.7631881172957661;0.6604651162790697;-0.45454545454545453;-0.4117647058823529;-0.32574415308291993;0.3302325581395349;0.0;0.0;0.0;0.2;0.0;-0.41806189751395223;0.5316455696202532;0.2;-0.5413990007137758;-7.333333333333333;-3.6666666666666665;3.1848030018761726;-4.2;0.019307385841250385
0.9411764705882353;0.17857142857142855;0.48455598455598453;0.9411764705882352;-11.316666666666668;-2.869158878504673;0.3771186440677966;1.0314465408805031;0.0;0.965598123534011;1.408;-1.342857142857143;1.0;0.9300250906049623;9;0.930188679245283;0.4635416666666666;0.7280000000000001;0.6960000000000001;0.17857142857142855;0.1607142857142857;0.14285714285714285;0.125;0.08928571428571427;0.5418181818181819;-6.222222222222222;-4.0;-3.3333333333333335;-0.25;1.0;0.125;0.5;0.1111111111111111;0.6363636363636364;-0.3333333333333333;-0.0749414519906321;-0.7978326788288513;-0.2685509472606244;-0.6780109808808068;-1.1704240472356413;-0.6780617433811227;0.9863013698630136;0.0;-0.7745901639344263;-0.542857142857143;0.18590384615384617;-0.6590793273314081;0.17307692307692307;0.17857142857142855;0.17307692307692307;0.0;0.057692307692307696;0.26785714285714285;0.1108061886012011;-0.32167937778448974;0.057692307692307696;0.19607843137254904;0.31219435242151744;0.04454353549488864;0.09392251138416138;11.875811688311689;-5.25;-5.5142;6.509872632926745;-0.3333333333333333;-3.1464386129334585;4.578410492097299;0.75;0.2778333333333333;0.36363636363636365;0.0;0.5175242356450409;-0.7874298117302885;0.6666666666666666;-0.5714285714285714;0.639720993959021;0.8333333333333334;0.3007415545179896;-0.024242424242424163;0.0;-0.7631881172957661;0.662015503875969;-0.2727272727272727;0.058823529411764705;-0.3619773210489015;0.31162790697674414;0.0;0.0;0.0;0.0;-0.1;-0.8086137888268785;0.5189873417721519;0.0;-0.6923625981441827;-13.0;-2.8333333333333335;5.3270794246404005;-12.0;0.017468587189702733
0.9705882352941176;0.17857142857142855;0.5038610038610039;0.9705882352941175;-15.316666666666668;-3.046728971962617;0.3771186440677966;0.9811320754716981;-0.125;0.9827990617670055;1.42;-1.485714285714286;0.9975490196078431;0.9272372456091436;9;0.9386792452830187;0.4635416666666666;0.7120000000000001;0.7280000000000001;0.17857142857142855;0.17857142857142855;0.1607142857142857;0.26785714285714285;0.08928571428571427;0.56;-12.0;-8.4;-3.3333333333333335;0.0;0.5;0.0;0.125;0.4444444444444444;0.18181818181818182;0.0;-0.4550016728002676;-0.46458219416414004;-0.345232974910394;-0.8579105175032126;-1.2425299695831096;-0.731078376693678;0.9863013698630136;0.0;-0.7745901639344263;-0.8839285714285715;0.19230769230769232;-0.8551044674706979;0.19230769230769232;0.17857142857142855;0.15934615384615386;-0.38334387137566606;0.057692307692307696;0.17857142857142855;0.11790558008193135;-0.32016914596390533;0.057692307692307696;0.19607843137254904;0.31219435242151744;0.20412229311448957;0.1722251901600143;12.995129870129869;-10.75;-8.6572;9.35373003571669;-4.666666666666667;-5.004217432052483;6.970070619885663;0.75;0.0;0.2727272727272727;-0.42857142857142855;0.3956535634387983;-0.7123106686169963;0.5833333333333334;-0.5714285714285714;0.5328517157625958;0.75;0.30760780005493;-0.6060606060606062;-0.4615384615384615;-0.3564811270193707;0.6248062015503876;-0.2727272727272727;-0.058823529411764705;-0.5302976612331679;0.3209302325581395;0.0;0.0;0.0;0.0;0.0;-0.8086137888268785;0.5063291139240507;0.0;-0.8982869379014988;-9.333333333333334;1.8333333333333333;1.9090056285178238;-13.2;0.015629788538155054
0.9999999999999999;0.0;0.5038610038610039;0.9999999999999999;-27.650000000000002;-3.953271028037383;0.3771186440677966;-0.12578616352201258;-0.125;1.0;1.494;-0.7428571428571429;0.9975490196078431;0.9272372456091436;9;0.9528301886792451;0.4635416666666666;0.7120000000000001;0.7120000000000001;0.17857142857142855;0.17857142857142855;0.17857142857142855;0.14285714285714285;0.08928571428571427;0.5781818181818182;-16.14814814814815;-16.2;-7.0;-3.25;0.0;-0.125;0.0;0.1111111111111111;0.2727272727272727;-0.4444444444444444;-0.4550016728002676;-0.2452651985882586;-0.4028264208909367;-0.8579105175032126;-1.253265342637323;-0.8598143105541158;1.0;0.0;-0.7745901639344263;-1.8392857142857144;0.12821153846153846;1.1065058603703073;0.0;0.17857142857142855;0.1373653846153846;0.16583867762623053;0.0;0.17857142857142855;0.1108061886012011;-0.15011704296609527;0.0;0.19607843137254904;-0.3544723142451492;0.18011906738454955;0.18514843928871244;24.13271103896104;-20.5;-13.9714;17.149134038681847;-7.333333333333333;-8.334582942830366;12.20603071404551;0.75;-0.11116666666666668;0.2727272727272727;-0.5714285714285714;0.24352828379674016;-0.7123106686169963;0.5833333333333334;-0.5714285714285714;0.49722862303045406;0.75;0.3210656413073332;-0.024242424242424163;0.4615384615384615;-0.3564811270193707;0.6248062015503876;-0.2727272727272727;-0.058823529411764705;-0.6326187101346562;0.3209302325581395;0.0;0.0;0.0;-2.0;-1.0;0.36326737696600697;0.379746835443038;-2.0;1.162384011420414;-29.666666666666668;-10.166666666666666;9.379299562226391;-23.2;0.013790989886607402
0.0;0.21428571428571427;0.007722007722007724;0.0;0.016666666666666666;0.3177570093457944;0.046610169491525424;0.050314465408805034;1.0;0.0;0.276;0.1285714285714286;0.0;0.7479788123780313;10;0.019811320754717004;0.057291666666666664;0.088;0.088;0.21428571428571427;0.21428571428571427;0.21428571428571427;0.21428571428571427;0.21428571428571427;0.014545454545454549;0.0;0.0;0.0;-0.25;-0.5;1.0;1.0;0.8888888888888888;0.6363636363636364;0.3333333333333333;-0.5312813650050183;-1.460158075259731;-1.2854889912954426;-0.5275495502511585;-1.0804258364644836;-1.2978576818345855;0.1506849315068493;0.0;-0.7745901639344263;-1.8392857142857144;0.23076923076923078;-0.13453371836249356;0.23076923076923078;0.21428571428571427;0.23076923076923078;-0.5195555957004787;0.23076923076923078;0.21428571428571427;0.20454997414787413;-0.6170807218908101;0.23076923076923078;0.13725490196078433;-0.2613976967976023;-0.9846540641825382;-1.184970363021191;-0.37459415584415584;-0.25;0.028600000000000004;-0.5102769728418357;-0.6666666666666666;0.016635426429240853;-0.5337966595673131;-0.75;1.3333333333333333;1.0909090909090908;0.5714285714285714;1.7044849259614359;-0.31085735856178937;1.3333333333333333;0.0;1.9385937597309586;1.5;0.061246910189508424;0.0;-0.4807692307692307;-0.23949161626215448;0.6263565891472868;-0.5454545454545454;0.35294117647058826;-0.1940999291282778;0.3255813953488372;0.0;0.0;0.0;-0.6;0.0;-0.938722588646485;0.43037974683544306;-0.6;-0.1413276231263383;0.3333333333333333;-0.3333333333333333;-0.34490306441525953;0.2;0.9083665338645419
0.029411764705882353;0.1607142857142857;0.0250965250965251;0.029411764705882353;0.016666666666666666;0.32710280373831774;0.033898305084745756;0.10062893081761007;0.25;0.17826426896012515;0.486;-0.1285714285714286;0.0;0.745469751881795;10;0.019811320754717004;0.057291666666666664;0.088;0.088;0.21428571428571427;0.21428571428571427;0.21428571428571427;0.21428571428571427;0.21428571428571427;0.014545454545454549;0.0;0.0;0.0;-0.25;-0.5;1.0;1.0;0.8888888888888888;0.6363636363636364;0.3333333333333333;-0.5312813650050183;-1.460158075259731;-1.2854889912954426;-0.5275495502511585;-1.0804258364644836;-1.2978576818345855;0.1095890410958904;0.0;-0.7745901639344263;-1.8392857142857144;0.20192307692307693;-0.13453371836249356;0.17307692307692307;0.21428571428571427;0.20192307692307693;-0.5195555957004787;0.17307692307692307;0.21428571428571427;0.1747205981784194;-0.6170807218908101;0.17307692307692307;0.13725490196078433;-0.2613976967976023;-0.9846540641825382;-1.184970363021191;-0.37459415584415584;0.0;0.1286;-0.5102769728418357;-0.3333333333333333;0.1337863167760075;-0.5337966595673131;-0.5;0.8333333333333334;0.5454545454545454;0.5714285714285714;1.0653030787258975;-0.31085735856178937;0.8333333333333334;0.0;1.1912561499657472;1.0;0.16781104092282345;0.0;-0.4807692307692307;-0.23949161626215448;0.6263565891472868;-0.5454545454545454;0.35294117647058826;-0.1940999291282778;0.3255813953488372;0.0;0.0;0.0;-0.6;0.0;-0.938722588646485;0.43037974683544306;-0.6;-0.1413276231263383;0.3333333333333333;-0.3333333333333333;-0.34490306441525953;0.2;0.9083665338645419
0.0588235294117647;0.10714285714285714;0.036679536679536676;0.058823529411764705;0.016666666666666666;0.3177570093457944;0.05084745762711865;0.1509433962264151;0.375;0.30492572322126654;0.617;-0.5714285714285715;0.0;0.7437970448843041;10;0.019811320754717004;0.041666666666666664;0.088;0.088;0.1607142857142857;0.21428571428571427;0.21428571428571427;0.21428571428571427;0.21428571428571427;0.014545454545454549;0.14814814814814814;0.0;0.0;-0.25;-0.5;0.25;1.0;0.8888888888888888;0.6363636363636364;0.3333333333333333;-0.4366008698561391;-1.4038872595317395;-1.2623041474654375;-0.5336240800591878;-1.0874038289497225;-1.3029756241593125;0.1095890410958904;0.0;-0.7745901639344263;-1.8392857142857144;0.17307692307692307;0.16409036860879905;0.11538461538461539;0.21428571428571427;0.17307692307692307;-0.20196910848161867;0.11538461538461539;0.21428571428571427;0.14489122220896472;-0.35158196783206214;0.11538461538461539;0.13725490196078433;-0.07430194036914355;-0.8721330139228195;-1.124627947798214;-0.42735389610389607;0.0;0.09519999999999999;-0.5453197654828492;-0.3333333333333333;0.09465791940018743;-0.562941374285394;-0.5;0.7221666666666667;0.5454545454545454;0.5714285714285714;0.9231916480238628;-0.5048836880101922;0.8333333333333334;0.0;1.0250980880612819;1.0;0.14144465806097228;-0.6060606060606062;-0.4807692307692307;-0.23949161626215448;0.6263565891472868;0.09090909090909091;0.35294117647058826;-0.1940999291282778;0.3255813953488372;0.0;0.0;0.0;-0.6;0.0;-0.938722588646485;0.43037974683544306;-0.6;-0.1413276231263383;-0.3333333333333333;-0.3333333333333333;-0.34490306441525953;0.2;0.4287465522525282
0.08823529411764705;0.10714285714285714;0.04826254826254826;0.08823529411764705;0.016666666666666666;0.3177570093457944;0.05932203389830508;0.20125786163522014;0.125;0.3948397185301016;0.728;-0.6285714285714287;0.0;0.7421243378868132;10;0.019811320754717004;0.06249999999999999;0.064;0.088;0.10714285714285714;0.1607142857142857;0.21428571428571427;0.21428571428571427;0.21428571428571427;0.014545454545454549;0.0;0.2;0.0;-0.25;-0.5;0.375;0.25;0.8888888888888888;0.6363636363636364;0.3333333333333333;-0.4366008698561391;-1.1284982850325598;-1.1488376856118787;-0.38207234920758537;-1.0126140633387009;-1.2481217807814706;0.1095890410958904;0.0;-0.7745901639344263;-1.8392857142857144;0.13461538461538464;-0.26668931544080166;0.11538461538461539;0.1607142857142857;0.15865384615384617;-0.24821605997651527;0.11538461538461539;0.21428571428571427;0.12997653422423733;-0.39024390243902435;0.11538461538461539;0.13725490196078433;-0.31882000315507186;-0.7385498446431535;-1.0529904093210205;-0.42735389610389607;0.0;0.1286;-0.5453197654828492;-0.3333333333333333;0.1337863167760075;-0.562941374285394;-0.5;0.3333333333333333;0.45454545454545453;-0.14285714285714285;0.7457121551081283;-0.5248902939649887;0.75;0.0;0.8175873450831413;0.9166666666666666;0.1724800878879429;0.0;0.4807692307692307;-0.3390245769849169;0.6263565891472868;-0.09090909090909091;-0.17647058823529413;-0.3131644223954642;0.34883720930232553;0.0;0.0;0.0;0.0;0.3;-0.5481706973335587;0.4683544303797469;0.0;-0.2801570306923626;0.3333333333333333;0.3333333333333333;-0.42589118198874293;0.2;0.29482071713147406
0.11764705882352941;0.05357142857142857;0.05405405405405406;0.11764705882352941;0.016666666666666666;0.3177570093457944;0.07627118644067797;0.25157232704402516;0.25;0.46364347146207974;0.815;-0.642857142857143;0.0;0.7412879843880678;10;0.019811320754717004;0.07291666666666666;0.096;0.064;0.10714285714285714;0.10714285714285714;0.1607142857142857;0.21428571428571427;0.21428571428571427;0.014545454545454549;0.14814814814814814;0.0;0.16666666666666666;-0.25;-0.5;0.125;0.375;0.2222222222222222;0.6363636363636364;0.3333333333333333;-0.041485446637671355;-0.8201024009544168;-1.0217716333845364;-0.38207234920758537;-0.7952227589908748;-1.0886781929726717;0.1095890410958904;0.0;-0.7745901639344263;-1.8392857142857144;0.09615384615384616;-0.26668931544080166;0.057692307692307696;0.10714285714285714;0.13846153846153847;-0.04985999458043549;0.057692307692307696;0.21428571428571427;0.10909597104561906;-0.22442044853885068;0.057692307692307696;0.13725490196078433;-0.5423568386180786;-0.6749839899433124;-1.0189015238240606;-0.2556818181818181;0.25;0.18860000000000002;-0.47523418020082214;0.0;0.2040768509840675;-0.5046519448492323;-0.25;0.3333333333333333;0.45454545454545453;-0.14285714285714285;0.6817939703845745;-0.5879299768791584;0.75;0.0;0.7428535841066203;0.9166666666666666;0.17440263663828626;0.0;0.0;-0.3390245769849169;0.6651162790697673;0.09090909090909091;0.058823529411764705;-0.5302976612331679;0.34883720930232553;0.0;0.0;0.0;-0.6;-0.3;-0.5481706973335587;0.4683544303797469;-0.6;-0.2801570306923626;0.3333333333333333;0.0;-0.42589118198874293;0.6;0.21912350597609567
0.14705882352941174;0.08928571428571427;0.06370656370656372;0.14705882352941177;0.016666666666666666;0.29906542056074764;0.08898305084745763;0.3018867924528302;0.25;0.5144644253322908;0.874;-0.7285714285714286;0.0;0.7398940618901584;10;0.019811320754717004;0.09375;0.11200000000000002;0.096;0.05357142857142857;0.10714285714285714;0.10714285714285714;0.21428571428571427;0.21428571428571427;0.014545454545454549;0.2962962962962963;0.2;0.0;-0.25;-0.5;0.25;0.125;0.3333333333333333;0.6363636363636364;0.3333333333333333;-0.4366008698561391;-0.6419446239498933;-0.9483666154633894;-0.3108913204314474;-0.6055645016997672;-0.9495751451724025;0.1095890410958904;0.0;-0.7745901639344263;-1.8392857142857144;0.08975;-0.33599456429420743;0.057692307692307696;0.10714285714285714;0.13140384615384618;-0.13368259416493544;0.057692307692307696;0.21428571428571427;0.10179771705842579;-0.29449520501396953;0.057692307692307696;0.13725490196078433;-0.6278592837987065;-0.5814378216835463;-0.968734895316594;-0.2556818181818181;0.25;0.162;-0.4808949390120628;0.0;0.17291471415182755;-0.5093599372267684;-0.25;0.2778333333333333;0.45454545454545453;-0.2857142857142857;0.6391818472355385;-0.6341716604539237;0.75;0.0;0.6930310767889395;0.9166666666666666;0.16506454270804732;-0.6060606060606062;-0.4807692307692307;-0.3390245769849169;0.6263565891472868;0.0;-0.11764705882352941;-0.544029057406095;0.35348837209302325;0.0;0.0;0.0;0.4;0.5;-0.37115959185974406;0.4936708860759494;0.4;-0.352962169878658;-0.6666666666666666;-0.5;-0.2454659161976235;0.0;0.17407293901317808
0.1764705882352941;0.03571428571428571;0.06756756756756757;0.13122171945701358;0.016666666666666666;0.3177570093457944;0.10169491525423728;0.4025157232704403;0.25;0.5535574667709147;0.926;-0.7;0.6617647058823529;0.7393364928909945;10;0.019811320754717004;0.109375;0.14400000000000002;0.11200000000000002;0.08928571428571427;0.05357142857142857;0.10714285714285714;0.21428571428571427;0.21428571428571427;0.014545454545454549;0.0;0.4;0.16666666666666666;-0.25;-0.5;0.25;0.25;0.1111111111111111;0.6363636363636364;0.3333333333333333;-0.4366008698561391;-0.39399512849828516;-0.8462058371735788;-0.39063899380865236;-0.42771515476829475;-0.8191332305370559;0.1095890410958904;0.0;-0.7745901639344263;-1.8392857142857144;0.06409615384615386;-0.33599456429420743;0.038461538461538464;0.08928571428571427;0.1181346153846154;-0.044440429952127256;0.038461538461538464;0.21428571428571427;0.08807620411247662;-0.21988975307709727;0.038461538461538464;0.13725490196078433;-0.6964820949676607;-0.5293517705936766;-0.9408023607825179;-0.19277597402597396;0.25;0.14279999999999998;-0.4887121773704427;0.0;0.15042174320524834;-0.5158614505100326;-0.25;0.3333333333333333;0.5454545454545454;-0.2857142857142857;0.6087141791839779;-0.6700325579200681;0.75;0.0;0.6574079840567978;0.9166666666666666;0.1765998352101072;0.0;0.4807692307692307;-0.3390245769849169;0.6263565891472868;0.0;-0.058823529411764705;-0.5815024805102764;0.34883720930232553;0.0;0.0;0.0;-0.6;-0.5;-0.287727605840239;0.4936708860759494;-0.6;-0.352962169878658;0.0;0.3333333333333333;-0.30925578486554095;-0.2;0.14863622433343546
0.20588235294117646;0.0;0.06756756756756757;0.20588235294117646;0.016666666666666666;0.27102803738317754;0.11864406779661017;0.4025157232704403;0.25;0.5840500390930414;0.959;-0.7857142857142858;0.6568627450980392;0.7393364928909945;10;0.019811320754717004;0.125;0.168;0.14400000000000002;0.03571428571428571;0.08928571428571427;0.05357142857142857;0.21428571428571427;0.21428571428571427;0.014545454545454549;0.0;0.0;0.3333333333333333;-0.25;-0.5;0.25;0.25;0.2222222222222222;0.6363636363636364;0.3333333333333333;-0.4366008698561391;-0.46875776706268335;-0.7725550435227851;-0.3108913204314474;-0.20137770620862402;-0.6642826678914734;0.1095890410958904;1.155;0.0;-0.5767857142857145;0.04486538461538462;0.0;0.0;0.08928571428571427;0.08517307692307693;-0.2048595429500497;0.0;0.1607142857142857;0.07280356361611581;-0.09423846560447023;0.0;0.13725490196078433;-1.0831361413472156;-0.786366547283034;-0.9363758935612708;-0.42735389610389607;0.0;0.1714;-0.4970685356156075;0.0;0.16307403936269915;-0.5255016253783209;-0.25;0.3333333333333333;0.5454545454545454;-0.2857142857142857;0.42612123149035896;-1.0027839380927668;0.75;-0.7142857142857143;0.6307529426418386;0.9166666666666666;0.1601208459214502;-0.6060606060606062;-0.4807692307692307;-0.3390245769849169;0.6263565891472868;0.09090909090909091;0.0;-0.5815024805102764;0.35348837209302325;-2.0;-2.0;1.0;-0.4;0.1;-0.3420711426799707;0.44303797468354433;-0.4;0.0;0.3333333333333333;0.16666666666666666;-0.30925578486554095;0.4;0.12902237205026054
0.23529411764705882;0.0;0.06756756756756757;0.2352941176470588;0.016666666666666666;0.2803738317757009;0.1271186440677966;0.4025157232704403;0.0;0.6082877247849882;1.002;-0.6142857142857144;0.6715686274509803;0.7393364928909945;10;0.019811320754717004;0.14583333333333334;0.19200000000000003;0.168;0.0;0.03571428571428571;0.08928571428571427;0.1607142857142857;0.21428571428571427;0.014545454545454549;0.14814814814814814;0.0;0.0;0.0;-0.5;0.25;0.25;0.2222222222222222;0.09090909090909091;0.3333333333333333;0.02676480428236871;-0.30968832330864465;-0.6366410650281615;-0.38207234920758537;-0.24199320093039883;-0.5510317902955939;0.1095890410958904;1.155;0.22540983606557374;-0.26428571428571435;0.012826923076923078;-0.46271445558009155;0.0;0.03571428571428571;0.06044230769230769;-0.3428777888176317;0.0;0.10714285714285714;0.06093147198027282;-0.04228649097636478;0.0;0.13725490196078433;-1.2653415365199558;-0.99594411897251;-0.9417690605204913;-0.42735389610389607;0.0;0.14279999999999998;-0.4887121773704427;0.0;0.14690721649484537;-0.529537047416209;-0.25;0.22216666666666665;0.36363636363636365;-0.2857142857142857;0.36518589538723767;-0.9321945925541455;0.6666666666666666;-0.7142857142857143;0.5545245064457869;0.8333333333333334;0.19500137324910743;0.6060606060606062;0.9615384615384615;-0.015312763188117244;0.6651162790697673;-0.09090909090909091;-0.17647058823529413;-0.544029057406095;0.34883720930232553;0.0;2.0;1.0;0.0;0.2;-0.5941710355713399;0.4810126582278481;0.0;-0.48608137044967875;-0.3333333333333333;-0.3333333333333333;-0.47435897435897434;0.2;0.11768311369904996
0.2647058823529412;0.05357142857142857;0.07335907335907337;0.2647058823529411;0.016666666666666666;0.22429906542056074;0.1440677966101695;0.4025157232704403;0.0;0.6317435496481626;1.03;-0.642857142857143;0.6887254901960784;0.738500139392249;10;0.019811320754717004;0.15625;0.224;0.19200000000000003;0.0;0.0;0.03571428571428571;0.10714285714285714;0.21428571428571427;0.014545454545454549;0.0;0.2;0.0;-0.25;-0.5;0.0;0.25;0.2222222222222222;0.18181818181818182;0.3333333333333333;0.02676480428236871;-0.34806382661430646;-0.5386584741423449;-0.38207234920758537;-0.20137770620862402;-0.4138971818509892;0.1095890410958904;0.0;0.32069672131147536;-0.1142857142857144;0.019230769230769232;-0.26668931544080166;0.0;0.05357142857142857;0.0521923076923077;-0.45885647186342693;0.0;0.10714285714285714;0.05739171936523087;-0.09907120743034051;0.0;0.13725490196078433;-0.9921123205552926;-1.1546690069021133;-0.9360197410262279;-0.42735389610389607;0.0;0.14279999999999998;-0.4887121773704427;0.0;0.1337863167760075;-0.5337966595673131;-0.25;0.11116666666666668;0.36363636363636365;-0.2857142857142857;0.27399595184830083;-0.9321945925541455;0.6666666666666666;-0.8571428571428571;0.49374104751821646;0.8333333333333334;0.1790716836034057;-0.6060606060606062;-0.9615384615384615;0.10320802388791064;0.6651162790697673;0.09090909090909091;0.058823529411764705;-0.5302976612331679;0.34883720930232553;0.0;0.0;1.0;0.6;0.3;-0.37115959185974406;0.5443037974683544;0.6;-0.2801570306923626;0.0;0.16666666666666666;-0.47435897435897434;0.0;0.10389212381244253
0.29411764705882354;0.07142857142857142;0.08108108108108109;0.2941176470588235;0.016666666666666666;0.22429906542056074;0.1694915254237288;0.4276729559748428;0.25;0.6473807662236122;1.054;-0.5857142857142859;0.7083333333333334;0.737385001393922;10;0.019811320754717004;0.17708333333333334;0.24000000000000002;0.224;0.05357142857142857;0.0;0.0;0.10714285714285714;0.21428571428571427;0.014545454545454549;0.0;0.0;0.16666666666666666;0.0;-0.5;0.0;0.0;0.2222222222222222;0.0;0.3333333333333333;0.008029441284710613;-0.19177809812596333;-0.39864823348694284;-0.07398465791830532;-0.0956342816246197;-0.21902168564023478;0.1095890410958904;0.0;0.32069672131147536;-0.037500000000000235;0.04486538461538462;-0.14778325123152708;0.0;0.07142857142857142;0.046711538461538464;-0.5986812392737784;0.0;0.08928571428571427;0.056297975579684204;-0.15736615570490067;0.0;0.13725490196078433;-0.7113109323237103;-1.1806645952420483;-0.9156681675952071;-0.661525974025974;-0.25;0.11440000000000002;-0.4887121773704427;0.0;0.12324273664479848;-0.5380562717184173;-0.25;0.11116666666666668;0.36363636363636365;-0.2857142857142857;0.3044636198998615;-0.9274760534138633;0.6666666666666666;-0.8571428571428571;0.4892570218596251;0.8333333333333334;0.17962098324636094;0.581818181818182;0.9423076923076923;0.09432662123880264;0.6635658914728682;0.2727272727272727;0.058823529411764705;-0.45543940467753363;0.3674418604651163;0.0;0.0;0.0;0.2;-0.2;-0.5941710355713399;0.5569620253164558;0.2;-0.15524625267665954;0.0;0.0;-0.6066291432145091;0.2;0.09561752988047809
0.32352941176470584;0.08928571428571427;0.09073359073359073;0.32352941176470584;0.016666666666666666;0.18691588785046728;0.1610169491525424;0.3018867924528302;-0.625;0.6630179827990618;1.089;-0.3714285714285715;0.7279411764705882;0.7359910788960127;10;0.019811320754717004;0.20833333333333334;0.272;0.24000000000000002;0.07142857142857142;0.05357142857142857;0.0;0.05357142857142857;0.21428571428571427;0.014545454545454549;0.0;0.0;0.0;0.25;-0.5;0.25;0.0;0.0;0.09090909090909091;0.3333333333333333;0.37303445968551363;-0.010041258636973615;-0.263143881208397;-0.38207234920758537;-0.20012524601896567;-0.1443522194153735;0.1095890410958904;0.0;0.22540983606557374;0.0;0.07692307692307693;-0.515372855444199;0.057692307692307696;0.08928571428571427;0.0521923076923077;-0.5134134224550628;0.0;0.08928571428571427;0.05705365310424372;-0.20780789851242157;0.0;0.13725490196078433;-0.5540306041962455;-1.1158653732122104;-0.8775598463456203;-0.661525974025974;-0.25;0.05720000000000001;-0.5989621942179392;-0.3333333333333333;0.11433926897844424;-0.5423158838695215;-0.25;-0.16666666666666666;-0.09090909090909091;-0.2857142857142857;0.091403004154682;-0.6260557731326383;0.25;-0.8571428571428571;0.34003861244317124;0.4166666666666667;0.22109310628948098;0.0;-0.4615384615384615;-0.030625526376234488;0.7023255813953488;-0.45454545454545453;-0.5294117647058824;-0.2638199858256555;0.3395348837209302;0.0;0.0;0.0;0.2;0.0;-0.6782794971531652;0.5316455696202532;0.2;-0.5413990007137758;0.0;0.0;-0.7870544090056285;0.2;0.08887526815813665
0.3529411764705882;0.10714285714285714;0.10231660231660232;0.35746606334841624;0.016666666666666666;0.1308411214953271;0.1398305084745763;-0.050314465408805034;-1.5;0.6763096168881938;1.138;0.0857142857142857;0.7475490196078431;0.7343183718985218;10;0.019811320754717004;0.19791666666666666;0.32000000000000006;0.272;0.08928571428571427;0.07142857142857142;0.05357142857142857;0.08928571428571427;0.21428571428571427;0.014545454545454549;0.0;0.0;0.0;-0.25;-0.5;-0.625;0.25;0.0;0.09090909090909091;0.3333333333333333;-0.02475744396119098;0.06810160560719777;-0.1296876600102405;-0.2962501460223512;-0.45920558239398807;-0.15931235851842115;0.1095890410958904;0.0;0.0;0.0142857142857143;0.09615384615384616;-0.515372855444199;0.07692307692307693;0.10714285714285714;0.0549423076923077;-0.44042995212717917;0.0;0.10714285714285714;0.05922125442469077;-0.24556369402703307;0.0;0.13725490196078433;-0.3964347688909924;-0.9204240886126989;-0.8194052252664783;-0.661525974025974;-0.25;0.05720000000000001;-0.5989621942179392;-0.3333333333333333;0.10684161199625117;-0.5465754960206256;-0.25;-0.8333333333333334;-0.7272727272727273;-0.2857142857142857;-0.33471822733567697;-0.12570188269711705;-0.3333333333333333;-0.8571428571428571;0.07971601170828924;-0.16666666666666666;0.29579785773139256;0.024242424242424163;0.019230769230769232;-0.3650562744047163;0.6666666666666666;-0.7272727272727273;-0.23529411764705882;-0.1288979447200567;0.2883720930232558;0.0;0.0;0.0;0.2;0.0;-0.938722588646485;0.5316455696202532;0.2;-0.5413990007137758;0.0;0.0;-0.7870544090056285;0.2;0.0793748084584738
0.38235294117647056;0.125;0.11583011583011585;0.38235294117647056;0.016666666666666666;0.07476635514018691;0.21610169491525427;-0.025157232704402517;0.125;0.6935105551211883;1.15;-0.0571428571428572;0.767156862745098;0.7323668804014494;10;0.019811320754717004;0.171875;0.30400000000000005;0.32000000000000006;0.10714285714285714;0.08928571428571427;0.07142857142857142;0.03571428571428571;0.21428571428571427;0.014545454545454549;0.0;0.0;0.0;-0.25;-0.5;-1.5;-0.625;0.2222222222222222;0.09090909090909091;0.3333333333333333;-0.02475744396119098;0.1436595913903664;0.0010650281618024926;0.5893851485534053;-0.07899445339058857;0.0835930579705391;0.1095890410958904;0.0;-0.7745901639344263;0.0142857142857143;0.11538461538461539;-0.515372855444199;0.09615384615384616;0.125;0.06867307692307693;-0.2886821425345498;0.0;0.125;0.06250248578133079;-0.26761307860756617;0.0;0.13725490196078433;-0.2389966871746333;-0.6821944451032945;-0.7400849678190744;-0.661525974025974;-0.25;0.05720000000000001;-0.5989621942179392;-0.3333333333333333;0.10028116213683223;-0.5503867279452976;-0.25;-0.8888333333333334;-0.7272727272727273;-0.42857142857142855;-0.36518589538723767;-0.14495352238946838;-0.3333333333333333;-0.8571428571428571;0.08793672541570655;-0.16666666666666666;0.18676187860477894;0.0;-0.019230769230769232;-0.7631881172957661;0.6666666666666666;1.3636363636363635;1.2941176470588236;0.4750177179305457;0.38139534883720927;0.0;0.0;0.0;0.2;0.0;-0.938722588646485;0.5316455696202532;0.2;-0.5413990007137758;0.0;0.0;-0.7870544090056285;0.2;0.06742261722341406
0.4117647058823529;0.07142857142857142;0.12355212355212356;0.4117647058823529;-0.31666666666666665;0.056074766355140186;0.2330508474576271;0.0;0.125;0.7021110242376857;1.161;-0.0571428571428572;0.7843137254901961;0.7312517424031224;10;0.019811320754717004;0.26562499999999994;0.264;0.30400000000000005;0.125;0.10714285714285714;0.08928571428571427;0.0;0.21428571428571427;0.014545454545454549;0.0;0.0;0.0;0.0;-0.5;0.125;-1.5;-0.5555555555555556;0.09090909090909091;0.3333333333333333;-0.041485446637671355;0.06909578963066067;0.038996415770609534;0.9674078112223045;0.22946859903381653;0.26888881598372777;0.1095890410958904;1.155;0.0;0.42321428571428554;0.10898076923076923;-0.33599456429420743;0.07692307692307693;0.125;0.07967307692307693;-0.4664438623430585;0.0;0.125;0.05114743666229167;-0.485992599864079;0.0;0.07843137254901959;-0.3869695535573436;-0.5421598159436445;-0.7637945508662137;-0.42735389610389607;-0.25;0.0;-0.5989621942179392;-0.6666666666666666;0.08364573570759137;-0.529537047416209;-0.25;-0.5555;-0.7272727272727273;-0.42857142857142855;-0.3956535634387983;-0.16533761147548726;-0.3333333333333333;-0.8571428571428571;-0.03661954287849537;-0.16666666666666666;0.18676187860477894;0.0;0.0;-0.7631881172957661;0.6651162790697673;0.09090909090909091;-0.8823529411764706;0.39413536498936924;0.4232558139534883;-2.0;-2.0;1.0;-0.6;-0.4;-0.41806189751395223;0.4810126582278481;-0.6;-0.352962169878658;-0.3333333333333333;-0.16666666666666666;-0.6066291432145091;0.0;0.06466441924609254
0.4411764705882353;0.125;0.13706563706563707;0.4434389140271493;0.016666666666666666;0.06542056074766354;0.2796610169491526;0.25157232704402516;1.125;0.7099296325254105;1.162;-0.1857142857142858;0.8014705882352942;0.7293002509060491;10;0.21792452830188677;0.2864583333333333;0.40800000000000003;0.264;0.07142857142857142;0.125;0.10714285714285714;0.0;0.1607142857142857;0.04727272727272728;-0.14814814814814814;0.0;0.0;-0.25;0.0;0.125;0.125;-1.3333333333333333;-0.09090909090909091;-0.3333333333333333;0.39076614252258285;0.22498384450961859;0.10904249871991832;0.3518554573420039;0.7501341921631778;0.5011646599521015;0.1643835616438356;1.155;0.22540983606557374;0.6589285714285715;0.11538461538461539;-0.26668931544080166;0.07692307692307693;0.125;0.09890384615384616;-0.7171890524794508;0.057692307692307696;0.125;0.04830370281987033;-0.5581816808880162;0.0;0.03921568627450982;-0.3869695535573436;-0.44358530395389095;-0.7291459970999007;-0.2556818181818181;0.0;0.028600000000000004;-0.5453197654828492;-0.3333333333333333;0.08364573570759137;-0.529537047416209;-0.25;0.6111666666666666;0.45454545454545453;0.7142857142857143;-0.12165761159049748;0.1156985797197187;-0.3333333333333333;0.14285714285714285;0.08793672541570655;-0.16666666666666666;0.16478989288656964;0.6060606060606062;0.4807692307692307;-0.3390245769849169;0.703875968992248;0.7272727272727273;0.35294117647058826;-0.012491141034727146;0.39069767441860465;0.0;2.0;1.0;0.6;0.6;-0.24984497435030156;0.5063291139240507;0.6;-0.2801570306923626;0.6666666666666666;0.5;-0.30925578486554095;0.4;0.06190622126877107
0.47058823529411764;0.07142857142857142;0.1447876447876448;0.47058823529411764;0.016666666666666666;0.06542056074766354;0.24152542372881358;0.1761006289308176;-0.375;0.7177482408131353;1.182;-0.0428571428571429;0.8186274509803921;0.7281851129077221;10;0.3415094339622641;0.34374999999999994;0.44000000000000006;0.40800000000000003;0.125;0.07142857142857142;0.125;0.05357142857142857;0.10714285714285714;0.06909090909090909;0.14814814814814814;-0.2;0.0;-0.25;-0.5;1.125;0.125;0.1111111111111111;-0.09090909090909091;-0.2222222222222222;0.39076614252258285;0.18839787244618977;0.15475678443420401;0.05467076827226355;0.6692610484881018;0.49394704898133285;0.1917808219178082;0.0;0.32069672131147536;0.7678571428571428;0.09615384615384616;-0.26668931544080166;0.07692307692307693;0.125;0.10165384615384615;-0.7872820883389035;0.07692307692307693;0.125;0.045459968977448986;-0.5772106018273804;0.0;0.03921568627450982;-0.3869695535573436;-0.4298285145039254;-0.6844234144852323;-0.2556818181818181;0.0;0.028600000000000004;-0.5453197654828492;-0.3333333333333333;0.08364573570759137;-0.529537047416209;-0.25;0.38883333333333336;0.09090909090909091;0.7142857142857143;-0.21306061574517948;0.12589062426272823;-0.3333333333333333;0.14285714285714285;-0.01868344024413029;-0.16666666666666666;0.2274100521834661;0.0;-0.4807692307692307;-0.3390245769849169;0.703875968992248;-1.0909090909090908;-1.2352941176470589;0.2664776754075123;0.3302325581395349;0.0;0.0;1.0;-0.6;-0.6;-0.15761880602063252;0.5063291139240507;-0.6;-0.2801570306923626;-0.3333333333333333;-0.5;-0.2454659161976235;0.4;0.06190622126877107
0.5;0.05357142857142857;0.15057915057915058;0.5;-0.31666666666666665;0.06542056074766354;0.2669491525423729;0.1761006289308176;0.0;0.7255668491008601;1.197;0.0285714285714286;0.8406862745098039;0.7273487594089767;10;0.4462264150943396;0.29687499999999994;0.528;0.44000000000000006;0.07142857142857142;0.125;0.07142857142857142;0.07142857142857142;0.10714285714285714;0.09090909090909091;0.0;0.2;-0.16666666666666666;-0.25;0.0;-0.375;1.125;0.1111111111111111;0.09090909090909091;-0.4444444444444444;-0.041485446637671355;0.2227966396580007;0.19924219150025618;-0.14407538647248938;0.7422615852567543;0.5062826022768283;0.2465753424657534;0.0;0.32069672131147536;0.7678571428571428;0.08975;-0.14778325123152708;0.057692307692307696;0.125;0.09890384615384616;-0.7171890524794508;0.057692307692307696;0.125;0.04120431133914011;-0.5962395227667446;0.0;0.03921568627450982;-0.7113109323237103;-0.49842271293375384;-0.6369024905237985;-0.2556818181818181;0.0;0.0;-0.5148594918795066;-0.3333333333333333;0.05014058106841612;-0.5196726824347047;-0.25;0.3333333333333333;0.09090909090909091;0.7142857142857143;-0.27399595184830083;0.10531779361109798;-0.3333333333333333;0.14285714285714285;-0.03661954287849537;-0.16666666666666666;0.2147761603954958;0.0;0.0;-0.3390245769849169;0.6651162790697673;0.2727272727272727;0.8235294117647058;0.2894223954642097;0.3069767441860465;0.0;0.0;0.0;-0.2;0.2;-0.24984497435030156;0.4556962025316456;-0.2;-0.15524625267665954;-0.3333333333333333;0.0;-0.2454659161976235;-0.2;0.05730922463990193
0.5294117647058824;0.125;0.1640926640926641;0.5294117647058824;0.016666666666666666;0.056074766355140186;0.2923728813559322;0.22641509433962265;0.375;0.7333854573885847;1.207;0.0285714285714286;0.9264705882352942;0.7253972679119034;10;0.5283018867924527;0.32812499999999994;0.45600000000000007;0.528;0.05357142857142857;0.07142857142857142;0.125;0.08928571428571427;0.05357142857142857;0.10181818181818184;-0.14814814814814814;0.0;0.16666666666666666;-0.25;0.5;0.0;-0.375;1.0;-0.5454545454545454;-0.3333333333333333;-0.02475744396119098;0.2227966396580007;0.24364567332309298;0.07663252988590788;0.698783324387189;0.5645484072044881;0.2876712328767123;0.0;0.22540983606557374;0.6589285714285715;0.08975;-0.14778325123152708;0.057692307692307696;0.125;0.10440384615384617;-0.6651612320476922;0.057692307692307696;0.125;0.046871892773336504;-0.5521407536056784;0.0;0.03921568627450982;-0.4557501183151918;-0.5364673513436589;-0.575389859828538;-0.42735389610389607;-0.25;0.0;-0.5148594918795066;-0.3333333333333333;0.016635426429240853;-0.5678735567761461;-0.5;0.0;0.09090909090909091;-0.14285714285714285;-0.030467668051560665;0.09399329967442069;-0.3333333333333333;0.14285714285714285;-0.01868344024413029;-0.16666666666666666;0.20433946717934642;0.024242424242424163;0.019230769230769232;-0.7631881172957661;0.6666666666666666;0.2727272727272727;-0.058823529411764705;0.13456768249468462;0.3767441860465116;0.0;0.0;0.0;0.8;0.5;-0.12559896273747118;0.5443037974683544;0.8;-0.15524625267665954;0.3333333333333333;0.3333333333333333;-0.42589118198874293;0.2;0.05393809377873124
0.5588235294117647;0.08928571428571427;0.17374517374517376;0.5588235294117646;-0.31666666666666665;0.037383177570093455;0.288135593220339;0.7295597484276729;-0.125;0.743549648162627;1.224;0.0857142857142857;0.9387254901960784;0.7240033454139949;10;0.5839622641509433;0.35937499999999994;0.504;0.45600000000000007;0.125;0.05357142857142857;0.07142857142857142;0.10714285714285714;0.08928571428571427;0.12;0.0;-0.2;0.0;-0.25;-0.5;0.375;0.0;-0.3333333333333333;-1.1818181818181819;-0.3333333333333333;0.40615590498494497;0.3035243823631755;0.2861648745519715;-0.3571512012772089;-0.2087135444623366;0.5447327843574686;0.3287671232876712;0.0;0.0;0.42321428571428554;0.09615384615384616;-0.17564124341769993;0.057692307692307696;0.125;0.10165384615384615;-0.6702194923674465;0.057692307692307696;0.125;0.046871892773336504;-0.5521407536056784;0.0;0.03921568627450982;-0.3144029026660358;-0.5670169113635825;-0.5070594520338854;-0.42735389610389607;-0.25;-0.028600000000000004;-0.4970685356156075;-0.3333333333333333;0.0;-0.5541979598699698;-0.5;0.11116666666666668;0.2727272727272727;-0.14285714285714285;0.3044636198998615;-0.39012881611852984;0.4166666666666667;0.14285714285714285;-0.0719935230740487;-0.16666666666666666;0.23510024718483935;0.6060606060606062;0.4615384615384615;-0.3475997243702626;0.7054263565891472;-0.36363636363636365;-0.47058823529411764;-0.27462792345854;0.3441860465116279;0.0;0.0;0.0;-0.4;-0.6;-0.21376627769321838;0.5316455696202532;-0.4;-0.1845110635260528;-0.3333333333333333;-0.3333333333333333;-0.42589118198874293;0.2;0.05209929512718356
0.5882352941176471;0.125;0.18725868725868727;0.5882352941176471;0.016666666666666666;-0.018691588785046728;0.2966101694915254;0.20125786163522014;-0.125;0.7607505863956217;1.243;0.0428571428571429;0.9485294117647058;0.7220518539169216;10;0.6330188679245282;0.35416666666666663;0.552;0.504;0.08928571428571427;0.125;0.05357142857142857;0.125;0.03571428571428571;0.1272727272727273;-0.14814814814814814;0.0;-0.16666666666666666;-0.25;-0.5;-0.125;0.375;0.0;0.0;-0.3333333333333333;0.79491468718635;0.4242183228115524;0.3457245263696878;-0.7021533429383592;-0.3964036500268383;0.5011646599521015;0.38356164383561636;0.0;-0.7745901639344263;0.0142857142857143;0.12178846153846155;-0.46271445558009155;0.09615384615384616;0.125;0.10165384615384615;-0.6702194923674465;0.057692307692307696;0.125;0.05399117050471304;-0.5397568526768859;0.0;0.03921568627450982;-0.3144029026660358;-0.5066767866037334;-0.43486224528733874;-0.2556818181818181;0.0;0.0;-0.4582519037671002;-0.3333333333333333;0.016635426429240853;-0.5400739827373613;-0.5;0.0555;0.2727272727272727;-0.14285714285714285;0.24352828379674016;-0.369178502335677;0.4166666666666667;0.14285714285714285;-0.12555271844055554;-0.16666666666666666;0.2507552870090635;0.6060606060606062;0.0;-0.3564811270193707;0.7426356589147286;-0.09090909090909091;0.11764705882352941;-0.32149184975194894;0.3255813953488372;0.0;0.0;0.0;0.4;0.4;-0.24984497435030156;0.5063291139240507;0.4;-0.48608137044967875;0.6666666666666666;0.5;-0.30925578486554095;0.4;0.048421697824088256
0.6176470588235294;0.03571428571428571;0.19111969111969113;0.6176470588235294;0.016666666666666666;-0.11214953271028037;0.2966101694915254;0.12578616352201258;-0.375;0.6379984362783424;1.264;2.585714285714286;0.9583333333333334;0.7214942849177586;10;0.6641509433962263;0.3645833333333333;0.544;0.552;0.125;0.08928571428571427;0.125;0.07142857142857142;0.0;0.1272727272727273;0.14814814814814814;-0.2;0.0;-0.5;0.0;-0.125;-0.125;0.3333333333333333;0.0;-0.3333333333333333;0.39076614252258285;0.4242183228115524;0.3657142857142859;-0.6780109808808068;-0.6116478797638217;0.4291197795347924;0.4109589041095891;1.155;0.0;0.42321428571428554;0.08975;0.0;0.038461538461538464;0.125;0.09615384615384616;-0.5336464637340801;0.038461538461538464;0.125;0.056815018096488076;-0.611945933700823;0.0;0.03921568627450982;-0.5197980754062156;-0.556390977443609;-0.4047419166094277;-0.2556818181818181;0.0;0.028600000000000004;-0.4808949390120628;-0.3333333333333333;0.0;-0.5541979598699698;-0.5;-0.2778333333333333;0.09090909090909091;-0.7142857142857143;0.12165761159049748;-0.3119898079554571;0.4166666666666667;0.14285714285714285;-0.2144858940026157;-0.16666666666666666;0.2677835759406757;0.0;-0.4807692307692307;-0.3390245769849169;0.703875968992248;-0.2727272727272727;-0.17647058823529413;-0.4972537207654146;0.3302325581395349;-2.0;-2.0;1.0;-1.0;-0.7;-0.14679519702350755;0.4683544303797469;-1.0;0.0;-0.3333333333333333;-0.5;-0.2454659161976235;0.4;0.04474410052099298
0.6470588235294118;0.017857142857142856;0.19305019305019305;0.6470588235294117;-0.31666666666666665;-0.18691588785046728;0.3177966101694915;0.12578616352201258;0.0;0.794370602032838;1.281;-0.0285714285714286;0.9656862745098039;0.7212155004181762;10;0.7047169811320754;0.3645833333333333;0.56;0.544;0.03571428571428571;0.125;0.08928571428571427;0.125;0.0;0.1272727272727273;0.0;0.2;-0.16666666666666666;0.0;-0.5;-0.375;-0.125;-0.1111111111111111;0.7272727272727273;-0.5555555555555556;-0.02475744396119098;0.46338917333598467;0.39848438300051237;-0.4082395545344808;-0.42252639112542484;0.3611430071191892;0.4520547945205479;1.155;0.22540983606557374;0.6589285714285715;0.06409615384615386;0.23713266519449627;0.019230769230769232;0.125;0.07967307692307693;-0.44042995212717917;0.019230769230769232;0.125;0.0582468281430219;-0.6581590274107073;0.019230769230769232;0.03921568627450982;-1.0242940526896986;-0.6248903014634377;-0.42290569589661403;-0.2556818181818181;0.0;-0.028600000000000004;-0.4970685356156075;-0.3333333333333333;-0.01686972820993441;-0.5436610245488174;-0.5;-0.22216666666666665;0.09090909090909091;-0.5714285714285714;-0.15212527964205816;-0.7230689378568397;0.4166666666666667;-0.7142857142857143;-0.2144858940026157;-0.16666666666666666;0.2595440812963472;0.024242424242424163;0.019230769230769232;-0.3475997243702626;0.6666666666666666;0.18181818181818182;0.23529411764705882;-0.4096385542168675;0.3441860465116279;0.0;2.0;1.0;-0.2;0.4;-0.14679519702350755;0.43037974683544306;-0.2;0.24910778015703067;-0.3333333333333333;0.0;-0.2454659161976235;-0.2;0.04045357033404842
0.676470588235294;0.03571428571428571;0.1969111969111969;0.676470588235294;0.016666666666666666;-0.2803738317757009;0.326271186440678;0.12578616352201258;0.0;0.8123534010946052;1.3;-0.0857142857142857;0.9730392156862745;0.7206579314190131;10;0.731132075471698;0.39062499999999994;0.56;0.56;0.017857142857142856;0.03571428571428571;0.125;0.07142857142857142;0.05357142857142857;0.13818181818181818;-0.14814814814814814;0.0;0.16666666666666666;-0.25;-0.5;0.0;-0.375;-0.1111111111111111;-0.36363636363636365;-0.5555555555555556;0.40615590498494497;0.5387483223144606;0.4171633384536612;-0.2962501460223512;-0.6354446233673287;0.28949181457301293;0.4520547945205479;0.0;0.32069672131147536;0.7678571428571428;0.03205769230769231;-0.6590793273314081;0.019230769230769232;0.03571428571428571;0.07417307692307692;-0.3905699575467437;0.019230769230769232;0.125;0.056815018096488076;-0.6339953182813561;0.019230769230769232;0.03921568627450982;-1.0242940526896986;-0.7398780863831502;-0.46655982090615367;-0.2556818181818181;0.0;0.0;-0.4582519037671002;-0.3333333333333333;0.0;-0.528640286963345;-0.5;-0.16666666666666666;0.09090909090909091;-0.5714285714285714;-0.06093533610312133;-0.7721417449157744;0.4166666666666667;-0.7142857142857143;-0.2144858940026157;-0.16666666666666666;0.27355122219170563;0.6060606060606062;0.4615384615384615;-0.3475997243702626;0.7054263565891472;-0.09090909090909091;-0.23529411764705882;-0.4096385542168675;0.35348837209302325;0.0;0.0;1.0;0.2;0.2;-0.24984497435030156;0.5063291139240507;0.2;-0.6923625981441827;0.6666666666666666;0.5;-0.2454659161976235;0.4;0.037388905914802345
0.7058823529411764;0.05357142857142857;0.20270270270270271;0.7058823529411765;-1.6500000000000001;-0.48598130841121495;0.3347457627118644;0.10062893081761007;0.0;0.8295543393275995;1.311;-0.2428571428571428;0.9803921568627451;0.7198215779202668;10;0.7537735849056603;0.40104166666666663;0.6000000000000001;0.56;0.03571428571428571;0.017857142857142856;0.03571428571428571;0.05357142857142857;0.07142857142857142;0.15272727272727274;0.14814814814814814;-0.2;0.0;-0.5;-0.5;0.0;0.0;-0.3333333333333333;-0.09090909090909091;-0.3333333333333333;-0.4366008698561391;0.13630262961674194;0.3542447516641066;-0.5463961683735058;-0.6810699588477366;0.25248515468652627;0.4520547945205479;0.0;0.32069672131147536;0.7678571428571428;0.038461538461538464;-0.515372855444199;0.019230769230769232;0.05357142857142857;0.07417307692307692;-0.3905699575467437;0.019230769230769232;0.125;0.05540309430060056;-0.6225175564449141;0.019230769230769232;0.03921568627450982;-0.8682757532733871;-0.9233651953226916;-0.5244600473174081;1.7163149350649352;0.0;-0.2572;0.3415324482781858;-0.3333333333333333;-0.1675257731958763;-0.07555206815379446;-0.5;0.0;0.36363636363636365;-0.5714285714285714;-0.06093533610312133;-0.7721417449157744;0.4166666666666667;-0.7142857142857143;-0.25010898673475745;-0.16666666666666666;0.24855808843724259;-2.4242424242424248;-2.4038461538461537;1.250746497205421;0.5488372093023255;-0.09090909090909091;-0.058823529411764705;-0.47918143160878807;0.3395348837209302;0.0;0.0;0.0;0.2;0.0;-0.6782794971531652;0.5316455696202532;0.2;-0.5413990007137758;-3.6666666666666665;-2.1666666666666665;1.3414634146341466;-1.6;0.033711308611707014
0.7352941176470588;0.08928571428571427;0.21235521235521237;0.7352941176470588;-1.6500000000000001;-0.719626168224299;0.3432203389830509;0.10062893081761007;0.0;0.8475371383893666;1.322;-0.4142857142857144;0.9852941176470588;0.7184276554223583;10;0.7867924528301885;0.4114583333333333;0.616;0.6000000000000001;0.05357142857142857;0.03571428571428571;0.017857142857142856;0.125;0.08928571428571427;0.17090909090909093;-1.4814814814814814;0.2;-0.16666666666666666;-0.25;-0.5;0.0;0.0;0.0;0.18181818181818182;-1.1111111111111112;-0.7484108397457343;-0.3067057712382563;0.28886840757808524;-0.5463961683735058;-0.5610127035247807;0.11495685837078855;0.4520547945205479;0.0;0.22540983606557374;0.6589285714285715;0.06409615384615386;-0.33599456429420743;0.038461538461538464;0.08928571428571427;0.06867307692307693;-0.5094390750609701;0.019230769230769232;0.125;0.05540309430060056;-0.6225175564449141;0.019230769230769232;0.03921568627450982;-0.6278592837987065;-0.9912952728825216;-0.579256658780432;2.0405844155844157;0.0;-0.5714;0.699777613046701;-0.3333333333333333;-0.3514526710403;0.17240219706310955;-0.5;0.0;0.36363636363636365;-0.5714285714285714;-0.15212527964205816;-0.901618458925117;0.4166666666666667;-1.1428571428571428;-0.16117581117269728;-0.16666666666666666;0.25487503433122777;0.0;1.923076923076923;1.244621391930174;0.5100775193798449;-0.09090909090909091;-0.058823529411764705;-0.6326187101346562;0.3395348837209302;0.0;0.0;0.0;0.4;0.1;-0.8086137888268785;0.5443037974683544;0.4;-0.352962169878658;-0.3333333333333333;1.6666666666666667;1.3414634146341466;-2.2;0.03187250996015936
0.7647058823529411;0.08928571428571427;0.222007722007722;0.7466063348416289;-1.6500000000000001;-0.9252336448598131;0.3559322033898305;0.12578616352201258;0.125;0.8639562157935887;1.333;-0.5571428571428572;0.9901960784313726;0.7170337329244489;10;0.8330188679245282;0.42187499999999994;0.632;0.616;0.08928571428571427;0.05357142857142857;0.03571428571428571;0.08928571428571427;0.10714285714285714;0.19272727272727275;-1.6296296296296295;-2.0;0.16666666666666666;-0.5;-0.5;0.0;0.0;0.0;-0.18181818181818182;-1.8888888888888888;-0.02475744396119098;-0.5938261172142966;0.2226728110599081;-0.4658697091234766;-0.508409375559134;-0.2736130704373215;0.6986301369863013;0.0;0.0;0.42321428571428554;0.08332692307692309;-0.46271445558009155;0.057692307692307696;0.08928571428571427;0.06867307692307693;-0.5094390750609701;0.019230769230769232;0.125;0.05399117050471304;-0.6339953182813561;0.019230769230769232;0.03921568627450982;-0.47657359204921923;-0.9735537582125661;-0.6219949629855758;-0.2556818181818181;-2.75;-0.8855999999999999;0.9377990430622007;-0.3333333333333333;-0.5524835988753514;0.3654298845420917;-0.5;0.0555;0.36363636363636365;-0.42857142857142855;-0.091403004154682;-0.8716085499929224;0.4166666666666667;-1.0;0.07024973531792988;0.5833333333333334;0.25652293326009346;0.024242424242424163;0.019230769230769232;0.9962483730189114;0.6666666666666666;0.0;0.0;-0.5815024805102764;0.3441860465116279;0.0;0.0;0.0;0.0;-0.2;-0.7132307345397146;0.5316455696202532;0.0;-0.48608137044967875;-0.3333333333333333;0.0;1.0184490306441527;-0.2;0.029727244866687097
0.7941176470588235;0.05357142857142857;0.22779922779922782;0.7941176470588235;-1.9833333333333334;-1.1308411214953271;0.36016949152542377;0.1761006289308176;0.125;0.8795934323690382;1.344;-0.6857142857142857;0.9926470588235294;0.7161973794257035;10;0.8443396226415093;0.43749999999999994;0.648;0.632;0.08928571428571427;0.08928571428571427;0.05357142857142857;0.125;0.125;0.2181818181818182;-1.7777777777777777;-2.2;-1.6666666666666667;0.0;-0.5;0.125;0.0;0.0;-0.18181818181818182;-0.4444444444444444;-0.02475744396119098;-0.6359795198091168;0.15352790578597048;-0.5336240800591878;-0.5203972088030058;-0.34985728814671424;0.7534246575342465;0.0;-0.7745901639344263;0.0142857142857143;0.08332692307692309;-0.46271445558009155;0.057692307692307696;0.08928571428571427;0.057692307692307696;-0.7338090506729292;0.019230769230769232;0.08928571428571427;0.04830370281987033;-0.6669183719700973;0.019230769230769232;0.03921568627450982;-0.6278592837987065;-0.8784895993928037;-0.6542013279401663;-0.2556818181818181;-3.0;-1.2856;0.9814677538917714;-0.3333333333333333;-0.7699156513589505;0.5248290550386728;-0.5;0.11116666666666668;0.36363636363636365;-0.42857142857142855;-0.030467668051560665;-0.8578304157032985;0.4166666666666667;-1.0;0.07024973531792988;0.5833333333333334;0.2666849766547652;0.0;-0.019230769230769232;-0.7631881172957661;0.6666666666666666;-0.18181818181818182;-0.17647058823529413;-0.544029057406095;0.3395348837209302;0.0;0.0;0.0;-0.4;-0.2;-0.4877388804329443;0.4810126582278481;-0.4;-0.48608137044967875;-0.3333333333333333;0.0;-0.7870544090056285;-0.2;0.027888446215139445
0.8235294117647058;0.05357142857142857;0.2335907335907336;0.823529411764706;-1.9833333333333334;-1.3925233644859814;0.36016949152542377;0.1761006289308176;0.0;0.8983580922595777;1.357;-0.842857142857143;0.9950980392156863;0.715361025926958;10;0.8547169811320753;0.4427083333333333;0.672;0.648;0.05357142857142857;0.08928571428571427;0.08928571428571427;0.03571428571428571;0.07142857142857142;0.23272727272727275;-1.9259259259259258;-2.4;-1.8333333333333333;-0.25;-1.0;0.125;0.125;0.0;-0.36363636363636365;-0.4444444444444444;-0.041485446637671355;-0.5560471243227122;0.08094214029697926;-0.7680386277792922;-0.7410091250670959;-0.43135067747121153;0.7808219178082192;0.0;-0.7745901639344263;-0.005357142857143061;0.07051923076923076;-0.46271445558009155;0.057692307692307696;0.08928571428571427;0.06044230769230769;-0.7569325264203776;0.019230769230769232;0.08928571428571427;0.046871892773336504;-0.6599713055954087;0.019230769230769232;0.03921568627450982;-0.7920807698375139;-0.8149237446929626;-0.6955150220051387;-0.2556818181818181;-3.25;-1.6855999999999998;0.9229732461756182;-0.3333333333333333;-0.9875820056232427;0.6683107274969174;-0.5;0.11116666666666668;0.36363636363636365;-0.42857142857142855;0.06093533610312133;-1.0195819374321713;0.6666666666666666;-1.0;0.05256274522015321;0.5833333333333334;0.28096676737160126;0.0;0.0;-0.7631881172957661;0.6651162790697673;-0.2727272727272727;-0.11764705882352941;-0.4972537207654146;0.3255813953488372;0.0;0.0;0.0;0.0;0.2;-0.6782794971531652;0.4810126582278481;0.0;-0.48608137044967875;-0.3333333333333333;0.0;-0.7870544090056285;-0.2;0.026049647563591793
0.8529411764705882;0.0;0.2335907335907336;0.8529411764705882;-1.9833333333333334;-1.6261682242990654;0.40254237288135597;0.4025157232704403;1.125;0.9147771696637998;1.365;-1.0285714285714287;0.9975490196078431;0.715361025926958;10;0.8556603773584904;0.4427083333333333;0.68;0.672;0.05357142857142857;0.05357142857142857;0.08928571428571427;0.017857142857142856;0.125;0.2581818181818182;-2.074074074074074;-2.6;-2.0;-0.5;0.0;0.0;0.125;0.1111111111111111;-0.09090909090909091;0.4444444444444444;-0.041485446637671355;-0.36536262862255814;0.036702508960573796;0.041431408434251006;-0.41304347826086946;-0.2461861487484006;0.7808219178082192;0.0;-0.7745901639344263;-0.06428571428571435;0.038461538461538464;-0.26668931544080166;0.0;0.05357142857142857;0.057692307692307696;-0.6601029717279379;0.0;0.08928571428571427;0.036928767450184946;-0.6339953182813561;0.0;0.03921568627450982;-0.9921123205552926;-0.8629301961528426;-0.7376936579409294;-0.42735389610389607;-3.5;-2.0572;0.7156816497068534;-0.3333333333333333;-1.238519212746017;0.7380338527070957;-0.5;0.5555;0.36363636363636365;0.7142857142857143;0.33471822733567697;-0.4871419808427312;0.6666666666666666;0.14285714285714285;0.05256274522015321;0.5833333333333334;0.25267783575940683;0.0;0.0;-0.7809509225939821;0.6651162790697673;0.6363636363636364;0.5294117647058824;-0.1446669029057406;0.3674418604651163;0.0;0.0;0.0;-0.6;-0.3;-0.5941710355713399;0.4683544303797469;-0.6;-0.2801570306923626;0.0;0.16666666666666666;-0.6066291432145091;0.0;0.02390438247011953
0.8823529411764706;0.0;0.2335907335907336;0.8823529411764706;-1.9833333333333334;-1.841121495327103;0.3728813559322034;0.4276729559748428;0.125;0.9304143862392493;1.378;-1.128571428571429;1.0;0.715361025926958;10;0.8745283018867923;0.4947916666666666;0.68;0.68;0.0;0.05357142857142857;0.05357142857142857;0.03571428571428571;0.07142857142857142;0.2727272727272727;-2.074074074074074;-2.8;-2.1666666666666665;0.0;-0.5;1.125;0.0;0.1111111111111111;-0.09090909090909091;-0.8888888888888888;-0.041485446637671355;-0.007854053785355733;-0.005243215565795924;-0.05856469763638494;-0.531848273394167;-0.3821396935796069;0.8630136986301371;0.0;-0.7745901639344263;-0.16428571428571445;0.019230769230769232;-0.26668931544080166;0.0;0.05357142857142857;0.0521923076923077;-0.5419564628308192;0.0;0.08928571428571427;0.03126118601598854;-0.572679906365627;0.0;0.03921568627450982;-1.2653415365199558;-0.992338891392519;-0.7968149787580451;-0.661525974025974;-3.75;-2.4856;-0.2647078644113484;-4.0;-1.4728209934395504;0.7806299742181371;-0.5;0.5555;0.36363636363636365;0.7142857142857143;0.36518589538723767;-0.4980889916481859;0.6666666666666666;0.14285714285714285;0.1235598181478483;0.5833333333333334;0.2952485580884373;0.0;0.0;-0.7809509225939821;0.6651162790697673;-0.9090909090909091;-1.0588235294117647;0.12429128277817154;0.33488372093023255;0.0;0.0;0.0;0.0;0.3;-0.5481706973335587;0.4683544303797469;0.0;-0.2801570306923626;0.0;0.0;-0.6066291432145091;0.2;0.022678516702421075
0.9117647058823529;0.0;0.2335907335907336;0.9117647058823529;-1.6500000000000001;-2.0934579439252334;0.4067796610169492;0.6540880503144654;1.0;0.9483971853010165;1.389;-1.3;1.0;0.715361025926958;10;0.8886792452830189;0.4583333333333333;0.76;0.68;0.0;0.0;0.05357142857142857;0.05357142857142857;0.05357142857142857;0.28363636363636363;-2.074074074074074;-2.8;-2.3333333333333335;-2.75;-1.0;0.125;1.125;0.0;-0.09090909090909091;-0.5555555555555556;0.39076614252258285;0.10886315056917026;-0.018924731182795543;-0.17896499357501658;-0.4388083735909822;-0.3625865293133428;0.9315068493150684;0.0;-0.7745901639344263;-0.31785714285714295;0.0;-0.8551044674706979;0.0;0.0;0.04396153846153846;-0.45885647186342693;0.0;0.08928571428571427;0.026985642127033367;-0.52284225628634;0.0;0.03921568627450982;-1.2653415365199558;-1.184364697232039;-0.8793406090208349;-0.19277597402597396;-3.25;-2.5427999999999997;-0.3733405215984904;-4.333333333333333;-1.6569821930646675;0.7734558905952248;-0.5;1.0;0.45454545454545453;0.7142857142857143;0.6087141791839779;-0.3772943896569623;0.6666666666666666;0.14285714285714285;0.2660521890764153;0.5833333333333334;0.28096676737160126;0.6060606060606062;0.4807692307692307;-0.3390245769849169;0.703875968992248;0.45454545454545453;0.8235294117647058;0.19055634301913535;0.3255813953488372;0.0;0.0;0.0;0.0;0.0;-0.5481706973335587;0.5063291139240507;0.0;-0.8982869379014988;0.6666666666666666;0.3333333333333333;-0.42589118198874293;0.6;0.02053325160894881
0.9411764705882353;0.0;0.2335907335907336;0.9411764705882352;-3.3166666666666664;-2.457943925233645;0.3050847457627119;0.22641509433962265;-2.125;0.965598123534011;1.411;-1.3;1.0;0.715361025926958;10;0.8981132075471697;0.49999999999999994;0.7040000000000001;0.76;0.0;0.0;0.0;0.08928571428571427;0.125;0.3090909090909091;-1.7777777777777777;-2.8;-2.3333333333333335;-3.0;-0.5;1.0;0.125;1.0;-0.09090909090909091;-0.2222222222222222;-0.26564068250250905;-0.26256400059651064;-0.1458269329237069;1.045442155679296;-0.025317588119520278;-0.39500016403661303;0.9315068493150684;0.0;-0.7745901639344263;-0.542857142857143;0.0;-0.8551044674706979;0.0;0.0;0.030211538461538463;-0.5379821154367266;0.0;0.08928571428571427;0.017042516803881795;-0.5699614890885749;0.0;0.03921568627450982;-1.2653415365199558;-1.3645312018215887;-0.9490956269556589;1.9476461038961042;-3.25;-2.9142;0.4291394298807197;-4.666666666666667;-2.0585754451733833;1.0079587490191682;-0.5;-0.44449999999999995;-1.1818181818181819;0.5714285714285714;0.091403004154682;0.4967678006889067;-0.75;0.14285714285714285;-0.08992962570841379;-0.5833333333333334;0.3823125514968416;-3.030303030303031;-2.8846153846153846;1.6801163770002299;0.5100775193798449;-2.4545454545454546;-1.9411764705882353;0.7857016300496104;0.24651162790697673;0.0;0.0;0.0;0.0;0.0;-0.938722588646485;0.5063291139240507;0.0;-0.8982869379014988;-4.0;-2.3333333333333335;1.5806754221388366;-1.8;0.01869445295740116
0.9705882352941176;0.0;0.2335907335907336;0.9705882352941175;-2.316666666666667;-1.766355140186916;0.4152542372881356;0.4025157232704403;1.0;0.9827990617670055;1.42;-1.485714285714286;0.9975490196078431;0.715361025926958;10;0.9141509433962264;0.37499999999999994;0.768;0.7040000000000001;0.0;0.0;0.0;0.08928571428571427;0.08928571428571427;0.32727272727272727;-3.5555555555555554;-2.4;-2.3333333333333335;-3.25;-1.0;-2.125;1.0;0.1111111111111111;0.0;-0.6666666666666666;0.40615590498494497;-0.2577919172838893;-0.15983614951356861;1.3955842841010866;0.14984791554839869;-0.34329582362783373;0.9589041095890412;0.0;-0.7745901639344263;-0.8839285714285715;0.0;-0.8551044674706979;0.0;0.0;0.016480769230769233;-0.7569325264203776;0.0;0.05357142857142857;0.009943125323151572;-0.5753983236426791;0.0;0.03921568627450982;-1.2653415365199558;-1.4808472284812977;-1.0156961510086748;1.8181818181818183;-3.25;-3.0286;0.385470719051149;-4.666666666666667;-2.3097469540768514;0.9772447035085753;-0.5;-0.0555;-1.1818181818181819;0.5714285714285714;0.3044636198998615;0.5864200443542679;-0.75;0.14285714285714285;0.07024973531792988;-0.5833333333333334;0.28563581433672075;1.8424242424242427;3.8653846153846154;2.4188040731950085;0.5891472868217054;2.090909090909091;2.8823529411764706;1.6109142452161584;0.3302325581395349;0.0;0.0;0.0;0.0;0.0;-0.938722588646485;0.5063291139240507;0.0;-0.8982869379014988;2.6666666666666665;3.3333333333333335;2.4221388367729833;-0.6;0.015323322096230468
0.9999999999999999;0.0;0.2335907335907336;0.9999999999999999;-2.316666666666667;-0.9906542056074766;0.3347457627118644;0.12578616352201258;-1.375;1.0;1.442;-1.485714285714286;0.9975490196078431;0.715361025926958;10;0.9320754716981131;0.5104166666666666;0.5760000000000001;0.768;0.0;0.0;0.0;0.05357142857142857;0.125;0.3527272727272727;-2.3703703703703702;-4.8;-2.0;-3.5;0.0;1.0;-2.125;0.8888888888888888;0.0;-0.6666666666666666;1.3198394111743061;-0.2148431674702989;-0.1328827444956474;1.2376465090923252;0.26507425299695836;-0.42649519372724;0.9589041095890412;0.0;-0.7745901639344263;-1.8392857142857144;0.0;-0.8551044674706979;0.0;0.0;0.00825;-0.8761629482431578;0.0;0.05357142857142857;0.0;-0.6965189156535527;0.0;0.0;-1.2653415365199558;-1.5884348094210288;-1.0576203922765777;1.028003246753247;-4.25;-3.1713999999999998;0.37738392074937654;-4.666666666666667;-2.6276944704779757;0.8817397152785562;-0.5;-1.1111666666666666;-1.1818181818181819;0.5714285714285714;-0.06093533610312133;0.8061152267258056;-0.75;0.14285714285714285;-0.10761661580619046;-0.5833333333333334;0.3941224938203791;0.0;-1.4615384615384615;2.3272337493300665;0.7829457364341085;-2.0;-2.7058823529411766;1.8069631467044647;0.35348837209302325;0.0;0.0;0.0;0.0;0.0;-0.938722588646485;0.5063291139240507;0.0;-0.8982869379014988;-0.6666666666666666;-1.6666666666666667;2.3398999374609133;1.4;0.013790989886607402
0.0;0.26785714285714285;0.013513513513513514;0.0;0.016666666666666666;0.32710280373831774;0.0423728813559322;-0.1761006289308176;0.875;0.0;0.324;0.8142857142857144;0.0;0.7192640089211038;11;0.06509433962264152;0.052083333333333336;0.08000000000000002;0.08000000000000002;0.26785714285714285;0.26785714285714285;0.26785714285714285;0.26785714285714285;0.26785714285714285;0.025454545454545452;0.14814814814814814;0.2;0.16666666666666666;0.0;0.0;0.875;0.875;0.7777777777777778;0.5454545454545454;0.2222222222222222;-1.1227835396453663;-1.8117015459561567;-1.4303328213005628;-0.19703282582453951;-0.7007514761137947;-1.0193891276532923;0.136986301369863;0.0;-0.7745901639344263;-1.8392857142857144;0.2884615384615385;-0.3747239680652284;0.2884615384615385;0.26785714285714285;0.2884615384615385;-0.7749977418480716;0.2884615384615385;0.26785714285714285;0.2642087260867836;-0.8306275013214528;0.2884615384615385;0.19607843137254904;0.18472945259504642;-0.716349232703209;-1.0410847388638733;-0.08766233766233765;0.0;0.2286;-0.3196980928634005;-0.3333333333333333;0.2509372071227741;-0.3752942495235961;-0.5;1.1666666666666667;1.0;0.42857142857142855;1.4914243102162565;0.08946350209974979;1.25;-0.14285714285714285;1.6894812231425549;1.4166666666666667;0.07278220269156827;-0.6060606060606062;0.5;-0.21805374779879025;0.627906976744186;-0.8181818181818182;0.6470588235294118;0.11906449326718634;0.3209302325581395;0.0;0.0;0.0;-0.4;0.3;-0.4604543660860251;0.4936708860759494;0.2;-0.6459671663097787;-0.6666666666666666;0.5;-0.12382739212007501;0.0;0.7437940545510267
0.029411764705882353;0.23214285714285712;0.038610038610038616;0.029411764705882353;-0.31666666666666665;0.308411214953271;0.016949152542372878;-0.22641509433962265;-0.25;0.17826426896012515;0.544;0.7000000000000001;0.0;0.7156398104265396;11;0.06509433962264152;0.052083333333333336;0.08000000000000002;0.08000000000000002;0.26785714285714285;0.26785714285714285;0.26785714285714285;0.26785714285714285;0.26785714285714285;0.025454545454545452;0.14814814814814814;0.2;0.16666666666666666;0.0;0.0;0.875;0.875;0.7777777777777778;0.5454545454545454;0.2222222222222222;-1.1227835396453663;-1.8117015459561567;-1.4303328213005628;-0.19703282582453951;-0.7007514761137947;-1.0193891276532923;0.0547945205479452;0.0;-0.7745901639344263;-1.8392857142857144;0.2692307692307693;-0.3747239680652284;0.25;0.26785714285714285;0.2692307692307693;-0.7749977418480716;0.25;0.26785714285714285;0.2443224754404804;-0.8306275013214528;0.25;0.19607843137254904;0.18472945259504642;-0.716349232703209;-1.0410847388638733;-0.08766233766233765;0.0;0.028600000000000004;-0.3196980928634005;-0.3333333333333333;0.016635426429240853;-0.3752942495235961;-0.5;0.4166666666666667;0.18181818181818182;0.42857142857142855;0.5326515393629487;0.08946350209974979;0.5;-0.14285714285714285;0.5684748084947375;0.6666666666666666;0.2101071134303763;-0.6060606060606062;0.5;-0.21805374779879025;0.627906976744186;-0.8181818181818182;0.6470588235294118;0.11906449326718634;0.3209302325581395;0.0;0.0;0.0;-0.4;0.3;-0.4604543660860251;0.4936708860759494;0.2;-0.6459671663097787;-0.6666666666666666;0.5;-0.12382739212007501;0.0;0.7437940545510267
0.0588235294117647;0.25;0.06563706563706564;0.058823529411764705;0.016666666666666666;0.29906542056074764;0.0423728813559322;-0.22641509433962265;0.125;0.30492572322126654;0.695;0.5428571428571429;0.0;0.7117368274323947;11;0.06509433962264152;0.020833333333333336;0.08000000000000002;0.08000000000000002;0.23214285714285712;0.26785714285714285;0.26785714285714285;0.26785714285714285;0.26785714285714285;0.025454545454545452;-0.14814814814814814;0.2;0.16666666666666666;0.0;0.0;-0.25;0.875;0.7777777777777778;0.5454545454545454;0.2222222222222222;-0.41853462696554017;-1.3931500720783419;-1.2578801843317968;-0.3183676648105604;-0.8401324029343351;-1.1216167448574523;0.0547945205479452;0.0;-0.7745901639344263;-1.8392857142857144;0.2692307692307693;-0.515372855444199;0.25;0.26785714285714285;0.2692307692307693;-0.9245777255893776;0.25;0.26785714285714285;0.2443224754404804;-0.955674696065846;0.25;0.19607843137254904;0.8648051743177155;-0.3073456511942316;-0.8217456562110457;-0.2556818181818181;0.0;0.028600000000000004;-0.431295909427859;-0.3333333333333333;0.016635426429240853;-0.46810895639502303;-0.5;0.3333333333333333;0.18181818181818182;0.42857142857142855;0.42612123149035896;-0.24668522625395187;0.5;-0.14285714285714285;0.4439185402005356;0.6666666666666666;0.17220543806646532;0.024242424242424163;0.5;-0.21805374779879025;0.627906976744186;0.2727272727272727;0.6470588235294118;0.11906449326718634;0.3209302325581395;0.0;0.0;0.0;0.2;0.3;-0.4604543660860251;0.4936708860759494;0.2;-0.6459671663097787;0.3333333333333333;0.5;-0.12382739212007501;0.0;0.3613239350291143
0.08823529411764705;0.26785714285714285;0.0945945945945946;0.08823529411764705;-0.65;0.2523364485981308;0.03813559322033898;-0.3018867924528302;-0.5;0.3948397185301016;0.797;0.35714285714285715;0.0;0.7075550599386666;11;0.06509433962264152;0.052083333333333336;0.032;0.08000000000000002;0.25;0.23214285714285712;0.26785714285714285;0.26785714285714285;0.26785714285714285;0.025454545454545452;0.0;-0.2;0.16666666666666666;0.0;0.0;0.125;-0.25;0.7777777777777778;0.5454545454545454;0.2222222222222222;-0.7293409166945466;-1.4064721379927427;-1.2633691756272398;-0.3571512012772089;-0.9460547504025764;-1.1993044847609988;0.0547945205479452;0.0;-0.7745901639344263;-1.8392857142857144;0.2692307692307693;-0.515372855444199;0.25;0.26785714285714285;0.27403846153846156;-0.9401138108571945;0.25;0.26785714285714285;0.2492940381020562;-0.9686626897228724;0.25;0.19607843137254904;1.022558763211863;0.12717914660468194;-0.5887201404258566;0.18344155844155843;-0.25;-0.1714;-0.1186063750926612;-0.3333333333333333;-0.21766635426429243;-0.20804842506445465;-0.5;-0.2778333333333333;0.0;-0.42857142857142855;0.10653030787258974;-0.20648327277874778;0.3333333333333333;-0.14285714285714285;0.07024973531792988;0.5;0.18868442735512225;-1.2121212121212124;-0.9807692307692306;0.0;0.5891472868217054;-0.36363636363636365;-0.47058823529411764;-0.09860028348688876;0.3441860465116279;0.0;0.0;0.0;0.2;0.0;-0.5481706973335587;0.5316455696202532;0.2;-0.5413990007137758;-1.3333333333333333;-0.8333333333333334;0.0;-0.4;0.23904382470119526
0.11764705882352941;0.26785714285714285;0.12355212355212356;0.11764705882352941;-0.65;0.205607476635514;0.05932203389830508;-0.3522012578616352;-0.25;0.46364347146207974;0.872;0.1714285714285714;0.0;0.7033732924449394;11;0.06509433962264152;0.04687499999999999;0.08000000000000002;0.032;0.26785714285714285;0.25;0.23214285714285712;0.26785714285714285;0.26785714285714285;0.025454545454545452;-0.5925925925925926;0.0;-0.16666666666666666;0.0;0.0;-0.5;0.125;-0.2222222222222222;0.5454545454545454;0.2222222222222222;-0.7484108397457343;-1.1845702639558584;-1.1719406041986684;-0.44577703360461046;-0.8197351941313293;-1.1066566057544045;0.0547945205479452;0.0;-0.7745901639344263;-1.8392857142857144;0.28205769230769234;-0.6590793273314081;0.2692307692307693;0.26785714285714285;0.27692307692307694;-0.9628759822960887;0.25;0.26785714285714285;0.2522769756990017;-0.9876916106622365;0.25;0.19607843137254904;1.100962296892254;0.5577192191836056;-0.35783153985092475;0.18344155844155843;-0.25;-0.25139999999999996;-0.1417885302244087;-0.3333333333333333;-0.3113870665417057;-0.22732877480103134;-0.5;-0.2778333333333333;0.0;-0.42857142857142855;0.0;-0.29991034775633474;0.3333333333333333;-0.14285714285714285;-0.05430653297627203;0.5;0.17467728645976383;0.0;0.9615384615384615;0.11208942653701866;0.5875968992248062;0.18181818181818182;0.29411764705882354;-0.29721828490432317;0.3395348837209302;0.0;0.0;0.0;0.0;-0.1;-0.8086137888268785;0.5189873417721519;0.0;-0.6923625981441827;0.3333333333333333;0.8333333333333334;0.11569731081926207;-0.4;0.18265399938706708
0.14705882352941174;0.17857142857142855;0.14285714285714288;0.14705882352941177;-0.31666666666666665;0.16822429906542055;0.08474576271186442;-0.3270440251572327;0.125;0.5144644253322908;0.921;-0.0571428571428572;0.0;0.7005854474491215;11;0.06509433962264152;0.07291666666666666;0.07200000000000001;0.08000000000000002;0.26785714285714285;0.26785714285714285;0.25;0.26785714285714285;0.26785714285714285;0.025454545454545452;-0.4444444444444444;-0.8;0.0;0.0;0.0;-0.25;-0.5;0.1111111111111111;0.5454545454545454;0.2222222222222222;-0.041485446637671355;-0.8811452999950291;-1.0469226830517149;0.0;-0.4969583109679727;-0.869918965913192;0.0547945205479452;0.0;-0.7745901639344263;-1.8392857142857144;0.25640384615384615;0.12570069644980467;0.19230769230769232;0.26785714285714285;0.26282692307692307;-0.57555776352633;0.19230769230769232;0.26785714285714285;0.23770035397526146;-0.6638979083289284;0.19230769230769232;0.19607843137254904;0.7196718725351;0.8590403453428525;-0.19624004680861884;-0.2556818181818181;-0.75;-0.2714;-0.19650919873306827;-0.3333333333333333;-0.33481724461105905;-0.2728393677838808;-0.5;-0.2778333333333333;0.0;-0.42857142857142855;0.03558112282944498;-0.3814467041004106;0.3333333333333333;-0.14285714285714285;-0.012704739366008593;0.5;0.15490249931337546;0.0;0.0;0.10320802388791064;0.6651162790697673;0.2727272727272727;0.0;-0.29721828490432317;0.37209302325581395;0.0;0.0;0.0;-1.0;-0.5;-0.21376627769321838;0.44303797468354433;-1.0;0.13204853675945757;0.3333333333333333;0.0;0.11569731081926207;0.6;0.14955562365920935
0.1764705882352941;0.0;0.14285714285714288;0.13122171945701358;-0.31666666666666665;0.16822429906542055;0.10169491525423728;-0.22641509433962265;0.25;0.5535574667709147;0.961;-0.2000000000000001;0.6617647058823529;0.7005854474491215;11;0.06509433962264152;0.10416666666666666;0.11200000000000002;0.07200000000000001;0.17857142857142855;0.26785714285714285;0.26785714285714285;0.26785714285714285;0.26785714285714285;0.025454545454545452;-0.2962962962962963;-0.6;-0.6666666666666666;0.0;0.0;0.125;-0.25;-0.4444444444444444;0.5454545454545454;0.2222222222222222;-0.02475744396119098;-0.5528657354476314;-0.9116641065028158;-0.07398465791830532;-0.2246376811594202;-0.670187985958466;0.0547945205479452;0.0;-0.7745901639344263;-1.8392857142857144;0.16025;1.7397655851877014;0.0;0.26785714285714285;0.22526923076923078;0.6900912293379098;0.0;0.26785714285714285;0.19886250646303144;0.39417050517254415;0.0;0.19607843137254904;-0.3544723142451492;0.9341808780626644;-0.15594393141519758;-0.42735389610389607;-0.75;-0.2856;-0.23775187007210727;-0.3333333333333333;-0.3514526710403;-0.30714045510592985;-0.5;0.0555;0.18181818181818182;-0.2857142857142857;0.091403004154682;-0.43240692681545806;0.3333333333333333;-0.14285714285714285;0.05256274522015321;0.5;0.15957154627849496;0.024242424242424163;0.019230769230769232;-0.7631881172957661;0.6666666666666666;0.09090909090909091;-0.17647058823529413;-0.544029057406095;0.3674418604651163;0.0;0.0;0.0;-2.0;-0.5;0.18873668188736673;0.31645569620253167;-2.0;1.8276231263383298;0.0;-0.16666666666666666;-0.6066291432145091;0.4;0.13086117070180817
0.20588235294117646;0.017857142857142856;0.1447876447876448;0.20588235294117646;0.016666666666666666;0.12149532710280374;0.10593220338983052;-0.3018867924528302;-0.125;0.5840500390930414;1.005;-0.1285714285714286;0.6568627450980392;0.70030666294954;11;0.06509433962264152;0.125;0.16;0.11200000000000002;0.0;0.17857142857142855;0.26785714285714285;0.26785714285714285;0.26785714285714285;0.025454545454545452;-0.2962962962962963;-0.4;-0.5;0.0;0.0;0.25;0.125;-0.2222222222222222;0.5454545454545454;0.2222222222222222;-0.02475744396119098;-0.36178356613809215;-0.7766513056835634;-0.44577703360461046;-0.01959205582393967;-0.5694038909484598;0.0547945205479452;1.155;0.0;-0.5767857142857145;0.07051923076923076;1.0161372515712586;0.0;0.17857142857142855;0.1868076923076923;1.0716285791708065;0.0;0.26785714285714285;0.17223481684763153;0.6521181001283699;0.0;0.19607843137254904;-1.174317715728033;0.4978534664737552;-0.15197537459614835;0.04139610389610393;0.0;-0.2856;-0.23775187007210727;-0.3333333333333333;-0.27624179943767574;-0.28158278219930505;-0.5;0.11116666666666668;0.2727272727272727;-0.2857142857142857;-0.15212527964205816;-0.7081583541735481;0.3333333333333333;-0.8571428571428571;0.007971601170828922;0.5;0.18895907717659988;0.0;-0.019230769230769232;-0.7631881172957661;0.6666666666666666;-0.18181818181818182;-0.23529411764705882;-0.4096385542168675;0.3441860465116279;-2.0;-2.0;1.0;0.2;1.1;0.30328654377360603;0.3924050632911393;0.2;1.0674518201284797;1.0;0.5;-0.30925578486554095;0.8;0.11707018081520074
0.23529411764705882;0.0;0.1447876447876448;0.2352941176470588;-0.31666666666666665;0.102803738317757;0.1271186440677966;-0.3018867924528302;0.0;0.6082877247849882;1.038;-0.1;0.6715686274509803;0.70030666294954;11;0.06509433962264152;0.13020833333333334;0.19200000000000003;0.16;0.017857142857142856;0.0;0.17857142857142855;0.23214285714285712;0.26785714285714285;0.025454545454545452;0.14814814814814814;-0.4;-0.3333333333333333;-0.5;0.0;-0.125;0.25;0.1111111111111111;-0.2727272727272727;0.2222222222222222;-0.041485446637671355;-0.21325247303275835;-0.6431950844854069;-0.3571512012772089;-0.01959205582393967;-0.4157343919162757;0.0547945205479452;1.155;0.22540983606557374;-0.26428571428571435;0.006403846153846155;-0.6590793273314081;0.0;0.017857142857142856;0.15109615384615385;1.3314063770210456;0.0;0.26785714285714285;0.149305969852444;0.8119006267462057;0.0;0.19607843137254904;-1.174317715728033;-0.055833590284860395;-0.16861278587600803;0.04139610389610393;0.0;-0.3142;-0.24152570927960104;-0.3333333333333333;-0.2956888472352391;-0.3040017935209058;-0.5;0.0555;0.2727272727272727;-0.2857142857142857;-0.091403004154682;-0.7209927806351156;0.3333333333333333;-0.8571428571428571;0.0009964501463536161;0.5;0.1801702828893162;0.0;0.0;-0.7631881172957661;0.6651162790697673;0.18181818181818182;0.17647058823529413;-0.44817505315379164;0.34883720930232553;0.0;2.0;1.0;-0.2;-0.2;0.38243418456508244;0.5063291139240507;-0.2;-0.6923625981441827;-1.0;-1.0;0.151031894934334;0.2;0.10297272448666869
0.2647058823529412;0.05357142857142857;0.15057915057915058;0.2647058823529411;0.016666666666666666;0.06542056074766354;0.1440677966101695;-0.3018867924528302;0.0;0.6317435496481626;1.064;-0.1571428571428572;0.6887254901960784;0.6994703094507937;11;0.06509433962264152;0.15625;0.20000000000000004;0.19200000000000003;0.0;0.017857142857142856;0.0;0.25;0.26785714285714285;0.025454545454545452;-0.2962962962962963;0.2;-0.3333333333333333;-0.25;0.0;0.0;-0.125;0.2222222222222222;0.0;0.2222222222222222;-0.041485446637671355;-0.006263359347815166;-0.5113773681515614;-0.15560141739028852;0.10225442834138491;-0.2566844919786096;0.0547945205479452;0.0;0.32069672131147536;-0.1142857142857144;0.025634615384615384;-0.33599456429420743;0.0;0.05357142857142857;0.12088461538461538;1.1973624785475565;0.0;0.26785714285714285;0.13693672195044343;0.7819980366986333;0.0;0.19607843137254904;-0.9921123205552926;-0.6217594459334456;-0.18006054593095733;-0.04139610389610384;0.0;-0.3142;-0.24152570927960104;-0.3333333333333333;-0.26452671040299913;-0.31409034861562607;-0.5;-0.0555;0.2727272727272727;-0.5714285714285714;-0.12165761159049748;-0.7364695890152411;0.3333333333333333;-0.8571428571428571;-0.004484025658591266;0.5;0.18099423235374906;0.0;0.0;-0.7809509225939821;0.6651162790697673;0.09090909090909091;-0.11764705882352941;-0.44817505315379164;0.36279069767441857;0.0;0.0;1.0;0.6;0.4;-0.4877388804329443;0.5316455696202532;0.6;-0.352962169878658;0.6666666666666666;0.8333333333333334;0.2182614133833646;0.0;0.09316579834508118
0.29411764705882354;0.03571428571428571;0.15444015444015444;0.2941176470588235;-0.31666666666666665;0.037383177570093455;0.1652542372881356;-0.3018867924528302;0.125;0.6473807662236122;1.083;-0.17142857142857149;0.7083333333333334;0.6989127404516307;11;0.06509433962264152;0.17708333333333334;0.24000000000000002;0.20000000000000004;0.05357142857142857;0.0;0.017857142857142856;0.26785714285714285;0.26785714285714285;0.025454545454545452;0.0;-0.4;0.16666666666666666;-1.25;0.0;0.0;0.0;-0.1111111111111111;-0.45454545454545453;0.2222222222222222;-0.02475744396119098;-0.0032808072774271765;-0.37988735279057834;-0.15560141739028852;0.05770263016639824;-0.07375086119221803;0.0547945205479452;0.0;0.32069672131147536;-0.037500000000000235;0.03205769230769231;-0.33599456429420743;0.0;0.05357142857142857;0.08517307692307693;0.808960346852136;0.0;0.26785714285714285;0.12500497156266155;0.7684059503133732;0.0;0.19607843137254904;-0.8682757532733871;-1.1086549180522283;-0.19120303238444117;-0.19277597402597396;-0.25;-0.2572;-0.3242806119010715;-0.3333333333333333;-0.28163074039362707;-0.3295594664275306;-0.5;0.0555;0.36363636363636365;-0.42857142857142855;0.030467668051560665;-0.8578304157032985;0.5;-0.8571428571428571;0.013701189512362216;0.5;0.17522658610271907;0.024242424242424163;0.019230769230769232;-0.7631881172957661;0.6666666666666666;0.18181818181818182;0.0;-0.5815024805102764;0.36279069767441857;0.0;0.0;0.0;-0.2;-0.4;-0.41806189751395223;0.5316455696202532;-0.2;-0.352962169878658;-0.6666666666666666;-0.6666666666666666;0.040337711069418386;0.2;0.08611707018081519
0.32352941176470584;0.07142857142857142;0.16216216216216217;0.32352941176470584;-0.65;-0.037383177570093455;0.1313559322033898;-0.6037735849056604;-1.5;0.6630179827990618;1.125;0.1428571428571429;0.7279411764705882;0.6977976024533028;11;0.06509433962264152;0.20312499999999997;0.272;0.24000000000000002;0.03571428571428571;0.05357142857142857;0.0;0.26785714285714285;0.26785714285714285;0.025454545454545452;-0.2962962962962963;0.0;-0.3333333333333333;-1.0;0.0;0.125;0.0;0.0;-0.2727272727272727;0.2222222222222222;-0.41853462696554017;-0.11303872346771393;-0.2793650793650791;-0.2284957750866399;-0.3003220611916263;-0.08333059938978378;0.0547945205479452;0.0;0.22540983606557374;0.0;0.057692307692307696;-0.515372855444199;0.038461538461538464;0.07142857142857142;0.0549423076923077;-0.026736518832987183;0.0;0.17857142857142855;0.11838285009744261;0.7052782602129427;0.0;0.19607843137254904;-0.7834043224483358;-1.2316121534119209;-0.19257676359103512;0.15016233766233772;-0.25;-0.2856;-0.2647078644113484;-0.3333333333333333;-0.33481724461105905;-0.3040017935209058;-0.5;-0.6111666666666666;-0.7272727272727273;-0.42857142857142855;-0.27399595184830083;-0.2017647336384657;-0.3333333333333333;-0.8571428571428571;-0.2411409354175749;-0.16666666666666666;0.25460038450975014;-0.6060606060606062;-0.5;-0.32983691907204654;0.627906976744186;-1.0;-0.8235294117647058;0.008238837703756198;0.3069767441860465;0.0;0.0;0.0;0.4;0.3;-0.4692485483961892;0.5189873417721519;0.4;-0.5413990007137758;-0.6666666666666666;0.0;-0.06504065040650399;-0.6;0.08090714066809687
0.3529411764705882;0.07142857142857142;0.1698841698841699;0.35746606334841624;-0.65;-0.1308411214953271;0.11864406779661017;-1.0817610062893082;-2.125;0.6763096168881938;1.177;0.6428571428571429;0.7475490196078431;0.6966824644549758;11;0.06509433962264152;0.16145833333333334;0.31200000000000006;0.272;0.07142857142857142;0.03571428571428571;0.05357142857142857;0.17857142857142855;0.26785714285714285;0.025454545454545452;-0.5925925925925926;-0.4;0.0;-0.75;0.0;-1.5;0.125;0.0;0.0;0.2222222222222222;-0.4366008698561391;-0.19257344534473345;-0.1714695340501789;0.027724777072543897;-0.5277330470567184;-0.12322430366457797;0.0547945205479452;0.0;0.0;0.0142857142857143;0.06409615384615386;-0.46271445558009155;0.038461538461538464;0.07142857142857142;0.038461538461538464;-0.6601029717279379;0.0;0.07142857142857142;0.11277492741518512;0.6466812655742656;0.0;0.19607843137254904;-0.6343271809433666;-1.091103152202272;-0.1860133811595308;-0.19277597402597396;-0.75;-0.34280000000000005;-0.1983961183368151;-0.3333333333333333;-0.3798031865042175;-0.28942943616186534;-0.5;-1.5555;-1.1818181818181819;-0.42857142857142855;-0.8217747949291574;0.2984004152314443;-0.75;-0.8571428571428571;-0.5525316061530797;-0.5833333333333334;0.32134029112881085;0.0;0.4807692307692307;-0.32983691907204654;0.6263565891472868;-0.5454545454545454;0.23529411764705882;-0.05173635719347977;0.2697674418604651;0.0;0.0;0.0;0.0;-0.2;-0.5941710355713399;0.5316455696202532;0.0;-0.48608137044967875;0.0;0.3333333333333333;-0.42589118198874293;-0.2;0.07048728164266013
0.38235294117647056;0.08928571428571427;0.17953667953667954;0.38235294117647056;-0.31666666666666665;-0.21495327102803738;0.211864406779661;-1.0817610062893082;0.0;0.6935105551211883;1.184;0.4285714285714286;0.767156862745098;0.6952885419570665;11;0.06509433962264152;0.14583333333333334;0.24800000000000003;0.31200000000000006;0.07142857142857142;0.07142857142857142;0.03571428571428571;0.0;0.26785714285714285;0.025454545454545452;-0.5925925925925926;-0.8;-0.3333333333333333;-0.75;0.0;-2.125;-1.5;0.1111111111111111;0.09090909090909091;0.2222222222222222;0.4084978253596521;-0.1052840880847046;-0.031786994367639376;1.0002725750554886;0.04213633923778852;0.14303992651159764;0.0547945205479452;0.0;-0.7745901639344263;0.0142857142857143;0.08332692307692309;-0.6590793273314081;0.07692307692307693;0.08928571428571427;0.0521923076923077;-0.635895583054828;0.0;0.08928571428571427;0.10937437855466729;0.5820433436532509;0.0;0.19607843137254904;-0.5540306041962455;-0.9416759564526458;-0.16851102800885298;-0.19277597402597396;-0.75;-0.34280000000000005;-0.1983961183368151;-0.3333333333333333;-0.3849578256794752;-0.30467436386055374;-0.5;-1.6111666666666666;-1.1818181818181819;-0.5714285714285714;-0.8827101310322786;0.25555607983768214;-0.75;-1.0;-0.516908513420938;-0.5833333333333334;0.18346608074704757;0.6303030303030304;0.5;0.0;0.7054263565891472;1.7272727272727273;1.411764705882353;0.7912827781715096;0.40930232558139534;0.0;0.0;0.0;0.2;0.1;-0.7132307345397146;0.5189873417721519;0.2;-0.6923625981441827;0.6666666666666666;0.3333333333333333;-0.16166353971232017;0.6;0.05853509040760038
0.4117647058823529;0.05357142857142857;0.18532818532818535;0.4117647058823529;-0.31666666666666665;-0.2523364485981308;0.21610169491525427;-1.1572327044025157;-0.375;0.7021110242376857;1.197;0.4571428571428572;0.7843137254901961;0.694452188458321;11;0.06509433962264152;0.26041666666666663;0.224;0.24800000000000003;0.08928571428571427;0.07142857142857142;0.07142857142857142;0.017857142857142856;0.26785714285714285;0.025454545454545452;-0.2962962962962963;-0.8;-0.6666666666666666;0.0;0.0;0.0;-2.125;-1.3333333333333333;-0.18181818181818182;0.2222222222222222;0.4084978253596521;-0.02475518218422218;0.03277009728622649;1.1669327518398818;0.24020397208803024;0.31193202322758457;0.0547945205479452;1.155;0.0;0.42321428571428554;0.07692307692307693;-0.515372855444199;0.057692307692307696;0.08928571428571427;0.057692307692307696;-0.6958720982747719;0.0;0.08928571428571427;0.09233186175078549;0.47783734803292327;0.0;0.19607843137254904;-0.6278592837987065;-0.8445245606128885;-0.393802945890254;-0.2556818181818181;-0.75;-0.45719999999999994;-0.3242806119010715;-0.6666666666666666;-0.45196813495782573;-0.34054478197511495;-0.5;-1.1111666666666666;-1.1818181818181819;-0.5714285714285714;-0.9436454671354;0.23554947388288575;-0.75;-1.0;-0.6947748645450583;-0.5833333333333334;0.20021971985718212;0.0;-0.5;-0.3212617716867009;0.7054263565891472;-0.18181818181818182;-1.2941176470588236;0.5570517363571935;0.42790697674418604;-2.0;-2.0;1.0;-0.4;-0.3;-0.5941710355713399;0.4936708860759494;-0.4;-0.5413990007137758;-0.3333333333333333;-0.5;-0.30925578486554095;0.4;0.057002758197977316
0.4411764705882353;0.08928571428571427;0.19498069498069498;0.4434389140271493;-0.65;-0.2803738317757009;0.2288135593220339;-1.2075471698113207;-0.375;0.7099296325254105;1.208;0.4714285714285715;0.8014705882352942;0.6930582659604125;11;0.27264150943396226;0.26562499999999994;0.4;0.224;0.05357142857142857;0.08928571428571427;0.07142857142857142;0.0;0.23214285714285712;0.07272727272727272;-0.4444444444444444;-0.4;-0.6666666666666666;-0.75;-1.0;-0.375;0.0;-1.8888888888888888;-0.09090909090909091;-0.7777777777777778;-0.02475744396119098;0.05458070288810454;0.081351766513057;-0.5336240800591878;0.43361960994811244;0.34172107214330255;0.1232876712328767;1.155;0.22540983606557374;0.6589285714285715;0.08332692307692309;-0.46271445558009155;0.057692307692307696;0.08928571428571427;0.07142307692307692;-0.8837503387227892;0.038461538461538464;0.08928571428571427;0.08097681263174639;0.38027637242316703;0.0;0.19607843137254904;-0.6278592837987065;-0.7799150874030502;-0.5954361596580935;-0.2556818181818181;-0.75;-0.5142;-0.2975941775052227;-0.6666666666666666;-0.5021087160262417;-0.32776594552180255;-0.5;-0.3333333333333333;0.09090909090909091;-0.5714285714285714;-1.034835410674337;0.19327136318595747;-0.75;-1.0;-0.7127109671794233;-0.5833333333333334;0.20516341664377924;0.024242424242424163;0.019230769230769232;-0.32983691907204654;0.6666666666666666;0.0;0.058823529411764705;0.39413536498936924;0.3395348837209302;0.0;2.0;1.0;0.4;0.4;-0.4692485483961892;0.5063291139240507;0.4;-0.48608137044967875;-0.3333333333333333;0.0;-0.2454659161976235;-0.2;0.05393809377873124
0.47058823529411764;0.125;0.2084942084942085;0.47058823529411764;0.016666666666666666;-0.2803738317757009;0.2584745762711865;-1.1823899371069182;0.125;0.7177482408131353;1.22;0.5000000000000001;0.8186274509803921;0.6911067744633392;11;0.4150943396226414;0.28124999999999994;0.40800000000000003;0.4;0.08928571428571427;0.05357142857142857;0.08928571428571427;0.05357142857142857;0.25;0.12363636363636366;-0.5925925925925926;-0.6;-0.3333333333333333;-0.25;-0.5;-0.375;-0.375;0.0;-0.09090909090909091;-0.4444444444444444;0.8738708598193377;0.3772928369041108;0.1896569380440352;-0.05856469763638494;0.7542494185006262;0.4696696302614745;0.1232876712328767;0.0;0.32069672131147536;0.7678571428571428;0.09615384615384616;-0.17564124341769993;0.057692307692307696;0.125;0.08242307692307692;-0.7063499232228344;0.038461538461538464;0.125;0.07103368730859481;0.2241184021747338;0.0;0.19607843137254904;-0.3144029026660358;-0.6614169493133464;-0.7298074232364089;0.41233766233766234;0.0;-0.4856;-0.21214367544982815;-0.3333333333333333;-0.485473289597001;-0.30041475170944965;-0.5;-0.2778333333333333;0.09090909090909091;-0.42857142857142855;-1.0043677426227762;0.21724154201859103;-0.75;-1.0;-0.7127109671794233;-0.5833333333333334;0.20873386432298824;1.2363636363636366;0.9615384615384615;0.11208942653701866;0.7457364341085271;0.36363636363636365;0.17647058823529413;-0.3619773210489015;0.3674418604651163;0.0;0.0;1.0;0.4;0.0;-0.41806189751395223;0.5569620253164558;0.4;-0.1845110635260528;1.6666666666666667;1.0;0.2961225766103815;1.0;0.051792828685258946
0.5;0.30357142857142855;0.2413127413127413;0.5;-0.31666666666666665;-0.27102803738317754;0.23728813559322037;-1.3584905660377358;-0.875;0.7255668491008601;1.245;0.7142857142857144;0.8406862745098039;0.6863674379704481;11;0.5113207547169811;0.3177083333333333;0.43200000000000005;0.40800000000000003;0.125;0.08928571428571427;0.05357142857142857;0.03571428571428571;0.26785714285714285;0.1781818181818182;0.14814814814814814;-0.8;-0.5;-0.75;-2.5;0.125;-0.375;-0.3333333333333333;0.0;-1.0;0.8738708598193377;0.5995923845503802;0.24241679467485944;-0.2962501460223512;0.812041510109143;0.3841081329352714;0.1917808219178082;0.0;0.32069672131147536;0.7678571428571428;0.18590384615384617;1.3290300662476642;0.09615384615384616;0.30357142857142855;0.1236346153846154;0.4577725589377651;0.057692307692307696;0.30357142857142855;0.07387742115101618;0.32167937778449;0.0;0.23529411764705882;0.6816532576116106;-0.2741396076943146;-0.6748581749726524;0.41233766233766234;0.0;-0.4286;-0.1458319293752948;-0.3333333333333333;-0.4184629803186505;-0.30041475170944965;-0.5;-0.5;-0.2727272727272727;-0.42857142857142855;-1.2478960264195162;0.13287406219034584;-0.75;-1.0;-0.7660210500093418;-0.5833333333333334;0.256797583081571;0.024242424242424163;-0.9615384615384615;0.10320802388791064;0.7457364341085271;-0.7272727272727273;-0.7647058823529411;-0.09133593196314667;0.3302325581395349;0.0;0.0;0.0;2.0;0.8;0.10282428547268717;0.6582278481012659;2.0;1.3961456102783727;-0.3333333333333333;-1.0;0.2961225766103815;1.0;0.049341097149862095
0.5294117647058824;0.6785714285714285;0.31467181467181465;0.5294117647058824;-0.65;-0.3177570093457944;0.2330508474576271;-1.6603773584905661;-1.375;0.7333854573885847;1.267;0.8857142857142858;0.9264705882352942;0.6757736269863388;11;0.5820754716981131;0.29166666666666663;0.4880000000000001;0.43200000000000005;0.30357142857142855;0.125;0.08928571428571427;0.07142857142857142;0.26785714285714285;0.23272727272727275;0.0;0.2;-0.6666666666666666;-1.25;-2.0;-0.875;0.125;-0.3333333333333333;-1.1818181818181819;-0.7777777777777778;-0.7092673134827701;0.407317194412686;0.2382386072708657;-0.3571512012772089;0.44399713723385226;0.2730881532758114;0.273972602739726;0.0;0.22540983606557374;0.6589285714285715;0.39744230769230776;4.520129098012569;0.13461538461538464;0.6785714285714285;0.21703846153846154;3.2972631198627043;0.057692307692307696;0.6785714285714285;0.10653064471224592;1.7476402627803367;0.0;0.6470588235294118;3.176999526739233;0.8873129195227816;-0.24019944541962399;0.41233766233766234;0.0;-0.4286;-0.1458319293752948;-0.3333333333333333;-0.4353327085285848;-0.2849456338975452;-0.5;-0.9445;-0.6363636363636364;-0.42857142857142855;-1.2174283583679557;0.10531779361109798;-0.75;-1.0;-0.9262004110356854;-0.5833333333333334;0.2639384784399891;-1.1636363636363638;-0.9423076923076923;0.7350126330296304;0.5922480620155038;-0.36363636363636365;0.17647058823529413;-0.09133593196314667;0.2930232558139535;0.0;0.0;0.0;4.2;1.1;1.2122442076779971;0.8987341772151899;4.2;4.748394004282655;-1.3333333333333333;-0.5;0.6460287679799875;-0.8;0.04413116763714375
0.5588235294117647;1.0;0.42277992277992277;0.5588235294117646;-2.316666666666667;-0.48598130841121495;0.2033898305084746;-1.6603773584905661;-2.625;0.743549648162627;1.29;1.0285714285714287;0.9387254901960784;0.6601616950097569;11;0.6283018867924528;0.2864583333333333;0.44800000000000006;0.4880000000000001;0.6785714285714285;0.30357142857142855;0.125;0.07142857142857142;0.17857142857142855;0.26909090909090905;-0.5925925925925926;0.0;0.16666666666666666;-1.25;-1.5;-1.375;-0.875;0.1111111111111111;-1.6363636363636365;-0.4444444444444444;-0.805955168952827;-0.13491077198389417;0.15262672811059932;-0.17896499357501658;-0.6810699588477366;0.130048226764214;0.3287671232876712;0.0;0.0;0.42321428571428554;0.7115384615384616;5.776116867674536;0.3269230769230769;1.0;0.35988461538461536;6.126637160148133;0.057692307692307696;1.0;0.17187686433599808;3.713358000453069;0.0;1.0;6.194194667928695;2.807570977917981;0.5769671067694421;2.945616883116883;-0.25;-0.8;0.9121908484399217;-0.3333333333333333;-0.6862699156513591;0.29862123080372155;-0.5;-2.1666666666666665;-1.5454545454545454;-1.5714285714285714;-1.3392990305741983;0.3369036946161467;-1.0833333333333333;-1.0;-1.3175562060160677;-0.9166666666666666;0.2914034605877507;-2.3757575757575764;-0.9615384615384615;0.7350126330296304;0.4387596899224806;-0.9090909090909091;-0.4117647058823529;-0.3619773210489015;0.2837209302325581;0.0;0.0;0.0;3.6;-0.3;0.34342409380461114;1.0;3.6;6.067808708065667;-4.333333333333333;-1.5;1.1657285803627269;-3.2;0.03984063745019922
0.5882352941176471;0.8035714285714285;0.5096525096525097;0.5882352941176471;-2.983333333333333;-0.7663551401869159;0.23728813559322037;-2.540880503144654;-1.875;0.7607505863956217;1.3;0.8571428571428572;0.9485294117647058;0.6476163925285752;11;0.6660377358490565;0.24999999999999997;0.44000000000000006;0.44800000000000006;1.0;0.6785714285714285;0.30357142857142855;0.08928571428571427;0.0;0.26909090909090905;-2.5185185185185186;-0.8;0.0;-0.75;-1.5;-2.625;-1.375;-0.7777777777777778;-0.09090909090909091;-0.3333333333333333;-0.805955168952827;-0.6206690858477906;0.042764976958525505;-0.17896499357501658;-0.7232957595276435;0.053804009054821064;0.3424657534246575;0.0;-0.7745901639344263;0.0142857142857143;0.8910192307692308;2.227620180057754;0.7307692307692308;1.0;0.46978846153846154;6.518652334929093;0.057692307692307696;1.0;0.23579127391321636;4.3428226232726725;0.0;1.0;6.7169900615239;4.600887075733497;1.4474039024142051;3.280438311688311;-1.25;-1.4000000000000001;1.7669654289372596;-0.3333333333333333;-1.037722586691659;0.8577513731644434;-0.5;-2.6111666666666666;-1.5454545454545454;-2.142857142857143;-1.795887930116118;0.34558580663426597;-1.0833333333333333;-1.0;-1.6202279379709785;-0.9166666666666666;0.2386706948640484;-1.1636363636363638;0.9615384615384615;0.10320802388791064;0.4387596899224806;0.45454545454545453;0.8235294117647058;0.036233167965981555;0.3255813953488372;0.0;0.0;0.0;-2.2;-2.9;3.0463949489824667;0.5949367088607596;-2.2;2.3401142041399003;-2.0;1.1666666666666667;0.690744215134459;-3.6;0.03555010726325469
0.6176470588235294;0.2857142857142857;0.5405405405405406;0.6176470588235294;-3.3166666666666664;-1.074766355140187;0.2966101694915254;-2.6163522012578615;-0.375;0.6379984362783424;1.297;3.0571428571428574;0.9583333333333334;0.6431558405352655;11;0.7075471698113206;0.29166666666666663;0.384;0.44000000000000006;0.8035714285714285;1.0;0.6785714285714285;0.05357142857142857;0.017857142857142856;0.2727272727272727;-3.4074074074074074;-3.4;-0.6666666666666666;-1.0;0.0;-1.875;-2.625;-1.2222222222222223;-0.36363636363636365;-0.6666666666666666;-0.6898628303780528;-1.062683302679326;-0.0547260624679976;0.8766013784509948;-0.23573089998210767;0.11666283914569749;0.38356164383561636;1.155;0.0;0.42321428571428554;0.75;6.165109563444878;0.3076923076923077;1.0;0.5055000000000001;5.92141631288953;0.09615384615384616;1.0;0.25710933460605334;4.236502303103527;0.0;1.0;3.724088973024136;5.481226726121298;2.099061283675494;0.8750000000000001;-4.5;-2.0;2.2249477727609674;-0.3333333333333333;-1.4561855670103092;1.2007622463849348;-0.5;-2.1666666666666665;-1.5454545454545454;-1.0;-1.795887930116118;0.34558580663426597;-1.0833333333333333;-1.0;-1.6558510307031202;-0.9166666666666666;0.188135127712167;0.04848484848484854;0.9615384615384615;0.7503253962177476;0.593798449612403;1.0;0.29411764705882354;0.32565556343019136;0.4232558139534883;-2.0;-2.0;1.0;-5.8;-1.8;4.408591239641466;0.0;-5.8;6.4764453961456105;-0.3333333333333333;0.8333333333333334;1.0978736710444026;-1.2;0.033711308611707014
0.6470588235294118;0.3214285714285714;0.5752895752895754;0.6470588235294117;-2.65;-1.3271028037383177;0.2457627118644068;-3.0440251572327046;-2.125;0.794370602032838;1.317;0.4857142857142858;0.9656862745098039;0.6381377195427929;11;0.7386792452830188;0.3645833333333333;0.44800000000000006;0.384;0.2857142857142857;0.8035714285714285;1.0;0.08928571428571427;0.0;0.2727272727272727;-3.5555555555555554;-4.6;-2.8333333333333335;-1.25;-1.5;-0.375;-1.875;-2.3333333333333335;-0.36363636363636365;-0.5555555555555556;0.9066577450652392;-1.0515484416165433;-0.09421402969790026;0.32148280830185744;-0.2609590266595097;0.018240871362488257;0.38356164383561636;1.155;0.22540983606557374;0.6589285714285715;0.5064038461538461;4.647528452522506;0.3076923076923077;0.8035714285714285;0.5412115384615385;5.275765513503748;0.13461538461538464;1.0;0.2826830529371992;4.090009816506833;0.038461538461538464;1.0;1.4180470105694905;5.7046559616707375;2.627795161413417;0.41233766233766234;-5.0;-2.4286;2.242738729024867;-0.3333333333333333;-1.7406279287722588;1.3220490976347943;-0.5;-1.9445;-1.1818181818181819;-1.0;-2.222009161606477;0.3778606143537961;-1.0833333333333333;-1.0;-1.9582736501214424;-0.9166666666666666;0.2886569623729745;1.2606060606060607;0.9615384615384615;0.7503253962177476;0.7488372093023256;-1.3636363636363635;-1.588235294117647;0.5734408221119773;0.3302325581395349;0.0;2.0;1.0;0.4;3.1;2.571509104233609;0.1645569620253165;0.4;4.882226980728051;1.6666666666666667;1.0;0.9352720450281427;1.0;0.03432424149555624
0.676470588235294;0.46428571428571425;0.6254826254826256;0.676470588235294;-2.65;-1.6168224299065421;0.3093220338983051;-3.1446540880503147;-0.5;0.8123534010946052;1.322;0.2285714285714286;0.9730392156862745;0.6308893225536654;11;0.7632075471698113;0.3020833333333333;0.56;0.44800000000000006;0.3214285714285714;0.2857142857142857;0.8035714285714285;0.125;0.05357142857142857;0.28363636363636363;-2.814814814814815;-4.8;-3.8333333333333335;0.0;-0.5;-2.125;-0.375;-1.6666666666666667;0.0;-0.5555555555555556;0.9066577450652392;-0.597604016503455;-0.11952892985151017;0.37833417701802896;0.12658794059760267;0.10498343230208994;0.38356164383561636;0.0;0.32069672131147536;0.7678571428571428;0.38461538461538464;0.9427552233735347;0.3076923076923077;0.46428571428571425;0.5934038461538462;4.397796043717821;0.3076923076923077;1.0;0.315336276498429;4.0214452918523;0.038461538461538464;1.0;2.224325603407477;5.3600721045516;3.1181154443002868;0.41233766233766234;-5.0;-3.0286;1.8456769324078437;-0.6666666666666666;-2.075445173383318;1.3895303217128125;-0.5;-1.3333333333333333;-1.1818181818181819;-1.0;-2.3741344412485352;0.1796819704619448;-1.0833333333333333;-1.5714285714285714;-2.029519835585726;-0.9166666666666666;0.22631145289755566;0.04848484848484854;-0.9615384615384615;0.10320802388791064;0.7488372093023256;1.0909090909090908;1.5294117647058822;0.7235116938341601;0.33488372093023255;0.0;0.0;1.0;1.6;0.6;3.5390946502057603;0.6329113924050633;1.6;0.9903640256959314;-0.3333333333333333;-1.0;0.2961225766103815;1.0;0.030646644192460937
0.7058823529411764;0.3571428571428571;0.6640926640926641;0.7058823529411765;-3.65;-1.9626168224299065;0.3389830508474576;-3.1446540880503147;0.125;0.8295543393275995;1.319;-0.1285714285714286;0.9803921568627451;0.6253136325620288;11;0.781132075471698;0.3802083333333333;0.4640000000000001;0.56;0.46428571428571425;0.3214285714285714;0.2857142857142857;0.30357142857142855;0.03571428571428571;0.2909090909090909;-2.962962962962963;-3.8;-4.0;-0.25;-1.5;-0.5;-2.125;-0.3333333333333333;-0.7272727272727273;-0.4444444444444444;-0.6898628303780528;-0.32539643087935577;-0.17605734767025066;0.8928001246057398;0.6071748076578997;0.2856861651520622;0.38356164383561636;0.0;0.32069672131147536;0.7678571428571428;0.41025;0.5591982333956175;0.34615384615384615;0.46428571428571425;0.6016538461538462;4.251829103062054;0.3076923076923077;1.0;0.3409099948295748;3.8459563543003847;0.057692307692307696;1.0;2.3732449913235527;4.331538625744171;3.517260678216185;0.8750000000000001;-5.0;-3.7714;1.2677404137745127;-2.0;-2.477038425492034;1.5695549826252664;-0.5;-1.1111666666666666;-1.1818181818181819;-0.42857142857142855;-2.130606157451795;0.4331618930779031;-1.0833333333333333;-1.0;-2.029519835585726;-0.9166666666666666;0.19747322164240594;-1.1636363636363638;-0.9615384615384615;0.7503253962177476;0.593798449612403;0.36363636363636365;-0.5294117647058824;0.5959425939050319;0.4232558139534883;0.0;0.0;0.0;-1.2;-1.4;0.6451321945994699;0.5316455696202532;-1.2;0.5874375446109923;-2.0;-0.8333333333333334;0.9352720450281427;-1.2;0.029727244866687097
0.7352941176470588;0.3214285714285714;0.6988416988416989;0.7352941176470588;-3.65;-2.336448598130841;0.3728813559322034;-2.9685534591194966;0.875;0.8475371383893666;1.313;-0.5428571428571429;0.9852941176470588;0.6202955115695561;11;0.8207547169811319;0.41666666666666663;0.5840000000000001;0.4640000000000001;0.3571428571428571;0.46428571428571425;0.3214285714285714;0.6785714285714285;0.07142857142857142;0.3054545454545454;-3.8518518518518516;-4.0;-3.1666666666666665;-1.25;-2.5;0.125;-0.5;-1.8888888888888888;-1.0909090909090908;-1.8888888888888888;-0.6898628303780528;-0.021772630113834193;-0.24479262672811025;0.31120283478057714;1.086867060297012;0.38030248351432067;0.38356164383561636;0.0;0.22540983606557374;0.6589285714285715;0.41025;0.5591982333956175;0.34615384615384615;0.46428571428571425;0.5467115384615384;4.395628217866498;0.3076923076923077;1.0;0.3607962454758779;3.682549271313147;0.057692307692307696;1.0;1.7333964347688908;3.0924788311472686;3.8196850594011544;0.8750000000000001;-5.25;-4.4286;0.30433317609003296;-6.333333333333333;-2.861996251171509;1.7229010200650152;-0.5;0.22216666666666665;0.0;0.42857142857142855;-1.5828273143709386;0.8432973151512293;-1.0833333333333333;-0.14285714285714285;-1.6912250108986735;-0.9166666666666666;0.18319143092557;0.04848484848484854;0.9615384615384615;0.10320802388791064;0.593798449612403;0.45454545454545453;0.0;-0.24645641389085754;0.39069767441860465;0.0;0.0;0.0;-0.4;0.4;0.687299171317436;0.40506329113924056;-0.4;0.5874375446109923;-0.3333333333333333;0.8333333333333334;0.11569731081926207;-1.2;0.030340177750536323
0.7647058823529411;0.33928571428571425;0.7355212355212356;0.7466063348416289;-3.65;-2.691588785046729;0.3432203389830509;-3.018867924528302;-0.25;0.8639562157935887;1.318;-0.7714285714285715;0.9901960784313726;0.6149986060775019;11;0.869811320754717;0.4583333333333333;0.64;0.5840000000000001;0.3214285714285714;0.3571428571428571;0.46428571428571425;1.0;0.07142857142857142;0.32;-4.0;-5.2;-3.3333333333333335;-4.5;-2.5;0.875;0.125;-0.4444444444444444;-2.0;-2.4444444444444446;0.02542656406825042;0.04622955709101754;-0.2970609318996412;-0.17896499357501658;0.6789228842368941;0.12978576818345866;0.6575342465753424;0.0;0.0;0.42321428571428554;0.3653846153846154;-0.515372855444199;0.34615384615384615;0.3571428571428571;0.4450576923076923;2.377743654593081;0.3076923076923077;0.8035714285714285;0.3821143061687149;3.4892395982783353;0.057692307692307696;1.0;1.6534153651995578;2.52389649201869;4.0279325345340755;-0.2556818181818181;-6.75;-4.7428;0.22535211267605626;-7.0;-3.263589503280225;1.830288084295483;-0.5;0.3333333333333333;0.18181818181818182;0.42857142857142855;-1.0043677426227762;0.49978766573868727;-0.75;-0.14285714285714285;-1.424425484212493;-0.9166666666666666;0.22466355396868992;0.04848484848484854;0.0;0.10320802388791064;0.6713178294573643;-0.9090909090909091;-0.9411764705882353;0.11029411764705875;0.3255813953488372;0.0;0.0;0.0;0.2;0.3;-0.14679519702350755;0.4936708860759494;0.2;-0.5413990007137758;-0.3333333333333333;0.0;0.11569731081926207;-0.2;0.03156604351823475
0.7941176470588235;0.23214285714285712;0.7606177606177607;0.7941176470588235;-3.65;-3.0373831775700935;0.3559322033898305;-2.993710691823899;0.0;0.8795934323690382;1.323;-0.9857142857142859;0.9926470588235294;0.6113744075829377;11;0.8764150943396224;0.42187499999999994;0.7040000000000001;0.64;0.33928571428571425;0.3214285714285714;0.3571428571428571;0.8035714285714285;0.08928571428571427;0.33818181818181814;-4.148148148148148;-5.4;-4.333333333333333;-6.0;-1.5;-0.25;0.875;0.1111111111111111;-1.4545454545454546;-0.5555555555555556;0.02542656406825042;-0.11482825470994694;-0.29681515616999465;-0.3108913204314474;0.355072463768116;0.2035366293756767;0.6575342465753424;0.0;-0.7745901639344263;0.0142857142857143;0.32051923076923083;0.23713266519449627;0.25;0.33928571428571425;0.35713461538461544;0.15716737422093757;0.25;0.46428571428571425;0.393469355287754;3.342445065317526;0.057692307692307696;1.0;1.2733869695535571;2.421052631578948;4.105115876771222;-0.42735389610389607;-7.0;-4.8856;0.3059505357503874;-7.0;-3.6986879100281165;1.8332025557672906;-0.5;0.2778333333333333;0.18181818181818182;0.42857142857142855;-0.5477788430808566;0.2704666635209739;-0.75;-0.14285714285714285;-1.424425484212493;-0.9166666666666666;0.22768470200494378;0.04848484848484854;-0.0;-0.7809509225939821;0.6713178294573643;0.0;0.5294117647058824;0.04402905740609496;0.3023255813953488;0.0;0.0;0.0;-1.2;-0.7;-0.14679519702350755;0.44303797468354433;-1.2;0.24910778015703067;0.0;0.16666666666666666;-0.6066291432145091;0.0;0.030646644192460937
0.8235294117647058;0.23214285714285712;0.7857142857142858;0.823529411764706;-3.3166666666666664;-3.383177570093458;0.36016949152542377;-2.993710691823899;0.0;0.8983580922595777;1.332;-1.2000000000000004;0.9950980392156863;0.6077502090883744;11;0.8886792452830189;0.43749999999999994;0.648;0.7040000000000001;0.23214285714285712;0.33928571428571425;0.3214285714285714;0.2857142857142857;0.05357142857142857;0.34909090909090906;-4.148148148148148;-5.6;-4.5;-6.25;-2.0;0.0;-0.25;0.7777777777777778;-0.36363636363636365;-0.8888888888888888;0.9250585480093679;-0.016006362777750298;-0.21407066052227308;-0.5336240800591878;0.36133476471640735;0.23936222564876505;0.6575342465753424;0.0;-0.7745901639344263;-0.005357142857143061;0.2884615384615385;0.32172583658909454;0.25;0.33928571428571425;0.3489038461538462;0.3222834432300603;0.25;0.46428571428571425;0.4076681382492144;3.126179868609831;0.09615384615384616;1.0;0.7854551191039595;2.1249495979696875;4.0309852705487295;0.27556818181818193;-6.25;-4.8856;0.3059505357503874;-7.0;-4.0501405810684155;1.7311960542540077;-0.5;-0.11116666666666668;0.18181818181818182;-0.5714285714285714;-0.4565888995419196;0.2814136743264285;-0.75;-0.14285714285714285;-1.3711154013825746;-0.9166666666666666;0.253227135402362;1.2848484848484854;0.9807692307692306;0.12066457392236435;0.7503875968992247;-0.18181818181818182;-0.17647058823529413;-0.16380226789510988;0.3395348837209302;0.0;0.0;0.0;0.0;0.6;-0.08501042899825247;0.43037974683544306;0.0;0.33797287651677377;1.3333333333333333;0.6666666666666666;0.040337711069418386;1.0;0.029727244866687097
0.8529411764705882;0.19642857142857142;0.806949806949807;0.8529411764705882;-2.983333333333333;-3.682242990654206;0.25;-3.6729559748427674;-3.375;0.9147771696637998;1.365;-1.0285714285714287;0.9975490196078431;0.6046835795929741;11;0.8990566037735847;0.4427083333333333;0.672;0.648;0.23214285714285712;0.23214285714285712;0.33928571428571425;0.3214285714285714;0.08928571428571427;0.36727272727272725;-3.5555555555555554;-5.6;-4.666666666666667;-5.0;-2.5;0.0;0.0;-0.2222222222222222;-1.6363636363636365;-0.8888888888888888;1.307126129140181;0.41447531938161764;-0.09069124423963099;1.4365484210116428;0.30175344426552164;0.19710639414717376;0.6575342465753424;0.0;-0.7745901639344263;-0.06428571428571435;0.23717307692307693;-0.46271445558009155;0.21153846153846156;0.23214285714285712;0.32967307692307696;0.5965134134224549;0.21153846153846156;0.46428571428571425;0.4161993397764785;2.985124216567243;0.13461538461538464;1.0;0.6299100804543301;1.651526292070871;3.7849856267012645;0.7637987012987013;-5.5;-4.9428;0.1854572410539793;-7.333333333333333;-4.334582942830366;1.5782983970406905;-0.5;-1.5;-2.090909090909091;-0.5714285714285714;-0.760839458826036;0.9410654461378756;-1.5833333333333333;-0.14285714285714285;-1.7980942890950988;-1.4166666666666667;0.43531996704202147;0.6545454545454548;-0.5;0.0;0.7891472868217053;-2.6363636363636362;-1.6470588235294117;0.8022678951098511;0.20465116279069767;0.0;0.0;0.0;-0.4;-0.2;-0.24984497435030156;0.4810126582278481;-0.4;-0.48608137044967875;1.0;-0.16666666666666666;-0.13602251407129456;1.6;0.02819491265706406
0.8823529411764706;0.0;0.806949806949807;0.8823529411764706;-2.983333333333333;-3.97196261682243;0.2923728813559322;-4.1257861635220126;-2.25;0.9304143862392493;1.39;-0.9571428571428573;1.0;0.6046835795929741;11;0.9103773584905658;0.30729166666666663;0.68;0.672;0.19642857142857142;0.23214285714285712;0.23214285714285712;0.46428571428571425;0.125;0.3927272727272727;-3.111111111111111;-4.8;-4.666666666666667;-5.25;0.0;-3.375;0.0;0.0;-0.45454545454545453;-0.4444444444444444;0.4416192706590834;0.7455385991947109;0.07463389656938084;1.18484482691484;0.38799427446770435;0.17650339555788863;0.6575342465753424;0.0;-0.7745901639344263;-0.16428571428571445;0.15384615384615385;1.523016816714795;0.0;0.23214285714285712;0.25825000000000004;1.1897750880679252;0.0;0.3571428571428571;0.40625621445332694;3.1986709959978854;0.0;1.0;-0.2634484934532262;1.1086549180522285;3.29598819608741;0.04139610389610393;-5.5;-4.9714;0.12264977424354741;-7.666666666666667;-4.7029053420806;1.1953816836677502;-0.75;-2.5;-2.090909090909091;-0.5714285714285714;-1.186960690316395;1.1866182229981597;-1.5833333333333333;-0.14285714285714285;-2.1361400012455625;-1.4166666666666667;0.3787421038176326;0.024242424242424163;-0.5;0.01531276318811738;0.7085271317829457;0.6363636363636364;2.0588235294117645;1.0271084337349397;0.24651162790697673;0.0;0.0;0.0;-2.2;-0.9;0.38243418456508244;0.3417721518987342;-2.2;1.5999286224125626;0.0;-0.5;-0.13602251407129456;0.8;0.022678516702421075
0.9117647058823529;0.0;0.806949806949807;0.9117647058823529;-2.983333333333333;-4.308411214953271;0.4322033898305085;-3.748427672955975;1.75;0.9483971853010165;1.392;-1.2571428571428571;1.0;0.6046835795929741;11;0.9339622641509434;0.35937499999999994;0.4720000000000001;0.68;0.0;0.19642857142857142;0.23214285714285712;0.3571428571428571;0.30357142857142855;0.45454545454545453;-3.111111111111111;-4.2;-4.0;-6.75;-0.5;-2.25;-3.375;0.0;0.0;-1.3333333333333333;-0.008029441284710613;0.7735745886563603;0.2385663082437278;2.646937424555119;1.009393451422437;0.4548407204488044;0.6575342465753424;0.0;-0.7745901639344263;-0.31785714285714295;0.07051923076923076;1.3025310005095971;0.0;0.19642857142857142;0.20328846153846156;1.519284617469063;0.0;0.33928571428571425;0.3821143061687149;3.5348485992599867;0.0;1.0;-1.2653415365199558;0.48343255615379155;2.6017960263552875;-0.661525974025974;-5.5;-4.8286;0.20270907743109365;-7.666666666666667;-5.0543580131209;0.6772783320255577;-1.75;-1.7221666666666666;-2.090909090909091;1.4285714285714286;-0.7913071268775966;1.5635351295238993;-1.5833333333333333;0.8571428571428571;-1.7624711963629571;-1.4166666666666667;0.23510024718483935;0.024242424242424163;-0.0;-0.3212617716867009;0.6682170542635658;2.727272727272727;1.2941176470588236;2.0018603827073;0.5209302325581395;0.0;0.0;0.0;0.0;1.1;0.38243418456508244;0.3670886075949368;0.0;1.36830835117773;0.0;0.0;-0.2454659161976235;0.2;0.018387986515476545
0.9411764705882353;0.0;0.806949806949807;0.9411764705882352;-2.983333333333333;-4.644859813084112;0.2457627118644068;-4.528301886792453;-3.875;0.965598123534011;1.427;-1.0714285714285716;1.0;0.6046835795929741;11;0.9547169811320751;0.53125;0.552;0.4720000000000001;0.0;0.0;0.19642857142857142;0.3214285714285714;0.6785714285714285;0.5927272727272728;-3.111111111111111;-4.2;-3.5;-7.0;-2.5;1.75;-2.25;-3.0;0.5454545454545454;-1.7777777777777777;-0.008029441284710613;0.6926480091464929;0.3693189964157708;2.708617265682801;1.3717122920021472;0.42413306650044313;0.6575342465753424;0.0;-0.7745901639344263;-0.542857142857143;0.0;-0.8551044674706979;0.0;0.0;0.15384615384615385;1.5590280914099897;0.0;0.33928571428571425;0.3281231356640018;3.56656346749226;0.0;1.0;-1.2653415365199558;-0.17831645359455423;1.875448370602152;-0.661525974025974;-5.5;-4.6572;0.19111799986522002;-7.666666666666667;-5.338800374882849;0.07869072973881852;-5.0;-1.9445;-2.4545454545454546;1.4285714285714286;-1.9480132097581762;1.998206955126693;-1.9166666666666667;0.8571428571428571;-2.118453011147786;-1.75;0.5048063718758584;0.024242424242424163;0.0;-0.7809509225939821;0.6682170542635658;-4.2727272727272725;-4.588235294117647;2.868975903614458;0.2697674418604651;0.0;0.0;0.0;0.0;0.0;0.49337617678561346;0.5063291139240507;0.0;-0.8982869379014988;0.0;0.0;-0.7870544090056285;0.2;0.018081520073551932
0.9705882352941176;0.0;0.806949806949807;0.9705882352941175;-2.316666666666667;-3.9626168224299065;0.2966101694915254;-5.056603773584905;-2.5;0.9827990617670055;1.455;-0.9857142857142859;0.9975490196078431;0.6046835795929741;11;0.9764150943396225;0.3020833333333333;0.8160000000000001;0.552;0.0;0.0;0.0;0.33928571428571425;1.0;0.7963636363636364;-3.111111111111111;-4.2;-3.5;-7.25;-9.0;-3.875;1.75;-2.0;-0.2727272727272727;-2.888888888888889;0.4416192706590834;0.6077446935427748;0.4434613415258579;2.6847864179743786;1.383521202361782;0.208523342410026;0.7671232876712328;0.0;-0.7745901639344263;-0.8839285714285715;0.0;-0.8551044674706979;0.0;0.0;0.10165384615384615;1.1081203143347484;0.0;0.23214285714285712;0.2485781330787893;2.485237483953787;0.0;0.7843137254901961;-1.2653415365199558;-0.7035411873532411;1.3440179093846192;0.27556818181818193;-4.5;-4.3427999999999995;0.2124132353932205;-6.333333333333333;-5.338800374882849;0.07869072973881852;-5.0;-2.0555;-2.4545454545454546;1.4285714285714286;-2.4957920528390325;2.017647336384655;-1.9166666666666667;0.8571428571428571;-2.100516908513421;-1.75;0.43284811864872297;0.6545454545454548;0.5;-0.3212617716867009;0.7085271317829457;0.8181818181818182;3.235294117647059;2.8936038270729982;0.17209302325581394;0.0;0.0;0.0;0.0;0.0;-0.938722588646485;0.5063291139240507;0.0;-0.8982869379014988;1.3333333333333333;0.6666666666666666;-0.06504065040650399;1.0;0.01287159056083359
0.9999999999999999;0.0;0.806949806949807;0.9999999999999999;-4.316666666666666;-3.317757009345794;0.36016949152542377;-5.182389937106918;-0.625;1.0;1.467;-1.128571428571429;0.9975490196078431;0.6046835795929741;11;0.9858490566037735;0.3645833333333333;0.4640000000000001;0.8160000000000001;0.0;0.0;0.0;0.23214285714285712;0.8035714285714285;0.9600000000000001;-2.5185185185185186;-4.2;-3.5;-7.25;-12.0;-2.5;-3.875;1.5555555555555556;-0.09090909090909091;-2.2222222222222223;-0.22683171629307458;-0.09136551175622613;0.3458064516129035;1.2491725400101243;1.400697799248524;0.11285718972474675;0.7945205479452055;0.0;-0.7745901639344263;-1.8392857142857144;0.0;-0.8551044674706979;0.0;0.0;0.06594230769230769;0.8400325173877699;0.0;0.23214285714285712;0.184663723501571;1.5283546024314734;0.0;0.4117647058823529;-1.2653415365199558;-1.1939470126420149;0.9771807982904677;2.4906655844155847;-4.5;-4.457199999999999;0.5620324819731786;-6.333333333333333;-5.489456419868791;0.2537832081605201;-5.0;-3.111166666666667;-2.4545454545454546;-1.2857142857142858;-2.648130393096836;1.9255414523663472;-1.9166666666666667;0.8571428571428571;-1.9226505573893007;-1.75;0.3188684427355123;-3.078787878787879;-2.9615384615384617;1.743817471862798;0.5100775193798449;1.0909090909090908;0.11764705882352941;2.311392629340893;0.44651162790697674;0.0;0.0;0.0;0.0;0.0;-0.938722588646485;0.5063291139240507;0.0;-0.8982869379014988;-5.0;-3.1666666666666665;2.345215759849906;-2.0;0.008581060373889088
0.0;0.8214285714285714;0.07335907335907337;0.0;0.35000000000000003;0.34579439252336447;0.0635593220338983;0.1509433962264151;1.5;0.0;0.28;0.1857142857142857;0.0;0.7106216894340669;12;0.02358490566037738;0.078125;0.12000000000000002;0.12000000000000002;0.8214285714285714;0.8214285714285714;0.8214285714285714;0.8214285714285714;0.8214285714285714;0.13818181818181818;0.4444444444444444;0.6;0.5;0.5;1.0;1.5;1.5;1.3333333333333333;1.0;0.7777777777777778;-1.0993643358982936;-1.7977829696276781;-1.4245980542754733;0.023207819010163163;-0.4477545178028269;-0.8338309110593485;0.2054794520547945;0.0;-0.7745901639344263;-1.8392857142857144;0.8846153846153847;2.027518260574146;0.8846153846153847;0.8214285714285714;0.8846153846153847;1.77978502393641;0.8846153846153847;0.8214285714285714;0.8806824961221811;1.30514233934909;0.8846153846153847;0.803921568627451;2.5273702476731343;0.6925357557932689;-0.2855325752372229;-0.37459415584415584;0.5;0.6285999999999999;-0.5102769728418357;0.3333333333333333;0.7195407685098406;-0.5337966595673131;0.0;2.0;1.4545454545454546;1.1428571428571428;2.556727388942154;0.3563440758741092;1.6666666666666667;0.5714285714285714;2.935043906084574;1.8333333333333333;0.055204614117000866;-0.5818181818181819;-0.5;-0.21805374779879025;0.5503875968992248;-1.0;0.4117647058823529;-0.13146704464918496;0.2837209302325581;0.0;0.0;0.0;-2.4;1.2;0.9745757934494612;0.35443037974683544;0.0;-0.8982869379014988;-0.3333333333333333;-0.5;-0.12382739212007501;-0.8;0.8924302788844622
0.029411764705882353;0.6071428571428571;0.138996138996139;0.029411764705882353;0.016666666666666666;0.35514018691588783;0.029661016949152547;0.1761006289308176;0.125;0.17826426896012515;0.475;-0.2857142857142857;0.0;0.7011430164482855;12;0.02358490566037738;0.078125;0.12000000000000002;0.12000000000000002;0.8214285714285714;0.8214285714285714;0.8214285714285714;0.8214285714285714;0.8214285714285714;0.13818181818181818;0.4444444444444444;0.6;0.5;0.5;1.0;1.5;1.5;1.3333333333333333;1.0;0.7777777777777778;-1.0993643358982936;-1.7977829696276781;-1.4245980542754733;0.023207819010163163;-0.4477545178028269;-0.8338309110593485;0.0958904109589041;0.0;-0.7745901639344263;-1.8392857142857144;0.7692307692307693;2.027518260574146;0.6538461538461539;0.8214285714285714;0.7692307692307693;1.77978502393641;0.6538461538461539;0.8214285714285714;0.7613649922443622;1.30514233934909;0.6538461538461539;0.803921568627451;2.5273702476731343;0.6925357557932689;-0.2855325752372229;-0.37459415584415584;0.5;0.5286;-0.5102769728418357;0.3333333333333333;0.602389878163074;-0.5337966595673131;0.0;1.0833333333333333;0.45454545454545453;1.1428571428571428;1.3848940023436667;0.3563440758741092;0.75;0.5714285714285714;1.5649249548483528;0.9166666666666666;0.18895907717659988;-0.5818181818181819;-0.5;-0.21805374779879025;0.5503875968992248;-1.0;0.4117647058823529;-0.13146704464918496;0.2837209302325581;0.0;0.0;0.0;-2.4;1.2;0.9745757934494612;0.35443037974683544;0.0;-0.8982869379014988;-0.3333333333333333;-0.5;-0.12382739212007501;-0.8;0.8924302788844622
0.0588235294117647;0.6071428571428571;0.20463320463320464;0.058823529411764705;-0.31666666666666665;0.3177570093457944;0.029661016949152547;0.10062893081761007;-0.25;0.30492572322126654;0.6;-0.8142857142857144;0.0;0.6916643434625032;12;0.02358490566037738;0.036458333333333336;0.12000000000000002;0.12000000000000002;0.6071428571428571;0.8214285714285714;0.8214285714285714;0.8214285714285714;0.8214285714285714;0.13818181818181818;0.2962962962962963;0.6;0.5;0.5;1.0;0.125;1.5;1.3333333333333333;1.0;0.7777777777777778;-1.2121110739377718;-1.8647909728090672;-1.4522068612391188;-0.1384681281881547;-0.6334764716407227;-0.9700469144713101;0.0958904109589041;0.0;-0.7745901639344263;-1.8392857142857144;0.7307692307692308;1.498556140648887;0.6538461538461539;0.8214285714285714;0.7307692307692308;1.2172342155180198;0.6538461538461539;0.8214285714285714;0.7215924909517559;0.8348561504190893;0.6538461538461539;0.803921568627451;4.0982804858810535;1.6372951305709067;0.2211198453280419;0.41233766233766234;0.5;0.2286;0.012399757396050896;0.3333333333333333;0.2509372071227741;-0.09909203004147521;0.0;0.6111666666666666;0.18181818181818182;1.1428571428571428;0.7812932779375732;0.27952625867031566;0.5;0.5714285714285714;0.8591891386934047;0.6666666666666666;0.18895907717659988;-1.2121212121212124;-0.5;-0.21805374779879025;0.5503875968992248;-0.2727272727272727;0.4117647058823529;-0.13146704464918496;0.2837209302325581;0.0;0.0;0.0;0.0;1.2;0.9745757934494612;0.35443037974683544;0.0;-0.8982869379014988;-1.3333333333333333;-0.5;-0.12382739212007501;-0.8;0.443150475022985
0.08823529411764705;0.26785714285714285;0.2335907335907336;0.08823529411764705;-0.65;0.27102803738317754;0.07203389830508475;0.22641509433962265;0.5;0.3948397185301016;0.706;-0.942857142857143;0.0;0.6874825759687759;12;0.02358490566037738;0.036458333333333336;0.05600000000000002;0.12000000000000002;0.6071428571428571;0.6071428571428571;0.8214285714285714;0.8214285714285714;0.8214285714285714;0.13818181818181818;-0.2962962962962963;0.4;0.5;0.5;1.0;-0.25;0.125;1.3333333333333333;1.0;0.7777777777777778;-1.2121110739377718;-1.7411144802903018;-1.401249359959037;0.041431408434251006;-0.5187869028448737;-0.8859289393392606;0.0958904109589041;0.0;-0.7745901639344263;-1.8392857142857144;0.5320576923076924;2.871751316459996;0.2884615384615385;0.6071428571428571;0.6201923076923077;3.3445939842832626;0.2884615384615385;0.8214285714285714;0.6072465497355128;2.613305142339349;0.2884615384615385;0.803921568627451;2.6952200662565073;1.9243850952301893;0.37507949833371507;0.5783279220779222;0.25;-0.021399999999999995;0.18977020014825788;0.3333333333333333;-0.041940018744142465;0.048425064454657496;0.0;0.16666666666666666;0.18181818181818182;0.0;0.7989773090444231;0.024725145095078442;0.5;0.5714285714285714;0.8798654792302424;0.6666666666666666;0.09118374073056856;-0.5818181818181819;0.5;-0.3212617716867009;0.5503875968992248;0.6363636363636364;0.5294117647058824;0.16628277817150963;0.3674418604651163;0.0;0.0;0.0;-3.8;-1.9;1.2280286374654712;0.2658227848101266;-3.8;3.0167737330478235;-0.6666666666666666;0.3333333333333333;-0.30925578486554095;-1.0;0.30891817346000616
0.11764705882352941;0.19642857142857142;0.2548262548262548;0.11764705882352941;-0.9833333333333334;0.205607476635514;0.06779661016949153;0.22641509433962265;0.0;0.46364347146207974;0.782;-1.1142857142857145;0.0;0.6844159464733757;12;0.02358490566037738;0.08854166666666666;0.05600000000000002;0.05600000000000002;0.26785714285714285;0.6071428571428571;0.6071428571428571;0.8214285714285714;0.8214285714285714;0.13818181818181818;-0.5925925925925926;-0.4;0.3333333333333333;0.5;1.0;0.5;-0.25;0.1111111111111111;1.0;0.7777777777777778;-0.8611575777852124;-1.5806531789034153;-1.3351356886840755;0.0;-0.5688853104312039;-0.922673140644992;0.0958904109589041;0.0;-0.7745901639344263;-1.8392857142857144;0.38461538461538464;3.319517581110922;0.21153846153846156;0.6071428571428571;0.5384615384615385;3.99349652244603;0.21153846153846156;0.8214285714285714;0.5227299844887244;3.155780412293287;0.21153846153846156;0.803921568627451;0.793500552137561;2.0666018358198333;0.4513470197664656;-0.04139610389610384;-0.75;-0.21140000000000003;0.25985578543028504;0.3333333333333333;-0.26452671040299913;0.10671449389081941;0.0;0.11116666666666668;0.18181818181818182;0.0;0.6391818472355385;-0.07795026659746149;0.5;0.5714285714285714;0.6930310767889395;0.6666666666666666;0.12578961823674817;-0.6060606060606062;-0.019230769230769232;-0.32983691907204654;0.5891472868217054;-0.36363636363636365;-0.7058823529411765;-0.09372785258681784;0.36279069767441857;0.0;0.0;0.0;-0.8;1.5;1.3200293139410333;0.21518987341772156;-0.8;3.4871520342612423;-0.3333333333333333;0.16666666666666666;-0.30925578486554095;-0.4;0.2319950965369292
0.14705882352941174;0.25;0.28185328185328185;0.14705882352941177;-0.31666666666666665;0.16822429906542055;0.08050847457627118;0.22641509433962265;0.0;0.5144644253322908;0.889;-0.5142857142857143;0.0;0.68051296347923;12;0.02358490566037738;0.08333333333333334;0.136;0.05600000000000002;0.19642857142857142;0.26785714285714285;0.6071428571428571;0.8214285714285714;0.8214285714285714;0.13818181818181818;-0.7407407407407407;-0.8;-0.3333333333333333;0.5;1.0;0.0;0.5;-0.2222222222222222;1.0;0.7777777777777778;0.04550016728002681;-1.0813739623204257;-1.1294214029697898;-0.6199135547681166;-0.5284487385936659;-0.8930153210196516;0.0958904109589041;0.0;-0.7745901639344263;-1.8392857142857144;0.25640384615384615;-0.14778325123152708;0.21153846153846156;0.26785714285714285;0.4935961538461539;3.8677626230692788;0.21153846153846156;0.8214285714285714;0.4763353617308992;3.0506682775806087;0.21153846153846156;0.803921568627451;0.7113109323237101;2.2554019117193613;0.5525960975857945;-0.04139610389610384;-0.75;-0.23800000000000004;0.1628142058090168;0.3333333333333333;-0.2956888472352391;0.02600605313305686;0.0;0.22216666666666665;0.36363636363636365;0.0;0.5326515393629487;-0.15854291511348104;0.5;0.5714285714285714;0.5684748084947375;0.6666666666666666;0.1672617412798682;0.6303030303030304;0.9807692307692306;0.11208942653701866;0.6666666666666666;0.0;0.17647058823529413;-0.13935152374202697;0.3302325581395349;0.0;0.0;0.0;0.6;0.7;1.5958058515136138;0.4936708860759494;0.6;-0.15524625267665954;1.0;0.6666666666666666;0.040337711069418386;0.6;0.1900091939932577
0.1764705882352941;0.25;0.3088803088803089;0.13122171945701358;-0.65;0.14953271028037382;0.09745762711864407;0.3018867924528302;0.125;0.5535574667709147;0.938;-0.5285714285714286;0.6617647058823529;0.6766099804850843;12;0.02358490566037738;0.09895833333333334;0.128;0.136;0.25;0.19642857142857142;0.26785714285714285;0.8214285714285714;0.8214285714285714;0.13818181818181818;-0.2962962962962963;-1.0;-0.6666666666666666;0.5;1.0;0.0;0.0;0.4444444444444444;1.0;0.7777777777777778;0.04550016728002681;-0.8139384600089479;-1.0192319508448537;-0.3108913204314474;-0.3942565754159955;-0.7945933532364423;0.0958904109589041;0.0;-0.7745901639344263;-1.8392857142857144;0.25;-0.26668931544080166;0.21153846153846156;0.25;0.46153846153846156;3.6813295998554776;0.21153846153846156;0.8214285714285714;0.44318498190351185;2.894812353696292;0.21153846153846156;0.803921568627451;0.9432087079981067;2.4814876307487967;0.6738405963011016;-0.04139610389610384;-0.75;-0.3142;0.1331626120358514;0.3333333333333333;-0.3849578256794752;0.0013451406792959945;0.0;0.0555;0.36363636363636365;-0.42857142857142855;0.4870565675934803;-0.2349832491860522;0.5;0.5714285714285714;0.5151647256648192;0.6666666666666666;0.1494095028838232;-0.6060606060606062;-0.9807692307692306;0.12066457392236435;0.6666666666666666;0.09090909090909091;0.0;-0.39821048901488304;0.35348837209302325;0.0;0.0;0.0;0.0;-0.3;-0.14679519702350755;0.5443037974683544;0.0;-0.2801570306923626;-0.6666666666666666;-0.8333333333333334;0.040337711069418386;0.4;0.14281336193686792
0.20588235294117646;0.19642857142857142;0.3301158301158301;0.20588235294117646;0.016666666666666666;0.11214953271028037;0.11440677966101694;0.27672955974842767;0.125;0.5840500390930414;0.994;-0.2857142857142857;0.6568627450980392;0.6735433509896849;12;0.02358490566037738;0.11979166666666666;0.152;0.128;0.25;0.25;0.19642857142857142;0.8214285714285714;0.8214285714285714;0.13818181818181818;-0.5925925925925926;-0.4;-0.8333333333333334;0.5;1.0;0.125;0.0;0.0;1.0;0.7777777777777778;0.04550016728002681;-0.4266043644678631;-0.8407987711213514;-0.23488181924379894;-0.11352657004830902;-0.6590334962763689;0.0958904109589041;1.155;0.0;-0.5767857142857145;0.25;-0.26668931544080166;0.21153846153846156;0.25;0.3653846153846154;2.457230602474934;0.21153846153846156;0.6071428571428571;0.41086982460326926;2.8295703390470437;0.21153846153846156;0.803921568627451;0.7113109323237101;1.6199331135409503;0.7845531557658549;0.35998376623376627;0.0;-0.3714;0.012399757396050896;0.0;-0.3055295220243674;-0.01502073758547252;0.0;0.11116666666666668;0.36363636363636365;-0.42857142857142855;0.15212527964205816;-0.7721417449157744;0.5;-0.5714285714285714;0.47505760727408614;0.6666666666666666;0.17220543806646532;0.6303030303030304;0.9807692307692306;0.12066457392236435;0.6666666666666666;0.09090909090909091;-0.058823529411764705;-0.5815024805102764;0.3581395348837209;-2.0;-2.0;1.0;-0.6;-0.3;-0.26224702632617397;0.4683544303797469;-0.6;-0.2801570306923626;1.6666666666666667;1.1666666666666667;0.3405253283302064;0.8;0.12473184186331601
0.23529411764705882;0.23214285714285712;0.3552123552123552;0.2352941176470588;0.016666666666666666;0.12149532710280374;0.12288135593220338;0.25157232704402516;-0.125;0.6082877247849882;1.027;-0.2571428571428571;0.6715686274509803;0.6699191524951207;12;0.02358490566037738;0.140625;0.18400000000000002;0.152;0.19642857142857142;0.25;0.25;0.6071428571428571;0.8214285714285714;0.13818181818181818;0.14814814814814814;-0.8;-0.3333333333333333;0.25;1.0;0.125;0.125;0.0;0.0;0.7777777777777778;0.8283706925393108;0.048814435552020655;-0.6364772145417303;-0.38207234920758537;-0.12605117194489165;-0.5558872740395656;0.0958904109589041;1.155;0.22540983606557374;-0.26428571428571435;0.24359615384615385;-0.33599456429420743;0.21153846153846156;0.25;0.3076923076923077;1.6345406918977508;0.21153846153846156;0.6071428571428571;0.39014835142982135;2.6803594351732993;0.21153846153846156;0.803921568627451;0.6299100804543301;1.062830578022343;0.9089521483629701;0.5101461038961039;0.0;-0.39999999999999997;-0.051216389244558236;-0.3333333333333333;-0.24367385192127466;-0.03452527743526509;0.0;0.0555;0.2727272727272727;-0.42857142857142855;0.091403004154682;-0.7527013636578117;0.5;-0.5714285714285714;0.38861555707791;0.6666666666666666;0.20790991485855537;0.6303030303030304;0.0;0.12066457392236435;0.7457364341085271;-0.09090909090909091;-0.17647058823529413;-0.5302976612331679;0.34883720930232553;0.0;2.0;1.0;0.4;0.5;-0.37115959185974406;0.4936708860759494;0.4;-0.352962169878658;0.0;-0.8333333333333334;0.3405253283302064;1.2;0.10634385534783944
0.2647058823529412;0.07142857142857142;0.36293436293436293;0.2647058823529411;0.016666666666666666;0.07476635514018691;0.1440677966101695;0.25157232704402516;0.0;0.6317435496481626;1.051;-0.3428571428571429;0.6887254901960784;0.6688040144967937;12;0.02358490566037738;0.15104166666666666;0.216;0.18400000000000002;0.23214285714285712;0.19642857142857142;0.25;0.6071428571428571;0.8214285714285714;0.13818181818181818;0.14814814814814814;0.2;-0.6666666666666666;-0.75;1.0;-0.125;0.125;0.1111111111111111;-0.2727272727272727;0.7777777777777778;0.04550016728002681;0.183426952328876;-0.5035944700460826;-0.2962501460223512;-0.2559491859008766;-0.40208654571700414;0.0958904109589041;0.0;0.32069672131147536;-0.1142857142857144;0.17948076923076925;0.7504671309665363;0.07692307692307693;0.23214285714285712;0.22526923076923078;0.06142173245415948;0.07692307692307693;0.26785714285714285;0.35568547905977804;2.8075209544665105;0.07692307692307693;0.803921568627451;0.1367723615712256;0.8414885794928961;0.982268691648223;-0.661525974025974;0.0;-0.3142;0.024260394905317027;-0.3333333333333333;-0.19423617619493908;-0.05425400739827374;0.0;0.0;0.2727272727272727;-0.42857142857142855;0.15212527964205816;-0.8089463502099752;0.5833333333333334;-0.5714285714285714;0.3442735255651741;0.6666666666666666;0.18264213128261475;-0.6060606060606062;-0.9807692307692306;0.12066457392236435;0.6666666666666666;0.18181818181818182;0.11764705882352941;-0.4972537207654146;0.35348837209302325;0.0;0.0;1.0;-1.8;-1.1;0.30328654377360603;0.4177215189873418;-1.8;0.7883654532476803;0.0;0.0;0.11569731081926207;0.2;0.09653692920625193
0.29411764705882354;0.17857142857142855;0.3822393822393822;0.2941176470588235;0.016666666666666666;0.07476635514018691;0.1610169491525424;0.22641509433962265;0.0;0.6473807662236122;1.077;-0.2571428571428571;0.7083333333333334;0.666016169500975;12;0.02358490566037738;0.17708333333333334;0.232;0.216;0.07142857142857142;0.23214285714285712;0.19642857142857142;0.26785714285714285;0.8214285714285714;0.13818181818181818;0.14814814814814814;0.2;0.16666666666666666;-1.25;1.0;0.0;-0.125;0.1111111111111111;0.2727272727272727;0.7777777777777778;0.0642355302776849;0.33832082318437134;-0.3359754224270351;-0.15560141739028852;-0.04786187153336897;-0.2411994357140513;0.0958904109589041;0.0;0.32069672131147536;-0.037500000000000235;0.17307692307692307;0.701885510446747;0.07692307692307693;0.23214285714285712;0.21153846153846156;-0.03432390931261862;0.07692307692307693;0.25;0.3383247822455554;2.696971985199728;0.07692307692307693;0.803921568627451;-0.1277804070042594;0.6726121296933185;1.0634205907044187;-0.661525974025974;0.0;-0.1714;0.012399757396050896;-0.3333333333333333;-0.15370196813495787;-0.07353435713485042;0.0;-0.0555;0.2727272727272727;-0.5714285714285714;0.030467668051560665;-0.9814561411786914;0.5833333333333334;-1.0;0.3081522077598556;0.6666666666666666;0.19829717110683887;0.6545454545454548;1.0;0.1298522318352348;0.6682170542635658;0.09090909090909091;-0.11764705882352941;-0.4972537207654146;0.36279069767441857;0.0;0.0;0.0;1.2;1.5;0.8126726422008003;0.4683544303797469;1.2;0.7373304782298359;0.0;0.0;-0.7870544090056285;0.2;0.08948820104198588
0.32352941176470584;0.14285714285714285;0.39768339768339767;0.32352941176470584;0.35000000000000003;0.07476635514018691;0.1652542372881356;0.12578616352201258;-0.5;0.6630179827990618;1.097;-0.2571428571428571;0.7279411764705882;0.663785893504321;12;0.02358490566037738;0.19791666666666666;0.272;0.232;0.17857142857142855;0.07142857142857142;0.23214285714285712;0.19642857142857142;0.8214285714285714;0.13818181818181818;0.14814814814814814;0.2;0.16666666666666666;-1.5;1.0;0.0;0.0;-0.1111111111111111;-0.09090909090909091;0.7777777777777778;0.8450986952157915;0.42282646517870465;-0.15016897081413197;-0.44577703360461046;-0.11137949543746638;-0.1338538761851645;0.0958904109589041;0.0;0.22540983606557374;0.0;0.14101923076923079;0.18277560727025655;0.07692307692307693;0.17857142857142855;0.20328846153846156;0.031072170535633582;0.07692307692307693;0.25;0.32054647416776033;2.627199275088726;0.07692307692307693;0.803921568627451;0.15728032812746487;0.4278361518939303;1.1402986593401003;0.04139610389610393;0.75;0.08580000000000002;-0.009973717905519217;0.6666666666666666;-0.06138706654170572;-0.027799574038784917;0.25;-0.22216666666666665;0.0;-0.5714285714285714;-0.091403004154682;-0.7874298117302885;0.3333333333333333;-1.0;0.1948060036121318;0.5;0.23290304861301842;0.6303030303030304;-0.019230769230769232;0.1298522318352348;0.7472868217054263;-0.18181818181818182;-0.23529411764705882;-0.44817505315379164;0.3441860465116279;0.0;0.0;0.0;-0.4;-0.8;0.7538192682789332;0.5569620253164558;-0.4;0.19200571020699508;1.0;0.5;-0.2454659161976235;0.8;0.0827459393196445
0.3529411764705882;0.25;0.4247104247104247;0.35746606334841624;0.35000000000000003;0.056074766355140186;0.17796610169491528;0.0;-0.375;0.6763096168881938;1.114;-0.2571428571428571;0.7475490196078431;0.6598829105101753;12;0.02358490566037738;0.20312499999999997;0.30400000000000005;0.272;0.14285714285714285;0.17857142857142855;0.07142857142857142;0.25;0.8214285714285714;0.13818181818181818;0.5925925925925926;0.2;0.16666666666666666;-0.75;1.0;-0.5;0.0;0.0;-0.09090909090909091;0.7777777777777778;0.4238875878220142;0.5369587910722275;0.015320020481311189;-0.5336240800591878;-0.20567185543030947;-0.02493356517174627;0.0958904109589041;0.0;0.0;0.0142857142857143;0.2051346153846154;0.18277560727025655;0.15384615384615385;0.25;0.20328846153846156;0.031072170535633582;0.07692307692307693;0.25;0.31468003022710095;2.475572000302046;0.07692307692307693;0.803921568627451;0.4914024294052687;0.35582647470411033;1.2476532091887353;0.04139610389610393;0.75;0.2572;0.019677875867646053;0.6666666666666666;0.016635426429240853;-0.001345140679296094;0.25;-0.38883333333333336;0.0;-0.5714285714285714;-0.18259294769361883;-0.7432642853772474;0.3333333333333333;-1.0;0.11807934234290342;0.5;0.23729744575666029;0.024242424242424163;-0.4807692307692307;-0.32983691907204654;0.7069767441860464;0.0;0.058823529411764705;-0.4972537207654146;0.3395348837209302;0.0;0.0;0.0;1.2;0.8;0.10282428547268717;0.5569620253164558;1.2;0.19200571020699508;0.0;-0.5;-0.2454659161976235;0.8;0.07753600980692618
0.38235294117647056;0.03571428571428571;0.42857142857142855;0.38235294117647056;0.35000000000000003;0.028037383177570093;0.2245762711864407;0.07547169811320754;0.375;0.6935105551211883;1.147;-0.1;0.767156862745098;0.6593253415110114;12;0.02358490566037738;0.21874999999999997;0.31200000000000006;0.30400000000000005;0.25;0.14285714285714285;0.17857142857142855;0.25;0.8214285714285714;0.13818181818181818;0.5925925925925926;0.8;0.16666666666666666;-1.25;1.0;-0.375;-0.5;0.0;0.0;0.7777777777777778;-0.02475744396119098;0.41884972908485374;0.16688172043010774;0.290175616214322;0.10279119699409561;0.22676421377251427;0.0958904109589041;0.0;-0.7745901639344263;0.0142857142857143;0.15384615384615385;1.183285204688296;0.038461538461538464;0.25;0.17032692307692307;0.33565170264655414;0.038461538461538464;0.25;0.2926261782603507;2.5420222004077626;0.038461538461538464;0.803921568627451;0.10995425145922055;0.2065890277744837;1.3176117428578697;-0.661525974025974;0.75;0.48580000000000007;-0.2684817036188422;0.6666666666666666;0.08364573570759137;0.013451406792960443;0.25;-0.22216666666666665;0.0;-0.14285714285714285;-0.12165761159049748;-0.6643703109517295;0.3333333333333333;-0.7142857142857143;0.15918291087999006;0.5;0.1911562757484208;0.0;-0.019230769230769232;-0.32983691907204654;0.6666666666666666;0.7272727272727273;0.4117647058823529;-0.16380226789510988;0.38604651162790693;0.0;0.0;0.0;-2.4;-1.8;1.0947629516883701;0.43037974683544306;-2.4;1.2430406852248395;0.0;0.0;-0.2454659161976235;0.2;0.0732454796199816
0.4117647058823529;0.08928571428571427;0.43822393822393824;0.4117647058823529;0.35000000000000003;0.04672897196261682;0.2288135593220339;0.07547169811320754;0.0;0.7021110242376857;1.156;-0.1285714285714286;0.7843137254901961;0.657931419013102;12;0.02358490566037738;0.27604166666666663;0.33599999999999997;0.31200000000000006;0.03571428571428571;0.25;0.14285714285714285;0.19642857142857142;0.8214285714285714;0.13818181818181818;0.5925925925925926;0.8;0.6666666666666666;0.0;1.0;0.375;-0.375;-0.4444444444444444;0.0;0.7777777777777778;-0.02475744396119098;0.3420987224735298;0.26617511520737347;0.17912075074958148;0.20477724100912517;0.4162593090777863;0.0958904109589041;1.155;0.0;0.42321428571428554;0.13461538461538464;1.2665194496347882;0.038461538461538464;0.25;0.15384615384615385;0.36997561195917256;0.038461538461538464;0.25;0.23437935011732886;1.6364872007853208;0.038461538461538464;0.5686274509803921;-0.6964820949676607;0.03818695002490452;0.9035081024701721;-0.42735389610389607;0.75;0.5428;-0.2932812184109441;0.6666666666666666;0.08364573570759137;0.013451406792960443;0.25;0.0;0.09090909090909091;-0.14285714285714285;-0.15212527964205816;-0.6796583777662437;0.3333333333333333;-0.7142857142857143;-0.05430653297627203;0.5;0.20736061521560017;0.024242424242424163;0.019230769230769232;-0.7631881172957661;0.6666666666666666;-0.18181818181818182;-0.6470588235294118;-0.16380226789510988;0.3767441860465116;-2.0;-2.0;1.0;0.6;1.5;1.2359208523592082;0.3924050632911393;0.6;1.3304782298358315;-0.3333333333333333;-0.16666666666666666;-0.6066291432145091;0.0;0.06527735212994176
0.4411764705882353;0.1607142857142857;0.4555984555984556;0.4434389140271493;0.016666666666666666;0.06542056074766354;0.2033898305084746;-0.12578616352201258;-1.125;0.7099296325254105;1.156;-0.2714285714285714;0.8014705882352942;0.6554223585168657;12;0.20754716981132074;0.28124999999999994;0.42400000000000004;0.33599999999999997;0.08928571428571427;0.03571428571428571;0.25;0.23214285714285712;0.6071428571428571;0.2618181818181818;0.4444444444444444;0.8;0.6666666666666666;0.0;0.5;0.0;0.375;-0.3333333333333333;-0.18181818181818182;-0.4444444444444444;-0.008029441284710613;0.3420987224735298;0.34646185355862796;-0.3571512012772089;-0.0702272320629807;0.33581575407631004;0.0958904109589041;1.155;0.22540983606557374;0.6589285714285715;0.10255769230769232;0.3380329539663665;0.038461538461538464;0.1607142857142857;0.14286538461538462;0.1871556318309095;0.038461538461538464;0.25;0.19886250646303144;1.0348108434644718;0.038461538461538464;0.5686274509803921;-0.1460798233159806;0.03135599250492167;0.6166526749599328;-0.2556818181818181;0.75;0.5714;-0.32886313093874253;0.6666666666666666;0.08364573570759137;0.013451406792960443;0.25;-0.3333333333333333;-0.45454545454545453;-0.14285714285714285;-0.3956535634387983;-0.3772943896569623;-0.08333333333333333;-0.7142857142857143;-0.23217288410039236;0.08333333333333333;0.2680582257621533;0.024242424242424163;0.0;-0.7631881172957661;0.6682170542635658;-0.8181818181818182;-0.47058823529411764;0.12429128277817154;0.29767441860465116;0.0;2.0;1.0;0.8;0.1;1.0823608997124974;0.5949367088607596;0.8;0.3551034975017845;-0.3333333333333333;0.0;-0.6066291432145091;-0.2;0.06313208703646953
0.47058823529411764;0.14285714285714285;0.47104247104247104;0.47058823529411764;0.016666666666666666;0.07476635514018691;0.2457627118644068;-0.1761006289308176;-0.25;0.7177482408131353;1.173;-0.17142857142857149;0.8186274509803921;0.6531920825202118;12;0.3254716981132074;0.24999999999999997;0.43200000000000005;0.42400000000000004;0.1607142857142857;0.08928571428571427;0.03571428571428571;0.07142857142857142;0.6071428571428571;0.38545454545454544;0.2962962962962963;0.6;0.6666666666666666;0.0;-1.5;-1.125;0.0;0.3333333333333333;-0.09090909090909091;-0.7777777777777778;-0.008029441284710613;0.13809216085897494;0.38062467997951904;-0.07398465791830532;-0.04410449096439421;0.29369115186509653;0.2191780821917808;0.0;0.32069672131147536;0.7678571428571428;0.14101923076923079;-0.14778325123152708;0.09615384615384616;0.1607142857142857;0.15384615384615385;0.08201607804173058;0.038461538461538464;0.25;0.16193373901284647;-0.021747338216416237;0.038461538461538464;0.19607843137254904;0.0763527370247673;-0.06807238917482993;0.48711491007148494;-0.2556818181818181;0.5;0.5714;-0.32886313093874253;0.6666666666666666;0.1337863167760075;-0.001345140679296094;0.25;-0.6111666666666666;-0.45454545454545453;-0.5714285714285714;-0.4565888995419196;-0.39352616429953297;-0.08333333333333333;-0.7142857142857143;-0.23217288410039236;0.08333333333333333;0.22686075254051086;0.024242424242424163;0.0;-0.7809509225939821;0.6682170542635658;0.6363636363636364;0.8823529411764706;0.07795889440113402;0.3395348837209302;0.0;0.0;1.0;-0.2;-0.5;-0.3420711426799707;0.5443037974683544;-0.2;-0.15524625267665954;-0.3333333333333333;0.0;-0.7870544090056285;-0.2;0.06313208703646953
0.5;0.17857142857142855;0.4903474903474903;0.5;0.016666666666666666;0.09345794392523364;0.2584745762711865;-0.22641509433962265;-0.25;0.7255668491008601;1.193;-0.0285714285714286;0.8406862745098039;0.650404237524393;12;0.4254716981132074;0.3020833333333333;0.384;0.43200000000000005;0.14285714285714285;0.1607142857142857;0.08928571428571427;0.17857142857142855;0.26785714285714285;0.44;0.14814814814814814;0.4;0.5;0.0;-2.5;-0.25;-1.125;0.0;-0.09090909090909091;-0.1111111111111111;-0.008029441284710613;0.019784262066908396;0.38554019457245287;0.20232856975974464;-0.007425299695830954;0.3528755618253995;0.2191780821917808;0.0;0.32069672131147536;0.7678571428571428;0.17307692307692307;-0.515372855444199;0.15384615384615385;0.17857142857142855;0.15384615384615385;0.08201607804173058;0.038461538461538464;0.25;0.15483434753211628;-0.10450804198444451;0.038461538461538464;0.17647058823529416;0.15728032812746487;-0.06019781314484943;0.39344679335521127;-0.2556818181818181;0.25;0.5428;-0.2647078644113484;0.6666666666666666;0.20079662605435802;-0.06322161192691403;0.25;-0.7221666666666667;-0.45454545454545453;-0.8571428571428571;-0.5175242356450409;-0.415231444344831;-0.08333333333333333;-0.7142857142857143;-0.3390421622968176;0.08333333333333333;0.2304312002197199;0.024242424242424163;-0.0;-0.7809509225939821;0.6682170542635658;0.0;-0.47058823529411764;0.07795889440113402;0.38139534883720927;0.0;0.0;0.0;0.4;0.3;-0.37115959185974406;0.5189873417721519;0.4;-0.5413990007137758;-0.3333333333333333;0.0;-0.7870544090056285;-0.2;0.059454489733374166
0.5294117647058824;0.10714285714285714;0.5019305019305019;0.5294117647058824;0.016666666666666666;0.09345794392523364;0.2627118644067797;-0.3522012578616352;-0.5;0.7333854573885847;1.205;0.0;0.9264705882352942;0.6487315305269021;12;0.49716981132075466;0.3177083333333333;0.4640000000000001;0.384;0.17857142857142855;0.14285714285714285;0.1607142857142857;0.14285714285714285;0.19642857142857142;0.4799999999999999;0.0;0.2;0.3333333333333333;0.75;-3.0;-0.25;-0.25;-1.0;-0.45454545454545453;-0.5555555555555556;-0.008029441284710613;0.022766814137296736;0.35457245263696896;-0.5336240800591878;-0.17382358203614237;0.311800793937207;0.2602739726027397;0.0;0.22540983606557374;0.6589285714285715;0.15384615384615385;-0.17564124341769993;0.11538461538461539;0.17857142857142855;0.14834615384615385;0.1091139011832716;0.038461538461538464;0.25;0.1477349560513861;-0.0797402401268594;0.038461538461538464;0.17647058823529416;0.009780722511437039;-0.09852707478475359;0.28710982217812697;-0.42735389610389607;0.0;0.4572;-0.27656850192061455;0.6666666666666666;0.30107778819119024;-0.18585360385607;0.25;-0.44449999999999995;0.0;-0.8571428571428571;-0.5175242356450409;-0.415231444344831;-0.08333333333333333;-0.7142857142857143;-0.4102883477611011;0.08333333333333333;0.24443834111507834;0.024242424242424163;0.0;-0.7809509225939821;0.6682170542635658;-0.18181818181818182;-0.17647058823529413;-0.21394401133947555;0.3395348837209302;0.0;0.0;0.0;-0.8;-0.6;-0.26224702632617397;0.4810126582278481;-0.8;-0.1845110635260528;0.3333333333333333;0.3333333333333333;-0.42589118198874293;0.2;0.05485749310450502
0.5588235294117647;0.17857142857142855;0.5212355212355213;0.5588235294117646;0.016666666666666666;0.09345794392523364;0.2627118644067797;0.0;-0.875;0.743549648162627;1.219;0.0142857142857143;0.9387254901960784;0.6459436855310843;12;0.5981132075471697;0.32291666666666663;0.4880000000000001;0.4640000000000001;0.10714285714285714;0.17857142857142855;0.14285714285714285;0.25;0.25;0.530909090909091;0.14814814814814814;0.0;0.16666666666666666;0.75;-1.5;-0.5;-0.25;-0.2222222222222222;-0.36363636363636365;-0.5555555555555556;0.4416192706590834;0.15220957399214585;0.36596006144393256;-0.7680386277792922;-0.4996421542315261;0.22020274925363356;0.3150684931506849;0.0;0.0;0.42321428571428554;0.16667307692307692;-0.0706641753015117;0.11538461538461539;0.17857142857142855;0.1373653846153846;-0.21353084635534283;0.038461538461538464;0.17857142857142855;0.14204748836654335;-0.15374159933549797;0.038461538461538464;0.17647058823529416;0.009780722511437039;0.08439078769478918;0.2211198453280419;-0.42735389610389607;0.0;0.3714;-0.32886313093874253;0.6666666666666666;0.3514526710402999;-0.22934648581997538;0.25;-0.7221666666666667;-0.2727272727272727;-0.8571428571428571;-0.6391818472355385;-0.3412447506252066;-0.08333333333333333;-0.7142857142857143;-0.5348446160553031;0.08333333333333333;0.273276572370228;0.6545454545454548;0.5;-0.3212617716867009;0.7085271317829457;-0.2727272727272727;-0.11764705882352941;-0.4972537207654146;0.3255813953488372;0.0;0.0;0.0;0.8;0.8;0.0;0.5063291139240507;0.8;-0.07423269093504631;0.0;-0.16666666666666666;-0.47435897435897434;0.4;0.05240576156910817
0.5882352941176471;0.05357142857142857;0.5270270270270271;0.5882352941176471;0.016666666666666666;0.028037383177570093;0.2796610169491526;-0.6289308176100629;-0.625;0.7607505863956217;1.249;0.1285714285714286;0.9485294117647058;0.6451073320323388;12;0.6443396226415092;0.32291666666666663;0.496;0.4880000000000001;0.17857142857142855;0.10714285714285714;0.17857142857142855;0.03571428571428571;0.25;0.5818181818181819;0.14814814814814814;0.2;0.0;0.75;-2.5;-0.875;-0.5;-0.2222222222222222;0.18181818181818182;-0.4444444444444444;0.4416192706590834;0.23174429586916537;0.33589349718382017;-0.49826720143296604;-0.38280551082483444;0.15445687477444986;0.3698630136986301;0.0;-0.7745901639344263;0.0142857142857143;0.12178846153846155;0.3380329539663665;0.057692307692307696;0.17857142857142855;0.1401153846153846;-0.31397344413332134;0.057692307692307696;0.17857142857142855;0.12641689535854905;-0.15615797024843311;0.038461538461538464;0.17647058823529416;-0.19151285691749492;0.044733284314888065;0.15914930423058313;-0.42735389610389607;0.0;0.2572;-0.41269627333378256;0.3333333333333333;0.41822867853795687;-0.37013787691962785;0.25;-0.8888333333333334;-0.2727272727272727;-1.1428571428571428;-0.8827101310322786;-0.520549237955929;-0.08333333333333333;-1.1428571428571428;-0.6414647817151399;0.08333333333333333;0.26915682504806376;0.024242424242424163;-0.5;-0.3212617716867009;0.7085271317829457;0.09090909090909091;0.17647058823529413;-0.44817505315379164;0.3395348837209302;0.0;0.0;0.0;-1.4;-1.1;0.34342409380461114;0.4683544303797469;-1.4;0.3551034975017845;-0.3333333333333333;-0.16666666666666666;-0.47435897435897434;0.0;0.049341097149862095
0.6176470588235294;0.125;0.5405405405405406;0.6176470588235294;0.35000000000000003;-0.018691588785046728;0.3008474576271187;-0.6792452830188679;-0.25;0.6379984362783424;1.277;2.771428571428572;0.9583333333333334;0.6431558405352655;12;0.6971698113207546;0.34374999999999994;0.496;0.496;0.05357142857142857;0.17857142857142855;0.10714285714285714;0.08928571428571427;0.19642857142857142;0.6218181818181818;0.0;0.2;0.16666666666666666;0.5;0.0;-0.625;-0.875;-0.4444444444444444;-0.09090909090909091;-0.4444444444444444;0.8919371027099366;0.5198588258686683;0.3721863799283156;-0.15560141739028852;-0.18455895509035594;0.13267281257176616;0.3972602739726027;1.155;0.0;0.42321428571428554;0.12821153846153846;0.3380329539663665;0.057692307692307696;0.17857142857142855;0.14559615384615385;-0.3800921325986812;0.057692307692307696;0.17857142857142855;0.12074931392435269;-0.1836441893830702;0.038461538461538464;0.17647058823529416;-0.4557501183151918;-0.07053912383482357;0.11152662240199444;0.18344155844155843;0.75;0.2858;-0.32886313093874253;0.6666666666666666;0.46860356138706655;-0.34659791503194715;0.25;-0.7778333333333333;-0.2727272727272727;-0.8571428571428571;-0.9436454671354;-0.5907611003633277;-0.08333333333333333;-1.4285714285714286;-0.6947748645450583;0.08333333333333333;0.27739631969239226;1.2606060606060607;0.9807692307692306;0.0;0.7472868217054263;0.18181818181818182;0.0;-0.39821048901488304;0.36279069767441857;-2.0;-2.0;1.0;0.8;1.1;0.49337617678561346;0.4683544303797469;0.8;0.3551034975017845;1.3333333333333333;0.8333333333333334;0.040337711069418386;0.8;0.04351823475329453
0.6470588235294118;0.17857142857142855;0.5598455598455598;0.6470588235294117;0.6833333333333332;-0.037383177570093455;0.3008474576271187;-0.779874213836478;-0.5;0.794370602032838;1.284;0.0142857142857143;0.9656862745098039;0.6403679955394477;12;0.7283018867924527;0.36979166666666663;0.528;0.496;0.125;0.05357142857142857;0.17857142857142855;0.1607142857142857;0.23214285714285712;0.6690909090909092;0.5925925925925926;0.0;0.16666666666666666;0.25;0.0;-0.25;-0.625;-0.7777777777777778;-0.9090909090909091;-0.6666666666666666;1.2740046838407497;0.7910722274693047;0.4424782386072711;-0.4082395545344808;-0.5542136339237786;0.04186214363045843;0.4657534246575343;1.155;0.22540983606557374;0.6589285714285715;0.12821153846153846;0.3380329539663665;0.057692307692307696;0.17857142857142855;0.14834615384615385;-0.3363743112636618;0.057692307692307696;0.17857142857142855;0.11647377003539751;-0.2615721513252283;0.038461538461538464;0.17647058823529416;0.082505126991639;-0.09359360546476596;0.1143249637487598;0.5783279220779222;1.25;0.4;-0.08949390120628081;1.3333333333333333;0.552249297094658;-0.27575383925568886;0.75;-0.6111666666666666;-0.09090909090909091;-0.8571428571428571;-0.7913071268775966;-0.7549662624451472;0.08333333333333333;-1.4285714285714286;-0.7483340599115651;0.08333333333333333;0.30293875308981055;0.6303030303030304;-0.5;0.0;0.786046511627907;-0.2727272727272727;-0.35294117647058826;-0.39821048901488304;0.3441860465116279;0.0;2.0;1.0;0.6;-0.1;0.432944359884999;0.5949367088607596;0.6;0.3551034975017845;0.6666666666666666;-0.3333333333333333;0.0;1.4;0.03800183879865157
0.676470588235294;0.1607142857142857;0.5772200772200773;0.676470588235294;1.0166666666666666;-0.06542056074766354;0.3177966101694915;-0.8301886792452831;-0.25;0.8123534010946052;1.303;-0.0428571428571429;0.9730392156862745;0.6378589350432113;12;0.7509433962264149;0.36979166666666663;0.5680000000000001;0.528;0.17857142857142855;0.125;0.05357142857142857;0.14285714285714285;0.07142857142857142;0.6836363636363637;0.8888888888888888;0.8;0.0;0.0;0.0;-0.5;-0.25;-0.5555555555555556;-0.2727272727272727;-0.5555555555555556;0.8450986952157915;1.018740368842273;0.49048643113159257;-0.49826720143296604;-0.47208803005904443;0.0018372100652867195;0.5205479452054795;0.0;0.32069672131147536;0.7678571428571428;0.16667307692307692;-0.33599456429420743;0.13461538461538464;0.17857142857142855;0.15109615384615385;-0.3201156173787372;0.057692307692307696;0.17857142857142855;0.12359304776677406;-0.30657705957864523;0.038461538461538464;0.17647058823529416;0.2339485723300203;-0.07793932781480518;0.10012974128062274;0.15016233766233772;1.75;0.6;0.15769256688456093;2.0;0.6694001874414246;-0.16343459253446926;1.25;-0.44449999999999995;0.0;-0.8571428571428571;-0.7913071268775966;-0.7549662624451472;0.08333333333333333;-1.4285714285714286;-0.7839571526437068;0.08333333333333333;0.306234550947542;0.6545454545454548;0.019230769230769232;-0.32983691907204654;0.7472868217054263;0.09090909090909091;0.17647058823529413;-0.39821048901488304;0.3395348837209302;0.0;0.0;1.0;-0.2;-0.4;-0.3420711426799707;0.5316455696202532;-0.2;-0.352962169878658;0.6666666666666666;0.0;-0.42589118198874293;1.0;0.03677597303095312
0.7058823529411764;0.19642857142857142;0.5984555984555985;0.7058823529411765;0.35000000000000003;-0.1308411214953271;0.3347457627118644;-0.8553459119496856;0.0;0.8295543393275995;1.326;-0.0285714285714286;0.9803921568627451;0.6347923055478111;12;0.7754716981132074;0.39062499999999994;0.5680000000000001;0.5680000000000001;0.1607142857142857;0.17857142857142855;0.125;0.17857142857142855;0.17857142857142855;0.7200000000000001;1.1851851851851851;1.2;0.6666666666666666;-0.25;0.0;-0.25;-0.5;-0.2222222222222222;-0.2727272727272727;-0.5555555555555556;0.07761793241886926;0.949942834418651;0.51326164874552;-0.23488181924379894;-0.3056897477187332;-0.0018372100652864864;0.5342465753424657;0.0;0.32069672131147536;0.7678571428571428;0.19230769230769232;-0.515372855444199;0.17307692307692307;0.19642857142857142;0.15384615384615385;-0.264113449552886;0.057692307692307696;0.19642857142857142;0.12500497156266155;-0.287850185003398;0.038461538461538464;0.17647058823529416;0.31487616343271785;0.07338535613481639;0.12078658831310889;0.15016233766233772;1.75;0.7144;0.09057214097985034;2.0;0.7195407685098406;-0.17217800694989358;1.25;-0.3333333333333333;0.0;-0.5714285714285714;-0.7305848513902204;-0.6777709621101309;0.08333333333333333;-1.1428571428571428;-0.7839571526437068;0.08333333333333333;0.2936006591595716;-0.5818181818181819;-0.9807692307692306;0.11208942653701866;0.6697674418604651;0.09090909090909091;-0.058823529411764705;-0.4280652019844082;0.3581395348837209;0.0;0.0;0.0;0.4;0.3;-0.4692485483961892;0.5189873417721519;0.4;-0.5413990007137758;-1.3333333333333333;-1.0;0.2961225766103815;-0.2;0.033098375727857815
0.7352941176470588;0.25;0.6254826254826256;0.7352941176470588;0.016666666666666666;-0.24299065420560748;0.3389830508474576;-0.8805031446540881;-0.125;0.8475371383893666;1.353;0.0285714285714286;0.9852941176470588;0.6308893225536654;12;0.7943396226415093;0.4114583333333333;0.6000000000000001;0.5680000000000001;0.19642857142857142;0.1607142857142857;0.17857142857142855;0.10714285714285714;0.14285714285714285;0.7490909090909091;0.5925925925925926;1.6;1.0;0.0;1.5;0.0;-0.25;-0.4444444444444444;-0.45454545454545453;-1.0;-0.8277015724322515;0.6377690510513496;0.5212083973374297;-0.44577703360461046;-0.2820719269994631;-0.07375086119221803;0.5753424657534247;0.0;0.22540983606557374;0.6589285714285715;0.2179423076923077;0.0;0.17307692307692307;0.25;0.1758269230769231;-0.044440429952127256;0.057692307692307696;0.25;0.1335361730899256;-0.17367665936721277;0.038461538461538464;0.17647058823529416;0.7113109323237101;0.30487891653423776;0.18148515607112856;0.7637987012987013;1.75;0.7144;0.09057214097985034;2.0;0.6694001874414246;-0.16343459253446926;1.25;-0.16666666666666666;0.18181818181818182;-0.5714285714285714;-0.6391818472355385;-0.6494597272684379;0.08333333333333333;-1.1428571428571428;-0.7303979572772;0.08333333333333333;0.29662180719582537;-0.5575757575757576;0.019230769230769232;0.11208942653701866;0.5922480620155038;-0.18181818181818182;-0.23529411764705882;-0.47918143160878807;0.3441860465116279;0.0;0.0;0.0;0.6;0.1;-0.4692485483961892;0.569620253164557;0.6;0.0;-1.0;0.16666666666666666;0.2182614133833646;-1.2;0.02911431198283787
0.7647058823529411;0.125;0.638996138996139;0.7466063348416289;-0.9833333333333334;-0.411214953271028;0.3516949152542373;-0.8805031446540881;0.0;0.8639562157935887;1.37;-0.0285714285714286;0.9901960784313726;0.628937831056593;12;0.8103773584905659;0.41666666666666663;0.632;0.6000000000000001;0.25;0.19642857142857142;0.1607142857142857;0.17857142857142855;0.25;0.8;0.14814814814814814;0.8;1.3333333333333333;0.0;1.5;-0.125;0.0;-0.2222222222222222;-0.7272727272727273;-0.8888888888888888;-1.211107393777183;0.10707361932693725;0.45534050179211494;-0.5336240800591878;-0.3813741277509393;-0.14658311735179283;0.6575342465753424;0.0;0.0;0.42321428571428554;0.2051346153846154;0.3380329539663665;0.13461538461538464;0.25;0.1675769230769231;-0.022039562821786627;0.057692307692307696;0.25;0.12359304776677406;-0.2845276749981121;0.038461538461538464;0.17647058823529416;0.4215175895251615;0.4829581841037925;0.2657406700755553;1.646103896103896;0.75;0.48580000000000007;0.6261877485005727;2.0;0.48523898781630737;0.08922766505997089;1.25;-0.0555;0.2727272727272727;-0.5714285714285714;-0.42612123149035896;-0.750247723304865;0.25;-1.1428571428571428;-0.6770878744472816;0.08333333333333333;0.2749244712990937;-1.8181818181818186;-1.0;0.1298522318352348;0.5131782945736434;0.0;0.058823529411764705;-0.4972537207654146;0.3395348837209302;0.0;0.0;0.0;-1.4;-1.0;0.30328654377360603;0.4556962025316456;-1.4;0.3551034975017845;-2.6666666666666665;-0.8333333333333334;0.040337711069418386;-2.0;0.024517315353968727
0.7941176470588235;0.125;0.6525096525096525;0.7941176470588235;-1.9833333333333334;-0.616822429906542;0.3686440677966102;-0.779874213836478;0.375;0.8795934323690382;1.377;-0.2142857142857144;0.9926470588235294;0.6269863395595197;12;0.8415094339622641;0.43229166666666663;0.64;0.632;0.125;0.25;0.19642857142857142;0.05357142857142857;0.03571428571428571;0.8072727272727273;-1.037037037037037;0.2;0.6666666666666666;-0.25;1.5;0.0;-0.125;0.0;-0.5454545454545454;-0.2222222222222222;-1.240883238541318;-0.6844957001540986;0.34965693804403514;-0.3108913204314474;-0.3813741277509393;-0.05918440996030298;0.6575342465753424;0.0;-0.7745901639344263;0.0142857142857143;0.17948076923076925;0.5177509767283847;0.13461538461538464;0.25;0.17857692307692308;-0.3363743112636618;0.13461538461538464;0.25;0.13069243924750423;-0.42467718794834997;0.057692307692307696;0.17647058823529416;-0.16106641426092455;0.4762221009938095;0.30440865959449487;2.189123376623377;0.0;0.11440000000000002;1.3572343149807937;2.0;0.20079662605435802;0.4846990247730075;1.25;0.11116666666666668;0.2727272727272727;-0.14285714285714285;-0.18259294769361883;-0.6977775680649273;0.3333333333333333;-0.7142857142857143;-0.6770878744472816;0.08333333333333333;0.2576215325460039;-1.1878787878787882;0.5;0.01531276318811738;0.4728682170542635;0.09090909090909091;0.0;-0.4972537207654146;0.35348837209302325;0.0;0.0;0.0;0.0;0.7;0.21850160662946033;0.4177215189873418;0.0;0.54389721627409;-2.0;0.3333333333333333;0.0;-2.6;0.021759117376647263
0.8235294117647058;0.0;0.6525096525096525;0.823529411764706;-1.9833333333333334;-0.8785046728971962;0.3771186440677966;-0.10062893081761007;0.5;0.8983580922595777;1.387;-0.4142857142857144;0.9950980392156863;0.6269863395595197;12;0.8499999999999998;0.45312499999999994;0.664;0.64;0.125;0.125;0.25;0.125;0.08928571428571427;0.8254545454545454;-1.9259259259259258;-1.4;0.16666666666666666;0.75;1.0;0.375;0.0;-0.1111111111111111;-0.2727272727272727;-0.5555555555555556;-0.7387085981933756;-1.1837749167370881;0.2435637480798773;-0.38207234920758537;-0.3196457326892108;-0.002362127226796878;0.6575342465753424;0.0;-0.7745901639344263;-0.005357142857143061;0.08975;0.5177509767283847;0.0;0.125;0.15934615384615386;0.2987986631740583;0.0;0.25;0.12359304776677406;-0.21505701125122698;0.0;0.17647058823529416;-0.6278592837987065;0.23305898816441753;0.2723549314406369;0.8750000000000001;-2.0;-0.39999999999999997;1.7569917110317406;2.0;-0.08388003748828493;0.7678511377648246;1.25;0.38883333333333336;0.36363636363636365;0.0;0.0;-0.5890624262728261;0.3333333333333333;-0.5714285714285714;-0.6058416889829981;0.08333333333333333;0.2631145289755562;0.0;0.9423076923076923;0.3852691218130312;0.5891472868217054;-0.09090909090909091;-0.17647058823529413;-0.544029057406095;0.34883720930232553;0.0;0.0;0.0;-1.4;-0.7;-0.027510006201025956;0.4177215189873418;-1.4;0.54389721627409;-0.3333333333333333;0.8333333333333334;0.3405253283302064;-1.2;0.02053325160894881
0.8529411764705882;0.0;0.6525096525096525;0.8529411764705882;-2.316666666666667;-1.1308411214953271;0.3771186440677966;-0.025157232704402517;0.375;0.9147771696637998;1.402;-0.5;0.9975490196078431;0.6269863395595197;12;0.8499999999999998;0.4635416666666666;0.6960000000000001;0.664;0.0;0.125;0.125;0.17857142857142855;0.1607142857142857;0.8581818181818183;-2.074074074074074;-2.6;-1.1666666666666667;1.25;0.5;0.5;0.375;0.0;-0.45454545454545453;-1.5555555555555556;-0.4218802275008363;-1.4488243773922556;0.11928315412186405;-0.6780109808808068;-0.48854893540883865;-0.14028411141366742;0.7945205479452055;0.0;-0.7745901639344263;-0.06428571428571435;0.04486538461538462;0.5177509767283847;0.0;0.125;0.13186538461538463;0.6192755848613493;0.0;0.25;0.1108061886012011;-0.041380351884014066;0.0;0.17647058823529416;-1.2653415365199558;-0.11674296150470807;0.20590704418835382;0.18344155844155843;-3.5;-1.0572000000000001;1.944335871689467;2.0;-0.4018275538894096;1.060195045398498;1.25;0.5555;0.6363636363636364;0.0;0.21306061574517948;-0.6758835464540179;0.5;-0.5714285714285714;-0.392352245126736;0.25;0.27025542433397426;-0.5818181818181819;-0.4615384615384615;-0.030625526376234488;0.627906976744186;-0.2727272727272727;-0.17647058823529413;-0.45543940467753363;0.3302325581395349;0.0;0.0;0.0;0.0;0.7;-0.027510006201025956;0.4177215189873418;0.0;0.54389721627409;-1.0;-0.3333333333333333;0.0;-0.6;0.019000919399325772
0.8823529411764706;0.0;0.6525096525096525;0.8823529411764706;-2.316666666666667;-1.3738317757009346;0.3855932203389831;0.07547169811320754;0.5;0.9304143862392493;1.403;-0.7714285714285715;1.0;0.6269863395595197;12;0.8660377358490566;0.4635416666666666;0.7120000000000001;0.6960000000000001;0.0;0.0;0.125;0.1607142857142857;0.14285714285714285;0.8872727272727273;-2.5185185185185186;-2.8;-2.1666666666666665;1.75;0.0;0.375;0.5;0.3333333333333333;-0.2727272727272727;-0.7777777777777778;-0.4038139846102375;-1.1911318785107126;-0.00385048643113135;-0.6780109808808068;-0.6089640365002682;-0.15458810406482718;0.8356164383561644;0.0;-0.7745901639344263;-0.16428571428571445;0.0;-0.8551044674706979;0.0;0.0;0.10713461538461538;0.7880046969560112;0.0;0.25;0.09943125323151573;0.0900098165068338;0.0;0.17647058823529416;-1.2653415365199558;-0.5739427432935651;0.1080159759851434;0.04139610389610393;-3.75;-1.7713999999999999;1.6127771413168002;0.6666666666666666;-0.7029053420805998;1.2689160408026006;1.25;0.6111666666666666;0.6363636363636364;0.0;0.3956535634387983;-0.7123106686169963;0.5833333333333334;-0.5714285714285714;-0.2857320794668992;0.25;0.27574842076352657;0.024242424242424163;0.4807692307692307;-0.3475997243702626;0.6294573643410852;-0.09090909090909091;0.058823529411764705;-0.5302976612331679;0.3302325581395349;0.0;0.0;0.0;0.0;0.0;-0.027510006201025956;0.5063291139240507;0.0;-0.8982869379014988;0.0;0.5;-0.30925578486554095;-0.4;0.016549187863928894
0.9117647058823529;0.0;0.6525096525096525;0.9117647058823529;-2.316666666666667;-1.6728971962616823;0.3474576271186441;-0.050314465408805034;-0.75;0.9483971853010165;1.34;-2.0000000000000004;1.0;0.6269863395595197;12;0.8849056603773585;0.4739583333333333;0.7120000000000001;0.7120000000000001;0.0;0.0;0.0;0.19642857142857142;0.17857142857142855;0.9236363636363637;-2.5185185185185186;-3.4;-2.3333333333333335;0.75;-0.5;0.5;0.375;0.4444444444444444;-0.09090909090909091;-0.7777777777777778;-0.008029441284710613;-0.8238803002435753;-0.1255094726062465;-0.12180211050971537;-0.7120236178207192;-0.2642957908205111;0.8493150684931507;0.0;-0.7745901639344263;-0.31785714285714295;0.0;-0.8551044674706979;0.0;0.0;0.07692307692307693;0.704182097371511;0.0;0.25;0.08523247027005527;0.15887638752548536;0.0;0.17647058823529416;-1.2653415365199558;-1.0658665591423353;0.0002035157343102768;-0.661525974025974;-4.5;-2.3714;1.1208302446256484;-0.3333333333333333;-0.9875820056232427;1.4245039793745098;1.25;0.0555;-0.18181818181818182;0.0;0.21306061574517948;-0.42259236540367123;0.16666666666666666;-0.5714285714285714;-0.3567291523945943;0.25;0.33232628398791547;0.024242424242424163;-0.0;-0.3390245769849169;0.6682170542635658;-1.0909090909090908;-0.7058823529411765;-0.1135719347980156;0.2883720930232558;0.0;0.0;0.0;0.0;0.0;-0.938722588646485;0.5063291139240507;0.0;-0.8982869379014988;0.0;0.0;-0.2454659161976235;0.2;0.016549187863928894
0.9411764705882353;0.0;0.6525096525096525;0.9411764705882352;-2.65;-1.9906542056074767;0.3983050847457627;0.07547169811320754;0.625;0.965598123534011;1.353;-2.128571428571429;1.0;0.6269863395595197;12;0.8962264150943396;0.4270833333333333;0.7280000000000001;0.7120000000000001;0.0;0.0;0.0;0.25;0.10714285714285714;0.9454545454545454;-2.5185185185185186;-3.4;-2.8333333333333335;0.0;0.0;-0.75;0.5;0.3333333333333333;-0.18181818181818182;-1.0;-0.41853462696554017;-0.5385494855097681;-0.26937019969278003;0.11479303765429698;-0.6978887099660045;-0.2898855024441455;0.8493150684931507;0.0;-0.7745901639344263;-0.542857142857143;0.0;-0.8551044674706979;0.0;0.0;0.038461538461538464;-0.051666516123204845;0.0;0.125;0.07670126874279122;0.23952276674469536;0.0;0.17647058823529416;-1.2653415365199558;-1.3373971205616564;-0.1384924571980972;-0.19277597402597396;-4.5;-2.9427999999999996;0.3822359997304399;-3.0;-1.3221649484536084;1.565743750700594;1.25;0.16666666666666666;-0.18181818181818182;0.14285714285714285;0.3956535634387983;-0.39352616429953297;0.16666666666666666;-0.42857142857142855;-0.1965497913682506;0.25;0.2831639659434222;-0.6060606060606062;-0.5;-0.3212617716867009;0.627906976744186;0.8181818181818182;1.1764705882352942;0.29792700212615164;0.33488372093023255;0.0;0.0;0.0;0.0;0.0;-0.938722588646485;0.5063291139240507;0.0;-0.8982869379014988;-0.6666666666666666;-0.3333333333333333;-0.42589118198874293;-0.2;0.02666258044744102
0.9705882352941176;0.0;0.6525096525096525;0.9705882352941175;-2.65;-1.3364485981308412;0.3432203389830509;-0.1761006289308176;-1.125;0.9827990617670055;1.454;-1.0000000000000002;0.9975490196078431;0.6269863395595197;12;0.9094339622641509;0.4895833333333333;0.656;0.7280000000000001;0.0;0.0;0.0;0.125;0.17857142857142855;0.9818181818181819;-2.814814814814815;-3.4;-2.8333333333333335;-2.0;0.0;0.625;-0.75;0.4444444444444444;-0.09090909090909091;-1.3333333333333333;-0.8778855804616928;-0.47730774966446315;-0.3943061955965179;0.26883688329893696;-0.6216675612810878;-0.4825301007184804;0.904109589041096;0.0;-0.7745901639344263;-0.8839285714285715;0.0;-0.8551044674706979;0.0;0.0;0.019230769230769232;-0.32987083370969206;0.0;0.125;0.06250248578133079;0.2494902967605529;0.0;0.17647058823529416;-1.2653415365199558;-1.5884348094210288;-0.2743900887837391;0.15016233766233772;-4.5;-3.3427999999999995;0.03612103241458316;-5.0;-1.6904873477038427;1.6939804954601503;1.25;-0.5555;-0.45454545454545453;0.14285714285714285;0.12165761159049748;-0.050393998018213634;-0.08333333333333333;-0.42857142857142855;-0.23217288410039236;0.08333333333333333;0.35265037077725914;-0.6060606060606062;0.0;-0.3212617716867009;0.5875968992248062;-1.4545454545454546;-1.5294117647058822;0.5570517363571935;0.31627906976744186;0.0;0.0;0.0;0.0;0.0;-0.938722588646485;0.5063291139240507;0.0;-0.8982869379014988;-0.6666666666666666;0.0;-0.42589118198874293;-0.6;0.024517315353968727
0.9999999999999999;0.0;0.6525096525096525;0.9999999999999999;-2.65;-0.5794392523364486;0.461864406779661;0.3018867924528302;2.375;1.0;1.456;-1.2857142857142858;0.9975490196078431;0.6269863395595197;12;0.9377358490566038;0.42187499999999994;0.752;0.656;0.0;0.0;0.0;0.125;0.05357142857142857;0.9927272727272727;-3.111111111111111;-3.8;-2.8333333333333335;-3.5;-0.5;-1.125;0.625;-0.6666666666666666;0.18181818181818182;-1.1111111111111112;0.0642355302776849;-0.3894218819903566;-0.475985663082437;1.3245590124995137;0.20799785292538908;-0.26127751714182607;0.9726027397260275;0.0;-0.7745901639344263;-1.8392857142857144;0.0;-0.8551044674706979;0.0;0.0;0.0;-1.285882034143257;0.0;0.0;0.0582468281430219;0.2941931586498528;0.0;0.17647058823529416;-1.2653415365199558;-1.5884348094210288;-0.4594367702052965;-0.2556818181818181;-5.0;-3.5427999999999997;-0.07008558528202714;-5.333333333333333;-2.025070290534208;1.7578746777267125;1.25;0.8333333333333334;-0.45454545454545453;2.142857142857143;0.6087141791839779;0.5884962015759918;-0.08333333333333333;1.5714285714285714;0.1948060036121318;0.08333333333333333;0.25157923647349634;0.6545454545454548;1.0;0.13842737922058035;0.6682170542635658;2.272727272727273;2.3529411764705883;1.1979978738483346;0.39069767441860465;0.0;0.0;0.0;0.0;0.0;-0.938722588646485;0.5063291139240507;0.0;-0.8982869379014988;0.3333333333333333;0.5;-0.2454659161976235;0.0;0.008887526815813646
0.0;0.9285714285714285;0.08494208494208495;0.0;0.016666666666666666;0.3364485981308411;0.0423728813559322;0.025157232704402517;0.875;0.0;0.307;0.5714285714285715;0.0;0.987733482018399;13;0.04905660377358492;0.052083333333333336;0.08000000000000002;0.08000000000000002;0.9285714285714285;0.9285714285714285;0.9285714285714285;0.9285714285714285;0.9285714285714285;0.16;0.2962962962962963;0.4;0.3333333333333333;0.25;0.5;0.875;0.875;0.7777777777777778;0.5454545454545454;0.2222222222222222;-0.5550351288056206;-1.4742754883929017;-1.2913056835637478;-0.7477901950858612;-1.3334227947754516;-1.4834158984285293;0.136986301369863;0.0;-0.7745901639344263;-1.8392857142857144;1.0;9.23424494649227;1.0;0.9285714285714285;1.0;9.444133321289854;1.0;0.9285714285714285;0.9999999999999998;7.7124518613607185;1.0;0.9215686274509803;-0.14986590944944014;-0.917577856312706;-1.1489989569818615;-0.37459415584415584;0.25;0.4286;-0.5102769728418357;0.0;0.48523898781630737;-0.5337966595673131;-0.25;1.1666666666666667;1.0;0.42857142857142855;1.4914243102162565;-0.5779266739017602;1.25;-0.14285714285714285;1.6894812231425549;1.4166666666666667;0.09255698983795665;-0.024242424242424163;-0.9423076923076923;0.2802235663425466;0.5860465116279069;-0.36363636363636365;0.058823529411764705;-0.5073529411764706;0.3209302325581395;0.0;0.0;0.0;-8.4;4.8;6.714696431591408;0.05063291139240511;1.2;0.6159885795860102;0.3333333333333333;-0.8333333333333334;0.3186366479049406;-0.4;0.7961998161201349
0.029411764705882353;0.17857142857142855;0.10424710424710425;0.029411764705882353;0.35000000000000003;0.35514018691588783;0.03813559322033898;0.10062893081761007;0.375;0.17826426896012515;0.524;0.4142857142857143;0.0;0.9849456370225811;13;0.04905660377358492;0.052083333333333336;0.08000000000000002;0.08000000000000002;0.9285714285714285;0.9285714285714285;0.9285714285714285;0.9285714285714285;0.9285714285714285;0.16;0.2962962962962963;0.4;0.3333333333333333;0.25;0.5;0.875;0.875;0.7777777777777778;0.5454545454545454;0.2222222222222222;-0.5550351288056206;-1.4742754883929017;-1.2913056835637478;-0.7477901950858612;-1.3334227947754516;-1.4834158984285293;0.1232876712328767;0.0;-0.7745901639344263;-1.8392857142857144;0.5961538461538461;9.23424494649227;0.19230769230769232;0.9285714285714285;0.5961538461538461;9.444133321289854;0.19230769230769232;0.9285714285714285;0.5823887364276339;7.7124518613607185;0.19230769230769232;0.9215686274509803;-0.14986590944944014;-0.917577856312706;-1.1489989569818615;-0.37459415584415584;0.5;0.5286;-0.5102769728418357;0.3333333333333333;0.602389878163074;-0.5337966595673131;0.0;0.8333333333333334;0.6363636363636364;0.42857142857142855;1.0653030787258975;-0.5779266739017602;0.9166666666666666;-0.14285714285714285;1.1912561499657472;1.0833333333333333;0.17220543806646532;-0.024242424242424163;-0.9423076923076923;0.2802235663425466;0.5860465116279069;-0.36363636363636365;0.058823529411764705;-0.5073529411764706;0.3209302325581395;0.0;0.0;0.0;-8.4;4.8;6.714696431591408;0.05063291139240511;1.2;0.6159885795860102;0.3333333333333333;-0.8333333333333334;0.3186366479049406;-0.4;0.7961998161201349
0.0588235294117647;0.2857142857142857;0.13513513513513514;0.058823529411764705;-0.31666666666666665;0.3364485981308411;0.0423728813559322;0.10062893081761007;0.125;0.30492572322126654;0.649;-0.1142857142857143;0.0;0.9804850850292723;13;0.04905660377358492;0.04687499999999999;0.08000000000000002;0.08000000000000002;0.17857142857142855;0.9285714285714285;0.9285714285714285;0.9285714285714285;0.9285714285714285;0.16;0.4444444444444444;0.4;0.3333333333333333;0.25;0.5;0.375;0.875;0.7777777777777778;0.5454545454545454;0.2222222222222222;-0.7678153228504515;-1.6007356961773624;-1.3434101382488475;-0.7680386277792922;-1.3566827697262478;-1.500475706177619;0.1232876712328767;0.0;-0.7745901639344263;-1.8392857142857144;0.5;6.862238831323253;0.19230769230769232;0.9285714285714285;0.5;6.921506638966669;0.19230769230769232;0.9285714285714285;0.4829574831961181;5.603564147096579;0.19230769230769232;0.9215686274509803;0.8035967818267864;-0.3441569222741396;-0.841486682439136;0.18344155844155843;0.5;0.2952;-0.13963205067726941;0.3333333333333333;0.3289597000937207;-0.2255352538953033;0.0;0.6111666666666666;0.45454545454545453;0.42857142857142855;0.7812932779375732;-0.535082338507998;0.75;-0.14285714285714285;0.8591891386934047;0.9166666666666666;0.15655039824224115;-1.2121212121212124;-0.9423076923076923;0.2802235663425466;0.5860465116279069;-0.18181818181818182;0.058823529411764705;-0.5073529411764706;0.3209302325581395;0.0;0.0;0.0;1.2;4.8;6.714696431591408;0.05063291139240511;1.2;0.6159885795860102;-1.3333333333333333;-0.8333333333333334;0.3186366479049406;-0.4;0.3827765859638369
0.08823529411764705;0.19642857142857142;0.1563706563706564;0.08823529411764705;-0.65;0.29906542056074764;0.05084745762711865;0.10062893081761007;-0.125;0.3948397185301016;0.739;-0.4714285714285714;0.0;0.9774184555338721;13;0.04905660377358492;0.052083333333333336;0.07200000000000001;0.08000000000000002;0.2857142857142857;0.17857142857142855;0.9285714285714285;0.9285714285714285;0.9285714285714285;0.16;-0.14814814814814814;0.6;0.3333333333333333;0.25;0.5;0.125;0.375;0.7777777777777778;0.5454545454545454;0.2222222222222222;-1.2505854800936766;-1.5536113734652286;-1.3239938556067585;-0.6199135547681166;-1.2348362855609232;-1.411108559430465;0.1232876712328767;0.0;-0.7745901639344263;-1.8392857142857144;0.23717307692307693;0.23713266519449627;0.19230769230769232;0.2857142857142857;0.4278846153846154;5.942371962785655;0.19230769230769232;0.9285714285714285;0.40838404327248135;4.7850185003398025;0.19230769230769232;0.9215686274509803;0.8764789398958824;-0.026802020824932885;-0.6712966496222238;0.5783279220779222;0.5;0.0786;0.0415122312824314;0.3333333333333333;0.07521087160262417;-0.07487949781414642;0.0;0.16666666666666666;0.2727272727272727;-0.14285714285714285;0.5326515393629487;-0.46694663332232356;0.5833333333333334;-0.14285714285714285;0.5684748084947375;0.75;0.15792364734962927;-0.6303030303030305;0.4615384615384615;-0.030625526376234488;0.5472868217054263;-0.09090909090909091;0.0;-0.4972537207654146;0.33488372093023255;0.0;0.0;0.0;-1.0;-1.1;4.731495574722362;0.5189873417721519;-1.0;0.24910778015703067;-0.6666666666666666;0.3333333333333333;0.0;-1.0;0.27030340177750534
0.11764705882352941;0.17857142857142855;0.17567567567567569;0.11764705882352941;-0.9833333333333334;0.21495327102803738;0.07203389830508475;0.12578616352201258;0.125;0.46364347146207974;0.776;-1.2000000000000004;0.0;0.9746306105380533;13;0.04905660377358492;0.06249999999999999;0.08000000000000002;0.07200000000000001;0.19642857142857142;0.2857142857142857;0.17857142857142855;0.9285714285714285;0.9285714285714285;0.16;-0.4444444444444444;-0.2;0.5;0.25;0.5;-0.125;0.125;0.3333333333333333;0.5454545454545454;0.2222222222222222;-1.2505854800936766;-1.5707113386687876;-1.3310394265232972;-0.2962501460223512;-0.8857577384147431;-1.1550802139037435;0.1232876712328767;0.0;-0.7745901639344263;-1.8392857142857144;0.23717307692307693;0.23713266519449627;0.19230769230769232;0.2857142857142857;0.3807692307692308;5.279378556589286;0.19230769230769232;0.9285714285714285;0.3596627291890387;4.230763422185305;0.19230769230769232;0.9215686274509803;0.3917021612241676;0.23277436493441822;-0.5320918873540409;0.5783279220779222;-0.5;-0.21140000000000003;0.38412291933418696;0.3333333333333333;-0.26452671040299913;0.2100661360833988;0.0;0.0555;0.2727272727272727;-0.42857142857142855;0.4687333546393949;-0.5392346529514465;0.5833333333333334;-0.14285714285714285;0.49374104751821646;0.75;0.10189508376819556;-1.2121212121212124;-0.4615384615384615;-0.3564811270193707;0.5472868217054263;0.18181818181818182;0.11764705882352941;-0.44817505315379164;0.35348837209302325;0.0;0.0;0.0;-0.2;0.4;0.3168160550200122;0.43037974683544306;-0.2;0.24910778015703067;-1.3333333333333333;-0.3333333333333333;-0.42589118198874293;-1.0;0.2126877106956788
0.14705882352941174;0.21428571428571427;0.19884169884169886;0.14705882352941177;-1.3166666666666667;0.12149532710280374;0.07203389830508475;0.07547169811320754;-0.25;0.5144644253322908;0.814;-1.585714285714286;0.0;0.9712851965430715;13;0.04905660377358492;0.08854166666666666;0.096;0.08000000000000002;0.17857142857142855;0.19642857142857142;0.2857142857142857;0.9285714285714285;0.9285714285714285;0.16;-1.037037037037037;-0.6;-0.16666666666666666;0.25;0.5;0.125;-0.125;0.1111111111111111;0.5454545454545454;0.2222222222222222;-1.2505854800936766;-1.504498682706169;-1.3037583205325136;-0.4082395545344808;-0.8123993558776167;-1.1012762048489224;0.1232876712328767;0.0;-0.7745901639344263;-1.8392857142857144;0.21153846153846156;-0.515372855444199;0.19230769230769232;0.21428571428571427;0.3557692307692308;4.698039924126094;0.19230769230769232;0.9285714285714285;0.33381060334884455;3.7447708223212266;0.19230769230769232;0.9215686274509803;0.47231424514907705;0.5308697611536729;-0.3722302780533719;0.41233766233766234;-1.0;-0.43800000000000006;0.5245636498416335;0.3333333333333333;-0.5299906279287724;0.32686918506893853;0.0;-0.11116666666666668;0.18181818181818182;-0.42857142857142855;0.31959092361776925;-0.5060161374038599;0.5;-0.14285714285714285;0.3193622719063337;0.6666666666666666;0.12551496841527054;-0.6303030303030305;0.4615384615384615;-0.3564811270193707;0.5472868217054263;-0.2727272727272727;-0.35294117647058826;-0.4096385542168675;0.3441860465116279;0.0;0.0;0.0;0.4;0.3;-0.14679519702350755;0.5189873417721519;0.4;-0.5413990007137758;-0.3333333333333333;0.5;-0.30925578486554095;-0.8;0.19307385841250382
0.1764705882352941;0.125;0.21235521235521237;0.13122171945701358;-1.3166666666666667;0.06542056074766354;0.09322033898305083;0.12578616352201258;0.0;0.5535574667709147;0.845;-1.8571428571428574;0.6617647058823529;0.9693337050459991;13;0.04905660377358492;0.08854166666666666;0.136;0.096;0.21428571428571427;0.17857142857142855;0.19642857142857142;0.9285714285714285;0.9285714285714285;0.16;-1.1851851851851851;-1.4;-0.5;0.25;0.5;-0.25;0.125;-0.1111111111111111;0.5454545454545454;0.2222222222222222;-0.4877885580461692;-1.268479395536114;-1.2065130568356373;-0.4082395545344808;-0.5867775988548934;-0.9357960696827533;0.1232876712328767;0.0;-0.7745901639344263;-1.8392857142857144;0.18590384615384617;0.0;0.13461538461538464;0.21428571428571427;0.32417307692307695;4.397796043717821;0.13461538461538464;0.9285714285714285;0.3011374935369685;3.493770293740089;0.13461538461538464;0.9215686274509803;0.25051269916390584;0.7406370816631483;-0.25973695591340407;-0.42735389610389607;-2.0;-0.6;0.5579890828222925;0.3333333333333333;-0.7197750702905342;0.35466875910772333;0.0;-0.0555;0.18181818181818182;-0.42857142857142855;0.27399595184830083;-0.5484829896663994;0.5;-0.14285714285714285;0.2660521890764153;0.6666666666666666;0.12276847020049436;-0.04848484848484854;0.4615384615384615;-0.045938289564351864;0.6217054263565891;0.18181818181818182;0.23529411764705882;-0.3768603827072997;0.3441860465116279;0.0;0.0;0.0;-1.0;-0.7;-0.14679519702350755;0.4683544303797469;-1.0;0.0;0.0;0.16666666666666666;-0.13602251407129456;0.0;0.1746858718970273
0.20588235294117646;0.05357142857142857;0.21814671814671815;0.20588235294117646;-0.31666666666666665;0.0;0.11864406779661017;0.12578616352201258;0.25;0.5840500390930414;0.885;-1.8428571428571432;0.6568627450980392;0.9684973515472537;13;0.04905660377358492;0.11458333333333334;0.136;0.136;0.125;0.21428571428571427;0.17857142857142855;0.9285714285714285;0.9285714285714285;0.16;-1.1851851851851851;-1.6;-1.1666666666666667;0.25;0.5;0.0;-0.25;0.1111111111111111;0.5454545454545454;0.2222222222222222;0.7387085981933758;-0.7936571059303078;-0.9722887864823345;0.0;-0.23394167113973863;-0.691840818870772;0.1232876712328767;1.155;0.0;-0.5767857142857145;0.14101923076923079;0.6767453711567861;0.057692307692307696;0.21428571428571427;0.18955769230769232;0.18065215427693973;0.057692307692307696;0.2857142857142857;0.26669450741757145;3.3835233708374233;0.057692307692307696;0.9215686274509803;-0.4557501183151918;0.48542491876378663;-0.20061563509628844;0.9784902597402599;-0.5;-0.6856;0.4412696273333782;0.3333333333333333;-0.6569821930646674;0.2918955274072413;0.0;0.0;0.18181818181818182;-0.2857142857142857;0.12165761159049748;-0.7874298117302885;0.5;-0.7142857142857143;0.28822320483278324;0.6666666666666666;0.14748695413347984;1.1151515151515152;0.923076923076923;0.34178087435877813;0.7333333333333333;0.2727272727272727;0.0;-0.34780297661233167;0.37209302325581395;-2.0;-2.0;1.0;-0.8;0.1;-0.08501042899825247;0.3924050632911393;-0.8;0.7109207708779445;2.3333333333333335;1.1666666666666667;0.575984990619137;1.6;0.16058841556849526
0.23529411764705882;0.10714285714285714;0.22972972972972974;0.2352941176470588;0.35000000000000003;0.028037383177570093;0.1313559322033898;0.1509433962264151;0.125;0.6082877247849882;0.946;-1.4142857142857146;0.6715686274509803;0.9668246445497628;13;0.04905660377358492;0.14583333333333334;0.17600000000000002;0.136;0.05357142857142857;0.125;0.21428571428571427;0.17857142857142855;0.9285714285714285;0.16;-0.14814814814814814;-1.6;-1.3333333333333333;0.5;0.5;0.25;0.0;-0.2222222222222222;0.18181818181818182;0.2222222222222222;1.9063231850117095;0.09912014713923548;-0.6466359447004606;-0.14407538647248938;-0.055376632671318635;-0.5100882516977788;0.1232876712328767;1.155;0.22540983606557374;-0.26428571428571435;0.10255769230769232;-0.14778325123152708;0.057692307692307696;0.125;0.17857692307692308;0.2709782314154096;0.057692307692307696;0.2857142857142857;0.2465298492622201;3.1799441214226385;0.057692307692307696;0.9215686274509803;-0.5423568386180786;0.12490216076468787;-0.1431224401536543;1.5982142857142856;0.5;-0.6856;0.4412696273333782;0.3333333333333333;-0.5039831302717901;0.32754175540858654;0.0;0.16666666666666666;0.36363636363636365;-0.2857142857142857;0.06093533610312133;-0.8512244609069034;0.5;-0.8571428571428571;0.27776047829607026;0.6666666666666666;0.20433946717934642;1.6969696969696972;0.4615384615384615;0.34178087435877813;0.8449612403100775;0.0;-0.23529411764705882;-0.4972537207654146;0.36279069767441857;0.0;2.0;1.0;0.6;0.7;0.04419640340492693;0.4936708860759494;0.6;-0.15524625267665954;1.3333333333333333;-0.5;0.31113195747342093;2.4;0.14434569414649093
0.2647058823529412;0.10714285714285714;0.2413127413127413;0.2647058823529411;0.6833333333333332;0.028037383177570093;0.15254237288135591;0.20125786163522014;0.25;0.6317435496481626;0.991;-1.2000000000000004;0.6887254901960784;0.9651519375522719;13;0.04905660377358492;0.16145833333333334;0.224;0.17600000000000002;0.10714285714285714;0.05357142857142857;0.125;0.2857142857142857;0.9285714285714285;0.16;0.4444444444444444;-0.2;-1.3333333333333333;-0.5;0.5;0.125;0.25;0.0;0.0;0.2222222222222222;1.180662428905989;0.6154993289257842;-0.42470046082949287;-0.2284957750866399;0.0920558239398819;-0.3072077687739903;0.1232876712328767;0.0;0.32069672131147536;-0.1142857142857144;0.09615384615384616;-0.26668931544080166;0.057692307692307696;0.10714285714285714;0.15109615384615385;-0.11633998735434921;0.057692307692307696;0.21428571428571427;0.2304020999880682;2.997206071131919;0.057692307692307696;0.9215686274509803;-0.31882000315507186;-0.11152486895472113;-0.08496781907451209;0.5783279220779222;1.0;-0.5142;0.7315856863670057;1.0;-0.33481724461105905;0.3970406905055487;0.5;0.2778333333333333;0.45454545454545453;-0.2857142857142857;0.091403004154682;-0.8263105742462135;0.5;-0.8571428571428571;0.2944510182474933;0.6666666666666666;0.193902773963197;-0.04848484848484854;-1.3846153846153846;0.34178087435877813;0.7705426356589147;0.18181818181818182;0.058823529411764705;-0.4972537207654146;0.3581395348837209;0.0;0.0;1.0;0.0;-0.3;-0.14679519702350755;0.5443037974683544;0.0;-0.2801570306923626;0.6666666666666666;-0.3333333333333333;0.0;1.4;0.12197364388599449
0.29411764705882354;0.08928571428571427;0.25096525096525096;0.2941176470588235;0.016666666666666666;0.018691588785046728;0.15254237288135591;0.12578616352201258;-0.25;0.6473807662236122;1.031;-0.9142857142857144;0.7083333333333334;0.9637580150543625;13;0.04905660377358492;0.1875;0.24800000000000003;0.224;0.10714285714285714;0.10714285714285714;0.05357142857142857;0.19642857142857142;0.9285714285714285;0.16;0.7407407407407407;0.6;-0.16666666666666666;-1.0;0.5;0.25;0.125;0.2222222222222222;-0.18181818181818182;0.2222222222222222;-0.4877885580461692;0.8403837550330566;-0.2787096774193546;-0.4082395545344808;0.007246376811594159;-0.20104327285850207;0.1232876712328767;0.0;0.32069672131147536;-0.037500000000000235;0.10898076923076923;-0.6590793273314081;0.09615384615384616;0.10714285714285714;0.13461538461538464;-0.18209737151115524;0.057692307692307696;0.21428571428571427;0.21538798075010934;2.8492033527146416;0.057692307692307696;0.9215686274509803;-0.3964347688909924;-0.32622565878418436;-0.03144318095092719;0.35998376623376627;1.0;-0.4286;0.7566547611025001;1.0;-0.30295220243673854;0.346149534805515;0.5;0.0555;0.18181818181818182;-0.2857142857142857;0.06093533610312133;-0.7900721936488465;0.5;-0.8571428571428571;0.21747524444167654;0.6666666666666666;0.20818456468003305;-0.6303030303030305;-0.4615384615384615;0.7491003751626985;0.6217054263565891;-0.2727272727272727;-0.35294117647058826;-0.4096385542168675;0.3441860465116279;0.0;0.0;0.0;-0.2;-0.1;-0.4692485483961892;0.4936708860759494;-0.2;-0.6923625981441827;-1.6666666666666667;-1.1666666666666667;0.690744215134459;-0.4;0.10726325467361322
0.32352941176470584;0.2857142857142857;0.28185328185328185;0.32352941176470584;-0.65;-0.056074766355140186;0.15677966101694918;-0.025157232704402517;-0.75;0.6630179827990618;1.06;-0.7857142857142858;0.7279411764705882;0.9592974630610538;13;0.04905660377358492;0.1875;0.28800000000000003;0.24800000000000003;0.08928571428571427;0.10714285714285714;0.10714285714285714;0.17857142857142855;0.9285714285714285;0.16;0.0;1.0;0.5;-2.0;0.5;-0.25;0.25;0.1111111111111111;0.0;0.2222222222222222;-1.240883238541318;0.6477108912859771;-0.1960471070148487;-0.7680386277792922;-0.07845768473787787;-0.1272924116662838;0.1232876712328767;0.0;0.22540983606557374;0.0;0.17307692307692307;1.2114829284864954;0.09615384615384616;0.2857142857142857;0.15109615384615385;0.34901996206304764;0.057692307692307696;0.2857142857142857;0.22111522093624464;2.6694857660650912;0.057692307692307696;0.9215686274509803;0.46521533364884043;-0.22736652356443154;0.08975043883080207;1.3676948051948052;1.0;-0.3714;0.6911516948581439;1.0;-0.3739456419868791;0.3252998542764263;0.5;-0.3333333333333333;-0.18181818181818182;-0.2857142857142857;-0.15212527964205816;-0.5699995281460861;0.16666666666666666;-0.8571428571428571;0.07024973531792988;0.3333333333333333;0.201043669321615;-1.1878787878787882;-0.44230769230769224;-0.06125105275246911;0.5488372093023255;-0.18181818181818182;0.0;-0.39821048901488304;0.3255813953488372;0.0;0.0;0.0;2.2;1.2;0.5626021759963921;0.6329113924050633;2.2;1.2726623840114204;-1.6666666666666667;0.0;0.4765478424015011;-1.8;0.09531106343855347
0.3529411764705882;0.10714285714285714;0.2934362934362934;0.35746606334841624;0.016666666666666666;-0.12149532710280374;0.1906779661016949;-0.07547169811320754;0.0;0.6763096168881938;1.086;-0.6571428571428573;0.7475490196078431;0.957624756063562;13;0.04905660377358492;0.19270833333333334;0.28800000000000003;0.28800000000000003;0.2857142857142857;0.08928571428571427;0.10714285714285714;0.21428571428571427;0.9285714285714285;0.16;-0.7407407407407407;0.0;0.8333333333333334;-2.25;0.5;-0.75;-0.25;0.2222222222222222;-0.2727272727272727;0.2222222222222222;0.14988290398126478;0.43356365263210234;-0.053333333333333025;-0.08956037537479074;-0.14161746287350138;0.0425182900823466;0.1232876712328767;0.0;0.0;0.0142857142857143;0.17307692307692307;1.2114829284864954;0.09615384615384616;0.2857142857142857;0.13461538461538464;0.2182278023665432;0.057692307692307696;0.2857142857142857;0.21067493934693549;2.5456467567771655;0.057692307692307696;0.9215686274509803;0.5286322763842876;-0.06702877066483227;0.1956803785392658;0.5101461038961039;-0.25;-0.14279999999999998;0.4989554552193542;1.0;-0.3437207122774133;0.2876359152561373;0.5;-0.44449999999999995;-0.18181818181818182;-0.5714285714285714;-0.091403004154682;-0.5794366064266505;0.16666666666666666;-0.8571428571428571;0.06078345892757054;0.3333333333333333;0.19719857182092837;1.1151515151515152;1.8269230769230769;0.7368501646122045;0.6604651162790697;0.45454545454545453;0.35294117647058826;-0.24645641389085754;0.36279069767441857;0.0;0.0;0.0;-2.0;-2.1;1.4370595862224471;0.5189873417721519;-2.0;1.2726623840114204;1.6666666666666667;1.6666666666666667;1.0184490306441527;0.2;0.08703646950658903
0.38235294117647056;0.07142857142857142;0.30115830115830117;0.38235294117647056;-0.31666666666666665;-0.18691588785046728;0.211864406779661;-0.07547169811320754;0.0;0.6935105551211883;1.105;-0.7;0.767156862745098;0.956509618065235;13;0.04905660377358492;0.23437499999999997;0.29600000000000004;0.28800000000000003;0.10714285714285714;0.2857142857142857;0.08928571428571427;0.125;0.9285714285714285;0.16;0.0;-1.0;0.0;-2.25;0.5;0.0;-0.75;-0.2222222222222222;-0.09090909090909091;0.2222222222222222;0.7387085981933758;0.026544713426455188;0.0811059907834103;0.1633892761185313;-0.0938450527822508;0.22938879958006644;0.1232876712328767;0.0;-0.7745901639344263;0.0142857142857143;0.16667307692307692;1.3290300662476642;0.07692307692307693;0.2857142857142857;0.12636538461538463;0.27314605726673297;0.057692307692307696;0.2857142857142857;0.19886250646303144;2.457449218455033;0.057692307692307696;0.9215686274509803;-0.4713677236157123;0.014942719574962534;0.28080083441451076;0.5101461038961039;-0.25;0.08580000000000002;0.1474492890356492;1.0;-0.3181818181818182;0.2535590180473042;0.5;-0.3333333333333333;-0.18181818181818182;-0.5714285714285714;-0.091403004154682;-0.5794366064266505;0.16666666666666666;-0.8571428571428571;0.05256274522015321;0.3333333333333333;0.1897830266410327;-0.04848484848484854;-0.923076923076923;0.6737615802771612;0.7333333333333333;0.18181818181818182;-0.23529411764705882;-0.32149184975194894;0.38139534883720927;0.0;0.0;0.0;-0.4;0.8;1.4512655730311739;0.35443037974683544;-0.4;1.3961456102783727;0.0;-0.8333333333333334;0.7764227642276423;1.2;0.08029420778424765
0.4117647058823529;0.08928571428571427;0.3108108108108108;0.4117647058823529;0.35000000000000003;-0.1588785046728972;0.2330508474576271;-0.050314465408805034;0.125;0.7021110242376857;1.127;-0.5428571428571429;0.7843137254901961;0.9551156955673257;13;0.04905660377358492;0.26041666666666663;0.36;0.29600000000000004;0.07142857142857142;0.10714285714285714;0.2857142857142857;0.05357142857142857;0.9285714285714285;0.16;0.0;0.0;-0.8333333333333334;-0.5;0.5;0.0;0.0;-0.6666666666666666;0.09090909090909091;0.2222222222222222;0.7387085981933758;0.026544713426455188;0.2123502304147467;-0.07912464467894553;0.10279119699409561;0.3929004953905714;0.1232876712328767;1.155;0.0;0.42321428571428554;0.09615384615384616;-0.515372855444199;0.07692307692307693;0.10714285714285714;0.13186538461538463;0.1954656309276486;0.07692307692307693;0.2857142857142857;0.1321043630433918;0.016008457298195253;0.057692307692307696;0.21568627450980393;-0.5540306041962455;-0.023955788524940232;0.16800223867307756;0.04139610389610393;0.5;0.2;0.17170968394096636;1.0;-0.30131208997188386;0.2694765160856406;0.5;0.0555;0.36363636363636365;-0.42857142857142855;-0.12165761159049748;-0.6022743358656162;0.16666666666666666;-0.8571428571428571;-0.05430653297627203;0.3333333333333333;0.2035155177149135;1.1151515151515152;0.923076923076923;0.06768241329147848;0.7333333333333333;0.18181818181818182;-0.058823529411764705;-0.47918143160878807;0.3674418604651163;-2.0;-2.0;1.0;0.2;0.3;0.34342409380461114;0.4936708860759494;0.2;-0.5413990007137758;1.0;0.5;0.0;0.8;0.07539074471345389
0.4411764705882353;0.1607142857142857;0.3281853281853282;0.4434389140271493;0.35000000000000003;-0.14018691588785046;0.25;0.025157232704402517;0.25;0.7099296325254105;1.145;-0.4285714285714287;0.8014705882352942;0.9526066350710893;13;0.2537735849056604;0.2864583333333333;0.4;0.36;0.08928571428571427;0.07142857142857142;0.10714285714285714;0.10714285714285714;0.17857142857142855;0.19636363636363638;0.4444444444444444;0.0;0.0;0.5;1.0;0.125;0.0;0.0;0.0;-0.2222222222222222;0.7387085981933758;0.30511507680071576;0.33507424475166436;-0.15560141739028852;0.24646627303632154;0.5005085135002133;0.136986301369863;1.155;0.22540983606557374;0.6589285714285715;0.11538461538461539;0.04382537795141837;0.07692307692307693;0.1607142857142857;0.1401153846153846;0.21425345497245052;0.07692307692307693;0.2857142857142857;0.13069243924750423;0.009665483651740551;0.057692307692307696;0.21568627450980393;-0.1460798233159806;-0.04511278195488724;0.06548118751430965;-0.04139610389610384;0.5;0.1714;0.1474492890356492;1.0;-0.3181818181818182;0.2535590180473042;0.5;0.16666666666666666;0.36363636363636365;-0.2857142857142857;-0.091403004154682;-0.5794366064266505;0.16666666666666666;-0.8571428571428571;-0.0719935230740487;0.3333333333333333;0.2018676187860478;-0.04848484848484854;-0.923076923076923;0.06768241329147848;0.7333333333333333;0.09090909090909091;-0.11764705882352941;-0.5815024805102764;0.36279069767441857;0.0;2.0;1.0;0.8;0.3;-0.26224702632617397;0.569620253164557;0.8;0.046038543897216275;-0.3333333333333333;-0.6666666666666666;-0.13602251407129456;0.6;0.0698743487588109
0.47058823529411764;0.21428571428571427;0.3513513513513513;0.47058823529411764;0.016666666666666666;-0.1308411214953271;0.25;0.0;-0.125;0.7177482408131353;1.166;-0.2714285714285714;0.8186274509803921;0.9492612210761076;13;0.3716981132075471;0.30729166666666663;0.44000000000000006;0.4;0.1607142857142857;0.08928571428571427;0.07142857142857142;0.10714285714285714;0.2857142857142857;0.2545454545454545;0.2962962962962963;0.6;0.0;1.0;-1.0;0.25;0.125;0.0;0.09090909090909091;-0.4444444444444444;-0.09166945466711275;0.5284088084704481;0.4115924219150029;-0.49826720143296604;0.2770620862408303;0.5082510416324926;0.1643835616438356;0.0;0.32069672131147536;0.7678571428571428;0.16667307692307692;0.3380329539663665;0.09615384615384616;0.21428571428571427;0.15659615384615386;0.3222834432300603;0.07692307692307693;0.2857142857142857;0.12500497156266155;-0.1274635656573283;0.057692307692307696;0.21568627450980393;0.3967502760687803;0.0016603021749960244;0.04609631382126224;-0.2556818181818181;0.5;0.05720000000000001;-0.014825796886582695;0.3333333333333333;-0.284676663542643;0.26454433359488844;0.5;0.11116666666666668;0.2727272727272727;-0.2857142857142857;-0.18259294769361883;-0.6190723352050207;0.16666666666666666;-0.8571428571428571;-0.10761661580619046;0.3333333333333333;0.22109310628948098;-0.024242424242424163;0.019230769230769232;0.059107265906132786;0.6604651162790697;-0.2727272727272727;-0.29411764705882354;-0.39821048901488304;0.3395348837209302;0.0;0.0;1.0;0.6;-0.1;-0.5941710355713399;0.5949367088607596;0.6;0.3551034975017845;-0.3333333333333333;0.0;-0.06504065040650399;-0.2;0.06558381857186638
0.5;0.14285714285714285;0.3667953667953668;0.5;0.016666666666666666;-0.12149532710280374;0.2669491525423729;0.0;0.0;0.7255668491008601;1.183;-0.17142857142857149;0.8406862745098039;0.9470309450794527;13;0.45660377358490556;0.30729166666666663;0.4720000000000001;0.44000000000000006;0.21428571428571427;0.1607142857142857;0.08928571428571427;0.08928571428571427;0.19642857142857142;0.2945454545454545;0.14814814814814814;0.4;0.5;-0.25;-2.0;-0.125;0.25;0.1111111111111111;-0.2727272727272727;-0.6666666666666666;-0.0749414519906321;0.5952179748471441;0.45771633384536636;-0.49826720143296604;0.17954911433172313;0.49788392769266115;0.2328767123287671;0.0;0.32069672131147536;0.7678571428571428;0.18590384615384617;-0.14778325123152708;0.15384615384615385;0.21428571428571427;0.1648269230769231;0.24496432119953024;0.07692307692307693;0.2857142857142857;0.12074931392435269;-0.1579702484331344;0.057692307692307696;0.21568627450980393;0.3226060892885313;-0.05592846469486027;0.04960696023811348;-0.2556818181818181;0.25;0.05720000000000001;-0.014825796886582695;0.3333333333333333;-0.23430178069353333;0.2607331016702164;0.5;0.0555;0.2727272727272727;-0.2857142857142857;-0.12165761159049748;-0.6260557731326383;0.16666666666666666;-0.8571428571428571;-0.08992962570841379;0.3333333333333333;0.21889590771766004;-0.024242424242424163;0.0;-0.7631881172957661;0.662015503875969;0.09090909090909091;0.17647058823529413;-0.4280652019844082;0.3395348837209302;0.0;0.0;0.0;-0.8;-0.7;0.04419640340492693;0.4936708860759494;-0.8;-0.15524625267665954;-0.3333333333333333;0.0;-0.7870544090056285;-0.2;0.06098682194299723
0.5294117647058824;0.07142857142857142;0.3745173745173745;0.5294117647058824;0.35000000000000003;-0.102803738317757;0.2711864406779661;-0.07547169811320754;-0.25;0.7333854573885847;1.205;0.0;0.9264705882352942;0.9459158070811258;13;0.4915094339622641;0.32812499999999994;0.4720000000000001;0.4720000000000001;0.14285714285714285;0.21428571428571427;0.1607142857142857;0.2857142857142857;0.17857142857142855;0.3309090909090909;0.0;0.2;0.3333333333333333;-1.5;-4.0;0.0;-0.125;0.2222222222222222;-0.6363636363636364;-0.4444444444444444;0.3218467714954837;0.40592533677983783;0.4662365591397851;-0.44577703360461046;-0.22088030059044544;0.47308159181129245;0.2328767123287671;0.0;0.22540983606557374;0.6589285714285715;0.15384615384615385;0.503821980635298;0.07692307692307693;0.21428571428571427;0.13186538461538463;-0.21353084635534283;0.07692307692307693;0.21428571428571427;0.11221811239708863;-0.13622291021671815;0.057692307692307696;0.21568627450980393;-0.30146710837671564;0.003273167144991941;0.04538400875117654;-0.04139610389610384;0.5;0.2858;-0.32886313093874253;0.3333333333333333;-0.06701030927835053;0.20715166461159054;0.5;-0.16666666666666666;0.18181818181818182;-0.5714285714285714;0.0;-0.8680224602463079;0.5;-0.8571428571428571;-0.1432397085383322;0.3333333333333333;0.2403185937929141;0.5333333333333334;0.44230769230769224;-0.3742439323175867;0.6976744186046511;-0.18181818181818182;-0.23529411764705882;-0.44817505315379164;0.3441860465116279;0.0;0.0;0.0;-0.8;0.0;-0.027510006201025956;0.40506329113924056;-0.8;0.5292648108493934;1.0;0.6666666666666666;-0.06504065040650399;0.6;0.057002758197977316
0.5588235294117647;0.19642857142857142;0.39575289575289574;0.5588235294117646;0.35000000000000003;-0.08411214953271028;0.288135593220339;0.4276729559748428;-0.125;0.743549648162627;1.225;0.1;0.9387254901960784;0.9428491775857255;13;0.5273584905660376;0.3333333333333333;0.504;0.4720000000000001;0.07142857142857142;0.14285714285714285;0.21428571428571427;0.10714285714285714;0.21428571428571427;0.3745454545454545;0.4444444444444444;0.0;0.16666666666666666;-0.25;-4.5;-0.25;0.0;-0.1111111111111111;-0.09090909090909091;-0.7777777777777778;0.7112746738039479;0.4500671074215839;0.4494418842805943;-0.44577703360461046;-0.3878153515834674;0.39500016403661325;0.3013698630136986;0.0;0.0;0.42321428571428554;0.1474423076923077;0.3380329539663665;0.07692307692307693;0.19642857142857142;0.14559615384615385;-0.09032607713846987;0.07692307692307693;0.21428571428571427;0.1108061886012011;-0.16280299025900466;0.057692307692307696;0.21568627450980393;-0.04006941157911349;0.12698939778468252;0.09499096898929002;-0.04139610389610384;0.5;0.3428;-0.357975604825123;0.3333333333333333;0.10028116213683223;0.06725703396480212;0.5;-0.16666666666666666;0.18181818181818182;-0.5714285714285714;-0.030467668051560665;-0.8578304157032985;0.5;-0.8571428571428571;-0.12555271844055554;0.3333333333333333;0.24553694040098878;0.5575757575757576;0.019230769230769232;-0.3650562744047163;0.7348837209302326;0.09090909090909091;0.11764705882352941;-0.47918143160878807;0.3441860465116279;0.0;0.0;0.0;1.4;1.1;0.49337617678561346;0.5443037974683544;1.4;0.3551034975017845;-0.3333333333333333;-0.6666666666666666;-0.06504065040650399;0.6;0.05240576156910817
0.5882352941176471;0.10714285714285714;0.4073359073359073;0.5882352941176471;0.35000000000000003;-0.12149532710280374;0.3177966101694915;0.025157232704402517;0.5;0.7607505863956217;1.241;0.0142857142857143;0.9485294117647058;0.9411764705882346;13;0.5566037735849055;0.35416666666666663;0.512;0.504;0.19642857142857142;0.07142857142857142;0.14285714285714285;0.07142857142857142;0.125;0.39999999999999997;0.2962962962962963;0.6;0.0;-0.25;-4.5;-0.125;-0.25;0.0;-0.09090909090909091;-0.5555555555555556;0.7112746738039479;0.45185663866381653;0.4253558627752179;0.009345430473891143;-0.2699051708713544;0.39368787113283693;0.38356164383561636;0.0;-0.7745901639344263;0.0142857142857143;0.13461538461538464;0.3699677254968574;0.07692307692307693;0.19642857142857142;0.15109615384615385;-0.19329780507632557;0.07692307692307693;0.21428571428571427;0.10937437855466729;-0.1579702484331344;0.057692307692307696;0.21568627450980393;0.09480990692538241;0.12006356585469978;0.13350632170749693;-0.2556818181818181;0.75;0.4572;-0.3382977289574769;0.6666666666666666;0.30107778819119024;-0.12801255464634015;0.5;0.0555;0.18181818181818182;0.0;0.091403004154682;-0.7209927806351156;0.5;-0.5714285714285714;-0.05430653297627203;0.3333333333333333;0.23592419664927222;0.5333333333333334;-0.019230769230769232;-0.7631881172957661;0.7348837209302326;0.36363636363636365;0.11764705882352941;-0.36684975194897235;0.37209302325581395;0.0;0.0;0.0;-1.0;-1.2;0.5626021759963921;0.5316455696202532;-1.0;0.3886509635974304;0.6666666666666666;0.5;-0.13602251407129456;0.4;0.04811523138216364
0.6176470588235294;0.17857142857142855;0.4266409266409266;0.6176470588235294;0.35000000000000003;-0.18691588785046728;0.2966101694915254;-0.050314465408805034;-0.375;0.6379984362783424;1.265;2.6;0.9583333333333334;0.9383886255924168;13;0.5943396226415093;0.39062499999999994;0.544;0.512;0.10714285714285714;0.19642857142857142;0.07142857142857142;0.08928571428571427;0.05357142857142857;0.4109090909090909;0.5925925925925926;0.4;0.5;0.5;-1.0;0.5;-0.125;-0.2222222222222222;0.0;-0.3333333333333333;0.3218467714954837;0.5578366555649452;0.4252739375320022;-0.2962501460223512;-0.40212918232241895;0.3091762081296548;0.4246575342465753;1.155;0.0;0.42321428571428554;0.17307692307692307;0.04382537795141837;0.11538461538461539;0.19642857142857142;0.1648269230769231;-0.26700388402131703;0.07692307692307693;0.21428571428571427;0.11931750387781888;-0.20176697123008372;0.07692307692307693;0.21568627450980393;0.009780722511437039;0.07423922582481429;0.1613370983744182;-0.2556818181818181;0.75;0.4572;-0.3382977289574769;0.6666666666666666;0.3680880974695408;-0.13787691962784446;0.5;0.0;0.09090909090909091;0.0;-0.030467668051560665;-0.656820648327278;0.4166666666666667;-0.5714285714285714;-0.1432397085383322;0.3333333333333333;0.2765723702279594;-0.024242424242424163;-0.44230769230769224;-0.3650562744047163;0.6976744186046511;-0.7272727272727273;-0.7647058823529411;-0.07937632884479091;0.3302325581395349;-2.0;-2.0;1.0;0.8;0.9;0.4694740402502958;0.4936708860759494;0.8;0.046038543897216275;-0.3333333333333333;-0.5;-0.2454659161976235;0.4;0.045050566962917565
0.6470588235294118;0.07142857142857142;0.4343629343629343;0.6470588235294117;0.6833333333333332;-0.205607476635514;0.3474576271186441;0.12578616352201258;0.875;0.794370602032838;1.28;-0.0428571428571429;0.9656862745098039;0.9372734875940898;13;0.6518867924528301;0.3645833333333333;0.6000000000000001;0.544;0.17857142857142855;0.10714285714285714;0.19642857142857142;0.1607142857142857;0.10714285714285714;0.4327272727272727;0.4444444444444444;0.8;0.3333333333333333;0.25;1.0;-0.375;0.5;-0.1111111111111111;0.09090909090909091;-0.4444444444444444;0.7534292405486788;0.7737734254610531;0.5254685099846391;0.08099373077372371;-0.059849704777240886;0.35353170827728764;0.49315068493150677;1.155;0.22540983606557374;0.6589285714285715;0.12821153846153846;0.18277560727025655;0.07692307692307693;0.17857142857142855;0.15109615384615385;-0.09791346761810146;0.07692307692307693;0.21428571428571427;0.11647377003539751;-0.16733368572075807;0.07692307692307693;0.21568627450980393;-0.1277804070042594;-0.05858494817485351;0.1549772316772242;-0.04139610389610384;1.25;0.5714;-0.168205404676865;1.3333333333333333;0.41822867853795687;-0.0802600605313306;0.75;0.44449999999999995;0.09090909090909091;0.42857142857142855;0.12165761159049748;-0.43240692681545806;0.4166666666666667;-0.14285714285714285;-0.03661954287849537;0.3333333333333333;0.24910738808019783;1.1151515151515152;0.9038461538461539;-0.06125105275246911;0.7348837209302326;0.8181818181818182;0.9411764705882353;0.14138908575478384;0.35348837209302325;0.0;2.0;1.0;-1.2;-1.0;0.30328654377360603;0.4810126582278481;-1.2;0.19200571020699508;1.0;0.6666666666666666;-0.13602251407129456;0.6;0.04045357033404842
0.676470588235294;0.125;0.44787644787644787;0.676470588235294;0.6833333333333332;-0.2523364485981308;0.326271186440678;0.12578616352201258;0.0;0.8123534010946052;1.302;-0.0571428571428572;0.9730392156862745;0.9353219960970165;13;0.6943396226415093;0.4270833333333333;0.56;0.6000000000000001;0.07142857142857142;0.17857142857142855;0.10714285714285714;0.21428571428571427;0.10714285714285714;0.45454545454545453;0.8888888888888888;0.6;0.6666666666666666;0.0;2.0;0.875;-0.375;0.4444444444444444;-0.18181818181818182;-0.3333333333333333;0.7534292405486788;0.8089675398916341;0.6014951356886842;0.08099373077372371;-0.20441939524065111;0.2952659033496277;0.49315068493150677;0.0;0.32069672131147536;0.7678571428571428;0.13461538461538464;0.16409036860879905;0.07692307692307693;0.17857142857142855;0.1373653846153846;-0.29807605455695063;0.07692307692307693;0.19642857142857142;0.11790558008193135;-0.17458279845956348;0.07692307692307693;0.21568627450980393;-0.3869695535573436;-0.08695239676478254;0.13426950571116025;-0.04139610389610384;1.25;0.6858000000000001;-0.168205404676865;1.3333333333333333;0.41822867853795687;-0.0802600605313306;0.75;0.22216666666666665;0.09090909090909091;0.42857142857142855;0.15212527964205816;-0.4424102297928563;0.4166666666666667;-0.14285714285714285;-0.0719935230740487;0.3333333333333333;0.28755836308706406;-0.024242424242424163;-0.9038461538461539;0.05022586325702478;0.7348837209302326;-0.7272727272727273;-1.0588235294117647;0.23688873139617286;0.35348837209302325;0.0;0.0;1.0;0.6;0.9;0.30328654377360603;0.4683544303797469;0.6;0.17237687366167026;-0.3333333333333333;-0.6666666666666666;-0.06504065040650399;0.6;0.037388905914802345
0.7058823529411764;0.23214285714285712;0.47297297297297297;0.7058823529411765;0.6833333333333332;-0.29906542056074764;0.3220338983050848;0.025157232704402517;-0.375;0.8295543393275995;1.328;0.0;0.9803921568627451;0.9316977976024532;13;0.732075471698113;0.40104166666666663;0.656;0.56;0.125;0.07142857142857142;0.17857142857142855;0.14285714285714285;0.08928571428571427;0.4727272727272727;0.7407407407407407;1.2;0.5;-0.25;-0.5;0.0;0.875;-0.3333333333333333;-0.09090909090909091;-0.7777777777777778;0.3395784543325529;0.7765571407267486;0.6551561699948799;-0.3571512012772089;-0.36455537663267124;0.13477248121780797;0.5068493150684932;0.0;0.32069672131147536;0.7678571428571428;0.15384615384615385;0.701885510446747;0.07692307692307693;0.23214285714285712;0.15109615384615385;-0.009755216330954794;0.07692307692307693;0.23214285714285712;0.12926062920097042;-0.1202144529185229;0.07692307692307693;0.21568627450980393;0.3356996371667453;0.04112805673489705;0.12679030247526016;-0.42735389610389607;1.25;0.8572;-0.27656850192061455;1.3333333333333333;0.5187441424554827;-0.041026790718529375;0.75;0.22216666666666665;0.09090909090909091;0.42857142857142855;0.06093533610312133;-0.39126126551219753;0.4166666666666667;-0.14285714285714285;-0.08992962570841379;0.3333333333333333;0.3155726448777809;0.5575757575757576;0.4615384615384615;-0.06125105275246911;0.6992248062015504;-0.36363636363636365;0.17647058823529413;0.1547661233167966;0.2930232558139535;0.0;0.0;0.0;1.2;0.3;0.4694740402502958;0.620253164556962;1.2;0.7373304782298359;0.3333333333333333;0.3333333333333333;-0.16166353971232017;0.2;0.03340484216978243
0.7352941176470588;0.08928571428571427;0.4826254826254826;0.7352941176470588;-0.31666666666666665;-0.4392523364485981;0.36016949152542377;0.12578616352201258;0.5;0.8475371383893666;1.341;-0.1428571428571429;0.9852941176470588;0.9303038751045438;13;0.7594339622641509;0.3958333333333333;0.616;0.656;0.23214285714285712;0.125;0.07142857142857142;0.07142857142857142;0.2857142857142857;0.530909090909091;0.8888888888888888;1.0;1.0;0.5;-3.0;-0.375;0.0;0.7777777777777778;-0.2727272727272727;-1.2222222222222223;-0.46938775510204067;0.3924044340607446;0.5621710189452126;-0.08956037537479074;-0.3792270531400965;-0.0035431908401954335;0.6164383561643836;0.0;0.22540983606557374;0.6589285714285715;0.16025;0.5591982333956175;0.09615384615384616;0.23214285714285712;0.15384615384615385;-0.06937042724234492;0.07692307692307693;0.23214285714285712;0.11364992244362247;-0.31956505323567164;0.07692307692307693;0.1568627450980392;0.20050481148446112;-0.011337491994971523;0.1537052583377851;1.1075487012987013;1.25;0.7144;0.05930318754633054;1.3333333333333333;0.5688847235238987;-0.15312184732653297;0.75;0.0555;0.09090909090909091;0.0;0.24352828379674016;-0.3772943896569623;0.4166666666666667;-0.14285714285714285;0.08793672541570655;0.5833333333333334;0.26448777808294427;-1.7939393939393944;-1.8653846153846152;0.7662506699333895;0.5860465116279069;0.5454545454545454;0.5294117647058824;0.006201275690999316;0.3581395348837209;0.0;0.0;0.0;-1.6;-1.4;0.7233778679745193;0.4810126582278481;-1.6;0.5874375446109923;-2.6666666666666665;-1.5;0.690744215134459;-1.2;0.028807845540913285
0.7647058823529411;0.23214285714285712;0.5077220077220078;0.7466063348416289;-2.316666666666667;-0.6728971962616822;0.3559322033898305;0.1509433962264151;0.125;0.8639562157935887;1.348;-0.3428571428571429;0.9901960784313726;0.9266796766099796;13;0.7839622641509433;0.4427083333333333;0.6080000000000001;0.616;0.08928571428571427;0.23214285714285712;0.125;0.19642857142857142;0.10714285714285714;0.5527272727272727;-0.2962962962962963;1.2;0.8333333333333334;0.25;-0.5;0.5;-0.375;0.0;-0.18181818181818182;-0.5555555555555556;-0.06155904984944774;-0.2180245563453797;0.4117562724014339;-0.08956037537479074;-0.48622293791375903;-0.1118073554017255;0.6849315068493151;0.0;0.0;0.42321428571428554;0.19871153846153847;0.7141158484797008;0.09615384615384616;0.23214285714285712;0.15934615384615386;0.06142173245415948;0.07692307692307693;0.23214285714285712;0.12359304776677406;-0.2286490976364871;0.07692307692307693;0.1568627450980392;0.20050481148446112;0.13913332226465217;0.2056017705868885;3.6400162337662345;1.25;0.2286;1.3402520385470715;1.3333333333333333;0.3179475164011247;0.4790942719426073;0.75;0.11116666666666668;0.09090909090909091;0.0;0.3044636198998615;-0.3982447034398152;0.4166666666666667;-0.14285714285714285;0.10587282805007164;0.5833333333333334;0.24855808843724259;-2.933333333333334;-0.9038461538461539;1.4678814792129242;0.36279069767441857;-0.36363636363636365;-0.6470588235294118;-0.1211020552799433;0.3581395348837209;0.0;0.0;0.0;1.6;1.6;1.0271153954563388;0.5063291139240507;1.6;0.7501784439685938;-4.333333333333333;-0.8333333333333334;1.4315196998123825;-4.0;0.02666258044744102
0.7941176470588235;0.19642857142857142;0.528957528957529;0.7941176470588235;-1.3166666666666667;-0.8411214953271028;0.3347457627118644;0.050314465408805034;-0.625;0.8795934323690382;1.366;-0.3714285714285715;0.9926470588235294;0.9236130471145803;13;0.80188679245283;0.43749999999999994;0.68;0.6080000000000001;0.23214285714285712;0.08928571428571427;0.23214285714285712;0.10714285714285714;0.07142857142857142;0.5672727272727273;-2.2222222222222223;-0.4;1.0;0.75;-0.5;0.125;0.5;-0.3333333333333333;0.2727272727272727;-0.5555555555555556;0.3198394111743059;-0.5109111696575036;0.30107526881720464;-0.3571512012772089;-0.5245124351404544;-0.26705160591844085;0.7534246575342465;0.0;-0.7745901639344263;0.0142857142857143;0.18590384615384617;0.5591982333956175;0.09615384615384616;0.23214285714285712;0.17307692307692307;0.04985999458043533;0.07692307692307693;0.23214285714285712;0.1335361730899256;-0.2615721513252283;0.07692307692307693;0.1568627450980392;0.6299100804543301;0.28172956049429565;0.25006995853366926;1.9788961038961042;-0.75;-0.14279999999999998;1.5297526787519373;1.3333333333333333;0.16729147141518275;0.6313193588162762;0.75;0.0;-0.09090909090909091;0.0;0.030467668051560665;-0.30783749351200873;0.25;-0.14285714285714285;0.016939652488011454;0.4166666666666667;0.30788244987640767;1.7212121212121214;3.692307692307692;2.2840517571395758;0.5875968992248062;-0.7272727272727273;-0.29411764705882354;0.006201275690999316;0.2930232558139535;0.0;0.0;0.0;-0.4;-1.0;0.8839280680985397;0.5822784810126582;-0.4;0.5874375446109923;2.0;3.1666666666666665;2.2926829268292686;-1.2;0.025436714679742567
0.8235294117647058;0.23214285714285712;0.5540540540540541;0.823529411764706;-1.6500000000000001;-1.0560747663551402;0.3898305084745763;0.22641509433962265;0.875;0.8983580922595777;1.375;-0.5857142857142859;0.9950980392156863;0.9199888486200161;13;0.8226415094339622;0.4114583333333333;0.672;0.68;0.19642857142857142;0.23214285714285712;0.08928571428571427;0.17857142857142855;0.08928571428571427;0.5854545454545454;-1.3333333333333333;-3.0;-0.3333333333333333;0.5;1.0;-0.625;0.125;0.4444444444444444;-0.36363636363636365;-0.4444444444444444;1.2271662763466042;-0.7608490331560374;0.2335688684075783;0.1633892761185313;-0.47208803005904443;-0.22886388241855582;0.8082191780821917;0.0;-0.7745901639344263;-0.005357142857143061;0.23717307692307693;-0.46271445558009155;0.21153846153846156;0.23214285714285712;0.18132692307692308;0.15716737422093757;0.07692307692307693;0.23214285714285712;0.14489122220896472;-0.24556369402703307;0.07692307692307693;0.1568627450980392;0.6299100804543301;0.530015891463675;0.300287465974713;0.643262987012987;-2.5;-0.5142;1.6475503740144213;1.3333333333333333;-0.050374882849109674;0.7644882860665846;0.75;0.16666666666666666;-0.09090909090909091;0.42857142857142855;0.33471822733567697;-0.22743358656160073;0.25;-0.14285714285714285;0.1235598181478483;0.4166666666666667;0.262565229332601;0.0;-1.3653846153846152;2.1921751780108725;0.7751937984496124;0.9090909090909091;1.0;0.20473068745570516;0.3581395348837209;0.0;0.0;0.0;0.4;0.4;0.19617791307289023;0.5063291139240507;0.4;-0.48608137044967875;-0.3333333333333333;-1.1666666666666667;2.2176360225140717;1.2;0.022372050260496462
0.8529411764705882;0.23214285714285712;0.5791505791505792;0.8529411764705882;-1.6500000000000001;-1.2523364485981308;0.36016949152542377;0.20125786163522014;-0.125;0.9147771696637998;1.391;-0.6571428571428573;0.9975490196078431;0.9163646501254528;13;0.8396226415094338;0.4791666666666666;0.632;0.672;0.23214285714285712;0.19642857142857142;0.23214285714285712;0.07142857142857142;0.1607142857142857;0.6181818181818182;-1.4814814814814814;-1.8;-2.5;1.25;0.5;0.875;-0.625;0.1111111111111111;0.5454545454545454;-0.3333333333333333;-0.05821344931415172;-0.6053586518864643;0.15918074756784473;0.15544566021572373;-0.4538378958668812;-0.3001213870935992;0.8082191780821917;0.0;-0.7745901639344263;-0.06428571428571435;0.23717307692307693;-0.46271445558009155;0.21153846153846156;0.23214285714285712;0.20603846153846156;-0.07478999187065316;0.09615384615384616;0.23214285714285712;0.1505786898938074;-0.19512195121951217;0.07692307692307693;0.1568627450980392;0.7854551191039595;0.7048694290932379;0.3763514716731538;-0.42735389610389607;-2.5;-0.9714;1.4890491272996833;1.3333333333333333;-0.2511715089034676;0.8655980271270037;0.75;0.0555;-0.09090909090909091;0.42857142857142855;0.091403004154682;-0.342188458453263;0.25;-0.14285714285714285;0.07024973531792988;0.4166666666666667;0.3070585004119748;-0.024242424242424163;-0.019230769230769232;0.483270806216982;0.6635658914728682;-0.9090909090909091;-1.2352941176470589;0.34319631467044653;0.34883720930232553;0.0;0.0;0.0;0.0;-0.2;-0.4877388804329443;0.5316455696202532;0.0;-0.48608137044967875;0.0;0.16666666666666666;0.39681050656660416;0.0;0.020839718050873424
0.8823529411764706;0.0;0.5791505791505792;0.8823529411764706;-1.6500000000000001;-1.439252336448598;0.40254237288135597;0.4025157232704403;1.0;0.9304143862392493;1.401;-0.8;1.0;0.9163646501254528;13;0.8594339622641508;0.4427083333333333;0.7360000000000001;0.632;0.23214285714285712;0.23214285714285712;0.19642857142857142;0.125;0.21428571428571427;0.6618181818181819;-1.4814814814814814;-2.0;-1.5;1.0;0.0;-0.125;0.875;-0.5555555555555556;-0.09090909090909091;-0.6666666666666666;-0.09166945466711275;-0.3422975592782226;0.07717357910906328;-0.05856469763638494;-0.2666845589550903;-0.29749680128604705;0.8630136986301371;0.0;-0.7745901639344263;-0.16428571428571445;0.16667307692307692;1.6949210124002037;0.0;0.23214285714285712;0.1868076923076923;0.5882034143257158;0.0;0.23214285714285712;0.1335361730899256;0.011175715472324979;0.0;0.1568627450980392;-0.08124309828048597;0.5537344939636157;0.40815080515912394;-0.661525974025974;-2.75;-1.4000000000000001;1.1696205943796751;1.3333333333333333;-0.4353327085285848;0.9445129469790383;0.75;0.7778333333333333;0.2727272727272727;0.5714285714285714;0.33471822733567697;-0.17515217288727428;0.25;0.0;0.23042909634427355;0.4166666666666667;0.2760230705850042;-0.04848484848484854;-0.019230769230769232;-0.7503253962177475;0.6604651162790697;0.6363636363636364;0.9411764705882353;0.3229092841956059;0.33488372093023255;0.0;0.0;0.0;-2.6;-1.3;0.8979085630531594;0.3417721518987342;-2.6;1.7805139186295507;0.0;0.0;-0.6066291432145091;0.2;0.018387986515476545
0.9117647058823529;0.0;0.5791505791505792;0.9117647058823529;-1.6500000000000001;-1.6728971962616823;0.2838983050847458;-0.10062893081761007;-2.625;0.9483971853010165;1.43;-0.7142857142857143;1.0;0.9163646501254528;13;0.8754716981132075;0.4947916666666666;0.68;0.7360000000000001;0.0;0.23214285714285712;0.23214285714285712;0.23214285714285712;0.14285714285714285;0.6909090909090909;-1.4814814814814814;-2.0;-1.6666666666666667;1.25;-0.5;1.0;-0.125;0.7777777777777778;-0.36363636363636365;-0.5555555555555556;-0.09166945466711275;0.05597256052095232;-0.012370711725550126;1.3521280323974927;0.17489711934156393;-0.35405662543879785;0.8767123287671232;0.0;-0.7745901639344263;-0.31785714285714295;0.08332692307692309;1.6949210124002037;0.0;0.23214285714285712;0.15109615384615385;0.9061512058531297;0.0;0.23214285714285712;0.12216123772024022;0.18273805029071974;0.0;0.1568627450980392;-1.2653415365199558;0.327174402884182;0.39008878373909267;-0.661525974025974;-2.75;-1.8572;0.32967181076891966;-1.3333333333333333;-0.6026241799437676;1.0072861786795204;0.75;-0.7778333333333333;-1.5454545454545454;0.5714285714285714;-0.21306061574517948;0.7598735431510405;-1.0833333333333333;0.0;-0.1432397085383322;-0.9166666666666666;0.44822850865146946;-0.024242424242424163;0.019230769230769232;-0.7631881172957661;0.6604651162790697;-2.8181818181818183;-2.2941176470588234;1.0536853295535082;0.23720930232558138;0.0;0.0;0.0;0.0;1.3;0.7538192682789332;0.3417721518987342;0.0;1.7805139186295507;0.0;0.0;-0.7870544090056285;0.2;0.016855654305853507
0.9411764705882353;0.0;0.5791505791505792;0.9411764705882352;-1.9833333333333334;-1.9345794392523366;0.3983050847457627;0.025157232704402517;0.625;0.965598123534011;1.441;-0.8714285714285716;1.0;0.9163646501254528;13;0.8962264150943396;0.3489583333333333;0.76;0.68;0.0;0.0;0.23214285714285712;0.08928571428571427;0.07142857142857142;0.7054545454545454;-1.4814814814814814;-2.0;-1.6666666666666667;-0.75;1.0;-2.625;1.0;-0.1111111111111111;0.2727272727272727;-0.7777777777777778;-0.46938775510204067;0.20987224735298513;-0.10240655401945695;1.6162922004594837;0.31570942923599926;-0.3728224139627965;0.9178082191780821;0.0;-0.7745901639344263;-0.542857142857143;0.0;-0.8551044674706979;0.0;0.0;0.1373653846153846;1.1417216150302592;0.0;0.23214285714285712;0.11647377003539751;0.2902665559163332;0.0;0.1568627450980392;-1.2653415365199558;-0.1450155356846374;0.30730875880841546;0.04139610389610393;-2.75;-2.1713999999999998;-0.1186063750926612;-3.6666666666666665;-0.8704311152764761;1.0711803609460822;0.75;-0.44449999999999995;-1.5454545454545454;0.5714285714285714;-0.18259294769361883;0.7770490256216674;-1.0833333333333333;0.0;-0.01868344024413029;-0.9166666666666666;0.29909365558912393;-0.6303030303030305;-0.4807692307692307;-0.3475997243702626;0.6232558139534883;2.1818181818181817;3.176470588235294;1.86206591070163;0.31627906976744186;0.0;0.0;0.0;0.0;0.0;0.7538192682789332;0.5063291139240507;0.0;-0.8982869379014988;-1.0;-0.5;-0.2454659161976235;-0.4;0.012258657676984364
0.9705882352941176;0.0;0.5791505791505792;0.9705882352941175;-1.6500000000000001;-1.205607476635514;0.38135593220338987;0.0;0.0;0.9827990617670055;1.456;-0.9714285714285716;0.9975490196078431;0.9163646501254528;13;0.9150943396226415;0.4895833333333333;0.536;0.76;0.0;0.0;0.0;0.23214285714285712;0.19642857142857142;0.7454545454545455;-1.9259259259259258;-2.0;-1.6666666666666667;-4.0;0.5;0.625;-2.625;0.8888888888888888;0.0;-0.6666666666666666;-0.4877885580461692;-0.2534175075806532;-0.16081925243215545;1.4117830302558314;0.3411164787976384;-0.4330566582461205;0.9178082191780821;0.0;-0.7745901639344263;-0.8839285714285715;0.0;-0.8551044674706979;0.0;0.0;0.10165384615384615;1.1081203143347484;0.0;0.23214285714285712;0.10086306327804954;0.37181907422789395;0.0;0.1568627450980392;-1.2653415365199558;-0.6180593439434549;0.2114019690147293;-0.04139610389610384;-2.75;-2.0856;-0.3242806119010715;-3.6666666666666665;-1.1047328959700093;1.0929268019280352;0.75;-0.8888333333333334;-1.5454545454545454;0.14285714285714285;-0.21306061574517948;0.7725192280469967;-1.0833333333333333;0.0;-0.0009964501463536161;-0.9166666666666666;0.33012908541609454;-0.04848484848484854;0.4615384615384615;-0.3475997243702626;0.6217054263565891;-0.6363636363636364;-1.8823529411764706;1.810152374202693;0.42790697674418604;0.0;0.0;0.0;0.0;0.0;-0.938722588646485;0.5063291139240507;0.0;-0.8982869379014988;0.3333333333333333;0.6666666666666666;-0.13602251407129456;-0.2;0.010726325467361325
0.9999999999999999;0.0;0.5791505791505792;0.9999999999999999;-1.9833333333333334;-0.40186915887850466;0.4067796610169492;0.1509433962264151;0.75;1.0;1.467;-1.128571428571429;0.9975490196078431;0.9163646501254528;13;0.930188679245283;0.46874999999999994;0.752;0.536;0.0;0.0;0.0;0.19642857142857142;0.10714285714285714;0.7672727272727273;-1.7777777777777777;-2.6;-1.6666666666666667;-2.5;1.5;0.0;0.625;-2.3333333333333335;-0.5454545454545454;-0.1111111111111111;-0.10839745734359313;-0.30392205597256045;-0.18359447004608262;-0.38207234920758537;0.3556092324208267;-0.37295364325317404;0.9178082191780821;0.0;-0.7745901639344263;-1.8392857142857144;0.0;-0.8551044674706979;0.0;0.0;0.07142307692307692;1.0058711950140002;0.0;0.23214285714285712;0.09233186175078549;0.46152684437061103;0.0;0.1568627450980392;-1.2653415365199558;-1.1222219586821944;0.07697982650283658;-0.2556818181818181;-3.25;-2.2285999999999997;-0.24152570927960104;-4.0;-1.4058106841611997;1.0761125434368344;0.75;0.6111666666666666;0.36363636363636365;0.2857142857142857;0.12165761159049748;0.7972443731420753;-1.0833333333333333;0.0;0.03462664258578813;-0.9166666666666666;0.3152979950563033;-0.04848484848484854;-0.0;-0.3564811270193707;0.6589147286821705;0.2727272727272727;0.5294117647058824;0.7690467753366406;0.3302325581395349;0.0;0.0;0.0;0.0;0.0;-0.938722588646485;0.5063291139240507;0.0;-0.8982869379014988;-0.6666666666666666;-0.5;-0.13602251407129456;0.0;0.008581060373889088
